Open,High,Low,Close,Volume,Date
9.670817503438553,9.712712367658836,9.670817503438553,9.698747634887695,8372,2020-01-02 00:00:00+11:00
9.698747810379155,9.789520905708054,9.698747810379155,9.768572807312012,27724,2020-01-03 00:00:00+11:00
9.733657574925841,9.817448616027832,9.719692845346648,9.817448616027832,31460,2020-01-06 00:00:00+11:00
9.8523632471019,9.97106647491455,9.761590151368292,9.97106647491455,62975,2020-01-07 00:00:00+11:00
9.943138853574949,9.95012155483463,9.859348436179923,9.908226013183594,81857,2020-01-08 00:00:00+11:00
10.026926119857967,10.026926119857967,9.901240866217428,10.012961387634277,46053,2020-01-09 00:00:00+11:00
9.978046417236328,9.998993844030611,9.964081688009035,9.978046417236328,28874,2020-01-10 00:00:00+11:00
9.950119042331988,9.98503187390751,9.929171609749424,9.97106647491455,66967,2020-01-13 00:00:00+11:00
10.01994128557827,10.054853439331055,9.705726574550022,10.054853439331055,149755,2020-01-14 00:00:00+11:00
10.054856742092138,10.11769970494008,9.943136215209961,9.943136215209961,82228,2020-01-15 00:00:00+11:00
10.278298637692039,10.278298637692039,10.138647976698984,10.17356014251709,36557,2020-01-16 00:00:00+11:00
10.327175114486202,10.327175114486202,10.24338472671857,10.306227684020996,53888,2020-01-17 00:00:00+11:00
10.30622731632748,10.30622731632748,10.222436931549222,10.24338436126709,45815,2020-01-20 00:00:00+11:00
10.22941806868376,10.2852783203125,10.17355781705502,10.2852783203125,54774,2020-01-21 00:00:00+11:00
10.29924318487696,10.320190611680463,10.257347665363262,10.31320858001709,67772,2020-01-22 00:00:00+11:00
10.320192337036133,10.348122466079129,10.285279509255686,10.320192337036133,19422,2020-01-23 00:00:00+11:00
10.348120736054032,10.396998953137794,10.31320858001709,10.31320858001709,35586,2020-01-24 00:00:00+11:00
10.159596486111392,10.271317026746267,10.159596486111392,10.201491355895996,39949,2020-01-28 00:00:00+11:00
10.299244219504514,10.376051902770996,10.201488441423463,10.376051902770996,42137,2020-01-29 00:00:00+11:00
10.292262747655677,10.292262747655677,10.215455055236816,10.215455055236816,37746,2020-01-30 00:00:00+11:00
10.278297082835946,10.278297082835946,10.22243682688902,10.236401557922363,37354,2020-01-31 00:00:00+11:00
10.208473205566406,10.243386038082514,10.15959563958799,10.208473205566406,25707,2020-02-03 00:00:00+11:00
10.20847166510707,10.29226205095762,10.20847166510707,10.27131462097168,38136,2020-02-04 00:00:00+11:00
10.403983790317616,10.417949189223627,10.313211361056036,10.327176094055176,45106,2020-02-05 00:00:00+11:00
10.348121453463456,10.348121453463456,10.236400948223881,10.27829647064209,61287,2020-02-06 00:00:00+11:00
10.320191175692017,10.445877075195312,10.264330923892047,10.445877075195312,95153,2020-02-07 00:00:00+11:00
10.355105554959827,10.410965815150435,10.341140822865588,10.403983116149902,62448,2020-02-10 00:00:00+11:00
10.403982135235516,10.487773183528219,10.383034706115723,10.383034706115723,50917,2020-02-11 00:00:00+11:00
10.369071056885195,10.445878748940382,10.369071056885195,10.410965919494629,45192,2020-02-12 00:00:00+11:00
10.431913559077364,10.822936058044434,10.431913559077364,10.822936058044434,42744,2020-02-13 00:00:00+11:00
10.529668638271328,10.697249412536621,10.515703906702623,10.697249412536621,31585,2020-02-14 00:00:00+11:00
10.5366537881829,10.627426895170125,10.5366537881829,10.6134614944458,33319,2020-02-17 00:00:00+11:00
10.599493476822802,10.613458207315102,10.508720397949219,10.508720397949219,38086,2020-02-18 00:00:00+11:00
10.571564803350737,10.655355195544619,10.571564803350737,10.599494934082031,20934,2020-02-19 00:00:00+11:00
10.683282881754094,10.718195703656257,10.641387362290157,10.704230308532715,26552,2020-02-20 00:00:00+11:00
10.732162734335358,10.788022994995117,10.613459513956663,10.788022994995117,39794,2020-02-21 00:00:00+11:00
10.599494201127285,10.599494201127285,10.445878159774294,10.473808288574219,150529,2020-02-24 00:00:00+11:00
10.27829755476512,10.330666463881538,10.124681510904388,10.306227684020996,41838,2020-02-25 00:00:00+11:00
10.04089074702317,10.152611259861832,10.026925349964944,10.082785606384277,113592,2020-02-26 00:00:00+11:00
10.054854660537643,10.11071491241455,10.012959804583327,10.11071491241455,48404,2020-02-27 00:00:00+11:00
10.124679429581713,10.124679429581713,9.719692305670977,9.901238441467285,64788,2020-02-28 00:00:00+11:00
9.566075569832703,9.670814024519165,9.426424962824042,9.600988388061523,125279,2020-03-02 00:00:00+11:00
9.754608320682186,9.985032081604004,9.698748055362163,9.985032081604004,53540,2020-03-03 00:00:00+11:00
9.677797661888643,9.754606007923039,9.628920107798924,9.719693183898926,167971,2020-03-04 00:00:00+11:00
9.929170738596552,10.019943826366028,9.90822264194503,9.957100868225098,68816,2020-03-05 00:00:00+11:00
9.859343151834537,9.88727327599641,9.77555277934892,9.796500205993652,74398,2020-03-06 00:00:00+11:00
9.335654153894874,9.559095179010924,9.3286714553833,9.3286714553833,58114,2020-03-09 00:00:00+11:00
9.077299861371898,9.175055638066947,8.923683831110175,9.063334465026855,84611,2020-03-10 00:00:00+11:00
9.216952300266712,9.265830531139555,9.16109203576079,9.196004867553711,44085,2020-03-11 00:00:00+11:00
8.91670455454298,8.986529560127293,8.511716592163364,8.637402534484863,154271,2020-03-12 00:00:00+11:00
7.932162728635789,8.351115264454219,7.708721731349533,8.176551818847656,104887,2020-03-13 00:00:00+11:00
7.953111238816092,8.281290054321289,7.680792009656395,8.281290054321289,447226,2020-03-16 00:00:00+11:00
7.750617763774727,7.750617763774727,6.947625461345652,7.450368404388428,215448,2020-03-17 00:00:00+11:00
7.338647822311188,7.338647822311188,6.58453374851493,6.696254253387451,115142,2020-03-18 00:00:00+11:00
6.654359194744984,6.689272021426859,5.586030960083008,5.586030960083008,1348185,2020-03-19 00:00:00+11:00
6.138405772472052,6.618189437999091,6.131349972007674,6.244240760803223,155406,2020-03-20 00:00:00+11:00
6.110183510909885,6.138406041124412,5.503398774858445,5.566899299621582,212026,2020-03-23 00:00:00+11:00
5.53162115807938,5.842068982189551,5.53162115807938,5.736234664916992,177671,2020-03-24 00:00:00+11:00
6.33596448578947,6.33596448578947,6.124295821126465,6.237185955047607,252520,2020-03-25 00:00:00+11:00
6.815747944243024,6.815747944243024,6.470021755274928,6.5970234870910645,74572,2020-03-26 00:00:00+11:00
6.632300689503041,6.653468091928497,6.039627552032471,6.039627552032471,115364,2020-03-27 00:00:00+11:00
5.81384627882321,6.089016437530518,5.81384627882321,6.089016437530518,66011,2020-03-30 00:00:00+11:00
7.006249716123716,7.006249716123716,6.237184960338845,6.244240760803223,173998,2020-03-31 00:00:00+11:00
6.6252467376573625,6.7522478103637695,6.554690062803999,6.7522478103637695,69137,2020-04-01 00:00:00+11:00
6.413576198166715,6.611133909138349,6.37829786727366,6.4347429275512695,146178,2020-04-02 00:00:00+11:00
6.519410772957468,6.526466573987688,6.166628795985162,6.173684597015381,253282,2020-04-03 00:00:00+11:00
6.272463239262147,6.575855255126953,6.272463239262147,6.575855255126953,73384,2020-04-06 00:00:00+10:00
6.716968668973771,6.836913913247144,6.561744422152096,6.660522937774658,586458,2020-04-07 00:00:00+10:00
6.561745880894775,6.93569464362316,6.519411741303674,6.879249572753906,376780,2020-04-08 00:00:00+10:00
6.970971363460734,7.196751594543457,6.914526305690053,7.196751594543457,263396,2020-04-09 00:00:00+10:00
7.217918225567793,7.217918225567793,6.992137997532422,7.112083911895752,257864,2020-04-14 00:00:00+10:00
7.196752318994122,7.196752318994122,7.0274171286361975,7.069751262664795,240781,2020-04-15 00:00:00+10:00
7.020362874342046,7.020362874342046,6.843971843967229,6.985084533691406,143352,2020-04-16 00:00:00+10:00
7.274364171469075,7.507200206764222,7.055639064406089,7.3449201583862305,223817,2020-04-17 00:00:00+10:00
7.2038077918400125,7.274364454379392,7.055639338809877,7.07680606842041,156121,2020-04-20 00:00:00+10:00
6.9498057102232105,7.006250776726528,6.7875256393674706,6.822803974151611,135371,2020-04-21 00:00:00+10:00
6.625246214447711,6.815748144902142,6.561745346670144,6.794581413269043,133190,2020-04-22 00:00:00+10:00
6.66757773945746,6.8086903641206415,6.66757773945746,6.702856063842773,148551,2020-04-23 00:00:00+10:00
6.667578638570297,6.780468753523902,6.597022653163374,6.7451910972595215,173316,2020-04-24 00:00:00+10:00
6.731078868174483,7.006249002348224,6.731078868174483,6.92863655090332,67013,2020-04-27 00:00:00+10:00
7.083861724239643,7.083861724239643,6.829858955478209,6.900414943695068,134419,2020-04-28 00:00:00+10:00
6.801636332747934,6.970971509610162,6.801636332747934,6.815747261047363,188063,2020-04-29 00:00:00+10:00
6.963917294765605,7.267310060387556,6.963917294765605,7.119141578674316,185547,2020-04-30 00:00:00+10:00
6.985082871722004,6.985082871722004,6.773414223937512,6.858081817626953,72218,2020-05-01 00:00:00+10:00
6.660523903295872,6.829859775684094,6.625246241390001,6.822803974151611,407922,2020-05-04 00:00:00+10:00
6.836914204245168,7.041527717587042,6.836914204245168,7.013305187225342,136151,2020-05-05 00:00:00+10:00
6.90041539544306,6.970972061157227,6.872192863733041,6.970972061157227,273154,2020-05-06 00:00:00+10:00
6.907471079059572,6.999194473776022,6.858081817626953,6.858081817626953,182900,2020-05-07 00:00:00+10:00
7.076806477457566,7.21791913781439,7.03447301578964,7.1544189453125,288218,2020-05-08 00:00:00+10:00
7.189697796041713,7.323755350233429,7.189697796041713,7.309643745422363,165618,2020-05-11 00:00:00+10:00
7.140306513766531,7.182640643397223,7.062694727801453,7.133250713348389,382058,2020-05-12 00:00:00+10:00
7.0133060530059135,7.12619686126709,6.928638451468744,7.12619686126709,436352,2020-05-13 00:00:00+10:00
6.97802587603253,7.020359325108369,6.8228016593723595,6.949803352355957,257789,2020-05-14 00:00:00+10:00
7.048584422798597,7.062696026229202,6.928638485151597,6.9568610191345215,145045,2020-05-15 00:00:00+10:00
6.992139781210213,7.182642401870427,6.992139781210213,7.06269645690918,248260,2020-05-18 00:00:00+10:00
7.288477011084117,7.351977886977208,7.253198671934804,7.309643745422363,185618,2020-05-19 00:00:00+10:00
7.203807511673744,7.366086887173559,7.203807511673744,7.3449201583862305,130545,2020-05-20 00:00:00+10:00
7.408422898177786,7.408422898177786,7.267310215645308,7.351977825164795,233176,2020-05-21 00:00:00+10:00
7.408420911808554,7.457810169232931,7.295530796051025,7.295530796051025,168406,2020-05-22 00:00:00+10:00
7.436642681613699,7.471921007406248,7.330808377114148,7.464865207672119,209344,2020-05-25 00:00:00+10:00
7.3731438415269555,7.824705054548369,7.3731438415269555,7.8035383224487305,253404,2020-05-26 00:00:00+10:00
7.796480749190659,8.02931676801407,7.669479039694933,7.916426658630371,469348,2020-05-27 00:00:00+10:00
7.923482323192676,8.008150583850929,7.838814735412598,7.838814735412598,39995,2020-05-28 00:00:00+10:00
7.824703230314821,7.852925757494031,7.725924048748524,7.754146575927734,104029,2020-05-29 00:00:00+10:00
7.570701013920369,7.683591813425531,7.478978290694663,7.655369281768799,76112,2020-06-01 00:00:00+10:00
7.655367925935783,7.711812979252333,7.6200895993934115,7.676534652709961,116858,2020-06-02 00:00:00+10:00
7.711814177130289,7.902316093444824,7.711814177130289,7.902316093444824,123255,2020-06-03 00:00:00+10:00
8.036374176177997,8.14220850668352,7.937594974262117,8.022262573242188,149254,2020-06-04 00:00:00+10:00
8.03637466375907,8.092819733170407,7.986984723365423,8.085763931274414,64982,2020-06-05 00:00:00+10:00
8.339767417772896,8.424435028734031,8.262155609278112,8.410324096679688,95774,2020-06-09 00:00:00+10:00
8.360933283542666,8.360933283542666,8.170430689347134,8.198653221130371,203833,2020-06-10 00:00:00+10:00
8.10692614789945,8.10692614789945,7.831756756029387,7.909368515014648,166345,2020-06-11 00:00:00+10:00
7.796483056805632,8.459712982177734,7.627147842609987,8.459712982177734,250307,2020-06-12 00:00:00+10:00
7.7823713245126935,7.937595604744741,7.605980311073921,7.620091915130615,89152,2020-06-15 00:00:00+10:00
7.7823702384155995,7.965817028281132,7.775315110250173,7.923482894897461,153602,2020-06-16 00:00:00+10:00
7.655368033843995,8.092817539652492,7.655368033843995,7.725924015045166,261061,2020-06-17 00:00:00+10:00
8.191596733138025,8.219819262554937,7.895259837821367,7.965816497802734,236425,2020-06-18 00:00:00+10:00
8.001094942361384,8.113985061645508,7.9517056833941275,8.113985061645508,150483,2020-06-19 00:00:00+10:00
7.8599845044558245,7.8599845044558245,7.740038550753263,7.81059455871582,147139,2020-06-22 00:00:00+10:00
7.817647125010965,7.951704628535682,7.754146273118005,7.895258903503418,214831,2020-06-23 00:00:00+10:00
7.923482367238279,7.965816497802734,7.838814778987544,7.965816497802734,118475,2020-06-24 00:00:00+10:00
7.859982668817693,8.029317855834961,7.669480078764603,8.029317855834961,125951,2020-06-25 00:00:00+10:00
7.7682600021362305,7.803538337623083,7.669480797348698,7.7682600021362305,96535,2020-06-26 00:00:00+10:00
7.986347442607811,7.986347442607811,7.566408432008308,7.596404075622559,138926,2020-06-29 00:00:00+10:00
7.626397609710693,7.873861779865713,7.59640197439349,7.626397609710693,197054,2020-06-30 00:00:00+10:00
7.611400332509669,7.813871431153686,7.611400332509669,7.761379241943359,324713,2020-07-01 00:00:00+10:00
7.873861177665607,8.038837516868865,7.85136463168635,8.016340255737305,107543,2020-07-02 00:00:00+10:00
8.12882497843215,8.12882497843215,7.8288679122924805,7.8288679122924805,134953,2020-07-03 00:00:00+10:00
7.873863770958075,8.053837628371936,7.873863770958075,7.933855056762695,220667,2020-07-06 00:00:00+10:00
7.941351808500464,8.016340536104781,7.716384195382857,7.731382369995117,94716,2020-07-07 00:00:00+10:00
7.731384081526071,7.783876273984756,7.573906788997528,7.581405162811279,93498,2020-07-08 00:00:00+10:00
7.581405013828557,7.648895382893459,7.558908462524414,7.558908462524414,133669,2020-07-09 00:00:00+10:00
7.521412762996793,7.6039012990548684,7.521412762996793,7.543910026550293,92040,2020-07-10 00:00:00+10:00
7.671391053563441,7.791374315434542,7.618898868162101,7.701387405395508,263879,2020-07-13 00:00:00+10:00
7.686388880345101,7.753879238596898,7.626397609710693,7.626397609710693,128638,2020-07-14 00:00:00+10:00
7.746382236480713,7.768878790237107,7.69389003933161,7.746382236480713,109989,2020-07-15 00:00:00+10:00
7.783877585465472,7.783877585465472,7.626400266404078,7.65639591217041,44449,2020-07-16 00:00:00+10:00
7.65639591217041,7.65639591217041,7.618901176174344,7.65639591217041,52762,2020-07-17 00:00:00+10:00
7.716387203703073,7.716387203703073,7.618901176174344,7.65639591217041,122601,2020-07-20 00:00:00+10:00
7.618899421011842,7.7913748807996095,7.611400332509669,7.761379241943359,76101,2020-07-21 00:00:00+10:00
7.716385234861747,7.753879961291006,7.678890508432487,7.70888614654541,27257,2020-07-22 00:00:00+10:00
7.701387632192574,8.031339645385742,7.701387632192574,8.031339645385742,52284,2020-07-23 00:00:00+10:00
7.82136995211422,7.82136995211422,7.693888317437492,7.701387405395508,42806,2020-07-24 00:00:00+10:00
7.648895059868091,7.776376703795264,7.648895059868091,7.761379241943359,72649,2020-07-27 00:00:00+10:00
7.806372893241198,7.8213710713033775,7.7238850593566895,7.7238850593566895,27477,2020-07-28 00:00:00+10:00
7.701388507415913,7.798873804210109,7.701388507415913,7.7238850593566895,45015,2020-07-29 00:00:00+10:00
7.791376598152754,7.821372243620559,7.686391481439137,7.693890571594238,81197,2020-07-30 00:00:00+10:00
7.69388879937056,7.701387887798308,7.6039018836948875,7.618899345397949,81588,2020-07-31 00:00:00+10:00
7.633897980293624,7.671391994377166,7.566407610699283,7.603902339935303,108927,2020-08-03 00:00:00+10:00
7.708886337580592,7.783875792297437,7.671391610222169,7.761379241943359,66601,2020-08-04 00:00:00+10:00
7.791373638139501,7.813870184905564,7.731382369995117,7.731382369995117,28959,2020-08-05 00:00:00+10:00
7.723885480268937,7.723885480268937,7.62639946300976,7.678891658782959,51187,2020-08-06 00:00:00+10:00
7.693890571594238,7.731385307217144,7.648896745816231,7.693890571594238,46597,2020-08-07 00:00:00+10:00
7.776378554732688,7.821372381302735,7.7613810893110795,7.813873291015625,56474,2020-08-10 00:00:00+10:00
7.806372243110618,7.97884770069911,7.791374781449951,7.948852062225342,50214,2020-08-11 00:00:00+10:00
7.978849486860882,7.993846951878913,7.896360926227635,7.941354751586914,43314,2020-08-12 00:00:00+10:00
7.986347861793601,8.083833887444879,7.911359106398258,7.941354751586914,92705,2020-08-13 00:00:00+10:00
7.941353055884505,8.008843421936035,7.903858328616717,8.008843421936035,88442,2020-08-14 00:00:00+10:00
7.911358833312988,7.948853567292708,7.888862278986184,7.911358833312988,124912,2020-08-17 00:00:00+10:00
7.948854063333244,7.956352438475062,7.87386459069416,7.926356792449951,54221,2020-08-18 00:00:00+10:00
7.873860416209032,7.95634822025737,7.836365699768066,7.836365699768066,56465,2020-08-19 00:00:00+10:00
7.843866887699816,7.896359075690099,7.798873072884984,7.888860702514648,91894,2020-08-20 00:00:00+10:00
7.948851820875553,8.046337106591045,7.941352732696696,8.031339645385742,44886,2020-08-21 00:00:00+10:00
8.023841755754352,8.031340845053371,7.941353918922685,7.990096569061279,49095,2020-08-24 00:00:00+10:00
8.08383463223231,8.13632755251323,8.0163442455516,8.06883716583252,46762,2020-08-25 00:00:00+10:00
8.053835636101647,8.218811988830566,7.9638487296547,8.218811988830566,83271,2020-08-26 00:00:00+10:00
8.113828568598692,8.13632583618164,8.023841643724413,8.13632583618164,45746,2020-08-27 00:00:00+10:00
8.001345180498848,8.128826837613461,8.001345180498848,8.113828659057617,45099,2020-08-28 00:00:00+10:00
8.12132780821526,8.263807644936241,8.12132780821526,8.256308555603027,89105,2020-08-31 00:00:00+10:00
8.173818632759428,8.173818632759428,8.046336996079395,8.121326446533203,50946,2020-09-01 00:00:00+10:00
8.158821990067652,8.203815092730702,8.12132726108013,8.196316719055176,45502,2020-09-02 00:00:00+10:00
8.27130494974424,8.368790953014779,8.27130494974424,8.346294403076172,30254,2020-09-03 00:00:00+10:00
8.248808083213236,8.30130026943946,8.106328985533882,8.121326446533203,89539,2020-09-04 00:00:00+10:00
8.038839291344217,8.091331481933594,7.963849834657287,8.091331481933594,35049,2020-09-07 00:00:00+10:00
8.12882634990813,8.226312359214699,8.12882634990813,8.196316719055176,60372,2020-09-08 00:00:00+10:00
8.173819382113622,8.173819382113622,8.001344631471195,8.053836822509766,64814,2020-09-09 00:00:00+10:00
8.076333787987567,8.12132688858696,7.978847783152293,8.008843421936035,63002,2020-09-10 00:00:00+10:00
7.956351412211471,8.07633469598828,7.956351412211471,8.061336517333984,33530,2020-09-11 00:00:00+10:00
8.061335282948757,8.061335282948757,7.993844919643871,8.031339645385742,26854,2020-09-14 00:00:00+10:00
8.098831597220851,8.248809814453125,8.053837774474893,8.248809814453125,45877,2020-09-15 00:00:00+10:00
8.211315353943945,8.308801377169257,8.211315353943945,8.27880573272705,72388,2020-09-16 00:00:00+10:00
8.458777915364198,8.473776092175676,8.293802261352539,8.293802261352539,29022,2020-09-17 00:00:00+10:00
8.263807088202222,8.286303639533747,8.143823812411656,8.196316719055176,28293,2020-09-18 00:00:00+10:00
8.15882253312935,8.15882253312935,8.023841785850763,8.061336517333984,20671,2020-09-21 00:00:00+10:00
8.053838535077077,8.053838535077077,7.9713506865973365,7.9863481521606445,21687,2020-09-22 00:00:00+10:00
8.053836084155256,8.121326446533203,8.053836084155256,8.121326446533203,34451,2020-09-23 00:00:00+10:00
8.091330788121086,8.106328964233398,8.016341337864324,8.106328964233398,23665,2020-09-24 00:00:00+10:00
8.128827641726835,8.248810221432345,8.128827641726835,8.18881893157959,34344,2020-09-25 00:00:00+10:00
8.22631338619371,8.361293426186336,8.211315206665326,8.353795051574707,34731,2020-09-28 00:00:00+10:00
8.41625835228965,8.46138606021425,8.243270359353284,8.265833854675293,40970,2020-09-29 00:00:00+10:00
8.26583115888091,8.26583115888091,8.137970198288766,8.145491600036621,36838,2020-09-30 00:00:00+10:00
8.115406942322863,8.348565382209301,8.115406942322863,8.318480491638184,65661,2020-10-01 00:00:00+10:00
8.326001114362072,8.363607406616211,8.280874137481398,8.363607406616211,7465,2020-10-02 00:00:00+10:00
8.408735159849407,8.514031918164278,8.408735159849407,8.49146842956543,21329,2020-10-05 00:00:00+11:00
8.461381230923855,8.461381230923855,8.33352030160748,8.431296348571777,26219,2020-10-06 00:00:00+11:00
8.423779574620228,8.536598483355663,8.423779574620228,8.514034271240234,42388,2020-10-07 00:00:00+11:00
8.438820556550558,8.529075233639604,8.408735664187544,8.468905448913574,46149,2020-10-08 00:00:00+11:00
8.483950110536082,8.536599226105725,8.446343804352232,8.498992919921875,19495,2020-10-09 00:00:00+11:00
8.446341241681003,8.476426851324431,8.408735664187544,8.468905448913574,72161,2020-10-12 00:00:00+11:00
8.514032975387702,8.596766972657523,8.514032975387702,8.581724166870117,48409,2020-10-13 00:00:00+11:00
8.61180883373152,8.61180883373152,8.483947857037128,8.574202537536621,49455,2020-10-14 00:00:00+11:00
8.514033131793537,8.656936920277264,8.49899104301026,8.63437271118164,49876,2020-10-15 00:00:00+11:00
8.61932991072865,8.61932991072865,8.468905448913574,8.468905448913574,27789,2020-10-16 00:00:00+11:00
8.50651247431516,8.551639458095451,8.423778475250502,8.461384773254395,22580,2020-10-19 00:00:00+11:00
8.371130585072091,8.491470171999909,8.371130585072091,8.446342468261719,46649,2020-10-20 00:00:00+11:00
8.446341241681003,8.521553831228747,8.408735664187544,8.468905448913574,55830,2020-10-21 00:00:00+11:00
8.378650938638843,8.401214429040229,8.34104464311625,8.356086730957031,21679,2020-10-22 00:00:00+11:00
8.356089021217484,8.408738136291504,8.341046929253924,8.408738136291504,26126,2020-10-23 00:00:00+11:00
8.423774948663715,8.476424030739981,8.41625354875565,8.431296348571777,38298,2020-10-26 00:00:00+11:00
8.333524478323744,8.371130779431954,8.295918177215533,8.326003074645996,33290,2020-10-27 00:00:00+11:00
8.273353803116237,8.310960100222857,8.19062052330604,8.280875205993652,84322,2020-10-28 00:00:00+11:00
8.21318329415477,8.273353077334773,8.100365130012364,8.122928619384766,66441,2020-10-29 00:00:00+11:00
8.160536375745117,8.205663362577699,8.100366581781325,8.107887268066406,24548,2020-10-30 00:00:00+11:00
8.183097502258864,8.258309364318848,8.168054699478677,8.258309364318848,14197,2020-11-02 00:00:00+11:00
8.356086844201197,8.483947820342566,8.303438460124317,8.438820838928223,46196,2020-11-03 00:00:00+11:00
8.416256946614142,8.596767030883328,8.386172052116022,8.54411792755127,24286,2020-11-04 00:00:00+11:00
8.664455815186827,8.762231157176027,8.611806726484645,8.724625587463379,33470,2020-11-05 00:00:00+11:00
8.769752558030662,8.769752558030662,8.664455815186827,8.724625587463379,23332,2020-11-06 00:00:00+11:00
8.769755469131718,8.897616456982632,8.769755469131718,8.852489471435547,39334,2020-11-09 00:00:00+11:00
9.063080835747314,9.386493185978907,8.972826176337549,9.025474548339844,148072,2020-11-10 00:00:00+11:00
9.266155307125201,9.288719513997258,9.18342203376887,9.221028327941895,74219,2020-11-11 00:00:00+11:00
9.228551475348507,9.303763360636696,9.13077537892138,9.175902366638184,35177,2020-11-12 00:00:00+11:00
8.95026259273938,9.115729838411763,8.942741908561793,9.09316635131836,80815,2020-11-13 00:00:00+11:00
9.070604082321905,9.326325310708866,9.070604082321905,9.23607063293457,2077,2020-11-16 00:00:00+11:00
9.26615695495456,9.386496543884277,9.205987160489702,9.386496543884277,119702,2020-11-17 00:00:00+11:00
9.258635191926404,9.27367728015312,9.14581630246403,9.160859107971191,56204,2020-11-18 00:00:00+11:00
9.115730902163353,9.183422088623047,9.03299762831284,9.183422088623047,112758,2020-11-19 00:00:00+11:00
9.190944504689217,9.190944504689217,9.130774713928606,9.145816802978516,49552,2020-11-20 00:00:00+11:00
9.17590227481882,9.183423678456537,9.085647583007812,9.085647583007812,23864,2020-11-23 00:00:00+11:00
9.160858435838069,9.168379120759411,9.070603761258432,9.130773544311523,76939,2020-11-24 00:00:00+11:00
9.145815964603218,9.28119834004465,9.13829456212749,9.22854995727539,131807,2020-11-25 00:00:00+11:00
9.386495162549336,9.394016565070713,9.175900912913793,9.190943717956543,126201,2020-11-26 00:00:00+11:00
9.175900857225711,9.273676937568922,9.175900857225711,9.22854995727539,99947,2020-11-27 00:00:00+11:00
9.228550231045784,9.273677212678034,9.153337638618114,9.205986022949219,193428,2020-11-30 00:00:00+11:00
9.19846500404112,9.333847389147358,9.168380109270897,9.266156196594238,29739,2020-12-01 00:00:00+11:00
9.266157503061489,9.296242402073483,9.145817907013507,9.198466300964355,85897,2020-12-02 00:00:00+11:00
9.236070415242862,9.243591817533547,9.145815739595847,9.221028327941895,40741,2020-12-03 00:00:00+11:00
9.198463336647002,9.311282209545151,9.198463336647002,9.273675918579102,18376,2020-12-04 00:00:00+11:00
9.341370207593105,9.363933702769543,9.243594105454427,9.281200408935547,249410,2020-12-07 00:00:00+11:00
9.258634567260742,9.273676654472592,9.236070360522373,9.258634567260742,23130,2020-12-08 00:00:00+11:00
9.236070296652974,9.236070296652974,9.138294219970703,9.138294219970703,42412,2020-12-09 00:00:00+11:00
9.130773089298375,9.168378663872264,9.055560505589876,9.115730285644531,41211,2020-12-10 00:00:00+11:00
9.085646687214934,9.100689493007234,9.017955495710511,9.048040390014648,59932,2020-12-11 00:00:00+11:00
9.10820932847465,9.160858426553038,9.09316724136682,9.138294219970703,11713,2020-12-14 00:00:00+11:00
9.198466750749503,9.251115864555352,9.14581835422426,9.213509559631348,69829,2020-12-15 00:00:00+11:00
9.266156708947534,9.29624160538124,9.23607181251383,9.243593215942383,53124,2020-12-16 00:00:00+11:00
9.228552014430328,9.296242499959646,9.228552014430328,9.281200408935547,25275,2020-12-17 00:00:00+11:00
9.19094486424411,9.251114657358594,9.070605278015137,9.070605278015137,29763,2020-12-18 00:00:00+11:00
9.078124895415566,9.078124895415566,8.935221832912939,8.987870216369629,42565,2020-12-21 00:00:00+11:00
9.002915157410106,9.05556355335734,8.942745357104522,8.995393753051758,115715,2020-12-22 00:00:00+11:00
9.10821160392837,9.236072604049493,9.093169513062657,9.198466300964355,80891,2020-12-23 00:00:00+11:00
9.236070297049645,9.30376148223877,9.213506807746734,9.30376148223877,43761,2020-12-24 00:00:00+11:00
9.341367214263235,9.4090583953823,9.326324410778842,9.363930702209473,26069,2020-12-29 00:00:00+11:00
9.382693843424553,9.382693843424553,9.27727005888602,9.337512016296387,8408,2020-12-30 00:00:00+11:00
9.427874195227888,9.427874195227888,9.329980850219727,9.329980850219727,31455,2020-12-31 00:00:00+11:00
9.32244959588018,9.329980018241763,9.254677230907143,9.299859046936035,51253,2021-01-04 00:00:00+11:00
9.209496818461464,9.247148217867077,9.126664314281689,9.232088088989258,34614,2021-01-05 00:00:00+11:00
9.232088852959015,9.232088852959015,9.12666506952746,9.179376602172852,50888,2021-01-06 00:00:00+11:00
9.247147008054696,9.29985924758245,9.104072570800781,9.104072570800781,68312,2021-01-07 00:00:00+11:00
9.104075297000461,9.104075297000461,8.968530523541332,8.998651504516602,21830,2021-01-08 00:00:00+11:00
8.991121048849068,9.00618189835538,8.908288530986853,8.923349380493164,26720,2021-01-11 00:00:00+11:00
8.900758051768014,8.90828847647509,8.840516090393066,8.840516090393066,23432,2021-01-12 00:00:00+11:00
8.787804384047732,8.787804384047732,8.6597900390625,8.6597900390625,64024,2021-01-13 00:00:00+11:00
8.810393418996803,8.885696215335344,8.802862995734811,8.83298397064209,22656,2021-01-14 00:00:00+11:00
8.825456013124636,8.938409511858643,8.810395163618326,8.923349380493164,23189,2021-01-15 00:00:00+11:00
8.908287707182248,8.908287707182248,8.863106599123157,8.893227577209473,26234,2021-01-18 00:00:00+11:00
8.945937366864921,8.968527916494354,8.908285972055449,8.938406944274902,32288,2021-01-19 00:00:00+11:00
8.870637205767737,8.983591423666423,8.83298579980151,8.945940017700195,64978,2021-01-20 00:00:00+11:00
8.983589805551373,8.998649934340747,8.923347854112462,8.96099853515625,76320,2021-01-21 00:00:00+11:00
8.915816925701789,8.998649424703911,8.900756079624676,8.953468322753906,52771,2021-01-22 00:00:00+11:00
8.983588776769992,9.314919471740723,8.968527931564646,9.314919471740723,68708,2021-01-25 00:00:00+11:00
9.043831756990285,9.134194684148653,8.945938406366876,8.96099853515625,110358,2021-01-27 00:00:00+11:00
8.960999239298113,8.960999239298113,8.735092262721118,8.893227577209473,89019,2021-01-28 00:00:00+11:00
8.893226638597335,8.968528716795186,8.79533329061351,8.83298397064209,96315,2021-01-29 00:00:00+11:00
8.780272762454484,8.896991454684718,8.735091657525684,8.855575561523438,22777,2021-02-01 00:00:00+11:00
8.8781651220315,8.915816517359191,8.825453599457115,8.908286094665527,18503,2021-02-02 00:00:00+11:00
8.983590356359983,9.156785797830766,8.960999084579727,9.111604690551758,34274,2021-02-03 00:00:00+11:00
9.066422437268765,9.126664389558334,8.915817556544841,8.930877685546875,40970,2021-02-04 00:00:00+11:00
8.998651292317497,9.028772272582477,8.923349200725454,9.006181716918945,18194,2021-02-05 00:00:00+11:00
8.983591342236744,8.983591342236744,8.923349380493164,8.923349380493164,33610,2021-02-08 00:00:00+11:00
8.83298625082428,8.840516676030205,8.66732120513916,8.66732120513916,74534,2021-02-09 00:00:00+11:00
8.742623377570608,8.840516751662514,8.742623377570608,8.825456619262695,45997,2021-02-10 00:00:00+11:00
8.817926193992346,8.893229010414084,8.780274785781476,8.825456619262695,49128,2021-02-11 00:00:00+11:00
8.832986753219798,8.915819998914555,8.802865768823773,8.810396194458008,18425,2021-02-12 00:00:00+11:00
8.900757887367543,8.968530272197784,8.795334815979004,8.795334815979004,64656,2021-02-15 00:00:00+11:00
8.870636809811502,8.923349063067654,8.806629637968237,8.900757789611816,102336,2021-02-16 00:00:00+11:00
8.885695628099214,8.885695628099214,8.720029917987322,8.742620468139648,21092,2021-02-17 00:00:00+11:00
8.720031511592921,8.720031511592921,8.561896195345764,8.59201717376709,154483,2021-02-18 00:00:00+11:00
8.652259046881944,8.652259046881944,8.539305558430213,8.569426536560059,29039,2021-02-19 00:00:00+11:00
8.60707881542292,8.65979035298384,8.516715871829556,8.546836853027344,61582,2021-02-22 00:00:00+11:00
8.569425619738578,8.83298397064209,8.54683506809329,8.83298397064209,8777,2021-02-23 00:00:00+11:00
8.73509142033984,8.757681972190834,8.644727776654475,8.727560997009277,35705,2021-02-24 00:00:00+11:00
8.735090763515966,8.81039283673727,8.667318394918347,8.742620468139648,37952,2021-02-25 00:00:00+11:00
8.652259046881944,8.727561851276942,8.554365688424753,8.569426536560059,51427,2021-02-26 00:00:00+11:00
8.68990983445617,8.915817513522315,8.68990983445617,8.855575561523438,21474,2021-03-01 00:00:00+11:00
8.87063536881136,8.87063536881136,8.79533329061351,8.83298397064209,53007,2021-03-02 00:00:00+11:00
8.825456619262695,8.840516751662514,8.802865343451645,8.825456619262695,57154,2021-03-03 00:00:00+11:00
8.885698318481445,8.915819300518026,8.780274522282985,8.885698318481445,68055,2021-03-04 00:00:00+11:00
8.848047604488269,8.86310845575674,8.780275210061982,8.810396194458008,43941,2021-03-05 00:00:00+11:00
8.863108027473563,8.923349993354602,8.825456619262695,8.825456619262695,28726,2021-03-08 00:00:00+11:00
8.802864603910619,8.848046433596048,8.757683492366008,8.817925453186035,19806,2021-03-09 00:00:00+11:00
8.85557519409024,8.85557519409024,8.716265237035103,8.757681846618652,15610,2021-03-10 00:00:00+11:00
8.735092717222619,8.750152847978999,8.689910888671875,8.689910888671875,27546,2021-03-11 00:00:00+11:00
8.750151298791938,8.802862824318058,8.735091170701905,8.787802696228027,49136,2021-03-12 00:00:00+11:00
8.772744017841642,8.930879351637714,8.772744017841642,8.863107681274414,48874,2021-03-15 00:00:00+11:00
8.915817289989175,9.096543141454733,8.915817289989175,9.051362037658691,30970,2021-03-16 00:00:00+11:00
9.036301333525245,9.036301333525245,8.945938406366876,8.96099853515625,14492,2021-03-17 00:00:00+11:00
8.960998618451114,8.960998618451114,8.840514714453361,8.855575561523438,76988,2021-03-18 00:00:00+11:00
8.810395163618326,8.938409511858643,8.735093070509263,8.923349380493164,71678,2021-03-19 00:00:00+11:00
8.960999887451067,9.006181716918945,8.810394986126164,9.006181716918945,44049,2021-03-22 00:00:00+11:00
9.006183410652275,9.073955808529192,8.961001572687346,9.013713836669922,63068,2021-03-23 00:00:00+11:00
9.028771463638991,9.130430032227887,9.028771463638991,9.111604690551758,12064,2021-03-24 00:00:00+11:00
9.119134396337758,9.201967623250525,9.096543842698255,9.111604690551758,33586,2021-03-25 00:00:00+11:00
9.171848723580016,9.20949941546209,9.126666887924245,9.156787872314453,25434,2021-03-26 00:00:00+11:00
9.111604370657522,9.171846323675032,9.05136241764001,9.08901309967041,68846,2021-03-29 00:00:00+11:00
9.110974561826668,9.133638475131141,9.031649784551785,9.04298210144043,40757,2021-03-30 00:00:00+11:00
9.080757187088425,9.216741408600035,9.07320230798419,9.194077491760254,77828,2021-03-31 00:00:00+11:00
9.042982978499767,9.148748397827148,9.042982978499767,9.148748397827148,57891,2021-04-01 00:00:00+11:00
9.277179154782859,9.277179154782859,9.11853029331995,9.216741561889648,29642,2021-04-06 00:00:00+10:00
9.216741581562468,9.413164119121124,9.216741581562468,9.314952850341797,53793,2021-04-07 00:00:00+10:00
9.360281967543163,9.398054925096062,9.330063169217052,9.375391006469727,60905,2021-04-08 00:00:00+10:00
9.36783463461413,9.413163185119629,9.36783463461413,9.413163185119629,40617,2021-04-09 00:00:00+10:00
9.390500858250908,9.40560989732611,9.262070783983228,9.269625663757324,31329,2021-04-12 00:00:00+10:00
9.269623376528157,9.37538878537651,9.269623376528157,9.330060958862305,38817,2021-04-13 00:00:00+10:00
9.375390334698519,9.428273047861783,9.375390334698519,9.405609130859375,32284,2021-04-14 00:00:00+10:00
9.330060451831022,9.413161942906216,9.254513117782464,9.382943153381348,51086,2021-04-15 00:00:00+10:00
9.44338308233282,9.518930435180664,9.413164285288273,9.518930435180664,24305,2021-04-16 00:00:00+10:00
9.473600797943389,9.571812057245356,9.413163210753389,9.428272247314453,41613,2021-04-19 00:00:00+10:00
9.435828473956411,9.450938233149124,9.367835998535156,9.367835998535156,17990,2021-04-20 00:00:00+10:00
9.277180522119588,9.345173004263899,9.231852681005412,9.2545166015625,54934,2021-04-21 00:00:00+10:00
9.277177029807921,9.4018296266571,9.277177029807921,9.382943153381348,78332,2021-04-22 00:00:00+10:00
9.443383353552766,9.45849311274548,9.360281839411773,9.367835998535156,40754,2021-04-23 00:00:00+10:00
9.390498030880758,9.390498030880758,9.330060451831022,9.382943153381348,16766,2021-04-26 00:00:00+10:00
9.398053814562465,9.398053814562465,9.337616225051933,9.352725982666016,25220,2021-04-27 00:00:00+10:00
9.37539127348592,9.518931109977773,9.37539127348592,9.488712310791016,61600,2021-04-28 00:00:00+10:00
9.518931682775438,9.518931682775438,9.462270800476846,9.466048240661621,23131,2021-04-29 00:00:00+10:00
9.473601577773175,9.473601577773175,9.39050006866455,9.39050006866455,29470,2021-04-30 00:00:00+10:00
9.40560805352255,9.52648322432069,9.40560805352255,9.481155395507812,24698,2021-05-03 00:00:00+10:00
9.511375169522061,9.534039086266798,9.466046615559662,9.496265411376953,36464,2021-05-04 00:00:00+10:00
9.488710584011923,9.556702329454067,9.443382033244285,9.526483535766602,40364,2021-05-05 00:00:00+10:00
9.511375691294962,9.511375691294962,9.382945621907856,9.44338321685791,63565,2021-05-06 00:00:00+10:00
9.48115637370477,9.518930048594614,9.48115637370477,9.496265411376953,24656,2021-05-07 00:00:00+10:00
9.518929660951887,9.586921408417247,9.496265024657207,9.556702613830566,53518,2021-05-10 00:00:00+10:00
9.564257882084089,9.586921798828826,9.45093757788748,9.496265411376953,19653,2021-05-11 00:00:00+10:00
9.44338348282172,9.44338348282172,9.277179731791621,9.375391006469727,54198,2021-05-12 00:00:00+10:00
9.375390423352558,9.375390423352558,9.216741561889648,9.216741561889648,329804,2021-05-13 00:00:00+10:00
9.299844243586874,9.420719435236673,9.284734484394162,9.367835998535156,57737,2021-05-14 00:00:00+10:00
9.367835019807199,9.405608693369507,9.33006206671779,9.352725982666016,42345,2021-05-17 00:00:00+10:00
9.405609109828639,9.405609109828639,9.284733925455495,9.307397842407227,34801,2021-05-18 00:00:00+10:00
9.345170920110691,9.345170920110691,9.141194239641537,9.148748397827148,68790,2021-05-19 00:00:00+10:00
9.1260858872798,9.398055076599121,9.1260858872798,9.398055076599121,38645,2021-05-20 00:00:00+10:00
9.405609676043962,9.488711910657928,9.360281839411773,9.367835998535156,99668,2021-05-21 00:00:00+10:00
9.36027924135589,9.420716820405627,9.345169486357069,9.382943153381348,33935,2021-05-24 00:00:00+10:00
9.458491790324455,9.534038414306686,9.443382033244285,9.526483535766602,38509,2021-05-25 00:00:00+10:00
9.518930459051802,9.54914925617213,9.50382070025516,9.534039497375488,59925,2021-05-26 00:00:00+10:00
9.556702300211422,9.556702300211422,9.428272247314453,9.428272247314453,54656,2021-05-27 00:00:00+10:00
9.44338244178594,9.564257621765137,9.390499730663269,9.564257621765137,43178,2021-05-28 00:00:00+10:00
9.564255844887716,9.594474634268375,9.549146810433774,9.571810722351074,40941,2021-05-31 00:00:00+10:00
9.564258423337375,9.58692234136469,9.481156910255237,9.541594505310059,37340,2021-06-01 00:00:00+10:00
9.571812931587344,9.722906913364099,9.549149014439065,9.70024299621582,58337,2021-06-02 00:00:00+10:00
9.753124780542592,9.889109711422902,9.753124780542592,9.798453330993652,46006,2021-06-03 00:00:00+10:00
9.74556992757031,9.821117271695577,9.730460891028978,9.813562393188477,67026,2021-06-04 00:00:00+10:00
9.87400013828022,9.919328689575195,9.82111742883015,9.919328689575195,36632,2021-06-07 00:00:00+10:00
9.919329661335219,10.03264996996491,9.919329661335219,10.01754093170166,34222,2021-06-08 00:00:00+10:00
10.017538828389972,10.077976409699216,9.889108787989628,9.896663665771484,34886,2021-06-09 00:00:00+10:00
9.911772803348192,10.138414095837684,9.896663768101059,10.108195304870605,44531,2021-06-10 00:00:00+10:00
10.191299273096856,10.191299273096856,10.02509624268082,10.07042407989502,20490,2021-06-11 00:00:00+10:00
10.085533839281739,10.108197757888838,10.04020528159456,10.07042407989502,42760,2021-06-15 00:00:00+10:00
10.123304340117741,10.138414095837684,10.093085549150663,10.108195304870605,42762,2021-06-16 00:00:00+10:00
10.100642710304314,10.115752469439883,9.934438962177907,9.949548721313477,45760,2021-06-17 00:00:00+10:00
10.03264834612639,10.070422016380062,9.987320518200248,10.047758102416992,30716,2021-06-18 00:00:00+10:00
10.100642313601059,10.100642313601059,9.949548330544445,10.00998592376709,31375,2021-06-21 00:00:00+10:00
10.123304377501798,10.251734419704357,10.009984091074978,10.206406593322754,71481,2021-06-22 00:00:00+10:00
10.304617806393018,10.304617806393018,10.0855313917635,10.108195304870605,65299,2021-06-23 00:00:00+10:00
10.085533839281739,10.123306796802577,10.04020528159456,10.07042407989502,80285,2021-06-24 00:00:00+10:00
10.032649601773153,10.19885333940702,10.032649601773153,10.176189422607422,54193,2021-06-25 00:00:00+10:00
10.176189530724333,10.176189530724333,9.95710307807275,10.085533142089844,64622,2021-06-28 00:00:00+10:00
9.993252855170633,10.158886909484863,9.867055623730234,10.158886909484863,80640,2021-06-29 00:00:00+10:00
10.261422983331894,10.261422983331894,10.151000022888184,10.151000022888184,36575,2021-06-30 00:00:00+10:00
10.190438671129552,10.356072765327285,10.009029543105838,10.064241409301758,114034,2021-07-01 00:00:00+10:00
10.087903207845715,10.127340040215655,10.048466375475776,10.064241409301758,85556,2021-07-02 00:00:00+10:00
10.072126388549805,10.127337488640315,10.072126388549805,10.072126388549805,36564,2021-07-05 00:00:00+10:00
10.103675854047836,10.103675854047836,10.024802207946777,10.024802207946777,49296,2021-07-06 00:00:00+10:00
10.158887538390209,10.166775053892234,10.09578891876377,10.151000022888184,29101,2021-07-07 00:00:00+10:00
10.206211472343611,10.206211472343611,10.0800142288208,10.0800142288208,64065,2021-07-08 00:00:00+10:00
10.19043450243857,10.19043450243857,9.985363659761038,10.001138687133789,99208,2021-07-09 00:00:00+10:00
10.056350849299115,10.166773796081543,10.056350849299115,10.166773796081543,28390,2021-07-12 00:00:00+10:00
10.103676795959473,10.206211492376838,10.103676795959473,10.103676795959473,24149,2021-07-13 00:00:00+10:00
10.119449467673608,10.135224496736225,10.048463341281412,10.087900161743164,26421,2021-07-14 00:00:00+10:00
10.06424000791853,10.103676834797133,9.945929527282715,9.945929527282715,50487,2021-07-15 00:00:00+10:00
9.993249893188477,10.032686704373306,9.969588107355422,9.993249893188477,28022,2021-07-16 00:00:00+10:00
10.016916502515452,10.016916502515452,9.882831731237314,9.938043594360352,86280,2021-07-19 00:00:00+10:00
9.898605490772686,9.930154800415039,9.859168665671028,9.930154800415039,32876,2021-07-20 00:00:00+10:00
10.048464305324398,10.095788644857723,10.009027481079102,10.009027481079102,91477,2021-07-21 00:00:00+10:00
10.016911679021531,10.016911679021531,9.977474867836701,9.993249893188477,50850,2021-07-22 00:00:00+10:00
10.009028091290494,10.0800142288208,10.009028091290494,10.0800142288208,80629,2021-07-23 00:00:00+10:00
10.143112415247904,10.143112415247904,9.953816558088114,9.985365867614746,29658,2021-07-26 00:00:00+10:00
9.993254173814433,10.072127829969746,9.993254173814433,10.03269100189209,71667,2021-07-27 00:00:00+10:00
10.032690156449132,10.158887393907193,10.032690156449132,10.119450569152832,23549,2021-07-28 00:00:00+10:00
10.111561810024703,10.111561810024703,9.953815282605204,9.977477073669434,47554,2021-07-29 00:00:00+10:00
10.024801873331603,10.127337308962542,9.961703259434843,10.09578800201416,87530,2021-07-30 00:00:00+10:00
10.135225116638496,10.182548702331228,10.127337601624763,10.158886909484863,23508,2021-08-02 00:00:00+10:00
10.214097863066371,10.214097863066371,10.127337455749512,10.127337455749512,34269,2021-08-03 00:00:00+10:00
10.143112348039287,10.198324203491211,10.143112348039287,10.198324203491211,36531,2021-08-04 00:00:00+10:00
10.166774965263375,10.340295791625977,10.166774965263375,10.340295791625977,39803,2021-08-05 00:00:00+10:00
10.340295935384516,10.37973276090425,10.340295935384516,10.371845245361328,19305,2021-08-06 00:00:00+10:00
10.411280305953873,10.458604638994078,10.387618515531148,10.403392791748047,43402,2021-08-09 00:00:00+10:00
10.45071763086736,10.45071763086736,10.332407920829796,10.387619018554688,29013,2021-08-10 00:00:00+10:00
10.371845915596033,10.403395227611579,10.300860527707254,10.308747291564941,19623,2021-08-11 00:00:00+10:00
10.253535834888234,10.27719763004648,10.103676795959473,10.103676795959473,59975,2021-08-12 00:00:00+10:00
10.356071185988391,10.379732980923837,10.277197533277034,10.292972564697266,56674,2021-08-13 00:00:00+10:00
10.300858791693312,10.403393474317365,10.300858791693312,10.363957405090332,75936,2021-08-16 00:00:00+10:00
10.403395412209436,10.403395412209436,10.229874569142448,10.285085678100586,55166,2021-08-17 00:00:00+10:00
10.229873095036277,10.458605766296387,10.143111933809964,10.458605766296387,56083,2021-08-18 00:00:00+10:00
10.356069742993439,10.387619049242982,10.324520436743896,10.33240795135498,44556,2021-08-19 00:00:00+10:00
10.348182015063715,10.490154266357422,10.348182015063715,10.490154266357422,87313,2021-08-20 00:00:00+10:00
10.521704315052189,10.5690279006958,10.498042522230383,10.5690279006958,36660,2021-08-23 00:00:00+10:00
10.561142252927501,10.647902670564154,10.561142252927501,10.62424087524414,37552,2021-08-24 00:00:00+10:00
10.624240443668274,10.624240443668274,10.521704998520184,10.529592514038086,39378,2021-08-25 00:00:00+10:00
10.529593913642419,10.545368194580078,10.490157083005803,10.545368194580078,39682,2021-08-26 00:00:00+10:00
10.545365984272927,10.608464599188059,10.521704191728459,10.561141014099121,66865,2021-08-27 00:00:00+10:00
10.569028190779955,10.632126808166504,10.553253912530744,10.632126808166504,24890,2021-08-30 00:00:00+10:00
10.584800237094738,10.76620852288866,10.584800237094738,10.758321762084961,44500,2021-08-31 00:00:00+10:00
10.758324746712908,10.774099024891122,10.66367682105908,10.76621150970459,45760,2021-09-01 00:00:00+10:00
10.76621150970459,10.797760818255865,10.679451099237294,10.76621150970459,39831,2021-09-02 00:00:00+10:00
10.829310417175293,10.860860478767375,10.8056486231761,10.829310417175293,16609,2021-09-03 00:00:00+10:00
10.845085324307997,10.86086035492416,10.703113057541973,10.821423530578613,39624,2021-09-06 00:00:00+10:00
10.821423530578613,10.884522148653543,10.781986706233067,10.821423530578613,49334,2021-09-07 00:00:00+10:00
10.797761363131125,10.797761363131125,10.65578984358366,10.695226669311523,36390,2021-09-08 00:00:00+10:00
10.72677295188637,10.742547226408385,10.553251418976135,10.584800720214844,64781,2021-09-09 00:00:00+10:00
10.640011809333915,10.640011809333915,10.529589631095773,10.584800720214844,62867,2021-09-10 00:00:00+10:00
10.52959168425894,10.576915269247282,10.466493069477934,10.53747844696045,59188,2021-09-13 00:00:00+10:00
10.56902853422584,10.663677215576172,10.521704945745551,10.663677215576172,51521,2021-09-14 00:00:00+10:00
10.63212743915505,10.797761507673396,10.63212743915505,10.726776123046875,110142,2021-09-15 00:00:00+10:00
10.876634757368546,10.884522272766567,10.734662488983654,10.829310417175293,34076,2021-09-16 00:00:00+10:00
10.845084840997494,10.860859870910645,10.750436918103077,10.860859870910645,92623,2021-09-17 00:00:00+10:00
10.84508519233111,10.84508519233111,10.600577486120091,10.711000442504883,103459,2021-09-20 00:00:00+10:00
10.647901825197817,10.726775472929074,10.600577486120091,10.711000442504883,47001,2021-09-21 00:00:00+10:00
10.655788675804748,10.88452133732544,10.655788675804748,10.852972030639648,53278,2021-09-22 00:00:00+10:00
10.87663266485484,10.931843757629395,10.845083361527276,10.931843757629395,86908,2021-09-23 00:00:00+10:00
10.916071840314714,10.916071840314714,10.671564122557873,10.695226669311523,74348,2021-09-24 00:00:00+10:00
10.703112927292786,10.734662235946319,10.67945113385135,10.711000442504883,44180,2021-09-27 00:00:00+10:00
10.687337614401002,10.687337614401002,10.466492475206731,10.490154266357422,47984,2021-09-28 00:00:00+10:00
10.19725319140823,10.42702809916345,10.19725319140823,10.339872360229492,70450,2021-09-29 00:00:00+10:00
10.300256128637823,10.530031042821006,10.284409218048912,10.474568367004395,123445,2021-09-30 00:00:00+10:00
10.30817747648981,10.30817747648981,10.236867904663086,10.236867904663086,55437,2021-10-01 00:00:00+10:00
10.276485516227904,10.434950828552246,10.276485516227904,10.434950828552246,30715,2021-10-04 00:00:00+11:00
10.379489541208756,10.379489541208756,10.252716518834594,10.324026107788086,53473,2021-10-05 00:00:00+11:00
10.37156496137067,10.411181479341835,10.252715407457172,10.268562316894531,75161,2021-10-06 00:00:00+11:00
10.260638147911376,10.411180754597773,10.260638147911376,10.363640785217285,53614,2021-10-07 00:00:00+11:00
10.38741039209644,10.39533384626355,10.324024270003909,10.363640785217285,36633,2021-10-08 00:00:00+11:00
10.260640082252216,10.276486993573904,10.205177403870943,10.221023559570312,70741,2021-10-11 00:00:00+11:00
10.110096836867603,10.284408304121644,10.110096836867603,10.213099479675293,34840,2021-10-12 00:00:00+11:00
10.205176646481025,10.395335034494533,10.205176646481025,10.339872360229492,81107,2021-10-13 00:00:00+11:00
10.427027834415549,10.553800089872405,10.427027834415549,10.506260871887207,99784,2021-10-14 00:00:00+11:00
10.545876831221339,10.545876831221339,10.442874190220815,10.53795337677002,52811,2021-10-15 00:00:00+11:00
10.553800523277376,10.553800523277376,10.39533519744873,10.39533519744873,31473,2021-10-18 00:00:00+11:00
10.434951451676751,10.59341677346387,10.434951451676751,10.561723709106445,34195,2021-10-19 00:00:00+11:00
10.57757196495409,10.64888080211472,10.569648508951015,10.59341812133789,39639,2021-10-20 00:00:00+11:00
10.672649614233062,10.775652260389963,10.617186185919506,10.767728805541992,55623,2021-10-21 00:00:00+11:00
10.775651474709777,10.89450026627481,10.767728020439524,10.823190689086914,63535,2021-10-22 00:00:00+11:00
10.91034787202046,10.942040935504565,10.815267925945903,10.870731353759766,54144,2021-10-25 00:00:00+11:00
10.926193097537869,10.926193097537869,10.82319046106124,10.846960067749023,36006,2021-10-26 00:00:00+11:00
10.894500036746766,10.957886158328973,10.81526700695792,10.846960067749023,50162,2021-10-27 00:00:00+11:00
10.846959567935514,10.846959567935514,10.791496903012272,10.799420356750488,39322,2021-10-28 00:00:00+11:00
10.84696128832326,10.84696128832326,10.553800254111525,10.561723709106445,53045,2021-10-29 00:00:00+11:00
10.617185561841099,10.688495140036778,10.601339408698838,10.640955924987793,44217,2021-11-01 00:00:00+11:00
10.79149999550662,10.839039975937201,10.73603731468957,10.775653839111328,34101,2021-11-02 00:00:00+11:00
10.886575751085806,10.94203916995036,10.807343482971191,10.807343482971191,40560,2021-11-03 00:00:00+11:00
10.894499778747559,10.910346686578917,10.839037112582115,10.894499778747559,43898,2021-11-04 00:00:00+11:00
10.989578574488151,11.076734297645721,10.973732422833196,10.98165512084961,19593,2021-11-05 00:00:00+11:00
11.013349434099332,11.037119797722179,10.997503280639648,10.997503280639648,33958,2021-11-08 00:00:00+11:00
11.132197717493382,11.132197717493382,10.94203936390116,10.98165512084961,37628,2021-11-09 00:00:00+11:00
11.021273150962497,11.029196605692034,10.910347807237885,10.949963569641113,34200,2021-11-10 00:00:00+11:00
10.910349568771897,10.910349568771897,10.712267702285455,10.775653839111328,74186,2021-11-11 00:00:00+11:00
10.783573122476904,10.84695923921744,10.751880064106635,10.807343482971191,32012,2021-11-12 00:00:00+11:00
10.80734581695354,10.870731947383108,10.783575451325742,10.815268516540527,34151,2021-11-15 00:00:00+11:00
10.83111651992838,10.84696267632367,10.759806927093683,10.775653839111328,42916,2021-11-16 00:00:00+11:00
10.823191971749793,10.870731947383108,10.775652751738754,10.815268516540527,52327,2021-11-17 00:00:00+11:00
10.831117890080016,10.989583252190789,10.831117890080016,10.965813636779785,34473,2021-11-18 00:00:00+11:00
10.973732422833196,11.013348179781646,10.870729792398544,10.98165512084961,76039,2021-11-19 00:00:00+11:00
10.99750670920194,11.013352867601792,10.87073441951332,10.965813636779785,55891,2021-11-22 00:00:00+11:00
10.886578639354164,11.124277018004905,10.886578639354164,11.108430862426758,73194,2021-11-23 00:00:00+11:00
11.045043352071707,11.116352937218695,11.045043352071707,11.100506782531738,23168,2021-11-24 00:00:00+11:00
11.1718168258667,11.235202958458718,11.10843069327468,11.1718168258667,71510,2021-11-25 00:00:00+11:00
11.179739067211068,11.2352024976711,11.076736417067893,11.100506782531738,103952,2021-11-26 00:00:00+11:00
10.894503321113733,10.96581291829697,10.894503321113733,10.94204330444336,156672,2021-11-29 00:00:00+11:00
10.942040775101724,11.10050609019926,10.93411732044129,11.052966117858887,85899,2021-11-30 00:00:00+11:00
11.013349828772238,11.013349828772238,10.85488451038559,10.910347938537598,73719,2021-12-01 00:00:00+11:00
10.894501390155748,10.910348300331025,10.831115260699168,10.878654479980469,67020,2021-12-02 00:00:00+11:00
10.894500106681038,10.965809682824316,10.87073049984067,10.886576652526855,50148,2021-12-03 00:00:00+11:00
10.894500313462922,11.005426406860352,10.88657685915835,11.005426406860352,63639,2021-12-06 00:00:00+11:00
11.04504247061236,11.155968567057595,11.04504247061236,11.140122413635254,51642,2021-12-07 00:00:00+11:00
11.203508148620012,11.243123908608105,11.11635166315296,11.227277755737305,26824,2021-12-08 00:00:00+11:00
11.155969780525862,11.227279367738484,11.148046325141728,11.211432456970215,26349,2021-12-09 00:00:00+11:00
11.155969290935275,11.171816201008086,11.092583161888548,11.16389274597168,32079,2021-12-10 00:00:00+11:00
11.251048382934764,11.401591004778385,11.251048382934764,11.385744094848633,19250,2021-12-13 00:00:00+11:00
11.385746177187986,11.52836537015036,11.385746177187986,11.504595756530762,77564,2021-12-14 00:00:00+11:00
11.417437721563019,11.417437721563019,11.322358524167221,11.35405158996582,46926,2021-12-15 00:00:00+11:00
11.148044703973053,11.488745679722545,11.148044703973053,11.36989688873291,73990,2021-12-16 00:00:00+11:00
11.385742982333298,11.496669074136067,11.346126467002154,11.449129104614258,27062,2021-12-17 00:00:00+11:00
11.480825896216656,11.480825896216656,11.330283995789381,11.433286666870117,45870,2021-12-20 00:00:00+11:00
11.417438349151462,11.48082448423284,11.36197566986084,11.36197566986084,42443,2021-12-21 00:00:00+11:00
11.361976743463009,11.361976743463009,11.211434091703092,11.258974075317383,42507,2021-12-22 00:00:00+11:00
11.306510072191008,11.385742342780532,11.306510072191008,11.322356224060059,47997,2021-12-23 00:00:00+11:00
11.3302811923302,11.417436928315468,11.3302811923302,11.409513473510742,6234,2021-12-24 00:00:00+11:00
11.544209936963412,11.623442978943025,11.480823805628638,11.615519523620605,25565,2021-12-29 00:00:00+11:00
11.683526992797852,11.707435771351319,11.611799897091084,11.683526992797852,10712,2021-12-30 00:00:00+11:00
11.739314715964863,11.739314715964863,11.619770059893936,11.627739906311035,2777,2021-12-31 00:00:00+11:00
11.627739135269412,11.779162406921387,11.579920819984068,11.779162406921387,51859,2022-01-04 00:00:00+11:00
11.795101749309385,11.819010526220675,11.651647567749023,11.651647567749023,16266,2022-01-05 00:00:00+11:00
11.444436478415312,11.460376170190246,11.117680397492565,11.149559020996094,56824,2022-01-06 00:00:00+11:00
11.332861248507296,11.372709716394526,11.26910400390625,11.26910400390625,24405,2022-01-07 00:00:00+11:00
11.308952793468745,11.308952793468745,11.16549935941797,11.213316917419434,31029,2022-01-10 00:00:00+11:00
11.213315916855175,11.213315916855175,11.014074336185843,11.02204418182373,95707,2022-01-11 00:00:00+11:00
11.006107330322266,11.045955045948757,10.990167636034505,11.006107330322266,17504,2022-01-12 00:00:00+11:00
11.069862965370731,11.069862965370731,10.934378623962402,10.934378623962402,34818,2022-01-13 00:00:00+11:00
10.95031688069209,10.958286726176786,10.854681015014648,10.854681015014648,52255,2022-01-14 00:00:00+11:00
10.759046247024685,10.822803497314453,10.719197775581984,10.822803497314453,81322,2022-01-17 00:00:00+11:00
10.790923931931733,10.870620867872956,10.790923931931733,10.830772399902344,63623,2022-01-18 00:00:00+11:00
10.798895660786465,10.894531544566373,10.719198710946655,10.814834594726562,59089,2022-01-19 00:00:00+11:00
10.607621696752972,10.73513618205565,10.591682006066995,10.70325756072998,45169,2022-01-20 00:00:00+11:00
10.687319586879878,10.687319586879878,10.488077981576238,10.535896301269531,83686,2022-01-21 00:00:00+11:00
10.424321660669301,10.727169019012475,10.400412878708295,10.71122932434082,53565,2022-01-24 00:00:00+11:00
10.63950165603307,10.63950165603307,10.296805863652217,10.384471893310547,130425,2022-01-25 00:00:00+11:00
10.041775703430176,10.408380232540708,9.954108923831082,10.041775703430176,80585,2022-01-27 00:00:00+11:00
10.08959486250909,10.320715096356349,10.06568608246873,10.280866622924805,83888,2022-01-28 00:00:00+11:00
10.336654992809489,10.535896603834864,10.241019110722881,10.4641695022583,61540,2022-01-31 00:00:00+11:00
10.440259316204832,10.55980396270752,10.416349778867234,10.55980396270752,80224,2022-02-01 00:00:00+11:00
10.519957384992768,10.639502813032033,10.519957384992768,10.551836013793945,43149,2022-02-02 00:00:00+11:00
10.599653554162984,10.599653554162984,10.504017674822805,10.535896301269531,123859,2022-02-03 00:00:00+11:00
10.655440774497189,10.655440774497189,10.519956424451184,10.543865203857422,35367,2022-02-04 00:00:00+11:00
10.472138558426932,10.472138558426932,10.344623298559545,10.44025993347168,56239,2022-02-07 00:00:00+11:00
10.424320546779837,10.551835050341632,10.36056329499894,10.543865203857422,64349,2022-02-08 00:00:00+11:00
10.591682293966944,10.63153076171875,10.464167805198205,10.63153076171875,34912,2022-02-09 00:00:00+11:00
10.655441284179688,10.759047013291024,10.615592809898953,10.655441284179688,40270,2022-02-10 00:00:00+11:00
10.496047628024545,10.496047628024545,10.296806026520734,10.360563278198242,37981,2022-02-11 00:00:00+11:00
10.280864429721351,10.408379669508914,10.280864429721351,10.352591514587402,75156,2022-02-14 00:00:00+11:00
10.28883667174297,10.496048129620505,10.241019110722881,10.4641695022583,54947,2022-02-15 00:00:00+11:00
10.583713589176776,10.798894882202148,10.567774656385852,10.798894882202148,34396,2022-02-16 00:00:00+11:00
10.950317997893993,11.014075248183762,10.822803497314453,10.822803497314453,46565,2022-02-17 00:00:00+11:00
10.7510767080398,10.870622125785033,10.68731945592757,10.75904655456543,60531,2022-02-18 00:00:00+11:00
10.679350547042084,10.76701734642829,10.615593289332006,10.751077651977539,83144,2022-02-21 00:00:00+11:00
10.695288311378105,10.695288311378105,10.51995550429342,10.567773818969727,41468,2022-02-22 00:00:00+11:00
10.519956588745117,10.559805061742104,10.448229489359822,10.519956588745117,50230,2022-02-23 00:00:00+11:00
10.623562459958801,10.623562459958801,10.304776191711426,10.304776191711426,154063,2022-02-24 00:00:00+11:00
10.38446955730517,10.551832492674386,10.38446955730517,10.488075256347656,34679,2022-02-25 00:00:00+11:00
10.51198564807865,10.631531054627661,10.464168093496104,10.55980396270752,54783,2022-02-28 00:00:00+11:00
10.63950091096102,10.719197088693093,10.559803973182621,10.567773818969727,28332,2022-03-01 00:00:00+11:00
10.45619963657169,10.48807826387647,10.344624060981742,10.448229789733887,47187,2022-03-02 00:00:00+11:00
10.448229019675715,10.583713365747137,10.432290087221272,10.44025993347168,45414,2022-03-03 00:00:00+11:00
10.408380143900066,10.408380143900066,10.241017191599996,10.272895812988281,71470,2022-03-04 00:00:00+11:00
10.272894613427875,10.328682004331538,10.073653063004848,10.097561836242676,52982,2022-03-07 00:00:00+11:00
10.360562423236159,10.360562423236159,10.121472369152212,10.12944221496582,76912,2022-03-08 00:00:00+11:00
10.105533939855498,10.241018285235619,10.081624401226275,10.233048439025879,34755,2022-03-09 00:00:00+11:00
10.225076466488346,10.511984029958628,10.225076466488346,10.488075256347656,69607,2022-03-10 00:00:00+11:00
10.400412210454183,10.43229083770273,10.241019074211438,10.2569580078125,55222,2022-03-11 00:00:00+11:00
10.177261369637003,10.400411750508283,10.16132167669443,10.360563278198242,34966,2022-03-14 00:00:00+11:00
10.392442537534489,10.464169640055589,10.360563909752491,10.416351318359375,23756,2022-03-15 00:00:00+11:00
10.559805061742104,10.559805061742104,10.43229055618887,10.519956588745117,47718,2022-03-16 00:00:00+11:00
10.599652290344238,10.60762213601726,10.511985508033629,10.599652290344238,61675,2022-03-17 00:00:00+11:00
10.527924411145996,10.615590426846666,10.527924411145996,10.575742721557617,46475,2022-03-18 00:00:00+11:00
10.655440474119981,10.67934925285223,10.591683224136403,10.615592002868652,41217,2022-03-21 00:00:00+11:00
10.631531065173915,10.6474699967018,10.504016572765538,10.567773818969727,44067,2022-03-22 00:00:00+11:00
10.607620863402651,10.711225804537008,10.59168117396892,10.647468566894531,34144,2022-03-23 00:00:00+11:00
10.647469833644777,10.647469833644777,10.55980381146813,10.591682434082031,19363,2022-03-24 00:00:00+11:00
10.591684654489306,10.727169019012475,10.591684654489306,10.71122932434082,42614,2022-03-25 00:00:00+11:00
10.75107475295896,10.75107475295896,10.575742721557617,10.575742721557617,17061,2022-03-28 00:00:00+11:00
10.599654501825134,10.790926277606145,10.599654501825134,10.71122932434082,45253,2022-03-29 00:00:00+11:00
10.872340653596652,10.880394423597929,10.783751487731934,10.783751487731934,31327,2022-03-30 00:00:00+11:00
10.783753378703539,10.872342560102702,10.711270972081534,10.767645835876465,26309,2022-03-31 00:00:00+11:00
10.71932396141847,10.775698821100317,10.679055875338639,10.751538276672363,26581,2022-04-01 00:00:00+11:00
10.751537950525519,10.840127122773916,10.751537950525519,10.791805267333984,29058,2022-04-04 00:00:00+10:00
10.864286735716206,10.864286735716206,10.783751340948973,10.81596565246582,39221,2022-04-05 00:00:00+10:00
10.759589662245588,10.759589662245588,10.630732420597697,10.687108039855957,40755,2022-04-06 00:00:00+10:00
10.687109628691356,10.791805577057938,10.679055857878586,10.735430717468262,30252,2022-04-07 00:00:00+10:00
10.807911511888419,10.815965281503848,10.687108039855957,10.687108039855957,40180,2022-04-08 00:00:00+10:00
10.638786973492563,10.72737614163542,10.638786973492563,10.703215599060059,31254,2022-04-11 00:00:00+10:00
10.654895133285677,10.711270764035532,10.590466499328613,10.590466499328613,15713,2022-04-12 00:00:00+10:00
10.517984239919944,10.582412870065406,10.509930469139297,10.550198554992676,22468,2022-04-13 00:00:00+10:00
10.517983142628317,10.630732849595304,10.517983142628317,10.582411766052246,37391,2022-04-14 00:00:00+10:00
10.509929372687882,10.598518537883342,10.509929372687882,10.582411766052246,32199,2022-04-19 00:00:00+10:00
10.614625930786133,10.68710832314685,10.5985183911283,10.614625930786133,50510,2022-04-20 00:00:00+10:00
10.904554817124708,10.904554817124708,10.622679015314967,10.81596565246582,77260,2022-04-21 00:00:00+10:00
10.62267944239176,10.77569800428611,10.62267944239176,10.71126937866211,87476,2022-04-22 00:00:00+10:00
10.550199829720139,10.703217652791523,10.550199829720139,10.662949562072754,35218,2022-04-26 00:00:00+10:00
10.534092286212651,10.695163881037779,10.50993173900137,10.662949562072754,46547,2022-04-27 00:00:00+10:00
10.630734141876395,10.695162773132324,10.614627368087348,10.695162773132324,72513,2022-04-28 00:00:00+10:00
10.751539061099304,10.856235017275628,10.751539061099304,10.767645835876465,30770,2022-04-29 00:00:00+10:00
10.526037816180338,10.60657399227525,10.373020003259882,10.389126777648926,30249,2022-05-02 00:00:00+10:00
10.356911308889197,10.356911308889197,10.228054055909208,10.23610782623291,41654,2022-05-03 00:00:00+10:00
10.284430592629036,10.284430592629036,10.04282283782959,10.04282283782959,47019,2022-05-04 00:00:00+10:00
10.187786754003698,10.252215385437012,10.091143806853728,10.252215385437012,38695,2022-05-05 00:00:00+10:00
10.147520334379873,10.147520334379873,9.881752014160156,9.881752014160156,26796,2022-05-06 00:00:00+10:00
9.849536847320165,9.849536847320165,9.471018799211247,9.479072570800781,84732,2022-05-09 00:00:00+10:00
9.462964049077023,9.487124593297304,9.326053018412347,9.454910278320312,271995,2022-05-10 00:00:00+10:00
9.422694577886096,9.551551818847656,9.398534037218239,9.551551818847656,65871,2022-05-11 00:00:00+10:00
9.583767991149836,9.583767991149836,9.350214004516602,9.350214004516602,99361,2022-05-12 00:00:00+10:00
9.495179521193009,9.656251115707109,9.495179521193009,9.63209056854248,29144,2022-05-13 00:00:00+10:00
9.6643055233282,9.841484672976547,9.648197978791986,9.68846607208252,47130,2022-05-16 00:00:00+10:00
9.696518715295307,9.696518715295307,9.527393357607892,9.543500900268555,30114,2022-05-17 00:00:00+10:00
9.640143085605738,9.712625485715906,9.59987500020566,9.696517944335938,29016,2022-05-18 00:00:00+10:00
9.50323142042325,9.688463525604012,9.50323142042325,9.640142440795898,25205,2022-05-19 00:00:00+10:00
9.575713157653809,9.688462859824583,9.567659388055969,9.575713157653809,27157,2022-05-20 00:00:00+10:00
9.640142570365295,9.680410653613148,9.56766017412912,9.59182071685791,33051,2022-05-23 00:00:00+10:00
9.591822477901468,9.680412430921683,9.575715702475032,9.63209056854248,38518,2022-05-24 00:00:00+10:00
9.66430377960205,9.744839951652011,9.632089464392038,9.66430377960205,32112,2022-05-25 00:00:00+10:00
9.744839148613206,9.744839148613206,9.632088670644615,9.640142440795898,21583,2022-05-26 00:00:00+10:00
9.785107287391368,9.785107287391368,9.62403571104889,9.680411338806152,28754,2022-05-27 00:00:00+10:00
9.680411379717526,9.865643501281738,9.680411379717526,9.865643501281738,18597,2022-05-30 00:00:00+10:00
9.865643492536172,9.865643492536172,9.785107320071035,9.857589721679688,29836,2022-05-31 00:00:00+10:00
9.93007066285279,9.93007066285279,9.768999109661495,9.777052879333496,43623,2022-06-01 00:00:00+10:00
9.752893924892309,9.752893924892309,9.65625096964568,9.672358512878418,31529,2022-06-02 00:00:00+10:00
9.825375212199312,9.849535756241606,9.688464182543226,9.704571723937988,59229,2022-06-03 00:00:00+10:00
9.704571856795976,9.704571856795976,9.632089455626941,9.65625,17713,2022-06-06 00:00:00+10:00
9.6481946768382,9.6481946768382,9.36631965637207,9.36631965637207,35347,2022-06-07 00:00:00+10:00
9.382427215576172,9.462963381360865,9.382427215576172,9.382427215576172,22340,2022-06-08 00:00:00+10:00
9.374374822051402,9.374374822051402,9.213302480024694,9.261624336242676,51983,2022-06-09 00:00:00+10:00
9.17303638560924,9.17303638560924,8.995857246586468,9.003911018371582,48697,2022-06-10 00:00:00+10:00
8.697875172062489,8.697875172062489,8.504589244873323,8.657607078552246,114696,2022-06-14 00:00:00+10:00
8.665658854815263,8.673712625272206,8.440157890319824,8.440157890319824,26448,2022-06-15 00:00:00+10:00
8.46431704014248,8.689817179001711,8.456263271742243,8.528745651245117,77877,2022-06-16 00:00:00+10:00
8.343515899873418,8.480426941045513,8.303248579099199,8.448212623596191,89177,2022-06-17 00:00:00+10:00
8.544854106785102,8.794515600129243,8.536801104844798,8.78646183013916,52310,2022-06-20 00:00:00+10:00
8.794515915729585,8.794515915729585,8.673712433742288,8.738141059875488,66730,2022-06-21 00:00:00+10:00
8.794516216526832,8.810622989586124,8.673712730407715,8.673712730407715,46919,2022-06-22 00:00:00+10:00
8.818676677649442,8.923373389729917,8.818676677649442,8.907266616821289,88810,2022-06-23 00:00:00+10:00
8.947533999913293,9.108606338500977,8.891159142237504,9.108606338500977,64818,2022-06-24 00:00:00+10:00
9.285785974824416,9.285785974824416,9.148874928794182,9.213303565979004,54459,2022-06-27 00:00:00+10:00
9.22941097983092,9.301893387659554,9.173036115097506,9.269679069519043,62728,2022-06-28 00:00:00+10:00
9.351463989100724,9.351463989100724,9.047626096619958,9.064505577087402,135978,2022-06-29 00:00:00+10:00
9.15734605969991,9.15734605969991,8.887267112731934,8.887267112731934,65759,2022-06-30 00:00:00+10:00
8.937907945334418,9.064506884233511,8.937907945334418,8.996987342834473,37716,2022-07-01 00:00:00+10:00
9.09826557639662,9.25862507188215,9.09826557639662,9.15734577178955,205720,2022-07-04 00:00:00+10:00
9.18266472316885,9.18266472316885,9.01386590204183,9.039185523986816,85000,2022-07-05 00:00:00+10:00
9.047626074747955,9.317704200744629,9.01386630899837,9.317704200744629,93159,2022-07-06 00:00:00+10:00
9.317704145314735,9.351463910863487,9.258624756828496,9.267064094543457,55909,2022-07-07 00:00:00+10:00
9.351463784929486,9.385223550023603,9.21642472455302,9.275504112243652,749959,2022-07-08 00:00:00+10:00
9.343025261626078,9.343025261626078,9.233305804831183,9.241745948791504,38988,2022-07-11 00:00:00+10:00
9.309263694940224,9.334584121936922,9.216424543974485,9.233304023742676,49652,2022-07-12 00:00:00+10:00
9.191105674404962,9.376783991539037,9.191105674404962,9.300825119018555,45043,2022-07-13 00:00:00+10:00
9.258625504734882,9.258625504734882,9.115146288338446,9.182665824890137,98120,2022-07-14 00:00:00+10:00
9.115146884555479,9.267065449285518,9.115146884555479,9.2501859664917,37858,2022-07-15 00:00:00+10:00
9.351463966494213,9.351463966494213,9.25018466924546,9.317704200744629,51131,2022-07-18 00:00:00+10:00
9.292385226869307,9.317704851726376,9.241745172258808,9.283945083618164,33441,2022-07-19 00:00:00+10:00
9.359905386342728,9.697503089904785,9.359905386342728,9.697503089904785,46497,2022-07-20 00:00:00+10:00
9.554023361795362,9.554023361795362,9.368345037057528,9.427424430847168,18118,2022-07-21 00:00:00+10:00
9.418984887085713,9.528704343177136,9.418984887085713,9.49494457244873,20380,2022-07-22 00:00:00+10:00
9.478062505078377,9.545582838754301,9.478062505078377,9.486502647399902,105870,2022-07-25 00:00:00+10:00
9.511824607849121,9.53714423399942,9.452744406969884,9.511824607849121,23050,2022-07-26 00:00:00+10:00
9.528704769833439,9.528704769833439,9.461185225353379,9.520264625549316,47198,2022-07-27 00:00:00+10:00
9.537141158108787,9.613100816957804,9.50338139916435,9.570900917053223,45515,2022-07-28 00:00:00+10:00
9.689063360583988,9.87474250793457,9.689063360583988,9.87474250793457,37339,2022-07-29 00:00:00+10:00
9.925379817159817,9.925379817159817,9.798780104324317,9.866299629211426,64256,2022-08-01 00:00:00+10:00
9.874740270128076,9.874740270128076,9.638421921079368,9.689061164855957,66218,2022-08-02 00:00:00+10:00
9.781902486847182,9.8072221122736,9.613103642510431,9.6721830368042,50935,2022-08-03 00:00:00+10:00
9.824102477493287,9.849422103121604,9.73126250869548,9.765022277832031,48195,2022-08-04 00:00:00+10:00
9.798780714722733,9.798780714722733,9.722821848165177,9.7903413772583,19906,2022-08-05 00:00:00+10:00
9.714381625807205,9.714381625807205,9.579342568732994,9.58778190612793,128199,2022-08-08 00:00:00+10:00
9.613103642510431,9.680623180245131,9.613103642510431,9.6721830368042,31197,2022-08-09 00:00:00+10:00
9.61310399262528,9.697503015419327,9.57934422252838,9.604663848876953,29444,2022-08-10 00:00:00+10:00
9.942260605465844,9.942260605465844,9.731261861178135,9.798781394958496,42530,2022-08-11 00:00:00+10:00
9.790340512051436,9.80721999038488,9.621540899339765,9.62998104095459,117033,2022-08-12 00:00:00+10:00
9.663742327397776,9.824101823798381,9.663742327397776,9.798781394958496,49643,2022-08-15 00:00:00+10:00
9.82410367004891,9.82410367004891,9.705944061279297,9.705944061279297,66105,2022-08-16 00:00:00+10:00
9.731262037850335,9.840981483459473,9.705942413447103,9.840981483459473,37638,2022-08-17 00:00:00+10:00
9.840979912410724,9.840979912410724,9.705940863956464,9.773460388183594,43574,2022-08-18 00:00:00+10:00
9.773463563310488,9.849423253967258,9.621544181996947,9.655303955078125,44149,2022-08-19 00:00:00+10:00
9.579342535452534,9.579342535452534,9.486502580364355,9.54558277130127,23164,2022-08-22 00:00:00+10:00
9.494943565744938,9.494943565744938,9.410543745424226,9.444303512573242,46775,2022-08-23 00:00:00+10:00
9.37678269022721,9.410542452738794,9.326143448907946,9.368343353271484,48462,2022-08-24 00:00:00+10:00
9.461183508361486,9.56246280670166,9.461183508361486,9.56246280670166,55477,2022-08-25 00:00:00+10:00
9.621544181996947,9.680624388561368,9.579345069317835,9.655303955078125,24041,2022-08-26 00:00:00+10:00
9.478062505078377,9.494942789721426,9.402103638873475,9.486502647399902,50766,2022-08-29 00:00:00+10:00
9.511822735017581,9.579342261388382,9.494942450976758,9.554021835327148,51369,2022-08-30 00:00:00+10:00
9.604664028540153,9.604664028540153,9.478064284636316,9.49494457244873,56912,2022-08-31 00:00:00+10:00
9.444303121081495,9.444303121081495,9.174224995084819,9.317704200744629,49696,2022-09-01 00:00:00+10:00
9.351463966494213,9.402104017566742,9.317704200744629,9.317704200744629,54216,2022-09-02 00:00:00+10:00
9.300825897946112,9.351465150534047,9.25018584046177,9.258625984191895,34725,2022-09-05 00:00:00+10:00
9.258624756828496,9.351463910863487,9.250184614217233,9.267064094543457,22745,2022-09-06 00:00:00+10:00
9.241743949202155,9.241743949202155,9.123585178908781,9.148904800415039,74348,2022-09-07 00:00:00+10:00
9.258623083931834,9.461181640625,9.25018294284558,9.461181640625,23238,2022-09-08 00:00:00+10:00
9.4274227364427,9.4274227364427,9.283943544544407,9.368343353271484,29775,2022-09-09 00:00:00+10:00
9.486501593229118,9.486501593229118,9.385222311314125,9.393662452697754,46714,2022-09-12 00:00:00+10:00
9.402104759251577,9.545583976229741,9.402104759251577,9.528703689575195,45802,2022-09-13 00:00:00+10:00
9.393665812653433,9.393665812653433,9.148907259255482,9.165786743164062,52673,2022-09-14 00:00:00+10:00
9.165785966305526,9.191106397367037,9.030746886896416,9.056066513061523,78163,2022-09-15 00:00:00+10:00
8.870387807703933,8.97166711299491,8.870387807703933,8.92946720123291,69151,2022-09-16 00:00:00+10:00
8.980106960723257,9.07294611962652,8.980106960723257,9.047626495361328,35877,2022-09-19 00:00:00+10:00
8.980107433231828,9.081386740517974,8.971667289733887,8.971667289733887,48437,2022-09-20 00:00:00+10:00
8.988546333307967,8.988546333307967,8.735348479893593,8.794427871704102,89620,2022-09-21 00:00:00+10:00
8.70158923360798,8.70158923360798,8.439950416540801,8.465270042419434,90136,2022-09-23 00:00:00+10:00
8.414630061378247,8.490589737327221,8.355549866253309,8.406189918518066,22881,2022-09-26 00:00:00+10:00
8.355548700432182,8.355548700432182,8.178309749579562,8.212069511413574,63723,2022-09-27 00:00:00+10:00
8.212070559325838,8.212070559325838,8.068592156894688,8.161431312561035,70838,2022-09-28 00:00:00+10:00
8.42429441579111,8.42429441579111,8.245416550546961,8.296524047851562,84293,2022-09-29 00:00:00+10:00
8.236896441526481,8.253931999206543,8.100608730730654,8.253931999206543,66112,2022-09-30 00:00:00+10:00
8.236896537193463,8.322076763599593,8.194306423990398,8.313558578491211,56363,2022-10-03 00:00:00+11:00
8.381703334151116,8.662796974182129,8.381703334151116,8.662796974182129,80378,2022-10-04 00:00:00+11:00
8.722421646118164,8.841673799668653,8.713903461077663,8.722421646118164,133187,2022-10-05 00:00:00+11:00
8.730940804420543,8.747977176400635,8.586134891945479,8.654278755187988,72879,2022-10-06 00:00:00+11:00
8.637243199882908,8.637243199882908,8.475400915346503,8.509472846984863,73779,2022-10-07 00:00:00+11:00
8.381703419450536,8.381703419450536,8.27096943704792,8.356149673461914,59956,2022-10-10 00:00:00+11:00
8.339112224623353,8.415774265030715,8.24541462653593,8.253931999206543,38014,2022-10-11 00:00:00+11:00
8.245415574971952,8.415775233062503,8.245415574971952,8.398738861083984,81124,2022-10-12 00:00:00+11:00
8.30504030237703,8.30504030237703,8.202824519213051,8.219860076904297,85919,2022-10-13 00:00:00+11:00
8.390219618611114,8.390219618611114,8.26244929424834,8.373183250427246,88588,2022-10-14 00:00:00+11:00
8.305042266845703,8.347632389656306,8.2624521440351,8.305042266845703,59818,2022-10-17 00:00:00+11:00
8.347630533106736,8.569098472595215,8.347630533106736,8.569098472595215,54692,2022-10-18 00:00:00+11:00
8.517990174121394,8.628724143865634,8.517990174121394,8.569098472595215,66593,2022-10-19 00:00:00+11:00
8.51799100917264,8.51799100917264,8.390221468970621,8.466882705688477,39321,2022-10-20 00:00:00+11:00
8.517990141148662,8.526508326251133,8.339112315690986,8.347630500793457,43590,2022-10-21 00:00:00+11:00
8.381704303664485,8.500955672417573,8.381704303664485,8.449848175048828,70801,2022-10-24 00:00:00+11:00
8.441328965332595,8.594653063540914,8.441328965332595,8.577616691589355,59012,2022-10-25 00:00:00+11:00
8.679832464012726,8.807602816304822,8.679832464012726,8.790566444396973,31264,2022-10-26 00:00:00+11:00
8.790566435257867,8.85871029814057,8.773530875706653,8.824638366699219,42118,2022-10-27 00:00:00+11:00
8.824638423330276,8.90981865864975,8.773530932009734,8.875746726989746,31579,2022-10-28 00:00:00+11:00
9.054624599928106,9.063142785954781,8.892782314777005,9.029070854187012,29484,2022-10-31 00:00:00+11:00
9.071658161461684,9.216464042663574,9.046104421349218,9.216464042663574,37445,2022-11-01 00:00:00+11:00
9.36979007488839,9.36979007488839,9.080178251690342,9.114250183105469,50641,2022-11-02 00:00:00+11:00
9.071661144266697,9.071661144266697,8.841675782956731,8.960927963256836,95309,2022-11-03 00:00:00+11:00
8.884264828689266,8.977962436780475,8.833156525514749,8.926854133605957,105964,2022-11-04 00:00:00+11:00
9.199431386397395,9.199431386397395,8.875747597704375,9.003517150878906,34964,2022-11-07 00:00:00+11:00
8.918334926110635,8.918334926110635,8.816119153119585,8.90981674194336,67916,2022-11-08 00:00:00+11:00
8.909818686830356,9.054624599928106,8.909818686830356,9.029070854187012,39443,2022-11-09 00:00:00+11:00
9.020551681518555,9.054623609559636,8.960926010531375,9.020551681518555,52364,2022-11-10 00:00:00+11:00
9.327199917976333,9.463487643058823,9.327199917976333,9.395343780517578,64916,2022-11-11 00:00:00+11:00
9.454970272338583,9.454970272338583,9.250537872314453,9.250537872314453,81680,2022-11-14 00:00:00+11:00
9.242019602513443,9.242019602513443,9.105731078267484,9.122767448425293,46790,2022-11-15 00:00:00+11:00
9.139803886413574,9.190912189469929,9.131286512853281,9.139803886413574,67228,2022-11-16 00:00:00+11:00
9.182392118400703,9.233500410964385,9.088694529762495,9.216464042663574,53461,2022-11-17 00:00:00+11:00
9.250535966926446,9.327197999602594,9.216464042663574,9.216464042663574,85921,2022-11-18 00:00:00+11:00
9.233502420989915,9.310164470354495,9.037588204576107,9.242020606994629,100988,2022-11-21 00:00:00+11:00
9.284610825322707,9.301647199007373,9.224985142104394,9.26757526397705,65975,2022-11-22 00:00:00+11:00
9.31016447983628,9.31016447983628,9.190912312665603,9.207948684692383,83901,2022-11-23 00:00:00+11:00
9.250537854488522,9.318681716918945,9.233502295050377,9.318681716918945,80174,2022-11-24 00:00:00+11:00
9.369791069725276,9.463488687980485,9.327200947849631,9.454971313476562,47156,2022-11-25 00:00:00+11:00
9.369790041247269,9.514595952326387,9.369790041247269,9.506077766418457,52569,2022-11-28 00:00:00+11:00
9.378309160637354,9.47200677793413,9.378309160637354,9.42941665649414,29897,2022-11-29 00:00:00+11:00
9.489041283167522,9.548666954040527,9.412379242137176,9.548666954040527,37615,2022-11-30 00:00:00+11:00
9.61681277035178,9.71902857511569,9.582740835430476,9.633849143981934,97197,2022-12-01 00:00:00+11:00
9.650882795959852,9.650882795959852,9.412379298695829,9.420897483825684,29172,2022-12-02 00:00:00+11:00
9.437933879802268,9.531631487534158,9.420898320368703,9.46348762512207,54306,2022-12-05 00:00:00+11:00
9.480523023707956,9.480523023707956,9.352752685546875,9.352752685546875,36315,2022-12-06 00:00:00+11:00
9.352752696438785,9.352752696438785,9.216464985445983,9.284608840942383,72580,2022-12-07 00:00:00+11:00
9.26757433400027,9.327200011235306,9.216466030413866,9.310164451599121,32169,2022-12-08 00:00:00+11:00
9.301645318644765,9.352752804689175,9.242019647480005,9.276091575622559,39000,2022-12-09 00:00:00+11:00
9.30164623260498,9.361271909628433,9.284609860690322,9.30164623260498,33622,2022-12-12 00:00:00+11:00
9.310164343369332,9.369790019911221,9.301646157480798,9.318681716918945,36838,2022-12-13 00:00:00+11:00
9.514595961357362,9.514595961357362,9.433674819833067,9.472005844116211,41294,2022-12-14 00:00:00+11:00
9.55718415849176,9.591256082971602,9.403860092163086,9.403860092163086,47639,2022-12-15 00:00:00+11:00
9.267575226209374,9.40386296577526,9.207949543234049,9.369791030883789,100699,2022-12-16 00:00:00+11:00
9.352752804689175,9.352752804689175,9.267573390502209,9.276091575622559,45442,2022-12-19 00:00:00+11:00
9.267572317321475,9.276090501455423,8.901298522949219,8.901298522949219,125227,2022-12-20 00:00:00+11:00
9.020553493759687,9.207949541803163,9.003517120147096,9.182394981384277,88097,2022-12-21 00:00:00+11:00
9.24202054089393,9.2505379144988,9.182394051626313,9.224984169006348,36998,2022-12-22 00:00:00+11:00
9.182394069945287,9.182394069945287,9.114250206936852,9.156840324401855,77879,2022-12-23 00:00:00+11:00
9.182394069945287,9.182394069945287,9.139803952480285,9.156840324401855,26241,2022-12-28 00:00:00+11:00
9.102635960639013,9.162466049194336,9.059901231101563,9.162466049194336,44584,2022-12-29 00:00:00+11:00
9.316312795496465,9.350501067925135,9.162465977123798,9.21374797821045,88543,2022-12-30 00:00:00+11:00
9.230841114280018,9.230841114280018,9.068446233674477,9.119729042053223,31921,2023-01-03 00:00:00+11:00
9.222295828387363,9.23939037322998,9.196654826236196,9.23939037322998,20871,2023-01-04 00:00:00+11:00
9.401782983846305,9.410330254913198,9.25648263615967,9.265029907226562,123662,2023-01-05 00:00:00+11:00
9.27357561551282,9.27357561551282,9.119728022685651,9.136821746826172,16534,2023-01-06 00:00:00+11:00
9.239388398252649,9.307764932781684,9.23084112765837,9.256482124328613,47378,2023-01-09 00:00:00+11:00
9.247934341430664,9.273576151793025,9.222293346180845,9.247934341430664,21821,2023-01-10 00:00:00+11:00
9.273577619880433,9.435971702321062,9.230842077623635,9.427424430847168,106797,2023-01-11 00:00:00+11:00
9.51289551493188,9.589819327968115,9.4616127012035,9.495800971984863,34803,2023-01-12 00:00:00+11:00
9.572724342346191,9.606912611546573,9.529988802067553,9.572724342346191,57400,2023-01-13 00:00:00+11:00
9.606913055164348,9.700931411141354,9.555631056552045,9.598365783691406,21595,2023-01-16 00:00:00+11:00
9.658195936565251,9.76076074962121,9.641101393499588,9.752213478088379,48995,2023-01-17 00:00:00+11:00
9.786401750016172,9.786401750016172,9.658195937462482,9.683836936950684,72045,2023-01-18 00:00:00+11:00
9.709476470947266,9.760759277296021,9.675288205085614,9.709476470947266,107213,2023-01-19 00:00:00+11:00
9.65819593701229,9.718025207519531,9.606913122925597,9.718025207519531,82937,2023-01-20 00:00:00+11:00
9.752214503065002,9.752214503065002,9.641102406798113,9.73512077331543,25804,2023-01-23 00:00:00+11:00
9.752213109178994,9.914608001708984,9.752213109178994,9.914608001708984,101654,2023-01-24 00:00:00+11:00
9.991530925793557,10.000078196941926,9.837684120686083,9.863325119018555,92724,2023-01-25 00:00:00+11:00
9.863325121179582,9.93170166015625,9.846231393991737,9.93170166015625,58286,2023-01-27 00:00:00+11:00
10.025719200709789,10.08554928366818,9.982984475170047,10.034266471862793,34372,2023-01-30 00:00:00+11:00
9.991530412708716,10.034265951143377,9.914607421661447,9.9231538772583,20998,2023-01-31 00:00:00+11:00
10.042813743015799,10.08554928366818,9.974437204017041,10.034266471862793,49286,2023-02-01 00:00:00+11:00
10.22230191961828,10.22230191961828,10.111189844772008,10.145378112792969,48910,2023-02-02 00:00:00+11:00
10.247942565533426,10.393242903419436,10.247942565533426,10.37614917755127,45975,2023-02-03 00:00:00+11:00
10.324869105286785,10.359057381193848,10.188116001658528,10.205209732055664,41683,2023-02-06 00:00:00+11:00
10.188114541700125,10.188114541700125,9.991531372070312,9.991531372070312,58359,2023-02-07 00:00:00+11:00
10.042814256115243,10.042814256115243,9.965890442033352,9.974437713623047,46542,2023-02-08 00:00:00+11:00
9.940249823424466,9.948797095341812,9.786402189363121,9.812043190002441,80353,2023-02-09 00:00:00+11:00
9.777855939607766,9.803497758040356,9.735121205779048,9.794950485229492,30343,2023-02-10 00:00:00+11:00
9.786401748657227,9.837684562739188,9.786401748657227,9.786401748657227,37839,2023-02-13 00:00:00+11:00
9.863325630325049,9.923154901239863,9.863325630325049,9.871872901916504,35292,2023-02-14 00:00:00+11:00
9.897513389587402,9.931701659072004,9.84623139291682,9.897513389587402,20518,2023-02-15 00:00:00+11:00
9.914607571724702,10.102642639503063,9.863324761804396,10.094096183776855,62220,2023-02-16 00:00:00+11:00
10.085549350335834,10.085549350335834,9.914608001708984,9.914608001708984,103584,2023-02-17 00:00:00+11:00
9.940250408731238,9.940250408731238,9.837685585021973,9.837685585021973,67156,2023-02-20 00:00:00+11:00
9.803496361470279,9.820590089544098,9.726572547356392,9.769308090209961,38155,2023-02-21 00:00:00+11:00
9.769309035882463,9.863326587171098,9.752214491041205,9.837685585021973,72263,2023-02-22 00:00:00+11:00
9.863326587171098,9.863326587171098,9.752214491041205,9.837685585021973,19793,2023-02-23 00:00:00+11:00
9.931701729015346,10.000078268466085,9.914608001708984,9.914608001708984,403158,2023-02-24 00:00:00+11:00
9.91460785642502,9.931701583480898,9.735119239218808,9.74366569519043,102523,2023-02-27 00:00:00+11:00
9.812043190002441,9.914608822785146,9.760761188723801,9.812043190002441,104503,2023-02-28 00:00:00+11:00
9.81204274904701,9.81204274904701,9.709477935986303,9.718025207519531,87526,2023-03-01 00:00:00+11:00
9.829138332941941,9.829138332941941,9.615461412660595,9.666744232177734,36412,2023-03-02 00:00:00+11:00
9.718024692984745,9.718024692984745,9.615459885354479,9.641100883483887,34032,2023-03-03 00:00:00+11:00
9.675289664073542,9.812042748141868,9.675289664073542,9.786401748657227,32622,2023-03-06 00:00:00+11:00
9.79494952932984,9.846232346077475,9.735120255718199,9.829137802124023,83141,2023-03-07 00:00:00+11:00
9.769308462627226,9.80349673519084,9.752213918789062,9.777854919433594,33210,2023-03-08 00:00:00+11:00
9.871873278311138,9.923155279589777,9.777854917445776,9.812043190002441,106186,2023-03-09 00:00:00+11:00
9.726572410447506,9.726572410447506,9.598365783691406,9.598365783691406,157831,2023-03-10 00:00:00+11:00
9.572723894958479,9.572723894958479,9.38468801558804,9.512894630432129,135344,2023-03-13 00:00:00+11:00
9.495802886438728,9.504350159635457,9.341956044461785,9.461614608764648,286192,2023-03-14 00:00:00+11:00
9.512895073658893,9.572724340972822,9.495800531504837,9.538536071777344,33351,2023-03-15 00:00:00+11:00
9.632554423399384,9.632554423399384,9.393235723918403,9.538536071777344,130581,2023-03-16 00:00:00+11:00
9.529989761810858,9.529989761810858,9.359048398593833,9.40178394317627,72933,2023-03-17 00:00:00+11:00
9.333406369780684,9.333406369780684,9.145370483398438,9.145370483398438,58500,2023-03-20 00:00:00+11:00
9.247935363676248,9.282123632825947,9.188106096442434,9.230841636657715,55423,2023-03-21 00:00:00+11:00
9.273577104732045,9.282123560618512,9.128276758197986,9.179558753967285,34120,2023-03-22 00:00:00+11:00
9.000069699244538,9.128276312635112,8.974428702611458,9.119729042053223,26320,2023-03-23 00:00:00+11:00
9.111181771471333,9.119729042053223,9.059899778205173,9.119729042053223,49084,2023-03-24 00:00:00+11:00
9.111183160924435,9.239389793866486,9.059901159837784,9.21374797821045,118328,2023-03-27 00:00:00+11:00
9.213747535958998,9.273577621171917,9.213747535958998,9.222294807434082,246390,2023-03-28 00:00:00+11:00
9.196653808340523,9.222294807653714,9.171011993914659,9.188106536865234,138252,2023-03-29 00:00:00+11:00
9.254437973855667,9.254437973855667,9.13357748306036,9.150843620300293,41661,2023-03-30 00:00:00+11:00
9.19400691986084,9.271702887496545,9.19400691986084,9.19400691986084,67154,2023-03-31 00:00:00+11:00
9.28033491515764,9.392562319903737,9.28033491515764,9.383929252624512,59505,2023-04-03 00:00:00+10:00
9.401197577464961,9.470260485199752,9.375298369593311,9.452994346618652,59721,2023-04-04 00:00:00+10:00
9.513424862645486,9.530690177667339,9.40119743347168,9.40119743347168,50811,2023-04-05 00:00:00+10:00
9.418462600295852,9.418462600295852,9.254438405342587,9.271703720092773,86744,2023-04-06 00:00:00+10:00
9.271701847878415,9.418460698446802,9.271701847878415,9.383929252624512,41571,2023-04-11 00:00:00+10:00
9.40119743347168,9.461627270990348,9.349399841816542,9.40119743347168,33274,2023-04-12 00:00:00+10:00
9.496158316922042,9.496158316922042,9.34939944070603,9.427095413208008,34392,2023-04-13 00:00:00+10:00
9.461626317769747,9.461626317769747,9.392563418050566,9.418461799621582,76354,2023-04-14 00:00:00+10:00
9.478893142402091,9.539323806762695,9.418463301336326,9.539323806762695,89957,2023-04-17 00:00:00+10:00
9.573854432567726,9.582487501484747,9.461627006530762,9.461627006530762,39001,2023-04-18 00:00:00+10:00
9.478892726636818,9.478892726636818,9.401197572943644,9.435729026794434,77081,2023-04-19 00:00:00+10:00
9.461626339623256,9.591119071072136,9.461626339623256,9.530689239501953,46610,2023-04-20 00:00:00+10:00
9.539323257561371,9.547956326729409,9.48752566584794,9.51342487335205,44472,2023-04-21 00:00:00+10:00
9.55658750683112,9.634283474089047,9.530689125510044,9.625650405883789,24362,2023-04-24 00:00:00+10:00
9.660183493016977,9.660183493016977,9.54795688050261,9.651551246643066,43247,2023-04-26 00:00:00+10:00
9.642917903647184,9.642917903647184,9.504792086041734,9.599753379821777,59855,2023-04-27 00:00:00+10:00
9.634284295936089,9.694714131938433,9.599752843464069,9.686081886291504,136463,2023-04-28 00:00:00+10:00
9.711981091784192,9.806942388295496,9.711981091784192,9.763778686523438,63317,2023-05-01 00:00:00+10:00
9.720614016288707,9.763778540710984,9.52205753326416,9.52205753326416,75684,2023-05-02 00:00:00+10:00
9.547956457633196,9.547956457633196,9.401197572943644,9.435729026794434,50413,2023-05-03 00:00:00+10:00
9.504790744188966,9.660181855410125,9.444360090046859,9.625650405883789,39508,2023-05-04 00:00:00+10:00
9.617018599306753,9.832840374506947,9.617018599306753,9.824207305908203,79279,2023-05-05 00:00:00+10:00
9.841472217398788,9.876003667087058,9.815573835956261,9.850105285644531,62418,2023-05-08 00:00:00+10:00
9.867373328643161,9.867373328643161,9.703348293461042,9.720614433288574,93131,2023-05-09 00:00:00+10:00
9.703348293461042,9.798310415922751,9.642918450654399,9.720614433288574,44658,2023-05-10 00:00:00+10:00
9.755143982215628,9.806940744980631,9.729245600833126,9.73787784576416,78858,2023-05-11 00:00:00+10:00
9.72061335217891,9.815574640784329,9.72061335217891,9.798309326171875,110477,2023-05-12 00:00:00+10:00
9.798310149641868,9.90190451590718,9.789677079962715,9.893271446228027,84687,2023-05-15 00:00:00+10:00
9.8501056884097,9.8501056884097,9.798308923406706,9.824207305908203,96533,2023-05-16 00:00:00+10:00
9.78967707224564,9.806942388295496,9.729247231128888,9.763778686523438,45862,2023-05-17 00:00:00+10:00
9.789675699014785,9.806941012642776,9.694713592529297,9.694713592529297,65688,2023-05-18 00:00:00+10:00
9.729247234883262,9.789677076023334,9.729247234883262,9.781044006347656,38017,2023-05-19 00:00:00+10:00
9.772409562092069,9.789675699014785,9.694713592529297,9.694713592529297,74723,2023-05-22 00:00:00+10:00
9.755143311676486,9.798307826543455,9.70334572917719,9.789674758911133,40419,2023-05-23 00:00:00+10:00
9.711980133601259,9.755144654409548,9.668815612792969,9.668815612792969,67179,2023-05-24 00:00:00+10:00
9.599753514230477,9.625651899570405,9.522057534915865,9.617019653320312,96478,2023-05-25 00:00:00+10:00
9.62565299791139,9.634286068441389,9.53932476249615,9.55659008026123,92064,2023-05-26 00:00:00+10:00
9.651551113840705,9.755145478555734,9.651551113840705,9.729247093200684,40770,2023-05-29 00:00:00+10:00
9.729247227072117,9.737879473446027,9.651551246643066,9.651551246643066,143915,2023-05-30 00:00:00+10:00
9.660182379415797,9.668815448089347,9.504791259765625,9.504791259765625,46670,2023-05-31 00:00:00+10:00
9.539322450805654,9.582486969700556,9.496157931910751,9.565220832824707,27571,2023-06-01 00:00:00+10:00
9.565220568358114,9.642916535561795,9.496157669353662,9.60838508605957,46038,2023-06-02 00:00:00+10:00
9.686081886291504,9.763777860177242,9.686081886291504,9.686081886291504,57085,2023-06-05 00:00:00+10:00
9.608386583775394,9.711980948429934,9.591120444685558,9.617019653320312,92349,2023-06-06 00:00:00+10:00
9.642917899349307,9.642917899349307,9.530690466771194,9.582488059997559,53998,2023-06-07 00:00:00+10:00
9.539322409809307,9.582486928518705,9.340765953063965,9.340765953063965,87238,2023-06-08 00:00:00+10:00
9.375296993752288,9.418461510575765,9.32350023219986,9.349398612976074,49056,2023-06-09 00:00:00+10:00
9.358032905037803,9.444361126681876,9.280336929251783,9.306235313415527,104589,2023-06-13 00:00:00+10:00
9.427095253738306,9.461626705011186,9.271703311362977,9.280336380004883,71534,2023-06-14 00:00:00+10:00
9.34076608950864,9.409828991134622,9.34076608950864,9.3580322265625,56179,2023-06-15 00:00:00+10:00
9.3493988999024,9.452993249481173,9.3493988999024,9.418461799621582,33456,2023-06-16 00:00:00+10:00
9.435729710732465,9.522057939969438,9.42709664082031,9.496159553527832,44134,2023-06-19 00:00:00+10:00
9.556588047814046,9.703346922432424,9.539322733720866,9.634284019470215,96539,2023-06-20 00:00:00+10:00
9.642917643338437,9.755145072937012,9.634284574147442,9.755145072937012,343737,2023-06-21 00:00:00+10:00
9.686082551373124,9.686082551373124,9.32350186387342,9.39256477355957,81571,2023-06-22 00:00:00+10:00
9.418462167200891,9.418462167200891,9.142210557542745,9.168108940124512,104976,2023-06-23 00:00:00+10:00
9.107679100495202,9.194007316810646,9.099046031875236,9.150843620300293,122774,2023-06-26 00:00:00+10:00
9.25443813850224,9.340766356353557,9.25443813850224,9.314867973327637,111431,2023-06-27 00:00:00+10:00
9.358032385494258,9.504791259765625,9.358032385494258,9.504791259765625,177791,2023-06-28 00:00:00+10:00
9.893106123924222,9.893106123924222,9.475215485639023,9.511553764343262,43304,2023-06-29 00:00:00+10:00
9.584231022648414,9.584231022648414,9.411623536400782,9.529723167419434,84393,2023-06-30 00:00:00+10:00
9.547891361354672,9.566060066223145,9.447960452273126,9.566060066223145,96534,2023-07-03 00:00:00+10:00
9.566059921893949,9.665990829467773,9.566059921893949,9.665990829467773,70816,2023-07-04 00:00:00+10:00
9.656905340823373,9.693243613738957,9.611482283085703,9.6387357711792,46519,2023-07-05 00:00:00+10:00
9.53880607185873,9.629652190520789,9.53880607185873,9.611482620239258,154292,2023-07-06 00:00:00+10:00
9.566059825354703,9.566059825354703,9.329861469774858,9.338945388793945,79841,2023-07-07 00:00:00+10:00
9.39345278286126,9.39345278286126,9.257183607656913,9.293521881103516,60354,2023-07-10 00:00:00+10:00
9.311690898538517,9.447959199285112,9.29352132970685,9.429790496826172,58321,2023-07-11 00:00:00+10:00
9.493382958977149,9.556975588230994,9.447959899902344,9.447959899902344,28853,2023-07-12 00:00:00+10:00
9.584229265539845,9.765920639038086,9.584229265539845,9.765920639038086,49086,2023-07-13 00:00:00+10:00
9.765919800832647,9.847681128482511,9.711411960275159,9.83859634399414,47622,2023-07-14 00:00:00+10:00
9.856766250679584,9.856766250679584,9.702328374576936,9.8113431930542,37389,2023-07-17 00:00:00+10:00
9.838596193646644,9.838596193646644,9.67507354084577,9.684158325195312,69638,2023-07-18 00:00:00+10:00
9.729582364338437,9.79317412846962,9.693244089638789,9.765920639038086,20782,2023-07-19 00:00:00+10:00
9.856766928306486,9.929443478954317,9.747751235961914,9.747751235961914,68759,2023-07-20 00:00:00+10:00
9.765919148364386,9.793172633635939,9.647819557024096,9.729580879211426,23139,2023-07-21 00:00:00+10:00
9.765920135428816,9.847681465879955,9.747750565829556,9.8113431930542,64216,2023-07-24 00:00:00+10:00
9.865850509009483,9.874935294122107,9.62965216069084,9.784090042114258,39283,2023-07-25 00:00:00+10:00
9.756834364482977,9.793172633635939,9.684157826177056,9.729580879211426,57960,2023-07-26 00:00:00+10:00
9.802258410058167,10.074795889487858,9.793173625256866,10.056626319885254,68609,2023-07-27 00:00:00+10:00
10.074797060822206,10.074797060822206,9.738667781449264,9.8749361038208,74149,2023-07-28 00:00:00+10:00
9.947613532883457,9.947613532883457,9.82042998518295,9.884021759033203,19146,2023-07-31 00:00:00+10:00
10.29282619516013,10.29282619516013,9.865850811860746,9.920358657836914,62690,2023-08-01 00:00:00+10:00
9.956696168848982,9.956696168848982,9.702328262019636,9.738666534423828,99686,2023-08-02 00:00:00+10:00
9.711412852249891,9.711412852249891,9.620567598140427,9.675074577331543,482001,2023-08-03 00:00:00+10:00
9.638735070052835,9.656904638375346,9.529720259235878,9.620566368103027,45526,2023-08-04 00:00:00+10:00
9.556975833626522,9.693244147977124,9.538806262980941,9.675074577331543,73729,2023-08-07 00:00:00+10:00
9.656905340823373,9.68415882891687,9.611482283085703,9.6387357711792,23676,2023-08-08 00:00:00+10:00
9.638736618442719,9.656906189684033,9.547891361354672,9.566060066223145,34710,2023-08-09 00:00:00+10:00
9.820428346612875,9.820428346612875,9.575144346048994,9.611482620239258,62007,2023-08-10 00:00:00+10:00
9.656905679570288,9.656905679570288,9.584229131189758,9.611482620239258,68083,2023-08-11 00:00:00+10:00
9.538807954353093,9.647822798438085,9.511554459925085,9.529723167419434,345391,2023-08-14 00:00:00+10:00
9.502467744066669,9.529721232962435,9.420706411006577,9.447959899902344,28373,2023-08-15 00:00:00+10:00
9.420708142901804,9.511554277752493,9.384369862236117,9.466131210327148,63639,2023-08-16 00:00:00+10:00
9.402538256915522,9.584229637464459,9.311692133454633,9.566060066223145,45136,2023-08-17 00:00:00+10:00
9.529721502084975,9.838597272869059,9.529721502084975,9.7568359375,45420,2023-08-18 00:00:00+10:00
9.711412960637999,9.838597357458116,9.711412960637999,9.747751235961914,73899,2023-08-21 00:00:00+10:00
9.711412984444925,9.902189146956365,9.711412984444925,9.829512596130371,86293,2023-08-22 00:00:00+10:00
9.89310452350534,9.94761149955759,9.8113431930542,9.8113431930542,21601,2023-08-23 00:00:00+10:00
9.820428007352838,9.956696314265555,9.820428007352838,9.893104553222656,16488,2023-08-24 00:00:00+10:00
9.811345015453844,9.838598508542145,9.72049888332894,9.820429801940918,24805,2023-08-25 00:00:00+10:00
9.8295139054666,9.893106545689795,9.8295139054666,9.884021759033203,56250,2023-08-28 00:00:00+10:00
9.893106812823838,9.938529014587402,9.865852452118142,9.938529014587402,16379,2023-08-29 00:00:00+10:00
9.947612697962567,10.102050592670597,9.947612697962567,10.038458824157715,66794,2023-08-30 00:00:00+10:00
10.102049827575684,10.138388102027031,10.056626767918297,10.102049827575684,48884,2023-08-31 00:00:00+10:00
10.08388240096478,10.08388240096478,9.974866697427801,9.993036270141602,59164,2023-09-01 00:00:00+10:00
10.102049549009061,10.111134333964584,10.020288217154917,10.047542572021484,57629,2023-09-04 00:00:00+10:00
10.092964310687261,10.092964310687261,9.965780792514023,10.002119064331055,25638,2023-09-05 00:00:00+10:00
10.002119064331055,10.002119064331055,9.92035773614955,10.002119064331055,25105,2023-09-06 00:00:00+10:00
9.956697017267796,9.956697017267796,9.84768219076597,9.911273956298828,91473,2023-09-07 00:00:00+10:00
9.902189852140312,9.947612916234567,9.847682868325517,9.856767654418945,57037,2023-09-08 00:00:00+10:00
9.856768252359032,9.856768252359032,9.74775254537046,9.802260398864746,51366,2023-09-11 00:00:00+10:00
9.847682167023283,9.865850871543369,9.747751259857921,9.829512596130371,53202,2023-09-12 00:00:00+10:00
9.829511241503113,9.829511241503113,9.638735105282963,9.702327728271484,51511,2023-09-13 00:00:00+10:00
9.738666534423828,9.784089591522257,9.64782042022697,9.738666534423828,115341,2023-09-14 00:00:00+10:00
9.829511782247932,9.93852659946051,9.738666534423828,9.738666534423828,20947,2023-09-15 00:00:00+10:00
9.784089842857659,9.784089842857659,9.71141242980957,9.71141242980957,10040,2023-09-18 00:00:00+10:00
9.702329105029303,9.702329105029303,9.611482982939066,9.665990829467773,77603,2023-09-19 00:00:00+10:00
9.656905679570288,9.702328738901317,9.575144346048994,9.611482620239258,56894,2023-09-20 00:00:00+10:00
9.593314170837402,9.629652445991706,9.49338326438345,9.593314170837402,140556,2023-09-21 00:00:00+10:00
9.429790971750638,9.429790971750638,9.302606582641602,9.302606582641602,53243,2023-09-22 00:00:00+10:00
9.284438685074889,9.402538299560547,9.220846051814707,9.402538299560547,66147,2023-09-25 00:00:00+10:00
9.366200064088567,9.375283983417154,9.229930877685547,9.229930877685547,162104,2023-09-26 00:00:00+10:00
9.229929953796518,9.329860853763844,9.211761250585125,9.311691284179688,111330,2023-09-27 00:00:00+10:00
9.341487562845149,9.341487562845149,9.249904873775494,9.286538124084473,143106,2023-09-28 00:00:00+10:00
9.30485566667709,9.314014198938576,9.240747687658104,9.27738094329834,74177,2023-09-29 00:00:00+10:00
9.22243052837745,9.552130699157715,9.176639614351924,9.552130699157715,36925,2023-10-02 00:00:00+11:00
9.140004953034042,9.140004953034042,9.039263725280762,9.039263725280762,47118,2023-10-03 00:00:00+11:00
9.039263087782754,9.039263087782754,8.965996586691947,9.011788368225098,31948,2023-10-04 00:00:00+11:00
9.066739151096302,9.213273048400879,9.05758149215691,9.213273048400879,67656,2023-10-05 00:00:00+11:00
9.213272492629784,9.213272492629784,9.121688921514723,9.140005111694336,51981,2023-10-06 00:00:00+11:00
9.158321697773635,9.204113480943626,9.112529914603643,9.130846977233887,37395,2023-10-09 00:00:00+11:00
9.222428968097764,9.350645776531932,9.222428968097764,9.31401252746582,59658,2023-10-10 00:00:00+11:00
9.378119137192629,9.414752380954887,9.323169708251953,9.323169708251953,60687,2023-10-11 00:00:00+11:00
9.378120422363281,9.488020168710639,9.378120422363281,9.378120422363281,37318,2023-10-12 00:00:00+11:00
9.350645776531932,9.350645776531932,9.222428968097764,9.31401252746582,21954,2023-10-13 00:00:00+11:00
9.368962439640798,9.368962439640798,9.23158796702539,9.24074649810791,29144,2023-10-16 00:00:00+11:00
9.268221142379586,9.314012924013214,9.259062611371743,9.304854393005371,53584,2023-10-17 00:00:00+11:00
9.158322094834242,9.314013640318878,9.158322094834242,9.268221855163574,45196,2023-10-18 00:00:00+11:00
9.25906260137599,9.25906260137599,9.094213410440716,9.158321380615234,37369,2023-10-19 00:00:00+11:00
9.085055669854595,9.085055669854595,8.975155908534457,9.057580947875977,43196,2023-10-20 00:00:00+11:00
9.057580470755404,9.075896659974433,8.984313967068061,9.06673812866211,33785,2023-10-23 00:00:00+11:00
9.213272737927142,9.222430396557934,9.030105590820312,9.030105590820312,24888,2023-10-24 00:00:00+11:00
9.020946725024617,9.020946725024617,8.837779602428844,8.846938133239746,80918,2023-10-25 00:00:00+11:00
8.782830062417204,8.782830062417204,8.617980003356934,8.617980003356934,53404,2023-10-26 00:00:00+11:00
8.672931114557588,8.718722898900829,8.654614051458037,8.663772583007812,35945,2023-10-27 00:00:00+11:00
8.636297064766103,8.645454722065125,8.535554973826798,8.617980003356934,52133,2023-10-30 00:00:00+11:00
8.718721063065413,8.746195778523957,8.663770758742867,8.682086944580078,59691,2023-10-31 00:00:00+11:00
8.709563664698486,8.856096664050648,8.709563664698486,8.846938133239746,28292,2023-11-01 00:00:00+11:00
8.938522183912067,9.130846974442749,8.938522183912067,9.06673812866211,59062,2023-11-02 00:00:00+11:00
9.26822129819062,9.368962520753724,9.23158804694898,9.259062767028809,91176,2023-11-03 00:00:00+11:00
9.314014198938576,9.314014198938576,9.22243062313513,9.27738094329834,36859,2023-11-06 00:00:00+11:00
9.240746578110791,9.26822129819062,9.176638606789323,9.259062767028809,14767,2023-11-07 00:00:00+11:00
9.304855028566454,9.378121534822437,9.286538838705281,9.332329750061035,21312,2023-11-08 00:00:00+11:00
9.314013323518925,9.414754548709528,9.314013323518925,9.3598051071167,60850,2023-11-09 00:00:00+11:00
9.451387319499375,9.488020569830551,9.277379598777681,9.368962287902832,33631,2023-11-10 00:00:00+11:00
9.350645776531932,9.414753744046239,9.31401252746582,9.31401252746582,34168,2023-11-13 00:00:00+11:00
9.350647926330566,9.41475590858388,9.350647926330566,9.350647926330566,48437,2023-11-14 00:00:00+11:00
9.597921053764141,9.863513230703951,9.588763395536214,9.836037635803223,68875,2023-11-15 00:00:00+11:00
9.890987067603062,9.890987067603062,9.716978475750095,9.771928787231445,82179,2023-11-16 00:00:00+11:00
9.781087473610198,9.781087473610198,9.662029191345004,9.726137161254883,72267,2023-11-17 00:00:00+11:00
9.762770487484431,9.762770487484431,9.662029266357422,9.662029266357422,23913,2023-11-20 00:00:00+11:00
9.662029422873317,9.716978863139785,9.607079109201246,9.61623764038086,2501604,2023-11-21 00:00:00+11:00
9.652871451603328,9.652871451603328,9.478863716125488,9.478863716125488,65367,2023-11-22 00:00:00+11:00
9.451387804487561,9.515496650910986,9.414754552276587,9.506338119506836,47209,2023-11-23 00:00:00+11:00
9.515497683110144,9.561288598286838,9.49718061831489,9.52465534210205,73276,2023-11-24 00:00:00+11:00
9.478863716123984,9.579604944726333,9.414754867553711,9.414754867553711,138971,2023-11-27 00:00:00+11:00
9.460547362130102,9.561288598286838,9.460547362130102,9.52465534210205,20375,2023-11-28 00:00:00+11:00
9.506337886442322,9.716978863139785,9.506337886442322,9.61623764038086,55310,2023-11-29 00:00:00+11:00
9.561286932631926,9.625395774841309,9.423912464222166,9.625395774841309,44251,2023-11-30 00:00:00+11:00
9.652870178222656,9.652870178222656,9.57044515050962,9.652870178222656,15297,2023-12-01 00:00:00+11:00
9.735296329655185,9.836037556596333,9.735296329655185,9.817721366882324,47847,2023-12-04 00:00:00+11:00
9.735295368596688,9.735295368596688,9.625395620944907,9.671187400817871,16111,2023-12-05 00:00:00+11:00
9.735296330686436,9.991729100549204,9.735296330686436,9.964254379272461,45634,2023-12-06 00:00:00+11:00
10.019204142358241,10.019204142358241,9.927621444037321,9.936779975891113,69357,2023-12-07 00:00:00+11:00
9.900144117638103,9.973410606384277,9.863510873265016,9.973410606384277,82438,2023-12-08 00:00:00+11:00
9.98257056898841,10.019203821825947,9.945937316150872,9.964254379272461,37789,2023-12-11 00:00:00+11:00
10.019203585483575,10.092470962835995,9.955095612881532,10.074153900146484,43195,2023-12-12 00:00:00+11:00
10.10162783464073,10.174894332885742,10.064994585518225,10.174894332885742,67265,2023-12-13 00:00:00+11:00
10.376379008724745,10.587020874023438,10.376379008724745,10.587020874023438,97024,2023-12-14 00:00:00+11:00
10.587019834514788,10.651127804291017,10.49543627191539,10.504594802856445,41041,2023-12-15 00:00:00+11:00
10.513753497100852,10.513753497100852,10.339745759090658,10.376379013061523,92427,2023-12-18 00:00:00+11:00
10.358062034510219,10.504595039242236,10.358062034510219,10.477119445800781,40292,2023-12-19 00:00:00+11:00
10.504596943895983,10.577863459546398,10.458805153263034,10.541230201721191,54798,2023-12-20 00:00:00+11:00
10.39469520615159,10.559544398510859,10.30311164219209,10.458803176879883,59267,2023-12-21 00:00:00+11:00
10.394694812310936,10.513752218179533,10.394694812310936,10.467961311340332,44776,2023-12-22 00:00:00+11:00
10.54122932394499,10.651129088269176,10.54122932394499,10.62365436553955,68269,2023-12-27 00:00:00+11:00
10.873410177727605,10.873410177727605,10.659659801300696,10.734007835388184,21211,2023-12-28 00:00:00+11:00
10.715420383717072,10.864116451892048,10.715420383717072,10.734007835388184,8598,2023-12-29 00:00:00+11:00
10.75259261248184,10.78511976119817,10.659658028477802,10.678244590759277,29766,2024-01-02 00:00:00+11:00
10.678245814516712,10.678245814516712,10.427321434020996,10.427321434020996,21211,2024-01-03 00:00:00+11:00
10.455202643411015,10.464496369583467,10.315800296018272,10.380854606628418,11235,2024-01-04 00:00:00+11:00
10.3715585720188,10.427320030343965,10.3715585720188,10.399438858032227,39020,2024-01-05 00:00:00+11:00
10.399440794564045,10.418028246233133,10.315799920948583,10.352973937988281,17874,2024-01-08 00:00:00+11:00
10.40873374742535,10.492375501127887,10.40873374742535,10.436614036560059,26671,2024-01-09 00:00:00+11:00
10.445908415669258,10.520256448881971,10.445908415669258,10.501669883728027,50669,2024-01-10 00:00:00+11:00
10.566724230017119,10.59460452099965,10.538843939034589,10.548137664794922,22691,2024-01-11 00:00:00+11:00
10.520256251425353,10.585311443989294,10.501669686620264,10.557430267333984,12831,2024-01-12 00:00:00+11:00
10.576017746378767,10.576017746378767,10.501669714365082,10.510963439941406,3774,2024-01-15 00:00:00+11:00
10.548135878989099,10.548135878989099,10.455200409716733,10.492374420166016,18551,2024-01-16 00:00:00+11:00
10.483081393767335,10.483081393767335,10.380853079801737,10.408733367919922,151115,2024-01-17 00:00:00+11:00
10.380852584435479,10.380852584435479,10.194982528686523,10.194982528686523,57525,2024-01-18 00:00:00+11:00
10.250744311905025,10.325092342978076,10.250744311905025,10.27862548828125,81536,2024-01-19 00:00:00+11:00
10.352972010109289,10.45520031635739,10.352972010109289,10.399438858032227,83766,2024-01-22 00:00:00+11:00
10.427322351192169,10.427322351192169,10.371560880455966,10.380854606628418,23046,2024-01-23 00:00:00+11:00
10.40873267508055,10.492374420166016,10.334384654181985,10.492374420166016,41945,2024-01-24 00:00:00+11:00
10.520255790262595,10.520255790262595,10.380853458290643,10.436614036560059,14920,2024-01-25 00:00:00+11:00
10.436614494056323,10.566723992885754,10.399440478147692,10.557430267333984,30928,2024-01-29 00:00:00+11:00
10.594605141521347,10.66895317936161,10.594605141521347,10.659660339355469,60295,2024-01-30 00:00:00+11:00
10.678245874937575,10.873409677004512,10.659659310420858,10.854823112487793,66758,2024-01-31 00:00:00+11:00
10.845528538081084,10.845528538081084,10.678245039033566,10.70612621307373,20966,2024-02-01 00:00:00+11:00
10.780473129392979,11.105745483062787,10.780473129392979,11.096451759338379,144759,2024-02-02 00:00:00+11:00
11.022106199647538,11.022106199647538,10.873410132096577,10.975639343261719,75127,2024-02-05 00:00:00+11:00
10.901290346291455,10.901290346291455,10.761888005520373,10.88270378112793,27364,2024-02-06 00:00:00+11:00
10.910583745535012,11.0871609839462,10.882703455474777,10.99422550201416,103321,2024-02-07 00:00:00+11:00
11.059281008684405,11.18939052026016,11.059281008684405,11.077868461608887,71271,2024-02-08 00:00:00+11:00
11.087162596282118,11.152216911315918,11.087162596282118,11.152216911315918,18121,2024-02-09 00:00:00+11:00
11.133628128397788,11.142921854092576,11.08716127252078,11.124335289001465,8909,2024-02-12 00:00:00+11:00
11.124335079929985,11.16150909571202,11.08716106414795,11.08716106414795,69772,2024-02-13 00:00:00+11:00
10.91987804364547,10.984932352630395,10.808355991257676,10.96634578704834,29577,2024-02-14 00:00:00+11:00
10.994224109239376,11.403139114379883,10.994224109239376,11.403139114379883,43438,2024-02-15 00:00:00+11:00
11.570423454465162,11.570423454465162,11.421727388957576,11.458901405334473,12692,2024-02-16 00:00:00+11:00
11.477490118534066,11.477490118534066,11.15221677475107,11.207978248596191,23479,2024-02-19 00:00:00+11:00
11.291618177474653,11.31020562928804,11.22656386872477,11.300911903381348,25048,2024-02-20 00:00:00+11:00
11.300911903381348,11.375259938037923,11.273031611959752,11.300911903381348,29159,2024-02-21 00:00:00+11:00
11.310205591268685,11.310205591268685,11.13362834482902,11.254444122314453,22976,2024-02-22 00:00:00+11:00
11.29161858457215,11.356673781965956,11.282325744628906,11.282325744628906,20518,2024-02-23 00:00:00+11:00
11.319499763297431,11.356673781965956,11.217270547235099,11.282325744628906,40529,2024-02-26 00:00:00+11:00
11.28232374852462,11.28232374852462,11.11504025096332,11.189388275146484,25941,2024-02-27 00:00:00+11:00
11.207977058055993,11.263737639679523,11.133628138727179,11.217269897460938,46634,2024-02-28 00:00:00+11:00
11.282324067740682,11.449606683736626,11.282324067740682,11.412432670593262,60223,2024-02-29 00:00:00+11:00
11.273031565168836,11.551837137123,11.235857547994845,11.542543411254883,60874,2024-03-01 00:00:00+11:00
11.533249564092122,11.747000825318413,11.505369273079465,11.691239356994629,34197,2024-03-04 00:00:00+11:00
11.52395600558561,11.69123952668652,11.486781988263017,11.68194580078125,33147,2024-03-05 00:00:00+11:00
11.533249230091768,11.728413034125404,11.486781488884054,11.709826469421387,56225,2024-03-06 00:00:00+11:00
11.672652217989565,11.737706522587546,11.644771042048921,11.71911907196045,29858,2024-03-07 00:00:00+11:00
11.570421993058613,11.8213472366333,11.551835430366978,11.8213472366333,21978,2024-03-08 00:00:00+11:00
11.793467101871977,11.793467101871977,11.672652217989565,11.71911907196045,873817,2024-03-11 00:00:00+11:00
11.700533866882324,11.756294452644463,11.616892101940588,11.700533866882324,33708,2024-03-12 00:00:00+11:00
11.821349689859877,11.839936256408691,11.756294491192698,11.839936256408691,13517,2024-03-13 00:00:00+11:00
11.793467729586622,11.867816649753847,11.793467729586622,11.830641746520996,103374,2024-03-14 00:00:00+11:00
11.719118626042022,11.988630445790859,11.644770598959473,11.886402130126953,23465,2024-03-15 00:00:00+11:00
11.72841282397927,11.774880564354387,11.644771068563744,11.672652244567871,155136,2024-03-18 00:00:00+11:00
11.728413421526085,11.830641746520996,11.69123940459171,11.830641746520996,51844,2024-03-19 00:00:00+11:00
11.87710989806823,11.87710989806823,11.73770755134078,11.812055587768555,44202,2024-03-20 00:00:00+11:00
12.007220063649147,12.053687810540225,11.90499172952762,11.970046043395996,25612,2024-03-21 00:00:00+11:00
11.997925091150032,12.15591488239495,11.988631365477163,12.128034591674805,29209,2024-03-22 00:00:00+11:00
12.10015426003579,12.3975463901742,12.10015426003579,12.36966609954834,45617,2024-03-25 00:00:00+11:00
12.17450112175465,12.378957748413086,12.146619947511649,12.378957748413086,36188,2024-03-26 00:00:00+11:00
12.276269032904098,12.323304725178915,12.266861715022893,12.304490089416504,10117,2024-03-27 00:00:00+11:00
12.417375910211117,12.586704053060902,12.417375910211117,12.530261039733887,33170,2024-03-28 00:00:00+11:00
12.49263327494977,12.539668972170256,12.370340821029023,12.417376518249512,44553,2024-04-02 00:00:00+11:00
12.248047743308176,12.285676116985709,11.98464823043425,12.031683921813965,57159,2024-04-03 00:00:00+11:00
11.918799743570412,12.163384640386885,11.918799743570412,12.12575626373291,28419,2024-04-04 00:00:00+11:00
12.097533276488072,12.153976285220143,11.984648156155117,12.003462791442871,44231,2024-04-05 00:00:00+11:00
12.041091040134036,12.135161524204609,12.003462667079571,12.06931209564209,28820,2024-04-08 00:00:00+10:00
11.994056632838936,12.022277691366506,11.871764183044434,11.871764183044434,45510,2024-04-09 00:00:00+10:00
11.871764448105118,12.05990633770835,11.871764448105118,12.05049991607666,17376,2024-04-10 00:00:00+10:00
11.740064414696981,11.871764183044434,11.674214979088894,11.871764183044434,29338,2024-04-11 00:00:00+10:00
11.758879661560059,11.80121170011218,11.758879661560059,11.758879661560059,16574,2024-04-12 00:00:00+10:00
11.664806971590497,11.740063721306727,11.64599323272705,11.64599323272705,49248,2024-04-15 00:00:00+10:00
11.514293041660814,11.561328732757689,11.354372230210148,11.410815238952637,44806,2024-04-16 00:00:00+10:00
11.448443761290115,11.504885873635441,11.401408069581542,11.467257499694824,34197,2024-04-17 00:00:00+10:00
11.194451887590727,11.467257830820481,11.194451887590727,11.45785140991211,58485,2024-04-18 00:00:00+10:00
11.457851611315029,11.457851611315029,11.232080460052268,11.326151847839355,53937,2024-04-19 00:00:00+10:00
11.279116698000362,11.457852163990983,11.279116698000362,11.401409149169922,38025,2024-04-22 00:00:00+10:00
11.570737364223271,11.598958423233332,11.523701667785645,11.523701667785645,19950,2024-04-23 00:00:00+10:00
11.645994047375577,11.674215106210449,11.486073218759165,11.49548053741455,26335,2024-04-24 00:00:00+10:00
11.316744935718226,11.504886820912336,11.232080863098057,11.250895500183105,27320,2024-04-26 00:00:00+10:00
11.316745071487366,11.50488695893865,11.316745071487366,11.49548053741455,19643,2024-04-29 00:00:00+10:00
11.457850606960239,11.51429271697998,11.429628654819204,11.51429271697998,41941,2024-04-30 00:00:00+10:00
11.288523472603035,11.448444293568745,11.062753218462472,11.420223236083984,43321,2024-05-01 00:00:00+10:00
11.373187341818182,11.476665148860079,11.373187341818182,11.45785140991211,57853,2024-05-02 00:00:00+10:00
11.486073697076444,11.683622911409703,11.486073697076444,11.66480827331543,17874,2024-05-03 00:00:00+10:00
11.749470313344272,11.834134375826734,11.749470313344272,11.824727058410645,39297,2024-05-06 00:00:00+10:00
11.947020603332877,12.00346361594193,11.88587482871005,11.975241661071777,31223,2024-05-07 00:00:00+10:00
12.229234694685323,12.229234694685323,11.97524246655729,12.012871742248535,101191,2024-05-08 00:00:00+10:00
11.92820684808862,11.994056281769275,11.834135459575185,11.852950096130371,10621,2024-05-09 00:00:00+10:00
11.85294969437917,11.956427500531609,11.85294969437917,11.928206443786621,21371,2024-05-10 00:00:00+10:00
11.871764183044434,11.89057882015033,11.730657993275308,11.871764183044434,20044,2024-05-13 00:00:00+10:00
11.871764520648352,11.871764520648352,11.76828670501709,11.76828670501709,845536,2024-05-14 00:00:00+10:00
11.768286643270187,11.918800155082769,11.768286643270187,11.862357139587402,109400,2024-05-15 00:00:00+10:00
12.031684150780022,12.360933099572526,12.031684150780022,12.304490089416504,91596,2024-05-16 00:00:00+10:00
12.32330400696863,12.332710427170412,12.06931182176618,12.078719139099121,27125,2024-05-17 00:00:00+10:00
12.097534792684083,12.1257567491528,11.937613961219899,11.984649658203125,18447,2024-05-20 00:00:00+10:00
11.994055473798994,12.078719538331507,11.994055473798994,12.003462791442871,31460,2024-05-21 00:00:00+10:00
11.918800347283046,12.06931386152278,11.85295090908599,12.012871742248535,22896,2024-05-22 00:00:00+10:00
11.947020530700684,11.975241588268014,11.787099709267068,11.947020530700684,75219,2024-05-23 00:00:00+10:00
11.899985374027949,11.899985374027949,11.749471864030546,11.805914878845215,27812,2024-05-24 00:00:00+10:00
11.834134730286467,11.956427168965055,11.834134730286467,11.937612533569336,12624,2024-05-27 00:00:00+10:00
11.984649520123465,11.984649520123465,11.834136009216309,11.834136009216309,18660,2024-05-28 00:00:00+10:00
11.834135459575185,11.881171153831902,11.787099765318468,11.852950096130371,37214,2024-05-29 00:00:00+10:00
11.664806447505285,11.796506202157195,11.664806447505285,11.78709888458252,28539,2024-05-30 00:00:00+10:00
11.815321517947066,11.918799325835954,11.730657449160141,11.796506881713867,29074,2024-05-31 00:00:00+10:00
11.80591400171671,11.937612864614138,11.796506683757974,11.928206443786621,41254,2024-06-03 00:00:00+10:00
11.956428732585058,12.003464430094324,11.918800354003906,11.918800354003906,48826,2024-06-04 00:00:00+10:00
12.050499783919738,12.163384916443674,11.994056769092127,12.116349220275879,18893,2024-06-05 00:00:00+10:00
12.219826901574871,12.229234220132632,12.097534451717792,12.182198524475098,16276,2024-06-06 00:00:00+10:00
12.219827581719214,12.219827581719214,12.059906745861316,12.191606521606445,29992,2024-06-07 00:00:00+10:00
12.219826895322045,12.229234213874994,11.843543124516863,11.871764183044434,36587,2024-06-11 00:00:00+10:00
11.947019902727613,11.947019902727613,11.8059137251767,11.843542098999023,58339,2024-06-12 00:00:00+10:00
11.86235693255702,12.059906137646085,11.86235693255702,11.994056701660156,20366,2024-06-13 00:00:00+10:00
11.994056701660156,12.01287133887401,11.928207265674228,11.994056701660156,174917,2024-06-14 00:00:00+10:00
11.87176383555431,12.0316846577484,11.82472814129759,11.852950096130371,29423,2024-06-17 00:00:00+10:00
11.815321319675446,12.022276931980324,11.815321319675446,11.928206443786621,24426,2024-06-18 00:00:00+10:00
11.994056705250395,11.994056705250395,11.899985313415527,11.899985313415527,91435,2024-06-19 00:00:00+10:00
11.994056629809505,12.04109232543109,11.899985238566332,11.965835571289062,36233,2024-06-20 00:00:00+10:00
12.229232627901538,12.229232627901538,11.98464776003203,12.078719139099121,13964,2024-06-21 00:00:00+10:00
12.041092674009255,12.08812837099248,11.97524233938022,11.984649658203125,33417,2024-06-24 00:00:00+10:00
11.956428261876463,12.182198524475098,11.956428261876463,12.182198524475098,9035,2024-06-25 00:00:00+10:00
12.182198310333273,12.182198310333273,11.909392356872559,11.909392356872559,55749,2024-06-26 00:00:00+10:00
12.163384981374191,12.163384981374191,11.476665966773632,11.617773056030273,34268,2024-06-27 00:00:00+10:00
12.087126067425194,12.087126067425194,11.810248805125498,11.83889102935791,14615,2024-06-28 00:00:00+10:00
11.924818083578604,11.943913505899715,11.772058347089118,11.905723571777344,36520,2024-07-01 00:00:00+10:00
12.134863320670968,12.134863320670968,11.686130906512378,11.772058486938477,46272,2024-07-02 00:00:00+10:00
11.791153386488856,11.829343319370999,11.762510253937386,11.819795608520508,34581,2024-07-03 00:00:00+10:00
11.896176194593881,12.07757815913792,11.896176194593881,12.029841423034668,9580,2024-07-04 00:00:00+10:00
11.953461080722802,12.02029323704472,11.905723435984354,12.001197814941406,14109,2024-07-05 00:00:00+10:00
11.972555250434715,12.00119747225198,11.86753316342487,11.877079963684082,56577,2024-07-08 00:00:00+10:00
11.934365704196404,12.010745571861673,11.924817993108284,11.963007926940918,29547,2024-07-09 00:00:00+10:00
11.83889187455915,11.972557114719512,11.819797360547646,11.953462600708008,30724,2024-07-10 00:00:00+10:00
12.134864331942696,12.230339631599309,12.07757897004474,12.125316619873047,21612,2024-07-11 00:00:00+10:00
12.306718259731793,12.430835772497108,12.306718259731793,12.35445499420166,114117,2024-07-12 00:00:00+10:00
12.383097989648231,12.507215501031764,12.383097989648231,12.488120079040527,37236,2024-07-15 00:00:00+10:00
12.421287275945604,12.631331443786621,12.421287275945604,12.631331443786621,11081,2024-07-16 00:00:00+10:00
12.726806121758667,12.841375910722256,12.707711612191275,12.755448341369629,32440,2024-07-17 00:00:00+10:00
12.698165846054316,12.774545717056036,12.68861813454913,12.736355781555176,42023,2024-07-18 00:00:00+10:00
12.60268831314021,12.612236022949219,12.411738669558636,12.612236022949219,15145,2024-07-19 00:00:00+10:00
12.459477900847896,12.52631005701504,12.459477900847896,12.469025611877441,14736,2024-07-22 00:00:00+10:00
12.516762733459473,12.574048090890258,12.497668221329121,12.516762733459473,24582,2024-07-23 00:00:00+10:00
12.497667491519609,12.497667491519609,12.316264629015151,12.325812339782715,91150,2024-07-24 00:00:00+10:00
12.26852812142031,12.26852812142031,12.077577544643164,12.134862899780273,24864,2024-07-25 00:00:00+10:00
12.230338483374,12.278075218200684,12.192148549200741,12.278075218200684,13321,2024-07-26 00:00:00+10:00
12.335361383360297,12.478573418268262,12.287623734884338,12.411741256713867,40420,2024-07-29 00:00:00+10:00
12.392646357652582,12.392646357652582,12.278076542772892,12.383099555969238,216836,2024-07-30 00:00:00+10:00
12.440383191886513,12.6599760055542,12.440383191886513,12.6599760055542,6928,2024-07-31 00:00:00+10:00
12.822283223838339,12.927305317687217,12.755450154552804,12.831830024719238,142919,2024-08-01 00:00:00+10:00
12.65997571923663,12.65997571923663,12.449930621896149,12.478572845458984,58719,2024-08-02 00:00:00+10:00
12.364002287176644,12.364002287176644,11.877079963684082,11.877079963684082,51503,2024-08-05 00:00:00+10:00
11.829343479116185,12.077577590942383,11.81979576813676,12.077577590942383,97452,2024-08-06 00:00:00+10:00
11.915270523986207,12.211243200089392,11.877080589378041,12.163505554199219,29602,2024-08-07 00:00:00+10:00
12.029841038851318,12.029841038851318,11.867533591828034,11.943913459777832,92296,2024-08-08 00:00:00+10:00
12.08712610761494,12.239885851388921,12.001198524112102,12.230339050292969,32278,2024-08-09 00:00:00+10:00
12.354455659219408,12.354455659219408,12.201695915445427,12.230339050292969,17415,2024-08-12 00:00:00+10:00
12.278075599270823,12.430836251224884,12.278075599270823,12.36400318145752,47684,2024-08-13 00:00:00+10:00
12.545406389923341,12.545406389923341,12.449931093735652,12.507216453552246,24483,2024-08-14 00:00:00+10:00
12.564500856946907,12.640880729410059,12.440383336564313,12.526310920715332,26239,2024-08-15 00:00:00+10:00
12.602690314345717,12.602690314345717,12.497668221329121,12.516762733459473,217453,2024-08-16 00:00:00+10:00
12.516761303501067,12.545404434204102,12.440381442665831,12.545404434204102,39937,2024-08-19 00:00:00+10:00
12.440383582713913,12.478573519701127,12.311493114457017,12.316266059875488,32049,2024-08-20 00:00:00+10:00
12.335360140275206,12.41174000593166,12.192148119799306,12.249432563781738,22552,2024-08-21 00:00:00+10:00
12.316264628319045,12.373549982401377,12.306717828071834,12.344907760620117,42711,2024-08-22 00:00:00+10:00
12.411740733787628,12.440382957458496,12.316265440858235,12.440382957458496,15232,2024-08-23 00:00:00+10:00
12.459477856573509,12.679069746353719,12.459477856573509,12.488120079040527,28150,2024-08-26 00:00:00+10:00
12.679070183906854,12.679070183906854,12.469025997873663,12.516762733459473,21063,2024-08-27 00:00:00+10:00
12.612237498136341,12.612237498136341,12.449930054477825,12.583595275878906,41748,2024-08-28 00:00:00+10:00
12.554952666424464,12.554952666424464,12.469025996070513,12.535858154296875,21695,2024-08-29 00:00:00+10:00
12.564499765215986,12.688617274813994,12.564499765215986,12.64087963104248,37822,2024-08-30 00:00:00+10:00
12.602691022447365,12.745903968811035,12.526311148594708,12.745903968811035,20231,2024-09-02 00:00:00+10:00
12.736355829198406,12.736355829198406,12.631332823288265,12.698165893554688,29149,2024-09-03 00:00:00+10:00
12.650428874242191,12.650428874242191,12.516763637595098,12.554953575134277,33535,2024-09-04 00:00:00+10:00
12.74590249413044,12.774544715881348,12.688617140108812,12.774544715881348,53916,2024-09-05 00:00:00+10:00
12.793639613593077,12.917757125625169,12.784092813067408,12.841377258300781,30930,2024-09-06 00:00:00+10:00
12.7363555015898,12.975042820853417,12.7363555015898,12.965495109558105,24602,2024-09-09 00:00:00+10:00
12.965495107807461,13.041874977119917,12.955947396513439,12.984590530395508,7172,2024-09-10 00:00:00+10:00
13.070518110825496,13.080065822784505,12.98459143475421,13.022781372070312,4080,2024-09-11 00:00:00+10:00
13.070516923581668,13.232824370062099,13.041874700826252,13.213729858398438,29079,2024-09-12 00:00:00+10:00
13.242372841868404,13.461965656994128,13.242372841868404,13.38558578491211,64878,2024-09-13 00:00:00+10:00
13.490607309713747,13.51924953290078,13.433321952819824,13.433321952819824,61887,2024-09-16 00:00:00+10:00
13.4428700450665,13.547892140075499,13.433322333560259,13.51924991607666,40926,2024-09-17 00:00:00+10:00
13.452418229636407,13.538345815174512,13.376038355940297,13.52879810333252,28833,2024-09-18 00:00:00+10:00
13.528797439554944,13.6911048908257,13.490607504580643,13.672009468078613,25146,2024-09-19 00:00:00+10:00
13.700652169572152,13.85341190464565,13.614724590963348,13.643366813659668,49955,2024-09-20 00:00:00+10:00
13.385585262374072,13.576534935124943,13.175540167088183,13.414227485656738,45225,2024-09-23 00:00:00+10:00
13.41422829561482,13.509702682495117,13.41422829561482,13.509702682495117,45069,2024-09-24 00:00:00+10:00
13.509701773541098,13.538344907145957,13.46196503857271,13.490607261657715,30634,2024-09-25 00:00:00+10:00
13.557439804077148,13.595629739448412,13.52879758017867,13.557439804077148,30261,2024-09-26 00:00:00+10:00
13.593077851650174,13.602677702722909,13.429884045382414,13.477882385253906,19306,2024-09-27 00:00:00+10:00
13.619896276217553,13.716423197290533,13.590938568115234,13.590938568115234,49047,2024-09-30 00:00:00+10:00
13.17587338086975,13.706769576847595,13.17587338086975,13.600590705871582,43116,2024-10-01 00:00:00+10:00
13.600591171621078,13.61989600311922,13.5040642524836,13.5330228805542,40367,2024-10-02 00:00:00+10:00
13.53302226350075,13.726075172424316,13.53302226350075,13.726075172424316,47373,2024-10-03 00:00:00+10:00
13.755032692050388,13.755032692050388,13.600590367006415,13.629548072814941,25937,2024-10-04 00:00:00+10:00
13.610243956568958,13.610243956568958,13.368927580889004,13.484759330749512,16731,2024-10-07 00:00:00+11:00
13.48475853079383,13.619895104006595,13.465452780021227,13.581284523010254,65511,2024-10-08 00:00:00+11:00
13.610243178620081,13.610243178620081,13.46545280915884,13.494410514831543,19833,2024-10-09 00:00:00+11:00
13.5330228805542,13.610244047644612,13.513717128507134,13.5330228805542,33729,2024-10-10 00:00:00+11:00
13.513716388879939,13.513716388879939,13.41718947502553,13.45580005645752,15577,2024-10-11 00:00:00+11:00
13.465453578831635,13.571633373282122,13.455800702872695,13.484759330749512,37507,2024-10-14 00:00:00+11:00
13.475106083509626,13.610243581564555,13.475106083509626,13.600590705871582,7251,2024-10-15 00:00:00+11:00
13.610243026633738,13.648853607282462,13.494410364138709,13.619894981384277,37249,2024-10-16 00:00:00+11:00
13.677811806845009,13.83225413502029,13.677811806845009,13.774338722229004,27033,2024-10-17 00:00:00+11:00
13.85156042493938,13.85156042493938,13.513717128507134,13.5330228805542,30965,2024-10-18 00:00:00+11:00
13.571634219705219,13.706770809362759,13.542675590022338,13.658507347106934,31790,2024-10-21 00:00:00+11:00
13.619895982281156,13.629548858289919,13.31101131439209,13.31101131439209,39747,2024-10-22 00:00:00+11:00
13.31100984002562,13.436494452593738,13.31100984002562,13.330315589904785,16740,2024-10-23 00:00:00+11:00
13.378579205037742,13.407537832197526,13.28205320948515,13.291706085205078,42413,2024-10-24 00:00:00+11:00
13.320663699527014,13.378579112347538,13.24344253540039,13.24344253540039,19586,2024-10-25 00:00:00+11:00
13.513716198428448,13.513716198428448,13.108304638831685,13.137262344360352,32472,2024-10-28 00:00:00+11:00
13.311011439868162,13.3399691476185,13.272400856018066,13.272400856018066,11812,2024-10-29 00:00:00+11:00
13.27240042472891,13.301358131538262,13.137262925370427,13.253094673156738,31833,2024-10-30 00:00:00+11:00
13.301358689885124,13.330317318458965,13.233790397644043,13.233790397644043,51995,2024-10-31 00:00:00+11:00
13.233789783707875,13.253094614645914,13.137262867370985,13.204832077026367,12336,2024-11-01 00:00:00+11:00
13.224136907964406,13.330316700044763,13.18552632553943,13.204832077026367,32804,2024-11-04 00:00:00+11:00
13.204831768349072,13.204831768349072,13.146915435791016,13.146915435791016,28645,2024-11-05 00:00:00+11:00
13.22413715789058,13.272400616971167,13.069694825271833,13.12761116027832,11165,2024-11-06 00:00:00+11:00
13.41718993807629,13.41718993807629,12.751157155251324,13.388232231140137,59072,2024-11-07 00:00:00+11:00
13.098652165000306,13.098652165000306,12.93455696105957,12.93455696105957,29236,2024-11-08 00:00:00+11:00
12.934556898659393,13.127610728634009,12.934556898659393,13.108304977416992,86947,2024-11-11 00:00:00+11:00
12.84768353913649,13.214483599899173,12.799420082547021,13.185525894165039,35393,2024-11-12 00:00:00+11:00
13.243442784229867,13.27240049118421,13.011778366948391,13.166221618652344,57671,2024-11-13 00:00:00+11:00
13.214483477201023,13.253094058004322,13.175872896397726,13.224136352539062,22787,2024-11-14 00:00:00+11:00
13.513716762862183,13.513716762862183,13.282053267859137,13.33996868133545,28434,2024-11-15 00:00:00+11:00
13.320664405822754,13.320664405822754,13.175874024996512,13.320664405822754,35435,2024-11-18 00:00:00+11:00
13.330316357215215,13.504063513384722,13.291705775783226,13.45580005645752,81925,2024-11-19 00:00:00+11:00
13.42684213189359,13.42684213189359,13.224136352539062,13.224136352539062,29889,2024-11-20 00:00:00+11:00
13.1758740610453,13.243443273835323,13.1758740610453,13.233790397644043,37395,2024-11-21 00:00:00+11:00
13.31100984002562,13.417188702714572,13.291705010695273,13.330315589904785,17495,2024-11-22 00:00:00+11:00
13.417189658928239,13.610243489283144,13.417189658928239,13.552327156066895,40009,2024-11-25 00:00:00+11:00
13.581284800319981,13.726075172424316,13.571632845285464,13.726075172424316,62141,2024-11-26 00:00:00+11:00
13.716422296840918,13.726075172424316,13.629548257688093,13.726075172424316,26104,2024-11-27 00:00:00+11:00
13.745380185892472,13.764685937316088,13.65850614558399,13.735727310180664,74523,2024-11-28 00:00:00+11:00
13.783990741293584,13.783990741293584,13.600590705871582,13.600590705871582,21841,2024-11-29 00:00:00+11:00
13.465453544746508,13.590938170248315,13.3399689192447,13.571633338928223,32397,2024-12-02 00:00:00+11:00
13.600590367006415,13.677811529528402,13.600590367006415,13.629548072814941,20678,2024-12-03 00:00:00+11:00
13.484759023398817,13.504063854327772,13.243442653219056,13.42684268951416,43924,2024-12-04 00:00:00+11:00
13.533022487913112,13.533022487913112,13.204832077026367,13.204832077026367,67471,2024-12-05 00:00:00+11:00
13.224137215700264,13.36892759357498,13.175873756408691,13.175873756408691,16505,2024-12-06 00:00:00+11:00
13.253094367084941,13.388231863322508,13.09865204026994,13.282052993774414,63343,2024-12-09 00:00:00+11:00
13.388231075825404,13.43649453025345,13.00695171899637,13.069693565368652,22909,2024-12-10 00:00:00+11:00
13.01177748506866,13.214483261108398,13.01177748506866,13.214483261108398,34473,2024-12-11 00:00:00+11:00
13.320662791955435,13.36892624638348,13.021430110940607,13.069693565368652,85382,2024-12-12 00:00:00+11:00
13.021431434659654,13.021431434659654,12.876641977205486,12.953863143920898,17517,2024-12-13 00:00:00+11:00
13.021431943265936,13.021431943265936,12.789768434071114,12.799421310424805,26499,2024-12-16 00:00:00+11:00
12.8380311801611,12.982820635205275,12.751157138915033,12.944210052490234,14811,2024-12-17 00:00:00+11:00
12.944210143424838,13.108305351253774,12.944210143424838,12.992473602294922,28158,2024-12-18 00:00:00+11:00
12.934556277730124,12.934556277730124,12.644977387767339,12.770461082458496,30126,2024-12-19 00:00:00+11:00
12.693240812536303,12.731851395275582,12.644978274523885,12.722199440002441,136860,2024-12-20 00:00:00+11:00
12.69324080456802,12.982820635205275,12.69324080456802,12.944210052490234,37087,2024-12-23 00:00:00+11:00
12.992472864715461,13.04073632084564,12.982819989379655,13.00212574005127,2373,2024-12-24 00:00:00+11:00
13.12761116027832,13.12761116027832,13.079347701197733,13.12761116027832,23205,2024-12-27 00:00:00+11:00
13.066479705431032,13.105253531001207,12.9598544583697,12.979241371154785,5216,2024-12-30 00:00:00+11:00
