{
  "comparison_summary": {
    "total_agents": 5,
    "successful_agents": 5,
    "failed_agents": 0
  },
  "performance_comparison": {
    "asx_stocks": {
      "total_return": 3.415347165571428,
      "annual_return": 0.291726035204821,
      "volatility": 0.24455259338954757,
      "sharpe_ratio": 1.088394793121915,
      "max_drawdown": -0.25434027733103226,
      "win_rate": 0.5311430527036276,
      "profit_factor": 1.20231520527698
    },
    "currency_pairs": {
      "total_return": 2.2490991646871668,
      "annual_return": 0.22521090423969325,
      "volatility": 0.1672652166784219,
      "sharpe_ratio": 1.1796334344226362,
      "max_drawdown": -0.2520461946933252,
      "win_rate": 0.5270362765229295,
      "profit_factor": 1.2284620952816494
    },
    "cryptocurrencies": {
      "total_return": 18.078594679082624,
      "annual_return": 0.6623537709574925,
      "volatility": 0.47504734445926367,
      "sharpe_ratio": 1.266304377705914,
      "max_drawdown": -0.5411772255220039,
      "win_rate": 0.5188227241615332,
      "profit_factor": 1.232229543823846
    },
    "etf": {
      "total_return": 2.903012471661496,
      "annual_return": 0.26455466830652363,
      "volatility": 0.12695583425943413,
      "sharpe_ratio": 1.75684105150628,
      "max_drawdown": -0.12648440577117218,
      "win_rate": 0.5537303216974675,
      "profit_factor": 1.3538561255889425
    },
    "commodities": {
      "total_return": -0.9653120257211737,
      "annual_return": -0.43975811282248367,
      "volatility": 0.6237475459479044,
      "sharpe_ratio": -0.6470936708206219,
      "max_drawdown": -0.9800567660842215,
      "win_rate": 0.4928131416837782,
      "profit_factor": 0.9075312599107737
    }
  },
  "rankings": {
    "annual_return": {
      "asx_stocks": 2.0,
      "currency_pairs": 4.0,
      "cryptocurrencies": 1.0,
      "etf": 3.0,
      "commodities": 5.0
    },
    "sharpe_ratio": {
      "asx_stocks": 4.0,
      "currency_pairs": 3.0,
      "cryptocurrencies": 2.0,
      "etf": 1.0,
      "commodities": 5.0
    },
    "win_rate": {
      "asx_stocks": 2.0,
      "currency_pairs": 3.0,
      "cryptocurrencies": 4.0,
      "etf": 1.0,
      "commodities": 5.0
    },
    "profit_factor": {
      "asx_stocks": 4.0,
      "currency_pairs": 3.0,
      "cryptocurrencies": 2.0,
      "etf": 1.0,
      "commodities": 5.0
    }
  },
  "composite_scores": {
    "asx_stocks": 3.0,
    "currency_pairs": 3.3,
    "cryptocurrencies": 2.1,
    "etf": 1.5999999999999999,
    "commodities": 5.0
  },
  "agent_rankings": [
    [
      "commodities",
      5.0
    ],
    [
      "currency_pairs",
      3.3
    ],
    [
      "asx_stocks",
      3.0
    ],
    [
      "cryptocurrencies",
      2.1
    ],
    [
      "etf",
      1.5999999999999999
    ]
  ],
  "best_performing_agent": "commodities",
  "worst_performing_agent": "etf",
  "generated_at": "2025-09-28T00:21:14.795998"
}