asx_code,company_name,gics_industry_group,ticker_yf,security_type,is_etf
14D,1414 DEGREES LIMITED,Capital Goods,14D.AX,Equity,False
29M,29METALS LIMITED,Materials,29M.AX,Equity,False
T3D,333D LIMITED,Commercial & Professional Services,T3D.AX,Equity,False
TGP,360 CAPITAL GROUP,Financial Services,TGP.AX,Equity,False
TCF,360 CAPITAL MORTGAGE REIT,Not Applic,TCF.AX,Equity,False
TOT,360 CAPITAL REIT,Equity Real Estate Investment Trusts (REITs),TOT.AX,Equity,False
TDO,3D ENERGI LIMITED,Energy,TDO.AX,Equity,False
3PL,3P LEARNING LIMITED..,Consumer Services,3PL.AX,Equity,False
4DX,4DMEDICAL LIMITED,Health Care Equipment & Services,4DX.AX,Equity,False
4DS,4DS MEMORY LIMITED,Semiconductors & Semiconductor Equipment,4DS.AX,Equity,False
5EA,5E ADVANCED MATERIALS INC.,Materials,5EA.AX,Equity,False
5GN,5G NETWORKS LIMITED.,Software & Services,5GN.AX,Equity,False
88E,88 ENERGY LIMITED,Energy,88E.AX,Equity,False
8CO,8COMMON LIMITED,Software & Services,8CO.AX,Equity,False
8IH,8I HOLDINGS LTD,Financial Services,8IH.AX,Equity,False
ABG,ABACUS GROUP,Equity Real Estate Investment Trusts (REITs),ABG.AX,Equity,False
ASK,ABACUS STORAGE KING,Equity Real Estate Investment Trusts (REITs),ASK.AX,Equity,False
ABX,ABX GROUP LIMITED,Materials,ABX.AX,Equity,False
AKG,ACADEMIES AUSTRALASIA GROUP LIMITED,Consumer Services,AKG.AX,Equity,False
AX8,ACCELERATE RESOURCES LIMITED,Materials,AX8.AX,Equity,False
AX1,ACCENT GROUP LIMITED,Consumer Discretionary Distribution & Retail,AX1.AX,Equity,False
ACS,ACCENT RESOURCES NL,Materials,ACS.AX,Equity,False
ADC,ACDC METALS LTD,Materials,ADC.AX,Equity,False
ACQ,ACORN CAPITAL INVESTMENT FUND LIMITED,Not Applic,ACQ.AX,Fund,False
ACF,ACROW LIMITED,Capital Goods,ACF.AX,Equity,False
ACR,ACRUX LIMITED,"Pharmaceuticals, Biotechnology & Life Sciences",ACR.AX,Equity,False
ACW,ACTINOGEN MEDICAL LIMITED,"Pharmaceuticals, Biotechnology & Life Sciences",ACW.AX,Equity,False
ATV,ACTIVEPORT GROUP LTD,Software & Services,ATV.AX,Equity,False
AIV,ACTIVEX LIMITED,Materials,AIV.AX,Equity,False
ACU,ACUMENTIS GROUP LIMITED,Real Estate Management & Development,ACU.AX,Equity,False
ACE,ACUSENSUS LIMITED.,Software & Services,ACE.AX,Equity,False
ADH,ADAIRS LIMITED,Consumer Discretionary Distribution & Retail,ADH.AX,Equity,False
1AD,ADALTA LIMITED,"Pharmaceuticals, Biotechnology & Life Sciences",1AD.AX,Equity,False
ADD,ADAVALE RESOURCES LIMITED,Energy,ADD.AX,Equity,False
ADG,ADELONG GOLD LIMITED,Materials,ADG.AX,Equity,False
ADR,ADHERIUM LIMITED,Health Care Equipment & Services,ADR.AX,Equity,False
AI1,ADISYN LTD,Software & Services,AI1.AX,Equity,False
ADY,ADMIRALTY RESOURCES NL.,Materials,ADY.AX,Equity,False
AD1,ADNEO LIMITED,Media & Entertainment,AD1.AX,Equity,False
ABY,ADORE BEAUTY GROUP LIMITED,Consumer Discretionary Distribution & Retail,ABY.AX,Equity,False
AHL,ADRAD HOLDINGS LIMITED,Automobiles & Components,AHL.AX,Equity,False
ADS,ADSLOT LTD.,Software & Services,ADS.AX,Equity,False
AVM,ADVANCE METALS LIMITED,Materials,AVM.AX,Equity,False
ANO,ADVANCE ZINCTEK LIMITED,Materials,ANO.AX,Equity,False
ABV,ADVANCED BRAKING TECHNOLOGY LTD,Automobiles & Components,ABV.AX,Equity,False
AIH,ADVANCED INNERGY HOLDINGS LIMITED,Class Pend,AIH.AX,Equity,False
AV1,ADVERITAS LIMITED,Software & Services,AV1.AX,Equity,False
ADX,ADX ENERGY LTD,Energy,ADX.AX,Equity,False
AER,AEERIS LTD,Media & Entertainment,AER.AX,Equity,False
AEI,AERIS ENVIRONMENTAL LTD,Commercial & Professional Services,AEI.AX,Equity,False
AIS,AERIS RESOURCES LIMITED,Materials,AIS.AX,Equity,False
AMX,AEROMETREX LIMITED,Commercial & Professional Services,AMX.AX,Equity,False
AFL,AF LEGAL GROUP LTD,Commercial & Professional Services,AFL.AX,Equity,False
AFT,AFG 2023-1 TRUST IN RESPECT OF SERIES 2023-1,Not Applic,AFT.AX,Trust,False
AF4,AFG 2024-1 TRUST IN RESPECT OF SERIES 2024-1,Not Applic,AF4.AX,Trust,False
AF5,AFG 2025-1NC TRUST IN RESPECT OF SERIES 2025-1NC,Not Applic,AF5.AX,Trust,False
A1G,AFRICAN GOLD LTD.,Materials,A1G.AX,Equity,False
AFP,AFT PHARMACEUTICALS LIMITED,"Pharmaceuticals, Biotechnology & Life Sciences",AFP.AX,Equity,False
AGL,AGL ENERGY LIMITED.,Utilities,AGL.AX,Equity,False
AMN,AGRIMIN LIMITED,Materials,AMN.AX,Equity,False
AGR,AGUIA RESOURCES LIMITED,Materials,AGR.AX,Equity,False
AIM,AI-MEDIA TECHNOLOGIES LIMITED,Commercial & Professional Services,AIM.AX,Equity,False
A1M,AIC MINES LIMITED,Materials,A1M.AX,Equity,False
APW,AIMS PROPERTY SECURITIES FUND,Equity Real Estate Investment Trusts (REITs),APW.AX,Fund,False
AGI,AINSWORTH GAME TECHNOLOGY LIMITED,Consumer Services,AGI.AX,Equity,False
AIZ,AIR NEW ZEALAND LIMITED,Transportation,AIZ.AX,Equity,False
ART,AIRTASKER LIMITED,Media & Entertainment,ART.AX,Equity,False
AJL,AJ LUCAS GROUP LIMITED,Capital Goods,AJL.AX,Equity,False
AKO,AKORA RESOURCES LIMITED,Materials,AKO.AX,Equity,False
AUQ,ALARA RESOURCES LIMITED,Materials,AUQ.AX,Equity,False
ALB,ALBION RESOURCES LIMITED,Materials,ALB.AX,Equity,False
ALY,ALCHEMY RESOURCES LIMITED,Materials,ALY.AX,Equity,False
ALC,ALCIDION GROUP LIMITED,Health Care Equipment & Services,ALC.AX,Equity,False
AAI,ALCOA CORPORATION,Materials,AAI.AX,Equity,False
ARN,ALDORO RESOURCES LIMITED,Materials,ARN.AX,Equity,False
AJX,ALEXIUM INTERNATIONAL GROUP LIMITED,Materials,AJX.AX,Equity,False
AAL,ALFABS AUSTRALIA LIMITED,Capital Goods,AAL.AX,Equity,False
1AI,ALGORAE PHARMACEUTICALS LIMITED,"Pharmaceuticals, Biotechnology & Life Sciences",1AI.AX,Equity,False
AQI,ALICANTO MINERALS LIMITED,Materials,AQI.AX,Equity,False
AQX,ALICE QUEEN LIMITED,Materials,AQX.AX,Equity,False
ALK,ALKANE RESOURCES LIMITED,Materials,ALK.AX,Equity,False
AQZ,ALLIANCE AVIATION SERVICES LIMITED,Transportation,AQZ.AX,Equity,False
AXN,ALLIANCE NICKEL LIMITED,Materials,AXN.AX,Equity,False
AGE,ALLIGATOR ENERGY LIMITED,Energy,AGE.AX,Equity,False
ALM,ALMA METALS LIMITED,Energy,ALM.AX,Equity,False
AII,ALMONTY INDUSTRIES INC.,Materials,AII.AX,Equity,False
A4N,ALPHA HPA LIMITED,Materials,A4N.AX,Equity,False
ALQ,ALS LIMITED,Commercial & Professional Services,ALQ.AX,Equity,False
ALR,ALTAIR MINERALS LIMITED,Materials,ALR.AX,Equity,False
AZI,ALTAMIN LIMITED,Materials,AZI.AX,Equity,False
ATC,ALTECH BATTERIES LTD,Materials,ATC.AX,Equity,False
ATH,ALTERITY THERAPEUTICS LIMITED,"Pharmaceuticals, Biotechnology & Life Sciences",ATH.AX,Equity,False
AIQ,ALTERNATIVE INVESTMENT TRUST,Not Applic,AIQ.AX,Trust,False
AGH,ALTHEA GROUP HOLDINGS LIMITED,"Pharmaceuticals, Biotechnology & Life Sciences",AGH.AX,Equity,False
ATT,ALTITUDE MINERALS LTD,Materials,ATT.AX,Equity,False
ALV,ALVO MINERALS LIMITED,Materials,ALV.AX,Equity,False
AMA,AMA GROUP LIMITED,Commercial & Professional Services,AMA.AX,Equity,False
3DA,AMAERO LTD,Capital Goods,3DA.AX,Equity,False
AMO,AMBERTECH LIMITED,Technology Hardware & Equipment,AMO.AX,Equity,False
AMH,AMCIL LIMITED,Not Applic,AMH.AX,Equity,False
AMC,AMCOR PLC,Materials,AMC.AX,Equity,False
ARR,AMERICAN RARE EARTHS LIMITED,Materials,ARR.AX,Equity,False
AMU,AMERICAN URANIUM LTD,Materials,AMU.AX,Equity,False
AW1,AMERICAN WEST METALS LIMITED,Materials,AW1.AX,Equity,False
AL3,AML3D LIMITED,Capital Goods,AL3.AX,Equity,False
AOV,AMOTIV LIMITED,Automobiles & Components,AOV.AX,Equity,False
AMP,AMP LIMITED,Financial Services,AMP.AX,Equity,False
ATX,AMPLIA THERAPEUTICS LIMITED,"Pharmaceuticals, Biotechnology & Life Sciences",ATX.AX,Equity,False
AEL,AMPLITUDE ENERGY LIMITED,Energy,AEL.AX,Equity,False
ALD,AMPOL LIMITED,Energy,ALD.AX,Equity,False
AN1,ANAGENICS LIMITED,"Pharmaceuticals, Biotechnology & Life Sciences",AN1.AX,Equity,False
ANR,ANATARA LIFESCIENCES LTD,"Pharmaceuticals, Biotechnology & Life Sciences",ANR.AX,Equity,False
ANX,ANAX METALS LIMITED,Materials,ANX.AX,Equity,False
ASL,ANDEAN SILVER LIMITED,Materials,ASL.AX,Equity,False
ADN,ANDROMEDA METALS LIMITED,Materials,ADN.AX,Equity,False
ATM,ANEKA TAMBANG (PERSERO) TBK (PT),Materials,ATM.AX,Equity,False
AF2,ANGLE ASSET FINANCE - RADIAN TRUST 2025-1,Not Applic,AF2.AX,Trust,False
ANN,ANSELL LIMITED,Health Care Equipment & Services,ANN.AX,Equity,False
ASN,ANSON RESOURCES LIMITED,Materials,ASN.AX,Equity,False
AM5,ANTARES METALS LIMITED,Materials,AM5.AX,Equity,False
ADO,ANTEOTECH LTD,"Pharmaceuticals, Biotechnology & Life Sciences",ADO.AX,Equity,False
AVR,ANTERIS TECHNOLOGIES GLOBAL CORP.,Health Care Equipment & Services,AVR.AX,Equity,False
AAU,ANTILLES GOLD LIMITED,Materials,AAU.AX,Equity,False
AZY,ANTIPA MINERALS LIMITED,Materials,AZY.AX,Equity,False
ANZ,ANZ GROUP HOLDINGS LIMITED,Banks,ANZ.AX,Equity,False
APA,APA GROUP,Utilities,APA.AX,Equity,False
AP2,APA INFRASTRUCTURE LIMITED,Not Applic,AP2.AX,Equity,False
APC,APC MINERALS LIMITED,Materials,APC.AX,Equity,False
AHX,APIAM ANIMAL HEALTH LIMITED,Health Care Equipment & Services,AHX.AX,Equity,False
AON,APOLLO MINERALS LIMITED,Materials,AON.AX,Equity,False
AO2,APOLLO SERIES 2017-2 TRUST,Not Applic,AO2.AX,Trust,False
AO3,APOLLO SERIES 2018-1 TRUST,Not Applic,AO3.AX,Trust,False
APX,APPEN LIMITED,Software & Services,APX.AX,Equity,False
AQN,AQUIRIAN LIMITED,Commercial & Professional Services,AQN.AX,Equity,False
ARU,ARAFURA RARE EARTHS LTD,Materials,ARU.AX,Equity,False
ARB,ARB CORPORATION LIMITED.,Automobiles & Components,ARB.AX,Equity,False
ARC,ARC FUNDS LIMITED,Financial Services,ARC.AX,Fund,False
AM7,ARCADIA MINERALS LIMITED,Materials,AM7.AX,Equity,False
AXE,ARCHER MATERIALS LIMITED,Semiconductors & Semiconductor Equipment,AXE.AX,Equity,False
AR9,ARCHTIS LIMITED,Software & Services,AR9.AX,Equity,False
ARL,ARDEA RESOURCES LIMITED,Materials,ARL.AX,Equity,False
ADV,ARDIDEN LTD,Materials,ADV.AX,Equity,False
ARF,ARENA REIT.,Equity Real Estate Investment Trusts (REITs),ARF.AX,Equity,False
AGN,ARGENICA THERAPEUTICS LIMITED,"Pharmaceuticals, Biotechnology & Life Sciences",AGN.AX,Equity,False
RGT,ARGENT BIOPHARMA LIMITED,"Pharmaceuticals, Biotechnology & Life Sciences",RGT.AX,Equity,False
ARD,ARGENT MINERALS LIMITED,Materials,ARD.AX,Equity,False
ALI,ARGO GLOBAL LISTED INFRASTRUCTURE LIMITED,Not Applic,ALI.AX,Equity,False
ARG,ARGO INVESTMENTS LIMITED,Not Applic,ARG.AX,Equity,False
AGY,ARGOSY MINERALS LIMITED,Materials,AGY.AX,Equity,False
ARA,ARIADNE AUSTRALIA LIMITED,Commercial & Professional Services,ARA.AX,Equity,False
AA2,ARIANA RESOURCES PLC,Materials,AA2.AX,Equity,False
ARI,ARIKA RESOURCES LIMITED,Materials,ARI.AX,Equity,False
ALL,ARISTOCRAT LEISURE LIMITED,Consumer Services,ALL.AX,Equity,False
AHK,ARK MINES LIMITED,Materials,AHK.AX,Equity,False
A1N,ARN MEDIA LIMITED,Media & Entertainment,A1N.AX,Equity,False
ARX,AROA BIOSURGERY LIMITED,"Pharmaceuticals, Biotechnology & Life Sciences",ARX.AX,Equity,False
ALA,AROVELLA THERAPEUTICS LIMITED,"Pharmaceuticals, Biotechnology & Life Sciences",ALA.AX,Equity,False
AMD,ARROW MINERALS LTD,Materials,AMD.AX,Equity,False
ARV,ARTEMIS RESOURCES LIMITED,Materials,ARV.AX,Equity,False
ATG,ARTICORE GROUP LIMITED,Consumer Discretionary Distribution & Retail,ATG.AX,Equity,False
AYA,ARTRYA LIMITED,Health Care Equipment & Services,AYA.AX,Equity,False
AAJ,ARUMA RESOURCES LIMITED,Materials,AAJ.AX,Equity,False
AS1,ASARA RESOURCES LIMITED,Materials,AS1.AX,Equity,False
AFA,ASF GROUP LIMITED,Financial Services,AFA.AX,Equity,False
ASH,ASHLEY SERVICES GROUP LIMITED,Commercial & Professional Services,ASH.AX,Equity,False
AZ9,ASIAN BATTERY METALS PLC,Materials,AZ9.AX,Equity,False
ATB,ASIAN DEVELOPMENT BANK,Not Applic,ATB.AX,Equity,False
AS2,ASKARI METALS LIMITED,Materials,AS2.AX,Equity,False
APZ,ASPEN GROUP,Equity Real Estate Investment Trusts (REITs),APZ.AX,Equity,False
ASP,ASPERMONT LIMITED.,Media & Entertainment,ASP.AX,Equity,False
AKM,ASPIRE MINING LIMITED,Materials,AKM.AX,Equity,False
ASV,ASSET VISION CO LTD,Commercial & Professional Services,ASV.AX,Equity,False
AOH,ASSETORA LIMITED,Financial Services,AOH.AX,Equity,False
APL,ASSOCIATE GLOBAL PARTNERS LIMITED,Financial Services,APL.AX,Equity,False
AAR,ASTRAL RESOURCES NL,Materials,AAR.AX,Equity,False
ATR,ASTRON LIMITED,Materials,ATR.AX,Equity,False
ASX,ASX LIMITED,Financial Services,ASX.AX,Equity,False
AHN,ATHENA RESOURCES LIMITED,Materials,AHN.AX,Equity,False
A11,ATLANTIC LITHIUM LIMITED,Materials,A11.AX,Equity,False
ALX,ATLAS ARTERIA,Transportation,ALX.AX,Equity,False
ATP,ATLAS PEARLS LTD,Consumer Durables & Apparel,ATP.AX,Equity,False
AT1,ATOMO DIAGNOSTICS LIMITED,Health Care Equipment & Services,AT1.AX,Equity,False
AMS,ATOMOS LIMITED,Consumer Durables & Apparel,AMS.AX,Equity,False
ATA,ATTURRA LIMITED,Software & Services,ATA.AX,Equity,False
AUB,AUB GROUP LIMITED,Insurance,AUB.AX,Equity,False
AIA,AUCKLAND INTERNATIONAL AIRPORT LIMITED,Transportation,AIA.AX,Equity,False
CYB,AUCYBER LIMITED,Software & Services,CYB.AX,Equity,False
ACP,AUDALIA RESOURCES LIMITED,Materials,ACP.AX,Equity,False
AUA,AUDEARA LIMITED,Consumer Durables & Apparel,AUA.AX,Equity,False
AD8,AUDINATE GROUP LIMITED,Technology Hardware & Equipment,AD8.AX,Equity,False
AKP,AUDIO PIXELS HOLDINGS LIMITED,Consumer Durables & Apparel,AKP.AX,Equity,False
AUG,AUGUSTUS MINERALS LIMITED,Materials,AUG.AX,Equity,False
AKN,AUKING MINING LIMITED,Materials,AKN.AX,Equity,False
AUK,AUMAKE LIMITED.,Consumer Discretionary Distribution & Retail,AUK.AX,Equity,False
AAM,AUMEGA METALS LTD,Materials,AAM.AX,Equity,False
AEE,AURA ENERGY LIMITED,Energy,AEE.AX,Equity,False
AUV,AURAVELLE METALS LIMITED,Materials,AUV.AX,Equity,False
AKA,AUREKA LIMITED,Materials,AKA.AX,Equity,False
AMI,AURELIA METALS LIMITED,Materials,AMI.AX,Equity,False
AWJ,AURIC MINING LIMITED,Materials,AWJ.AX,Equity,False
AUR,AURIS MINERALS LIMITED,Materials,AUR.AX,Equity,False
AZJ,AURIZON HOLDINGS LIMITED,Transportation,AZJ.AX,Equity,False
1AE,AURORA ENERGY METALS LIMITED,Materials,1AE.AX,Equity,False
A3D,AURORA LABS LIMITED,Capital Goods,A3D.AX,Equity,False
AUE,AURUM RESOURCES LIMITED,Materials,AUE.AX,Equity,False
AUN,AURUMIN LIMITED,Materials,AUN.AX,Equity,False
AUC,AUSGOLD LIMITED,Materials,AUC.AX,Equity,False
AOA,AUSMON RESOURCES LIMITED,Materials,AOA.AX,Equity,False
ANV,AUSNET SERVICES HOLDINGS PTY LTD,Not Applic,ANV.AX,Equity,False
AQD,AUSQUEST LIMITED,Materials,AQD.AX,Equity,False
ABB,AUSSIE BROADBAND LIMITED,Telecommunication Services,ABB.AX,Equity,False
ASB,AUSTAL LIMITED,Capital Goods,ASB.AX,Equity,False
AUH,AUSTCHINA HOLDINGS LIMITED,Energy,AUH.AX,Equity,False
AHC,AUSTCO HEALTHCARE LIMITED,Health Care Equipment & Services,AHC.AX,Equity,False
ANG,AUSTIN ENGINEERING LIMITED,Capital Goods,ANG.AX,Equity,False
AYT,AUSTIN METALS LIMITED,Materials,AYT.AX,Equity,False
AGD,AUSTRAL GOLD LIMITED,Materials,AGD.AX,Equity,False
AR1,AUSTRAL RESOURCES AUSTRALIA LTD,Materials,AR1.AX,Equity,False
A8G,AUSTRALASIAN METALS LIMITED,Materials,A8G.AX,Equity,False
AN3,AUSTRALIA AND NEW ZEALAND BANKING GROUP LIMITED.,Not Applic,AN3.AX,Equity,False
AYM,AUSTRALIA UNITED MINING LIMITED,Materials,AYM.AX,Equity,False
AAC,AUSTRALIAN AGRICULTURAL COMPANY LIMITED.,"Food, Beverage & Tobacco",AAC.AX,Equity,False
AAP,AUSTRALIAN AGRICULTURAL PROJECTS LIMITED,"Food, Beverage & Tobacco",AAP.AX,Equity,False
ABE,AUSTRALIAN BOND EXCHANGE HOLDINGS LIMITED,Financial Services,ABE.AX,Equity,False
ACL,AUSTRALIAN CLINICAL LABS LIMITED,Health Care Equipment & Services,ACL.AX,Equity,False
XCL,AUSTRALIAN COMMONWEALTH GOVERNMENT LOANS,Not Applic,XCL.AX,Equity,False
ACM,AUSTRALIAN CRITICAL MINERALS LIMITED,Materials,ACM.AX,Equity,False
AHF,AUSTRALIAN DAIRY NUTRITIONALS LIMITED,"Food, Beverage & Tobacco",AHF.AX,Equity,False
AEF,AUSTRALIAN ETHICAL INVESTMENT LIMITED,Financial Services,AEF.AX,Equity,False
AFG,AUSTRALIAN FINANCE GROUP LTD,Financial Services,AFG.AX,Equity,False
AFI,AUSTRALIAN FOUNDATION INVESTMENT COMPANY LIMITED,Not Applic,AFI.AX,Equity,False
AGC,AUSTRALIAN GOLD AND COPPER LTD,Materials,AGC.AX,Equity,False
AUZ,AUSTRALIAN MINES LIMITED,Materials,AUZ.AX,Equity,False
AOK,AUSTRALIAN OIL COMPANY LIMITED.,Energy,AOK.AX,Equity,False
AQC,AUSTRALIAN PACIFIC COAL LIMITED,Materials,AQC.AX,Equity,False
AR3,AUSTRALIAN RARE EARTHS LIMITED,Materials,AR3.AX,Equity,False
ASQ,AUSTRALIAN SILICA QUARTZ GROUP LTD,Materials,ASQ.AX,Equity,False
ASM,AUSTRALIAN STRATEGIC MATERIALS LIMITED,Materials,ASM.AX,Equity,False
AUI,AUSTRALIAN UNITED INVESTMENT COMPANY LIMITED,Not Applic,AUI.AX,Equity,False
AYU,AUSTRALIAN UNITY LIMITED,Not Applic,AYU.AX,Equity,False
AOF,AUSTRALIAN UNITY OFFICE FUND,Equity Real Estate Investment Trusts (REITs),AOF.AX,Fund,False
AVL,AUSTRALIAN VANADIUM LIMITED,Materials,AVL.AX,Equity,False
AVG,AUSTRALIAN VINTAGE LTD,"Food, Beverage & Tobacco",AVG.AX,Equity,False
ATS,AUSTRALIS OIL & GAS LIMITED,Energy,ATS.AX,Equity,False
ASG,AUTOSPORTS GROUP LIMITED.,Consumer Discretionary Distribution & Retail,ASG.AX,Equity,False
AVA,AVA RISK GROUP LIMITED,Technology Hardware & Equipment,AVA.AX,Equity,False
AVD,AVADA GROUP LIMITED,Commercial & Professional Services,AVD.AX,Equity,False
AVE,AVECHO BIOTECHNOLOGY LIMITED,"Pharmaceuticals, Biotechnology & Life Sciences",AVE.AX,Equity,False
AEV,AVENIRA LIMITED,Materials,AEV.AX,Equity,False
AVW,AVIRA RESOURCES LTD,Materials,AVW.AX,Equity,False
AVH,AVITA MEDICAL INC.,"Pharmaceuticals, Biotechnology & Life Sciences",AVH.AX,Equity,False
AXL,AXEL REE LIMITED,Materials,AXL.AX,Equity,False
AXI,AXIOM PROPERTIES LIMITED,Real Estate Management & Development,AXI.AX,Equity,False
AXP,AXP ENERGY LIMITED,Energy,AXP.AX,Equity,False
BBN,BABY BUNTING GROUP LIMITED,Consumer Discretionary Distribution & Retail,BBN.AX,Equity,False
BPP,BABYLON PUMP & POWER LIMITED,Capital Goods,BPP.AX,Equity,False
BTI,BAILADOR TECHNOLOGY INVESTMENTS LIMITED,Financial Services,BTI.AX,Equity,False
BM1,BALLARD MINING LIMITED,Materials,BM1.AX,Equity,False
BMR,BALLYMORE RESOURCES LIMITED,Materials,BMR.AX,Equity,False
B01,BANCO SANTANDER S.A.,Not Applic,B01.AX,Equity,False
BOQ,BANK OF QUEENSLAND LIMITED.,Banks,BOQ.AX,Equity,False
BMN,BANNERMAN ENERGY LTD,Energy,BMN.AX,Equity,False
BAP,BAPCOR LIMITED,Consumer Discretionary Distribution & Retail,BAP.AX,Equity,False
BGD,BARTON GOLD HOLDINGS LIMITED,Materials,BGD.AX,Equity,False
BSN,BASIN ENERGY LIMITED,Energy,BSN.AX,Equity,False
BAS,BASS OIL LIMITED,Energy,BAS.AX,Equity,False
BMO,BASTION MINERALS LIMITED,Materials,BMO.AX,Equity,False
BRL,BATHURST RESOURCES LIMITED.,Materials,BRL.AX,Equity,False
BM8,BATTERY AGE MINERALS LTD,Materials,BM8.AX,Equity,False
BMH,BAUMART HOLDINGS LIMITED,Capital Goods,BMH.AX,Equity,False
BMM,BAYAN MINING AND MINERALS LIMITED,Materials,BMM.AX,Equity,False
BDX,BCAL DIAGNOSTICS LIMITED,"Pharmaceuticals, Biotechnology & Life Sciences",BDX.AX,Equity,False
BCI,BCI MINERALS LIMITED,Materials,BCI.AX,Equity,False
BPT,BEACH ENERGY LIMITED,Energy,BPT.AX,Equity,False
BLX,BEACON LIGHTING GROUP LIMITED,Consumer Discretionary Distribution & Retail,BLX.AX,Equity,False
BCN,BEACON MINERALS LIMITED,Materials,BCN.AX,Equity,False
BCC,BEAM COMMUNICATIONS HOLDINGS LIMITED,Technology Hardware & Equipment,BCC.AX,Equity,False
BMT,BEAMTREE HOLDINGS LIMITED,Health Care Equipment & Services,BMT.AX,Equity,False
BTL,BEETALOO ENERGY AUSTRALIA LIMITED,Energy,BTL.AX,Equity,False
B4P,BEFOREPAY GROUP LIMITED,Financial Services,B4P.AX,Equity,False
BGA,BEGA CHEESE LIMITED,"Food, Beverage & Tobacco",BGA.AX,Equity,False
BRX,BELARAROX LIMITED,Materials,BRX.AX,Equity,False
BFG,BELL FINANCIAL GROUP LIMITED,Financial Services,BFG.AX,Equity,False
BVR,BELLAVISTA RESOURCES LTD,Materials,BVR.AX,Equity,False
BGL,BELLEVUE GOLD LIMITED,Materials,BGL.AX,Equity,False
BEN,BENDIGO AND ADELAIDE BANK LIMITED,Banks,BEN.AX,Equity,False
BHD,BENJAMIN HORNIGOLD LIMITED,Not Applic,BHD.AX,Equity,False
BEL,BENTLEY CAPITAL LIMITED,Not Applic,BEL.AX,Equity,False
BNZ,BENZ MINING CORP.,Materials,BNZ.AX,Equity,False
BEO,BEONIC LTD,Software & Services,BEO.AX,Equity,False
BKY,BERKELEY ENERGIA LIMITED,Energy,BKY.AX,Equity,False
BEZ,BESRA GOLD INC.,Materials,BEZ.AX,Equity,False
BET,BETMAKERS TECHNOLOGY GROUP LTD,Consumer Services,BET.AX,Equity,False
BBT,BETR ENTERTAINMENT LIMITED,Consumer Services,BBT.AX,Equity,False
BWN,BHAGWAN MARINE LIMITED,Transportation,BWN.AX,Equity,False
BHP,BHP GROUP LIMITED,Materials,BHP.AX,Equity,False
BRI,BIG RIVER INDUSTRIES LIMITED,Materials,BRI.AX,Equity,False
BIM,BINDI METALS LIMITED,Materials,BIM.AX,Equity,False
BGT,BIO-GENE TECHNOLOGY LTD,Materials,BGT.AX,Equity,False
BIO,BIOME AUSTRALIA LIMITED,Household & Personal Products,BIO.AX,Equity,False
BIT,BIOTRON LIMITED,"Pharmaceuticals, Biotechnology & Life Sciences",BIT.AX,Equity,False
BXN,BIOXYNE LIMITED,Household & Personal Products,BXN.AX,Equity,False
BIS,BISALLOY STEEL GROUP LIMITED,Materials,BIS.AX,Equity,False
BKI,BKI INVESTMENT COMPANY LIMITED,Not Applic,BKI.AX,Equity,False
BCA,BLACK CANYON LIMITED,Materials,BCA.AX,Equity,False
BC8,BLACK CAT SYNDICATE LIMITED,Materials,BC8.AX,Equity,False
BDG,BLACK DRAGON GOLD CORP.,Materials,BDG.AX,Equity,False
BHL,BLACK HORSE MINING LIMITED,Class Pend,BHL.AX,Equity,False
BPG,BLACK PEARL GROUP LIMITED,Class Pend,BPG.AX,Equity,False
BKT,BLACK ROCK MINING LIMITED,Materials,BKT.AX,Equity,False
BSX,BLACKSTONE MINERALS LIMITED,Materials,BSX.AX,Equity,False
BWF,BLACKWALL LIMITED,Financial Services,BWF.AX,Equity,False
BLZ,BLAZE MINERALS LIMITED,Energy,BLZ.AX,Equity,False
BB1,BLINKLAB LIMITED,Health Care Equipment & Services,BB1.AX,Equity,False
XYZ,"BLOCK, INC.",Financial Services,XYZ.AX,Equity,False
BLU,BLUE ENERGY LIMITED.,Energy,BLU.AX,Equity,False
BNL,BLUE STAR HELIUM LIMITED,Energy,BNL.AX,Equity,False
BSL,BLUESCOPE STEEL LIMITED,Materials,BSL.AX,Equity,False
BS1,BLUESTONE PRIME 2024-1 TRUST,Not Applic,BS1.AX,Trust,False
BLG,BLUGLASS LIMITED,Semiconductors & Semiconductor Equipment,BLG.AX,Equity,False
BMG,BMG RESOURCES LIMITED,Materials,BMG.AX,Equity,False
BBC,BNK BANKING CORPORATION LIMITED,Banks,BBC.AX,Equity,False
BOA,BOA RESOURCES LTD,Materials,BOA.AX,Equity,False
BML,BOAB METALS LIMITED,Materials,BML.AX,Equity,False
BOD,BOD SCIENCE LIMITED,Consumer Discretionary Distribution & Retail,BOD.AX,Equity,False
BOL,BOOM LOGISTICS LIMITED,Capital Goods,BOL.AX,Equity,False
BOE,BOSS ENERGY LTD,Energy,BOE.AX,Equity,False
BTE,BOTALA ENERGY LTD,Energy,BTE.AX,Equity,False
BOT,BOTANIX PHARMACEUTICALS LTD,"Pharmaceuticals, Biotechnology & Life Sciences",BOT.AX,Equity,False
BOC,BOUGAINVILLE COPPER LIMITED,Materials,BOC.AX,Equity,False
BUY,BOUNTY OIL & GAS NL,Energy,BUY.AX,Equity,False
BCB,BOWEN COKING COAL LIMITED,Materials,BCB.AX,Equity,False
BP1,BP CAPITAL MARKETS P.L.C.,Not Applic,BP1.AX,Equity,False
BPH,BPH ENERGY LTD,Financial Services,BPH.AX,Equity,False
BP8,BPH GLOBAL LTD,"Pharmaceuticals, Biotechnology & Life Sciences",BP8.AX,Equity,False
BPM,BPM MINERALS LIMITED,Materials,BPM.AX,Equity,False
BRN,BRAINCHIP HOLDINGS LTD,Software & Services,BRN.AX,Equity,False
BXB,BRAMBLES LIMITED,Commercial & Professional Services,BXB.AX,Equity,False
BVS,BRAVURA SOLUTIONS LIMITED.,Software & Services,BVS.AX,Equity,False
BCM,BRAZILIAN CRITICAL MINERALS LIMITED,Materials,BCM.AX,Equity,False
BRE,BRAZILIAN RARE EARTHS LIMITED,Materials,BRE.AX,Equity,False
BTM,BREAKTHROUGH MINERALS LIMITED,Energy,BTM.AX,Equity,False
BRG,BREVILLE GROUP LIMITED,Consumer Durables & Apparel,BRG.AX,Equity,False
BGE,BRIDGE SAAS LIMITED,Software & Services,BGE.AX,Equity,False
BTR,BRIGHTSTAR RESOURCES LIMITED,Materials,BTR.AX,Equity,False
BBL,BRISBANE BRONCOS LIMITED,Media & Entertainment,BBL.AX,Equity,False
BGP,BRISCOE GROUP AUSTRALASIA LIMITED,Consumer Discretionary Distribution & Retail,BGP.AX,Equity,False
BCK,BROCKMAN MINING LIMITED,Materials,BCK.AX,Equity,False
BHM,BROKEN HILL MINES LIMITED,Materials,BHM.AX,Equity,False
BRK,BROOKSIDE ENERGY LIMITED,Energy,BRK.AX,Equity,False
BYH,BRYAH RESOURCES LIMITED,Materials,BYH.AX,Equity,False
BSA,BSA LIMITED,Commercial & Professional Services,BSA.AX,Equity,False
BFL,BSP FINANCIAL GROUP LIMITED,Banks,BFL.AX,Equity,False
BTC,BTC HEALTH LTD,Not Applic,BTC.AX,Equity,False
BUS,BUBALUS RESOURCES LIMITED,Materials,BUS.AX,Equity,False
BUB,BUBS AUSTRALIA LIMITED,"Food, Beverage & Tobacco",BUB.AX,Equity,False
BNR,BULLETIN RESOURCES LIMITED,Materials,BNR.AX,Equity,False
BDM,BURGUNDY DIAMOND MINES LIMITED,Materials,BDM.AX,Equity,False
BUR,BURLEY MINERALS LTD,Materials,BUR.AX,Equity,False
BRU,BURU ENERGY LIMITED,Energy,BRU.AX,Equity,False
BTN,BUTN LIMITED,Financial Services,BTN.AX,Equity,False
BUX,BUXTON RESOURCES LIMITED,Materials,BUX.AX,Equity,False
BWE,BWE DRILLING LTD,Capital Goods,BWE.AX,Equity,False
BWP,BWP GROUP,Equity Real Estate Investment Trusts (REITs),BWP.AX,Equity,False
C29,C29 METALS LIMITED,Materials,C29.AX,Equity,False
CDM,CADENCE CAPITAL LIMITED,Not Applic,CDM.AX,Equity,False
CDO,CADENCE OPPORTUNITIES FUND LIMITED.,Not Applic,CDO.AX,Fund,False
CCM,CADOUX LIMITED,Materials,CCM.AX,Equity,False
DXA,CAISSE FRANCAISE DE FINANCEMENT LOCAL,Not Applic,DXA.AX,Equity,False
CXL,CALIX LIMITED,Materials,CXL.AX,Equity,False
CMB,CAMBIUM BIO LIMITED,"Pharmaceuticals, Biotechnology & Life Sciences",CMB.AX,Equity,False
CHL,CAMPLIFY HOLDINGS LIMITED,Transportation,CHL.AX,Equity,False
CP8,CANADIAN PHOSPHATE LIMITED,Materials,CP8.AX,Equity,False
CAN,CANN GROUP LIMITED,"Pharmaceuticals, Biotechnology & Life Sciences",CAN.AX,Equity,False
CAE,CANNINDAH RESOURCES LIMITED,Materials,CAE.AX,Equity,False
CBY,CANTERBURY RESOURCES LIMITED,Materials,CBY.AX,Equity,False
CAY,CANYON RESOURCES LIMITED,Materials,CAY.AX,Equity,False
CAA,CAPRAL LIMITED,Materials,CAA.AX,Equity,False
CRS,CAPRICE RESOURCES LTD,Materials,CRS.AX,Equity,False
CMM,CAPRICORN METALS LTD,Materials,CMM.AX,Equity,False
CSC,CAPSTONE COPPER CORP.,Materials,CSC.AX,Equity,False
CAQ,CAQ HOLDINGS LIMITED,Real Estate Management & Development,CAQ.AX,Equity,False
CAR,CAR GROUP LIMITED,Media & Entertainment,CAR.AX,Equity,False
CVV,CARAVEL MINERALS LIMITED,Materials,CVV.AX,Equity,False
CRB,CARBINE RESOURCES LIMITED,Materials,CRB.AX,Equity,False
CG1,CARBONXT GROUP LIMITED,Materials,CG1.AX,Equity,False
CTQ,CARETEQ LIMITED,Health Care Equipment & Services,CTQ.AX,Equity,False
CDP,CARINDALE PROPERTY TRUST,Equity Real Estate Investment Trusts (REITs),CDP.AX,Trust,False
CIN,CARLTON INVESTMENTS LIMITED,Not Applic,CIN.AX,Equity,False
CNB,CARNABY RESOURCES LIMITED,Materials,CNB.AX,Equity,False
CVN,CARNARVON ENERGY LIMITED,Energy,CVN.AX,Equity,False
CAV,CARNAVALE RESOURCES LIMITED,Materials,CAV.AX,Equity,False
CCE,CARNEGIE CLEAN ENERGY LIMITED,Utilities,CCE.AX,Equity,False
CCV,CASH CONVERTERS INTERNATIONAL,Financial Services,CCV.AX,Equity,False
CPN,CASPIN RESOURCES LIMITED,Materials,CPN.AX,Equity,False
CMD,CASSIUS MINING LIMITED,Materials,CMD.AX,Equity,False
CST,CASTILE RESOURCES LTD,Materials,CST.AX,Equity,False
CDT,CASTLE MINERALS LIMITED,Materials,CDT.AX,Equity,False
CTN,CATALINA RESOURCES LTD,Materials,CTN.AX,Equity,False
CYL,CATALYST METALS LIMITED,Materials,CYL.AX,Equity,False
CAT,CATAPULT SPORTS LTD,Software & Services,CAT.AX,Equity,False
CXU,CAULDRON ENERGY LIMITED,Energy,CXU.AX,Equity,False
CVR,CAVALIER RESOURCES LIMITED,Materials,CVR.AX,Equity,False
CAZ,CAZALY RESOURCES LIMITED,Materials,CAZ.AX,Equity,False
CD1,CD PRIVATE EQUITY FUND I,Not Applic,CD1.AX,Fund,False
CD2,CD PRIVATE EQUITY FUND II,Not Applic,CD2.AX,Fund,False
CD3,CD PRIVATE EQUITY FUND III,Not Applic,CD3.AX,Fund,False
CWP,CEDAR WOODS PROPERTIES LIMITED,Real Estate Management & Development,CWP.AX,Equity,False
CLA,CELSIUS RESOURCES LIMITED.,Materials,CLA.AX,Equity,False
CTM,CENTAURUS METALS LIMITED,Materials,CTM.AX,Equity,False
CTP,CENTRAL PETROLEUM LIMITED,Energy,CTP.AX,Equity,False
CAF,CENTREPOINT ALLIANCE LIMITED,Financial Services,CAF.AX,Equity,False
CNI,CENTURIA CAPITAL GROUP,Equity Real Estate Investment Trusts (REITs),CNI.AX,Equity,False
C2F,CENTURIA FUNDS MANAGEMENT LIMITED,Not Applic,C2F.AX,Fund,False
CIP,CENTURIA INDUSTRIAL REIT,Equity Real Estate Investment Trusts (REITs),CIP.AX,Equity,False
COF,CENTURIA OFFICE REIT,Equity Real Estate Investment Trusts (REITs),COF.AX,Equity,False
CTT,CETTIRE LIMITED,Consumer Discretionary Distribution & Retail,CTT.AX,Equity,False
CGR,CGN RESOURCES LIMITED,Materials,CGR.AX,Equity,False
CHN,CHALICE MINING LIMITED,Materials,CHN.AX,Equity,False
CEL,CHALLENGER GOLD LIMITED,Materials,CEL.AX,Equity,False
CIM,CHALLENGER IM CAPITAL LIMITED,Not Applic,CIM.AX,Equity,False
CGF,CHALLENGER LIMITED,Financial Services,CGF.AX,Equity,False
CIA,CHAMPION IRON LIMITED,Materials,CIA.AX,Equity,False
CCA,CHANGE FINANCIAL LIMITED,Financial Services,CCA.AX,Equity,False
CHR,CHARGER METALS NL,Materials,CHR.AX,Equity,False
CC9,CHARIOT CORPORATION LTD,Materials,CC9.AX,Equity,False
CHC,CHARTER HALL GROUP,Equity Real Estate Investment Trusts (REITs),CHC.AX,Equity,False
CLW,CHARTER HALL LONG WALE REIT,Equity Real Estate Investment Trusts (REITs),CLW.AX,Equity,False
CQR,CHARTER HALL RETAIL REIT,Equity Real Estate Investment Trusts (REITs),CQR.AX,Equity,False
CQE,CHARTER HALL SOCIAL INFRASTRUCTURE REIT,Equity Real Estate Investment Trusts (REITs),CQE.AX,Equity,False
CMX,CHEMX MATERIALS LIMITED,Materials,CMX.AX,Equity,False
CHW,CHILWA MINERALS LTD,Materials,CHW.AX,Equity,False
CHM,CHIMERIC THERAPEUTICS LIMITED,"Pharmaceuticals, Biotechnology & Life Sciences",CHM.AX,Equity,False
CNU,CHORUS LIMITED,Telecommunication Services,CNU.AX,Equity,False
C79,CHRYSOS CORPORATION LIMITED,Commercial & Professional Services,C79.AX,Equity,False
CTO,CITIGOLD CORPORATION LIMITED,Materials,CTO.AX,Equity,False
CCX,CITY CHIC COLLECTIVE LIMITED,Consumer Discretionary Distribution & Retail,CCX.AX,Equity,False
CVL,CIVMEC LIMITED,Capital Goods,CVL.AX,Equity,False
CL8,CL8 HOLDINGS LIMITED,Transportation,CL8.AX,Equity,False
C7A,CLARA RESOURCES AUSTRALIA LTD,Materials,C7A.AX,Equity,False
CU6,CLARITY PHARMACEUTICALS LTD,"Pharmaceuticals, Biotechnology & Life Sciences",CU6.AX,Equity,False
CLZ,CLASSIC MINERALS LTD,Materials,CLZ.AX,Equity,False
CNQ,CLEAN TEQ WATER LIMITED,Commercial & Professional Services,CNQ.AX,Equity,False
CWY,CLEANAWAY WASTE MANAGEMENT LIMITED,Commercial & Professional Services,CWY.AX,Equity,False
CSX,CLEANSPACE HOLDINGS LIMITED,Health Care Equipment & Services,CSX.AX,Equity,False
CVW,CLEARVIEW WEALTH LIMITED,Insurance,CVW.AX,Equity,False
CPV,CLEARVUE TECHNOLOGIES LIMITED,Capital Goods,CPV.AX,Equity,False
COV,CLEO DIAGNOSTICS LTD,"Pharmaceuticals, Biotechnology & Life Sciences",COV.AX,Equity,False
CC5,CLEVER CULTURE SYSTEMS LIMITED,Health Care Equipment & Services,CC5.AX,Equity,False
CAM,CLIME CAPITAL LIMITED,Not Applic,CAM.AX,Equity,False
CIW,CLIME INVESTMENT MANAGEMENT LTD,Financial Services,CIW.AX,Equity,False
CUV,CLINUVEL PHARMACEUTICALS LIMITED,"Pharmaceuticals, Biotechnology & Life Sciences",CUV.AX,Equity,False
CLG,CLOSE THE LOOP LTD.,Commercial & Professional Services,CLG.AX,Equity,False
CLV,CLOVER CORPORATION LIMITED,Materials,CLV.AX,Equity,False
CLU,CLUEY LTD,Consumer Services,CLU.AX,Equity,False
CEH,COAST ENTERTAINMENT HOLDINGS LIMITED,Consumer Services,CEH.AX,Equity,False
COB,COBALT BLUE HOLDINGS LIMITED,Materials,COB.AX,Equity,False
CBO,COBRAM ESTATE OLIVES LIMITED,"Food, Beverage & Tobacco",CBO.AX,Equity,False
CBE,COBRE LIMITED,Materials,CBE.AX,Equity,False
COH,COCHLEAR LIMITED,Health Care Equipment & Services,COH.AX,Equity,False
COD,CODA MINERALS LTD,Materials,COD.AX,Equity,False
CDA,CODAN LIMITED,Technology Hardware & Equipment,CDA.AX,Equity,False
CDE,CODEIFAI LIMITED,Commercial & Professional Services,CDE.AX,Equity,False
CDR,CODRUS MINERALS LIMITED,Materials,CDR.AX,Equity,False
COG,COG FINANCIAL SERVICES LIMITED,Financial Services,COG.AX,Equity,False
CGS,COGSTATE LTD,Health Care Equipment & Services,CGS.AX,Equity,False
CKA,COKAL LIMITED,Materials,CKA.AX,Equity,False
COL,COLES GROUP LIMITED.,Consumer Staples Distribution & Retail,COL.AX,Equity,False
CKF,COLLINS FOODS LIMITED,Consumer Services,CKF.AX,Equity,False
COI,COMET RIDGE LIMITED,Energy,COI.AX,Equity,False
CBA,COMMONWEALTH BANK OF AUSTRALIA.,Banks,CBA.AX,Equity,False
CCG,COMMS GROUP LTD,Telecommunication Services,CCG.AX,Equity,False
CF1,COMPLII FINTECH SOLUTIONS LTD,Software & Services,CF1.AX,Equity,False
CMP,COMPUMEDICS LIMITED,Health Care Equipment & Services,CMP.AX,Equity,False
CPU,COMPUTERSHARE LIMITED.,Commercial & Professional Services,CPU.AX,Equity,False
CND,CONDOR ENERGY LIMITED,Energy,CND.AX,Equity,False
CNJ,CONICO LTD,Materials,CNJ.AX,Equity,False
CML,CONNECTED MINERALS LIMITED,Technology Hardware & Equipment,CML.AX,Equity,False
CQT,CONNEQT HEALTH LIMITED,Health Care Equipment & Services,CQT.AX,Equity,False
CXZ,CONNEXION MOBILITY LTD,Software & Services,CXZ.AX,Equity,False
CRD,CONRAD ASIA ENERGY LTD.,Energy,CRD.AX,Equity,False
CR1,CONSTELLATION RESOURCES LIMITED,Materials,CR1.AX,Equity,False
CT1,CONSTELLATION TECHNOLOGIES LIMITED,Technology Hardware & Equipment,CT1.AX,Equity,False
CEN,CONTACT ENERGY LIMITED,Utilities,CEN.AX,Equity,False
CBL,CONTROL BIONICS LIMITED,Health Care Equipment & Services,CBL.AX,Equity,False
CPM,COOPER METALS LIMITED,Materials,CPM.AX,Equity,False
COY,COPPERMOLY LIMITED,Materials,COY.AX,Equity,False
CZN,CORAZON MINING LIMITED,Materials,CZN.AX,Equity,False
CR3,CORE ENERGY MINERALS LTD,Materials,CR3.AX,Equity,False
CXO,CORE LITHIUM LTD,Materials,CXO.AX,Equity,False
CR9,CORELLA RESOURCES LTD,Materials,CR9.AX,Equity,False
CRN,CORONADO GLOBAL RESOURCES INC.,Materials,CRN.AX,Equity,False
CTD,CORPORATE TRAVEL MANAGEMENT LIMITED,Consumer Services,CTD.AX,Equity,False
CMO,COSMO METALS LIMITED,Materials,CMO.AX,Equity,False
C1X,COSMOS EXPLORATION LIMITED,Materials,C1X.AX,Equity,False
COS,COSOL LIMITED,Software & Services,COS.AX,Equity,False
CUP,COUNT LIMITED,Commercial & Professional Services,CUP.AX,Equity,False
CYG,COVENTRY GROUP LIMITED,Capital Goods,CYG.AX,Equity,False
CGO,CPT GLOBAL LIMITED,Software & Services,CGO.AX,Equity,False
CCR,CREDIT CLEAR LIMITED,Software & Services,CCR.AX,Equity,False
CCP,CREDIT CORP GROUP LIMITED,Financial Services,CCP.AX,Equity,False
CI1,CREDIT INTELLIGENCE LTD,Commercial & Professional Services,CI1.AX,Equity,False
CRI,CRITICA LIMITED,Materials,CRI.AX,Equity,False
CMG,CRITICAL MINERALS GROUP LIMITED,Materials,CMG.AX,Equity,False
CRR,CRITICAL RESOURCES LIMITED,Materials,CRR.AX,Equity,False
CMW,CROMWELL PROPERTY GROUP,Equity Real Estate Investment Trusts (REITs),CMW.AX,Equity,False
CTE,CRYOSITE LIMITED,"Pharmaceuticals, Biotechnology & Life Sciences",CTE.AX,Equity,False
CPL,CSL FINANCE PLC,Not Applic,CPL.AX,Equity,False
CSL,CSL LIMITED,"Pharmaceuticals, Biotechnology & Life Sciences",CSL.AX,Equity,False
CLX,CTI LOGISTICS LIMITED,Transportation,CLX.AX,Equity,False
CUE,CUE ENERGY RESOURCES LIMITED,Energy,CUE.AX,Equity,False
CUF,CUFE LTD,Materials,CUF.AX,Equity,False
CUL,CULLEN RESOURCES LIMITED,Materials,CUL.AX,Equity,False
CPO,CULPEO MINERALS LIMITED,Materials,CPO.AX,Equity,False
CVB,CURVEBEAM AI LIMITED,Health Care Equipment & Services,CVB.AX,Equity,False
CCL,CUSCAL LIMITED,Financial Services,CCL.AX,Equity,False
CVC,CVC LIMITED,Financial Services,CVC.AX,Equity,False
CYQ,CYCLIQ GROUP LTD,Consumer Durables & Apparel,CYQ.AX,Equity,False
CLE,CYCLONE METALS LIMITED,Materials,CLE.AX,Equity,False
CYC,CYCLOPHARM LIMITED,Health Care Equipment & Services,CYC.AX,Equity,False
CY5,CYGNUS METALS LIMITED,Materials,CY5.AX,Equity,False
CYP,CYNATA THERAPEUTICS LIMITED,"Pharmaceuticals, Biotechnology & Life Sciences",CYP.AX,Equity,False
CYM,CYPRIUM METALS LIMITED,Materials,CYM.AX,Equity,False
CZR,CZR RESOURCES LTD,Materials,CZR.AX,Equity,False
D3E,D3 ENERGY LIMITED,Energy,D3E.AX,Equity,False
DAL,DALAROO METALS LTD,Materials,DAL.AX,Equity,False
DBI,DALRYMPLE BAY INFRASTRUCTURE LIMITED,Transportation,DBI.AX,Equity,False
DTM,DART MINING NL,Materials,DTM.AX,Equity,False
DTL,DATA#3 LIMITED,Software & Services,DTL.AX,Equity,False
DDT,DATADOT TECHNOLOGY LIMITED,Automobiles & Components,DDT.AX,Equity,False
DWG,DATAWORKS GROUP LIMITED,Software & Services,DWG.AX,Equity,False
DTR,DATELINE RESOURCES LIMITED,Materials,DTR.AX,Equity,False
DEM,DE.MEM LIMITED,Utilities,DEM.AX,Equity,False
DAI,DECIDR AI INDUSTRIES LTD,"Food, Beverage & Tobacco",DAI.AX,Equity,False
DYL,DEEP YELLOW LIMITED,Energy,DYL.AX,Equity,False
DEL,DELOREAN CORPORATION LIMITED,Utilities,DEL.AX,Equity,False
DLI,DELTA LITHIUM LIMITED,Materials,DLI.AX,Equity,False
DGH,DESANE GROUP HOLDINGS LIMITED,Real Estate Management & Development,DGH.AX,Equity,False
DM1,DESERT METALS LIMITED,Materials,DM1.AX,Equity,False
DSM,DESERT MINERALS LTD,Class Pend,DSM.AX,Equity,False
DES,DESOTO RESOURCES LIMITED,Materials,DES.AX,Equity,False
DRR,DETERRA ROYALTIES LIMITED,Materials,DRR.AX,Equity,False
DVP,DEVELOP GLOBAL LIMITED,Materials,DVP.AX,Equity,False
DEV,DEVEX RESOURCES LIMITED,Energy,DEV.AX,Equity,False
DXS,DEXUS,Equity Real Estate Investment Trusts (REITs),DXS.AX,Equity,False
DXC,DEXUS CONVENIENCE RETAIL REIT,Equity Real Estate Investment Trusts (REITs),DXC.AX,Equity,False
DXI,DEXUS INDUSTRIA REIT.,Equity Real Estate Investment Trusts (REITs),DXI.AX,Equity,False
DGL,DGL GROUP LIMITED,Materials,DGL.AX,Equity,False
DGR,DGR GLOBAL LIMITED,Materials,DGR.AX,Equity,False
DBO,DIABLO RESOURCES LIMITED,Materials,DBO.AX,Equity,False
DRX,DIATREME RESOURCES LIMITED,Materials,DRX.AX,Equity,False
DDR,DICKER DATA LIMITED,Technology Hardware & Equipment,DDR.AX,Equity,False
DGT,DIGICO INFRASTRUCTURE REIT,Class Pend,DGT.AX,Equity,False
DCC,DIGITALX LIMITED,Software & Services,DCC.AX,Equity,False
DXB,DIMERIX LIMITED,"Pharmaceuticals, Biotechnology & Life Sciences",DXB.AX,Equity,False
DAF,DISCOVERY ALASKA LIMITED,Materials,DAF.AX,Equity,False
DUI,DIVERSIFIED UNITED INVESTMENT LIMITED,Not Applic,DUI.AX,Equity,False
DJW,DJERRIWARRH INVESTMENTS LIMITED,Not Applic,DJW.AX,Equity,False
DMM,DMC MINING LIMITED.,Materials,DMM.AX,Equity,False
DOC,DOCTOR CARE ANYWHERE GROUP PLC,Health Care Equipment & Services,DOC.AX,Equity,False
DME,DOME GOLD MINES LIMITED,Materials,DME.AX,Equity,False
DN1,DOMINION INCOME TRUST 1,Not Applic,DN1.AX,Trust,False
DMN,DOMINION INVESTMENT GROUP LIMITED,Not Applic,DMN.AX,Equity,False
DMP,DOMINO'S PIZZA ENTERPRISES LIMITED,Consumer Services,DMP.AX,Equity,False
DVL,DORSAVI LTD,"Pharmaceuticals, Biotechnology & Life Sciences",DVL.AX,Equity,False
DTZ,DOTZ NANO LIMITED,Technology Hardware & Equipment,DTZ.AX,Equity,False
DOW,DOWNER EDI LIMITED,Commercial & Professional Services,DOW.AX,Equity,False
DPM,DPM METALS INC.,Class Pend,DPM.AX,Equity,False
DMG,DRAGON MOUNTAIN GOLD LIMITED,Materials,DMG.AX,Equity,False
DRE,DREADNOUGHT RESOURCES LTD,Materials,DRE.AX,Equity,False
DA8,DRIVER AUSTRALIA EIGHT TRUST,Not Applic,DA8.AX,Trust,False
DAM,DRIVER AUSTRALIA MASTER TRUST,Not Applic,DAM.AX,Trust,False
DA9,DRIVER AUSTRALIA NINE TRUST,Not Applic,DA9.AX,Trust,False
DAT,DRIVER AUSTRALIA SEVEN TRUST,Not Applic,DAT.AX,Trust,False
D10,DRIVER AUSTRALIA TEN TRUST,Not Applic,D10.AX,Trust,False
DRO,DRONESHIELD LIMITED,Capital Goods,DRO.AX,Equity,False
DTI,DTI GROUP LTD,Technology Hardware & Equipment,DTI.AX,Equity,False
DUB,DUBBER CORPORATION LIMITED,Software & Services,DUB.AX,Equity,False
DUG,DUG TECHNOLOGY LTD,Software & Services,DUG.AX,Equity,False
DKM,DUKETON MINING LIMITED,Materials,DKM.AX,Equity,False
DUN,DUNDAS MINERALS LIMITED,Materials,DUN.AX,Equity,False
DUR,DURATEC LIMITED,Capital Goods,DUR.AX,Equity,False
DSK,DUSK GROUP LIMITED,Consumer Discretionary Distribution & Retail,DSK.AX,Equity,False
DBF,DUXTON FARMS LTD,"Food, Beverage & Tobacco",DBF.AX,Equity,False
DXN,DXN LIMITED,Software & Services,DXN.AX,Equity,False
DY6,DY6 METALS LTD,Class Pend,DY6.AX,Equity,False
DYM,DYNAMIC METALS LIMITED,Materials,DYM.AX,Equity,False
DNL,DYNO NOBEL LIMITED.,Materials,DNL.AX,Equity,False
E79,E79 GOLD MINES LIMITED,Materials,E79.AX,Equity,False
APE,EAGERS AUTOMOTIVE LIMITED,Consumer Discretionary Distribution & Retail,APE.AX,Equity,False
EM2,EAGLE MOUNTAIN MINING LIMITED,Materials,EM2.AX,Equity,False
EPY,EARLYPAY LTD,Financial Services,EPY.AX,Equity,False
EE1,EARTHS ENERGY LIMITED,Materials,EE1.AX,Equity,False
EMS,EASTERN METALS LIMITED,Materials,EMS.AX,Equity,False
EFE,EASTERN RESOURCES LIMITED,Materials,EFE.AX,Equity,False
EBO,EBOS GROUP LIMITED,Health Care Equipment & Services,EBO.AX,Equity,False
EBR,EBR SYSTEMS INC.,Health Care Equipment & Services,EBR.AX,Equity,False
ECH,ECHELON RESOURCES LIMITED,Energy,ECH.AX,Equity,False
EIQ,ECHOIQ LIMITED,Software & Services,EIQ.AX,Equity,False
EPM,ECLIPSE METALS LIMITED.,Energy,EPM.AX,Equity,False
EGR,ECOGRAF LIMITED,Materials,EGR.AX,Equity,False
ECP,ECP EMERGING GROWTH LIMITED,Not Applic,ECP.AX,Equity,False
ECS,ECS BOTANICS HOLDINGS LTD,"Pharmaceuticals, Biotechnology & Life Sciences",ECS.AX,Equity,False
EDE,EDEN INNOVATIONS LTD,Energy,EDE.AX,Equity,False
EDU,EDU HOLDINGS LIMITED,Consumer Services,EDU.AX,Equity,False
EDC,EILDON CAPITAL GROUP,Financial Services,EDC.AX,Equity,False
ECF,ELANOR COMMERCIAL PROPERTY FUND,Equity Real Estate Investment Trusts (REITs),ECF.AX,Fund,False
ENN,ELANOR INVESTORS GROUP,Consumer Services,ENN.AX,Equity,False
ELD,ELDERS LIMITED,"Food, Beverage & Tobacco",ELD.AX,Equity,False
EOS,ELECTRO OPTIC SYSTEMS HOLDINGS LIMITED,Capital Goods,EOS.AX,Equity,False
E25,ELEMENT 25 LIMITED,Materials,E25.AX,Equity,False
ELT,ELEMENTOS LIMITED,Materials,ELT.AX,Equity,False
EL8,ELEVATE URANIUM LTD,Energy,EL8.AX,Equity,False
ELV,ELEVRA LITHIUM LIMITED,Materials,ELV.AX,Equity,False
EXL,ELIXINOL WELLNESS LIMITED,Household & Personal Products,EXL.AX,Equity,False
EXR,ELIXIR ENERGY LIMITED,Energy,EXR.AX,Equity,False
ELS,ELSIGHT LIMITED,Technology Hardware & Equipment,ELS.AX,Equity,False
EVO,EMBARK EARLY EDUCATION LIMITED,Consumer Services,EVO.AX,Equity,False
EMB,EMBELTON LIMITED,Capital Goods,EMB.AX,Equity,False
EHL,EMECO HOLDINGS LIMITED,Capital Goods,EHL.AX,Equity,False
EMR,EMERALD RESOURCES NL,Materials,EMR.AX,Equity,False
EMT,EMETALS LIMITED,Not Applic,EMT.AX,Equity,False
EMI,EMIRATES NBD PJSC,Not Applic,EMI.AX,Equity,False
EML,EML PAYMENTS LIMITED,Financial Services,EML.AX,Equity,False
ERM,EMMERSON RESOURCES LIMITED,Materials,ERM.AX,Equity,False
EMP,EMPEROR ENERGY LIMITED,Energy,EMP.AX,Equity,False
ERL,EMPIRE RESOURCES LIMITED,Materials,ERL.AX,Equity,False
EMU,EMU NL,Materials,EMU.AX,Equity,False
EMV,EMVISION MEDICAL DEVICES LTD,Health Care Equipment & Services,EMV.AX,Equity,False
EMD,EMYRIA LIMITED,Health Care Equipment & Services,EMD.AX,Equity,False
ENR,ENCOUNTER RESOURCES LIMITED,Materials,ENR.AX,Equity,False
EDV,ENDEAVOUR GROUP LIMITED,Consumer Staples Distribution & Retail,EDV.AX,Equity,False
ERG,ENECO REFRESH LTD,"Food, Beverage & Tobacco",ERG.AX,Equity,False
ENX,ENEGEX LIMITED,Materials,ENX.AX,Equity,False
EAX,ENERGY ACTION LIMITED,Commercial & Professional Services,EAX.AX,Equity,False
EME,ENERGY METALS LTD,Energy,EME.AX,Equity,False
EOL,ENERGY ONE LIMITED,Software & Services,EOL.AX,Equity,False
ERA,ENERGY RESOURCES OF AUSTRALIA LIMITED,Energy,ERA.AX,Equity,False
EGY,ENERGY TECHNOLOGIES LIMITED,Capital Goods,EGY.AX,Equity,False
ETM,ENERGY TRANSITION MINERALS LTD,Materials,ETM.AX,Equity,False
EWC,ENERGY WORLD CORPORATION LTD,Utilities,EWC.AX,Equity,False
EGG,ENERO GROUP LIMITED,Media & Entertainment,EGG.AX,Equity,False
ENL,ENLITIC INC.,Health Care Equipment & Services,ENL.AX,Equity,False
ENV,ENOVA MINING LIMITED,Materials,ENV.AX,Equity,False
EEL,ENRG ELEMENTS LTD,Materials,EEL.AX,Equity,False
ENT,ENTERPRISE METALS LIMITED,Materials,ENT.AX,Equity,False
EAT,ENTERTAINMENT REWARDS LTD,Media & Entertainment,EAT.AX,Equity,False
ECT,ENVIRONMENTAL CLEAN TECHNOLOGIES LIMITED.,Commercial & Professional Services,ECT.AX,Equity,False
EGL,ENVIRONMENTAL GROUP LIMITED (THE),Capital Goods,EGL.AX,Equity,False
EPN,EPSILON HEALTHCARE LIMITED,"Pharmaceuticals, Biotechnology & Life Sciences",EPN.AX,Equity,False
EPX,EPX LIMITED,Software & Services,EPX.AX,Equity,False
EQR,EQ RESOURCES LIMITED,Materials,EQR.AX,Equity,False
EQT,EQT HOLDINGS LIMITED,Financial Services,EQT.AX,Equity,False
EQX,EQUATORIAL RESOURCES LIMITED,Materials,EQX.AX,Equity,False
EQN,EQUINOX RESOURCES LIMITED.,Materials,EQN.AX,Equity,False
EQS,EQUITY STORY GROUP LTD,Financial Services,EQS.AX,Equity,False
ERD,EROAD LIMITED,Technology Hardware & Equipment,ERD.AX,Equity,False
ESR,ESTRELLA RESOURCES LIMITED,Materials,ESR.AX,Equity,False
ESK,ETHERSTACK PLC,Software & Services,ESK.AX,Equity,False
EGH,EUREKA GROUP HOLDINGS LIMITED,Real Estate Management & Development,EGH.AX,Equity,False
EMN,EURO MANGANESE INC,Materials,EMN.AX,Equity,False
EUR,EUROPEAN LITHIUM LIMITED,Materials,EUR.AX,Equity,False
EMH,EUROPEAN METALS HOLDINGS LIMITED,Materials,EMH.AX,Equity,False
EZL,EUROZ HARTLEYS GROUP LIMITED,Financial Services,EZL.AX,Equity,False
EVR,EV RESOURCES LTD,Materials,EVR.AX,Equity,False
EVE,EVE HEALTH GROUP LIMITED.,Financial Services,EVE.AX,Equity,False
EMC,EVEREST METALS CORPORATION LTD,Materials,EMC.AX,Equity,False
EG1,EVERGREEN LITHIUM LIMITED,Materials,EG1.AX,Equity,False
EV8,EVERLAST MINERALS LTD.,Materials,EV8.AX,Equity,False
EVG,EVION GROUP NL,Materials,EVG.AX,Equity,False
EV1,EVOLUTION ENERGY MINERALS LIMITED,Materials,EV1.AX,Equity,False
EVN,EVOLUTION MINING LIMITED,Materials,EVN.AX,Equity,False
EVT,EVT LIMITED,Media & Entertainment,EVT.AX,Equity,False
EVZ,EVZ LIMITED,Capital Goods,EVZ.AX,Equity,False
ECL,EXCELSIOR CAPITAL LTD,Capital Goods,ECL.AX,Equity,False
EXT,EXCITE TECHNOLOGY SERVICES LTD,Software & Services,EXT.AX,Equity,False
EXP,EXPERIENCE CO LIMITED,Consumer Services,EXP.AX,Equity,False
EZZ,EZZ LIFE SCIENCE HOLDINGS LIMITED,Consumer Discretionary Distribution & Retail,EZZ.AX,Equity,False
FAL,FALCON METALS LTD,Materials,FAL.AX,Equity,False
FEG,FAR EAST GOLD LTD,Materials,FEG.AX,Equity,False
FAR,FAR LIMITED,Energy,FAR.AX,Equity,False
FNR,FAR NORTHERN RESOURCES LIMITED,Materials,FNR.AX,Equity,False
FRM,FARM PRIDE FOODS LIMITED,"Food, Beverage & Tobacco",FRM.AX,Equity,False
FPC,FAT PROPHETS GLOBAL CONTRARIAN FUND LTD,Not Applic,FPC.AX,Fund,False
FFG,FATFISH GROUP LIMITED,Financial Services,FFG.AX,Equity,False
FBR,FBR LTD,Capital Goods,FBR.AX,Equity,False
FXG,FELIX GOLD LIMITED,Materials,FXG.AX,Equity,False
FLX,FELIX GROUP HOLDINGS LTD,Software & Services,FLX.AX,Equity,False
FEX,FENIX RESOURCES LTD,Materials,FEX.AX,Equity,False
FFI,FFI HOLDINGS LIMITED,"Food, Beverage & Tobacco",FFI.AX,Equity,False
FID,FIDUCIAN GROUP LIMITED,Financial Services,FID.AX,Equity,False
FIN,FIN RESOURCES LIMITED,Materials,FIN.AX,Equity,False
FRI,FINBAR GROUP LIMITED,Real Estate Management & Development,FRI.AX,Equity,False
FDR,FINDER ENERGY HOLDINGS LIMITED,Energy,FDR.AX,Equity,False
FND,FINDI LIMITED,Software & Services,FND.AX,Equity,False
FCL,FINEOS CORPORATION HOLDINGS PLC,Software & Services,FCL.AX,Equity,False
FNX,FINEXIA FINANCIAL GROUP LIMITED,Financial Services,FNX.AX,Equity,False
FRB,FIREBIRD METALS LIMITED,Materials,FRB.AX,Equity,False
FRE,FIREBRICK PHARMA LIMITED,"Pharmaceuticals, Biotechnology & Life Sciences",FRE.AX,Equity,False
FFM,FIREFLY METALS LTD,Materials,FFM.AX,Equity,False
FAU,FIRST AU LIMITED,Materials,FAU.AX,Equity,False
FGR,FIRST GRAPHENE LIMITED,Materials,FGR.AX,Equity,False
FL1,FIRST LITHIUM LIMITED,Materials,FL1.AX,Equity,False
FM3,FIRSTMAC MORTGAGE FUNDING TRUST NO. 4 SERIES 1-2020,Not Applic,FM3.AX,Trust,False
FM2,FIRSTMAC MORTGAGE FUNDING TRUST NO.4 SERIES 2-2019,Not Applic,FM2.AX,Trust,False
FM5,FIRSTMAC MORTGAGE FUNDING TRUST NO.4 SERIES 2-2020,Not Applic,FM5.AX,Trust,False
FM4,FIRSTMAC MORTGAGE FUNDING TRUST NO.4 SERIES 3PP-2019,Not Applic,FM4.AX,Trust,False
FM1,FIRSTMAC MORTGAGE FUNDING TRUST NO.4 SERIES 4-2019,Not Applic,FM1.AX,Trust,False
FCT,FIRSTWAVE CLOUD TECHNOLOGY LIMITED,Software & Services,FCT.AX,Equity,False
FPH,FISHER & PAYKEL HEALTHCARE CORPORATION LIMITED,Health Care Equipment & Services,FPH.AX,Equity,False
FZR,FITZROY RIVER CORPORATION LTD,Energy,FZR.AX,Equity,False
FSI,FLAGSHIP INVESTMENTS LIMITED,Not Applic,FSI.AX,Equity,False
FLG,FLAGSHIP MINERALS LIMITED,Materials,FLG.AX,Equity,False
FPR,FLEETPARTNERS GROUP LIMITED,Financial Services,FPR.AX,Equity,False
FWD,FLEETWOOD LIMITED,Consumer Durables & Apparel,FWD.AX,Equity,False
FBU,FLETCHER BUILDING LIMITED,Capital Goods,FBU.AX,Equity,False
FRX,FLEXIROAM LIMITED,Telecommunication Services,FRX.AX,Equity,False
FLT,FLIGHT CENTRE TRAVEL GROUP LIMITED,Consumer Services,FLT.AX,Equity,False
FLC,FLUENCE CORPORATION LIMITED,Utilities,FLC.AX,Equity,False
FG1,FLYNN GOLD LIMITED,Materials,FG1.AX,Equity,False
FMR,FMR RESOURCES LIMITED,Media & Entertainment,FMR.AX,Equity,False
FML,FOCUS MINERALS LTD,Materials,FML.AX,Equity,False
FGH,FORESTA GROUP HOLDINGS LIMITED,Materials,FGH.AX,Equity,False
FRS,FORRESTANIA RESOURCES LIMITED,Materials,FRS.AX,Equity,False
FMG,FORTESCUE LTD,Materials,FMG.AX,Equity,False
FTI,FORTIFAI LTD,Media & Entertainment,FTI.AX,Equity,False
FUN,FORTUNA METALS LTD,Materials,FUN.AX,Equity,False
FOS,FOS CAPITAL LTD,Capital Goods,FOS.AX,Equity,False
FCG,FREEDOM CARE GROUP HOLDINGS LIMITED,Health Care Equipment & Services,FCG.AX,Equity,False
FHS,FREEHILL MINING LIMITED.,Materials,FHS.AX,Equity,False
FLN,FREELANCER LIMITED,Commercial & Professional Services,FLN.AX,Equity,False
FRW,FREIGHTWAYS GROUP LIMITED,Transportation,FRW.AX,Equity,False
FDV,FRONTIER DIGITAL VENTURES LIMITED,Media & Entertainment,FDV.AX,Equity,False
FHE,FRONTIER ENERGY LIMITED,Materials,FHE.AX,Equity,False
FSA,FSA GROUP LIMITED,Financial Services,FSA.AX,Equity,False
FUL,FULCRUM LITHIUM LTD,Materials,FUL.AX,Equity,False
FBM,FUTURE BATTERY MINERALS LIMITED,Materials,FBM.AX,Equity,False
FGX,FUTURE GENERATION AUSTRALIA LIMITED,Not Applic,FGX.AX,Equity,False
FGG,FUTURE GENERATION GLOBAL LIMITED,Not Applic,FGG.AX,Equity,False
FME,FUTURE METALS NL,Energy,FME.AX,Equity,False
G11,G11 RESOURCES LIMITED,Materials,G11.AX,Equity,False
G50,G50 CORP LIMITED,Materials,G50.AX,Equity,False
GEM,G8 EDUCATION LIMITED,Consumer Services,GEM.AX,Equity,False
GLN,GALAN LITHIUM LIMITED,Materials,GLN.AX,Equity,False
GAP,GALE PACIFIC LIMITED,Consumer Durables & Apparel,GAP.AX,Equity,False
GLL,GALILEE ENERGY LIMITED,Energy,GLL.AX,Equity,False
GAL,GALILEO MINING LTD,Materials,GAL.AX,Equity,False
GDF,GARDA PROPERTY GROUP,Equity Real Estate Investment Trusts (REITs),GDF.AX,Equity,False
GML,GATEWAY MINING LIMITED,Materials,GML.AX,Equity,False
GTH,GATHID LTD,Software & Services,GTH.AX,Equity,False
GBZ,GBM RESOURCES LIMITED,Materials,GBZ.AX,Equity,False
GDI,GDI PROPERTY GROUP,Equity Real Estate Investment Trusts (REITs),GDI.AX,Equity,False
GLF,GEMLIFE COMMUNITIES GROUP,Real Estate Management & Development,GLF.AX,Equity,False
GDG,GENERATION DEVELOPMENT GROUP LIMITED,Insurance,GDG.AX,Equity,False
GNE,GENESIS ENERGY LIMITED,Utilities,GNE.AX,Equity,False
GMD,GENESIS MINERALS LIMITED,Materials,GMD.AX,Equity,False
GES,GENESIS RESOURCES LIMITED,Materials,GES.AX,Equity,False
GSS,GENETIC SIGNATURES LIMITED,"Pharmaceuticals, Biotechnology & Life Sciences",GSS.AX,Equity,False
GTG,GENETIC TECHNOLOGIES LIMITED,"Pharmaceuticals, Biotechnology & Life Sciences",GTG.AX,Equity,False
GEN,GENMIN LIMITED,Materials,GEN.AX,Equity,False
GTK,GENTRACK GROUP LIMITED,Software & Services,GTK.AX,Equity,False
GNP,GENUSPLUS GROUP LTD,Capital Goods,GNP.AX,Equity,False
GPR,GEOPACIFIC RESOURCES LTD,Materials,GPR.AX,Equity,False
GIB,GIBB RIVER DIAMONDS LIMITED,Materials,GIB.AX,Equity,False
GLA,GLADIATOR RESOURCES LIMITED,Materials,GLA.AX,Equity,False
GC1,GLENNON SMALL COMPANIES LIMITED,Not Applic,GC1.AX,Equity,False
GLE,GLG CORP LTD,Consumer Durables & Apparel,GLE.AX,Equity,False
GLH,GLOBAL HEALTH LIMITED,Health Care Equipment & Services,GLH.AX,Equity,False
GL1,GLOBAL LITHIUM RESOURCES LIMITED,Materials,GL1.AX,Equity,False
GFL,GLOBAL MASTERS FUND LIMITED,Not Applic,GFL.AX,Fund,False
GUE,GLOBAL URANIUM AND ENRICHMENT LTD,Materials,GUE.AX,Equity,False
GLB,GLOBE INTERNATIONAL LIMITED,Consumer Durables & Apparel,GLB.AX,Equity,False
GBE,GLOBE METALS & MINING LIMITED,Materials,GBE.AX,Equity,False
GRL,GODOLPHIN RESOURCES LIMITED,Materials,GRL.AX,Equity,False
GHY,GOLD HYDROGEN LIMITED,Energy,GHY.AX,Equity,False
GMN,GOLD MOUNTAIN LIMITED,Materials,GMN.AX,Equity,False
GA8,GOLDARC RESOURCES LIMITED,Materials,GA8.AX,Equity,False
GCR,GOLDEN CROSS RESOURCES LTD,Materials,GCR.AX,Equity,False
GED,GOLDEN DEEPS LIMITED.,Materials,GED.AX,Equity,False
GDR,GOLDEN DRAGON MINING LTD,Materials,GDR.AX,Equity,False
GGR,GOLDEN GLOBE RESOURCES LTD.,Materials,GGR.AX,Equity,False
GHM,GOLDEN HORSE MINERALS LIMITED,Materials,GHM.AX,Equity,False
G88,GOLDEN MILE RESOURCES LTD,Materials,G88.AX,Equity,False
GSM,GOLDEN STATE MINING LIMITED,Materials,GSM.AX,Equity,False
GMG,GOODMAN GROUP,Equity Real Estate Investment Trusts (REITs),GMG.AX,Equity,False
GG8,GORILLA GOLD MINES LTD,Materials,GG8.AX,Equity,False
GOW,GOWING BROS LIMITED,Financial Services,GOW.AX,Equity,False
GPT,GPT GROUP,Equity Real Estate Investment Trusts (REITs),GPT.AX,Equity,False
GQG,GQG PARTNERS INC.,Financial Services,GQG.AX,Equity,False
GNG,GR ENGINEERING SERVICES LIMITED,Materials,GNG.AX,Equity,False
GNC,GRAINCORP LIMITED,Consumer Staples Distribution & Retail,GNC.AX,Equity,False
GGE,GRAND GULF ENERGY LIMITED,Energy,GGE.AX,Equity,False
GRR,GRANGE RESOURCES LIMITED.,Materials,GRR.AX,Equity,False
GTI,GRATIFII LIMITED,Software & Services,GTI.AX,Equity,False
GBR,GREAT BOULDER RESOURCES LIMITED,Materials,GBR.AX,Equity,False
GR8,GREAT DIRT RESOURCES LTD,Materials,GR8.AX,Equity,False
GDM,GREAT DIVIDE MINING LTD,Materials,GDM.AX,Equity,False
GNM,GREAT NORTHERN MINERALS LIMITED,Materials,GNM.AX,Equity,False
GSN,GREAT SOUTHERN MINING LIMITED,Materials,GSN.AX,Equity,False
GTE,GREAT WESTERN EXPLORATION LIMITED.,Materials,GTE.AX,Equity,False
GGP,GREATLAND RESOURCES LIMITED,Materials,GGP.AX,Equity,False
GG1,GREEN & GOLD MINERALS LIMITED,Materials,GG1.AX,Equity,False
GCM,GREEN CRITICAL MINERALS LIMITED,Materials,GCM.AX,Equity,False
GT1,GREEN TECHNOLOGY METALS LIMITED,Materials,GT1.AX,Equity,False
GT3,GREEN360 TECHNOLOGIES LIMITED,Materials,GT3.AX,Equity,False
H2G,GREENHY2 LIMITED,Commercial & Professional Services,H2G.AX,Equity,False
GRE,GREENTECH METALS LIMITED,Materials,GRE.AX,Equity,False
GRV,GREENVALE ENERGY LTD,Energy,GRV.AX,Equity,False
GW1,GREENWING RESOURCES LTD,Materials,GW1.AX,Equity,False
GRX,GREENX METALS LIMITED,Materials,GRX.AX,Equity,False
G6M,GROUP 6 METALS LIMITED,Materials,G6M.AX,Equity,False
G1C,GROUP ONE CAPITAL LIMITED,Real Estate Management & Development,G1C.AX,Equity,False
GOZ,GROWTHPOINT PROPERTIES AUSTRALIA,Equity Real Estate Investment Trusts (REITs),GOZ.AX,Equity,False
GCI,GRYPHON CAPITAL INCOME TRUST,Not Applic,GCI.AX,Trust,False
GTN,GTN LIMITED,Media & Entertainment,GTN.AX,Equity,False
GUL,GULLEWA LIMITED,Materials,GUL.AX,Equity,False
GUM,GUMTREE AUSTRALIA MARKETS LIMITED,Media & Entertainment,GUM.AX,Equity,False
GYG,GUZMAN Y GOMEZ LIMITED,Consumer Services,GYG.AX,Equity,False
GWA,GWA GROUP LIMITED.,Capital Goods,GWA.AX,Equity,False
GWR,GWR GROUP LIMITED,Materials,GWR.AX,Equity,False
HCF,H&G HIGH CONVICTION LIMITED,Not Applic,HCF.AX,Equity,False
HAL,HALO TECHNOLOGIES HOLDINGS LTD,Financial Services,HAL.AX,Equity,False
HMG,HAMELIN GOLD LIMITED,Materials,HMG.AX,Equity,False
HMX,HAMMER METALS LIMITED,Materials,HMX.AX,Equity,False
HNG,HANCOCK & GORE LTD,Capital Goods,HNG.AX,Equity,False
HSN,HANSEN TECHNOLOGIES LIMITED,Software & Services,HSN.AX,Equity,False
HAR,HARANGA RESOURCES LIMITED.,Materials,HAR.AX,Equity,False
HMY,HARMONEY CORP LIMITED,Financial Services,HMY.AX,Equity,False
HT8,HARRIS TECHNOLOGY GROUP LIMITED,Transportation,HT8.AX,Equity,False
HHR,HARTSHEAD RESOURCES NL,Energy,HHR.AX,Equity,False
HTG,HARVEST TECHNOLOGY GROUP LTD,Technology Hardware & Equipment,HTG.AX,Equity,False
HVN,HARVEY NORMAN HOLDINGS LIMITED,Consumer Discretionary Distribution & Retail,HVN.AX,Equity,False
HAS,HASTINGS TECHNOLOGY METALS LTD,Materials,HAS.AX,Equity,False
HAV,HAVILAH RESOURCES LIMITED,Materials,HAV.AX,Equity,False
HWK,HAWK RESOURCES LIMITED.,Materials,HWK.AX,Equity,False
HIO,HAWSONS IRON LTD,Materials,HIO.AX,Equity,False
HAW,HAWTHORN RESOURCES LIMITED,Materials,HAW.AX,Equity,False
HZR,HAZER GROUP LIMITED,Materials,HZR.AX,Equity,False
HLS,HEALIUS LIMITED,Health Care Equipment & Services,HLS.AX,Equity,False
HCW,HEALTHCO HEALTHCARE AND WELLNESS REIT,Equity Real Estate Investment Trusts (REITs),HCW.AX,Equity,False
HGH,HEARTLAND GROUP HOLDINGS LIMITED,Banks,HGH.AX,Equity,False
HM1,HEARTS AND MINDS INVESTMENTS LIMITED,Not Applic,HM1.AX,Equity,False
HVY,HEAVY MINERALS LIMITED,Materials,HVY.AX,Equity,False
HRE,HEAVY RARE EARTHS LIMITED,Materials,HRE.AX,Equity,False
HLI,HELIA GROUP LIMITED,Financial Services,HLI.AX,Equity,False
HE8,HELIOS ENERGY LTD,Energy,HE8.AX,Equity,False
HLX,HELIX RESOURCES LIMITED,Materials,HLX.AX,Equity,False
HLO,HELLOWORLD TRAVEL LIMITED,Consumer Services,HLO.AX,Equity,False
HMD,HERAMED LIMITED,Health Care Equipment & Services,HMD.AX,Equity,False
HXL,HEXIMA LIMITED.,"Pharmaceuticals, Biotechnology & Life Sciences",HXL.AX,Equity,False
HPR,HIGH PEAK ROYALTIES LIMITED,Energy,HPR.AX,Equity,False
HTM,HIGH-TECH METALS LTD,Materials,HTM.AX,Equity,False
HCL,HIGHCOM LIMITED,Capital Goods,HCL.AX,Equity,False
HFR,HIGHFIELD RESOURCES LIMITED,Materials,HFR.AX,Equity,False
HGO,HILLGROVE RESOURCES LIMITED,Materials,HGO.AX,Equity,False
HPG,HIPAGES GROUP HOLDINGS LTD,Media & Entertainment,HPG.AX,Equity,False
HMI,HIREMII LIMITED,Commercial & Professional Services,HMI.AX,Equity,False
HIT,HITECH GROUP AUSTRALIA LIMITED,Commercial & Professional Services,HIT.AX,Equity,False
HIQ,HITIQ LIMITED,Health Care Equipment & Services,HIQ.AX,Equity,False
HMC,HMC CAPITAL LIMITED,Financial Services,HMC.AX,Equity,False
HCT,HOLISTA COLLTECH LIMITED,Household & Personal Products,HCT.AX,Equity,False
HDN,HOMECO DAILY NEEDS REIT,Equity Real Estate Investment Trusts (REITs),HDN.AX,Equity,False
HRN,HORIZON GOLD LIMITED,Materials,HRN.AX,Equity,False
HRZ,HORIZON MINERALS LIMITED,Materials,HRZ.AX,Equity,False
HZN,HORIZON OIL LIMITED,Energy,HZN.AX,Equity,False
HOR,HORSESHOE METALS LIMITED,Materials,HOR.AX,Equity,False
HCH,HOT CHILI LIMITED,Materials,HCH.AX,Equity,False
HUB,HUB24 LIMITED,Financial Services,HUB.AX,Equity,False
HFY,HUBIFY LIMITED,Telecommunication Services,HFY.AX,Equity,False
HUM,HUMM GROUP LIMITED,Financial Services,HUM.AX,Equity,False
HYD,HYDRIX LIMITED,Technology Hardware & Equipment,HYD.AX,Equity,False
HCD,HYDROCARBON DYNAMICS LIMITED,Energy,HCD.AX,Equity,False
HYT,HYTERRA LTD,Energy,HYT.AX,Equity,False
IS3,I SYNERGY GROUP LIMITED,Software & Services,IS3.AX,Equity,False
IF1,"IBERDROLA FINANZAS, S.A.U.",Not Applic,IF1.AX,Equity,False
ICI,ICANDY INTERACTIVE LIMITED,Media & Entertainment,ICI.AX,Equity,False
ICL,ICENI GOLD LIMITED,Materials,ICL.AX,Equity,False
ICE,ICETANA LIMITED,Software & Services,ICE.AX,Equity,False
ICN,ICON ENERGY LIMITED,Energy,ICN.AX,Equity,False
ID8,IDENTITII LIMITED,Software & Services,ID8.AX,Equity,False
IEL,IDP EDUCATION LIMITED,Consumer Services,IEL.AX,Equity,False
IDT,IDT AUSTRALIA LIMITED,"Pharmaceuticals, Biotechnology & Life Sciences",IDT.AX,Equity,False
IGN,IGNITE LIMITED,Commercial & Professional Services,IGN.AX,Equity,False
IGO,IGO LIMITED,Materials,IGO.AX,Equity,False
IKE,IKEGPS GROUP LIMITED,Technology Hardware & Equipment,IKE.AX,Equity,False
ILT,ILTANI RESOURCES LIMITED.,Materials,ILT.AX,Equity,False
ILU,ILUKA RESOURCES LIMITED,Materials,ILU.AX,Equity,False
IMA,IMAGE RESOURCES NL,Materials,IMA.AX,Equity,False
IBX,IMAGION BIOSYSTEMS LIMITED,Health Care Equipment & Services,IBX.AX,Equity,False
IMD,IMDEX LIMITED,Materials,IMD.AX,Equity,False
IME,IMEXHS LIMITED,Health Care Equipment & Services,IME.AX,Equity,False
IMC,IMMURON LIMITED,"Pharmaceuticals, Biotechnology & Life Sciences",IMC.AX,Equity,False
IMM,IMMUTEP LIMITED,"Pharmaceuticals, Biotechnology & Life Sciences",IMM.AX,Equity,False
IPT,IMPACT MINERALS LIMITED,Materials,IPT.AX,Equity,False
IPD,IMPEDIMED LIMITED,Health Care Equipment & Services,IPD.AX,Equity,False
IPC,IMPERIAL PACIFIC LIMITED,Financial Services,IPC.AX,Equity,False
IMR,IMRICOR MEDICAL SYSTEMS INC.,Health Care Equipment & Services,IMR.AX,Equity,False
IMU,IMUGENE LIMITED,"Pharmaceuticals, Biotechnology & Life Sciences",IMU.AX,Equity,False
IAM,INCOME ASSET MANAGEMENT GROUP LIMITED.,Financial Services,IAM.AX,Equity,False
IDA,INDIANA RESOURCES LIMITED,Materials,IDA.AX,Equity,False
IBK,INDUSTRIAL BANK OF KOREA.,Not Applic,IBK.AX,Equity,False
IND,INDUSTRIAL MINERALS LTD,Materials,IND.AX,Equity,False
I88,INFINI RESOURCES LIMITED,Materials,I88.AX,Equity,False
INF,INFINITY METALS LIMITED,Materials,INF.AX,Equity,False
IMI,INFINITY MINING LIMITED,Materials,IMI.AX,Equity,False
IFG,INFOCUS GROUP HOLDINGS LIMITED,Software & Services,IFG.AX,Equity,False
IFM,INFOMEDIA LTD,Software & Services,IFM.AX,Equity,False
IFN,INFRAGREEN GROUP LIMITED,Commercial & Professional Services,IFN.AX,Equity,False
IFT,INFRATIL LIMITED.,Capital Goods,IFT.AX,Equity,False
INA,INGENIA COMMUNITIES GROUP,Equity Real Estate Investment Trusts (REITs),INA.AX,Equity,False
ING,INGHAMS GROUP LIMITED,"Food, Beverage & Tobacco",ING.AX,Equity,False
IRX,INHALERX LIMITED,Health Care Equipment & Services,IRX.AX,Equity,False
IIQ,INOVIQ LTD,Health Care Equipment & Services,IIQ.AX,Equity,False
IFL,INSIGNIA FINANCIAL LTD,Financial Services,IFL.AX,Equity,False
IAG,INSURANCE AUSTRALIA GROUP LIMITED,Insurance,IAG.AX,Equity,False
IDX,INTEGRAL DIAGNOSTICS LIMITED,Health Care Equipment & Services,IDX.AX,Equity,False
IRI,INTEGRATED RESEARCH LIMITED,Software & Services,IRI.AX,Equity,False
ICR,INTELICARE HOLDINGS LIMITED,Health Care Equipment & Services,ICR.AX,Equity,False
IMB,INTELLIGENT MONITORING GROUP LIMITED,Commercial & Professional Services,IMB.AX,Equity,False
IEQ,INTERNATIONAL EQUITIES CORPORATION LIMITED.,Real Estate Management & Development,IEQ.AX,Equity,False
IFX,INTERNATIONAL FINANCE CORPORATION,Not Applic,IFX.AX,Equity,False
IG6,INTERNATIONAL GRAPHITE LIMITED,Capital Goods,IG6.AX,Equity,False
IVG,INVERT GRAPHITE LIMITED,"Pharmaceuticals, Biotechnology & Life Sciences",IVG.AX,Equity,False
IVR,INVESTIGATOR RESOURCES LTD,Materials,IVR.AX,Equity,False
ICU,INVESTOR CENTRE LIMITED,Financial Services,ICU.AX,Equity,False
INV,INVESTSMART GROUP LIMITED,Financial Services,INV.AX,Equity,False
IXC,INVEX THERAPEUTICS LTD,"Pharmaceuticals, Biotechnology & Life Sciences",IXC.AX,Equity,False
IVZ,INVICTUS ENERGY LTD,Energy,IVZ.AX,Equity,False
IVX,INVION LIMITED,"Pharmaceuticals, Biotechnology & Life Sciences",IVX.AX,Equity,False
IOD,IODM LIMITED,Software & Services,IOD.AX,Equity,False
ION,IONDRIVE LIMITED,Materials,ION.AX,Equity,False
INR,IONEER LTD,Materials,INR.AX,Equity,False
IXR,IONIC RARE EARTHS LIMITED,Materials,IXR.AX,Equity,False
IPB,IPB PETROLEUM LIMITED,Energy,IPB.AX,Equity,False
IPG,IPD GROUP LTD,Capital Goods,IPG.AX,Equity,False
IPX,IPERIONX LIMITED,Materials,IPX.AX,Equity,False
IPH,IPH LIMITED,Commercial & Professional Services,IPH.AX,Equity,False
IRE,IRESS LIMITED,Software & Services,IRE.AX,Equity,False
IR1,IRIS METALS LIMITED,Materials,IR1.AX,Equity,False
IRD,IRON ROAD LIMITED,Materials,IRD.AX,Equity,False
IBC,IRONBARK CAPITAL LIMITED,Not Applic,IBC.AX,Equity,False
ILA,ISLAND PHARMACEUTICALS LIMITED,"Pharmaceuticals, Biotechnology & Life Sciences",ILA.AX,Equity,False
ITM,ITECH MINERALS LTD,Materials,ITM.AX,Equity,False
IGL,IVE GROUP LIMITED,Media & Entertainment,IGL.AX,Equity,False
JGH,JADE GAS HOLDINGS LIMITED,Materials,JGH.AX,Equity,False
JBY,JAMES BAY MINERALS LIMITED,Materials,JBY.AX,Equity,False
JHX,JAMES HARDIE INDUSTRIES PLC,Materials,JHX.AX,Equity,False
JAL,JAMESON RESOURCES LIMITED,Materials,JAL.AX,Equity,False
JAN,JANISON EDUCATION GROUP LIMITED,Software & Services,JAN.AX,Equity,False
JNS,JANUS ELECTRIC HOLDINGS LIMITED,Utilities,JNS.AX,Equity,False
JAT,JATCORP LIMITED,Consumer Discretionary Distribution & Retail,JAT.AX,Equity,False
JAV,JAVELIN MINERALS LIMITED,Materials,JAV.AX,Equity,False
JAY,JAYRIDE GROUP LIMITED,Transportation,JAY.AX,Equity,False
JBH,JB HI-FI LIMITED,Consumer Discretionary Distribution & Retail,JBH.AX,Equity,False
JCS,JCURVE SOLUTIONS LTD,Software & Services,JCS.AX,Equity,False
JLL,JINDALEE LITHIUM LIMITED,Materials,JLL.AX,Equity,False
JLG,JOHNS LYNG GROUP LIMITED,Capital Goods,JLG.AX,Equity,False
JYC,JOYCE CORPORATION LTD,Consumer Discretionary Distribution & Retail,JYC.AX,Equity,False
JDO,JUDO CAPITAL HOLDINGS LIMITED,Banks,JDO.AX,Equity,False
JIN,JUMBO INTERACTIVE LIMITED,Consumer Services,JIN.AX,Equity,False
JNO,JUNO MINERALS LIMITED,Materials,JNO.AX,Equity,False
JPR,JUPITER ENERGY LIMITED,Energy,JPR.AX,Equity,False
JMS,JUPITER MINES LIMITED.,Materials,JMS.AX,Equity,False
KSC,K & S CORPORATION LIMITED,Transportation,KSC.AX,Equity,False
KAM,K2 ASSET MANAGEMENT HOLDINGS LTD,Financial Services,KAM.AX,Equity,False
KLR,KAILI RESOURCES LIMITED,Energy,KLR.AX,Equity,False
KAI,KAIROS MINERALS LIMITED,Materials,KAI.AX,Equity,False
KAU,KAISER REEF LIMITED,Materials,KAU.AX,Equity,False
KZR,KALAMAZOO RESOURCES LIMITED,Materials,KZR.AX,Equity,False
KAL,KALGOORLIE GOLD MINING LIMITED,Materials,KAL.AX,Equity,False
KM1,KALI METALS LIMITED,Materials,KM1.AX,Equity,False
KPO,KALINA POWER LIMITED,Utilities,KPO.AX,Equity,False
KAR,KAROON ENERGY LTD,Energy,KAR.AX,Equity,False
KAT,KATANA CAPITAL LIMITED,Not Applic,KAT.AX,Equity,False
KPG,KELLY PARTNERS GROUP HOLDINGS LIMITED,Commercial & Professional Services,KPG.AX,Equity,False
KLS,KELSIAN GROUP LIMITED,Transportation,KLS.AX,Equity,False
KEY,KEY PETROLEUM LIMITED,Energy,KEY.AX,Equity,False
KBC,KEYBRIDGE CAPITAL LIMITED,Financial Services,KBC.AX,Equity,False
KFW,KFW,Not Applic,KFW.AX,Equity,False
KGL,KGL RESOURCES LIMITED,Materials,KGL.AX,Equity,False
KLI,KILLI RESOURCES LIMITED,Materials,KLI.AX,Equity,False
KSL,KINA SECURITIES LIMITED,Banks,KSL.AX,Equity,False
KYP,KINATICO LTD,Software & Services,KYP.AX,Equity,False
KCC,KINCORA COPPER LIMITED,Materials,KCC.AX,Equity,False
KKO,KINETIKO ENERGY LTD,Energy,KKO.AX,Equity,False
KRR,KING RIVER RESOURCES LIMITED,Materials,KRR.AX,Equity,False
KFM,KINGFISHER MINING LTD,Materials,KFM.AX,Equity,False
KIG,KINGFISHER TRUST 2016-1,Not Applic,KIG.AX,Trust,False
KI1,KINGFISHER TRUST 2019-1,Not Applic,KI1.AX,Trust,False
KCN,KINGSGATE CONSOLIDATED LIMITED.,Materials,KCN.AX,Equity,False
KNG,KINGSLAND MINERALS LTD,Materials,KNG.AX,Equity,False
KRM,KINGSROSE MINING LIMITED,Materials,KRM.AX,Equity,False
KSN,KINGSTON RESOURCES LIMITED,Materials,KSN.AX,Equity,False
KME,KIP MCGRATH EDUCATION CENTRES LIMITED,Consumer Services,KME.AX,Equity,False
KKC,KKR CREDIT INCOME FUND,Not Applic,KKC.AX,Fund,False
KMD,KMD BRANDS LIMITED,Consumer Discretionary Distribution & Retail,KMD.AX,Equity,False
KNM,KNEOMEDIA LIMITED,Media & Entertainment,KNM.AX,Equity,False
KNO,KNOSYS LIMITED,Software & Services,KNO.AX,Equity,False
KOB,KOBA RESOURCES LIMITED,Materials,KOB.AX,Equity,False
KGN,KOGAN.COM LTD,Consumer Discretionary Distribution & Retail,KGN.AX,Equity,False
KNB,KOONENBERRY GOLD LIMITED,Materials,KNB.AX,Equity,False
KOR,KORAB RESOURCES LIMITED,Materials,KOR.AX,Equity,False
KP2,KORE POTASH PLC,Materials,KP2.AX,Equity,False
KOV,KORVEST LTD,Capital Goods,KOV.AX,Equity,False
KTA,KRAKATOA RESOURCES LIMITED,Materials,KTA.AX,Equity,False
KGD,KULA GOLD LIMITED,Materials,KGD.AX,Equity,False
KNI,KUNIKO LIMITED,Materials,KNI.AX,Equity,False
L1G,L1 GROUP LIMITED,Financial Services,L1G.AX,Equity,False
LSF,L1 LONG SHORT FUND LIMITED,Not Applic,LSF.AX,Fund,False
LT8,LA TROBE FINANCIAL CAPITAL MARKETS TRUST 2022-1,Not Applic,LT8.AX,Trust,False
LT9,LA TROBE FINANCIAL CAPITAL MARKETS TRUST 2022-2,Not Applic,LT9.AX,Trust,False
LR1,LA TROBE FINANCIAL CAPITAL MARKETS TRUST 2023-1,Not Applic,LR1.AX,Trust,False
LR4,LA TROBE FINANCIAL CAPITAL MARKETS TRUST 2023-2,Not Applic,LR4.AX,Trust,False
LR3,LA TROBE FINANCIAL CAPITAL MARKETS TRUST 2024-1,Not Applic,LR3.AX,Trust,False
LR5,LA TROBE FINANCIAL CAPITAL MARKETS TRUST 2024-2,Not Applic,LR5.AX,Trust,False
LR6,LA TROBE FINANCIAL CAPITAL MARKETS TRUST 2024-3,Not Applic,LR6.AX,Trust,False
LF1,LA TROBE PRIVATE CREDIT FUND,Not Applic,LF1.AX,Fund,False
LSA,LACHLAN STAR LIMITED,Materials,LSA.AX,Equity,False
LKE,LAKE RESOURCES N.L.,Materials,LKE.AX,Equity,False
LKO,LAKES BLUE ENERGY NL,Energy,LKO.AX,Equity,False
LAM,LARAMIDE RESOURCES LTD,Energy,LAM.AX,Equity,False
LRK,LARK DISTILLING CO. LTD,"Food, Beverage & Tobacco",LRK.AX,Equity,False
LRV,LARVOTTO RESOURCES LIMITED,Materials,LRV.AX,Equity,False
LBL,LASERBOND LIMITED,Capital Goods,LBL.AX,Equity,False
LAT,LATITUDE 66 LIMITED,Materials,LAT.AX,Equity,False
LCN,LATITUDE AUSTRALIA CREDIT CARD LOAN NOTE TRUST,Not Applic,LCN.AX,Trust,False
LFS,LATITUDE GROUP HOLDINGS LIMITED,Financial Services,LFS.AX,Equity,False
LMG,LATROBE MAGNESIUM LIMITED,Materials,LMG.AX,Equity,False
LCL,LCL RESOURCES LIMITED,Materials,LCL.AX,Equity,False
LM1,LEEUWIN METALS LTD,Materials,LM1.AX,Equity,False
LEX,LEFROY EXPLORATION LIMITED,Materials,LEX.AX,Equity,False
LCY,LEGACY IRON ORE LIMITED,Materials,LCY.AX,Equity,False
LGM,LEGACY MINERALS HOLDINGS LIMITED,Materials,LGM.AX,Equity,False
LEG,LEGEND MINING LIMITED,Materials,LEG.AX,Equity,False
LLC,LENDLEASE GROUP,Real Estate Management & Development,LLC.AX,Equity,False
LGI,LGI LIMITED,Utilities,LGI.AX,Equity,False
LIS,LI-S ENERGY LIMITED,Capital Goods,LIS.AX,Equity,False
LFG,LIBERTY FINANCIAL GROUP,Financial Services,LFG.AX,Equity,False
LIB,LIBERTY METALS LTD,Materials,LIB.AX,Equity,False
LP1,LIBERTY PRIME SERIES 2021-1,Not Applic,LP1.AX,Equity,False
LI9,LIBERTY SERIES 2020-3,Not Applic,LI9.AX,Equity,False
360,LIFE360 INC.,Software & Services,360.AX,Equity,False
LIC,LIFESTYLE COMMUNITIES LIMITED,Real Estate Management & Development,LIC.AX,Equity,False
LNW,LIGHT & WONDER INC.,Consumer Services,LNW.AX,Equity,False
L1M,LIGHTNING MINERALS LTD,Materials,L1M.AX,Equity,False
LML,LINCOLN MINERALS LIMITED,Materials,LML.AX,Equity,False
LIN,LINDIAN RESOURCES LIMITED,Materials,LIN.AX,Equity,False
LAU,LINDSAY AUSTRALIA LIMITED,Transportation,LAU.AX,Equity,False
LNU,LINIUS TECHNOLOGIES LIMITED,Software & Services,LNU.AX,Equity,False
LNQ,LINQ MINERALS LIMITED,Materials,LNQ.AX,Equity,False
LIO,LION ENERGY LIMITED,Energy,LIO.AX,Equity,False
LRM,LION ROCK MINERALS LTD,Materials,LRM.AX,Equity,False
LSX,LION SELECTION GROUP LIMITED.,Not Applic,LSX.AX,Equity,False
LI8,LION SERIES 2020-1 TRUST,Not Applic,LI8.AX,Trust,False
LN1,LION SERIES 2022-1 TRUST,Not Applic,LN1.AX,Trust,False
LN2,LION SERIES 2023-1 TRUST,Not Applic,LN2.AX,Trust,False
LN3,LION SERIES 2024-1 TRUST,Not Applic,LN3.AX,Trust,False
LTR,LIONTOWN RESOURCES LIMITED,Materials,LTR.AX,Equity,False
LMS,LITCHFIELD MINERALS LIMITED,Materials,LMS.AX,Equity,False
LEL,LITHIUM ENERGY LIMITED,Materials,LEL.AX,Equity,False
LPM,LITHIUM PLUS MINERALS LTD.,Materials,LPM.AX,Equity,False
LU7,LITHIUM UNIVERSE LIMITED,Materials,LU7.AX,Equity,False
LGP,LITTLE GREEN PHARMA LTD,"Pharmaceuticals, Biotechnology & Life Sciences",LGP.AX,Equity,False
LIT,LIVIUM LTD,Materials,LIT.AX,Equity,False
LO1,LLOYDS BANKING GROUP PLC,Not Applic,LO1.AX,Equity,False
LPE,LOCALITY PLANNING ENERGY HOLDINGS LIMITED,Utilities,LPE.AX,Equity,False
LOC,LOCATE TECHNOLOGIES LIMITED,Software & Services,LOC.AX,Equity,False
LKY,LOCKSLEY RESOURCES LIMITED,Materials,LKY.AX,Equity,False
LDR,LODE RESOURCES LTD,Materials,LDR.AX,Equity,False
LSR,LODESTAR MINERALS LIMITED,Materials,LSR.AX,Equity,False
LCE,LONDON CITY EQUITIES LIMITED,Financial Services,LCE.AX,Equity,False
LRD,LORD RESOURCES LIMITED,Materials,LRD.AX,Equity,False
LOT,LOTUS RESOURCES LIMITED,Materials,LOT.AX,Equity,False
LVE,LOVE GROUP GLOBAL LTD,Software & Services,LVE.AX,Equity,False
LOV,LOVISA HOLDINGS LIMITED,Consumer Discretionary Distribution & Retail,LOV.AX,Equity,False
LRT,LOWELL RESOURCES FUND,Not Applic,LRT.AX,Fund,False
LLM,LOYAL METALS LTD,Materials,LLM.AX,Equity,False
LTP,LTR PHARMA LIMITED,"Pharmaceuticals, Biotechnology & Life Sciences",LTP.AX,Equity,False
LDX,LUMOS DIAGNOSTICS HOLDINGS LIMITED,Health Care Equipment & Services,LDX.AX,Equity,False
LM8,LUNNON METALS LIMITED,Materials,LM8.AX,Equity,False
LYL,LYCOPODIUM LIMITED,Capital Goods,LYL.AX,Equity,False
LYC,LYNAS RARE EARTHS LIMITED,Materials,LYC.AX,Equity,False
LGL,LYNCH GROUP HOLDINGS LIMITED,"Food, Beverage & Tobacco",LGL.AX,Equity,False
M3M,M3 MINING LIMITED,Materials,M3M.AX,Equity,False
MA1,MA CREDIT INCOME TRUST,Not Applic,MA1.AX,Trust,False
MAF,MA FINANCIAL GROUP LIMITED,Financial Services,MAF.AX,Equity,False
MGH,MAAS GROUP HOLDINGS LIMITED,Capital Goods,MGH.AX,Equity,False
MAC,MAC COPPER LIMITED,Materials,MAC.AX,Equity,False
MIO,MACARTHUR MINERALS LIMITED,Materials,MIO.AX,Equity,False
M7T,MACH7 TECHNOLOGIES LIMITED,Health Care Equipment & Services,M7T.AX,Equity,False
MAH,MACMAHON HOLDINGS LIMITED,Materials,MAH.AX,Equity,False
MBL,MACQUARIE BANK LIMITED,Not Applic,MBL.AX,Equity,False
MQG,MACQUARIE GROUP LIMITED,Financial Services,MQG.AX,Equity,False
MAQ,MACQUARIE TECHNOLOGY GROUP LIMITED,Software & Services,MAQ.AX,Equity,False
M4M,MACRO METALS LIMITED,Materials,M4M.AX,Equity,False
MPA,MAD PAWS HOLDINGS LIMITED,Consumer Services,MPA.AX,Equity,False
MAD,MADER GROUP LIMITED,Commercial & Professional Services,MAD.AX,Equity,False
MFG,MAGELLAN FINANCIAL GROUP LIMITED,Financial Services,MFG.AX,Equity,False
MBH,MAGGIE BEER HOLDINGS LTD,"Food, Beverage & Tobacco",MBH.AX,Equity,False
MAG,MAGMATIC RESOURCES LIMITED,Materials,MAG.AX,Equity,False
MAU,MAGNETIC RESOURCES NL,Materials,MAU.AX,Equity,False
MGT,MAGNETITE MINES LIMITED.,Materials,MGT.AX,Equity,False
MGU,MAGNUM MINING AND EXPLORATION LIMITED,Materials,MGU.AX,Equity,False
MGL,MAGONTEC LIMITED,Materials,MGL.AX,Equity,False
M24,MAMBA EXPLORATION LIMITED,Materials,M24.AX,Equity,False
M79,MAMMOTH MINERALS LIMITED,Materials,M79.AX,Equity,False
MAN,MANDRAKE RESOURCES LIMITED,Materials,MAN.AX,Equity,False
MHC,MANHATTAN CORPORATION LIMITED,Energy,MHC.AX,Equity,False
MTL,MANTLE MINERALS LIMITED,Materials,MTL.AX,Equity,False
MKR,MANUKA RESOURCES LTD.,Materials,MKR.AX,Equity,False
MPK,MANY PEAKS MINERALS LTD,Materials,MPK.AX,Equity,False
MC2,MARIMACA COPPER CORP.,Materials,MC2.AX,Equity,False
MEU,MARMOTA LIMITED,Energy,MEU.AX,Equity,False
MMA,MARONAN METALS LIMITED,Materials,MMA.AX,Equity,False
MQR,MARQUEE RESOURCES LIMITED,Materials,MQR.AX,Equity,False
MVL,MARVEL GOLD LIMITED,Materials,MVL.AX,Equity,False
MYE,MASTERMYNE GROUP LIMITED,Materials,MYE.AX,Equity,False
MCE,MATRIX COMPOSITES & ENGINEERING LIMITED,Energy,MCE.AX,Equity,False
MAT,MATSA RESOURCES LIMITED,Materials,MAT.AX,Equity,False
MXI,MAXIPARTS LIMITED,Capital Goods,MXI.AX,Equity,False
MFD,MAYFIELD CHILDCARE LIMITED,Consumer Services,MFD.AX,Equity,False
MYG,MAYFIELD GROUP HOLDINGS LIMITED,Capital Goods,MYG.AX,Equity,False
MYX,MAYNE PHARMA GROUP LIMITED,"Pharmaceuticals, Biotechnology & Life Sciences",MYX.AX,Equity,False
MCM,MC MINING LIMITED,Energy,MCM.AX,Equity,False
MML,MCLAREN MINERALS LIMITED,Materials,MML.AX,Equity,False
MMS,MCMILLAN SHAKESPEARE LIMITED,Commercial & Professional Services,MMS.AX,Equity,False
MCP,MCPHERSON'S LIMITED,Household & Personal Products,MCP.AX,Equity,False
MSG,MCS SERVICES LIMITED,Commercial & Professional Services,MSG.AX,Equity,False
MMR,MEC RESOURCES LIMITED,Energy,MMR.AX,Equity,False
MDR,MEDADVISOR LIMITED,Health Care Equipment & Services,MDR.AX,Equity,False
MM8,MEDALLION METALS LIMITED.,Materials,MM8.AX,Equity,False
MZF,MEDALLION TRUST SERIES 2016-1,Not Applic,MZF.AX,Trust,False
MZT,MEDALLION TRUST SERIES 2016-2,Not Applic,MZT.AX,Trust,False
MZ1,MEDALLION TRUST SERIES 2017-1,Not Applic,MZ1.AX,Trust,False
MZ2,MEDALLION TRUST SERIES 2017-2,Not Applic,MZ2.AX,Trust,False
MPL,MEDIBANK PRIVATE LIMITED,Insurance,MPL.AX,Equity,False
MVP,MEDICAL DEVELOPMENTS INTERNATIONAL LIMITED,"Pharmaceuticals, Biotechnology & Life Sciences",MVP.AX,Equity,False
MEK,MEEKA METALS LIMITED,Materials,MEK.AX,Equity,False
MEG,MEGADO MINERALS LTD,Materials,MEG.AX,Equity,False
MP1,MEGAPORT LIMITED,Software & Services,MP1.AX,Equity,False
MAY,MELBANA ENERGY LIMITED,Energy,MAY.AX,Equity,False
MEM,MEMPHASYS LIMITED.,"Pharmaceuticals, Biotechnology & Life Sciences",MEM.AX,Equity,False
MCY,MERCURY NZ LIMITED,Utilities,MCY.AX,Equity,False
MEZ,MERIDIAN ENERGY LIMITED,Utilities,MEZ.AX,Equity,False
MNC,MERINO & CO. LIMITED,Consumer Durables & Apparel,MNC.AX,Equity,False
MSB,MESOBLAST LIMITED,"Pharmaceuticals, Biotechnology & Life Sciences",MSB.AX,Equity,False
MBK,METAL BANK LIMITED,Materials,MBK.AX,Equity,False
MHK,METAL HAWK LIMITED.,Materials,MHK.AX,Equity,False
MPW,METAL POWDER WORKS LIMITED,Capital Goods,MPW.AX,Equity,False
MTM,METALLIUM LIMITED,Materials,MTM.AX,Equity,False
MLS,METALS AUSTRALIA LTD,Materials,MLS.AX,Equity,False
MLX,METALS X LIMITED,Materials,MLX.AX,Equity,False
MGA,METALSGROVE MINING LTD,Materials,MGA.AX,Equity,False
MTC,METALSTECH LIMITED,Materials,MTC.AX,Equity,False
MTS,METCASH LIMITED,Consumer Staples Distribution & Retail,MTS.AX,Equity,False
MEI,METEORIC RESOURCES NL,Materials,MEI.AX,Equity,False
MEL,METGASCO LTD,Energy,MEL.AX,Equity,False
MOT,METRICS INCOME OPPORTUNITIES TRUST,Not Applic,MOT.AX,Trust,False
MXT,METRICS MASTER INCOME TRUST,Not Applic,MXT.AX,Trust,False
MRE,METRICS REAL ESTATE MULTI-STRATEGY FUND,Not Applic,MRE.AX,Fund,False
MF3,METRO FINANCE 2023-1 TRUST,Not Applic,MF3.AX,Trust,False
MF5,METRO FINANCE 2023-2 TRUST,Not Applic,MF5.AX,Trust,False
MF4,METRO FINANCE 2024-1 TRUST,Not Applic,MF4.AX,Trust,False
MF6,METRO FINANCE 2025-1 TRUST,Not Applic,MF6.AX,Trust,False
MMI,METRO MINING LIMITED,Materials,MMI.AX,Equity,False
MPP,METRO PERFORMANCE GLASS LIMITED,Capital Goods,MPP.AX,Equity,False
MFF,MFF CAPITAL INVESTMENTS LIMITED,Not Applic,MFF.AX,Equity,False
MHJ,MICHAEL HILL INTERNATIONAL LIMITED,Consumer Discretionary Distribution & Retail,MHJ.AX,Equity,False
MX1,MICRO-X LIMITED,Health Care Equipment & Services,MX1.AX,Equity,False
MAP,MICROBA LIFE SCIENCES LIMITED,Health Care Equipment & Services,MAP.AX,Equity,False
MAM,MICROEQUITIES ASSET MANAGEMENT GROUP LIMITED,Financial Services,MAM.AX,Equity,False
MM1,MIDAS MINERALS LTD,Materials,MM1.AX,Equity,False
MDI,MIDDLE ISLAND RESOURCES LIMITED,Materials,MDI.AX,Equity,False
MNB,MINBOS RESOURCES LIMITED,Materials,MNB.AX,Equity,False
MDX,MINDAX LIMITED,Materials,MDX.AX,Equity,False
MRC,MINERAL COMMODITIES LTD,Materials,MRC.AX,Equity,False
MIN,MINERAL RESOURCES LIMITED,Materials,MIN.AX,Equity,False
MI6,MINERALS 260 LIMITED,Materials,MI6.AX,Equity,False
MRR,MINREX RESOURCES LIMITED,Materials,MRR.AX,Equity,False
M2R,MIRAMAR RESOURCES LIMITED,Materials,M2R.AX,Equity,False
MIR,MIRRABOOKA INVESTMENTS LIMITED,Not Applic,MIR.AX,Equity,False
MGR,MIRVAC GROUP,Equity Real Estate Investment Trusts (REITs),MGR.AX,Equity,False
MSV,MITCHELL SERVICES LIMITED,Materials,MSV.AX,Equity,False
MTH,MITHRIL SILVER AND GOLD LIMITED,Materials,MTH.AX,Equity,False
MLG,MLG OZ LIMITED,Materials,MLG.AX,Equity,False
MM2,MME AUTOPAY ABS 2024-1 TRUST,Not Applic,MM2.AX,Trust,False
MOM,MOAB MINERALS LIMITED,Materials,MOM.AX,Equity,False
MOH,MOHO RESOURCES LIMITED,Materials,MOH.AX,Equity,False
MND,MONADELPHOUS GROUP LIMITED,Capital Goods,MND.AX,Equity,False
MVF,MONASH IVF GROUP LIMITED,Health Care Equipment & Services,MVF.AX,Equity,False
MME,MONEYME LIMITED,Financial Services,MME.AX,Equity,False
MRZ,MONT ROYAL RESOURCES LIMITED,Materials,MRZ.AX,Equity,False
1MC,MORELLA CORPORATION LIMITED,Materials,1MC.AX,Equity,False
MEC,MORPHIC ETHICAL EQUITIES FUND LIMITED,Financial Services,MEC.AX,Fund,False
MXO,MOTIO LTD,Media & Entertainment,MXO.AX,Equity,False
MTO,MOTORCYCLE HOLDINGS LIMITED,Consumer Discretionary Distribution & Retail,MTO.AX,Equity,False
MTB,MOUNT BURGESS MINING NL,Materials,MTB.AX,Equity,False
MGX,MOUNT GIBSON IRON LIMITED,Materials,MGX.AX,Equity,False
MHM,MOUNT HOPE MINING LIMITED,Materials,MHM.AX,Equity,False
MRD,MOUNT RIDLEY MINES LIMITED,Materials,MRD.AX,Equity,False
MOV,MOVE LOGISTICS GROUP LIMITED,Transportation,MOV.AX,Equity,False
MPR,MPR AUSTRALIA LIMITED,Financial Services,MPR.AX,Equity,False
MRQ,MRG METALS LIMITED,Materials,MRQ.AX,Equity,False
M2M,MT MALCOLM MINES NL,Materials,M2M.AX,Equity,False
MSI,MULTISTACK INTERNATIONAL LIMITED,Capital Goods,MSI.AX,Equity,False
MCA,MURRAY COD AUSTRALIA LIMITED,"Food, Beverage & Tobacco",MCA.AX,Equity,False
MPX,MUSTERA PROPERTY GROUP LIMITED,Real Estate Management & Development,MPX.AX,Equity,False
MRI,MY REWARDS INTERNATIONAL LIMITED,Commercial & Professional Services,MRI.AX,Equity,False
MCO,MYECO GROUP LTD,Materials,MCO.AX,Equity,False
MYR,MYER HOLDINGS LIMITED,Consumer Discretionary Distribution & Retail,MYR.AX,Equity,False
MYS,MYSTATE LIMITED,Banks,MYS.AX,Equity,False
N1H,N1 HOLDINGS LIMITED,Financial Services,N1H.AX,Equity,False
NAG,NAGAMBIE RESOURCES LIMITED,Materials,NAG.AX,Equity,False
NC6,NANOLLOSE LIMITED,"Pharmaceuticals, Biotechnology & Life Sciences",NC6.AX,Equity,False
NAN,NANOSONICS LIMITED,Health Care Equipment & Services,NAN.AX,Equity,False
NVU,NANOVEU LIMITED,Technology Hardware & Equipment,NVU.AX,Equity,False
NCC,NAOS EMERGING OPPORTUNITIES COMPANY LIMITED,Not Applic,NCC.AX,Equity,False
NAC,NAOS EX-50 OPPORTUNITIES COMPANY LIMITED,Not Applic,NAC.AX,Equity,False
NSC,NAOS SMALL CAP OPPORTUNITIES COMPANY LIMITED,Not Applic,NSC.AX,Equity,False
NYM,NARRYER METALS LIMITED,Materials,NYM.AX,Equity,False
NAB,NATIONAL AUSTRALIA BANK LIMITED,Banks,NAB.AX,Equity,False
NRO,NATIONAL RMBS TRUST 2018-1 IN RESPECT OF SERIES 2018-1,Not Applic,NRO.AX,Trust,False
NRP,NATIONAL RMBS TRUST 2022-1 IN RESPECT OF SERIES 2022-1,Not Applic,NRP.AX,Trust,False
RM1,NATIONAL RMBS TRUST 2024-1,Not Applic,RM1.AX,Trust,False
NSR,NATIONAL STORAGE REIT,Equity Real Estate Investment Trusts (REITs),NSR.AX,Equity,False
NBS,NATIONWIDE BUILDING SOCIETY.,Not Applic,NBS.AX,Equity,False
NMR,NATIVE MINERAL RESOURCES HOLDINGS LIMITED,Materials,NMR.AX,Equity,False
NGI,NAVIGATOR GLOBAL INVESTMENTS LIMITED,Financial Services,NGI.AX,Equity,False
NES,NELSON RESOURCES LIMITED.,Materials,NES.AX,Equity,False
NMT,NEOMETALS LTD,Materials,NMT.AX,Equity,False
NET,NETLINKZ LIMITED,Software & Services,NET.AX,Equity,False
NWL,NETWEALTH GROUP LIMITED,Financial Services,NWL.AX,Equity,False
NEU,NEUREN PHARMACEUTICALS LIMITED,"Pharmaceuticals, Biotechnology & Life Sciences",NEU.AX,Equity,False
NRZ,NEURIZER LTD,Materials,NRZ.AX,Equity,False
NUZ,NEURIZON THERAPEUTICS LIMITED,"Pharmaceuticals, Biotechnology & Life Sciences",NUZ.AX,Equity,False
NSB,NEUROSCIENTIFIC BIOPHARMACEUTICALS LTD,"Pharmaceuticals, Biotechnology & Life Sciences",NSB.AX,Equity,False
NTI,NEUROTECH INTERNATIONAL LIMITED,Health Care Equipment & Services,NTI.AX,Equity,False
NAE,NEW AGE EXPLORATION LIMITED,Energy,NAE.AX,Equity,False
NFM,NEW FRONTIER MINERALS LIMITED,Materials,NFM.AX,Equity,False
NHC,NEW HOPE CORPORATION LIMITED,Energy,NHC.AX,Equity,False
NMG,NEW MURCHISON GOLD LIMITED,Materials,NMG.AX,Equity,False
XNC,NEW SOUTH WALES TREASURY CORPORATION,Not Applic,XNC.AX,Equity,False
NZS,NEW ZEALAND COASTAL SEAFOODS LIMITED,"Food, Beverage & Tobacco",NZS.AX,Equity,False
NZK,NEW ZEALAND KING SALMON INVESTMENTS LIMITED,"Food, Beverage & Tobacco",NZK.AX,Equity,False
NWF,NEWFIELD RESOURCES LIMITED,Materials,NWF.AX,Equity,False
NEM,NEWMONT CORPORATION,Materials,NEM.AX,Equity,False
NPM,NEWPEAK METALS LIMITED,Materials,NPM.AX,Equity,False
NWS,NEWS CORPORATION..,Media & Entertainment,NWS.AX,Equity,False
NME,NEX METALS EXPLORATION LIMITED,Materials,NME.AX,Equity,False
NXG,NEXGEN ENERGY (CANADA) LTD,Energy,NXG.AX,Equity,False
NNG,NEXION GROUP LTD,Software & Services,NNG.AX,Equity,False
NXN,NEXSEN LIMITED,"Pharmaceuticals, Biotechnology & Life Sciences",NXN.AX,Equity,False
NXS,NEXT SCIENCE LIMITED,Health Care Equipment & Services,NXS.AX,Equity,False
NXT,NEXTDC LIMITED,Software & Services,NXT.AX,Equity,False
NXD,NEXTED GROUP LIMITED,Consumer Services,NXD.AX,Equity,False
NXM,NEXUS MINERALS LIMITED,Materials,NXM.AX,Equity,False
NGE,NGE CAPITAL LIMITED,Not Applic,NGE.AX,Equity,False
NGX,NGX LIMITED,Materials,NGX.AX,Equity,False
NH3,NH3 CLEAN ENERGY LIMITED,Materials,NH3.AX,Equity,False
NHF,NIB HOLDINGS LIMITED,Insurance,NHF.AX,Equity,False
NCK,NICK SCALI LIMITED,Consumer Discretionary Distribution & Retail,NCK.AX,Equity,False
NIC,NICKEL INDUSTRIES LIMITED,Materials,NIC.AX,Equity,False
NC1,NICO RESOURCES LIMITED,Materials,NC1.AX,Equity,False
NDO,NIDO EDUCATION LIMITED,Consumer Services,NDO.AX,Equity,False
NIM,NIMY RESOURCES LIMITED,Materials,NIM.AX,Equity,False
NEC,NINE ENTERTAINMENT CO. HOLDINGS LIMITED,Media & Entertainment,NEC.AX,Equity,False
NHE,NOBLE HELIUM LIMITED,Energy,NHE.AX,Equity,False
NOL,NOBLEOAK LIFE LIMITED,Insurance,NOL.AX,Equity,False
NNL,NORDIC RESOURCES LTD,Materials,NNL.AX,Equity,False
NFL,NORFOLK METALS LIMITED,Materials,NFL.AX,Equity,False
NRX,NORONEX LIMITED,Materials,NRX.AX,Equity,False
NSM,NORTH STAWELL MINERALS LTD,Materials,NSM.AX,Equity,False
NTU,NORTHERN MINERALS LIMITED,Materials,NTU.AX,Equity,False
NST,NORTHERN STAR RESOURCES LTD,Materials,NST.AX,Equity,False
NWM,NORWEST MINERALS LIMITED,Materials,NWM.AX,Equity,False
NOR,NORWOOD SYSTEMS LIMITED,Software & Services,NOR.AX,Equity,False
NOU,NOUMI LIMITED,"Food, Beverage & Tobacco",NOU.AX,Equity,False
EYE,NOVA EYE MEDICAL LIMITED,Health Care Equipment & Services,EYE.AX,Equity,False
NVA,NOVA MINERALS LIMITED,Materials,NVA.AX,Equity,False
NOV,NOVATTI GROUP LIMITED,Software & Services,NOV.AX,Equity,False
NVQ,NOVIQTECH LIMITED,Software & Services,NVQ.AX,Equity,False
NVO,NOVO RESOURCES CORP.,Materials,NVO.AX,Equity,False
NVX,NOVONIX LIMITED,Technology Hardware & Equipment,NVX.AX,Equity,False
NW1,NOW TRUST 2024-1,Not Applic,NW1.AX,Trust,False
NOX,NOXOPHARM LIMITED,"Pharmaceuticals, Biotechnology & Life Sciences",NOX.AX,Equity,False
NWH,NRW HOLDINGS LIMITED,Capital Goods,NWH.AX,Equity,False
NSX,NSX LIMITED,Financial Services,NSX.AX,Equity,False
NTM,NT MINERALS LIMITED,Materials,NTM.AX,Equity,False
NTD,NTAW HOLDINGS LIMITED,Consumer Discretionary Distribution & Retail,NTD.AX,Equity,False
NUC,NUCHEV LIMITED,"Food, Beverage & Tobacco",NUC.AX,Equity,False
NGY,NUENERGY GAS LIMITED,Energy,NGY.AX,Equity,False
NFN,NUFARM FINANCE (NZ) LIMITED,Not Applic,NFN.AX,Equity,False
NUF,NUFARM LIMITED,Materials,NUF.AX,Equity,False
NXL,NUIX LIMITED,Software & Services,NXL.AX,Equity,False
NGS,NUTRITIONAL GROWTH SOLUTIONS LTD,Household & Personal Products,NGS.AX,Equity,False
NYR,NYRADA INC.,"Pharmaceuticals, Biotechnology & Life Sciences",NYR.AX,Equity,False
NZM,NZME LIMITED,Media & Entertainment,NZM.AX,Equity,False
OKJ,OAKAJEE CORPORATION LIMITED,Materials,OKJ.AX,Equity,False
OAK,OAKRIDGE INTERNATIONAL LIMITED,Software & Services,OAK.AX,Equity,False
OCL,OBJECTIVE CORPORATION LIMITED,Software & Services,OCL.AX,Equity,False
OCN,OCEANA LITHIUM LIMITED,Materials,OCN.AX,Equity,False
OCA,OCEANIA HEALTHCARE LIMITED,Health Care Equipment & Services,OCA.AX,Equity,False
OCT,OCTAVA MINERALS LIMITED,Materials,OCT.AX,Equity,False
OD6,OD6 METALS LIMITED,Materials,OD6.AX,Equity,False
ODE,ODESSA MINERALS LIMITED,Materials,ODE.AX,Equity,False
ODY,ODYSSEY GOLD LTD,Materials,ODY.AX,Equity,False
OFX,OFX GROUP LIMITED,Financial Services,OFX.AX,Equity,False
OLH,OLDFIELDS HOLDINGS LIMITED,Capital Goods,OLH.AX,Equity,False
OLI,OLIVER'S REAL FOOD LIMITED,Consumer Services,OLI.AX,Equity,False
OLY,OLYMPIO METALS LIMITED,Commercial & Professional Services,OLY.AX,Equity,False
OYS,OLYMPUS 2024-2 TRUST,Not Applic,OYS.AX,Trust,False
OY1,OLYMPUS 2025-1 TRUST,Not Applic,OY1.AX,Trust,False
OMH,OM HOLDINGS LIMITED,Materials,OMH.AX,Equity,False
OMA,OMEGA OIL & GAS LIMITED,Energy,OMA.AX,Equity,False
OMG,OMG GROUP LIMITED,"Food, Beverage & Tobacco",OMG.AX,Equity,False
OBL,OMNI BRIDGEWAY LIMITED,Financial Services,OBL.AX,Equity,False
OM1,OMNIA METALS GROUP LTD,Materials,OM1.AX,Equity,False
OSL,ONCOSIL MEDICAL LTD,"Pharmaceuticals, Biotechnology & Life Sciences",OSL.AX,Equity,False
1CG,ONE CLICK GROUP LIMITED,Capital Goods,1CG.AX,Equity,False
ONE,ONEVIEW HEALTHCARE PLC,Health Care Equipment & Services,ONE.AX,Equity,False
OML,OOH!MEDIA LIMITED,Media & Entertainment,OML.AX,Equity,False
OLL,OPENLEARNING LIMITED,Software & Services,OLL.AX,Equity,False
OPN,OPENN NEGOTIATION LIMITED,Commercial & Professional Services,OPN.AX,Equity,False
OPH,OPHIR HIGH CONVICTION FUND,Not Applic,OPH.AX,Fund,False
OPT,OPTHEA LIMITED,"Pharmaceuticals, Biotechnology & Life Sciences",OPT.AX,Equity,False
OIL,OPTISCAN IMAGING LIMITED,Health Care Equipment & Services,OIL.AX,Equity,False
OBM,ORA BANDA MINING LTD,Materials,OBM.AX,Equity,False
OMX,ORANGE MINERALS NL,Materials,OMX.AX,Equity,False
OEC,ORBITAL CORPORATION LIMITED,Capital Goods,OEC.AX,Equity,False
OB1,ORBMINCO LIMITED,Materials,OB1.AX,Equity,False
ODA,ORCODA LIMITED,Software & Services,ODA.AX,Equity,False
OR2,ORDE SERIES 2025-1 TRUST,Not Applic,OR2.AX,Trust,False
ORD,ORDELL MINERALS LIMITED,Materials,ORD.AX,Equity,False
ZOR,ORDINARY (UNLISTED/LISTED - COSACS),Not Applic,ZOR.AX,Equity,False
ORE,OREZONE GOLD CORPORATION,Materials,ORE.AX,Equity,False
ORI,ORICA LIMITED,Materials,ORI.AX,Equity,False
ORG,ORIGIN ENERGY LIMITED,Utilities,ORG.AX,Equity,False
OEQ,ORION EQUITIES LIMITED,Financial Services,OEQ.AX,Equity,False
ORN,ORION MINERALS LTD,Materials,ORN.AX,Equity,False
ORA,ORORA LIMITED,Materials,ORA.AX,Equity,False
ORP,ORPHEUS URANIUM LIMITED,Materials,ORP.AX,Equity,False
OCC,ORTHOCELL LIMITED,"Pharmaceuticals, Biotechnology & Life Sciences",OCC.AX,Equity,False
OSM,OSMOND RESOURCES LIMITED,Materials,OSM.AX,Equity,False
OSX,OSTEOPORE LIMITED,Health Care Equipment & Services,OSX.AX,Equity,False
OEL,OTTO ENERGY LIMITED,Energy,OEL.AX,Equity,False
OVT,OVANTI LIMITED,Media & Entertainment,OVT.AX,Equity,False
OZM,OZAURUM RESOURCES LIMITED,Materials,OZM.AX,Equity,False
OZZ,OZZ RESOURCES LIMITED,Materials,OZZ.AX,Equity,False
PGO,PACGOLD LIMITED,Materials,PGO.AX,Equity,False
PAC,PACIFIC CURRENT GROUP LIMITED,Financial Services,PAC.AX,Equity,False
PEB,PACIFIC EDGE LIMITED,"Pharmaceuticals, Biotechnology & Life Sciences",PEB.AX,Equity,False
PLA,PACIFIC LIME AND CEMENT LIMITED,Materials,PLA.AX,Equity,False
PNM,PACIFIC NICKEL MINES LIMITED,Materials,PNM.AX,Equity,False
PSQ,PACIFIC SMILES GROUP LIMITED,Health Care Equipment & Services,PSQ.AX,Equity,False
PCK,PAINCHEK LTD,Health Care Equipment & Services,PCK.AX,Equity,False
PDN,PALADIN ENERGY LTD,Energy,PDN.AX,Equity,False
PCL,PANCONTINENTAL ENERGY NL,Energy,PCL.AX,Equity,False
PA1,PANORAMA AUTO TRUST 2023-1,Not Applic,PA1.AX,Trust,False
PA3,PANORAMA AUTO TRUST 2023-3,Not Applic,PA3.AX,Trust,False
PA2,PANORAMA AUTO TRUST 2024-1,Not Applic,PA2.AX,Trust,False
PA4,PANORAMA AUTO TRUST 2024-3,Not Applic,PA4.AX,Trust,False
PA5,PANORAMA AUTO TRUST 2025-1,Not Applic,PA5.AX,Trust,False
PFE,PANTERA LITHIUM LIMITED,Materials,PFE.AX,Equity,False
PNT,PANTHER METALS LTD,Materials,PNT.AX,Equity,False
PNR,PANTORO GOLD LIMITED,Materials,PNR.AX,Equity,False
PPY,PAPYRUS AUSTRALIA LIMITED,Materials,PPY.AX,Equity,False
PBL,PARABELLUM RESOURCES LIMITED,Materials,PBL.AX,Equity,False
PAR,PARADIGM BIOPHARMACEUTICALS LIMITED..,"Pharmaceuticals, Biotechnology & Life Sciences",PAR.AX,Equity,False
PGC,PARAGON CARE LIMITED,Health Care Equipment & Services,PGC.AX,Equity,False
PKD,PARKD LTD,Commercial & Professional Services,PKD.AX,Equity,False
PWN,PARKWAY CORPORATE LIMITED,Materials,PWN.AX,Equity,False
PL3,PATAGONIA LITHIUM LTD,Materials,PL3.AX,Equity,False
PSL,PATERSON RESOURCES LTD,Materials,PSL.AX,Equity,False
PKY,PATHKEY.AI LTD,Software & Services,PKY.AX,Equity,False
PAT,PATRIOT RESOURCES LIMITED,Materials,PAT.AX,Equity,False
PTN,PATRONUS RESOURCES LIMITED,Materials,PTN.AX,Equity,False
PAB,PATRYS LIMITED,"Pharmaceuticals, Biotechnology & Life Sciences",PAB.AX,Equity,False
PC2,PC GOLD LTD,Materials,PC2.AX,Equity,False
PKO,PEAKO LIMITED,Materials,PKO.AX,Equity,False
PLG,PEARL GULL IRON LIMITED,Materials,PLG.AX,Equity,False
PEX,PEEL MINING LIMITED,Materials,PEX.AX,Equity,False
PPC,PEET LIMITED,Real Estate Management & Development,PPC.AX,Equity,False
PCG,PENGANA CAPITAL GROUP LIMITED,Financial Services,PCG.AX,Equity,False
PCX,PENGANA GLOBAL PRIVATE CREDIT TRUST,Not Applic,PCX.AX,Trust,False
PIA,PENGANA INTERNATIONAL EQUITIES LIMITED,Not Applic,PIA.AX,Equity,False
PE1,PENGANA PRIVATE EQUITY TRUST,Not Applic,PE1.AX,Trust,False
PEN,PENINSULA ENERGY LIMITED,Energy,PEN.AX,Equity,False
5GG,PENTANET LIMITED,Telecommunication Services,5GG.AX,Equity,False
PPE,PEOPLEIN LIMITED,Commercial & Professional Services,PPE.AX,Equity,False
PPM,PEPPER MONEY LIMITED,Financial Services,PPM.AX,Equity,False
PP1,PEPPER PRIME 2022-2 TRUST,Not Applic,PP1.AX,Trust,False
PEP,PEPPER RESIDENTIAL SECURITIES TRUST NO. 39,Not Applic,PEP.AX,Trust,False
PR4,PEPPER RESIDENTIAL SECURITIES TRUST NO. 40,Not Applic,PR4.AX,Trust,False
PU6,PEPPER SPARKZ TRUST NO.6,Not Applic,PU6.AX,Trust,False
PU8,PEPPER SPARKZ TRUST NO.8,Not Applic,PU8.AX,Trust,False
PU9,PEPPER SPARKZ TRUST NO.9,Not Applic,PU9.AX,Trust,False
PIL,PEPPERMINT INNOVATION LIMITED,Software & Services,PIL.AX,Equity,False
PER,PERCHERON THERAPEUTICS LIMITED,"Pharmaceuticals, Biotechnology & Life Sciences",PER.AX,Equity,False
PGD,PEREGRINE GOLD LTD,Materials,PGD.AX,Equity,False
PRN,PERENTI LIMITED,Materials,PRN.AX,Equity,False
PCI,PERPETUAL CREDIT INCOME TRUST,Not Applic,PCI.AX,Trust,False
PIC,PERPETUAL EQUITY INVESTMENT COMPANY LIMITED,Not Applic,PIC.AX,Equity,False
PPT,PERPETUAL LIMITED,Financial Services,PPT.AX,Equity,False
PEC,PERPETUAL RESOURCES LIMITED,Materials,PEC.AX,Equity,False
PRU,PERSEUS MINING LIMITED,Materials,PRU.AX,Equity,False
PWR,PETER WARREN AUTOMOTIVE HOLDINGS LIMITED,Consumer Discretionary Distribution & Retail,PWR.AX,Equity,False
PTR,PETRATHERM LTD,Materials,PTR.AX,Equity,False
PXA,PEXA GROUP LIMITED,Real Estate Management & Development,PXA.AX,Equity,False
PHX,PHARMX TECHNOLOGIES LIMITED,Software & Services,PHX.AX,Equity,False
PHO,PHOSCO LTD,Materials,PHO.AX,Equity,False
PET,PHOSLOCK ENVIRONMENTAL TECHNOLOGIES LIMITED,Commercial & Professional Services,PET.AX,Equity,False
PR2,PICHE RESOURCES LIMITED,Not Applic,PR2.AX,Equity,False
PLS,PILBARA MINERALS LIMITED,Materials,PLS.AX,Equity,False
PGY,PILOT ENERGY LIMITED,Energy,PGY.AX,Equity,False
PNI,PINNACLE INVESTMENT MANAGEMENT GROUP LIMITED,Financial Services,PNI.AX,Equity,False
PIM,PINNACLE MINERALS LIMITED,Materials,PIM.AX,Equity,False
PNC,PIONEER CREDIT LIMITED,Financial Services,PNC.AX,Equity,False
PLN,PIONEER LITHIUM LIMITED,Materials,PLN.AX,Equity,False
PVT,PIVOTAL METALS LIMITED,Materials,PVT.AX,Equity,False
PFM,PLATFORMO LTD,Software & Services,PFM.AX,Equity,False
PGM,PLATINA RESOURCES LIMITED,Materials,PGM.AX,Equity,False
PMC,PLATINUM CAPITAL LIMITED,Not Applic,PMC.AX,Equity,False
PL8,PLATO INCOME MAXIMISER LIMITED.,Not Applic,PL8.AX,Equity,False
PLY,PLAYSIDE STUDIOS LIMITED,Media & Entertainment,PLY.AX,Equity,False
PLT,PLENTI GROUP LIMITED,Financial Services,PLT.AX,Equity,False
PGF,PM CAPITAL GLOBAL OPPORTUNITIES FUND LIMITED,Not Applic,PGF.AX,Fund,False
PMT,PMET RESOURCES INC.,Materials,PMT.AX,Equity,False
PVE,PO VALLEY ENERGY LIMITED,Energy,PVE.AX,Equity,False
POD,PODIUM MINERALS LIMITED,Materials,POD.AX,Equity,False
3DP,POINTERRA LIMITED,Software & Services,3DP.AX,Equity,False
PBH,POINTSBET HOLDINGS LIMITED,Consumer Services,PBH.AX,Equity,False
PXX,POLARX LIMITED,Materials,PXX.AX,Equity,False
POL,POLYMETALS RESOURCES LTD,Materials,POL.AX,Equity,False
PNV,POLYNOVO LIMITED,Health Care Equipment & Services,PNV.AX,Equity,False
PNN,POWER MINERALS LIMITED,Materials,PNN.AX,Equity,False
PVL,POWERHOUSE VENTURES LIMITED,Financial Services,PVL.AX,Equity,False
PPK,PPK GROUP LIMITED,Materials,PPK.AX,Equity,False
PPS,PRAEMIUM LIMITED,Software & Services,PPS.AX,Equity,False
PL9,PRAIRIE LITHIUM LIMITED,Materials,PL9.AX,Equity,False
PDI,PREDICTIVE DISCOVERY LIMITED,Materials,PDI.AX,Equity,False
PMV,PREMIER INVESTMENTS LIMITED,Consumer Discretionary Distribution & Retail,PMV.AX,Equity,False
PLC,PREMIER1 LITHIUM LIMITED,Materials,PLC.AX,Equity,False
PTX,PRESCIENT THERAPEUTICS LIMITED,"Pharmaceuticals, Biotechnology & Life Sciences",PTX.AX,Equity,False
PTL,PRESTAL HOLDINGS LIMITED,Household & Personal Products,PTL.AX,Equity,False
PFG,PRIME FINANCIAL GROUP LIMITED,Financial Services,PFG.AX,Equity,False
PRG,PRL GLOBAL LTD,Materials,PRG.AX,Equity,False
PME,PRO MEDICUS LIMITED,Health Care Equipment & Services,PME.AX,Equity,False
PPG,PRO-PAC PACKAGING LIMITED,Materials,PPG.AX,Equity,False
PRX,PRODIGY GOLD NL,Materials,PRX.AX,Equity,False
POT,PROGRESS 2017-2 TRUST,Not Applic,POT.AX,Trust,False
POA,PROGRESS 2020-1 TRUST,Not Applic,POA.AX,Trust,False
POB,PROGRESS 2021-1 TRUST,Not Applic,POB.AX,Trust,False
POC,PROGRESS 2022-1 TRUST,Not Applic,POC.AX,Trust,False
POF,PROGRESS 2022-2 TRUST,Not Applic,POF.AX,Trust,False
POE,PROGRESS 2023-1 TRUST,Not Applic,POE.AX,Trust,False
POH,PROGRESS 2023-2 TRUST,Not Applic,POH.AX,Trust,False
POG,PROGRESS 2024-1 TRUST,Not Applic,POG.AX,Trust,False
PGS,PROGRESS 2024-2 TRUST,Not Applic,PGS.AX,Trust,False
PRM,PROMINENCE ENERGY LIMITED,Energy,PRM.AX,Equity,False
PFP,PROPEL FUNERAL PARTNERS LIMITED,Consumer Services,PFP.AX,Equity,False
PRO,PROPHECY INTERNATIONAL HOLDINGS LIMITED,Software & Services,PRO.AX,Equity,False
PRS,PROSPECH LIMITED.,Materials,PRS.AX,Equity,False
PSC,PROSPECT RESOURCES LIMITED,Materials,PSC.AX,Equity,False
PIQ,PROTEOMICS INTERNATIONAL LABORATORIES LTD,"Pharmaceuticals, Biotechnology & Life Sciences",PIQ.AX,Equity,False
PV1,PROVARIS ENERGY LTD,Energy,PV1.AX,Equity,False
PUT,PUMA SERIES 2023-1 TRUST,Not Applic,PUT.AX,Trust,False
PUU,PUMA SERIES 2024-1 TRUST,Not Applic,PUU.AX,Trust,False
PS2,PUMA SERIES 2024-2 TRUST,Not Applic,PS2.AX,Trust,False
PFT,PURE FOODS TASMANIA LIMITED,"Food, Beverage & Tobacco",PFT.AX,Equity,False
PH2,PURE HYDROGEN CORPORATION LIMITED,Energy,PH2.AX,Equity,False
PR1,PURE RESOURCES LIMITED,Materials,PR1.AX,Equity,False
PPL,PUREPROFILE LTD,Media & Entertainment,PPL.AX,Equity,False
PUR,PURSUIT MINERALS LTD,Materials,PUR.AX,Equity,False
PVW,PVW RESOURCES LIMITED,Materials,PVW.AX,Equity,False
PWH,PWR HOLDINGS LIMITED,Automobiles & Components,PWH.AX,Equity,False
PYC,PYC THERAPEUTICS LIMITED,"Pharmaceuticals, Biotechnology & Life Sciences",PYC.AX,Equity,False
QAN,QANTAS AIRWAYS LIMITED,Transportation,QAN.AX,Equity,False
QBE,QBE INSURANCE GROUP LIMITED,Insurance,QBE.AX,Equity,False
QEM,QEM LIMITED,Materials,QEM.AX,Equity,False
QML,QMINES LIMITED,Materials,QML.AX,Equity,False
QNB,QNB FINANCE LTD,Not Applic,QNB.AX,Equity,False
QOR,QORIA LIMITED,Software & Services,QOR.AX,Equity,False
QPM,QPM ENERGY LIMITED,Materials,QPM.AX,Equity,False
QAL,QUALITAS LIMITED,Real Estate Management & Development,QAL.AX,Equity,False
QRI,QUALITAS REAL ESTATE INCOME FUND,Financial Services,QRI.AX,Fund,False
QGL,QUANTUM GRAPHITE LIMITED,Materials,QGL.AX,Equity,False
QUB,QUBE HOLDINGS LIMITED,Transportation,QUB.AX,Equity,False
XQL,QUEENSLAND TREASURY CORPORATION,Not Applic,XQL.AX,Equity,False
QUE,QUESTE COMMUNICATIONS LIMITED,Financial Services,QUE.AX,Equity,False
QFE,QUICKFEE LIMITED,Financial Services,QFE.AX,Equity,False
QXR,QX RESOURCES LIMITED,Materials,QXR.AX,Equity,False
RAC,RACE ONCOLOGY LTD,"Pharmaceuticals, Biotechnology & Life Sciences",RAC.AX,Equity,False
RAD,RADIOPHARM THERANOSTICS LIMITED,"Pharmaceuticals, Biotechnology & Life Sciences",RAD.AX,Equity,False
RAG,RAGNAR METALS LIMITED,Materials,RAG.AX,Equity,False
RAS,RAGUSA MINERALS LTD,Materials,RAS.AX,Equity,False
RDN,RAIDEN RESOURCES LIMITED,Materials,RDN.AX,Equity,False
RZI,RAIZ INVEST LIMITED,Financial Services,RZI.AX,Equity,False
REP,RAM ESSENTIAL SERVICES PROPERTY FUND,Equity Real Estate Investment Trusts (REITs),REP.AX,Fund,False
RAM,RAM INCOME CAPITAL LTD,Not Applic,RAM.AX,Equity,False
RMS,RAMELIUS RESOURCES LIMITED,Materials,RMS.AX,Equity,False
RHC,RAMSAY HEALTH CARE LIMITED,Health Care Equipment & Services,RHC.AX,Equity,False
RND,RAND MINING LIMITED,Materials,RND.AX,Equity,False
RAN,RANGE INTERNATIONAL LIMITED,Materials,RAN.AX,Equity,False
RCM,RAPID CRITICAL METALS LIMITED,Materials,RCM.AX,Equity,False
REE,RAREX LIMITED,Materials,REE.AX,Equity,False
RTH,RAS TECHNOLOGY HOLDINGS LIMITED,Commercial & Professional Services,RTH.AX,Equity,False
RBR,RBR GROUP LIMITED,Materials,RBR.AX,Equity,False
REA,REA GROUP LTD,Media & Entertainment,REA.AX,Equity,False
RR1,REACH RESOURCES LIMITED,Materials,RR1.AX,Equity,False
RCL,READCLOUD LIMITED,Software & Services,RCL.AX,Equity,False
RDY,READYTECH HOLDINGS LIMITED,Software & Services,RDY.AX,Equity,False
RCE,RECCE PHARMACEUTICALS LTD,"Pharmaceuticals, Biotechnology & Life Sciences",RCE.AX,Equity,False
REC,RECHARGE METALS LIMITED,Materials,REC.AX,Equity,False
RKN,RECKON LIMITED,Software & Services,RKN.AX,Equity,False
RFT,RECTIFIER TECHNOLOGIES LTD,Capital Goods,RFT.AX,Equity,False
RHI,RED HILL MINERALS LIMITED,Materials,RHI.AX,Equity,False
RDM,RED METAL LIMITED,Materials,RDM.AX,Equity,False
RMX,RED MOUNTAIN MINING LIMITED,Materials,RMX.AX,Equity,False
ROG,RED SKY ENERGY LIMITED.,Energy,ROG.AX,Equity,False
RC1,REDCASTLE RESOURCES LIMITED,Materials,RC1.AX,Equity,False
RIL,REDIVIUM LIMITED,Materials,RIL.AX,Equity,False
RDX,REDOX LIMITED,Capital Goods,RDX.AX,Equity,False
RDS,REDSTONE RESOURCES LIMITED,Materials,RDS.AX,Equity,False
REH,REECE LIMITED,Capital Goods,REH.AX,Equity,False
RLC,REEDY LAGOON CORPORATION LIMITED,Materials,RLC.AX,Equity,False
RCT,REEF CASINO TRUST,Consumer Services,RCT.AX,Trust,False
RG8,REGAL ASIAN INVESTMENTS LIMITED,Not Applic,RG8.AX,Equity,False
RF1,REGAL INVESTMENT FUND,Not Applic,RF1.AX,Fund,False
RPL,REGAL PARTNERS LIMITED,Financial Services,RPL.AX,Equity,False
R8R,REGENER8 RESOURCES NL,Materials,R8R.AX,Equity,False
RGN,REGION GROUP,Equity Real Estate Investment Trusts (REITs),RGN.AX,Equity,False
REG,REGIS HEALTHCARE LIMITED,Health Care Equipment & Services,REG.AX,Equity,False
RRL,REGIS RESOURCES LIMITED,Materials,RRL.AX,Equity,False
RWC,RELIANCE WORLDWIDE CORPORATION LIMITED,Capital Goods,RWC.AX,Equity,False
REM,REMSENSE TECHNOLOGIES LIMITED,Capital Goods,REM.AX,Equity,False
RNU,RENASCOR RESOURCES LIMITED,Materials,RNU.AX,Equity,False
RNX,RENEGADE EXPLORATION LIMITED,Materials,RNX.AX,Equity,False
RLT,RENERGEN LIMITED,Energy,RLT.AX,Equity,False
RNV,RENERVE LIMITED,Health Care Equipment & Services,RNV.AX,Equity,False
RNT,RENT.COM.AU LIMITED,Media & Entertainment,RNT.AX,Equity,False
RMC,RESIMAC GROUP LTD,Financial Services,RMC.AX,Equity,False
RA2,RESIMAC PREMIER SERIES 2020-1,Not Applic,RA2.AX,Equity,False
RA3,RESIMAC SERIES 2024-1NC,Not Applic,RA3.AX,Equity,False
RMD,RESMED INC,Health Care Equipment & Services,RMD.AX,Equity,False
RSG,RESOLUTE MINING LIMITED,Materials,RSG.AX,Equity,False
RML,RESOLUTION MINERALS LTD,Materials,RML.AX,Equity,False
RHT,RESONANCE HEALTH LIMITED,Health Care Equipment & Services,RHT.AX,Equity,False
RBX,RESOURCE BASE LIMITED.,Materials,RBX.AX,Equity,False
RMI,RESOURCE MINERALS INTERNATIONAL LTD,Materials,RMI.AX,Equity,False
REZ,RESOURCES & ENERGY GROUP LIMITED,Materials,REZ.AX,Equity,False
RAU,RESOURO STRATEGIC METALS INC.,Materials,RAU.AX,Equity,False
RBD,RESTAURANT BRANDS NEW ZEALAND LIMITED,Consumer Services,RBD.AX,Equity,False
RFG,RETAIL FOOD GROUP LIMITED,Consumer Services,RFG.AX,Equity,False
REV,REVOLUTION PRIVATE CREDIT INCOME TRUST,Not Applic,REV.AX,Trust,False
RRR,REVOLVER RESOURCES HOLDINGS LTD,Materials,RRR.AX,Equity,False
RWD,REWARD MINERALS LTD,Materials,RWD.AX,Equity,False
RHY,RHYTHM BIOSCIENCES LIMITED,Health Care Equipment & Services,RHY.AX,Equity,False
SGL,RICEGROWERS LIMITED,"Food, Beverage & Tobacco",SGL.AX,Equity,False
RVT,RICHMOND VANADIUM TECHNOLOGY LIMITED,Materials,RVT.AX,Equity,False
RIC,RIDLEY CORPORATION LIMITED,"Food, Beverage & Tobacco",RIC.AX,Equity,False
RIE,RIEDEL RESOURCES LIMITED,Materials,RIE.AX,Equity,False
RRE,RIGHT RESOURCES LIMITED,Class Pend,RRE.AX,Equity,False
RIM,RIMFIRE PACIFIC MINING LIMITED,Materials,RIM.AX,Equity,False
RCR,RINCON RESOURCES LIMITED,Materials,RCR.AX,Equity,False
RIO,RIO TINTO LIMITED,Materials,RIO.AX,Equity,False
RIV,RIVCO AUSTRALIA LTD,Utilities,RIV.AX,Equity,False
RGL,RIVERSGOLD LIMITED,Materials,RGL.AX,Equity,False
RLF,RLF AGTECH LTD,Materials,RLF.AX,Equity,False
RMY,RMA GLOBAL LIMITED,Media & Entertainment,RMY.AX,Equity,False
RXR,ROBEX RESOURCES INC.,Materials,RXR.AX,Equity,False
ROC,ROCKETBOOTS LIMITED,Software & Services,ROC.AX,Equity,False
RKT,ROCKETDNA LTD.,Technology Hardware & Equipment,RKT.AX,Equity,False
RKB,ROKEBY RESOURCES LIMITED,Materials,RKB.AX,Equity,False
RON,RONIN RESOURCES LTD,Materials,RON.AX,Equity,False
RLG,ROOLIFE GROUP LTD,Media & Entertainment,RLG.AX,Equity,False
RXL,ROX RESOURCES LIMITED,Materials,RXL.AX,Equity,False
RPM,RPM AUTOMOTIVE GROUP LIMITED,Automobiles & Components,RPM.AX,Equity,False
RUL,RPMGLOBAL HOLDINGS LIMITED,Software & Services,RUL.AX,Equity,False
RTG,RTG MINING INC.,Materials,RTG.AX,Equity,False
RWL,RUBICON WATER LIMITED,Technology Hardware & Equipment,RWL.AX,Equity,False
RB6,RUBIX RESOURCES LIMITED,Materials,RB6.AX,Equity,False
RTR,RUMBLE RESOURCES LIMITED,Materials,RTR.AX,Equity,False
RFF,RURAL FUNDS GROUP,Equity Real Estate Investment Trusts (REITs),RFF.AX,Fund,False
RYD,RYDER CAPITAL LIMITED,Not Applic,RYD.AX,Equity,False
RYM,RYMAN HEALTHCARE LIMITED,Health Care Equipment & Services,RYM.AX,Equity,False
RYZ,RYZON MATERIALS LIMITED,Materials,RYZ.AX,Equity,False
S2R,S2 RESOURCES LTD,Materials,S2R.AX,Equity,False
SBR,SABRE RESOURCES LIMITED,Materials,SBR.AX,Equity,False
SRH,SAFEROADS HOLDINGS LIMITED,Transportation,SRH.AX,Equity,False
SAN,SAGALIO ENERGY LIMITED,Energy,SAN.AX,Equity,False
SB2,SALTER BROTHERS EMERGING COMPANIES LIMITED,Not Applic,SB2.AX,Equity,False
SFR,SANDFIRE RESOURCES LIMITED,Materials,SFR.AX,Equity,False
SNC,SANDON CAPITAL INVESTMENTS LIMITED,Not Applic,SNC.AX,Equity,False
SFM,SANTA FE MINERALS LTD,Materials,SFM.AX,Equity,False
SMI,SANTANA MINERALS LIMITED,Materials,SMI.AX,Equity,False
SFV,SANTOS FINANCE LIMITED,Not Applic,SFV.AX,Equity,False
STO,SANTOS LIMITED,Energy,STO.AX,Equity,False
SP4,SAPPHIRE XXIX SERIES 2024-1 TRUST,Not Applic,SP4.AX,Trust,False
SP5,SAPPHIRE XXX SERIES 2024-2 TRUST,Not Applic,SP5.AX,Trust,False
SP6,SAPPHIRE XXXI SERIES 2024-3 TRUST,Not Applic,SP6.AX,Trust,False
SRR,SARAMA RESOURCES LTD,Materials,SRR.AX,Equity,False
SGA,SARYTOGAN GRAPHITE LIMITED,Materials,SGA.AX,Equity,False
STN,SATURN METALS LIMITED,Materials,STN.AX,Equity,False
SND,SAUNDERS INTERNATIONAL LIMITED,Capital Goods,SND.AX,Equity,False
SVG,SAVANNAH GOLDFIELDS LIMITED,Materials,SVG.AX,Equity,False
SCP,SCALARE PARTNERS HOLDINGS LIMITED,Financial Services,SCP.AX,Equity,False
SCG,SCENTRE GROUP,Equity Real Estate Investment Trusts (REITs),SCG.AX,Equity,False
SCW,SCENTRE GROUP TRUST 1,Equity Real Estate Investment Trusts (REITs),SCW.AX,Trust,False
SCA,SCENTRE GROUP TRUST 1 AND SCENTRE GROUP TRUST 2,Not Applic,SCA.AX,Trust,False
SFC,SCHAFFER CORPORATION LIMITED,Automobiles & Components,SFC.AX,Equity,False
SDV,SCIDEV LTD,Materials,SDV.AX,Equity,False
SCN,SCORPION MINERALS LIMITED,Materials,SCN.AX,Equity,False
SCT,SCOUT SECURITY LIMITED,Consumer Services,SCT.AX,Equity,False
SDI,SDI LIMITED,Health Care Equipment & Services,SDI.AX,Equity,False
SFG,SEAFARMS GROUP LIMITED,"Food, Beverage & Tobacco",SFG.AX,Equity,False
SEK,SEEK LIMITED,Media & Entertainment,SEK.AX,Equity,False
SHV,SELECT HARVESTS LIMITED,"Food, Beverage & Tobacco",SHV.AX,Equity,False
SEN,SENETAS CORPORATION LIMITED,Technology Hardware & Equipment,SEN.AX,Equity,False
SNS,SENSEN NETWORKS LIMITED,Software & Services,SNS.AX,Equity,False
SNM,SENTINEL METALS LIMITED,Class Pend,SNM.AX,Equity,False
SEQ,SEQUOIA FINANCIAL GROUP LTD,Financial Services,SEQ.AX,Equity,False
BA2,SERIES 2019-1 REDS TRUST,Not Applic,BA2.AX,Trust,False
WE1,SERIES 2019-1 WST TRUST,Not Applic,WE1.AX,Trust,False
WB1,SERIES 2020-1 WST TRUST,Not Applic,WB1.AX,Trust,False
WSE,SERIES 2021-1 WST TRUST,Not Applic,WSE.AX,Trust,False
WS1,SERIES 2024-1 WST TRUST,Not Applic,WS1.AX,Trust,False
WS2,SERIES 2024-2 WST TRUST,Not Applic,WS2.AX,Trust,False
SKO,SERKO LIMITED,Software & Services,SKO.AX,Equity,False
SRV,SERVCORP LIMITED,Real Estate Management & Development,SRV.AX,Equity,False
SSM,SERVICE STREAM LIMITED,Capital Goods,SSM.AX,Equity,False
SWM,SEVEN WEST MEDIA LIMITED,Media & Entertainment,SWM.AX,Equity,False
SGH,SGH LIMITED,Capital Goods,SGH.AX,Equity,False
SHA,SHAPE AUSTRALIA CORPORATION LIMITED,Capital Goods,SHA.AX,Equity,False
SSG,SHAVER SHOP GROUP LIMITED,Consumer Discretionary Distribution & Retail,SSG.AX,Equity,False
SFX,SHEFFIELD RESOURCES LIMITED,Materials,SFX.AX,Equity,False
SHJ,SHINE JUSTICE LTD,Consumer Services,SHJ.AX,Equity,False
SHZ,SHINHAN BANK.,Not Applic,SHZ.AX,Equity,False
SC1,"SHINHAN CARD CO., LTD.",Not Applic,SC1.AX,Equity,False
SHM,SHRIRO HOLDINGS LIMITED,Consumer Durables & Apparel,SHM.AX,Equity,False
SNX,SIERRA NEVADA GOLD INC.,Materials,SNX.AX,Equity,False
SSL,SIETEL LIMITED,Real Estate Management & Development,SSL.AX,Equity,False
SIG,SIGMA HEALTHCARE LIMITED,Health Care Equipment & Services,SIG.AX,Equity,False
SLX,SILEX SYSTEMS LIMITED,Capital Goods,SLX.AX,Equity,False
SVL,SILVER MINES LIMITED,Materials,SVL.AX,Equity,False
SIS,SIMBLE SOLUTIONS LIMITED,Software & Services,SIS.AX,Equity,False
SIO,SIMONDS GROUP LIMITED,Consumer Durables & Apparel,SIO.AX,Equity,False
SGM,SIMS LIMITED,Materials,SGM.AX,Equity,False
SHG,SINGULAR HEALTH GROUP LTD,Health Care Equipment & Services,SHG.AX,Equity,False
SNG,SIREN GOLD LIMITED,Materials,SNG.AX,Equity,False
SDR,SITEMINDER LIMITED,Software & Services,SDR.AX,Equity,False
SIV,SIV CAPITAL LIMITED,Capital Goods,SIV.AX,Equity,False
SKN,SKIN ELEMENTS LIMITED,Household & Personal Products,SKN.AX,Equity,False
SKS,SKS TECHNOLOGIES GROUP LIMITED,Capital Goods,SKS.AX,Equity,False
SKY,SKY METALS LIMITED,Materials,SKY.AX,Equity,False
SKT,SKY NETWORK TELEVISION LIMITED.,Media & Entertainment,SKT.AX,Equity,False
SKC,SKYCITY ENTERTAINMENT GROUP LIMITED,Consumer Services,SKC.AX,Equity,False
SKM,SKYLARK MINERALS LIMITED,Materials,SKM.AX,Equity,False
SPZ,SMART PARKING LIMITED,Commercial & Professional Services,SPZ.AX,Equity,False
SIQ,SMARTGROUP CORPORATION LTD,Commercial & Professional Services,SIQ.AX,Equity,False
SMP,SMARTPAY HOLDINGS LIMITED,Financial Services,SMP.AX,Equity,False
SOC,SOCO CORPORATION LTD,Software & Services,SOC.AX,Equity,False
SLA,SOLARA MINERALS LTD,Materials,SLA.AX,Equity,False
SLM,SOLIS MINERALS LTD.,Materials,SLM.AX,Equity,False
SLS,SOLSTICE MINERALS LIMITED,Materials,SLS.AX,Equity,False
SVR,SOLVAR LIMITED,Financial Services,SVR.AX,Equity,False
SMM,SOMERSET MINERALS LIMITED,Materials,SMM.AX,Equity,False
SOM,SOMNOMED LIMITED,Health Care Equipment & Services,SOM.AX,Equity,False
SHL,SONIC HEALTHCARE LIMITED,Health Care Equipment & Services,SHL.AX,Equity,False
SHP,SOUTH HARZ POTASH LTD,Materials,SHP.AX,Equity,False
S32,SOUTH32 LIMITED,Materials,S32.AX,Equity,False
SXE,SOUTHERN CROSS ELECTRICAL ENGINEERING LTD,Capital Goods,SXE.AX,Equity,False
SX2,SOUTHERN CROSS GOLD CONSOLIDATED LTD.,Materials,SX2.AX,Equity,False
SXL,SOUTHERN CROSS MEDIA GROUP LIMITED,Media & Entertainment,SXL.AX,Equity,False
SUH,SOUTHERN HEMISPHERE MINING LIMITED,Materials,SUH.AX,Equity,False
SPD,SOUTHERN PALLADIUM LIMITED,Materials,SPD.AX,Equity,False
SVM,SOVEREIGN METALS LIMITED,Materials,SVM.AX,Equity,False
SPA,SPACETALK LTD,Software & Services,SPA.AX,Equity,False
SPN,SPARC TECHNOLOGIES LIMITED,Materials,SPN.AX,Equity,False
SPK,SPARK NEW ZEALAND LIMITED,Telecommunication Services,SPK.AX,Equity,False
SPG,SPC GLOBAL HOLDINGS LTD,"Food, Beverage & Tobacco",SPG.AX,Equity,False
STW,SPDR S&P/ASX 200 ETF,Not Applic,STW.AX,ETF,True
SLF,SPDR S&P/ASX 200 LISTED PROPERTY ETF,Not Applic,SLF.AX,ETF,True
SFY,SPDR S&P/ASX 50 ETF,Not Applic,SFY.AX,ETF,True
SP3,SPECTUR LIMITED,Technology Hardware & Equipment,SP3.AX,Equity,False
SPX,SPENDA LIMITED,Software & Services,SPX.AX,Equity,False
SEC,SPHERIA EMERGING COMPANIES LIMITED,Not Applic,SEC.AX,Equity,False
ST1,SPIRIT TECHNOLOGY SOLUTIONS LTD,Software & Services,ST1.AX,Equity,False
SEG,SPORTS ENTERTAINMENT GROUP LIMITED,Media & Entertainment,SEG.AX,Equity,False
SHO,SPORTSHERO LIMITED,Media & Entertainment,SHO.AX,Equity,False
SIX,SPRINTEX LIMITED,Automobiles & Components,SIX.AX,Equity,False
SQX,SQX RESOURCES LIMITED,Materials,SQX.AX,Equity,False
SRG,SRG GLOBAL LIMITED,Capital Goods,SRG.AX,Equity,False
SRJ,SRJ TECHNOLOGIES GROUP PLC,Energy,SRJ.AX,Equity,False
SSH,SSH GROUP LTD,Energy,SSH.AX,Equity,False
SBM,ST BARBARA LIMITED,Materials,SBM.AX,Equity,False
SGQ,ST GEORGE MINING LIMITED,Materials,SGQ.AX,Equity,False
SKK,STAKK LIMITED,Telecommunication Services,SKK.AX,Equity,False
SMR,STANMORE RESOURCES LIMITED,Materials,SMR.AX,Equity,False
S66,STAR COMBO PHARMA LIMITED,Household & Personal Products,S66.AX,Equity,False
SMS,STAR MINERALS LIMITED,Materials,SMS.AX,Equity,False
SPL,STARPHARMA HOLDINGS LIMITED,"Pharmaceuticals, Biotechnology & Life Sciences",SPL.AX,Equity,False
GAS,STATE GAS LIMITED,Energy,GAS.AX,Equity,False
GVF,STAUDE CAPITAL GLOBAL VALUE FUND LIMITED,Not Applic,GVF.AX,Fund,False
SVY,STAVELY MINERALS LIMITED,Materials,SVY.AX,Equity,False
SDF,STEADFAST GROUP LIMITED,Insurance,SDF.AX,Equity,False
SGI,STEALTH GROUP HOLDINGS LTD,Capital Goods,SGI.AX,Equity,False
SST,STEAMSHIPS TRADING COMPANY LIMITED,Capital Goods,SST.AX,Equity,False
SLB,STELAR METALS LIMITED,Materials,SLB.AX,Equity,False
SRZ,STELLAR RESOURCES LIMITED,Materials,SRZ.AX,Equity,False
STP,STEP ONE CLOTHING LIMITED,Consumer Discretionary Distribution & Retail,STP.AX,Equity,False
STH,STEPCHANGE HOLDINGS LIMITED,Software & Services,STH.AX,Equity,False
SGP,STOCKLAND,Equity Real Estate Investment Trusts (REITs),SGP.AX,Equity,False
SHE,STONEHORSE ENERGY LIMITED,Energy,SHE.AX,Equity,False
STG,STRAKER LIMITED,Media & Entertainment,STG.AX,Equity,False
SRT,STRATA INVESTMENT HOLDINGS PLC,Materials,SRT.AX,Equity,False
SMX,STRATA MINERALS LIMITED.,Materials,SMX.AX,Equity,False
SOR,STRATEGIC ELEMENTS LIMITED,Financial Services,SOR.AX,Equity,False
SER,STRATEGIC ENERGY RESOURCES LIMITED,Materials,SER.AX,Equity,False
SP8,STREAMPLAY STUDIO LIMITED,Media & Entertainment,SP8.AX,Equity,False
STK,STRICKLAND METALS LIMITED,Materials,STK.AX,Equity,False
STX,STRIKE ENERGY LIMITED,Energy,STX.AX,Equity,False
SRK,STRIKE RESOURCES LIMITED,Materials,SRK.AX,Equity,False
SMN,STRUCTURAL MONITORING SYSTEMS PLC,Technology Hardware & Equipment,SMN.AX,Equity,False
SLZ,SULTAN RESOURCES LTD,Materials,SLZ.AX,Equity,False
SNZ,SUMMERSET GROUP HOLDINGS LIMITED,Health Care Equipment & Services,SNZ.AX,Equity,False
SUM,SUMMIT MINERALS LIMITED,Materials,SUM.AX,Equity,False
SS1,SUN SILVER LIMITED,Materials,SS1.AX,Equity,False
SUN,SUNCORP GROUP LIMITED,Insurance,SUN.AX,Equity,False
SRL,SUNRISE ENERGY METALS LIMITED,Materials,SRL.AX,Equity,False
SHN,SUNSHINE METALS LIMITED,Materials,SHN.AX,Equity,False
STM,SUNSTONE METALS LTD,Materials,STM.AX,Equity,False
SUL,SUPER RETAIL GROUP LIMITED,Consumer Discretionary Distribution & Retail,SUL.AX,Equity,False
SPQ,SUPERIOR RESOURCES LIMITED,Materials,SPQ.AX,Equity,False
SLC,SUPERLOOP LIMITED,Telecommunication Services,SLC.AX,Equity,False
SNL,SUPPLY NETWORK LIMITED,Consumer Discretionary Distribution & Retail,SNL.AX,Equity,False
SRN,SUREFIRE RESOURCES NL,Materials,SRN.AX,Equity,False
SW1,SWIFT NETWORKS GROUP LIMITED,Media & Entertainment,SW1.AX,Equity,False
SWP,SWOOP HOLDINGS LIMITED,Telecommunication Services,SWP.AX,Equity,False
SYL,SYMAL GROUP LIMITED,Capital Goods,SYL.AX,Equity,False
SOP,SYNERTEC CORPORATION LIMITED,Commercial & Professional Services,SOP.AX,Equity,False
SM1,SYNLAIT MILK LIMITED,"Food, Beverage & Tobacco",SM1.AX,Equity,False
SNT,SYNTARA LIMITED,"Pharmaceuticals, Biotechnology & Life Sciences",SNT.AX,Equity,False
SYR,SYRAH RESOURCES LIMITED,Materials,SYR.AX,Equity,False
TAH,TABCORP HOLDINGS LIMITED,Consumer Services,TAH.AX,Equity,False
T88,TAITON RESOURCES LIMITED,Materials,T88.AX,Equity,False
TLG,TALGA GROUP LTD,Materials,TLG.AX,Equity,False
TD1,TALI DIGITAL LIMITED,Health Care Equipment & Services,TD1.AX,Equity,False
TR2,TALI RESOURCES LTD,Materials,TR2.AX,Equity,False
TLM,TALISMAN MINING LIMITED,Materials,TLM.AX,Equity,False
TAL,TALIUS GROUP LIMITED,Software & Services,TAL.AX,Equity,False
TWD,TAMAWOOD LIMITED,Consumer Durables & Apparel,TWD.AX,Equity,False
TBN,TAMBORAN RESOURCES CORPORATION,Energy,TBN.AX,Equity,False
TMB,TAMBOURAH METALS LTD,Materials,TMB.AX,Equity,False
TAM,TANAMI GOLD NL,Materials,TAM.AX,Equity,False
TR8,TARRINA RESOURCES LIMITED,Consumer Staples Distribution & Retail,TR8.AX,Equity,False
TAT,TARTANA MINERALS LIMITED,Media & Entertainment,TAT.AX,Equity,False
TAR,TARUGA MINERALS LIMITED,Materials,TAR.AX,Equity,False
TFL,TASFOODS LIMITED,"Food, Beverage & Tobacco",TFL.AX,Equity,False
TAS,TASMAN RESOURCES LTD,Materials,TAS.AX,Equity,False
TEA,TASMEA LIMITED,Capital Goods,TEA.AX,Equity,False
TIP,TEAMINVEST PRIVATE GROUP LIMITED,Financial Services,TIP.AX,Equity,False
TG1,TECHGEN METALS LTD,Materials,TG1.AX,Equity,False
TNE,TECHNOLOGY ONE LIMITED,Software & Services,TNE.AX,Equity,False
TLX,TELIX PHARMACEUTICALS LIMITED,"Pharmaceuticals, Biotechnology & Life Sciences",TLX.AX,Equity,False
TLS,TELSTRA GROUP LIMITED,Telecommunication Services,TLS.AX,Equity,False
TIO,TEMAS RESOURCES CORP.,Materials,TIO.AX,Equity,False
TEM,TEMPEST MINERALS LIMITED,Materials,TEM.AX,Equity,False
TPW,TEMPLE & WEBSTER GROUP LTD,Consumer Discretionary Distribution & Retail,TPW.AX,Equity,False
TMS,TENNANT MINERALS LIMITED,Materials,TMS.AX,Equity,False
T92,TERRA CRITICAL MINERALS LIMITED,Energy,T92.AX,Equity,False
TM1,TERRA METALS LIMITED,Energy,TM1.AX,Equity,False
TER,TERRACOM LIMITED,Energy,TER.AX,Equity,False
TGH,TERRAGEN HOLDINGS LIMITED,Materials,TGH.AX,Equity,False
TMX,TERRAIN MINERALS LIMITED,Materials,TMX.AX,Equity,False
TZN,TERRAMIN AUSTRALIA LIMITED.,Materials,TZN.AX,Equity,False
TSO,TESORO GOLD LTD,Materials,TSO.AX,Equity,False
TES,TEST SECURITY,Class Pend,TES.AX,Equity,False
TTX,TETRATHERIX LIMITED,"Pharmaceuticals, Biotechnology & Life Sciences",TTX.AX,Equity,False
TG6,TG METALS LIMITED,Materials,TG6.AX,Equity,False
A2M,THE A2 MILK COMPANY LIMITED,"Food, Beverage & Tobacco",A2M.AX,Equity,False
AU1,THE AGENCY GROUP AUSTRALIA LTD,Real Estate Management & Development,AU1.AX,Equity,False
WAG,THE AUSTRALIAN WEALTH ADVISORS GROUP LIMITED,Financial Services,WAG.AX,Equity,False
CCO,THE CALMER CO INTERNATIONAL LIMITED,Household & Personal Products,CCO.AX,Equity,False
HPC,THE HYDRATION PHARMACEUTICALS COMPANY LIMITED,Household & Personal Products,HPC.AX,Equity,False
TLC,THE LOTTERY CORPORATION LIMITED,Consumer Services,TLC.AX,Equity,False
SGR,THE STAR ENTERTAINMENT GROUP LIMITED,Consumer Services,SGR.AX,Equity,False
TGM,THETA GOLD MINES LIMITED,Materials,TGM.AX,Equity,False
TT1,THINK TANK RESIDENTIAL SERIES 2024-1 TRUST,Not Applic,TT1.AX,Trust,False
TT2,THINK TANK RESIDENTIAL SERIES 2025-2 TRUST,Not Applic,TT2.AX,Trust,False
THR,THOR ENERGY PLC,Materials,THR.AX,Equity,False
TOP,THORNEY OPPORTUNITIES LTD,Not Applic,TOP.AX,Equity,False
TEK,THORNEY TECHNOLOGIES LTD,Not Applic,TEK.AX,Equity,False
1TT,THRIVE TRIBE TECHNOLOGIES LIMITED,Software & Services,1TT.AX,Equity,False
THB,THUNDERBIRD RESOURCES LIMITED,Materials,THB.AX,Equity,False
TIA,TIAN AN AUSTRALIA LIMITED,Real Estate Management & Development,TIA.AX,Equity,False
TIG,TIGERS REALM COAL LIMITED,Materials,TIG.AX,Equity,False
TML,TIMAH RESOURCES LIMITED,Utilities,TML.AX,Equity,False
TNY,TINYBEANS GROUP LTD,Media & Entertainment,TNY.AX,Equity,False
TRP,TISSUE REPAIR LTD,"Pharmaceuticals, Biotechnology & Life Sciences",TRP.AX,Equity,False
TTM,TITAN MINERALS LIMITED,Materials,TTM.AX,Equity,False
TSL,TITANIUM SANDS LIMITED,Materials,TSL.AX,Equity,False
TTT,TITOMIC LIMITED,Materials,TTT.AX,Equity,False
TVN,TIVAN LIMITED,Materials,TVN.AX,Equity,False
TOU,TLOU ENERGY LIMITED,Energy,TOU.AX,Equity,False
TMK,TMK ENERGY LIMITED,Energy,TMK.AX,Equity,False
TOK,TOLU MINERALS LIMITED.,Materials,TOK.AX,Equity,False
TI1,TOMBADOR IRON LIMITED,Materials,TI1.AX,Equity,False
TEE,TOP END ENERGY LIMITED,Energy,TEE.AX,Equity,False
TOE,TORO ENERGY LIMITED,Energy,TOE.AX,Equity,False
TOR,TORQUE METALS LIMITED..,Materials,TOR.AX,Equity,False
TTZ,TORRENS SERIES 2016-1 TRUST,Not Applic,TTZ.AX,Trust,False
TRE,TOUBANI RESOURCES LIMITED,Materials,TRE.AX,Equity,False
TVL,TOUCH VENTURES LIMITED,Financial Services,TVL.AX,Equity,False
THL,TOURISM HOLDINGS RENTALS LIMITED,Transportation,THL.AX,Equity,False
TWR,TOWER LIMITED,Insurance,TWR.AX,Equity,False
TPC,TPC CONSOLIDATED LIMITED,Utilities,TPC.AX,Equity,False
TPG,TPG TELECOM LIMITED.,Telecommunication Services,TPG.AX,Equity,False
TRJ,TRAJAN GROUP HOLDINGS LIMITED,"Pharmaceuticals, Biotechnology & Life Sciences",TRJ.AX,Equity,False
TCO,TRANSMETRO CORPORATION LIMITED,Consumer Services,TCO.AX,Equity,False
TA1,TRANSURBAN FINANCE COMPANY PTY LTD,Not Applic,TA1.AX,Equity,False
TCL,TRANSURBAN GROUP,Transportation,TCL.AX,Equity,False
XVG,TREASURY CORPORATION OF VICTORIA,Not Applic,XVG.AX,Equity,False
TWE,TREASURY WINE ESTATES LIMITED,"Food, Beverage & Tobacco",TWE.AX,Equity,False
TKM,TREK METALS LIMITED,Materials,TKM.AX,Equity,False
TEG,TRIANGLE ENERGY (GLOBAL) LIMITED,Energy,TEG.AX,Equity,False
TGF,TRIBECA GLOBAL NATURAL RESOURCES LIMITED,Not Applic,TGF.AX,Equity,False
TBR,TRIBUNE RESOURCES LIMITED,Materials,TBR.AX,Equity,False
TMG,TRIGG MINERALS LIMITED,Materials,TMG.AX,Equity,False
TT6,TRITON BOND TRUST 2021-1 IN RESPECT OF SERIES 1,Not Applic,TT6.AX,Trust,False
TON,TRITON MINERALS LTD,Materials,TON.AX,Equity,False
TRI,TRIVARX LTD,Health Care Equipment & Services,TRI.AX,Equity,False
TNC,TRUE NORTH COPPER LIMITED,Materials,TNC.AX,Equity,False
TRM,TRUSCOTT MINING CORPORATION LIMITED,Materials,TRM.AX,Equity,False
TRU,TRUSCREEN GROUP LIMITED,Health Care Equipment & Services,TRU.AX,Equity,False
TYP,TRYPTAMINE THERAPEUTICS LIMITED,"Pharmaceuticals, Biotechnology & Life Sciences",TYP.AX,Equity,False
TUA,TUAS LIMITED,Telecommunication Services,TUA.AX,Equity,False
TGN,TUNGSTEN MINING NL,Materials,TGN.AX,Equity,False
TCG,TURACO GOLD LIMITED,Materials,TCG.AX,Equity,False
TRA,TURNERS AUTOMOTIVE GROUP LIMITED,Consumer Discretionary Distribution & Retail,TRA.AX,Equity,False
TYX,TYRANNA RESOURCES LIMITED,Materials,TYX.AX,Equity,False
TYR,TYRO PAYMENTS LIMITED,Financial Services,TYR.AX,Equity,False
TZL,TZ LIMITED,Technology Hardware & Equipment,TZL.AX,Equity,False
UWC,UNDERWOOD CAPITAL LIMITED,Not Applic,UWC.AX,Equity,False
USL,UNICO SILVER LIMITED,Materials,USL.AX,Equity,False
UOS,UNITED OVERSEAS AUSTRALIA LIMITED,Real Estate Management & Development,UOS.AX,Equity,False
UNT,UNITH LTD,Media & Entertainment,UNT.AX,Equity,False
UBI,UNIVERSAL BIOSENSORS INC.,Health Care Equipment & Services,UBI.AX,Equity,False
UNI,UNIVERSAL STORE HOLDINGS LIMITED,Consumer Discretionary Distribution & Retail,UNI.AX,Equity,False
UBN,URBANISE.COM LIMITED,Software & Services,UBN.AX,Equity,False
URF,US MASTERS RESIDENTIAL PROPERTY FUND,Equity Real Estate Investment Trusts (REITs),URF.AX,Fund,False
UCM,USCOM LIMITED,Health Care Equipment & Services,UCM.AX,Equity,False
UVA,UVRE LIMITED,Materials,UVA.AX,Equity,False
VR8,VANADIUM RESOURCES LIMITED,Materials,VR8.AX,Equity,False
VAR,VARISCAN MINES LIMITED,Materials,VAR.AX,Equity,False
VAU,VAULT MINERALS LIMITED,Materials,VAU.AX,Equity,False
VBX,VBX LIMITED,Materials,VBX.AX,Equity,False
VMG,VDM GROUP LIMITED,Capital Goods,VMG.AX,Equity,False
VR1,VECTION TECHNOLOGIES LTD,Software & Services,VR1.AX,Equity,False
VBS,VECTUS BIOSYSTEMS LIMITED,"Pharmaceuticals, Biotechnology & Life Sciences",VBS.AX,Equity,False
VEE,VEEM LTD,Capital Goods,VEE.AX,Equity,False
VMS,VENARI MINERALS NL,Materials,VMS.AX,Equity,False
VNT,VENTIA SERVICES GROUP LIMITED,Capital Goods,VNT.AX,Equity,False
VMC,VENUS METALS CORPORATION LIMITED,Materials,VMC.AX,Equity,False
VBC,VERBREC LIMITED,Capital Goods,VBC.AX,Equity,False
VRS,VERIS LIMITED,Commercial & Professional Services,VRS.AX,Equity,False
VRL,VERITY RESOURCES LIMITED,Materials,VRL.AX,Equity,False
VTX,VERTEX MINERALS LIMITED,Materials,VTX.AX,Equity,False
VG1,VGI PARTNERS GLOBAL INVESTMENTS LIMITED,Not Applic,VG1.AX,Equity,False
VHM,VHM LIMITED,Materials,VHM.AX,Equity,False
VCX,VICINITY CENTRES,Equity Real Estate Investment Trusts (REITs),VCX.AX,Equity,False
VCD,VICINITY CENTRES TRUST,Not Applic,VCD.AX,Trust,False
VIG,VICTOR GROUP HOLDINGS LIMITED,Software & Services,VIG.AX,Equity,False
VTM,VICTORY METALS LIMITED,Materials,VTM.AX,Equity,False
VKA,VIKING MINES LIMITED,Materials,VKA.AX,Equity,False
VEN,VINTAGE ENERGY LTD,Energy,VEN.AX,Equity,False
VNL,VINYL GROUP LTD,Software & Services,VNL.AX,Equity,False
VGN,VIRGIN AUSTRALIA HOLDINGS LIMITED.,Transportation,VGN.AX,Equity,False
VMM,VIRIDIS MINING AND MINERALS LIMITED,Materials,VMM.AX,Equity,False
VFX,VISIONFLEX GROUP LIMITED,Health Care Equipment & Services,VFX.AX,Equity,False
VGL,VISTA GROUP INTERNATIONAL LIMITED.,Software & Services,VGL.AX,Equity,False
VLS,VITA LIFE SCIENCES LIMITED..,"Pharmaceuticals, Biotechnology & Life Sciences",VLS.AX,Equity,False
VML,VITAL METALS LIMITED,Materials,VML.AX,Equity,False
VHL,VITASORA HEALTH LIMITED,Health Care Equipment & Services,VHL.AX,Equity,False
VFY,VITRAFY LIFE SCIENCES LIMITED,"Pharmaceuticals, Biotechnology & Life Sciences",VFY.AX,Equity,False
VIT,VITURA HEALTH LIMITED,Health Care Equipment & Services,VIT.AX,Equity,False
VEA,VIVA ENERGY GROUP LIMITED,Energy,VEA.AX,Equity,False
VVA,VIVA LEISURE LIMITED,Consumer Services,VVA.AX,Equity,False
VMT,VMOTO LIMITED,Automobiles & Components,VMT.AX,Equity,False
VPG,VODAFONE GROUP PLC.,Not Applic,VPG.AX,Equity,False
VPR,VOLT GROUP LIMITED,Utilities,VPR.AX,Equity,False
VRC,VOLT RESOURCES LIMITED,Materials,VRC.AX,Equity,False
VSR,VOLTAIC STRATEGIC RESOURCES LTD,Energy,VSR.AX,Equity,False
VN8,VONEX LIMITED..,Telecommunication Services,VN8.AX,Equity,False
VRX,VRX SILICA LIMITED,Materials,VRX.AX,Equity,False
VUL,VULCAN ENERGY RESOURCES LIMITED,Materials,VUL.AX,Equity,False
VSL,VULCAN STEEL LIMITED,Materials,VSL.AX,Equity,False
VYS,VYSARN LIMITED,Materials,VYS.AX,Equity,False
WAK,WA KAOLIN LIMITED,Materials,WAK.AX,Equity,False
WA1,WA1 RESOURCES LTD,Materials,WA1.AX,Equity,False
WGN,WAGNERS HOLDING COMPANY LIMITED,Materials,WGN.AX,Equity,False
WAA,WAM ACTIVE LIMITED,Not Applic,WAA.AX,Equity,False
WMA,WAM ALTERNATIVE ASSETS LIMITED,Not Applic,WMA.AX,Equity,False
WAM,WAM CAPITAL LIMITED,Not Applic,WAM.AX,Equity,False
WGB,WAM GLOBAL LIMITED,Not Applic,WGB.AX,Equity,False
WMX,WAM INCOME MAXIMISER LIMITED,Not Applic,WMX.AX,Equity,False
WLE,WAM LEADERS LIMITED,Not Applic,WLE.AX,Equity,False
WMI,WAM MICROCAP LIMITED,Not Applic,WMI.AX,Equity,False
WAX,WAM RESEARCH LIMITED,Not Applic,WAX.AX,Equity,False
WAR,WAM STRATEGIC VALUE LIMITED,Not Applic,WAR.AX,Equity,False
WTM,WARATAH MINERALS LIMITED,Materials,WTM.AX,Equity,False
WA8,WARRIEDAR RESOURCES LIMITED,Materials,WA8.AX,Equity,False
SOL,WASHINGTON H. SOUL PATTINSON AND COMPANY LIMITED,Financial Services,SOL.AX,Equity,False
WAT,WATERCO LIMITED,Consumer Durables & Apparel,WAT.AX,Equity,False
W2V,WAY 2 VAT LTD.,Software & Services,W2V.AX,Equity,False
WPR,WAYPOINT REIT,Equity Real Estate Investment Trusts (REITs),WPR.AX,Equity,False
WQG,WCM GLOBAL GROWTH LIMITED,Not Applic,WQG.AX,Equity,False
WEF,WEA FINANCE LLC AND WESTFIELD UK & EUROPE FINANCE PLC,Not Applic,WEF.AX,Equity,False
WEB,WEB TRAVEL GROUP LIMITED,Consumer Services,WEB.AX,Equity,False
WJL,WEBJET GROUP LIMITED,Consumer Services,WJL.AX,Equity,False
WBT,WEEBIT NANO LTD,Semiconductors & Semiconductor Equipment,WBT.AX,Equity,False
WLD,WELLARD LIMITED,"Food, Beverage & Tobacco",WLD.AX,Equity,False
WNX,WELLNEX LIFE LIMITED,"Food, Beverage & Tobacco",WNX.AX,Equity,False
WES,WESFARMERS LIMITED,Consumer Discretionary Distribution & Retail,WES.AX,Equity,False
WAF,WEST AFRICAN RESOURCES LIMITED,Materials,WAF.AX,Equity,False
WCE,WEST COAST SILVER LIMITED,Materials,WCE.AX,Equity,False
WC1,WEST COBAR METALS LIMITED,Materials,WC1.AX,Equity,False
WWI,WEST WITS MINING LIMITED,Materials,WWI.AX,Equity,False
WSR,WESTAR RESOURCES LIMITED,Materials,WSR.AX,Equity,False
WGR,WESTERN GOLD RESOURCES LIMITED.,Materials,WGR.AX,Equity,False
WMG,WESTERN MINES GROUP LTD,Materials,WMG.AX,Equity,False
WYX,WESTERN YILGARN NL,Materials,WYX.AX,Equity,False
WEN,WESTFIELD UK & EUROPE FINANCE PLC,Not Applic,WEN.AX,Equity,False
WGX,WESTGOLD RESOURCES LIMITED.,Materials,WGX.AX,Equity,False
WBC,WESTPAC BANKING CORPORATION,Banks,WBC.AX,Equity,False
WSI,WESTSTAR INDUSTRIAL LIMITED,Materials,WSI.AX,Equity,False
WCN,WHITE CLIFF MINERALS LIMITED,Materials,WCN.AX,Equity,False
WEC,WHITE ENERGY COMPANY LIMITED,Energy,WEC.AX,Equity,False
WBE,WHITEBARK ENERGY LTD,Energy,WBE.AX,Equity,False
WHI,WHITEFIELD INCOME LIMITED,Not Applic,WHI.AX,Equity,False
WHF,WHITEFIELD INDUSTRIALS LIMITED,Not Applic,WHF.AX,Equity,False
WHC,WHITEHAVEN COAL LIMITED,Energy,WHC.AX,Equity,False
WHK,WHITEHAWK LIMITED,Software & Services,WHK.AX,Equity,False
WIA,WIA GOLD LIMITED,Materials,WIA.AX,Equity,False
WOA,WIDE OPEN AGRICULTURE LTD,"Food, Beverage & Tobacco",WOA.AX,Equity,False
WC8,WILDCAT RESOURCES LIMITED,Materials,WC8.AX,Equity,False
WIN,WIN METALS LTD,Materials,WIN.AX,Equity,False
WEL,WINCHESTER ENERGY LTD,Energy,WEL.AX,Equity,False
WNR,WINGARA AG LTD,"Food, Beverage & Tobacco",WNR.AX,Equity,False
WR1,WINSOME RESOURCES LIMITED,Materials,WR1.AX,Equity,False
WTN,WINTON LAND LIMITED,Real Estate Management & Development,WTN.AX,Equity,False
WTC,WISETECH GLOBAL LIMITED,Software & Services,WTC.AX,Equity,False
WWG,WISEWAY GROUP LIMITED,Transportation,WWG.AX,Equity,False
WZR,WISR LIMITED,Financial Services,WZR.AX,Equity,False
WDS,WOODSIDE ENERGY GROUP LTD,Energy,WDS.AX,Equity,False
WOW,WOOLWORTHS GROUP LIMITED,Consumer Staples Distribution & Retail,WOW.AX,Equity,False
WOR,WORLEY LIMITED,Capital Goods,WOR.AX,Equity,False
WOT,WOTSO,Real Estate Management & Development,WOT.AX,Equity,False
WRK,WRKR LTD,Software & Services,WRK.AX,Equity,False
WTL,WT FINANCIAL GROUP LIMITED,Financial Services,WTL.AX,Equity,False
X2M,X2M CONNECT LIMITED,Technology Hardware & Equipment,X2M.AX,Equity,False
XGL,XAMBLE GROUP LIMITED,Media & Entertainment,XGL.AX,Equity,False
XRA,XENORA MINERALS LTD,Materials,XRA.AX,Equity,False
XRO,XERO LIMITED,Software & Services,XRO.AX,Equity,False
XPN,XPON TECHNOLOGIES GROUP LIMITED,Software & Services,XPN.AX,Equity,False
XRG,XREALITY GROUP LTD,Consumer Services,XRG.AX,Equity,False
XF1,XREF LIMITED,Software & Services,XF1.AX,Equity,False
XRF,XRF SCIENTIFIC LIMITED,Capital Goods,XRF.AX,Equity,False
XST,XSTATE RESOURCES LIMITED,Energy,XST.AX,Equity,False
YAL,YANCOAL AUSTRALIA LIMITED,Energy,YAL.AX,Equity,False
YRL,YANDAL RESOURCES LIMITED,Materials,YRL.AX,Equity,False
YAR,YARI MINERALS LIMITED,Materials,YAR.AX,Equity,False
YOJ,YOJEE LIMITED,Software & Services,YOJ.AX,Equity,False
YOW,YOWIE GROUP LTD,"Food, Beverage & Tobacco",YOW.AX,Equity,False
YUG,YUGO METALS LIMITED,Materials,YUG.AX,Equity,False
ZLD,ZELIRA THERAPEUTICS LIMITED,"Pharmaceuticals, Biotechnology & Life Sciences",ZLD.AX,Equity,False
ZNC,ZENITH MINERALS LIMITED,Materials,ZNC.AX,Equity,False
ZEO,ZEOTECH LIMITED,Materials,ZEO.AX,Equity,False
ZEU,ZEUS RESOURCES LIMITED,Energy,ZEU.AX,Equity,False
ZGL,ZICOM GROUP LIMITED,Capital Goods,ZGL.AX,Equity,False
ZMM,ZIMI LIMITED,Technology Hardware & Equipment,ZMM.AX,Equity,False
ZIM,ZIMPLATS HOLDINGS LIMITED,Materials,ZIM.AX,Equity,False
ZMI,ZINC OF IRELAND NL,Materials,ZMI.AX,Equity,False
ZIP,ZIP CO LIMITED..,Financial Services,ZIP.AX,Equity,False
ZNO,ZOONO GROUP LIMITED,Materials,ZNO.AX,Equity,False
ZAG,ZULEIKA GOLD LIMITED,Materials,ZAG.AX,Equity,False
