benchmark,total_return,annual_return,volatility,sharpe_ratio,max_drawdown,data_points
risk_free_rate,1.1611342095778868e+30,641.8887013296853,0.17844169258314801,3597.1901635632944,0.0,2698
currency,0.08201582203038305,0.007386950722809038,0.07035297801705584,0.10499840846848306,-0.15318555134025616,2699
asx_stocks,0.6139002111163723,0.04544632479435218,0.15175137038190856,0.2994788427938321,-0.36530541012216405,2714
cryptocurrencies,346.0155561971462,0.4564921437320002,0.5633284998324102,0.810348036479259,-0.8339900882218975,3920
etf,2.208978899782409,0.11505410559917673,0.18026898098727823,0.6382357351168264,-0.3392496000265331,2698
commodities,0.1925801371091036,0.01658601753834743,0.16766710359294032,0.09892231202737727,-0.47268488733109854,2698
composite,6.729304873033596,0.14042210655713205,0.23660428161764505,0.5934892876708614,-0.5071137550453637,3922
