Open,High,Low,Close,Volume,Date,SMA_5,SMA_10,SMA_20,SMA_50,SMA_100,SMA_200,EMA_12,EMA_26,EMA_50,EMA_200,RSI,RSI_21,STOCH_K,STOCH_D,WILLR,CCI,MACD,MACD_signal,MACD_hist,BB_upper,BB_middle,BB_lower,BB_width,BB_position,ATR,NATR,TRANGE,AD,ADOSC,OBV,DOJI,HAMMER,ENGULFING,HARAMI,ADX,AROON_UP,AROON_DOWN,AROONOSC,SAR,SAREXT,Returns,Log_Returns,Volatility_20,Volatility_5,Momentum_5,Momentum_10,Momentum_20,Volume_SMA_20,Volume_Ratio,Volume_Price_Trend,Price_Position_20,Price_Position_50,Trend_Strength_20,Trend_Strength_50,Support_20,Resistance_20,Support_Distance,Resistance_Distance
31.279998779296875,31.969999313354492,30.704999923706055,31.049999237060547,14647,2022-12-13 00:00:00+11:00,30.7739990234375,31.935499000549317,35.56949911117554,39.9302991104126,46.044848918914795,56.43854887962341,32.9641720319821,36.17502282015208,39.75558851080119,56.36809564557242,35.966851429548214,38.3143370790667,59.46078471425984,47.73900127039253,-80.19800955891228,-58.55086781310171,-3.2108507881696156,-2.896988599656793,-0.31386218851282255,43.566788520926046,35.56949911117554,27.57220970142503,0.44967118512151605,0.217435518301695,2.6188182856565136,8.434197584555022,1.3800010681152344,-1135233.8257814927,-29007.945266947616,-1156572.0,100,0,0,0,17.653199895111754,71.42857142857143,0.0,-71.42857142857143,32.65999984741211,-32.65999984741211,0.015037627270635179,0.01492568300922684,0.7330914920550393,0.7404071161173224,0.015037627270635179,-0.14826495880953394,-0.23728813718142683,63743.45,0.2297804715621762,-18703.350596968692,0.10476184759598267,0.06586823849557302,-0.6440000361966022,-0.21918200242132982,28.749998092651367,44.15999984741211,0.07407411275115114,0.422222252253835
31.279998779296875,32.43000030517578,29.899999618530273,30.1299991607666,20440,2022-12-14 00:00:00+11:00,30.727999114990233,31.371998977661132,35.06349906921387,39.580699081420896,45.80334892272949,56.27639888763428,32.52814543641048,35.72724328982723,39.37811441864297,56.107020058658925,34.29852516394797,37.248266817437006,41.46695767936966,49.1996257038786,-87.23403204169419,-61.74183507017231,-3.1990978534164327,-2.957410450408721,-0.24168740300771185,43.092739877751725,35.06349906921387,27.034258260676015,0.45798286090549445,0.19277917887322205,2.6124741714414417,8.670674557612475,2.530000686645508,-1151957.4705503455,-29240.311298551504,-1177012.0,0,0,0,0,17.79958172145255,64.28571428571429,0.0,-64.28571428571429,28.749998092651367,28.749998092651367,-0.029629632814800688,-0.0300774585197061,0.735590858864998,0.7774898440372744,-0.007575742821542941,-0.15755627918486115,-0.25142859227909065,63089.65,0.3239834109081283,-18930.269172521053,0.028571369901140113,0.017964037958277675,-0.6478045327322833,-0.22343409946986587,28.749998092651367,44.15999984741211,0.04580156344352593,0.46564889072132787
29.899999618530273,29.899999618530273,28.749998092651367,29.209999084472656,15102,2022-12-15 00:00:00+11:00,30.612998962402344,30.95799903869629,34.488499069213866,39.272499084472656,45.56874893188476,56.06594890594482,32.017661382266205,35.244484459800965,38.97936479769512,55.83938800916454,32.66671829464967,36.190929525912765,29.70226423145888,43.5433355416962,-95.74467146579838,-97.12603799128779,-3.2268230775344975,-3.011292975833876,-0.21553010170062148,42.46485838229016,34.488499069213866,26.512139756137568,0.4625518377630059,0.16911596020456773,2.524440378346713,8.642384311777146,1.3800010681152344,-1154977.8605313052,-27638.19318737206,-1192114.0,0,0,0,0,18.307182498726593,100.0,7.142857142857143,-92.85714285714286,32.43000030517578,-32.43000030517578,-0.030534354527693153,-0.031010240231755578,0.731897213011969,0.7988035120145378,-0.019305045018807143,-0.12413791841282962,-0.2824858820590408,63211.25,0.2389131681464929,-19536.19870640619,0.0,0.0,-0.6422706976869058,-0.23549460403057695,28.749998092651367,44.15999984741211,0.015748065944507842,0.5118110657828305
28.634998321533203,28.749998092651367,27.829999923706055,28.28999900817871,31842,2022-12-16 00:00:00+11:00,29.853998947143555,30.54399890899658,33.94224901199341,38.99649906158447,45.30654893875122,55.85549891471863,31.44417486317582,34.72933738931043,38.56017398241997,55.56526473552289,31.074571372919515,35.143460235478166,13.427746560358878,28.19898949039589,-95.45455487820394,-122.84705633601453,-3.2851625261343855,-3.066066885893978,-0.21909564024040762,42.04441350639543,33.94224901199341,25.840084517591393,0.4774088182276394,0.1511888886161237,2.4426945770909905,8.634480956979889,1.3799991607666016,-1154977.8605313052,-24470.218215764966,-1223956.0,0,100,0,0,19.062152124712096,100.0,0.0,-100.0,32.43000030517578,-32.43000030517578,-0.03149606659121729,-0.032002734802308704,0.7301172148157715,0.36914477562753867,-0.1182795756453835,-0.12765961326051334,-0.2785924034654942,64105.15,0.4967151625103443,-20026.294553760177,0.0,0.0,-0.6561917340845101,-0.2544357780648879,27.829999923706055,44.15999984741211,0.01626013080946625,0.5609756590887592
27.599998474121094,27.714998245239258,26.67999839782715,27.139999389648438,17329,2022-12-19 00:00:00+11:00,29.163999176025392,29.922999000549318,33.41324911117554,38.736599082946775,45.039748935699464,55.65194891929627,30.781994021094686,34.16716420415028,38.11232399838971,55.28242627436991,29.161289839086834,33.857305885878645,9.92157327735643,17.68386135639148,-95.91835940296447,-155.21969562639717,-3.3851701830554077,-3.129887545326264,-0.25528263772914395,41.83497989013857,33.41324911117554,24.991518332212507,0.504095291717456,0.12755579071719464,2.383216436609603,8.781195616086102,1.6100006103515625,-1156903.2694927123,-21562.293286394794,-1241285.0,0,100,0,0,20.10078225660519,100.0,7.142857142857143,-92.85714285714286,32.24600028991699,-32.24600028991699,-0.040650394444969984,-0.041499718336679155,0.7312233741650358,0.3487216094703196,-0.11278192394560682,-0.18620687761924448,-0.280487771578501,64377.15,0.26917935944663596,-20277.47807385535,0.0,0.0,-0.6937180698366099,-0.2795452628988606,26.67999839782715,44.15999984741211,0.016949189468174405,0.6271186750378237
26.44999885559082,26.564998626708984,25.299999237060547,25.529998779296875,27927,2022-12-20 00:00:00+11:00,28.059999084472658,29.416999053955077,32.596749019622806,38.478999061584474,44.77524892807007,55.4598989200592,29.97399475312579,33.52737417267966,37.618899479993914,54.986382219692565,26.684204227870843,32.12883830966439,7.075264470477137,10.141528102730897,-98.1220696758777,-181.183399213797,-3.553379419553707,-3.2145859201717526,-0.33879349938195435,40.74650145123426,32.596749019622806,24.446996588011352,0.5000346768756241,0.06644387055763487,2.344415273465195,9.182982317125528,1.8400001525878906,-1174675.0120774198,-24067.124520750716,-1269212.0,0,0,0,0,21.440290693027745,100.0,0.0,-100.0,31.912040176391603,-31.912040176391603,-0.059322057721402865,-0.06115444847878624,0.577793986017481,0.19910040716204913,-0.17777779688880413,-0.16541352586477753,-0.39010992816413004,63528.35,0.4395990136687007,-26862.547382092547,0.0,0.0,-0.6729661712072856,-0.31141945141704125,25.299999237060547,44.15999984741211,0.00900899150934713,0.7297298064590164
28.059999465942383,29.094999313354492,26.794998168945312,27.714998245239258,40068,2022-12-21 00:00:00+11:00,27.576998901367187,29.15249900817871,31.969998931884767,38.27429901123047,44.53489891052246,55.255773906707766,29.626456828835554,33.09682780768407,37.230511196278044,54.715025165220396,34.781086496704944,36.73151894392249,21.241929409473084,12.7462557191023,-71.62162767919779,-85.39055529902717,-3.4703709788483827,-3.2657429319070785,-0.2046280469413042,39.5791414602876,31.969998931884767,24.360856403481932,0.47601769049882436,0.22040209059281235,2.431599934936082,8.773588630314165,3.565000534057617,-1182688.625368482,-25453.693843711633,-1229144.0,0,0,0,0,21.344648465771577,92.85714285714286,0.0,-92.85714285714286,31.38307690124512,-31.38307690124512,0.0855855687589877,0.0821195361183558,0.6924270561075783,0.9137457880222115,-0.0801527043741842,-0.08712123092093715,-0.31142861502511165,63026.4,0.635733597349682,-21506.111802865824,0.1570247446771064,0.09313723577204044,-0.6218646630308686,-0.3380420181988811,25.299999237060547,40.36499786376953,0.08713689919116438,0.4564315504044178
27.48499870300293,27.94499969482422,26.219999313354492,26.564998626708984,38623,2022-12-22 00:00:00+11:00,27.04799880981445,28.830498886108398,31.354748916625976,38.04659896850586,44.28764892578125,55.04359889984131,29.15546325927762,32.61298860909332,36.812255801392986,54.43492539866804,32.73216176306229,35.404669155517674,29.686363404407434,19.334519094785964,-84.28572037839905,-102.875385157191,-3.4575253498155867,-3.30409941548878,-0.1534259343268065,38.614619807505214,31.354748916625976,24.094878025746738,0.46307951055093055,0.17012152406632483,2.3811285382599143,8.963405463405067,1.7250003814697266,-1205862.4595331242,-31080.44726969907,-1267767.0,0,0,0,0,21.438447076629537,85.71428571428572,0.0,-85.71428571428572,30.896430688110353,-30.896430688110353,-0.041493764796749155,-0.04237921134988553,0.6951996131776793,0.9284635604548037,-0.09055119961197433,-0.10810814964576532,-0.3165680638874956,64538.45,0.5984494514510342,-22821.342401034475,0.07438014942975557,0.04411764227634345,-0.5901315846837569,-0.3663875130130175,25.299999237060547,39.55999755859375,0.04761902710495839,0.48917747425815156
28.979999542236328,30.244998931884766,28.174999237060547,30.244998931884766,32315,2022-12-23 00:00:00+11:00,27.438998794555665,28.64649887084961,30.894748878479003,37.86949897766113,44.07949893951416,54.82567388534546,29.323084131986413,32.437581966337135,36.554716316314234,54.19422961292891,44.083730685400646,42.39621701127052,61.94443022170022,37.62424101186033,-32.8125097181478,10.931805859015313,-3.114497834350626,-3.2661790992611492,0.15168126491052325,37.14096394736304,30.894748878479003,24.648533809594966,0.40435448065642593,0.4479885066853515,2.473905093039619,8.1795509353832,3.6800003051757812,-1173547.4595331242,-20274.76028308482,-1235452.0,0,0,0,0,20.46422956043111,78.57142857142857,0.0,-78.57142857142857,30.44871617202637,-30.44871617202637,0.13852815717731048,0.12973633803604206,0.885256322850739,1.4207930943607987,0.06910569078284023,-0.05734767664301876,-0.2332361727498412,65667.15,0.4921029769070228,-18488.90283014159,0.401960813008606,0.200980406504303,-0.47824435413331945,-0.38216446509023505,25.299999237060547,39.55999755859375,0.16349809454319802,0.3079847563455842
28.51999855041504,28.51999855041504,25.874998092651367,25.989999771118164,32824,2022-12-28 00:00:00+11:00,27.20899887084961,28.1864990234375,30.33124895095825,37.63719898223877,43.84489892959595,54.57612387657166,28.810301922622067,31.959983285209802,36.1404137066987,53.913590510025315,36.42896998437513,37.47217216553451,49.09560553777758,46.90879972129516,-90.6249935212348,-92.23205620325619,-3.1496813625876534,-3.24287955192645,0.09319818933879676,36.20092583135478,30.33124895095825,24.461572070561726,0.3870382581269267,0.1301969198390683,2.6093405034820316,10.039786558142668,4.370000839233398,-1203517.1574985713,-23546.904933649814,-1268276.0,0,0,0,0,20.319601151987364,71.42857142857143,21.42857142857143,-50.0,30.244998931884766,-30.244998931884766,-0.14068438786687842,-0.1516190063965809,0.9869410600084166,1.8010295202515656,-0.04237286825322839,-0.15037589859414247,-0.30246911052333325,65683.55,0.499729384297895,-21306.65606135261,0.04210535688284915,0.01960788617957566,-0.44780825994964896,-0.41076398164856703,25.299999237060547,37.95000076293945,0.026548693348754555,0.4601770333646577
26.219999313354492,26.219999313354492,25.41499900817871,25.759998321533203,9766,2022-12-29 00:00:00+11:00,27.254998779296876,27.657498931884767,29.79649896621704,37.30139896392822,43.58269891738892,54.326573877334596,28.341024445531474,31.500725139752277,35.733338593554954,53.63345526436868,36.06442754218591,37.226774349449016,40.36544769086413,50.46849448344739,-93.7500129575304,-110.34840863515106,-3.159700694220735,-3.2262437803853072,0.06654308616457216,35.27267303537763,29.79649896621704,24.32032489705645,0.36757164493515954,0.13144883693383314,2.480459060745871,9.629111888071883,0.8050003051757812,-1204912.3201894246,-23188.79724382097,-1278042.0,0,0,0,0,20.326593621538063,64.28571428571429,14.285714285714286,-50.0,30.244998931884766,-30.244998931884766,-0.008849613374777854,-0.008889003768585984,0.9870233498737968,1.7369379327757084,0.009008991509347197,-0.17037040404217862,-0.2933754019140353,63591.5,0.1535739839443951,-20278.11486327759,0.02247186404695562,0.009803902438707114,-0.41642106565317794,-0.42667898858151637,25.299999237060547,37.95000076293945,0.0178571084800163,0.47321441132301734
26.90999984741211,27.2549991607666,25.989999771118164,27.139999389648438,8874,2022-12-30 00:00:00+11:00,27.139999008178712,27.358498954772948,29.36524896621704,36.9701989364624,43.35039892196655,54.065523881912235,28.156251360011005,31.177708417522364,35.39634489928411,53.3698387880033,39.9474188498325,39.71400689940224,18.936879082979868,36.132644103873936,-75.0,-63.43748030995297,-3.0214570575112987,-3.1852864358105055,0.16382937829920685,34.21616380003013,29.36524896621704,24.514334132403953,0.3303847237524719,0.2706360910464146,2.4100691877806946,8.880137221741897,1.4950008392333984,-1197651.7723021347,-18624.051838951185,-1269168.0,0,0,0,0,19.85567880290596,57.142857142857146,7.142857142857143,-50.0,29.849398956298828,-29.849398956298828,0.05357147352613256,0.05218579583944089,1.0166789014822588,1.6583328118782126,-0.020746847988330264,-0.0992366363890097,-0.24115756038559744,44683.8,0.19859546412793896,-12477.284684179018,0.205882439025818,0.06862747967527266,-0.3601315792341885,-0.4349181188283422,25.299999237060547,37.54750061035156,0.06779661731642085,0.3834746298731564
27.024999618530273,27.94499969482422,27.024999618530273,27.829999923706055,8022,2023-01-03 00:00:00+11:00,27.392999267578126,27.22049903869629,29.089249038696288,36.70339897155762,43.0996989440918,53.80792388916016,28.106058831348705,30.929730010573007,35.09962548847713,53.115711038109794,41.8490884964876,40.942509940124054,30.952385653526164,30.084904142456793,-64.51612471757602,-25.383014060900905,-2.823671179224249,-3.1129633844932543,0.28929220526900545,33.61941714609589,29.089249038696288,24.55908093129668,0.31146683101879324,0.3610151891567373,2.303635679817355,8.277526719844078,0.9200000762939453,-1191635.2681443223,-13149.218137750402,-1261146.0,0,0,0,0,19.107076601937703,50.0,0.0,-50.0,29.485446978759764,-29.485446978759764,0.025423749063192336,0.02510594087865213,1.0025018186572279,1.6199043070552437,0.04761909890427063,-0.047244067237926624,-0.1655172054864843,37915.7,0.2115746247596642,-2591.4537200587833,0.2941178048806663,0.09803926829355544,-0.3191466109196951,-0.4461392468364294,25.299999237060547,33.80999755859375,0.09090911583116504,0.21487594866264567
27.024999618530273,27.829999923706055,26.67999839782715,27.2549991607666,17761,2023-01-04 00:00:00+11:00,26.79499931335449,27.116999053955077,28.83049898147583,36.45729900360107,42.86624895095825,53.56584889411926,27.975126574336073,30.65752772540216,34.791993083468874,52.85839052191732,40.692648690135655,40.22526576247093,48.32452894371707,32.737931226741104,-72.58065033890878,-33.82423249343879,-2.682401151066042,-3.026850937807812,0.34444978674176996,33.15431528549405,28.83049898147583,24.50668267745761,0.299947379113789,0.3178114297726892,2.221233240250323,8.149819514387563,1.1500015258789062,-1191635.2681443223,-9714.129974736366,-1278907.0,0,0,0,0,18.542820634965775,42.85714285714286,14.285714285714286,-28.571428571428573,29.15061115942383,-29.15061115942383,-0.020661184495715967,-0.020877613072033514,1.0009265285080635,1.1812938079256834,-0.09885931151302041,-0.036585361742603406,-0.15957450187206002,34591.3,0.5134528046069387,-634.3111923466372,0.22058829268387867,0.07352943089462621,-0.29260147639683387,-0.4613750241612757,25.299999237060547,33.349998474121094,0.07172995721534509,0.2236286736756978
28.404998779296875,29.78499984741211,28.404998779296875,29.55499839782715,11933,2023-01-05 00:00:00+11:00,27.50799903869629,27.358498954772948,28.640748977661133,36.22039901733398,42.56379894256592,53.345623893737795,28.218183777950085,30.575858886322532,34.58662074285547,52.62651597341891,47.00142561359602,44.3218855448632,67.99870086651732,49.09187182125359,-40.322601355635136,81.74392754202952,-2.3576751083724083,-2.893015771920731,0.5353406635483227,32.457969422324716,28.640748977661133,24.82352853299755,0.2665587026122042,0.6197532908328784,2.243288057849979,7.590215460863985,2.530000686645508,-1183679.956801688,-4894.528483143775,-1266974.0,0,0,0,0,17.29022011421431,35.714285714285715,7.142857142857143,-28.571428571428573,25.299999237060547,25.299999237060547,0.08438816025983886,0.08101592034211873,1.0457583589128485,0.6900600266633137,0.13716808996168783,0.08898301630396599,-0.11379311094238242,26615.85,0.44834187147883686,-4490.9003871615105,0.6140350009369432,0.17156861788602024,-0.21089096642974728,-0.46551116320551644,25.299999237060547,32.65999984741211,0.1439688510042154,0.10505842050098833
29.899999618530273,30.81999969482422,29.55499839782715,30.014999389648438,11061,2023-01-06 00:00:00+11:00,28.358999252319336,27.806999015808106,28.611999034881592,36.0340990447998,42.291248931884766,53.15069889068604,28.4946169489806,30.534313738420746,34.40734147410225,52.401525758655026,48.18850169260842,45.111848963395275,79.10980320215725,65.14434433746395,-14.583337652510133,141.00604325177719,-2.039696789440111,-2.722351975424607,0.6826551859844963,32.37838509898296,28.611999034881592,24.845612970780223,0.26327318545688994,0.6862528602868532,2.1734104320747716,7.2410810470458875,1.2650012969970703,-1186696.5840684527,-3437.752141176956,-1255913.0,100,0,0,0,16.543769127908682,28.571428571428573,0.0,-28.571428571428573,25.38969924926758,25.38969924926758,0.015564236736859582,0.01544435630246504,1.0049501234915155,0.6297920800637669,0.16517862365535985,0.1756757079827438,-0.018796956148250388,24531.35,0.45089242948309005,46.85619715771156,0.6842105875739225,0.1911765040655959,-0.1604811976726792,-0.4724967590185484,25.299999237060547,32.65999984741211,0.15708813088345416,0.08812262240711152
30.934999465942383,31.739999771118164,30.704999923706055,31.279998779296875,10520,2023-01-09 00:00:00+11:00,29.186999130249024,28.163499069213866,28.65799903869629,35.82249900817871,42.01984893798828,52.94369888305664,28.92313723056772,30.589549667374534,34.284700584109885,52.19136131109922,51.411527919652855,47.27200233581951,89.65973682388245,78.92274696418575,-7.142871951463312,173.5115584930116,-1.6664124368067839,-2.5111640677010425,0.8447516308942586,32.52965810707289,28.65799903869629,24.78633997031969,0.2701974456171054,0.8386144924299853,2.14138114274584,6.845847910208821,1.7250003814697266,-1185527.7167204232,-2157.3629231653176,-1245393.0,0,0,0,0,16.205959114466136,21.42857142857143,100.0,78.57142857142857,25.606911267089846,25.606911267089846,0.04214557439187261,0.04128164028315208,1.014815274727288,0.6096464493989918,0.15254235382287762,0.12863073280800208,0.03030303411056945,22468.2,0.4682173026766719,879.5727518501512,0.877192941617385,0.24509804878064645,-0.09476692084979273,-0.46941536325223465,25.299999237060547,32.65999984741211,0.19117646341451516,0.044117682927424164
32.54499816894531,32.54499816894531,31.279998779296875,31.739999771118164,10333,2023-01-10 00:00:00+11:00,29.968999099731445,28.680999183654784,28.755749034881593,35.629299049377444,41.766848964691164,52.75509888648987,29.35650069834471,30.674768193577766,34.18490839536511,51.98786517637304,52.567031066082926,48.05260054115968,86.8389790375698,85.20283968786991,-11.111090635008974,153.14441546346958,-1.3182674952330302,-2.27258475320744,0.9543172579744099,32.829720467413594,28.755749034881593,24.681777602349595,0.2833500478523546,0.866258181440148,2.0787824460960254,6.549409140158895,1.2649993896484375,-1188345.7878004806,-2334.102411891101,-1235060.0,0,0,0,0,16.19403896308635,14.285714285714286,100.0,85.71428571428572,25.974896577331545,25.974896577331545,0.014705914634681738,0.014598831235041427,1.0120022660868102,0.6187005654840879,0.1404958626708981,0.19480524795533505,0.06563706341183395,21854.25,0.47281421233856114,1459.7857094721414,0.9473685282543644,0.2647059349602221,-0.03294358934674979,-0.46536206331287405,25.299999237060547,32.65999984741211,0.20289856901378117,0.028985509859111594
33.00499725341797,34.5,32.65999984741211,34.27000045776367,33720,2023-01-11 00:00:00+11:00,31.37199935913086,29.083499336242674,28.864999103546143,35.413099098205564,41.543748989105225,52.57569888114929,30.11242373825532,30.941081694628572,34.18824533898859,51.811568014993846,58.42345895080814,52.14401693597301,91.13667790718915,89.21179792288054,-2.4999948169878405,171.47289077974293,-0.828657956373231,-1.9837993938405982,1.1551414374673672,33.38319713987487,28.864999103546143,24.346801067217413,0.3130572095374607,1.0981368358312789,2.1274408591521548,6.207881035117393,2.760000228881836,-1163055.7703233636,5852.609941066708,-1201340.0,0,0,0,0,16.850718953689086,7.142857142857143,100.0,92.85714285714286,26.500504704660646,26.500504704660646,0.07971016713578183,0.07669264135696492,1.0143912774007362,0.5337501822818306,0.25738402175756137,0.1330799030591363,0.06810040316779786,21276.85,1.5848210613883165,652.0152313191559,1.0,0.37254910569248467,0.09839853702631136,-0.44541584404147433,25.299999237060547,34.5,0.26174499856684486,0.006711395948762616
34.5,34.61499786376953,33.23500061035156,34.27000045776367,17353,2023-01-12 00:00:00+11:00,32.31499977111817,29.911499404907225,29.048999214172362,35.17389911651611,41.32064901351929,52.4135488986969,30.752050925871988,31.187668269675616,34.191451422077805,51.63702505422538,58.42345895080814,52.14401693597301,91.89427622443425,89.95664438973114,-3.7499722708791987,146.16977766562252,-0.4356173438036066,-1.6741629838332,1.2385456400295933,34.1013623100606,29.048999214172362,23.996636118284123,0.3478510952228126,1.0166890368430086,2.0740520301711416,6.052092216127406,1.3799972534179688,-1154379.222354832,11430.383898985106,-1201340.0,0,0,0,0,17.49782013187512,0.0,100.0,100.0,27.300454234194582,27.300454234194582,0.0,0.0,0.9961330999131146,0.49948049354724444,0.15953315227664389,0.318584100021686,0.12030083110897638,20523.0,0.8455391511962189,2163.091391511478,1.0,0.37254910569248467,0.2028496706396108,-0.4216151194669764,25.299999237060547,34.61499786376953,0.26174499856684486,0.010067038266633644
34.959999084472656,36.34000015258789,34.84499740600586,35.41999816894531,33964,2023-01-13 00:00:00+11:00,33.39599952697754,30.877499389648438,29.2674991607666,34.91169910430908,41.16194902420044,52.26289891242981,31.470196655575577,31.501174188140038,34.23962972587653,51.47566160263056,60.964204803425815,53.96116022864517,91.0272423120744,91.35273214789935,-8.421069906371452,149.17219775820786,-0.030977532564442356,-1.3455258935794485,1.3145483610150062,34.98173832832608,29.2674991607666,23.55325999320712,0.39048359657729004,1.0383480484250023,2.0737625776463613,5.854778895682001,2.0699996948242188,-1162217.0818415456,10179.21032699896,-1167376.0,0,0,0,0,18.63660229436788,28.571428571428573,100.0,71.42857142857143,28.178199469743575,28.178199469743575,0.03355697974381311,0.03300623141510396,1.000136239216823,0.4817739837985283,0.1800765913445579,0.3750000185107605,0.14074070979907916,21488.85,1.5805406059421514,3082.564524897353,1.0,0.42156861788602024,0.32545867862557964,-0.3883272473723374,25.299999237060547,36.34000015258789,0.28571427032871877,0.02597408332022996
38.40999984741211,38.63999938964844,36.05249786376953,37.48999786376953,30421,2023-01-16 00:00:00+11:00,34.63799934387207,31.912499237060548,29.63549909591675,34.68169910430908,41.03084901809692,52.13409890174866,32.396319918374644,31.944790756705185,34.36709514304881,51.33650076940806,65.09861463504623,57.04392329449587,87.07676137977988,89.99942663876293,-8.695663460926902,154.1972854585807,0.4515291616694803,-0.9861148825296627,1.4376440441991432,36.37967800733101,29.63549909591675,22.89132018450249,0.45514191541612936,1.0823169040310712,2.1556367664361304,5.749898344271035,3.220001220703125,-1158836.990663332,9817.467392708873,-1136955.0,0,0,0,0,20.29953872620407,21.42857142857143,100.0,78.57142857142857,29.32085156534178,29.32085156534178,0.058441552846806744,0.05679759310729413,1.0044614198946267,0.512022338441236,0.19852939024354543,0.38135588455719427,0.24427477291757316,21987.9,1.3835336707916626,5466.044698784586,1.0,0.5199999601944633,0.4565413668639671,-0.34778319570626065,25.299999237060547,38.63999938964844,0.32515335612994106,0.030674889074620938
37.2599983215332,38.40999984741211,37.029998779296875,37.95000076293945,17175,2023-01-17 00:00:00+11:00,35.87999954223633,32.924499320983884,30.072499179840086,34.48849910736084,40.945749034881594,52.03404891014099,33.250732356,32.38962112753735,34.507601245789616,51.203301764368575,65.96138911953742,57.70474906219528,85.50332531848285,87.86910967011245,-5.21738076980156,130.22205426495927,0.8611112284626614,-0.6166696603311979,1.4777808887938593,37.72168543969846,30.072499179840086,22.42331291998171,0.5087163666787105,1.0149241576479286,2.1002342165560663,5.534213898111634,1.3800010681152344,-1153111.9590124262,10598.585590995615,-1119780.0,0,0,0,0,21.843693984337673,14.285714285714286,92.85714285714286,78.57142857142857,30.811915217230844,30.811915217230844,0.012270016681288576,0.01219535017896705,0.9913200448829246,0.5190330767421649,0.19565220657222837,0.36363639478895626,0.299212665265463,22091.55,0.7774465802535359,6137.912057362941,1.0,0.5400000862453295,0.568601540873821,-0.30843192761113225,25.299999237060547,38.63999938964844,0.3333333668396767,0.018181781629443634
36.68499755859375,36.68499755859375,35.189998626708984,35.30500030517578,59910,2023-01-18 00:00:00+11:00,36.08699951171875,33.729499435424806,30.42324924468994,34.260799140930175,40.797399044036865,51.92882391929626,33.56677357895012,32.605575140695755,34.53887179713809,51.04510971004825,57.20476516008208,52.80068227473378,70.3781388168097,80.98607517169089,-25.217383654260658,77.56077463891754,0.9611984382543781,-0.3010960406140826,1.2622944788684607,38.35157190708017,30.42324924468994,22.494926582299712,0.5212015717732079,0.8078678346205256,2.1473604965328095,6.082312641186983,2.7600021362304688,-1203804.8948259524,-6174.944322281051,-1179690.0,0,0,0,0,22.20629719906509,7.142857142857143,85.71428571428572,78.57142857142857,32.06440868481766,32.06440868481766,-0.06969698035807892,-0.07224491833315308,1.0238436230016703,0.7658800106406451,0.030201337425942,0.2953587008726497,0.2479675342147949,23494.95,2.5499096614378836,2965.263716507973,0.7870370341931349,0.42500006634256116,0.6152068173974972,-0.27662952500946697,25.299999237060547,38.63999938964844,0.2833876499541761,0.09446251396813439
35.07500076293945,36.224998474121094,35.07500076293945,35.76499938964844,7756,2023-01-19 00:00:00+11:00,36.385999298095705,34.35049953460693,30.85449924468994,34.00549915313721,40.6283490562439,51.8258989238739,33.9049621652114,32.839606566544106,34.5869552321385,50.893068811337805,58.242991829274175,53.521977367090656,50.333966575844926,68.73847690371257,-22.72727341262979,66.16520968551116,1.0653555986673027,-0.02780571275780558,1.0931613114251082,38.95791253719071,30.85449924468994,22.751085952189175,0.5252662328587533,0.8029896148517364,2.0761202975791546,5.804893982970546,1.1499977111816406,-1202253.6948259524,-11981.920712050749,-1171934.0,0,0,0,0,22.47897285665761,0.0,78.57142857142857,78.57142857142857,33.11650319759058,33.11650319759058,0.013029289916341336,0.012945138882444335,1.003986215801101,0.7640530426538025,0.043624129323467375,0.2101167764664078,0.31779661731642084,23016.3,0.3369785760526236,3770.749574436001,0.8240739916009102,0.526627213127818,0.6396767465691813,-0.23814525160039593,25.299999237060547,38.63999938964844,0.2926045108675943,0.08038585346186583
34.5,35.41999816894531,34.03999710083008,35.30500030517578,9325,2023-01-20 00:00:00+11:00,36.362999725341794,34.87949962615967,31.343249320983887,33.81229915618896,40.49149908065796,51.719523935317994,34.12035264828285,33.02222832496127,34.61511386245369,50.73796365207251,56.76004965443284,52.676727057006886,30.013465053676327,50.241856815443725,-27.88460541728431,42.77930074292637,1.098124323321585,0.19738029445807254,0.9007440288635125,39.2805745214183,31.343249320983887,23.405924120549475,0.5064774949877632,0.74956461302449,2.0510404398105266,5.809489936500128,1.7250022888183594,-1194482.8314196516,-10795.688995674253,-1181259.0,0,0,0,0,22.155447488136083,0.0,71.42857142857143,71.42857142857143,34.00026258831984,34.00026258831984,-0.012861710955482275,-0.012945138882444437,0.9708712817010695,0.7428245221578864,-0.0032466931031734925,0.1762452448142231,0.3828829609582973,22086.2,0.42220934339089566,5307.501225761746,0.7830188738289915,0.5120482686090383,0.6191842731676599,-0.20824800754652464,25.41499900817871,38.63999938964844,0.28013032747509076,0.09446251396813439
34.959999084472656,35.64999771118164,33.69499969482422,33.69499969482422,9330,2023-01-23 00:00:00+11:00,35.604000091552734,35.1209997177124,31.642249393463135,33.593799171447756,40.336249103546145,51.60049893379212,34.05491373236613,33.07206324124741,34.5790309539192,50.56838192115462,51.78979657743247,49.78718429031539,17.24750660577266,32.53164607843138,-41.3461478657552,22.25989251366778,0.9828504911187252,0.3544743337902031,0.6283761573285221,39.45997489097989,31.642249393463135,23.824523895946378,0.49413209537067837,0.6312882053746403,2.0441802667067335,6.066716976467975,1.9549980163574219,-1203812.8314196516,-12297.622475731885,-1190589.0,0,0,0,0,21.665624150191217,7.142857142857143,64.28571428571429,57.142857142857146,38.63999938964844,-38.63999938964844,-0.0456026227569678,-0.04667515627111675,0.9616198806758228,0.5782162324462963,-0.10122695079192878,0.07720591463468174,0.2157677008192549,20549.3,0.4540300642844282,1452.7861864041179,0.6509433785130256,0.45512829100060964,0.5954925321994864,-0.18205617009376981,25.41499900817871,38.63999938964844,0.24573381099977787,0.1467576714530674
34.154998779296875,35.189998626708984,34.03999710083008,34.959999084472656,8834,2023-01-24 00:00:00+11:00,35.00599975585938,35.44299964904785,32.06199941635132,33.42359920501709,40.19364912033081,51.49929892539978,34.194157632690214,33.21191034074558,34.59397088060757,50.41307462924733,55.11548266874918,51.96116834397224,23.26925269939851,23.510074786282573,-35.95505701732808,23.42766297794934,0.9822472919446383,0.48002892542109016,0.5022183665235482,39.642096326048645,32.06199941635132,24.481902506654,0.47283993810015135,0.6911584840303218,2.0049530285051644,5.734991650487933,1.4949989318847656,-1198512.4196982635,-10107.589490247192,-1181755.0,0,0,0,80,21.210788193528124,0.0,57.142857142857146,57.142857142857146,38.54109939575196,-38.54109939575196,0.03754264434205501,0.03685507525830595,0.9445435016176787,0.6863720340695014,-0.07878792143231572,0.10144925446044062,0.3160173495858256,19059.85,0.4634873831640858,3387.0515842666746,0.7547168925651283,0.5655172855550963,0.5627218389869626,-0.1546549741417564,25.41499900817871,38.63999938964844,0.27302632512176805,0.10526316938063762
34.27000045776367,34.84499740600586,33.46500015258789,33.92499923706055,7393,2023-01-25 00:00:00+11:00,34.72999954223633,35.408499526977536,32.24599943161011,33.280999183654785,40.04529912948608,51.36532393455505,34.152748648747185,33.26473174047262,34.56773669850769,50.24901417758378,51.9573941085127,50.09779590807738,19.65811525090953,20.05829151869364,-51.8987301909217,-12.553748606264168,0.8880169082745724,0.5616265219917866,0.3263903862827857,39.81939369390918,32.24599943161011,24.672605169311037,0.46972613011181924,0.6108485671879403,1.9685277358894218,5.802587413882536,1.4949989318847656,-1200976.7530315968,-9076.901194041595,-1189148.0,0,0,0,0,20.445462834863587,0.0,50.0,50.0,38.4441774017334,-38.4441774017334,-0.029605259568550757,-0.030052341367552488,0.8365198656595095,0.5276627588650907,-0.039087977798797024,-0.010067149579654155,0.12167301818933995,17813.75,0.4150164900708722,-1308.3574989084093,0.6698112617100855,0.5034483263486814,0.5606466408062697,-0.13478606380906843,25.41499900817871,38.63999938964844,0.25084747001512947,0.1389830584708489
34.5,34.72999954223633,33.119998931884766,33.349998474121094,9362,2023-01-27 00:00:00+11:00,34.24699935913086,35.31649932861328,32.613999366760254,33.10389919281006,39.86129911422729,51.21467392921448,34.029248621881635,33.27104779481695,34.519982258335666,50.08086476759908,50.235240086939505,49.07128024102184,22.68841371216344,21.871927220823903,-66.66668269144097,-45.05984117043851,0.7582008270646838,0.6009413830063661,0.1572594440583177,39.6304700800106,32.613999366760254,25.597528653509908,0.4302735542701604,0.5524479569173524,1.9429186554938604,5.825843311511767,1.6100006103515625,-1207663.9022264828,-9957.812435417436,-1198510.0,0,0,0,0,19.52798035411623,0.0,42.85714285714286,42.85714285714286,38.24501031176758,-38.24501031176758,-0.016949175412546702,-0.017094456623787547,0.6383957681524896,0.4961649380748807,-0.06752414250638361,-0.026845695108071,0.28318579329815363,16640.65,0.562598215814887,3150.788668221746,0.6226413972491626,0.4788731670533534,0.47763911369151585,-0.11276902151851984,25.41499900817871,38.63999938964844,0.23793102935521204,0.15862072436471847
34.27000045776367,34.72999954223633,32.54499816894531,33.23500061035156,10987,2023-01-30 00:00:00+11:00,33.83299942016602,35.097999572753906,32.98774948120117,32.954399223327634,39.6301491355896,51.02779892921448,33.90705662010778,33.2683776330047,34.46959082115982,49.913244228721,49.879158283866595,48.86103784302566,15.99328104714448,19.446603336739226,-73.4374773243218,-72.91665242937783,0.6386789871030842,0.6084889038257097,0.03019008327737449,39.26100757576695,32.98774948120117,26.714491386635384,0.38033865257408633,0.5197067556780882,1.9602102781936572,5.898029914833577,2.1850013732910156,-1211711.7241404643,-10700.87287630001,-1209497.0,0,0,0,0,18.33077841559456,0.0,35.714285714285715,35.714285714285715,37.93750962897461,-37.93750962897461,-0.003448211964950043,-0.0034541707498733864,0.6361936027571442,0.5013952541954149,-0.05863191267330914,-0.061688245949980236,0.2901786791876413,16701.7,0.6578372261506313,3199.3284875809204,0.5638298285292033,0.4718310451381654,0.3782894908933704,-0.09383336418673943,25.989999771118164,38.63999938964844,0.2179931008328861,0.16262971806937182
31.739999771118164,31.739999771118164,30.1299991607666,30.81999969482422,10043,2023-01-31 00:00:00+11:00,33.257999420166016,34.430999755859375,33.17174949645996,32.76579921722412,39.38404912948609,50.82194893836975,33.43212478544877,33.08701630425059,34.32646960051921,49.723261696045405,42.98788344149764,44.64342026581232,14.983191713501776,17.88829549093664,-91.89188583431707,-205.73320785540983,0.3451084811981815,0.5558128193002041,-0.2107043381020226,38.94400509537372,33.17174949645996,27.3994938975462,0.34802237967760885,0.29628849057911605,2.041981076150179,6.625506477513368,3.105001449584961,-1213146.4350268007,-10488.544440831756,-1219540.0,0,0,0,0,18.06337822857903,100.0,28.571428571428573,-71.42857142857143,37.506108712172264,-37.506108712172264,-0.07266438607421455,-0.07543973586817292,0.6867332387469163,0.6357719068567492,-0.08532423285469326,-0.17791407172608087,0.13559323463284167,16760.15,0.5992189807370458,1994.1668021666835,0.3333333333333333,0.3239436817127218,0.25498874061985977,-0.08098870331213513,26.67999839782715,38.63999938964844,0.13432840162202614,0.2537313358941232
31.739999771118164,33.00499725341797,31.509998321533203,32.314998626708984,10453,2023-02-01 00:00:00+11:00,32.728999328613284,33.86749954223633,33.39599943161011,32.597899208068846,39.18509912490845,50.6040239238739,33.26025922256573,33.02982980961788,34.247588385859984,49.55004514809181,47.79617755668899,47.5843097348869,27.400049697099707,19.458840819248728,-74.32433129053535,-115.5691195223301,0.23042941294784924,0.49073613802973315,-0.2603067250818839,38.645545057327816,33.39599943161011,28.146453805892396,0.31438170529784415,0.3970386313431338,2.0521965391818626,6.350600731530534,2.18499755859375,-1212342.3457934407,-9192.332193813752,-1209087.0,0,0,0,0,17.103206541812263,92.85714285714286,21.42857142857143,-71.42857142857143,36.768497757031696,-36.768497757031696,0.04850742851031975,0.047367656227748675,0.6995969767138698,0.6968886507989568,-0.07565790981208687,-0.14848490179039475,0.16115697863091016,16881.7,0.6191911951995356,2297.2656374001267,0.4731181587587951,0.41549290181395493,0.15840602817391894,-0.06259422723557204,26.67999839782715,38.63999938964844,0.17437723869263597,0.1957295692939227
31.049999237060547,32.20000076293945,30.589998245239258,31.279998779296875,16356,2023-02-02 00:00:00+11:00,32.199999237060545,33.46499938964844,33.59724941253662,32.439199180603026,38.97349912643433,50.37057391166687,32.955603769755136,32.900212696260766,34.13121232285751,49.36825364193465,44.968582919761026,45.81499223496926,28.32594486621468,23.569728758938794,-86.48649133254634,-132.68263265940112,0.05539107349436989,0.4036671251226605,-0.3482760516282906,38.152338648108106,33.59724941253662,29.042160176965133,0.27115846179192166,0.24564157655310787,2.028825385059567,6.486014911235786,1.7250003814697266,-1214678.9282944328,-8569.855052729836,-1225443.0,0,0,0,0,16.64610995968516,85.71428571428572,14.285714285714286,-71.42857142857143,36.10464789740519,-36.10464789740519,-0.032028466390113364,-0.03255259956576998,0.7069883558795292,0.7003287747081411,-0.07796611694169786,-0.11400655689241934,0.14767931544552138,16811.45,0.9729083452052024,2140.371338951844,0.20547943960545273,0.35211263657455644,0.031214285255374327,-0.0494900242506671,28.404998779296875,38.63999938964844,0.09191176829274242,0.23529414634193932
31.279998779296875,32.54499816894531,31.16499900817871,32.54499816894531,10182,2023-02-03 00:00:00+11:00,32.03899917602539,33.142999267578126,33.74674940109253,32.335699195861814,38.7676491355896,50.11699889183044,32.892433677322856,32.87390050905221,34.0690078462335,49.20085806508899,48.94419350177946,48.282827150532654,41.28047768449007,32.335490749268224,-71.62163403964999,-86.27784579027553,0.01853316827064333,0.3266403337522571,-0.30810716548161377,37.9435249300492,33.74674940109253,29.549973872135862,0.24872176452175873,0.35682445679362107,1.9824806547529268,6.091506425846491,1.3799991607666016,-1204496.9282944328,-4296.400308402022,-1215261.0,0,0,0,0,16.023117710711468,78.57142857142857,7.142857142857143,-71.42857142857143,35.50718302374133,-35.50718302374133,0.040441158536287825,0.0396448141100327,0.6595022286802633,0.802903886820669,-0.024137941289575915,-0.09003219000851148,0.10116731291509673,16723.9,0.6088292802516159,1545.1392987876693,0.3188403706913999,0.4295773792448722,-0.04764289138908755,-0.03630851837194809,29.55499839782715,38.63999938964844,0.09187278965562348,0.18727919998837247
31.39499855041504,31.509998321533203,30.81999969482422,31.509998321533203,13969,2023-02-06 00:00:00+11:00,31.693998718261717,32.763499069213864,33.82149934768677,32.12869915008545,38.51694913864136,49.87204888343811,32.67975131489368,32.77287071738414,33.968654531539364,49.02482960992923,46.015132149883094,46.46480023849378,41.83332212420629,37.14658155830376,-83.33334485113812,-103.80623411929739,-0.09311940249045847,0.242688386503714,-0.33580778899417246,37.79717464519102,33.82149934768677,29.845824050182514,0.23509751928110015,0.20929454077844095,1.9640890704220817,6.233224928735933,1.7249984741210938,-1190527.9282944328,2287.0948423142545,-1229230.0,100,100,0,-100,15.617782736402436,71.42857142857143,0.0,-71.42857142857143,34.969464637443856,-34.969464637443856,-0.03180211724208093,-0.03231878826067435,0.671385919256404,0.8269093677642039,-0.051903182101374234,-0.10749191193424867,0.04980839454557384,16869.3,0.828072297012917,928.7395004866371,0.0967739864436487,0.40624993521234803,-0.13851884684168353,-0.014926524168016932,30.1299991607666,38.63999938964844,0.04379559613697415,0.2262774182137216
29.899999618530273,29.899999618530273,28.749998092651367,28.979999542236328,37465,2023-02-07 00:00:00+11:00,31.32599868774414,32.29199905395508,33.70649938583374,31.903299140930176,38.22944913864136,49.61214888572693,32.110558734484854,32.49191729700282,33.77302100254709,48.82537856447955,39.752505678615194,42.36997691558718,35.30180575933013,39.47186852267557,-97.1014308120354,-156.64946581072635,-0.38135856251796696,0.1178789966993778,-0.49923755921734475,38.082487634411635,33.70649938583374,29.330511137255836,0.2596524900724073,-0.04004942142308277,2.0209398674549215,6.973567630701797,2.760000228881836,-1213006.85372881,-2379.960219905246,-1266695.0,0,0,0,0,16.172423261141777,100.0,0.0,-100.0,34.48551808977613,-34.48551808977613,-0.08029193633970877,-0.08369898140474366,0.7165414272700087,0.864527567981581,-0.05970149807940761,-0.13993174641019945,-0.07352939024354554,18216.55,2.0566462914218118,-2522.769337083052,0.0,0.24793392281345075,-0.24781208611968775,-0.0024463290870549805,28.749998092651367,38.63999938964844,0.007936558082057588,0.3333333333333333
28.979999542236328,30.244998931884766,28.749998092651367,29.669998168945312,25544,2023-02-08 00:00:00+11:00,30.796998596191408,31.762998962402342,33.6029993057251,31.719299125671387,37.96954912185669,49.354548864364624,31.735087878248002,32.28288625048004,33.61211814632741,48.63477776452399,42.068221666827924,43.78855439831423,25.882622986163682,34.3392502899001,-87.69230729974818,-120.20998655918937,-0.5477983722320374,-0.015256477086905265,-0.5325418951451322,38.249682892242916,33.6029993057251,28.95631571920728,0.276563621255448,0.07679481897678134,1.983372794010527,6.684775586155793,1.4950008392333984,-1207112.0995393435,-2197.246392354835,-1241151.0,0,0,0,80,16.463315842524377,100.0,0.0,-100.0,33.797255690121155,-33.797255690121155,0.023809476798070994,0.023530451492029848,0.7202168018099003,0.769973660169731,-0.08185055145190467,-0.15131581962417373,-0.06521744225267612,18977.1,1.3460433891374342,-2066.5362776732927,0.07692291335662695,0.2975205977190223,-0.33652638313465655,0.009360150707011274,28.749998092651367,38.63999938964844,0.031007756423014596,0.30232564119575017
28.864999771118164,29.842498779296875,28.174999237060547,29.55499839782715,19124,2023-02-09 00:00:00+11:00,30.45199851989746,31.325998878479005,33.367249202728274,31.521499099731447,37.706199111938474,49.107873859405515,31.399689496644793,32.08082048361686,33.45301541109211,48.44492921361158,41.77998579725974,43.600736859122705,20.40893406243487,27.19778760264296,-81.5384689970942,-117.9569095251031,-0.6811309869720681,-0.14843137906393783,-0.5326996079081303,38.32281577696229,33.367249202728274,28.411682628494262,0.2970317717307557,0.11535671574643412,1.9608104188837987,6.634446033426126,1.6674995422363281,-1194582.5928581883,2063.9110622245353,-1260275.0,0,0,0,0,16.982117840110917,100.0,0.0,-100.0,33.19158477842478,-33.19158477842478,-0.0038759615171979345,-0.0038834925222617283,0.6517102844034675,0.7588526355546881,-0.055147073170969674,-0.12881358695682732,-0.13758395088869535,18247.3,1.048045464260466,-4828.4870015467495,0.06410242779718912,0.32407399160091027,-0.38382337039574743,0.0231877614326982,28.174999237060547,38.63999938964844,0.046692581139441296,0.307393046331182
28.059999465942383,29.094999313354492,27.714998245239258,28.864999771118164,16283,2023-02-10 00:00:00+11:00,29.71599884033203,30.87749900817871,33.096999168395996,31.353599128723143,37.486549129486086,48.8554488658905,31.00973723117916,31.84261154195029,33.27309322913235,48.25010404502956,40.00871716285656,42.45356045216612,28.708143849797825,24.999900299465526,-85.50722617166139,-121.38608715071346,-0.8328743107711318,-0.28531996540537663,-0.5475543453657552,38.40327448830104,33.096999168395996,27.79072384849096,0.3206499352347297,0.10122693017806228,1.9521811141483767,6.763142662837283,1.8400001525878906,-1183727.2445213122,7073.458031538175,-1276558.0,0,0,0,0,17.66133722031378,100.0,7.142857142857143,-92.85714285714286,32.48926280263379,-32.48926280263379,-0.023346258301936262,-0.02362309948294941,0.6538581476324625,0.6105377686713841,-0.11307416207934007,-0.13448272588327692,-0.1577181387349832,18193.8,0.8949752113357298,-5208.634125477178,0.0,0.26851855548924713,-0.4338872522339801,0.030990642259101024,27.714998245239258,38.63999938964844,0.03984069062871009,0.33864540779629504
27.369998931884766,27.829999923706055,26.90999984741211,26.90999984741211,15240,2023-02-13 00:00:00+11:00,28.795999145507814,30.244998931884766,32.671499252319336,31.16269916534424,37.2151491355896,48.57829888343811,30.379008402907306,31.477232897910426,33.023560155339396,48.037764699779636,35.426014855111504,39.371730321656365,20.627335261317878,23.248137724516926,-100.0,-145.83331327948676,-1.0982244950031195,-0.4479008713249252,-0.6503236236781943,38.50321292023623,32.671499252319336,26.839785584402442,0.35699088204548207,0.006020036905785545,1.952382457688211,7.255230281526622,1.9549999237060547,-1198967.2445213122,3630.685607026564,-1291798.0,0,0,0,0,18.627779187987763,100.0,0.0,-100.0,31.725380473450663,-31.725380473450663,-0.06772908155925905,-0.07013182151499708,0.6677334664310067,0.6907941612190515,-0.1459853608109386,-0.19031143814600782,-0.2402597052925427,17257.6,0.8830891896903394,-7380.554588459154,0.0,0.11111117936476393,-0.4855940252318423,0.03302833630400408,26.90999984741211,38.63999938964844,0.0,0.4358974213581938
27.599998474121094,28.059999465942383,27.139999389648438,27.369998931884766,10092,2023-02-14 00:00:00+11:00,28.4739990234375,29.89999885559082,32.1654993057251,30.994799156188964,36.975949153900146,48.30574889183045,29.91608386890384,31.17299334487149,32.80185187206666,47.83211528915382,37.247366825601,40.43992240331092,14.698716561368906,21.344731890828275,-94.20290830493744,-113.72102182120217,-1.2569094759676496,-0.60970259225347,-0.6472068837141796,37.99322063370214,32.1654993057251,26.33777797774806,0.3623585179005612,0.08856128287923959,1.8950693977483581,6.923892845098694,1.1499996185302734,-1204013.2549827038,286.66759500838816,-1281706.0,0,0,0,0,19.344379668817115,92.85714285714286,0.0,-92.85714285714286,30.858611960763724,-30.858611960763724,0.01709398316911903,0.016949524959041,0.6239224439785127,0.5844622659249508,-0.055555577494233566,-0.11194032437056878,-0.2699386371975435,16241.15,0.6213845694424348,-8985.892589469113,0.04166658028313068,0.14814813677253935,-0.4852481870722965,0.03537527507951425,26.90999984741211,38.40999984741211,0.01680668989492648,0.40336139372903884
27.48499870300293,28.002498626708984,27.369998931884766,27.48499870300293,7034,2023-02-15 00:00:00+11:00,28.036999130249022,29.416998863220215,31.642249202728273,30.8774991607666,36.751699142456054,48.02342390060425,29.542070766457545,30.89980855658493,32.59334782622103,47.629656417649834,37.7203083384806,40.7141144162282,11.133630345571541,15.486560722752849,-92.64707317096966,-94.79319836673301,-1.3577377901273842,-0.7593096318282528,-0.5984281582991313,37.17004251942592,31.642249202728273,26.114455886030626,0.3493931977642744,0.12396834852999515,1.804885847539491,6.566803466293396,0.6324996948242188,-1208489.4406575286,-2531.6413605350535,-1274672.0,100,0,0,0,20.0097944010158,85.71428571428572,0.0,-85.71428571428572,30.147861780360433,-30.147861780360433,0.00420167247373171,0.004192870095802244,0.6199136278891533,0.5248275812271743,-0.07364339739762293,-0.14946619616174028,-0.27575762449407515,15734.1,0.4470544867517049,-9167.075561790014,0.06493493905315374,0.1574073761244832,-0.4607782478619346,0.03288475613634105,26.90999984741211,36.68499755859375,0.020920461441680825,0.3347280076307828
27.48499870300293,28.059999465942383,26.67999839782715,26.67999839782715,11975,2023-02-16 00:00:00+11:00,27.461999130249023,28.956998825073242,31.21099910736084,30.76249912261963,36.48719915390015,47.73477391242981,29.101751940514408,30.587230026306575,32.36145177020558,47.42120210899488,35.69245891813171,39.38157224033294,11.133630345571541,12.32199241750407,-100.0,-99.81028467008326,-1.4854780857921668,-0.9045433226210357,-0.5809347631711311,36.87264461512287,31.21099910736084,25.54935359959881,0.3627980948823123,0.09985125319823022,1.7745369347234727,6.651188310670937,1.3800010681152344,-1220464.4406575286,-7264.6639913907275,-1286647.0,0,0,-80,0,20.948248638150705,100.0,7.142857142857143,-92.85714285714286,29.565046632429734,-29.565046632429734,-0.02928871541434086,-0.029726193127388147,0.5886600012366449,0.5227182736742363,-0.09727626986477411,-0.14705884146371206,-0.24429972618026552,13337.35,0.8978545213254507,-5342.261835624239,0.0,0.09259254709015738,-0.47383463293090006,0.026810327371915504,26.67999839782715,36.224998474121094,0.0,0.35775864503317595
25.989999771118164,26.564998626708984,25.529998779296875,26.564998626708984,18376,2023-02-17 00:00:00+11:00,27.001998901367188,28.35899887084961,30.75099906921387,30.626799125671386,36.258349132537845,47.45359892845154,28.71148219992896,30.289286959669717,32.13413988222533,47.21367769623582,35.399676243890504,39.18917787278562,20.172295009737805,14.146518566960372,-86.15384536872693,-122.84733987016513,-1.5778047597407578,-1.0391956100449802,-0.5386091496957777,36.352526547876224,30.75099906921387,25.149471590551514,0.3643151538624501,0.1263518782644175,1.7299271264239586,6.512054266340729,1.1499996185302734,-1202088.4406575286,-2693.567432068754,-1305023.0,0,0,0,0,22.304148563302995,100.0,0.0,-100.0,28.98803698550922,-28.98803698550922,-0.004310336507648782,-0.00431965278856198,0.5815708457257881,0.5320006339205209,-0.07968131517917154,-0.1837455793112469,-0.2572347524099843,13868.35,1.3250314565178987,-5522.523751879937,0.0,0.08333330773821353,-0.4683008007537163,0.02327058872254937,25.529998779296875,35.64999771118164,0.038961035231204554,0.3419913252070872
26.44999885559082,29.669998168945312,26.392499923706055,29.669998168945312,25744,2023-02-20 00:00:00+11:00,27.55399856567383,28.17499885559082,30.469248962402343,30.608399124145507,36.058249111175535,47.199448919296266,28.858946195162243,30.243413715912354,32.0375068738614,47.03911372083989,47.84055631441754,46.58694393771476,46.969691258389815,26.09187220456646,-44.615381474907714,-23.30153915141748,-1.3844675207501105,-1.1082499921860063,-0.2762175285641042,35.67938377268357,30.469248962402343,25.259114152121114,0.34199299212857504,0.42329845363311347,1.8404679206250516,6.203127853750303,3.277498245239258,-1176344.4406575286,7612.569108750904,-1279279.0,0,0,0,0,21.286269391363714,92.85714285714286,7.142857142857143,-85.71428571428572,25.529998779296875,25.529998779296875,0.11688310569361371,0.11054186438131518,0.7447328515963284,0.893092512824917,0.10256404077232384,-0.05839416853699031,-0.15960917964938715,14689.3,1.7525681958976944,-2393.549624243673,0.36986293900256234,0.3333332309528541,-0.41183838808446926,0.020929167748642577,25.529998779296875,35.64999771118164,0.13953487176084997,0.20155038460687916
29.209999084472656,29.209999084472656,28.174999237060547,28.174999237060547,12427,2023-02-21 00:00:00+11:00,27.714998626708983,28.09449882507324,30.19324893951416,30.56469913482666,35.8017991065979,46.949323930740356,28.753723586223522,30.090197828589996,31.88603598614372,46.8514110891605,43.49705199293428,43.88776413166747,68.26599438005348,45.13599354939377,-62.295072161136304,-16.72422657788128,-1.3364742423664744,-1.1538948422220998,-0.18257940014437457,35.27384176847315,30.19324893951416,25.11265611055517,0.33653833273371075,0.3013765548235095,1.8157915642864597,6.44469073098686,1.4949989318847656,-1188771.4406575286,7182.618683745153,-1291706.0,0,0,0,0,20.34109587456295,85.71428571428572,0.0,-85.71428571428572,25.529998779296875,25.529998779296875,-0.05038756400900413,-0.05170133974147498,0.7481551447016963,1.0293787316725216,0.029411777003688355,-0.027777788747116783,-0.16382254066651858,14844.15,0.8371648090325146,-2594.2434118610577,0.19178088416453137,0.21296296580686516,-0.3936804778593834,0.014595193393519579,25.529998779296875,35.189998626708984,0.09387756980963882,0.24897957691587505
26.334999084472656,27.94499969482422,25.989999771118164,27.94499969482422,11247,2023-02-22 00:00:00+11:00,27.806998825073244,27.921998977661133,29.842498970031738,30.5278991317749,35.538449115753174,46.727948923110965,28.629304526008244,29.931294263125864,31.731485543346878,46.66328759269944,42.852451722040286,43.4808145060282,74.07409113749245,63.103258925311984,-65.57375444549577,-70.33922861943019,-1.3019897371176192,-1.1835138212012037,-0.11847591591641549,34.510139152571405,29.842498970031738,25.17485878749207,0.31281831908426827,0.2967389086346532,1.8421635572618826,6.592104410017494,2.184999465942383,-1177524.4406575286,9932.35544772027,-1302953.0,0,0,0,0,20.493047371398955,78.57142857142857,7.142857142857143,-71.42857142857143,25.612798767089842,25.612798767089842,-0.008163249280013996,-0.008196751046168078,0.728703231314191,1.035538416461576,0.01673643854933249,-0.058139487043399884,-0.20065788253307248,14964.8,0.7515636694108843,-3017.7071966310887,0.187500129575304,0.19444448710297746,-0.3505338482390676,0.006521727068512866,25.529998779296875,34.84499740600586,0.08641978679193307,0.2469135010389573
24.954999923706055,26.277498245239258,24.839998245239258,25.64499855041504,52534,2023-02-23 00:00:00+11:00,27.59999885559082,27.530998992919923,29.428498935699462,30.39909912109375,35.327999114990234,46.52382390975952,28.170180529763137,29.613790876999136,31.49279977891818,46.4541503882986,36.95470446493597,39.623051893215965,46.29631555358247,62.87880035704287,-87.93103004545895,-144.31377213659556,-1.4436103472359996,-1.2355331264081628,-0.20807722082783675,34.042794226253484,29.428498935699462,24.81420364514544,0.31359365631499875,0.09002402890971552,1.932366263856388,7.535060920582952,3.105001449584961,-1171220.338351992,12160.157089497196,-1355487.0,0,0,0,0,21.086083486320973,100.0,0.0,-100.0,29.669998168945312,-29.669998168945312,-0.08230456859998359,-0.08588971748489715,0.7701957061841357,1.2011204191941791,-0.03879310005867176,-0.13229572185324723,-0.24406782233911506,17221.85,3.0504272189108605,-7122.623719472331,0.0,0.009259239351943852,-0.34603760941584366,-0.001154144763374082,24.839998245239258,34.72999954223633,0.03139014820348871,0.35426014838570763
25.529998779296875,25.989999771118164,25.06999969482422,25.759998321533203,15498,2023-02-24 00:00:00+11:00,27.438998794555665,27.220498847961426,29.04899892807007,30.30249912261963,35.217599105834964,46.3237239074707,27.799383266958532,29.328324761779438,31.267984035491317,46.24823842743526,37.418482504124164,39.9029815925968,31.349219407944513,50.57320869967321,-82.97872415507642,-132.0266223430931,-1.5289414948209057,-1.2942148000907114,-0.23472669473019425,33.55805510764081,29.04899892807007,24.53994274849933,0.3104448584087788,0.13528946241140205,1.8600543933162135,7.22070851907379,0.9200000762939453,-1163471.3865477855,14431.637236153707,-1339989.0,0,0,0,0,21.63675987874856,92.85714285714286,0.0,-92.85714285714286,29.57339817047119,-29.57339817047119,0.00448429626120217,0.004474271762100002,0.7724123963141157,1.2033620480117218,-0.03030304335745071,-0.10756977218796915,-0.22758622188476485,17528.65,0.8841525160237668,-6894.447915803958,0.015151480883672623,0.018518478703887703,-0.33652634728223824,-0.01160216799732573,24.839998245239258,34.72999954223633,0.03571429100307442,0.348214355790736
25.299999237060547,25.41499900817871,23.344999313354492,23.689998626708984,36174,2023-02-27 00:00:00+11:00,26.2429988861084,26.898498725891113,28.57174882888794,30.1552991104126,35.042799110412595,46.07417390823364,27.16717024538168,28.910670973996442,30.970808137107696,46.023778329915594,32.74857864702536,36.68809547701837,13.865545213190424,30.503693391572536,-95.00000967495735,-182.3161345031168,-1.7435007286147624,-1.3840719857955217,-0.35942874281924064,33.2257548270612,28.57174882888794,23.91774283071468,0.3257767682367242,-0.024467545174532115,1.8996932943778204,8.018967515836136,2.414999008178711,-1187587.408768861,6375.632295247866,-1376163.0,0,0,0,0,22.780388939160414,100.0,7.142857142857143,-92.85714285714286,29.47873017196655,-29.47873017196655,-0.08035713624615703,-0.08376987587681402,0.8088836248959105,0.6380851732916072,-0.20155038460687913,-0.11965816569905285,-0.28719728624496066,18788.0,1.925377900787737,-9763.401457513535,0.0,0.0,-0.3469887310400943,-0.02533038016842491,23.344999313354492,33.00499725341797,0.014563078655712844,0.39320384831964106
23.919998168945312,24.149999618530273,22.76999855041504,24.149999618530273,49533,2023-02-28 00:00:00+11:00,25.437998962402343,26.576498794555665,28.238248825073242,30.03569911956787,34.808199100494384,45.81887391090393,26.702990148943,28.55802865136932,30.70332545010466,45.806128790498825,34.698940379523165,37.85634291782975,17.19888126691866,20.804548629351267,-80.48779040713566,-161.2493668337208,-1.8550385024263178,-1.478265289121681,-0.37677321330463687,33.148883167546565,28.238248825073242,23.32761448259992,0.3478002033973922,0.08373512244816683,1.86257242107335,7.712515322957603,1.3800010681152344,-1138054.408768861,18260.8909744001,-1326630.0,0,0,0,100,24.032596978872444,100.0,0.0,-100.0,29.23338093762207,-29.23338093762207,0.01941751872043862,0.019231404101269358,0.7884399566205783,0.7686367687894354,-0.1428571331862153,-0.11764703832718615,-0.21641791506617303,20762.5,2.3856953642384107,-8071.825073390713,0.05194816664045992,0.03225812923635978,-0.37465787901914266,-0.03952245568026991,22.76999855041504,33.00499725341797,0.05714290227385183,0.3666665745242192
23.459999084472656,23.689998626708984,22.53999900817871,23.57499885559082,18161,2023-03-01 00:00:00+11:00,24.563998794555665,26.185498809814455,27.801248836517335,29.922999114990233,34.597749099731445,45.55839891433716,26.221760719196514,28.188915333163504,30.423783230711962,45.58492351751467,33.39519720359851,36.961195783850336,20.080444045074994,17.048290175061428,-85.48387139921024,-144.017090712384,-1.96715461396699,-1.5760431540907427,-0.3911114598762473,32.73841968144814,27.801248836517335,22.864077991586527,0.35517619182961047,0.07199678584489584,1.8445315774503652,7.824100390201859,1.6100006103515625,-1123525.6027446229,26085.763171365485,-1344791.0,100,0,0,0,25.272403197614413,100.0,0.0,-100.0,28.845577994389647,-28.845577994389647,-0.023809555777311697,-0.02409758432655107,0.7572783571746807,0.749202369270999,-0.1563786325624037,-0.14225941538738052,-0.2704626378629762,21147.9,0.8587613900198128,-9011.278566080842,0.0,0.0,-0.3769060020159956,-0.05674622589514304,22.53999900817871,32.54499816894531,0.04390243468311596,0.3804877942221937
23.80499839782715,24.552499771118164,23.80499839782715,24.149999618530273,20525,2023-03-02 00:00:00+11:00,24.264999008178712,25.932498931884766,27.444748878479004,29.840199127197266,34.41834909439087,45.30424893379212,25.903028242170937,27.88973639133882,30.177752500822482,45.37164069264915,35.98543317325904,38.4884170778552,33.675221570020476,23.651515627338114,-77.41934362053334,-88.43115825964918,-1.9867081491678817,-1.6581761531061705,-0.32853199606171124,32.3552754295937,27.444748878479004,22.534222327364304,0.35784816781219114,0.16452179561061372,1.7826008158844353,7.381369954625786,0.9775009155273438,-1125104.4166693906,26413.064351210138,-1324266.0,0,0,0,0,25.736774694726986,92.85714285714286,42.85714285714286,-50.0,28.341131675492772,-28.341131675492772,0.024390277448649522,0.024097584326551166,0.766450599149028,0.6824102108458123,-0.05829592577070242,-0.09482754614793831,-0.22794115853628794,21356.35,0.9610724679076715,-7986.810525170618,0.06410265406413072,0.04000004776663768,-0.37413907445463124,-0.07432893805715639,22.53999900817871,32.54499816894531,0.06666669299308023,0.3476189930857624
24.264999389648438,24.60999870300293,22.999998092651367,24.3799991607666,27990,2023-03-03 00:00:00+11:00,23.98899917602539,25.713998985290527,27.036498928070067,29.784999122619627,34.2607991027832,45.063898944854735,25.66871607580104,27.629755855740875,29.95038962474186,45.162768637605545,37.040161530186055,39.10800374855856,46.11966286933718,33.29177616147762,-74.19354320947693,-81.48149324211259,-1.961039779939835,-1.7187488784729035,-0.24229090146693144,31.522324216980714,27.036498928070067,22.55067363915942,0.33183477645127596,0.20390066529445924,1.7702722297749445,7.2611660816779136,1.6100006103515625,-1105111.540578293,30507.14228547667,-1296276.0,100,0,0,0,26.47980549890279,85.71428571428572,35.714285714285715,-50.0,27.877041062107647,-27.877041062107647,0.009523790719228487,0.00947872532736427,0.7461164090700817,0.6905844704781439,-0.053571399483090754,-0.08225106639928603,-0.2508833758660284,22246.75,1.258161304460202,-8132.011499155895,0.10144932064972448,0.05600001379925089,-0.3373909613243624,-0.09378920144107457,22.53999900817871,31.509998321533203,0.07547170696990434,0.29245280583276306
26.44999885559082,27.48499870300293,25.529998779296875,27.139999389648438,23312,2023-03-06 00:00:00+11:00,24.67899932861328,25.46099910736084,26.81799898147583,29.81719913482666,34.14809909820556,44.82124895095825,25.895067354854486,27.593477598993285,29.84017824297349,44.98343760031244,48.09259604060343,45.96581060037024,67.89664953816973,49.23051132584252,-35.48385802369232,35.46099257410318,-1.698410244138799,-1.7146811516060825,0.016270907467283546,30.809410100419758,26.81799898147583,22.826587862531905,0.2976665874065354,0.5403366627211534,1.8656098949507576,6.874023348955292,3.104999542236328,-1090027.2892297339,34208.1502980839,-1272964.0,0,0,0,0,25.249241222798105,78.57142857142857,28.571428571428573,-50.0,22.53999900817871,22.53999900817871,0.11320756045485658,0.10724554228762126,0.8662816237975784,0.8083198897702571,0.14563110860841477,-0.08527128194921652,-0.13868610487669908,22713.9,1.026331893686245,-5048.673074077649,0.5849058138934482,0.24800000424592336,-0.26527818235239603,-0.11043313922859203,22.53999900817871,30.244998931884766,0.16949154329105212,0.1144067653671583
27.139999389648438,28.864999771118164,27.139999389648438,28.864999771118164,24738,2023-03-07 00:00:00+11:00,25.62199935913086,25.5299991607666,26.812248992919923,29.840199165344238,34.05724908828736,44.58262396812439,26.351980034279666,27.68766442655809,29.801935949959557,44.82305513435031,53.57771012630217,49.68455023697333,85.67442485881615,66.56357908877442,-11.290301438697458,98.19434629254106,-1.3356843922784236,-1.6388817997405507,0.3031974074621271,30.791498122161485,26.812248992919923,22.83299986367836,0.2968232266000758,0.7579319252863029,1.8555663582735409,6.4284301853007095,1.7250003814697266,-1065289.2892297339,40483.54900341551,-1248226.0,0,0,0,0,23.507765747863942,71.42857142857143,21.42857142857143,-50.0,22.638899002075195,22.638899002075195,0.06355933751891185,0.06162114866578804,0.8531437481326415,0.83714663491723,0.1952381046403857,0.02448981553653473,-0.003968246133011832,22077.55,1.1205047661538532,-468.2047875676187,0.8679247762894163,0.36800001486073175,-0.20189846296955846,-0.11782185539621116,22.53999900817871,30.244998931884766,0.2191235341449108,0.04780873624490396
26.219999313354492,26.44999885559082,25.299999237060547,25.529998779296875,34726,2023-03-08 00:00:00+11:00,26.01299934387207,25.288499069213866,26.6052490234375,29.819499168395996,33.93304906845093,44.321573972702026,26.22552137966693,27.52783734157578,29.634409002090432,44.63108442434978,43.91569758332985,43.59408129566318,78.72017451111351,77.43041630269987,-58.064514403158974,-3.818185012859168,-1.3023159619088496,-1.5715686321742104,0.2692526702653608,30.394512109389552,26.6052490234375,22.81598593748545,0.2848507888510238,0.3581188189166773,1.977668799400975,7.746450818496443,3.565000534057617,-1086124.9122678593,32740.918506791815,-1282952.0,0,0,0,0,22.612438342506533,64.28571428571429,14.285714285714286,-50.0,22.887943032836915,22.887943032836915,-0.1155378838824116,-0.1227755971445742,0.9427401510303288,1.3535261788957833,0.08292683005761536,-0.08641978679193307,-0.13953487176085,22536.65,1.5408678752165916,-5088.562618598169,0.320754740598992,0.13599997664742158,-0.17509396775324598,-0.13598440264167203,22.53999900817871,29.842498779296875,0.11711711375179752,0.16891892699568595
25.759998321533203,26.392499923706055,25.529998779296875,26.219999313354492,17439,2023-03-09 00:00:00+11:00,26.426999282836913,25.34599914550781,26.43849906921387,29.73899917602539,33.80424907684326,44.047873973846436,26.224671831003477,27.430960450596423,29.500510582924317,44.44788954762346,46.082173993087956,45.057211007975724,66.01307338330697,76.80255758441228,-48.38708641895386,9.543796487622826,-1.2062886195929465,-1.4985126296579576,0.2922240100650111,29.979229465488896,26.43849906921387,22.89776867293884,0.2678465511227153,0.4691448188078305,1.898013966901561,7.238802504219959,0.8625011444091797,-1075661.527693811,29926.290349298157,-1265513.0,0,0,0,0,21.781062894674655,57.142857142857146,7.142857142857143,-50.0,23.127025302368164,23.127025302368164,0.02702704923813637,0.026668268708767557,0.949938658570773,1.354313423211188,0.08571427443153712,0.02242155568108406,-0.11284044206606492,22452.4,0.7767098394826388,-4543.114018879415,0.43396238814470817,0.18400000743036588,-0.1340225449182043,-0.14341177382818368,22.53999900817871,29.669998168945312,0.1403508925075168,0.13157890716776835
25.41499900817871,25.41499900817871,23.459999084472656,23.80499839782715,19249,2023-03-10 00:00:00+11:00,26.311999130249024,25.150499153137208,26.185499000549317,29.69529914855957,33.66624906539917,43.76439896583557,25.85241437974558,27.16237066890981,29.2771571639009,44.242487645635435,40.22531636955398,41.135858456862266,34.8073951195151,59.84688100464526,-81.03449212625333,-62.77462908739052,-1.30995628916423,-1.4608013615592121,0.15084507239498213,29.71964948207944,26.185499000549317,22.651348519019194,0.269931879583886,0.16321459496943624,1.9595844141858663,8.231819139146557,2.760000228881836,-1088116.7762442748,22091.246077966876,-1284762.0,0,0,0,0,21.853729002940177,50.0,0.0,-50.0,23.356544281118165,23.356544281118165,-0.09210530048707222,-0.09662687680526803,0.9983703134767704,1.5758123542018745,-0.023584937765903202,-0.07589285912615296,-0.1752988537472281,22600.7,0.8516992836505064,-5935.9018240246405,0.03773577820302391,0.0159999660326132,-0.1333308141034357,-0.16655535163284046,22.53999900817871,29.669998168945312,0.053140074555262436,0.24637681856149607
23.459999084472656,24.494998931884766,22.999998092651367,24.03499984741211,23886,2023-03-13 00:00:00+11:00,25.690999221801757,25.18499927520752,26.041749000549316,29.66079917907715,33.48109907150268,43.48207396507263,25.57281214400197,26.93071357102109,29.07158236717585,44.04141811530486,40.99448623364606,41.643739044993225,26.31067159555536,42.37704669945921,-76.36362594621066,-69.93952360357075,-1.3579014270191223,-1.4402213746511943,0.08231994763207195,29.678713724355088,26.041749000549316,22.404784276743545,0.2793180076905783,0.22411759454222638,1.9263998731178327,8.014977679832402,1.4950008392333984,-1078929.8156606648,19800.82941830135,-1260876.0,0,0,0,0,22.091095126709654,42.85714285714286,0.0,-42.85714285714286,28.864999771118164,-28.864999771118164,0.009661897293215205,0.00961551965492116,0.9741646328251805,1.23956578020827,-0.11440676536715833,0.014563159168534456,-0.10683760744340864,23033.0,1.0370338210393784,-4672.926542315794,0.07547186934269222,0.032000064750331084,-0.15261274352109633,-0.18951117434278372,22.53999900817871,29.669998168945312,0.06220099224982387,0.23444969241969574
24.149999618530273,24.264999389648438,23.114999771118164,23.689998626708984,12938,2023-03-14 00:00:00+11:00,24.655998992919923,25.13899917602539,25.857748985290527,29.591799163818358,33.28099905014038,43.2083739566803,25.283148525956893,26.69066061218316,28.860539867549697,43.838916428851164,40.15970960827847,41.085425777044854,14.676686652710998,25.26491778926055,-81.81819004246526,-68.82383362724494,-1.4075120862262658,-1.4336795169662087,0.026167430739942876,29.578687679746505,25.857748985290527,22.13681029083455,0.28780066637453056,0.20870920800020323,1.8709427120758642,7.89760582749251,1.1499996185302734,-1078929.8371191733,17063.758555430686,-1273814.0,0,0,0,0,22.311506527352737,35.714285714285715,64.28571428571429,28.571428571428573,28.747699737548828,-28.747699737548828,-0.014354117865337579,-0.014458134795889286,0.9715936217639575,1.0038165061609003,-0.17928290959444937,-0.019047660417697565,-0.1344537979096796,23175.3,0.5582667754031232,-5031.152597400282,0.018867889101511954,0.0079999830163066,-0.16523681009622493,-0.20973350405836136,22.53999900817871,29.669998168945312,0.0485436760318644,0.25242717977595214
24.60999870300293,24.724998474121094,23.344999313354492,24.149999618530273,23974,2023-03-15 00:00:00+11:00,24.3799991607666,25.196499252319335,25.690999031066895,29.518199157714843,33.11079906463623,42.93697395324707,25.108817924814335,26.502463501542206,28.6758127989607,43.64300680884797,41.859694117375206,42.17085727957159,23.848475505369617,21.611944584545387,-74.54544796602778,-42.15847324073457,-1.3936455767278702,-1.425672728918541,0.03202715219067076,29.40419924518684,25.690999031066895,21.977798816946947,0.28906623752776234,0.29249712866589284,1.8358753155537741,7.601968300426426,1.3799991607666016,-1074934.1428397023,15664.15424086689,-1249840.0,0,0,0,0,22.207722341358654,28.571428571428573,57.142857142857146,28.571428571428573,28.63274570465088,-28.63274570465088,0.01941751872043862,0.019231404101269358,0.9750856674943238,0.768857202186558,-0.05405402376617774,0.024390277448649522,-0.12133888454971198,24022.3,0.9979893682120363,-4595.191567776715,0.09433975844420418,0.04000004776663768,-0.16393981302591265,-0.22685234866651754,22.53999900817871,29.669998168945312,0.06666669299308023,0.22857137215768522
23.689998626708984,23.919998168945312,20.69999885559082,21.849998474121094,68851,2023-03-16 00:00:00+11:00,23.50599899291992,24.96649913787842,25.44949903488159,29.410099143981935,32.9336990737915,42.65522396087646,24.607461086246143,26.157836462473973,28.408133805829735,43.426160954771085,36.30598130049208,38.45162767500023,26.0961926154172,21.540451591166,-85.91549920902857,-132.77547151809324,-1.55037537622783,-1.4506132583803988,-0.09976211784743128,29.48801360631895,25.44949903488159,21.41098446344423,0.31737477943295406,0.054353401840099486,1.951169990367037,8.92984039645578,3.450000762939453,-1094605.8629516317,7408.391145579983,-1318691.0,0,0,0,0,23.106384965884267,100.0,50.0,-50.0,28.52009075241089,-28.52009075241089,-0.0952381441300062,-0.1000835125954119,1.0240568370376362,0.8792356168104689,-0.1666667030386858,-0.0952381441300062,-0.18103449077041234,26866.1,2.56274636065525,-10801.700662185038,0.0,0.0,-0.20319547007854824,-0.25043770440915647,20.69999885559082,29.669998168945312,0.05263156516428689,0.3578947478685705
22.079999923706055,23.459999084472656,21.964998245239258,22.079999923706055,34003,2023-03-17 00:00:00+11:00,23.160999298095703,24.736499214172362,25.225249099731446,29.26059917449951,32.740499095916746,42.363123960494995,24.218620907393824,25.855774496639313,28.159971692805275,43.21376134252168,37.20322804670925,39.01636396352139,30.858103620444552,26.934257247077184,-83.09858036279098,-101.75865638337486,-1.6371535892454894,-1.4879213245534169,-0.1492322646920725,29.483216313581394,25.225249099731446,20.967281885881498,0.337595652436612,0.13066305844314674,1.9268007489373602,8.726452697441644,1.6100006103515625,-1123377.5587673322,-5797.087075267686,-1284688.0,100,0,0,100,23.94085740294376,92.85714285714286,42.85714285714286,-50.0,28.207287076538087,-28.207287076538087,0.01052638286713714,0.010471366246230997,1.0261083624971619,0.747869648926519,-0.07246370889395004,-0.09433959459530294,-0.16883112873544892,27647.45,1.229878343210676,-10364.56532188922,0.029411951222605644,0.014285802291140024,-0.2337180202168633,-0.267330141376619,20.69999885559082,29.669998168945312,0.06250004859074319,0.34374992171491375
21.389999389648438,21.389999389648438,19.549999237060547,19.549999237060547,29564,2023-03-20 00:00:00+11:00,22.26399917602539,23.977499198913574,24.719249153137206,29.051299171447752,32.54269910812378,42.03192395210266,23.500371419650243,25.38868003296681,27.82232571414862,42.978301023064354,31.88282235239077,35.2777597882152,19.55865969824447,25.504318644702135,-100.0,-188.63344094042367,-1.8883086133165676,-1.567998782306047,-0.3203098310105206,29.14606226795263,24.719249153137206,20.29243603832178,0.35816727987092617,-0.08385680420712663,1.9698864587736564,10.076145962396673,2.530000686645508,-1152941.5587673322,-20079.047522408422,-1314252.0,0,0,0,0,25.447516673987852,100.0,35.714285714285715,-64.28571428571429,27.906995547700195,-27.906995547700195,-0.11458336482733356,-0.12169697054721479,0.9828794361227821,0.9833339717413557,-0.1866028973923406,-0.27966102886070143,-0.34108525636772913,27838.45,1.0619844136437193,-16761.146592620902,0.0,0.0,-0.2446127697937481,-0.2883311010866751,19.549999237060547,29.209999084472656,0.0,0.49411765853677575
20.124998092651367,20.92999839782715,20.0674991607666,20.469999313354492,27837,2023-03-21 00:00:00+11:00,21.61999931335449,23.13799915313721,24.333999156951904,28.835099182128907,32.32879909515381,41.70302394866943,23.034160326373975,25.024333312995527,27.53399918862728,42.75433782197271,35.49531751938219,37.562134094831805,17.354508648390365,22.590423989026522,-90.12345653733212,-146.3706183413356,-1.9901729866215518,-1.652433623169148,-0.33773936345240374,28.83130804415653,24.333999156951904,19.83669026974728,0.3696317122555503,0.07040977832421648,1.9277516517731523,9.417448541463799,1.3799991607666016,-1154797.3259356965,-24686.771120499354,-1286415.0,0,0,0,100,26.84655742567165,92.85714285714286,28.571428571428573,-64.28571428571429,27.405575769061816,-27.405575769061816,0.04705882926838778,0.045985118722867875,1.0019980680472689,1.160410895021008,-0.1359223089917846,-0.29083667155139103,-0.27346939245240975,28608.95,0.9730171851815603,-14825.003704336897,0.09876543462667876,0.05,-0.25075186392418425,-0.3030643550144664,19.549999237060547,28.864999771118164,0.04494382545942458,0.4101123956700296
21.15999984741211,22.654998779296875,20.469999313354492,20.92999839782715,48476,2023-03-22 00:00:00+11:00,20.975999069213866,22.677999114990236,23.98324909210205,28.618899154663087,32.12409910202027,41.39022395133972,22.71044310659754,24.721049245205275,27.275018765458647,42.537180215762305,37.28620178628639,38.6980506106625,16.452239251838577,17.7884691994912,-85.18519504404716,-91.7378973195523,-2.0106061386077343,-1.7240681262568653,-0.28653801235086895,28.39270076455328,23.98324909210205,19.57379741965082,0.3677109515493721,0.15378340425516127,1.9461264956423832,9.298263949434514,2.184999465942383,-1182862.4142018768,-33257.297848002985,-1237939.0,0,0,0,0,26.95265887925053,85.71428571428572,21.42857142857143,-64.28571428571429,26.93424117714174,-26.93424117714174,0.02247186614083363,0.02222309377959052,1.0101952880821294,1.1682120611974716,-0.1333333859861605,-0.18018020373741728,-0.25102885573823575,30470.4,1.590921024994749,-13643.845456641528,0.14814804955952843,0.0749999481698784,-0.24236464823099088,-0.31455054989525105,19.549999237060547,28.864999771118164,0.06593403088410492,0.37912097375577386
19.089998245239258,19.434999465942383,18.28499984741211,18.399999618530273,40694,2023-03-23 00:00:00+11:00,20.285999298095703,21.895999145507812,23.620999145507813,28.30149913787842,31.857299118041993,41.09927396774292,22.047297954587194,24.252823346933052,26.926978798912437,42.29700926454606,32.02054002287157,35.018854460753005,17.19297862750584,16.99990884257832,-98.91304563376707,-144.9144719600395,-2.2055253923458586,-1.820359579474664,-0.38516581287119456,28.580900015569604,23.620999145507813,18.661098275446022,0.4199569069460852,-0.02632095517188191,1.9960459281261442,10.848075921240596,2.644998550415039,-1215417.6277006022,-44098.50872721244,-1278633.0,0,0,0,0,27.746171360926745,100.0,14.285714285714286,-85.71428571428572,26.49118666073687,-26.49118666073687,-0.12087907180917545,-0.12883281602590707,1.0539429198898875,1.2734594951860456,-0.15789469549286062,-0.2982456102064541,-0.28251118508125295,29878.4,1.3619872550069614,-14239.110198012575,0.0,0.0,-0.2958872056545178,-0.3247555876293387,18.28499984741211,28.864999771118164,0.006249987690344846,0.5687500200841742
18.514999389648438,20.124998092651367,18.514999389648438,19.779998779296875,21147,2023-03-24 00:00:00+11:00,19.825999069213868,21.493499183654784,23.321999168395998,28.01169910430908,31.5927991104126,40.79797395706177,21.69848269685022,23.92150300858963,26.646705072653003,42.07295940897144,37.227867499254536,38.37447098241218,22.670554748348067,18.77192420923089,-85.86957521110185,-103.2470265179224,-2.223020311739411,-1.9008917259276135,-0.3221285858117977,28.44826544739743,23.321999168395998,18.195732889394566,0.4396077919381898,0.15452434614954444,1.976685395697212,9.993354487797788,1.7249984741210938,-1203333.616963761,-40679.681695420295,-1257486.0,0,0,0,0,28.04778744909195,92.85714285714286,7.142857142857143,-85.71428571428572,25.83469171567089,-25.83469171567089,0.07499995594439213,0.07232062059766448,1.0993616903178265,1.472823527329914,-0.10416671885672413,-0.16908212095900266,-0.23214285449846284,30160.85,0.7011407171880103,-12722.583753112629,0.13186804975108782,0.0705881882345182,-0.31698496825713046,-0.3301894387821047,18.28499984741211,28.864999771118164,0.0755813460135061,0.4593024040694221
18.85999870300293,20.009998321533203,18.6299991607666,18.85999870300293,34770,2023-03-27 00:00:00+11:00,19.687998962402343,20.975999069213866,23.080499172210693,27.680499114990234,31.29609910964966,40.50932396888733,21.261792851642944,23.54657676373136,26.341344038549078,41.84198467557872,35.287212830909546,37.035707235472564,16.530200042520658,18.79791113945825,-92.95775963947018,-100.847842215665,-2.2847839120884146,-1.9776701631597737,-0.30711374892864085,28.55773587341022,23.080499172210693,17.603262471011167,0.4746202983160963,0.11472356413924333,1.9340649503450253,10.254851979587249,1.3799991607666016,-1226513.6329827348,-42958.37739795889,-1292256.0,100,0,0,-100,28.32785953095964,85.71428571428572,0.0,-85.71428571428572,25.230716366210185,-25.230716366210185,-0.0465116346345219,-0.047628056044972736,1.077294603203066,1.255368420129821,-0.03529414634193928,-0.21531105376588466,-0.2038835037440877,30090.65,1.1555084386678254,-11432.95424278647,0.043955955830435704,0.023529363557311334,-0.37491731428562314,-0.3335800782715428,18.28499984741211,28.864999771118164,0.030487746295511025,0.5304878979934509
18.399999618530273,19.89499855041504,18.169998168945312,19.66499900817871,42669,2023-03-28 00:00:00+11:00,19.526998901367186,20.57349910736084,22.856249141693116,27.323999137878417,31.00284912109375,40.279898986816406,21.016132260340754,23.259052485542274,26.079526586377693,41.62131815152499,38.3171751089725,38.99117945997957,26.900576503217504,22.033777098028807,-81.81817549181054,-85.23092280734438,-2.2429202252015195,-2.030720175568123,-0.21220004963339667,28.504552569217502,22.856249141693116,17.20794571416873,0.49424587494726424,0.21750365623389423,1.9191317668539327,9.759124656226843,1.7250003814697266,-1195223.0078203338,-30029.156052055303,-1249587.0,0,0,0,0,28.74826881390506,100.0,0.0,-100.0,24.675059044706337,-24.675059044706337,0.042682945945675455,0.04179714701232543,1.0885659237805623,1.2443663850299778,-0.03932585892421625,-0.16990290636793615,-0.18571431392115745,29747.45,1.4343750472729595,-10573.52357700993,0.12087906079347889,0.06470584734519037,-0.40682332461938026,-0.3284168162809556,18.169998168945312,28.864999771118164,0.0760234383236747,0.46783631970249046
18.6299991607666,18.85999870300293,18.169998168945312,18.6299991607666,36241,2023-03-29 00:00:00+11:00,19.06699905395508,20.02149906158447,22.608999156951903,26.937599105834963,30.7130491065979,40.080948991775514,20.649034860406267,22.916159646670003,25.78738825596157,41.392548808333366,35.98431205612636,37.42218987804835,23.340227563206142,22.257001369648165,-93.65078069652837,-96.98308545388072,-2.267124786263736,-2.0780010977072454,-0.18912368855649042,28.535863331165483,22.608999156951903,16.682134982738322,0.5242924848702262,0.16432502253915207,1.8888367005953233,10.138683766411935,1.4950008392333984,-1183142.6077003644,-18166.242185826646,-1285828.0,100,0,0,-100,29.13864886235438,100.0,0.0,-100.0,24.024552957130236,-24.024552957130236,-0.05263157384252348,-0.05406721588182835,1.0989028293682495,1.2524101987179816,-0.10989008185014104,-0.2285714511369259,-0.20975609479834656,30651.45,1.182358420237868,-12048.539102165065,0.021977977915217852,0.013245006925877894,-0.45584964465378025,-0.32285042569273764,18.169998168945312,28.864999771118164,0.02469141237483344,0.5493827735594168
18.6299991607666,19.204999923706055,18.28499984741211,18.744998931884766,34616,2023-03-30 00:00:00+11:00,19.135998916625976,19.71099910736084,22.338749122619628,26.60639907836914,30.43359910964966,39.84922400474548,20.356106256018343,22.607184778908135,25.511216125605618,41.16720005334383,36.44730154378163,37.71459566587507,28.758205267765984,26.333003111396607,-91.22805894478087,-79.87197286222664,-2.2510785228897916,-2.1126165827437546,-0.13846194014603697,28.449947178540974,22.338749122619628,16.227551066698283,0.5471387876175491,0.20597007674683715,1.8196340845737962,9.707304285190675,0.9200000762939453,-1183142.679466424,-11661.77824013168,-1251212.0,100,0,0,0,29.23367246125369,92.85714285714286,0.0,-92.85714285714286,23.439097478311744,-23.439097478311744,0.006172827498583278,0.006153853640454819,1.0933694558038827,0.8801482006435607,0.018749963071034603,-0.14210525213142955,-0.22380955577731176,31356.0,1.103967342773313,-12335.47095010764,0.03296696687282678,0.01986751038881684,-0.48671806163357656,-0.3216355372104895,18.169998168945312,28.864999771118164,0.030674889074620938,0.5398773761474872
18.6299991607666,18.687498092651367,18.169998168945312,18.399999618530273,31424,2023-03-31 00:00:00+11:00,18.859999084472655,19.342999076843263,22.039749145507812,26.259099082946776,30.132299118041992,39.596224002838134,20.05516677332787,22.29554143369496,25.232344890034035,40.940660745534736,35.61510692357068,37.167529504810474,21.813782013129337,24.637404948033886,-96.49120611934444,-84.57281862277897,-2.2403746603670918,-2.138168198268422,-0.10220646209866979,28.305413270003392,22.039749145507812,15.774085021012233,0.5685785335512914,0.20954798608275552,1.7307317044570574,9.40615076271019,0.5750007629394531,-1186634.0548584901,-9051.591683447361,-1282636.0,0,100,0,0,29.3711580478016,100.0,14.285714285714286,-85.71428571428572,22.9121875473751,-22.9121875473751,-0.01840487239333244,-0.018576349323643493,1.0911534798683078,0.6243933067477258,-0.06976740373770929,-0.1666666810639239,-0.24528300853511165,31527.7,0.9967108288901505,-13180.396562426922,0.0,0.0,-0.5107556479317804,-0.3185154871579981,18.169998168945312,28.864999771118164,0.012500079040943624,0.5687500200841742
18.6299991607666,19.549999237060547,18.514999389648438,18.514999389648438,13436,2023-04-03 00:00:00+10:00,18.79099922180176,19.23949909210205,21.608499145507814,25.92329906463623,29.867799110412598,39.37024900436401,19.818217945069495,22.015501282284106,24.968919576293423,40.71751983652094,36.13854075675466,37.48491223064306,20.637316322147896,23.736434534347804,-94.73682372782325,-60.02390480769562,-2.1972833372146106,-2.1499912260576597,-0.04729211115695087,27.591550401238916,21.608499145507814,15.625447889776712,0.5537683311961921,0.24147808336957288,1.6892508411765728,9.123688343846325,1.1499996185302734,-1200070.0548584901,-11436.00702994503,-1269200.0,100,0,0,0,28.80412225600412,92.85714285714286,7.142857142857143,-85.71428571428572,22.43796860953212,-22.43796860953212,0.006249987690344794,0.006230537517438279,0.9901762705200942,0.5588336673373054,-0.01829264777730666,-0.052941170731612086,-0.31779661731642084,31033.9,0.4329459075398193,-15735.516377143065,0.010988988957608926,0.006944430847034435,-0.4805789488598824,-0.3145836707180429,18.169998168945312,28.864999771118164,0.01863360691742782,0.5590062502111837
18.169998168945312,18.169998168945312,17.594999313354492,17.709999084472656,22891,2023-04-04 00:00:00+10:00,18.39999923706055,18.963499069213867,21.050749111175538,25.6035990524292,29.598699111938476,39.13679899215698,19.49387658190075,21.696575193557333,24.684256027594568,40.488589281774196,34.05164995631053,36.14303692919622,12.79416185031763,18.415086728531683,-98.18182147153256,-105.93334097267933,-2.202698611656583,-2.160532703177444,-0.042165908479138814,26.252754705635876,21.050749111175538,15.8487435167152,0.49423472456841633,0.17889788216870858,1.6343043579706706,9.228144790834893,0.9200000762939453,-1213804.6548584902,-15741.912668972043,-1292091.0,0,0,0,0,28.718097568352224,100.0,0.0,-100.0,22.01117156547344,-22.01117156547344,-0.04347827878546129,-0.044451781301089,0.9465809093652112,0.4341465428822121,-0.09941520581277252,-0.13483147637827375,-0.3864542101194477,30941.55,0.7398142626985397,-18303.1085483639,0.0,0.0,-0.42169548120713796,-0.31487634619887994,17.594999313354492,26.44999885559082,0.006493493905315375,0.4935065060946846
17.479999542236328,17.709999084472656,17.01999855041504,17.479999542236328,28655,2023-04-05 00:00:00+10:00,18.16999931335449,18.618499183654784,20.64824914932251,25.253999061584473,29.338799133300782,38.92404899597168,19.1840493450293,21.384236256422444,24.401736165423657,40.25964809033601,33.45717442602656,35.759010267790515,14.688086751810403,16.039854974758708,-92.85712804853668,-125.68181573309438,-2.2001869113931427,-2.168463544820584,-0.03172336657255892,25.64326189270694,20.64824914932251,15.653236405938083,0.4838194955186619,0.18285870628835485,1.566854084834024,8.963696372234379,0.6900005340576172,-1204252.9353850286,-13033.15308256587,-1320746.0,100,0,0,0,28.897729783671213,100.0,0.0,-100.0,21.481230895219166,-21.481230895219166,-0.01298698781063079,-0.013072056059702712,0.880391268841554,0.32677920269821026,-0.0617283773663333,-0.16483512277521162,-0.3153153005079091,30638.0,0.9352764540766368,-14663.082128376902,0.0,0.0,-0.4019811945750309,-0.311077065256034,17.01999855041504,26.392499923706055,0.026315846903188087,0.5098684562282026
16.329999923706055,16.674999237060547,15.754999160766602,16.099998474121094,62726,2023-04-06 00:00:00+10:00,17.640999221801756,18.388499069213868,20.14224910736084,24.897499046325684,29.089249114990235,38.73889900207519,18.709579980274192,20.992811235511233,24.07617782458826,40.01925356679158,30.065589611581157,33.515518754568795,11.051694909202183,12.844647837110136,-95.00000967495735,-195.4769194350244,-2.283231255237041,-2.191417086903875,-0.09181416833316591,24.817122902398296,20.14224910736084,15.467375312323384,0.4641858781628371,0.0676620577938662,1.5781502488794314,9.802176387880579,1.7250003814697266,-1219934.532917915,-15729.791277448647,-1383472.0,0,0,0,0,29.586466612081086,100.0,0.0,-100.0,20.85665836694659,-20.85665836694659,-0.07894743159350692,-0.08223816682421053,0.8900224381322738,0.5213442460824089,-0.141104326939416,-0.12500006478765868,-0.38596495439567124,32902.35,1.9064291760314993,-20086.46343417508,0.0,0.0,-0.37898120163078625,-0.3113807876971589,15.754999160766602,25.41499900817871,0.021428530810673002,0.5785715165768751
16.099998474121094,17.479999542236328,16.099998474121094,17.134998321533203,64012,2023-04-11 00:00:00+10:00,17.387998962402342,18.1239990234375,19.80874910354614,24.573199043273927,28.838549118041993,38.55432399749756,18.467336648160195,20.707047315957304,23.803974706821396,39.791549534500454,35.35822798600083,36.64567057060694,21.212118927594847,15.650633529535876,-80.00001105709413,-122.42621873235504,-2.239710667797109,-2.2010758030825217,-0.0386348647145871,24.340318475646768,19.80874910354614,15.277179731445514,0.45753210850546744,0.20498622414628176,1.563996735967703,9.127498623692656,1.3800010681152344,-1187928.6213911802,-5219.281300717266,-1319460.0,0,0,80,0,29.55430847019537,92.85714285714286,14.285714285714286,-78.57142857142857,20.04039289395779,-20.04039289395779,0.06428571090088941,0.062303880155782476,0.900965500808601,0.8556650383787905,-0.06875007191430116,-0.1337209616277688,-0.2801932587780709,35140.5,1.821601855409001,-14198.471578911693,0.12857139133836384,0.06040266812828067,-0.3641090436089311,-0.3089454966862236,15.754999160766602,24.724998474121094,0.08053687166297441,0.44295307242894166
18.169998168945312,21.044998168945312,18.169998168945312,20.009998321533203,90270,2023-04-12 00:00:00+10:00,17.686998748779295,18.23899898529053,19.607499027252196,24.308698997497558,28.631549110412596,38.407123985290525,18.704669213294505,20.655414057111074,23.655191319163034,39.59471817914755,47.29115646980222,44.295043261105924,41.96309538599964,24.74230307426562,-38.33334208686619,82.47637974752199,-1.9507448438165689,-2.1510096112293313,0.20026476741276245,23.707374120577548,19.607499027252196,15.507623933926844,0.4181945986713544,0.5490867752210649,1.7315683867851603,8.653515902206655,3.9099998474121094,-1162653.0118091914,7597.192311371211,-1229190.0,0,0,0,0,27.617913247667925,85.71428571428572,7.142857142857143,-78.57142857142857,15.754999160766602,15.754999160766602,0.16778525133481015,0.15510900734313135,1.1086311812782979,1.561596945305048,0.08074528658751157,0.06097559372298189,-0.16746417938139846,38459.7,2.3471321929188216,716.7189803358815,0.48571419770886,0.23776223289579718,-0.2945037798773979,-0.29846986429459427,15.754999160766602,24.724998474121094,0.2126436540570672,0.23563221129878728
20.009998321533203,20.009998321533203,18.85999870300293,19.089998245239258,40574,2023-04-13 00:00:00+10:00,17.962998580932616,18.18149890899658,19.37749900817871,24.074098968505858,28.41994909286499,38.27774897575378,18.763950602824465,20.539457330305755,23.476164139793475,39.39069111512856,44.46260928418951,42.56811898065396,59.94728937246754,41.04083456202074,-36.95652722587447,70.99711261355304,-1.7755067274812895,-2.075909034479723,0.3004023069984334,23.026824502258155,19.37749900817871,15.728173514099264,0.3766559856397531,0.46060905454913736,1.6900277604812397,8.85294874714148,1.1499996185302734,-1186997.4387270312,4403.687286878936,-1269764.0,0,0,0,0,25.819831969606728,78.57142857142857,0.0,-78.57142857142857,15.860799140930176,15.860799140930176,-0.04597701916366048,-0.04706751889700344,1.1171323150505397,1.5680162186603819,0.07792203456275293,-0.029239806353425712,-0.19417478464027915,39841.5,1.0183853519571302,-963.0390182687408,0.37142849019279384,0.18181817127422722,-0.23743612820044546,-0.294803117658196,15.754999160766602,24.724998474121094,0.17469876328062797,0.2951807620143242
19.779998779296875,20.124998092651367,18.744998931884766,19.779998779296875,28114,2023-04-14 00:00:00+10:00,18.422998428344727,18.29649887084961,19.15899896621704,23.823398971557616,28.21064908981323,38.160448980331424,18.920265706897144,20.483201141342136,23.33121647859753,39.19555984810536,47.02193652795154,44.27887816269402,73.18840605837488,58.36626360561409,-23.91303642387568,80.78793749192815,-1.5629354344449915,-1.9733143144727765,0.410378880027785,22.092197951348773,19.15899896621704,16.22579998108531,0.3061954322669807,0.6058570891759573,1.6678828605016227,8.432168672565062,1.3799991607666016,-1172940.419298324,7169.606205368182,-1241650.0,100,0,0,100,24.1501850685499,71.42857142857143,85.71428571428572,14.285714285714286,15.96448312149048,15.96448312149048,0.036144609611459266,0.03550671866331771,1.1242119931849355,1.5438130328537696,0.13157890716776843,0.0617283773663333,-0.1809524185615432,40048.5,0.7019988264229622,-412.3850574559706,0.6153845172447558,0.22377624648627983,-0.15633085867516144,-0.2847250877279622,15.754999160766602,23.919998168945312,0.2034883653654781,0.20930230764127494
18.974998474121094,18.974998474121094,18.05499839782715,18.399999618530273,31116,2023-04-17 00:00:00+10:00,18.882998657226562,18.26199893951416,18.9864990234375,23.565798988342284,28.002499084472657,38.04142398834229,18.84022477022532,20.328889917430146,23.137835425261557,38.98863885079616,42.77616808798271,41.67212346622144,61.8806967568003,65.00546406254765,-49.99998197212674,1.7262662441630958,-1.4886651472048271,-1.8763844810191865,0.3877193338143594,21.660737550007653,18.9864990234375,16.312260496867346,0.28169896127442917,0.3903427276437751,1.6719626834279158,9.08675390266919,1.7250003814697266,-1180719.3386610209,5174.225401585689,-1272766.0,0,0,0,0,22.658995588488807,64.28571428571429,78.57142857142857,14.285714285714286,16.066093422439575,16.066093422439575,-0.06976740373770929,-0.07232062059766445,1.1012673155632005,1.504373739302745,0.14285722747776464,-0.01840487239333244,-0.15789469549286062,38161.75,0.8153714124745327,3973.9738693365243,0.38461548275524415,0.13986021204567523,-0.12468424058498359,-0.27922496662849716,15.754999160766602,23.459999084472656,0.14375002785869326,0.2749999766764429
18.6299991607666,19.434999465942383,18.399999618530273,18.6299991607666,18568,2023-04-18 00:00:00+10:00,19.181998825073244,18.284998893737793,18.813998985290528,23.28749900817871,27.811599102020264,37.91894898414612,18.80788236877013,20.203046157677292,22.961057532536262,38.78606532154213,43.68877468497767,42.26691634288454,47.27647123850486,60.78185801789342,-45.652163723375985,33.54355419828901,-1.395163788907162,-1.7801403425967817,0.3849765536896197,21.082036795992433,18.813998985290528,16.545961174588623,0.24110108780968256,0.4594363410398827,1.6264653379982152,8.730356474859272,1.0349998474121094,-1191034.909424587,605.3220660320949,-1254198.0,100,0,0,100,21.090901002221788,57.142857142857146,71.42857142857143,14.285714285714286,16.16567151736969,16.16567151736969,0.012499975380689587,0.01242249568318855,1.1016892137507133,1.4757410572213514,0.08724837967183574,0.012499975380689587,-0.15625003509331448,37390.0,0.496603369884996,3848.1448155739035,0.5238096742461728,0.16417915066172992,-0.08093234470912448,-0.26884873773728246,15.754999160766602,22.654998779296875,0.15432099460608334,0.21604937197241664
17.82499885559082,18.514999389648438,17.594999313354492,17.939998626708984,40837,2023-04-19 00:00:00+10:00,18.767998886108398,18.22749881744385,18.733498954772948,23.016099014282226,27.57239908218384,37.793598985672,18.674361793068414,20.035413007235196,22.764153261719507,38.578641772339815,41.548032961697636,40.95147673487688,26.459597738344296,45.20558857788322,-58.69565452537477,-28.31512181643256,-1.3610512141667819,-1.6963225169107816,0.33527130274399974,21.005614828217684,18.733498954772948,16.46138308132821,0.2425725038264508,0.32538295310156345,1.5842178029563505,8.83064617740703,1.0349998474121094,-1201244.2229221873,-4567.2219628428575,-1295035.0,100,0,0,0,20.020982771289074,50.0,64.28571428571429,14.285714285714286,16.263258050401205,16.263258050401205,-0.037037067372000076,-0.03774035948453991,1.0327259441879384,0.6940857156544216,-0.1034482692882911,-0.03105594285144453,-0.08235297561032717,37953.65,1.0759702953470878,5723.204693058826,0.3809524185615432,0.1355932346328417,-0.08179700751053726,-0.2612943585637378,15.754999160766602,22.654998779296875,0.1217948513490612,0.26282054144464767
18.744998931884766,18.744998931884766,17.594999313354492,18.28499984741211,7648,2023-04-20 00:00:00+10:00,18.60699920654297,18.284998893737793,18.62424898147583,22.802199020385743,27.352749080657958,37.66997399330139,18.614459955275137,19.905752773174225,22.588500186648627,38.37671498701715,43.050618852189096,41.900771787059746,20.046633611825737,31.260900862891702,-52.17389109650212,-9.618284619234727,-1.2912928178990875,-1.6153165771084428,0.32402375920935533,20.757769992970086,18.62424898147583,16.490727969981574,0.22911216593123435,0.42049547854555214,1.5532022183544878,8.49440651526346,1.1499996185302734,-1199714.612774426,-5781.3665673818905,-1287387.0,0,0,0,0,18.872825259282006,42.85714285714286,57.142857142857146,14.285714285714286,16.358892852772087,16.358892852772087,0.019230838746525203,0.019048263174830087,1.0197229665835204,0.6995890477110315,-0.04216859464761358,0.032467577225545385,-0.10674155052447432,36944.2,0.20701490355725663,4560.30551744814,0.4523812438519597,0.1610170539741725,-0.060785710901246466,-0.25782088592272834,15.754999160766602,22.654998779296875,0.13836481858125807,0.23899365427138655
16.78999900817871,16.78999900817871,16.099998474121094,16.78999900817871,38496,2023-04-21 00:00:00+10:00,18.008999252319335,18.21599884033203,18.41724901199341,22.54459903717041,27.1319490814209,37.54922399520874,18.333773655721842,19.67495619798937,22.361107983571376,38.16192179319786,38.439338098996416,39.04472910029287,20.5329232164383,22.346384855536183,-80.43478182487507,-122.80150793318637,-1.3411825422675285,-1.56048977014026,0.2193072278727315,20.414776102105485,18.41724901199341,16.419721921881333,0.2169191597302372,0.09268387100487399,1.5983307294213827,9.51954034448011,2.1850013732910156,-1161218.612774426,6496.243964159396,-1325883.0,100,100,0,0,18.66420062870412,35.714285714285715,50.0,14.285714285714286,21.044998168945312,-21.044998168945312,-0.08176105286897162,-0.0852976312390641,1.0508811499119683,0.7331012925851562,-0.1511627884551594,-0.039473715796753406,-0.19780218378221337,36445.2,1.0562707846300747,323.4858431611574,0.17647073170969665,0.05084749812638483,-0.050582712216485026,-0.2551481389369712,15.754999160766602,21.044998168945312,0.061643830169849465,0.25342462252046083
15.639999389648438,16.099998474121094,15.409998893737793,15.639999389648438,51133,2023-04-24 00:00:00+10:00,17.456999206542967,18.169998931884766,18.279249000549317,22.266299057006837,26.89389907836914,37.418123989105226,17.919346845556703,19.376070508482634,22.097535097535182,37.93782306281429,35.3065011622804,37.00733056310854,17.892241265453272,19.490599364572507,-95.91835802140055,-145.3696678045678,-1.4567236629259313,-1.5397365486973942,0.08301288577146293,20.61516467705511,18.279249000549317,15.943333324043524,0.25558114301474805,-0.06492827147956637,1.5827356854942067,10.119793780438147,1.380000114440918,-1178262.851877308,5505.1681975857355,-1377016.0,100,0,0,0,18.821615347167853,100.0,42.85714285714286,-57.142857142857146,20.946098175048828,-20.946098175048828,-0.06849313201091245,-0.07095171592517593,0.9916377182135654,0.7289402119897006,-0.15000001554903808,-0.028571374414230633,-0.15000001554903808,36967.15,1.383201031185796,1740.279472249757,0.0,0.0,-0.09053006566556769,-0.25422593078979616,15.409998893737793,21.044998168945312,0.014705914634681745,0.3455881707306365
14.719999313354492,14.834999084472656,14.374999046325684,14.374999046325684,50884,2023-04-26 00:00:00+10:00,16.605999183654784,17.893999004364012,18.008999013900755,21.976499042510987,26.665049085617067,37.250798983573915,17.37406256875193,19.005620770545082,21.794690546507358,37.70336710245122,32.19788653740942,34.903709970776205,8.801320751921393,15.742161744604394,-100.00000000000001,-168.51851471803016,-1.6315582017931511,-1.5581008793165456,-0.07345732247660552,20.795133502388428,18.008999013900755,15.222864525413083,0.30941580776778493,-0.15215803160091265,1.5600403039105315,10.852455008052923,1.265000343322754,-1229146.851877308,-11591.105361247668,-1427900.0,0,0,0,0,19.45572962620911,100.0,35.714285714285715,-64.28571428571429,20.724654203796387,-20.724654203796387,-0.08088237804919696,-0.08434117575127754,0.976398513378942,0.6765411314750527,-0.2283950781598334,-0.16107379898246532,-0.2732558173172609,38454.0,1.3232433556977168,-3961.3635207616408,0.0,0.0,-0.12260901587350058,-0.2566336121393138,14.374999046325684,21.044998168945312,0.0,0.4639999697477901
13.799999237060547,14.202499389648438,13.454998970031738,14.029998779296875,73049,2023-04-27 00:00:00+10:00,15.823999214172364,17.29599905014038,17.767499017715455,21.718899021148683,26.44079909324646,37.089798979759216,16.859591216528077,18.63705617860077,21.490192830146164,37.46781119873824,31.38624359506979,34.34465197801108,5.527952970962207,10.740504996112362,-92.4242441376352,-154.88610303768783,-1.777464962072692,-1.6019736958677748,-0.17549126620491706,21.015714662424944,17.767499017715455,14.519283373005965,0.3656356633503442,-0.07531590374949544,1.514323144795061,10.793465976844173,0.9200000762939453,-1189812.8753204595,-5015.942425296176,-1500949.0,0,0,0,0,20.43874362870473,100.0,28.571428571428573,-71.42857142857143,20.343674894348144,-20.343674894348144,-0.024000020168139957,-0.024292713233122605,0.9697317182409434,0.6980118794532147,-0.2179487261270422,-0.29885057690390293,-0.25609757454209214,40367.95,1.8095791339416543,-4097.33145778177,0.0,0.0,-0.16601503917149163,-0.2632492170299513,13.454998970031738,21.044998168945312,0.04098359652843486,0.5
14.94999885559082,15.524998664855957,14.489998817443848,14.94999885559082,56888,2023-04-28 00:00:00+10:00,15.156999015808106,16.88199911117554,17.53174901008606,21.470499019622803,26.232649087905884,36.9494989824295,16.565807776383885,18.363940821340773,21.233714635065564,37.24375336447807,36.01802851470574,37.16277531438732,18.565714650943086,10.964996124608966,-80.30302973189937,-88.65190607242897,-1.798133044956888,-1.6412055656855975,-0.15692747927129047,20.87781428143079,17.53174901008606,14.185683738741327,0.3817149412097711,0.11421102920421021,1.512942911992491,10.120020252889177,1.494999885559082,-1196133.7525609033,-3881.296489339322,-1444061.0,100,0,0,0,20.345964247522172,92.85714285714286,21.42857142857143,-71.42857142857143,19.792580820402833,-19.792580820402833,0.06557378163507233,0.06351341617985522,0.9903394897108614,0.9915929934111453,-0.18238999287130397,-0.21686745784174644,-0.23976610172351964,41078.9,1.384847208664302,-2188.2087886818017,0.15384617838112655,0.05882353658548483,-0.17630451532234862,-0.265336612596088,13.454998970031738,21.044998168945312,0.1,0.4076922929713241
14.604998588562012,15.294999122619629,14.25999927520752,14.94999885559082,29366,2023-05-01 00:00:00+10:00,14.788998985290528,16.39899911880493,17.34774899482727,21.21979902267456,26.04864909172058,36.80804898738861,16.31722178856957,18.11105623128522,20.987294408419494,37.021924961404565,36.01802851470574,37.16277531438732,37.40629645127621,20.499988024393904,-80.30302973189937,-86.00982125551717,-1.793834442715653,-1.6717313410916086,-0.12210310162404436,20.833804770484285,17.34774899482727,13.861693219170256,0.4019029531377797,0.15609412276478166,1.478804121665321,9.891667122852626,1.0349998474121094,-1186345.103933273,50.29200137429871,-1444061.0,0,0,0,0,20.371908512904135,85.71428571428572,14.285714285714286,-71.42857142857143,19.285574272373147,-19.285574272373147,0.0,0.0,0.9791318149923981,0.9319075259429,-0.10958905665757301,-0.2441860577242032,-0.19753088947666675,40735.15,0.7209007454250199,-280.7879210549081,0.15384617838112655,0.05882353658548483,-0.19584586853371538,-0.26594957894351556,13.454998970031738,21.044998168945312,0.1,0.4076922929713241
14.374999046325684,15.294999122619629,14.144998550415039,14.604998588562012,65388,2023-05-02 00:00:00+10:00,14.581998825073242,16.019499015808105,17.140748977661133,20.978299026489257,25.87039907455444,36.648773984909056,16.05380283472225,17.851348257750168,20.737008297836848,36.79887096764494,34.99074271790338,36.514784577917574,52.3016243270446,36.091211809754704,-84.84848827527038,-78.71886735570382,-1.7975454230279162,-1.69689415747887,-0.10065126554904613,20.759486785717517,17.140748977661133,13.522011169604749,0.4222380028752003,0.14963607152557606,1.4553181538466973,9.964521016704774,1.1500005722045898,-1199422.7256232994,-2506.9643357398454,-1509449.0,0,0,0,0,20.454576149479838,78.57142857142857,7.142857142857143,-71.42857142857143,18.819128248185834,-18.819128248185834,-0.023076942704901238,-0.02334738408862254,0.9785496771250863,0.8389506408500408,-0.0661765243911362,-0.20625006025252257,-0.2208589266057902,42273.75,1.5467754812383572,-2003.421647333949,0.09615382161887344,0.03676469512177275,-0.2129661760832138,-0.2681418984219663,13.454998970031738,21.044998168945312,0.07874013897070159,0.4409448957719738
14.719999313354492,16.272499084472656,14.604998588562012,15.869998931884766,76838,2023-05-03 00:00:00+10:00,14.880998802185058,15.743498992919921,17.01424894332886,20.764399032592774,25.69559907913208,36.49122399330139,16.025525311208792,17.7045816410194,20.54614518544657,36.59062348470205,41.57117459301688,40.50849114836028,65.93052386577529,51.87948154803211,-63.793099257492244,-40.20513024905486,-1.6790563298106065,-1.6933265919452174,0.014270262134610912,20.624937657296663,17.01424894332886,13.403560229361055,0.42443116072819936,0.34154684852537853,1.4704740354226935,9.265747538699147,1.6675004959106445,-1159678.9355505456,9320.542580020614,-1432611.0,0,0,0,0,19.78058477905021,71.42857142857143,0.0,-71.42857142857143,18.389997905933505,-18.389997905933505,0.08661420510601392,0.08306662803530696,1.0367871428986914,0.8210674731036758,0.10399999893851897,-0.1481481671075,-0.13750004016834838,44544.45,1.7249735937922683,5230.195354690027,0.3076923567622531,0.11764707317096966,-0.21123684330990455,-0.26647971474966936,13.454998970031738,21.044998168945312,0.15217392088168308,0.32608693039438974
16.559999465942383,17.939998626708984,16.559999465942383,16.78999900817871,53094,2023-05-04 00:00:00+10:00,15.432998847961425,15.628499031066895,16.92799892425537,20.50679904937744,25.557599086761474,36.325623989105225,16.143136649204163,17.636834779327497,20.398845335357635,36.39360234563217,45.8631211928592,43.23538223310689,70.32226885146846,62.851472348096195,-49.99999285101618,24.872233239679943,-1.4936981301233345,-1.653400899580841,0.1597027694575064,20.472984672078837,16.92799892425537,13.383013176431902,0.41883104597130105,0.48053589973367494,1.5132972968085168,9.013087469935897,2.0699996948242188,-1195074.9600116157,2049.374664307339,-1379517.0,0,0,0,0,18.667829836995477,64.28571428571429,7.142857142857143,-57.142857142857146,17.995197991061364,-17.995197991061364,0.0579710232018702,0.05635294478303642,1.060480279675075,0.7401329142864175,0.1967213449052172,-0.06410254774591562,-0.09316772553793107,46527.35,1.1411352677511184,8224.13402596265,0.46153853514337967,0.18604651461792665,-0.19074435413331947,-0.25402161368087267,13.454998970031738,21.044998168945312,0.19863015099181566,0.25342462252046083
16.099998474121094,16.78999900817871,15.639999389648438,16.099998474121094,41097,2023-05-05 00:00:00+10:00,15.66299877166748,15.409998893737793,16.847498893737793,20.26529903411865,25.414999084472655,36.15082399368286,16.13650000688369,17.52299505301591,20.23026310550522,36.19167593895047,43.29446612119259,41.72911226741053,68.97546990200708,68.40942087308368,-55.76924273002806,-3.842515741166475,-1.3864950461322216,-1.600019728891117,0.21352468275889547,20.39091744530441,16.847498893737793,13.304080342171176,0.4206462423788856,0.3945227033247012,1.487347462645785,9.23818387334959,1.1499996185302734,-1203294.4145412385,-3726.7818028468173,-1420614.0,100,0,0,0,17.594908324771914,57.142857142857146,0.0,-57.142857142857146,17.939998626708984,-17.939998626708984,-0.041095924646660564,-0.04196423480197879,1.0593017627304047,0.8618721487232575,0.07692305729509874,-0.11949693144789719,-0.09090913007235213,47437.65,0.8663371815425089,7530.476090436835,0.3461538216188734,0.1395348538207334,-0.19022556104158198,-0.24561129044513305,13.454998970031738,21.044998168945312,0.16428569905400237,0.30714286729733176
16.099998474121094,16.214998245239258,15.639999389648438,15.869998931884766,25336,2023-05-08 00:00:00+10:00,15.84699878692627,15.317998886108398,16.766998863220216,20.02379901885986,25.27584907531738,35.979473991394045,16.09549984149924,17.400550895895087,20.059272353598534,35.98947019758663,42.441185433513276,41.22641568176743,55.555561139946015,64.95109996447393,-59.61538860231705,-9.079125582096653,-1.3050510543958467,-1.541025993992063,0.2359749395962163,20.322414989772398,16.766998863220216,13.211582736668035,0.42409690076991385,0.373854437932515,1.4221797049990017,8.961435417249266,0.5749988555908203,-1208361.6145412384,-7363.247466424014,-1445950.0,0,0,-80,0,16.598624063421465,50.0,7.142857142857143,-42.85714285714286,17.939998626708984,-17.939998626708984,-0.014285687207115316,-0.01438870998105755,1.0594791161451844,0.8843402462343591,0.06153847135245072,-0.05479452832878651,-0.09210530048707222,47271.7,0.5359654930962923,7540.676055070987,0.3076923567622531,0.12403100974528444,-0.19420299386619694,-0.23714574284914158,13.454998970031738,21.044998168945312,0.15217392088168308,0.32608693039438974
15.869998931884766,16.329999923706055,15.869998931884766,15.869998931884766,16814,2023-05-09 00:00:00+10:00,16.09999885559082,15.34099884033203,16.7554988861084,19.82829902648926,25.113699073791505,35.802374000549314,16.060807393866245,17.287176676338767,19.894987121374463,35.78927645364929,42.441185433513276,41.22641568176742,44.966915801727886,56.499315614560395,-54.34782647886674,10.21357367633906,-1.2263692824725219,-1.4780946516881548,0.25172536921563293,20.320943978464296,16.7554988861084,13.190053793752503,0.42558507109709826,0.37582196173458216,1.3534526540577365,8.528372685258882,0.46000099182128906,-1225175.6145412384,-13531.415468212683,-1445950.0,100,0,0,0,15.59353197953302,42.85714285714286,0.0,-42.85714285714286,17.581198654174806,-17.581198654174806,0.0,0.0,1.0205289780326858,0.8386548818000213,0.08661420510601392,0.014705853658060652,-0.014285687207115316,44976.1,0.3738429966137571,12492.732649205303,0.3076923567622531,0.12403100974528444,-0.21754886369059917,-0.23315318717819153,13.454998970031738,21.044998168945312,0.15217392088168308,0.32608693039438974
16.329999923706055,16.674999237060547,16.214998245239258,16.44499969482422,33029,2023-05-10 00:00:00+10:00,16.21499900817871,15.547998905181885,16.72099895477295,19.64199905395508,24.972249088287352,35.61204900741577,16.11991390170593,17.224793196226578,19.759693496803866,35.59679608788984,45.552529581692674,43.11520296467501,39.46187460484401,46.66145051550603,-43.47824676079739,52.41090302016047,-1.1048792945206465,-1.4034515802546532,0.29857228573400674,20.284440509059536,16.72099895477295,13.157557400486361,0.42622352455436474,0.4612734970190937,1.314277486280454,7.991958106840831,0.8050003051757812,-1225175.4775897556,-14824.584669089643,-1412921.0,0,0,0,0,14.546138754529883,35.714285714285715,7.142857142857143,-28.571428571428573,17.25110267944336,-17.25110267944336,0.03623193457084661,0.03559099384939254,1.0022173473226048,0.6282440085515316,0.03623193457084661,0.14400005466627408,-0.0402683801749707,43426.95,0.7605645802894286,9574.38028995806,0.4038463378584492,0.1627907485047532,-0.2159924700744175,-0.2265872809695165,13.454998970031738,21.044998168945312,0.18181822926597754,0.2797201921243492
16.44499969482422,16.904998779296875,16.329999923706055,16.44499969482422,31110,2023-05-11 00:00:00+10:00,16.145999145507812,15.789498996734618,16.5427490234375,19.497099075317383,24.82619909286499,35.435524005889896,16.169927100647207,17.167030714641218,19.62970550456937,35.406230949650386,45.55252958169268,43.11520296467501,45.52249589561532,43.31709543406247,-33.333312069690315,80.08883269408517,-0.9971036139940104,-1.3221819870025247,0.3250783730085143,19.771178256070648,16.5427490234375,13.314319790804356,0.39031351174573936,0.4848611628798879,1.261471869802623,7.670853713665009,0.5749988555908203,-1243841.4775897556,-19945.10073589487,-1412921.0,100,0,0,0,13.7408314213208,28.571428571428573,0.0,-28.571428571428573,16.94741438269043,-16.94741438269043,0.0,0.0,0.7819367123660574,0.4442286764558752,-0.02054790552318897,0.1721312277725211,-0.17816086585437696,40468.95,0.7687375135752226,-5571.594348035248,0.42000015922214673,0.1627907485047532,-0.16800374769626766,-0.22419616406132753,13.454998970031738,20.124998092651367,0.18181822926597754,0.2237761305027792
15.869998931884766,16.099998474121094,14.489998817443848,14.834999084472656,65782,2023-05-12 00:00:00+10:00,15.892999267578125,15.777999019622802,16.32999906539917,19.31079906463623,24.67324909210205,35.23829900741577,15.964553559697276,16.99428763092503,19.44167780182048,35.20154207537001,38.75047347032908,39.22395853532181,37.640722970628126,40.87503115702922,-69.2307643237747,-36.030334206615706,-1.0297340712277538,-1.2636924038475705,0.2339583326198167,19.41663013871387,16.32999906539917,13.243367992084472,0.37803199632200946,0.25782658415975657,1.3110096560581765,8.837274937417224,1.955000877380371,-1281431.1640428978,-32187.02111323364,-1478703.0,0,0,0,0,13.773710377002159,21.42857142857143,57.142857142857146,35.714285714285715,16.904998779296875,-16.904998779296875,-0.09790213683362259,-0.1030322690548875,0.8347887214657619,0.7916511752563745,-0.07857139810800473,-0.007692292971324011,-0.22289154279140544,41729.35,1.576396469151808,-10146.32113767825,0.14000005307404892,0.05426358283491773,-0.1521804508410003,-0.22377095262543503,13.454998970031738,20.124998092651367,0.09302326926904379,0.3565891024365207
14.029998779296875,14.25999927520752,12.534998893737793,13.10999870300293,83581,2023-05-15 00:00:00+10:00,15.340999221801757,15.593999004364013,15.996499061584473,19.101499061584473,24.512249088287355,35.04049901008606,15.52539127405199,16.70656252515302,19.19337666069038,34.98172572340616,33.05519154033155,35.60849376249547,30.360011583397508,37.84107681654705,-89.36170513094451,-155.3497844272198,-1.1811712511010306,-1.2471881732982626,0.06601692219723199,18.958860152701153,15.996499061584473,13.03413797046779,0.3703761779014233,0.012804099534426207,1.3816518371065114,10.538916657482469,2.3000001907348633,-1309291.5281816553,-43133.64793781936,-1562284.0,0,0,0,0,14.798258469593813,100.0,50.0,-50.0,16.904998779296875,-16.904998779296875,-0.11627910265766261,-0.12361399318505872,0.8934064641661026,1.067412230912694,-0.17391306960561026,-0.12307694270490122,-0.3372093269932469,44502.7,1.8781107663130552,-20881.214371524915,0.0,0.0,-0.14370677632496803,-0.2279181328598335,12.534998893737793,19.434999465942383,0.0438596389131167,0.48245624627641426
11.269998550415039,11.614998817443848,9.889999389648438,10.23499870300293,205061,2023-05-16 00:00:00+10:00,14.213999176025391,15.156999015808106,15.588249015808106,18.823199043273927,24.331699085235595,34.81912401199341,14.711484724659828,16.227187427215977,18.842067721173226,34.7354896336509,26.155438372363303,30.662454273560318,10.78721323725957,26.2626492637618,-95.7142938378654,-255.2785987090602,-1.5157027025561494,-1.30089107914984,-0.21481162340630933,19.27505320447823,15.588249015808106,11.901444827137984,0.4730235172573032,-0.2260014417440709,1.5129623711242244,14.782242919877694,3.219999313354492,-1432328.2642244198,-82838.62511259131,-1767345.0,0,0,0,0,16.73107499228437,100.0,42.85714285714286,-57.142857142857146,16.467998790740968,-16.467998790740968,-0.21929826730962698,-0.2475621064522153,1.1322437254095856,1.6061718196296837,-0.3550725020882284,-0.29921261950558986,-0.44375005895676944,53199.95,3.854533697870017,-63679.853829601765,0.0,0.0,-0.18806391551082338,-0.23641681181139435,9.889999389648438,19.434999465942383,0.03370780235206772,0.8988765929437968
10.694998741149902,11.614998817443848,10.694998741149902,11.039999008178711,57909,2023-05-17 00:00:00+10:00,13.132999038696289,14.6739990234375,15.20874900817871,18.556399040222168,24.1706990814209,34.60522400856018,14.146640768278118,15.842951248028031,18.536104242232266,34.4997136075268,30.52810057896247,33.38288271494764,11.489784251563231,17.54566969074017,-85.71428909911059,-177.30887788249876,-1.6963104797499131,-1.3799749592698547,-0.3163355204800584,19.12069365757522,15.20874900817871,11.2968043587822,0.5144334550189248,-0.03282323417371285,1.5034650670754168,13.618344222328387,1.380000114440918,-1446805.4842101147,-96157.1743965745,-1709436.0,0,0,0,100,18.525833191925603,92.85714285714286,35.714285714285715,-57.142857142857146,15.678638862609864,-15.678638862609864,0.07865172517702379,0.07571185861856153,1.185410470264583,1.813500664395732,-0.32867137652466116,-0.30434784176336616,-0.40740743395050005,55167.0,1.049703627168416,-59357.31061919415,0.10000002369376847,0.04320989044673317,-0.20501128175204894,-0.2411217335750217,9.889999389648438,18.744998931884766,0.10416664147146432,0.6979167224560433
11.729998588562012,13.569998741149902,11.729998588562012,12.534998893737793,132379,2023-05-18 00:00:00+10:00,12.350998878479004,14.248499011993408,14.938499021530152,18.264299030303956,24.04074908256531,34.40799900531769,13.898695864502683,15.597917740302828,18.300766777585423,34.28115923226522,37.88437723273192,38.117360512465844,21.301350974721203,14.526116154514733,-67.14286018919952,-87.00182214194389,-1.699221875800145,-1.4438243425759127,-0.2553975332242322,18.804894469225303,14.938499021530152,11.072103573835,0.5176417580002782,0.18918076793914854,1.576788971782258,12.579091431511708,2.5299997329711914,-1463352.8249040165,-98129.17347021122,-1577057.0,0,0,0,0,18.765839286844095,85.71428571428572,28.571428571428573,-57.142857142857146,14.984002125854493,-14.984002125854493,0.13541666846632405,0.1269996923463268,1.3098378539552435,2.3289167557498764,-0.23776229088754752,-0.2534246793206022,-0.30128205946037556,59744.1,2.2157669125486867,-39918.50474402026,0.28571426879016537,0.12345679328334845,-0.20008271798155394,-0.23426867183946332,9.889999389648438,18.744998931884766,0.21100915337222234,0.49541289080203676
12.304999351501465,12.419999122619629,11.499999046325684,12.189998626708984,53200,2023-05-19 00:00:00+10:00,11.821998786926269,13.857499027252198,14.633748960494994,17.93079900741577,23.885499086380005,34.21019899845123,13.635819366380575,15.345479287444025,18.061128810884387,34.06134668892635,36.91299289886281,37.47206090809214,37.20586412157725,23.332333115953958,-71.42857819822116,-89.46459277081141,-1.7096599210634498,-1.49699145827342,-0.2126684627900297,18.355114393732503,14.633748960494994,10.912383527257484,0.508600419931166,0.17165945166798657,1.5380897486129617,12.61763676693875,1.0349998474121094,-1436752.880051266,-81551.44759535021,-1630257.0,0,0,0,-100,19.08648243134864,78.57142857142857,21.42857142857143,-57.142857142857146,14.372721797509767,-14.372721797509767,-0.027522959511481315,-0.027908812520392547,1.304433504187674,2.2791356825537212,-0.17829461550369174,-0.24285715639644234,-0.3333334028748026,62021.7,0.8577642986245138,-41529.80364476449,0.29824558851086563,0.12230214883070047,-0.18650752261169035,-0.22260024360391137,9.889999389648438,17.939998626708984,0.18867920395176394,0.4716981663477321
11.844999313354492,11.959999084472656,10.23499870300293,10.809999465942383,74604,2023-05-22 00:00:00+10:00,11.36199893951416,13.351499080657959,14.334748983383179,17.63639902114868,23.727949094772338,34.00779901027679,13.201077843236238,15.009517819184644,17.77677079735725,33.82999000014044,33.241401506341,34.98455766052629,40.0747200773749,32.86064505789118,-88.57142654053365,-102.01090719915453,-1.8084399759484064,-1.5592811618084172,-0.2491588141399892,18.269883787711308,14.334748983383179,10.39961417905505,0.5490343512662457,0.05214373932450339,1.567869046833897,14.503877190499148,1.9549999237060547,-1461620.8250577177,-75268.41063992819,-1704861.0,0,0,0,0,19.899725314818795,71.42857142857143,14.285714285714286,-57.142857142857146,13.834795108566407,-13.834795108566407,-0.11320749107739392,-0.1201442485889137,1.329763917539342,2.271886449278364,-0.1754385556524668,-0.3188405675173819,-0.3561643773369708,63827.1,1.168845208383273,-46828.061817858455,0.08771941055219122,0.03597126937656132,-0.2070864620065335,-0.22074478089880972,9.889999389648438,17.939998626708984,0.08510639424104195,0.6595744230358322
10.694998741149902,11.269998550415039,10.34999942779541,11.039999008178711,29049,2023-05-23 00:00:00+10:00,11.522999000549316,12.868499088287354,14.104748964309692,17.332799015045165,23.535899095535278,33.80769901752472,12.868604176304311,14.71547938873976,17.512583668369857,33.60322392061843,34.41232932496461,35.73116788582704,33.92316975165201,37.067917983534784,-85.71428909911059,-88.9959814992982,-1.8468752124354495,-1.6167999719338237,-0.23007524050162576,18.240450313337476,14.104748964309692,9.96904761528191,0.5864267927763421,0.1294763937860937,1.521592623675735,13.782543119329091,0.9199991226196289,-1447096.31000157,-61234.05794576043,-1675812.0,0,0,0,0,20.654879420898222,64.28571428571429,7.142857142857143,-57.142857142857146,13.361419622296252,-13.361419622296252,0.02127655444951282,0.021053368762979495,1.3229656448135976,1.5217918032167794,0.07865172517702379,-0.30434784176336616,-0.29411768292742413,62722.9,0.4631322850187093,-42707.73986854058,0.12280705838261499,0.05785125779456506,-0.23354510185413835,-0.21524466016570204,9.889999389648438,17.939998626708984,0.10416664147146432,0.6250000215958877
11.499999046325684,11.844999313354492,11.154998779296875,11.499999046325684,38223,2023-05-24 00:00:00+10:00,11.61499900817871,12.3739990234375,13.960998964309692,17.086699028015136,23.390999088287355,33.61794900894165,12.658049540922983,14.477295659672052,17.27679603613283,33.383291334804575,36.79990011699863,37.244551558962705,29.022996910424414,34.34029557981717,-77.04918322511881,-62.32355820061389,-1.819246118749069,-1.6572892012968727,-0.1619569174521962,18.246288546593696,13.960998964309692,9.675709382025685,0.6138944058715349,0.21285488754854168,1.4704074580685955,12.786152869624795,0.8050003051757812,-1447096.31000157,-49925.99930307735,-1637589.0,100,0,0,0,20.915913226241422,57.142857142857146,0.0,-57.142857142857146,12.944849194378515,-12.944849194378515,0.04166667386529599,0.04082200143093925,1.3120093470045715,1.451361039502942,0.04166667386529599,-0.30069934571387613,-0.20000001326851313,62089.85,0.615607865053628,-36999.49566873203,0.19298249953152843,0.09090910960064522,-0.2664887084100481,-0.21311861118348674,9.889999389648438,17.939998626708984,0.13999998175579417,0.560000009951385
10.464999198913574,10.579998970031738,9.832498550415039,10.119998931884766,93461,2023-05-25 00:00:00+10:00,11.131999015808105,11.741498947143555,13.765498971939087,16.80839900970459,23.23459909439087,33.40864900588989,12.267580216455565,14.154532939095215,16.996137326162316,33.151815788506866,32.92735222443154,34.67269474335676,24.393369216424745,29.113178626167116,-95.93495408744327,-91.73899912264558,-1.8869527226396503,-1.7032219055654283,-0.183730817074222,18.365556566240297,13.765498971939087,9.165441377637876,0.6683459282774143,0.10375495683243671,1.4844855322001707,14.668830917788423,1.6675004959106445,-1468664.1780450142,-47623.751571886474,-1731050.0,0,0,0,0,21.724565137802575,100.0,28.571428571428573,-71.42857142857143,12.578267217810906,-12.578267217810906,-0.12000001990276998,-0.12783339412666922,1.370799773149448,1.1863021682761568,-0.19266056441851842,-0.3846154381462311,-0.2786885379620868,63110.45,1.4809116398314384,-46461.64005560236,0.0,0.0,-0.3202706666817344,-0.21249459979914814,9.832498550415039,17.939998626708984,0.028409131602169253,0.7727273241290559
9.544999122619629,10.34999942779541,9.544999122619629,10.004999160766602,25764,2023-05-26 00:00:00+10:00,10.69499912261963,11.25849895477295,13.518248987197875,16.53469902038574,23.06324909210205,33.2068240070343,11.919490823272648,13.84716006662643,16.721975045166406,32.92149920514627,32.61929790437131,34.46445548391869,22.696596222756437,25.370987449868593,-93.74999919015424,-89.19240800639066,-1.9276692433537814,-1.7481113731230988,-0.1795578702306826,18.362179562893765,13.518248987197875,8.674318411501986,0.7166505928812548,0.13735547284071545,1.435950873127,14.352333768881346,0.8050003051757812,-1464983.6153371013,-41181.402859164635,-1756814.0,0,0,0,0,22.59130028333669,100.0,21.42857142857143,-78.57142857142857,12.193859604375485,-12.193859604375485,-0.01136361494622673,-0.011428674160036232,1.3395569393675837,1.2020718182221966,-0.179245259401008,-0.3255814102989375,-0.3307692356762253,61554.25,0.4185576138122063,-50484.77352073294,0.0,0.0,-0.3552894628137578,-0.21164970242247272,9.544999122619629,17.939998626708984,0.04597701916366044,0.7931034614234179
10.004999160766602,10.464999198913574,9.889999389648438,10.004999160766602,24433,2023-05-29 00:00:00+10:00,10.533999061584472,10.947999000549316,13.270999002456666,16.251799011230467,22.884999084472657,32.992349014282226,11.624953644425563,13.562555555081257,16.458564226170335,32.69347432908279,32.61929790437131,34.4644554839187,16.719581441614917,21.26984896026543,-93.74999919015424,-77.33787817518835,-1.9376019106556939,-1.7860094806296178,-0.15159243002607603,18.298695943780654,13.270999002456666,8.243302061132677,0.7576968305691658,0.17519921349615006,1.3744543685654382,13.737676000565752,0.5749998092651367,-1479643.4315465847,-39466.61964705377,-1756814.0,100,0,0,0,23.298555242984868,92.85714285714286,14.285714285714286,-78.57142857142857,11.770041927294548,-11.770041927294548,0.0,0.0,1.3395569393675837,0.997118440565566,-0.07446811701628553,-0.2368420937772563,-0.3307692356762253,61307.6,0.39853134032322257,-50484.77352073294,0.0,0.0,-0.3828721691791284,-0.2083639863416069,9.544999122619629,17.939998626708984,0.04597701916366044,0.7931034614234179
10.004999160766602,10.464999198913574,9.659998893737793,10.119998931884766,22563,2023-05-30 00:00:00+10:00,10.349999046325683,10.9364990234375,13.046749019622803,16.017199020385743,22.71364908218384,32.78994901657104,11.393422150188517,13.307551360770406,16.209993038159137,32.46886263358828,33.34254811507794,34.89554190293687,21.34920352068419,20.255127061685243,-92.18750222707583,-74.62126189412335,-1.9141292105818888,-1.811633426620072,-0.1024957839618168,18.214575799266022,13.046749019622803,7.878922239979583,0.7922014552239202,0.21682970303233576,1.3337790783233199,13.179636552342153,0.8050003051757812,-1476420.1534694757,-34151.65443146904,-1734251.0,0,0,0,0,24.058995999386916,85.71428571428572,7.142857142857143,-78.57142857142857,11.414035078546561,-11.414035078546561,0.011494230960970242,0.011428674160036281,1.3428575662798574,0.9777405726514139,-0.08333334773059187,-0.011235934117355906,-0.3070866203430994,59166.35,0.3813485198934868,-48716.47405797249,0.01694911919003602,0.009523789967046704,-0.40682330454202553,-0.20908187499853445,9.544999122619629,17.939998626708984,0.056818168967736025,0.7727273241290559
10.119998931884766,10.809999465942383,9.659998893737793,9.659998893737793,26781,2023-05-31 00:00:00+10:00,9.981999015808105,10.798499011993409,12.736249017715455,15.768798999786377,22.514699087142944,32.539249014854434,11.126741649196099,13.037362289138361,15.953130522691634,32.24190876553006,31.86899115643082,33.95739261016794,18.030292721392993,18.699692561230762,-98.24561735323708,-75.19632966386399,-1.9106206399422625,-1.83143086928451,-0.07918977065775246,17.934389059045497,12.736249017715455,7.538108976385412,0.8162748756089335,0.20410088036118545,1.320652042171982,13.671347757897884,1.1500005722045898,-1503201.1534694757,-37393.881894959835,-1761032.0,0,0,-80,0,24.443890397377483,78.57142857142857,0.0,-78.57142857142857,11.114989325598252,-11.114989325598252,-0.04545455402150933,-0.046520024609807434,1.2917114879260403,0.8422832021247597,-0.1600000265370266,-0.12500002159588774,-0.39130437656617134,56663.5,0.4726322941576147,-56589.054761158426,0.0,0.0,-0.41062781900391593,-0.20919231726198786,9.544999122619629,17.939998626708984,0.01190473957431962,0.8571429276600433
9.659998893737793,10.34999942779541,9.544999122619629,9.659998893737793,32758,2023-06-01 00:00:00+10:00,9.88999900817871,10.510999011993409,12.379749011993407,15.570998992919922,22.31114908218384,32.3011990070343,10.901088917587128,12.787187222812394,15.706341047046385,32.01721314491522,31.86899115643082,33.95739261016794,14.39392223146085,17.924472824512737,-97.56098054302194,-87.0516954979112,-1.886098305225266,-1.8423643564726613,-0.04373394875260472,17.391572636282064,12.379749011993407,7.367925387704753,0.8096809748619682,0.2286666169700217,1.283819775243682,13.290061307107736,0.8050003051757812,-1526599.7470740553,-42765.81092284876,-1761032.0,100,0,0,80,24.861307475454048,100.0,0.0,-100.0,10.863790893121672,-10.863790893121672,0.0,0.0,1.2606108724075002,0.3474771404024806,-0.04545455402150933,-0.22935781840685177,-0.4246575661480245,55646.7,0.5886782145212565,-59666.96826703852,0.0,0.0,-0.3905676705496659,-0.2143058823566047,9.544999122619629,16.904998779296875,0.01190473957431962,0.7500000740430455
10.34999942779541,11.269998550415039,10.119998931884766,10.924999237060547,43011,2023-06-02 00:00:00+10:00,10.0739990234375,10.384499073028564,12.12099905014038,15.380098991394043,22.107599086761475,32.06372401237488,10.904767428275346,12.64924737201596,15.518837446654784,31.807340369712684,40.28580743991513,38.93484215471517,32.72727007723282,21.717161676695614,-65.71427962160095,0.4210425264358834,-1.7444799437406147,-1.822787473926252,0.0783075301856373,16.865024560124844,12.12099905014038,7.376973540155916,0.7827779691030535,0.3739467346283568,1.3071183382032223,11.964470750433776,1.609999656677246,-1509395.3042721427,-35601.47636793577,-1718021.0,0,0,0,0,24.38292727461955,92.85714285714286,0.0,-92.85714285714286,9.544999122619629,9.544999122619629,0.1309524314896977,0.12306013744285367,1.3727588238486685,1.0489578624400722,0.09195403832732096,-0.10377354652663795,-0.3214285545044471,55742.4,0.7716029449754586,-52345.654021031325,0.18644070655381498,0.11224493336168688,-0.3526090292106004,-0.21324009468289276,9.544999122619629,16.904998779296875,0.12631580876999834,0.5473684173771431
11.959999084472656,12.649998664855957,11.557498931884766,11.729998588562012,46354,2023-06-05 00:00:00+10:00,10.418998908996581,10.476498985290528,11.913999032974242,15.19609899520874,21.907499074935913,31.83717401981354,11.031726068319449,12.58115486953789,15.370255530651146,31.607565824626608,44.9467679067891,41.86258262991043,53.15376174883263,33.42498468584216,-45.7142938378654,102.52523938924165,-1.5494288012184416,-1.7681157393846898,0.21868693816624818,16.335984815457405,11.913999032974242,7.4920132504910795,0.7423176332723347,0.47919481727631147,1.3369669874598071,11.397844401818524,1.7249994277954102,-1541111.2245650277,-39525.54356430448,-1671667.0,0,0,0,0,22.83578438723324,85.71428571428572,14.285714285714286,-71.42857142857143,9.544999122619629,9.544999122619629,0.07368415631286185,0.07109587119080618,1.4088165345328012,1.0926358887604997,0.17241375037389184,0.08510630601954672,-0.26086960440841545,56793.3,0.8161878249723118,-48568.156468225454,0.3050846647641909,0.19999998157150978,-0.29900001511537955,-0.20823697583586645,9.544999122619629,16.904998779296875,0.18627448668859928,0.44117653993420214
11.499999046325684,11.844999313354492,11.38499927520752,11.729998588562012,15895,2023-06-06 00:00:00+10:00,10.740998840332031,10.545498943328857,11.706999015808105,15.062698974609376,21.682099056243896,31.612924022674562,11.139152609895227,12.51810625613227,15.227500356451573,31.409779085959297,44.9467679067891,41.86258262991043,73.58025342043243,53.153761748832686,-45.7142938378654,65.23298500994888,-1.3789536462370435,-1.6902833207551606,0.3113296745181171,15.73928700462151,11.706999015808105,7.674711026994701,0.688867912838902,0.5028519258566988,1.2743264910803191,10.863824760583707,0.46000003814697266,-1533163.7739954146,-35008.87827573251,-1671667.0,0,0,0,0,21.519266085787557,78.57142857142857,7.142857142857143,-71.42857142857143,9.669199104309081,9.669199104309081,0.0,0.0,1.4088165345328012,1.1105414367506599,0.15909089195698134,0.06249996760616838,-0.26086960440841545,56747.35,0.28010118534169437,-48568.156468225454,0.3050846647641909,0.19999998157150978,-0.23916543659411027,-0.2085462189636597,9.544999122619629,16.904998779296875,0.18627448668859928,0.44117653993420214
12.879999160766602,13.10999870300293,12.07499885559082,12.419999122619629,50442,2023-06-07 00:00:00+10:00,11.292998886108398,10.637498950958252,11.505748987197876,14.91549898147583,21.463599042892454,31.39212402820587,11.336205919545135,12.51083906105726,15.11740226885032,31.220826051498207,48.910910610681526,44.38248196288953,73.79529929087711,66.84310482004746,-19.35482921737437,143.8306645920433,-1.1746331415121247,-1.5871532849065535,0.4125201433944288,14.927632075828683,11.505748987197876,8.083865898567069,0.5948127483813944,0.6335887451063634,1.2818746070346478,10.32105231553571,1.380000114440918,-1549977.7430097484,-35328.425500810845,-1621225.0,0,0,0,0,20.56337083299267,71.42857142857143,0.0,-71.42857142857143,9.788431086730956,9.788431086730956,0.058823582019049914,0.05715846352460563,1.4211084519837638,0.8751108014126397,0.2857143421280346,0.08000001326851325,-0.24475528409230618,57618.0,0.8754555867957929,-46797.68191096104,0.4067796467230925,0.26666670352364713,-0.1541691837454206,-0.20321176531220406,9.544999122619629,16.904998779296875,0.2314814978339229,0.361111108978184
13.339999198913574,13.569998741149902,12.764999389648438,12.994998931884766,33463,2023-06-08 00:00:00+10:00,11.959998893737794,10.924998950958251,11.333248949050903,14.798198986053468,21.239349050521852,31.200649037361146,11.591404844520463,12.54670275519263,15.034170765439907,31.039474537870213,52.01191805084348,46.41474686031788,78.11629075602808,75.16394782244593,-14.285710900889416,168.22459561390312,-0.9552979106721669,-1.4607822100596761,0.5054842993875093,14.008055930611848,11.333248949050903,8.658441967489958,0.47202827601963954,0.8106298873693141,1.2724549649986212,9.791882028374028,1.1499996185302734,-1564319.051377329,-36810.617891590344,-1587762.0,0,0,0,0,19.970551702853754,64.28571428571429,100.0,35.714285714285715,9.987725143707275,9.987725143707275,0.046296284209709215,0.045256580036338465,1.4348444168950094,0.7526442930249617,0.34523813872369336,0.2840909390752826,-0.2097902600767625,57735.65,0.579589906756051,-45248.46935245153,0.6444444280635657,0.3222222437221275,-0.054906015467823394,-0.19807058964027505,9.544999122619629,16.099998474121094,0.26548673280766144,0.23893803751055684
12.994998931884766,13.799999237060547,12.764999389648438,13.799999237060547,53202,2023-06-09 00:00:00+10:00,12.534998893737793,11.304498958587647,11.281498956680299,14.680898990631103,21.002449064254762,31.016649041175842,11.931188597218938,12.63953953162729,14.985771881974049,30.867937470200463,56.035304455768454,49.14629557053757,87.99283624102708,79.96814209597748,-0.0,146.82630715004007,-0.7083509344083527,-1.3102959549294115,0.6019450205210588,13.71221916605438,11.281498956680299,8.850778747306217,0.4309214969939326,1.0180563914077077,1.2554938851710133,9.097782279576695,1.0349998474121094,-1511117.051377329,-17142.640424946323,-1534560.0,0,0,80,0,19.568101818835665,57.142857142857146,100.0,42.85714285714286,10.274307031502685,10.274307031502685,0.06194693123064576,0.06010395097856316,1.4135037517151896,0.4544473034412711,0.26315791311428405,0.37931038427025365,-0.069767435880425,57106.65,0.9316253010813976,-35512.57035192935,1.0,0.40000005528547067,0.035624065972808455,-0.18850060100028768,9.544999122619629,14.25999927520752,0.3083333586725074,0.03333333794045589
13.799999237060547,15.179999351501465,13.10999870300293,13.799999237060547,74595,2023-06-13 00:00:00+10:00,12.9489990234375,11.683998966217041,11.315998983383178,14.584298992156983,20.760949048995972,30.85334904193878,12.218697926425339,12.725499509807532,14.939270993938225,30.698107239024942,56.035304455768454,49.14629557053756,82.32323309743195,82.81078669816243,-24.489796954538082,143.55556119876857,-0.5068015833821935,-1.149597080619968,0.6427954972377745,13.866200190520455,11.315998983383178,8.7657977762459,0.45072489152430734,0.9870204450388794,1.3136729396944078,9.519369654503148,2.070000648498535,-1535982.028466117,-15449.811405484099,-1534560.0,100,0,0,-80,20.004615920836383,50.0,100.0,50.0,10.626876252058471,10.626876252058471,0.0,0.0,1.3448439003567176,0.49305101231257265,0.17647066475498163,0.37931038427025365,0.05263162489097484,56657.35,1.3165988172761345,-25793.846672699252,1.0,0.40000005528547067,0.10047369003295886,-0.18090204058002593,9.544999122619629,15.179999351501465,0.3083333586725074,0.10000001382136767
14.719999313354492,15.064998626708984,14.029998779296875,14.719999313354492,26073,2023-06-14 00:00:00+10:00,13.546999168395995,12.143999004364014,11.540249013900757,14.503798999786376,20.55509903907776,30.676249041557313,12.603513524414439,12.873240235996196,14.930672104503568,30.539121090510807,60.432339346022545,52.21546884937971,82.94051589152868,84.41886174332929,-8.163265651512695,137.85310469762186,-0.26972671158175743,-0.9736230068123259,0.7038962952305685,14.436126293791647,11.540249013900757,8.644371734009868,0.5018743142201998,1.0490133027276525,1.310196257548267,8.900790208322984,1.2649993896484375,-1527290.9964337125,-10587.433759440435,-1508487.0,100,0,0,0,20.409950444122764,42.85714285714286,92.85714285714286,50.0,11.17325102399163,11.17325102399163,0.0666666758809118,0.06453852977592595,1.062395916428737,0.43177205113073774,0.2549020532456028,0.4545455402150931,0.4382023623545426,47707.95,0.5465126881368829,20913.875560323177,1.0,0.48888895646001973,0.1320338406957179,-0.1703932764664703,9.544999122619629,15.179999351501465,0.3515625293569086,0.03125000404922877
13.914999008178711,14.489998817443848,13.569998741149902,14.029998779296875,40487,2023-06-15 00:00:00+10:00,13.868999099731445,12.580998992919922,11.689749002456665,14.41639898300171,20.337749032974244,30.48304904460907,12.822972794396351,12.958926054018468,14.895351581946443,30.374851216767386,55.91550329672069,49.846369835689316,67.06749186986099,77.4437469529406,-20.408172590842764,94.67988518828021,-0.13595325962211646,-0.806089057374284,0.6701357977521676,14.76975306074758,11.689749002456665,8.60974494416575,0.5269581164905485,0.8799101774785983,1.2987537085951473,9.256976632896295,1.1500005722045898,-1527290.9964337125,-7635.7852897462435,-1548974.0,0,0,0,0,20.34917750648704,35.714285714285715,85.71428571428572,50.0,11.654060823292811,11.654060823292811,-0.04687503846767338,-0.04800925954588759,1.064649917184503,0.7672454628065281,0.12962961114426097,0.4523809923406912,0.2708333369326479,46836.85,0.864426194332027,14461.403124606213,0.8636362693997789,0.4222222345078824,0.15970301018621666,-0.16196638471367567,9.544999122619629,15.179999351501465,0.31967213449052173,0.08196726103081123
13.569998741149902,13.799999237060547,13.10999870300293,13.22499942779541,31728,2023-06-16 00:00:00+10:00,13.914999198913574,12.937499046325684,11.724249029159546,14.310598983764649,20.11694902420044,30.3042240524292,12.884823045688515,12.97863519281676,14.829847575901304,30.20420592533483,51.115431441989166,47.22177803263028,52.204578395273295,67.40419538555437,-34.69387478789844,57.01021836630465,-0.09381214712824537,-0.6636336753250763,0.569821528196831,14.856368645278456,11.724249029159546,8.592129413040636,0.5342976950300136,0.739574247246579,1.2716998777164898,9.61587850842335,0.9200000762939453,-1548442.9379638473,-12464.293649028288,-1580702.0,0,0,0,0,19.867205195515538,28.571428571428573,78.57142857142857,50.0,12.07717344667785,12.07717344667785,-0.05737700795023215,-0.05908887263025373,0.9908824411481227,0.9274218833525518,0.01769915466066796,0.36904771659639324,0.05504591902296263,41804.3,0.7589649868554191,-5285.3777385422645,0.7045455016637469,0.3444445150869903,0.1949812100345924,-0.1547322890337775,9.544999122619629,15.179999351501465,0.2782609046803741,0.1478260875835781
13.799999237060547,14.719999313354492,13.799999237060547,14.719999313354492,49122,2023-06-19 00:00:00+10:00,14.098999214172363,13.316999053955078,11.850749063491822,14.250798988342286,19.927199020385743,30.131724061965944,13.167157856098665,13.107625127671406,14.825539800899469,30.050134217752934,58.278593171752455,52.136178369683904,49.735443919958264,56.335838061697565,-8.163265651512695,91.33442119403621,0.059532728427258874,-0.5190003945746093,0.5785331230018682,15.241572513696784,11.850749063491822,8.45992561328686,0.5722547042449748,0.9230904811173868,1.287649878276675,8.747621863735242,1.494999885559082,-1499320.9379638473,2323.252353904536,-1531580.0,0,0,0,0,20.017800269346736,21.42857142857143,71.42857142857143,50.0,12.449512555256684,12.449512555256684,0.11304347449853136,0.10709813217614136,1.0541434471805775,1.1658277372090853,0.0666666758809118,0.34736845229428304,0.2075472495215982,41600.4,1.1808059537889057,1731.7652617853992,1.0,0.48888895646001973,0.24513158367988735,-0.1454439326695033,9.544999122619629,15.179999351501465,0.3515625293569086,0.03125000404922877
14.719999313354492,15.869998931884766,14.719999313354492,15.639999389648438,62165,2023-06-20 00:00:00+10:00,14.46699924468994,13.707999134063721,12.092249059677124,14.213998985290527,19.7339990234375,29.963824071884154,13.547595015106323,13.295208406336371,14.857479392615115,29.90674979160264,61.97154032127648,54.85252533611023,62.83069592275058,54.9235727459941,-3.636356508650241,121.65297116185471,0.25238660876995134,-0.3647229939056972,0.6171096026756485,15.823126481909824,12.092249059677124,8.361371637444424,0.6170692323355632,0.9754579055358248,1.277817716866218,8.17019032438045,1.1499996185302734,-1462021.8967219805,20029.374990798067,-1469415.0,0,0,0,0,20.800863268393474,14.285714285714286,100.0,85.71428571428572,12.777170970806058,12.777170970806058,0.06250000809845746,0.06062462943851242,0.9584400951489748,1.1988256064696587,0.1333333517618236,0.33333344173622415,0.4468085256547225,40978.45,1.5170168710627172,14062.809929563902,1.0,0.5777778576345688,0.2828308428140512,-0.13426697958846628,9.544999122619629,15.869998931884766,0.38970591463468174,0.01470585365806067
15.179999351501465,15.754999160766602,14.94999885559082,15.524998664855957,38189,2023-06-21 00:00:00+10:00,14.627999114990235,14.087499141693115,12.316499042510987,14.202498989105225,19.549999017715454,29.79764907360077,13.85181096122165,13.4603780551156,14.8836566189775,29.763647790341476,61.24181469691911,54.44696677370548,85.64815273394032,66.0714308588831,-5.454549840830621,112.37387586951998,0.39143290610605064,-0.2134918139033476,0.6049247200093982,16.29815724691743,12.316499042510987,8.334840838104544,0.6465568162939094,0.902909975898254,1.2440450446026152,8.013173279162777,0.8050003051757812,-1445655.221215171,30659.515095257433,-1507604.0,0,0,0,-100,21.527993196079734,7.142857142857143,92.85714285714286,85.71428571428572,13.210166885357078,13.210166885357078,-0.007352987805651412,-0.007380154272205826,0.9634531731623426,1.1614160829485793,0.05468745849540513,0.3235294571982703,0.40625000539897194,41435.45,0.921650422524674,13163.944048049985,0.9807691111612579,0.5666666758809118,0.3152556483906908,-0.12656350020171642,9.544999122619629,15.869998931884766,0.3851851888253809,0.02222224133324971
14.25999927520752,14.374999046325684,13.569998741149902,14.029998779296875,41573,2023-06-22 00:00:00+10:00,14.627999114990235,14.24849910736084,12.442999029159546,14.140398998260498,19.356799020767212,29.609049067497253,13.879224471694762,13.502572182832731,14.85017984095081,29.607094068838546,52.574788563795025,49.45577933989348,70.83333621278446,73.1040616231585,-32.000002653702445,31.587900514881365,0.37665228886203117,-0.09546299335027184,0.47211528221230303,16.473318481891273,12.442999029159546,8.41267957642782,0.6478051542537091,0.6968826254035111,1.2948275359671466,9.228992506241957,1.9549999237060547,-1439716.2352868968,34110.65747014573,-1549177.0,0,0,0,0,20.908398120914658,0.0,85.71428571428572,85.71428571428572,15.869998931884766,-15.869998931884766,-0.09629629720634525,-0.10125373471219427,1.0415703443636295,1.3577598611390709,0.0,0.12962961114426097,0.21999999502430745,41602.95,0.999280099127586,7567.992809137385,0.7307691510305822,0.4222222345078824,0.32684211085613485,-0.11978775203013321,9.544999122619629,15.869998931884766,0.31967213449052173,0.13114756327014476
13.22499942779541,13.339999198913574,12.419999122619629,12.419999122619629,56697,2023-06-23 00:00:00+10:00,14.466999053955078,14.190999126434326,12.55799903869629,13.988599014282226,19.148649005889894,29.389399070739746,13.654728264144742,13.422381585779908,14.754878636310371,29.436078198726914,45.162250482919134,44.81077070753696,40.2777748983265,65.58642128168381,-76.92307855874178,-64.12138214450827,0.23234667836483425,-0.02990105900725061,0.26224773737208484,16.445339362239675,12.55799903869629,8.670658715152904,0.6191018667169688,0.4822500855866832,1.3173398303035824,10.60660163738988,1.609999656677246,-1496413.2352868968,14381.565035313834,-1605874.0,0,0,0,0,19.442493296877327,0.0,78.57142857142857,78.57142857142857,15.823998928070068,-15.823998928070068,-0.11475408387440589,-0.12188980124493995,1.0328805515964472,1.5637241811895954,-0.06086959092670252,-0.044247776569977804,0.22727277010754654,39764.75,1.4258105482871135,12277.10237584298,0.46153846153846156,0.2727272984281619,0.2898345918583689,-0.1094612227825699,9.544999122619629,15.869998931884766,0.2314814978339229,0.27777778204363207
13.799999237060547,14.489998817443848,13.339999198913574,13.684999465942383,54933,2023-06-26 00:00:00+10:00,14.259999084472657,14.17949914932251,12.741999053955078,13.88049903869629,18.977299003601075,29.180674066543578,13.65938537211361,13.44183476208824,14.712922590413587,29.27935104715692,51.00708507771421,48.77963545884932,23.333337326172806,44.814816145761306,-48.717940539624486,6.750250300032884,0.2175506100253699,0.01958927479927349,0.1979613352260964,16.47381564723056,12.741999053955078,9.010182460679598,0.5857505682543801,0.6263460285918843,1.3711012491979135,10.01900842312891,2.0699996948242188,-1518386.3988429257,-1988.3034590641037,-1550941.0,0,0,0,0,18.837842675451657,7.142857142857143,71.42857142857143,64.28571428571429,15.687838935852051,-15.687838935852051,0.10185188668966183,0.09699229760481741,1.0757738740670557,1.509983833179406,-0.07031249291384967,-0.008333317208404356,0.3678161533092834,41223.2,1.33257486075802,18164.904242840756,0.6730769629462474,0.39772733376688446,0.2656240735735213,-0.09768235205459143,9.544999122619629,15.869998931884766,0.30252104529677915,0.15966383275206933
13.569998741149902,14.144998550415039,13.339999198913574,14.029998779296875,36477,2023-06-27 00:00:00+10:00,13.937998962402343,14.202499103546142,12.943249034881593,13.765499038696289,18.794449005126953,28.9897740650177,13.716402819372574,13.485402467066658,14.686141264487441,29.1276161987205,52.494223166069055,49.81315513716184,28.31417662247269,30.641762948990714,-48.4848515308797,-7.659594890422966,0.23100035230591587,0.06187149030060197,0.1691288620053139,16.492615716697905,12.943249034881593,9.39388235306528,0.5484506513396902,0.6530906555784709,1.3306653993624529,9.48442990120588,0.8049993515014648,-1492331.3864960913,-214.08178194751963,-1514464.0,0,0,100,0,18.27638138412782,0.0,64.28571428571429,64.28571428571429,15.557125343322754,-15.557125343322754,0.025210034842389817,0.024897503640122647,1.0739127566979174,1.4162215063120291,-0.10294121951290902,0.016666634416808712,0.40229884619219414,41825.4,0.8721255505028045,19084.49068378661,0.7307691510305822,0.4871794599184093,0.24080828186264594,-0.08288283349228369,9.544999122619629,15.869998931884766,0.31967213449052173,0.13114756327014476
13.22499942779541,13.22499942779541,12.649998664855957,12.994998931884766,16251,2023-06-28 00:00:00+10:00,13.431999015808106,14.02999906539917,13.086999034881591,13.657399024963379,18.61159900665283,28.79254906654358,13.60541760591291,13.449076279275406,14.619821957326552,28.96709264382661,47.80601094646298,46.83622061690087,37.573434175390105,29.74031604134525,-83.33333794045588,-107.14286807302065,0.156341326637504,0.08076545756798237,0.07557586906952163,16.39180386626599,13.086999034881591,9.782194203497191,0.5050515893790316,0.48608085685981545,1.3341893075823432,10.266944342017236,1.380000114440918,-1489081.1972774065,1565.3492720860522,-1530715.0,0,100,0,0,17.20892694448536,0.0,57.142857142857146,57.142857142857146,15.43164029449463,-15.43164029449463,-0.07377048734597103,-0.07663322120860153,1.1235483036401162,1.4617339817621942,-0.16296295977779174,-0.11718753138152305,0.2840909390752826,41509.8,0.3914979113366,17626.302160754865,0.5576922678229834,0.37179486497960235,0.19696993290033543,-0.07334597758170644,9.544999122619629,15.869998931884766,0.26548673280766144,0.2212389562376837
12.534998893737793,12.649998664855957,11.959999084472656,12.419999122619629,39201,2023-06-29 00:00:00+10:00,13.109999084472657,13.868999099731445,13.224999046325683,13.533199024200439,18.410349016189574,28.58899907588959,13.423045531560097,13.372848341745348,14.533554395181183,28.802444947098184,45.38116852119152,45.258457870979754,31.41181516319625,32.43314198701973,-88.23529268290304,-154.09837707348703,0.05019718981474952,0.0746518040173358,-0.02445461420258628,16.15513056965683,13.224999046325683,10.294867522994538,0.4431201110967532,0.36263416551505445,1.3128186318558979,10.570199070827293,1.0349998474121094,-1476014.1611566243,6308.687171522528,-1569916.0,0,0,0,0,16.251485533390472,100.0,50.0,-50.0,15.31117464761963,-15.31117464761963,-0.044247776569977804,-0.04525658003633846,1.1226955759080086,1.3596324652420582,-0.11475408387440589,-0.11475408387440589,0.2857143421280346,42130.8,0.9304594263579139,17109.063482685207,0.46153846153846156,0.31999999115432615,0.1333308341807887,-0.06407971051274508,9.544999122619629,15.869998931884766,0.2314814978339229,0.27777778204363207
12.304999351501465,12.419999122619629,11.844999313354492,12.189998626708984,43498,2023-06-30 00:00:00+10:00,13.063998985290528,13.765499019622803,13.351499032974242,13.41819902420044,18.217149019241333,28.367049078941346,13.233346007736849,13.285229844335246,14.441650247397959,28.637146973760977,44.41080291389677,44.62705227485903,19.667683004536006,29.5509774477075,-91.4285876757308,-141.5571324007384,-0.05188383659839779,0.04934467589418909,-0.10122851249258688,15.840286230317869,13.351499032974242,10.862711835630616,0.37281015280712076,0.26665333068553027,1.2601172873851294,10.337304588567715,0.5749998092651367,-1467314.6477297149,10443.653568806592,-1613414.0,0,0,0,0,15.446567342381313,100.0,42.85714285714286,-57.142857142857146,15.110104113830811,-15.110104113830811,-0.018518559755109965,-0.018692175026793774,1.127892819742837,1.0863977114488645,-0.018518559755109965,-0.07826093352496721,0.2619047642553347,42667.8,1.0194572956655839,16303.543170457433,0.2682925447953858,0.29333326993933745,0.06225563780705694,-0.05644801974439675,10.119998931884766,15.869998931884766,0.169811314850252,0.30188685149748007
11.38499927520752,11.614998817443848,11.154998779296875,11.154998779296875,31610,2023-07-03 00:00:00+10:00,12.557998847961425,13.408998966217041,13.36299901008606,13.275599002838135,18.03889901161194,28.134174075126648,12.913600280284545,13.1274349506287,14.31276195453125,28.463195250432975,40.240920362602274,41.86721449931538,10.408425451618593,20.495974539783663,-100.0,-158.78050343675355,-0.2138346703441556,-0.0032911933534798543,-0.21054347699067574,15.808581790679307,13.36299901008606,10.917416229492813,0.3660230429931757,0.04857381064533605,1.2440374702441994,11.152286924074534,1.0349998474121094,-1498924.6477297149,1128.0804068949074,-1645024.0,0,0,0,0,15.19675565403397,100.0,35.714285714285715,-64.28571428571429,14.848895729792705,-14.848895729792705,-0.08490565742512601,-0.08872811238253338,1.0909105828614412,0.7048518139113683,-0.184874006969593,-0.24218754757843808,0.02105259114857483,42097.75,0.7508714836303603,7987.28030844581,0.0,0.20967739993876688,-0.0074360919177981375,-0.04985450089764905,11.154998779296875,15.869998931884766,0.0,0.4226804723043715
11.154998779296875,11.499999046325684,11.039999008178711,11.039999008178711,20675,2023-07-04 00:00:00+10:00,11.959998893737794,12.948998928070068,13.328499031066894,13.160599002838135,17.852599020004273,27.911074070930482,12.625353930729801,12.972810066002776,14.184418309576248,28.289830113694126,39.79383305064667,41.567309806971664,4.347818248750683,11.474642234968472,-100.0,-135.3401834015806,-0.34745613527297436,-0.07212418173737876,-0.2753319535355956,15.882327895528626,13.328499031066894,10.774670166605162,0.3832132723285808,0.05194726343369762,1.188034796522969,10.761185717886775,0.46000003814697266,-1519599.6477297149,-9363.79774178681,-1665699.0,0,0,0,0,15.046478942749204,100.0,28.571428571428573,-71.42857142857143,14.479506034743123,-14.479506034743123,-0.010309258960350398,-0.010362767443400823,1.05931619353319,0.5214700489640328,-0.2131147563270145,-0.29411768292742413,-0.058823500716881916,40813.8,0.5065688566122243,4358.580997714168,0.0,0.19354840004082208,-0.06640602341271888,-0.046508042288570695,11.039999008178711,15.869998931884766,0.0,0.4375000323938316
11.38499927520752,11.959999084472656,10.924999237060547,11.959999084472656,11640,2023-07-05 00:00:00+10:00,11.75299892425537,12.592498970031738,13.339999055862426,13.08699899673462,17.676649026870727,27.6914240694046,12.52299164669024,12.897787030333879,14.097186183101597,28.12734423280635,45.053298839633385,44.883727464319925,20.00000368569899,11.585415795356134,-79.0697692358725,-91.60670695969576,-0.3747953836436384,-0.1326584221186307,-0.24213696152500772,15.86686085550732,13.339999055862426,10.813137256217534,0.37883987683408904,0.22693402314608074,1.177103728729336,9.842005174210573,1.0349998474121094,-1507959.6477297149,-9101.039007903077,-1654059.0,0,0,0,0,14.47890147659373,100.0,21.42857142857143,-78.57142857142857,14.066765191555394,-14.066765191555394,0.08333334773059176,0.08004272096331334,1.1007487672711327,0.9864585484089339,-0.07964601250351899,-0.22962962234923823,0.01960788777373934,40601.05,0.2866920929384831,5328.581165298257,0.2,0.3225806667347035,-0.11119550332090906,-0.04326098232566954,10.924999237060547,15.869998931884766,0.08653845540471836,0.3269230891905633
11.269998550415039,11.38499927520752,11.039999008178711,11.269998550415039,14195,2023-07-06 00:00:00+10:00,11.522998809814453,12.316498947143554,13.282499027252197,13.024898986816407,17.500699014663695,27.49362407207489,12.330223478032517,12.777210105895445,13.986316079858987,27.959609449896984,42.08393609504454,42.96345269569117,27.69229665702305,17.34670619715762,-93.02326926904378,-96.29397241985518,-0.44698662786292864,-0.19552406326749028,-0.25146256459543836,15.939472114135315,13.282499027252197,10.625525940369078,0.40007126391377223,0.12127947648916315,1.158739182126808,10.281626718435872,0.9200000762939453,-1503228.0333814886,-6660.665959796635,-1668254.0,100,0,0,0,13.951865258020788,92.85714285714286,14.285714285714286,-78.57142857142857,13.626917957926116,-13.626917957926116,-0.05769235676225315,-0.059423472545029936,1.100446520127201,1.015813039893856,-0.09259264520479538,-0.1967213449052171,-0.09259264520479538,38788.7,0.3659570957521134,1542.4590368531572,0.049999896339756815,0.2258063998367117,-0.15529325384842738,-0.04438199165774699,10.924999237060547,15.869998931884766,0.030612187908558953,0.40816335165369855
10.924999237060547,11.269998550415039,10.579998970031738,11.039999008178711,11159,2023-07-07 00:00:00+10:00,11.292998886108398,12.178498935699462,13.184749031066895,12.965098991394044,17.34199900627136,27.278574070930482,12.131727405747316,12.648527802360872,13.87077423391074,27.791255117143567,41.111278744758756,42.32960413321665,38.80340776813416,28.831902703618777,-91.30434704226653,-97.22222949662574,-0.5168003966135561,-0.25977932993670344,-0.2570210666768527,16.015034483728137,13.184749031066895,10.354463578405653,0.4293271636786276,0.12110711821107428,1.1252577820022718,10.192553288896605,0.6899995803833008,-1499508.3564326402,-3873.2828691380564,-1679413.0,0,0,0,0,13.84664708748019,100.0,7.142857142857143,-92.85714285714286,13.248649337004936,-13.248649337004936,-0.02040812527237268,-0.020619248418283543,1.0865514593097456,1.016007074166444,-0.09433960197588198,-0.11111112817452828,-0.15044248437060137,37673.5,0.29620290124357973,-234.487791570749,0.0,0.19354840004082208,-0.19186844359663233,-0.046590875669115295,10.579998970031738,15.869998931884766,0.04166667386529591,0.4375000323938316
11.039999008178711,11.039999008178711,10.694998741149902,10.694998741149902,11057,2023-07-10 00:00:00+10:00,11.200998878479004,11.879498863220215,13.029499006271362,12.879998989105225,17.175249004364012,27.07559907913208,11.910692226578483,12.503821945974874,13.746234018508355,27.621143113402336,39.63161696679276,41.36835417096065,21.581176101310476,29.358960175489273,-97.77778228251942,-95.65712276409184,-0.5931297193963907,-0.3264494078286409,-0.2666803115677498,16.042499205538405,13.029499006271362,10.01649880700432,0.4624890332033219,0.11259540147236596,1.0695251023613102,10.0002358882589,0.3450002670288086,-1510565.3564326402,-5899.009525764966,-1690470.0,0,0,-80,0,13.74894450054963,92.85714285714286,0.0,-92.85714285714286,12.821665278289224,-12.821665278289224,-0.03125002699485968,-0.0317487261802423,1.0593912411726525,0.8514816444435769,-0.04123712133440216,-0.21848745644701284,-0.22500004837478682,35566.25,0.31088461673637224,-3875.7199753857285,0.0,0.14516126659182618,-0.2177218279444188,-0.04707130876337365,10.579998970031738,15.869998931884766,0.010752668036854724,0.4838710425297777
10.809999465942383,11.499999046325684,10.809999465942383,11.38499927520752,16430,2023-07-11 00:00:00+10:00,11.269998931884766,11.614998912811279,12.908749008178711,12.808698997497558,17.01424901008606,26.882974076271058,11.829816387906027,12.4209461925847,13.653636577594597,27.459589443370547,43.97472048490119,44.03712593342195,33.33333333333326,31.239305734259343,-79.4117560974182,-63.96321382133086,-0.5911298046786726,-0.37938548719864723,-0.21174431748002537,15.981531087108184,12.908749008178711,9.835966929249238,0.4760774381750893,0.2520569806398293,1.0506304739909154,9.228199744191595,0.8050003051757812,-1499612.0155298004,-2706.2883684120607,-1674040.0,0,0,0,0,13.152711071116238,85.71428571428572,0.0,-85.71428571428572,12.462998668968027,-12.462998668968027,0.06451618656136748,0.06252041102382926,1.0921645096381474,0.989193752762898,0.03125002699485968,-0.1885245712203769,-0.17500000691068385,32658.0,0.5030926572355932,-2815.7190301824608,0.13953497342151494,0.24193553348981794,-0.22904888812760685,-0.04551956772088721,10.579998970031738,15.869998931884766,0.07070710201350523,0.3939393888626748
12.07499885559082,12.419999122619629,11.614998817443848,11.729998588562012,26315,2023-07-12 00:00:00+10:00,11.223998832702637,11.488498878479003,12.759248971939087,12.751198997497559,16.864749011993407,26.675974082946777,11.814459803391562,12.369764888583019,13.578199793710965,27.303076101531655,46.06412187132416,45.34324067045477,43.05554691720187,32.65668545061525,-70.5882439025818,-7.050688019656943,-0.5553050851914563,-0.41456940679720905,-0.14073567839424722,15.75497152885202,12.759248971939087,9.763526415026154,0.4695766284522399,0.32821333354085547,1.049514000663858,8.947264509368697,1.0349998474121094,-1518408.4619155538,-7134.836438742699,-1647725.0,0,0,0,0,12.725914754405618,78.57142857142857,14.285714285714286,-64.28571428571429,10.579998970031738,10.579998970031738,0.03030297192076059,0.029852906484535417,1.066820493723474,0.7841364246972956,-0.019230812166971534,-0.09734516716418695,-0.20312505871381725,32670.1,0.8054765672587473,-3756.4965643306587,0.2093022672760153,0.29032253318365236,-0.21728949080732587,-0.04365858529080598,10.579998970031738,15.869998931884766,0.09803919496219246,0.3529412482077953
12.304999351501465,12.764999389648438,11.959999084472656,12.304999351501465,15969,2023-07-13 00:00:00+10:00,11.430998992919921,11.476998901367187,12.672999000549316,12.679899005889892,16.722149019241332,26.490249075889587,11.889927426177701,12.364967441391792,13.52827036460471,27.153841507003992,49.44797333852751,47.48800380707466,66.59356513773726,47.66081512942418,-55.88234146322427,30.2257332923116,-0.4750400152140912,-0.4266635284805855,-0.04837648673350575,15.616280321913568,12.672999000549316,9.729717679185065,0.464496418130653,0.43748479861971223,1.0484773435511843,8.520742777798263,1.0350008010864258,-1520689.7422246153,-9023.755616875598,-1631756.0,100,0,0,0,12.634467074221295,71.42857142857143,7.142857142857143,-64.28571428571429,10.616798973083496,10.616798973083496,0.04901967878326419,0.04785608880280053,1.0761089759270286,0.6724281778374791,0.09183681758755058,-0.009259241484866454,-0.12295078958530459,31444.2,0.5078520045032152,-1075.8716314000212,0.32558147607936344,0.37096780018369935,-0.2037143004568003,-0.03707058942046062,10.579998970031738,15.869998931884766,0.14018695427718497,0.2897196073357206
12.649998664855957,12.764999389648438,12.304999351501465,12.419999122619629,13232,2023-07-14 00:00:00+10:00,11.706999015808105,11.499998950958252,12.632748985290528,12.592499008178711,16.549649028778077,26.303949069976806,11.971476917937999,12.369043862223483,13.48480874727196,27.007236110144447,50.12196743199874,47.91719193857888,74.92689015265661,61.52533406919863,-48.38708641895386,58.76155313260996,-0.3975669442854848,-0.4208442116415653,0.023277267356080544,15.566736983747365,12.632748985290528,9.69876098683369,0.46450507357870396,0.4637439105438064,1.0064432503080263,8.103408384909347,0.46000003814697266,-1527305.7559409386,-11081.24913431704,-1618524.0,0,0,0,0,12.549551371192994,64.28571428571429,0.0,-64.28571428571429,10.702726989746093,10.702726989746093,0.00934577628434674,0.009302374721805036,1.058423888492746,0.5925805365425504,0.12500002159588774,0.018867967335673086,-0.06086959092670252,30519.4,0.4335602927973682,868.2493886394207,0.34883724069753025,0.4067796467230925,-0.19861278820754907,-0.027616567531553716,10.579998970031738,15.869998931884766,0.148148170899371,0.27777778204363207
12.189998626708984,12.304999351501465,11.614998817443848,11.614998817443848,14000,2023-07-17 00:00:00+10:00,11.890999031066894,11.54599895477295,12.477498960494994,12.502799015045166,16.38404902458191,26.092924065589905,11.91663413324659,12.313188673721289,13.411482867670859,26.85407952016733,45.544385575278206,45.20179558230386,67.81904513229914,69.77983347423105,-60.869577758516,12.27197015443131,-0.39655454047469796,-0.41598627740819183,0.01943173693349387,15.278876405382174,12.477498960494994,9.676121515607814,0.4490286801476194,0.3460578483229199,0.9920544685128659,8.54114997431563,0.8050003051757812,-1541305.7559409386,-15370.110197423259,-1632524.0,0,0,0,0,11.703511997045172,57.142857142857146,0.0,-57.142857142857146,10.785217885742187,10.785217885742187,-0.06481484396481907,-0.0670107414532623,0.9903057192094276,0.802016273760847,0.0860215226350769,0.04123712133440205,-0.21093754352920935,28763.3,0.4867313555815918,-5592.079981184904,0.1860465026578485,0.2881355479564596,-0.18019549219231873,-0.021326773369870385,10.579998970031738,15.869998931884766,0.08910890682637929,0.36633668081400034
12.649998664855957,13.10999870300293,12.189998626708984,12.304999351501465,22932,2023-07-18 00:00:00+10:00,12.074999046325683,11.672498989105225,12.310748958587647,12.4314990234375,16.227649021148682,25.883049068450926,11.976382628362725,12.312582057260562,13.368091357232844,26.70931255331493,49.778258713551196,47.86097393598663,56.88788336282253,66.54460621592615,-31.818159544075776,105.26313691382674,-0.33619942889783694,-0.4000289077061209,0.06382947880828393,14.70702998683111,12.310748958587647,9.914467930344184,0.3892989835637712,0.49880030617894666,1.0279791411590242,8.354158434259402,1.494999885559082,-1558504.720283888,-21199.759268957656,-1609592.0,0,0,0,0,11.683955715541577,50.0,0.0,-50.0,10.864409145898437,10.864409145898437,0.05940599262234514,0.05770836673145728,0.9873616234951927,0.7838273206215403,0.08080809265375866,0.11458337472545144,-0.21323530487822728,26801.65,0.8556189637578283,-8115.0947618098935,0.33333346496540117,0.3898305299153612,-0.1327255550183753,-0.013545980464939834,10.579998970031738,15.754999160766602,0.14018695427718497,0.28037383105137387
12.879999160766602,13.454998970031738,12.189998626708984,13.22499942779541,16629,2023-07-19 00:00:00+10:00,12.373999214172363,11.7989990234375,12.195748996734618,12.378599033355712,16.103449029922487,25.71572407245636,12.168477520583139,12.380168529152032,13.362479909019612,26.575140283409265,54.82192161947616,51.17782518933185,58.27678344957661,60.99457064823281,-7.999984077785326,141.7475635917362,-0.21169100856889322,-0.36236132787867537,0.15067031930978214,14.142580615199613,12.195748996734618,10.248917378269624,0.31926396959895675,0.7643398692775285,1.0449092270278622,7.901015291023322,1.265000343322754,-1547922.6156986384,-18290.33158755512,-1592963.0,0,0,0,0,11.966196314264733,42.85714285714286,100.0,57.142857142857146,10.999144519324707,10.999144519324707,0.07476636528076575,0.0721033033364911,1.0323582683581818,0.8891030559741591,0.12745106727388555,0.10576926757168992,-0.14814811174619102,25723.65,0.6464479185496614,-6591.001622246018,0.758620886868491,0.5254237454897254,-0.0689135228780879,-0.0032581045876601804,10.579998970031738,14.489998817443848,0.20000004326688958,0.09565213190026664
13.339999198913574,14.25999927520752,13.339999198913574,13.914999008178711,28218,2023-07-20 00:00:00+10:00,12.695999145507812,12.063499069213867,12.189999008178711,12.327999019622803,15.98499903678894,25.60129907131195,12.43717313405938,12.4938596757466,13.38414732467291,26.449168728431847,58.21157965997917,53.506994020315744,73.53680840859687,62.90049174033205,-9.375006478765199,189.63299284610184,-0.056686541687220426,-0.3012263706403844,0.24453982895316395,14.115691291121516,12.189999008178711,10.264306725235906,0.31594625752648353,0.9478908741753611,1.0442014141981655,7.504142929398869,1.0349998474121094,-1540868.1303240622,-13192.744772566017,-1564745.0,0,0,0,0,12.870640417111076,35.714285714285715,100.0,64.28571428571429,11.19561287538127,11.19561287538127,0.05217388357182884,0.050858389223245315,0.9938490241753927,0.8946146503083922,0.1308411004898422,0.23469394835603286,-0.0081967057108987,25055.9,1.1262018127466984,-1115.4330118567605,0.9655173104039718,0.62711858689237,-0.015390969756851024,0.010315486408796953,10.579998970031738,14.489998817443848,0.2396694413119818,0.0413223032877813
13.569998741149902,13.914999008178711,12.764999389648438,13.22499942779541,18259,2023-07-21 00:00:00+10:00,12.85699920654297,12.281999111175537,12.2302490234375,12.263599014282226,15.880349044799805,25.4615740776062,12.558377179249538,12.548018175898363,13.377906230677713,26.317584954296162,53.85970121722434,50.954550604953766,78.44203919150137,70.08521034989167,-28.124993521234803,111.77073400818432,0.010359003351174678,-0.23890929584207257,0.24926829919324725,14.206476661353983,12.2302490234375,10.254021385521016,0.32317046596996185,0.7516791044898717,1.0517584287933162,7.952805098673965,1.1499996185302734,-1544519.924267316,-11069.962350872345,-1583004.0,0,0,0,0,13.03584913207291,28.571428571428573,92.85714285714286,64.28571428571429,11.502051515363895,11.502051515363895,-0.04958675023819581,-0.050858389223245266,0.9167045257495733,1.0489734624061442,0.06481484396481907,0.1979167224560432,0.06481484396481907,23134.0,0.7892712025590041,4485.3748089712135,0.758620886868491,0.5961538860231704,0.0030263312777178706,0.02250852623764358,10.579998970031738,14.489998817443848,0.20000004326688958,0.09565213190026664
12.764999389648438,12.764999389648438,11.614998817443848,11.959999084472656,26976,2023-07-24 00:00:00+10:00,12.92599925994873,12.408499145507813,12.143999004364014,12.206099014282227,15.75844903945923,25.283324069976807,12.466319010822325,12.504461206163127,13.32230202886575,26.174723403352644,46.93236438083515,46.66901307824675,53.62319258617194,68.53401339542344,-62.5,2.56410567186526,-0.03814219534080188,-0.19875587574181844,0.16061368040101656,14.00600508641978,12.143999004364014,10.281992922308248,0.3066545182335149,0.45059094552252726,1.0916328703331908,9.127365835256862,1.6100006103515625,-1555310.319793176,-12628.498813783051,-1609980.0,0,0,0,0,12.174668910408865,21.42857142857143,85.71428571428572,64.28571428571429,14.25999927520752,-14.25999927520752,-0.09565220401174923,-0.10054126250410066,0.9071784563510525,1.2066564074763941,0.02970299631117257,0.11827961591576064,-0.1260504529622164,21736.15,1.2410661501691882,-3689.9687379729266,0.3793104434342455,0.38461538461538464,0.022135361692959033,0.028091479755964818,10.579998970031738,14.25999927520752,0.11538463378584492,0.1923077229764082
11.959999084472656,12.189998626708984,11.38499927520752,11.959999084472656,12114,2023-07-25 00:00:00+10:00,12.85699920654297,12.465999126434326,12.040499019622803,12.183099021911621,15.642299041748046,25.120024070739746,12.38842363753776,12.464130678630498,13.26887838398759,26.033283360378714,46.93236438083515,46.66901307824675,31.3043524077774,54.456528061816954,-62.5,-24.67191806712184,-0.07570704109273763,-0.17414610881200226,0.09843906771926464,13.68961691296506,12.040499019622803,10.391381126280548,0.2739284959293852,0.4755930320460599,1.071159047559496,8.956180013008137,0.8049993515014648,-1550118.597306702,-10466.124865297228,-1609980.0,100,0,0,80,11.582496992170915,14.285714285714286,78.57142857142857,64.28571428571429,14.207099266052246,-14.207099266052246,0.0,0.0,0.9003750595234773,1.1183741455569998,-0.028037406356036243,0.05050503696713293,-0.14754097469194205,20518.0,0.590408421873477,-4609.55517891878,0.3928572169001737,0.38461538461538464,0.049285735223526285,0.0297260529883339,10.579998970031738,14.25999927520752,0.11538463378584492,0.1923077229764082
11.729998588562012,11.959999084472656,11.499999046325684,11.614998817443848,7468,2023-07-26 00:00:00+10:00,12.534999084472656,12.45449914932251,11.971499013900758,12.210699024200439,15.516949033737182,24.967649064064027,12.269435203677158,12.401232022246303,13.204020361770187,25.889817842538566,45.097706966044484,45.517915660957826,13.681154514200509,32.86956650271667,-71.8750064787652,-44.41833294592896,-0.1317968185691445,-0.1656762507634307,0.03387943219428621,13.569792444686332,11.971499013900758,10.373205583115183,0.2670164244143042,0.3884747351174161,1.0275048326014586,8.846361921779215,0.46000003814697266,-1553852.605048049,-9818.144816318061,-1617448.0,0,0,0,0,11.03262306809282,7.142857142857143,71.42857142857143,64.28571428571429,14.094215266418457,-14.094215266418457,-0.028846178381126575,-0.029270407563847828,0.8693894727519845,0.8763366583577403,-0.12173918185340504,-0.009803903235785616,-0.10619470780062357,20078.85,0.3719336515786512,-3626.134249209658,0.2857142857142857,0.32692303705375264,0.058278212152925266,0.023618488701022428,10.579998970031738,14.25999927520752,0.08910890682637929,0.22772283487375905
11.844999313354492,12.07499885559082,11.499999046325684,11.729998588562012,4758,2023-07-27 00:00:00+10:00,12.097999000549317,12.396999073028564,11.936998987197876,12.224499015808105,15.390449028015137,24.825624065399168,12.186444955197905,12.351511027158578,13.146215586350259,25.7489241186184,45.857478904384266,45.98422159849627,13.87877179300036,19.621426238326144,-70.96775056484798,-45.89680295339416,-0.16506607196067336,-0.16555421500287923,0.0004881430422058741,13.524832386867315,11.936998987197876,10.349165587528438,0.266035609347433,0.4348167135547852,0.9951830452202929,8.484084952837945,0.5749998092651367,-1554804.2113612092,-8963.28727625776,-1612690.0,0,0,0,0,10.397904700047462,0.0,64.28571428571429,64.28571428571429,13.98584662677002,-13.98584662677002,0.009900971401344716,0.009852277928656717,0.857445993403693,0.6710164715258379,-0.15702483473641915,-0.046729036427725745,-0.055555602479952726,18356.7,0.25919691447809245,-1844.4683379623602,0.3214284973855406,0.3461537664151976,0.06190978674063978,0.0196204084050613,10.579998970031738,14.25999927520752,0.09803919496219246,0.2156863590002923
11.499999046325684,11.499999046325684,10.694998741149902,11.269998550415039,17215,2023-07-28 00:00:00+10:00,11.706998825073242,12.281999015808106,11.890998983383179,12.199199008941651,15.231749019622804,24.689924058914183,12.045453200615926,12.271398991844242,13.072638447686133,25.604855207492,43.27758773353661,44.38856821019866,16.47136062481795,14.677095644006329,-83.87097550836317,-118.96628533575408,-0.22594579122831604,-0.1776325302479666,-0.04831326098034944,13.500013295537402,11.890998983383179,10.281984671228956,0.27062727267956294,0.3070245776320299,0.9980271025197084,8.855609857047888,1.0349998474121094,-1547426.3716992717,-5451.234092320548,-1629905.0,0,100,0,0,10.591195218219685,100.0,57.142857142857146,-42.85714285714286,13.88181273270752,-13.88181273270752,-0.03921569424531057,-0.04000534290983877,0.8660115841833941,0.6586319626249699,-0.14782615969506074,-0.09259264520479538,-0.07547171287437004,17042.55,1.0101187909086375,-1714.0462021676085,0.17857135452839773,0.26923068949212065,0.05637594022248906,0.01813493282139505,10.579998970031738,14.25999927520752,0.06122446043774249,0.2653062208852163
11.269998550415039,11.959999084472656,11.269998550415039,11.614998817443848,8511,2023-07-31 00:00:00+10:00,11.63799877166748,12.281999015808106,11.913998985290528,12.187699012756347,15.05924901008606,24.558249049186706,11.979229449358684,12.222776756703471,13.01547610924526,25.465652656347242,45.743019997077056,45.867800093395175,34.31752304970639,21.555885155841622,-74.1935501129696,-73.41542134568517,-0.24354730734478736,-0.19081548566733075,-0.0527318216774566,13.493146544767772,11.913998985290528,10.334851425813284,0.26509110189230656,0.40532861667922276,0.9760252047724162,8.403145106709648,0.6900005340576172,-1547426.3716992717,-3518.918326862622,-1621394.0,0,0,80,0,10.249859895324713,92.85714285714286,50.0,-42.85714285714286,13.690603893214062,-13.690603893214062,0.030612272529183526,0.03015306498118208,0.815836836540842,0.452724694204867,-0.028846178381126575,0.0,0.04123712133440205,15887.6,0.5357007981066996,1230.3626805365059,0.2857142857142857,0.32692303705375264,0.04081202485507576,0.01673781258719314,10.579998970031738,14.25999927520752,0.08910890682637929,0.22772283487375905
11.729998588562012,11.844999313354492,11.38499927520752,11.614998817443848,6084,2023-08-01 00:00:00+10:00,11.568998718261719,12.212998962402343,11.942748975753783,12.203798999786377,14.92009901046753,24.42657403945923,11.923193967525632,12.177756168610166,12.9605554311354,25.327835205213876,45.743019997077056,45.86780009339517,51.994299293437926,34.26106098932081,-74.1935501129696,-68.60924940075104,-0.25456220108453387,-0.20356482875077136,-0.0509973723337625,13.477514689103147,11.942748975753783,10.40798326240442,0.25702050951003846,0.3932246936913006,0.9391662642991702,8.085805939891225,0.46000003814697266,-1547426.3843126502,-2408.527860990027,-1621394.0,0,0,0,0,9.932905666922238,85.71428571428572,42.85714285714286,-42.85714285714286,13.510867584090212,-13.510867584090212,0.0,0.0,0.8143786867890265,0.452724694204867,-0.028846178381126575,-0.056074812712072375,0.052083320735732075,15158.05,0.4013708887356883,1443.5066095417503,0.2857142857142857,0.32692303705375264,0.02274059424722966,0.012016324642039429,10.579998970031738,14.25999927520752,0.08910890682637929,0.22772283487375905
11.614998817443848,12.07499885559082,11.38499927520752,11.959999084472656,9140,2023-08-02 00:00:00+10:00,11.63799877166748,12.086498928070068,11.942748975753783,12.222199001312255,14.777499008178712,24.290874042510985,11.92885629320979,12.16162601422961,12.921317927344704,25.194821910480133,48.34680396318356,47.41004581072345,73.29060732083032,53.2008098879916,-64.51612471757602,-41.92707293047247,-0.2327697210198192,-0.20940580720458093,-0.023363913815238252,13.477514689103147,11.942748975753783,10.40798326240442,0.25702050951003846,0.5056197856678813,0.9213686440194653,7.703751793891467,0.6899995803833008,-1541333.0467684045,203.46908103534952,-1612254.0,0,0,80,0,9.366229637929399,78.57142857142857,35.714285714285715,-42.85714285714286,13.341915453513794,-13.341915453513794,0.02970299631117257,0.029270407563847793,0.7657031105562488,0.45340220400524356,0.02970299631117257,-0.09565220401174923,0.0,15033.05,0.6079937205024929,744.9918282417796,0.3928572169001737,0.38461538461538464,0.023259394509451435,0.008592555354050914,10.579998970031738,14.25999927520752,0.11538463378584492,0.1923077229764082
11.614998817443848,11.959999084472656,11.499999046325684,11.499999046325684,4445,2023-08-03 00:00:00+10:00,11.591998863220216,11.844998931884765,11.954249000549316,12.222199001312255,14.654449014663696,24.160349040031434,11.86287825522762,12.112616609199689,12.865579932010625,25.05855501630944,45.230070149889265,45.59155932569403,72.22223374002695,65.8357134514318,-77.41934966109122,-53.156723078122994,-0.24973835397206834,-0.21747231655807842,-0.03226603741398992,13.472031483527207,11.954249000549316,10.436466517571425,0.25393188361864416,0.350357360386584,0.8884137436000016,7.725337541517926,0.46000003814697266,-1545778.0467684045,-160.80208641220815,-1616699.0,0,0,0,0,8.840030468150335,71.42857142857143,28.571428571428573,-42.85714285714286,13.18310045077196,-13.18310045077196,-0.038461544595281616,-0.039220719532374194,0.7489743406088033,0.5485470996330901,-0.019607806471571232,-0.17355372863724827,0.020408209892997187,14545.55,0.30559174455417637,1392.9732667559363,0.2500000740430309,0.3076923076923077,0.006312020380693908,0.0051246083913302955,10.579998970031738,14.25999927520752,0.08000001326851333,0.24000003980554
12.07499885559082,12.649998664855957,11.844999313354492,12.304999351501465,13905,2023-08-04 00:00:00+10:00,11.7989990234375,11.75299892425537,12.017499017715455,12.26589900970459,14.53714900970459,24.009124040603638,11.930896885423596,12.126867182703524,12.843596379833796,24.93165396491832,51.16342109670254,49.17380045825114,75.00002879451193,73.5042899517898,-54.838699322182435,12.696315669646648,-0.19597029727992776,-0.21317191270244829,0.017201615422520522,13.482113628791344,12.017499017715455,10.552884406639565,0.24374699077018358,0.5981488002413193,0.9070984489521638,7.371787864754979,1.1499996185302734,-1543791.604077169,336.84620924433693,-1602794.0,0,0,0,0,8.877487882578553,64.28571428571429,21.42857142857143,-42.85714285714286,13.033814348194637,-13.033814348194637,0.07000003234200114,0.06765867869998364,0.7810441926980445,0.6404754900212188,0.09183681758755058,-0.06956522617009353,0.11458337472545144,14682.85,0.947023227779348,2594.057986385869,0.5000001480860617,0.44230773217701663,-0.0031127865153148283,0.0001711876767308445,10.694998741149902,14.25999927520752,0.13084117799283826,0.1588785068458784
12.189998626708984,12.189998626708984,11.729998588562012,12.07499885559082,10429,2023-08-07 00:00:00+10:00,11.890999031066894,11.764498901367187,12.0864990234375,12.307299003601074,14.420999011993409,23.850999031066895,11.953066419295476,12.12302508439888,12.813455300451718,24.8037270484076,49.513000965057515,48.221333799253344,62.6262833773476,69.94951530396223,-61.2903251694544,-14.091795488290996,-0.16995866510340285,-0.2045292631826392,0.03457059807923635,13.41950757771854,12.0864990234375,10.75349046915646,0.2205781097894668,0.4956863863289748,0.8833771856655417,7.315753783749064,0.5750007629394531,-1538577.0932664422,2168.9697509491816,-1613223.0,0,0,0,0,8.759120725151883,57.142857142857146,14.285714285714286,-42.85714285714286,12.893485411771954,-12.893485411771954,-0.018691630071689502,-0.018868526377438705,0.7742155058382028,0.6757788416841373,0.039603967712517285,0.009615366214155152,0.12903228395261546,14651.45,0.7118066812499786,2744.6545248503826,0.30434788879258,0.40384611397682957,-0.02317294357414548,-0.005814886745713944,10.694998741149902,14.25999927520752,0.1142857345946635,0.18095243285302895
11.614998817443848,11.844999313354492,11.38499927520752,11.38499927520752,6894,2023-08-08 00:00:00+10:00,11.84499912261963,11.706998920440673,12.0864990234375,12.334899005889893,14.293349008560181,23.702074036598205,11.865671474051176,12.06835650594026,12.757437417108807,24.670207369072273,44.83990833375652,45.448373172240885,43.18183317400076,60.26938178195349,-80.64514920921285,-64.24045993862579,-0.20268503188908404,-0.20416041692392817,0.0014753850348441233,13.41950757771854,12.0864990234375,10.75349046915646,0.2205781097894668,0.23687350093250678,0.8695644995739531,7.637809002478862,0.6899995803833008,-1545471.0932664422,527.7503133784048,-1620117.0,0,0,0,0,8.193017969072033,50.0,7.142857142857143,-42.85714285714286,12.76157621153463,-12.76157621153463,-0.057142827807708296,-0.058840468909897276,0.7752480551276926,0.8261477233245285,-0.019801942802689432,-0.04807691080943677,0.0,14174.65,0.4863612152681019,1290.7109247407739,0.04347852736846508,0.2884615783308628,-0.0442706803630172,-0.013623289083089272,10.694998741149902,14.25999927520752,0.06060611137325173,0.25252526860152974
11.38499927520752,11.499999046325684,11.039999008178711,11.499999046325684,12294,2023-08-09 00:00:00+10:00,11.752999114990235,11.695498943328857,12.074999046325683,12.36249900817871,14.189849014282226,23.561774044036866,11.809414177478024,12.026255953376218,12.708126108450646,24.53916052008972,45.75876452523115,45.99187502973192,27.70562824179081,44.50458159771312,-74.99999259569691,-97.6997961744524,-0.2168417758981942,-0.20669668871878139,-0.010145087179412815,13.423984124267358,12.074999046325683,10.726013968384008,0.22343439908629387,0.2868768122782526,0.8403098951863116,7.3070431727974405,0.46000003814697266,-1533177.0932664422,3720.092333155917,-1607823.0,0,100,0,80,7.982422284768896,42.85714285714286,0.0,-42.85714285714286,12.637581563311546,-12.637581563311546,0.010100990640253604,0.010050316587352323,0.7684558555056819,0.7882354738596408,-0.038461544595281616,-0.009900971401344716,-0.019607806471571232,13473.6,0.9124510153188458,617.4697975772367,0.08695669417959505,0.3076923076923077,-0.058278205699490715,-0.021012004655377874,10.694998741149902,14.25999927520752,0.07000003234200124,0.24000003980554
11.039999008178711,11.269998550415039,10.924999237060547,10.924999237060547,10455,2023-08-10 00:00:00+10:00,11.637999153137207,11.61499900817871,12.005999040603637,12.387799015045166,14.078299007415772,23.40939905166626,11.67335034049072,11.94468138179728,12.638199564474563,24.403696228716296,41.99219051842188,43.70579027605383,9.523812344497186,26.803757920096317,-88.88886841279619,-168.11595430884017,-0.27133104130655994,-0.21962355923633708,-0.051707482070222854,13.439399410889827,12.005999040603637,10.572598670317447,0.23878069045957903,0.12292468107593003,0.8213591747633705,7.5181623077564925,0.5749998092651367,-1543632.0932664422,1361.2693109596148,-1618278.0,0,0,0,0,7.930226855815627,35.714285714285715,0.0,-35.714285714285715,12.521026593981848,-12.521026593981848,-0.04999998756076873,-0.05129328129362297,0.7652799443734635,0.8209746930419212,-0.04999998756076873,-0.06862740395266753,-0.11214954792114873,13197.9,0.7921714818266543,-688.0753228605462,0.0,0.21153850140778585,-0.07107519063734516,-0.031012724685210998,10.694998741149902,14.25999927520752,0.021052678441424576,0.3052631827042836
10.924999237060547,11.499999046325684,10.924999237060547,11.269998550415039,6115,2023-08-11 00:00:00+10:00,11.430998992919921,11.61499900817871,11.948499011993409,12.419999008178712,13.995499000549316,23.269099054336547,11.611296218940614,11.894704875768966,12.584544622746739,24.273012669728224,44.92165547170401,45.41511067281034,18.61470772825893,18.61471610484904,-70.5882439025818,-101.51279869712108,-0.28340865682835137,-0.23238057875473994,-0.05102807807361143,13.402965147420936,11.948499011993409,10.494032876565882,0.24345587407549585,0.2667527469180536,0.8037620772277824,7.131873829728064,0.5749998092651367,-1542409.105436989,661.6769920729566,-1612163.0,0,0,80,0,7.547515478863368,28.571428571428573,0.0,-28.571428571428573,12.41146492281193,-12.41146492281193,0.031578886722862354,0.031090528280967353,0.7747491389552532,0.6043548566832928,-0.08411221906810862,0.0,-0.09259264520479538,12842.05,0.47617008187945076,-618.6337423447189,0.11538439456986095,0.11627901594709104,-0.0750526399540726,-0.04032317025320876,10.694998741149902,14.25999927520752,0.05102039780155617,0.2653062208852163
11.38499927520752,11.614998817443848,10.809999465942383,11.039999008178711,10718,2023-08-14 00:00:00+10:00,11.2239990234375,11.557499027252197,11.919749021530151,12.422299003601074,13.90119899749756,23.114999046325682,11.52340434036186,11.83139333002154,12.52397420648917,24.141340892001363,43.34990564273182,44.469909964567364,16.49828914043433,14.878936404396882,-82.35292682903034,-99.61794094099913,-0.3079889896596786,-0.24750226093572766,-0.06048672872395092,13.421413253884488,11.919749021530151,10.418084789175815,0.25196239109429946,0.2070749923995485,0.8038504539616168,7.281254766110975,0.8049993515014648,-1547002.5412641335,-1146.2200826606713,-1622881.0,0,0,0,0,7.192140628836271,21.42857142857143,57.142857142857146,35.714285714285715,12.308476951912208,-12.308476951912208,-0.02040812527237268,-0.020619248418283543,0.7437088318098175,0.6048104842815953,-0.08571428120118585,-0.049504939113862,-0.049504939113862,12677.95,0.8454048170248344,70.0397864934576,0.03846146485662032,0.06976748671075747,-0.09329700398265918,-0.04723145300600709,10.694998741149902,14.25999927520752,0.03125002699485966,0.29166671705707137
11.039999008178711,11.38499927520752,10.924999237060547,11.154998779296875,4374,2023-08-15 00:00:00+10:00,11.177998924255371,11.5114990234375,11.862248992919922,12.410799007415772,13.803449001312256,22.96377405166626,11.466726561736479,11.78129002996786,12.470288895618884,24.01212355754659,44.39746099518992,45.070104090875056,30.78398650201224,21.965661123568566,-76.47058536580607,-83.5543531186452,-0.3145634682313805,-0.26091450239485825,-0.05364896583652223,13.388373324952601,11.862248992919922,10.336124660887242,0.25730775554341495,0.26828551947630513,0.7792897099748565,6.986013404332948,0.46000003814697266,-1547002.5503323316,-1781.6154001455288,-1618507.0,0,0,0,80,6.862149696668253,14.285714285714286,50.0,35.714285714285715,12.21166825926647,-12.21166825926647,0.010416646870436308,0.010362767443400882,0.7100774221549193,0.5055719304202738,-0.02020206504637234,-0.039603967712517285,-0.09345799535245536,11750.05,0.372253735090489,-1246.696022910873,0.07692292971324063,0.09302325132892425,-0.09813910749621886,-0.05190876547457363,10.694998741149902,14.25999927520752,0.04123712133440211,0.2783505903804644
10.924999237060547,11.039999008178711,10.694998741149902,11.039999008178711,7228,2023-08-16 00:00:00+10:00,11.085998916625977,11.419499015808105,11.752998971939087,12.396999015808106,13.72984899520874,22.793574056625367,11.401076168881438,11.726379583909404,12.414199096111426,23.883047691383727,43.53058783262516,44.56434903906706,34.19309975660409,27.158458466350282,-82.35292682903034,-112.25072250895482,-0.32530341502796567,-0.2737922849214797,-0.05151113010648595,13.18307395823023,11.752998971939087,10.322923985647945,0.24335490706763827,0.2507123855059094,0.7564833048442933,6.852204463821702,0.46000003814697266,-1539774.5503323316,420.233369987458,-1625735.0,0,100,0,0,6.915356825010205,100.0,42.85714285714286,-57.142857142857146,12.120668088179475,-12.120668088179475,-0.010309258960350398,-0.010362767443400823,0.6463686281563759,0.4911247704537259,-0.040000006634256624,-0.07692308919056323,-0.16521743018184276,11280.0,0.6407801418439716,-2564.501234930139,0.03846146485662032,0.06976748671075747,-0.08836842372005181,-0.05680144356937114,10.694998741149902,14.25999927520752,0.03125002699485966,0.29166671705707137
10.809999465942383,11.039999008178711,10.34999942779541,10.809999465942383,28931,2023-08-17 00:00:00+10:00,11.062998962402343,11.350499057769776,11.59774899482727,12.36479902267456,13.640149002075196,22.616474056243895,11.310141291506199,11.658499575171106,12.351289306693033,23.75296760953854,41.77381253537955,43.53835928900484,38.906924974717235,34.628003744444584,-79.9999917071771,-133.33329014155967,-0.34835828366490773,-0.2887054846701653,-0.059652798994742406,12.689401424479101,11.59774899482727,10.50609656517544,0.188252466946598,0.13919398359415044,0.7517344673827938,6.954065721753112,0.6899995803833008,-1530130.8570079177,4351.234527356224,-1654666.0,100,0,0,0,7.473230594196589,100.0,35.714285714285715,-64.28571428571429,12.035127927357701,-12.035127927357701,-0.020833293740872505,-0.021053368762979547,0.6066687359193255,0.35887194402130246,-0.010526295574287414,-0.05999996848728084,-0.2231404788754442,11315.65,2.5567245363721924,-4639.471902777188,0.0,0.023255957474423886,-0.0677030025568226,-0.060479233365099014,10.34999942779541,13.914999008178711,0.042553197120520976,0.28723401439739515
10.809999465942383,10.809999465942383,10.004999160766602,10.34999942779541,27046,2023-08-18 00:00:00+10:00,10.878999137878418,11.15499906539917,11.45399899482727,12.311899032592773,13.55504900932312,22.42557405948639,11.162427158627615,11.561573638328461,12.272807350657832,23.61960474205851,38.43307471483256,41.53045794644618,31.764091807715783,34.954705513012435,-86.95650919800121,-159.8173130052011,-0.39914647970084616,-0.3107936836763015,-0.08835279602454466,12.397839966205108,11.45399899482727,10.510158023449431,0.1648054922659039,-0.08484405769131766,0.7555391700822929,7.299895766692092,0.8050003051757812,-1533994.562139039,4334.443865708774,-1681712.0,0,0,-80,0,8.457927386445116,100.0,28.571428571428573,-71.42857142857143,11.900317647392718,-11.900317647392718,-0.04255319712052097,-0.043485117821171856,0.6013551697021329,0.30487417105875053,-0.08163258571011511,-0.15887850684587834,-0.2173913137536716,11755.0,2.3008081667375584,-4884.961199499581,0.0,0.0,-0.05983456848259293,-0.06367659157779335,10.004999160766602,12.764999389648438,0.03333336097606867,0.23333334254757845
10.34999942779541,10.34999942779541,9.774998664855957,10.004999160766602,9980,2023-08-21 00:00:00+10:00,10.671999168395995,10.947999095916748,11.356248998641968,12.235999031066894,13.458449010849,22.230649065971374,10.984361312802843,11.446271825175732,12.183873696152293,23.484136029806848,36.101195198728924,40.07501602957,24.025996393325105,31.565671058586105,-91.9999827509341,-173.50428300324538,-0.4619105123728886,-0.34101704941561894,-0.12089346295726966,12.461386283286624,11.356248998641968,10.251111713997313,0.19463068919619722,-0.1113493122756445,0.7426435695720901,7.4227249561826785,0.5750007629394531,-1535990.5555180602,3298.445804827381,-1691692.0,0,0,0,0,9.665534700475083,100.0,21.42857142857143,-78.57142857142857,11.710785798730107,-11.710785798730107,-0.03333336097606865,-0.03390158027161484,0.5209936048465651,0.3276372461849207,-0.09374999460102806,-0.1714285624023718,-0.16346154459528162,10905.2,0.9151597403073762,-2637.3142866197986,0.0,0.0,-0.072545091012367,-0.06546026424485807,9.774998664855957,12.649998664855957,0.022988557241720095,0.2643677887012127
10.004999160766602,10.004999160766602,9.544999122619629,9.889999389648438,17504,2023-08-22 00:00:00+10:00,10.418999290466308,10.79849910736084,11.252749013900758,12.157799034118652,13.371049013137817,22.04204905986786,10.815997940009858,11.330992385507043,12.09391784099528,23.348870988611242,35.33166215277876,39.58942108862607,19.597091653506393,25.129059951515824,-88.88887865083782,-165.35154186822584,-0.5149944454971855,-0.37581252863193226,-0.13918191686525327,12.491923812100222,11.252749013900758,10.013574215701293,0.22024392380362975,-0.04986174114919529,0.7224547458988674,7.304901824918603,0.46000003814697266,-1527238.5373733712,5359.502752792556,-1709196.0,0,100,0,0,11.070307060414374,100.0,14.285714285714286,-85.71428571428572,11.47849134266521,-11.47849134266521,-0.011494230960970131,-0.01156080023368555,0.5201401258294782,0.2223501415547738,-0.1134020195498554,-0.1313131296208916,-0.17307691080943677,11174.7,1.5663955184479224,-2838.5093053606197,0.0,0.0,-0.08395861790592549,-0.06715005881502992,9.544999122619629,12.649998664855957,0.034883750082928204,0.27906971137898423
9.889999389648438,10.119998931884766,9.429999351501465,10.119998931884766,14031,2023-08-23 00:00:00+10:00,10.23499927520752,10.660499095916748,11.177999019622803,12.065799026489257,13.284799013137818,21.85919906139374,10.708921169529074,11.241289166720208,12.01650925632428,23.21724042088262,38.17034701748756,41.08848427926974,26.739936103268775,23.45434138336682,-78.57143703349175,-125.44461167732958,-0.5323679971911339,-0.4071236223437726,-0.12524437484736134,12.498447238805412,11.177999019622803,9.857550800440194,0.23625842458289406,0.0993784260646865,0.7201365197906126,7.115974266772902,0.6899995803833008,-1513207.5373733712,10179.843981251586,-1695165.0,0,0,80,0,12.374738537500857,100.0,7.142857142857143,-92.85714285714286,11.207802431858829,-11.207802431858829,0.023255769103187385,0.022989474393721815,0.5265456167847868,0.40357473180141,-0.08333334773059187,-0.12000001990276998,-0.12871287453889657,11502.85,1.2197846620620107,-2296.7843489235447,0.09523790719228405,0.03999992038892663,-0.09442102819457121,-0.065670106390945,9.429999351501465,12.649998664855957,0.06818178391396273,0.25
10.119998931884766,10.119998931884766,9.774998664855957,9.889999389648438,13771,2023-08-24 00:00:00+10:00,10.05099925994873,10.556999111175537,11.085999059677125,11.982999038696288,13.199699010848999,21.665999064445497,10.58293320339359,11.141193627677854,11.93311671253307,23.084631057387753,36.44738182629458,40.04509687330837,33.08913399041697,26.47538724906411,-83.33332757442895,-101.6438594579756,-0.5582604242842635,-0.4373509827318708,-0.1209094415523927,12.493328244183543,11.085999059677125,9.678669875170707,0.25389307304296416,0.07508176367132213,0.6933410731647695,7.0105269560528845,0.3450002670288086,-1517797.8199509988,9765.816938080592,-1708936.0,0,0,0,0,13.58599633765259,92.85714285714286,0.0,-92.85714285714286,10.92335393900165,-10.92335393900165,-0.02272722989245346,-0.022989474393721846,0.5259318920475161,0.40493221647185673,-0.08510639424104194,-0.09473683475428629,-0.1568626956790743,11953.5,1.1520475174635043,-2656.869853700119,0.0,0.0,-0.10410524024102946,-0.0659793498393009,9.429999351501465,12.649998664855957,0.046511634634521896,0.27906971137898423
9.429999351501465,9.602499008178711,9.314998626708984,9.429999351501465,14980,2023-08-25 00:00:00+10:00,9.866999244689941,10.37299919128418,10.993999099731445,11.90709903717041,13.10884901046753,21.488324060440064,10.405558764640956,11.014438496109232,11.834955247394577,22.94876407523963,33.217864059061384,38.017732212647495,29.100543935236857,29.643204676307594,-95.45451804027144,-130.08716137239097,-0.6088797314682761,-0.47165673247915185,-0.13722299898912427,12.571470274498434,10.993999099731445,9.416527924964456,0.28696949316750864,0.004269943803885724,0.6848881938629612,7.2628657578212,0.5750007629394531,-1520793.7603223838,7755.386944244383,-1723916.0,100,0,0,0,15.302489077783772,100.0,0.0,-100.0,10.68441720500162,-10.68441720500162,-0.0465116346345219,-0.047628056044972736,0.5322792360315458,0.42109387874328535,-0.08888890117454906,-0.16326525604085484,-0.16326525604085484,11841.75,1.2650157282496253,-2678.5159640922357,0.0,0.0,-0.12485712381233856,-0.06894477432086119,9.314998626708984,12.649998664855957,0.012195199650164324,0.34146336530148297
9.429999351501465,9.544999122619629,9.314998626708984,9.429999351501465,5611,2023-08-28 00:00:00+10:00,9.751999282836914,10.211999225616456,10.884749126434325,11.80129903793335,13.026049013137817,21.312374062538147,10.255472701081034,10.897072633545694,11.7406432514772,22.81424900336164,33.217864059061384,38.017732212647495,19.57676825966332,27.255482061772444,-94.99996890192705,-111.89949253577522,-0.6415999324646595,-0.5056453724762534,-0.1359545599884061,12.573761853790755,10.884749126434325,9.195736399077896,0.3103448150687371,0.06934907849694745,0.6523962154377957,6.9183060477508915,0.23000049591064453,-1520793.737056927,6227.910536298063,-1723916.0,100,0,0,0,16.896375193619868,100.0,0.0,-100.0,10.437921860908947,-10.437921860908947,0.0,0.0,0.513320945357438,0.41182636636956776,-0.05747125012463061,-0.14583331533676025,-0.1881187850541033,11696.75,0.4797059012118751,-2939.057015588117,0.0,0.0,-0.13739471865775912,-0.06788450879924728,9.314998626708984,12.649998664855957,0.012195199650164324,0.34146336530148297
9.429999351501465,9.832498550415039,9.314998626708984,9.544999122619629,5219,2023-08-29 00:00:00+10:00,9.682999229431152,10.05099925994873,10.781249141693115,11.679399032592773,12.94669900894165,21.142749071121216,10.146169073625433,10.796919040143763,11.654539560149452,22.682216666239828,34.8905854357872,38.87073297279085,17.989483596478056,22.222265263792806,-89.99997926795136,-84.98501209824009,-0.6507499665183296,-0.5346662912846687,-0.11608367523366092,12.53117716824353,10.781249141693115,9.031321115142699,0.32462435540666906,0.14677118135239223,0.6427607660283856,6.734005501427219,0.5174999237060547,-1521373.6152593382,4852.353438071208,-1718697.0,0,0,0,0,17.606537424554457,100.0,21.42857142857143,-78.57142857142857,10.235795678752954,-10.235795678752954,0.012195098518204439,0.012121337381654952,0.518232867306547,0.44484641235277933,-0.03488375008292821,-0.14432988192390717,-0.17821781365275857,11653.5,0.44784828592268416,-2875.4107964216078,0.03999992038892663,0.018867889101511954,-0.14500374614744266,-0.06379255095592926,9.314998626708984,12.649998664855957,0.0240964397121412,0.3253011867626196
9.544999122619629,9.659998893737793,8.739998817443848,9.659998893737793,26487,2023-08-30 00:00:00+10:00,9.590999221801757,9.912999248504638,10.666249132156372,11.56209903717041,12.882299013137818,20.985774064064024,10.071373661335027,10.71270273300258,11.5763222791137,22.552642360045777,36.60072776893328,39.741475485185326,36.50798163891331,24.69141116501829,-67.99999734629755,-94.40888914353707,-0.6413290716675526,-0.5559988473612455,-0.0853302243063071,12.393356027377468,10.666249132156372,8.939142236935275,0.3238452194059958,0.20868906805859194,0.6625635739044969,6.858836954256915,0.9200000762939453,-1494886.6152593382,12276.184312608093,-1692210.0,0,0,0,0,19.020276786039343,100.0,14.285714285714286,-85.71428571428572,10.07005220938504,-10.07005220938504,0.012048169899318228,0.011976168447232257,0.5042273394563349,0.40228781400241087,-0.04545455402150933,-0.12500002159588774,-0.1923077229764082,12520.85,2.1154314603241793,-2827.776306582483,0.07999984077785326,0.04999990670576179,-0.1424097656307366,-0.059126285676624216,8.739998817443848,12.649998664855957,0.09523811404267822,0.3095238212766739
8.969999313354492,9.889999389648438,8.969999313354492,9.19999885559082,7878,2023-08-31 00:00:00+10:00,9.452999114990234,9.751999187469483,10.551249122619629,11.465499038696288,12.802949018478394,20.82074906826019,9.937315998912842,10.600650593935041,11.483133125250058,22.41978023562334,32.88047748816728,37.4981095327081,45.07937647493733,33.192280570109624,-83.99999867314877,-86.70839757214482,-0.6633345950221994,-0.5774659968934363,-0.08586859812876313,12.345949211653084,10.551249122619629,8.756549033586174,0.3401872267779178,0.12354426923873085,0.6809518955037432,7.401651958792692,0.9200000762939453,-1498825.623425692,12943.868498114636,-1700088.0,0,0,0,0,19.7585272535639,92.85714285714286,7.142857142857143,-85.71428571428572,8.739998817443848,8.739998817443848,-0.04761905702133906,-0.048790174041838066,0.5120358553171658,0.4859217188689253,-0.06976750016585642,-0.14893623403257106,-0.20000003317128334,12692.5,0.6206815048256844,-3031.9576720705654,0.0,0.0,-0.15019172582411242,-0.05864033235364463,8.739998817443848,12.649998664855957,0.05000001036602647,0.37500002591506615
9.429999351501465,9.544999122619629,8.969999313354492,8.969999313354492,13211,2023-09-01 00:00:00+10:00,9.36099910736084,9.613999176025391,10.384499120712281,11.396499042510987,12.692549028396606,20.662049069404603,9.788498047288481,10.479861610188333,11.384578858116898,22.285951569730116,31.17426749197854,36.41881409818338,42.222227750766166,41.269861954872326,-91.30433058204049,-103.02088180513533,-0.691363562899852,-0.6002455100947194,-0.09111805280513263,12.11501013651998,10.384499120712281,8.653988104904583,0.3332873344572061,0.09130574886933453,0.6733838893438427,7.5070673454936845,0.5749998092651367,-1512036.623425692,7836.796710538678,-1713299.0,0,0,-80,0,20.444045544836708,85.71428571428572,0.0,-85.71428571428572,8.739998817443848,8.739998817443848,-0.024999953352880855,-0.025317760141091897,0.41566822555607397,0.41383540447045575,-0.04878049520477756,-0.1333333517618236,-0.2710280547670272,12657.8,1.0437042772045695,-4335.582505531001,0.0,0.0,-0.1450902157260065,-0.06217454518733782,8.739998817443848,12.189998626708984,0.025641082889295307,0.35897430990441354
8.969999313354492,9.084999084472656,8.50999927520752,8.969999313354492,23547,2023-09-04 00:00:00+10:00,9.268999099731445,9.510499191284179,10.229249143600464,11.302199039459229,12.591349039077759,20.505649065971376,9.66257516514479,10.368019958571011,11.289889464204647,22.153454532353244,31.17426749197854,36.41881409818338,31.11111663965505,39.470906955119574,-81.81817839139627,-131.38398409576263,-0.7054447934262207,-0.6212853667610196,-0.08415942666520104,11.880570500737564,10.229249143600464,8.577927786463365,0.32286267231455307,0.1187144843723402,0.6663564550525065,7.428723590429246,0.5749998092651367,-1497908.407804004,9530.445339745609,-1713299.0,100,0,0,80,21.683842186559097,100.0,0.0,-100.0,9.889999389648438,-9.889999389648438,0.0,0.0,0.4189583234883961,0.41383540447045575,-0.04878049520477756,-0.1034482692882911,-0.25714284360355766,13313.7,1.768629306654048,-4140.647495513351,0.0,0.0,-0.13860525475408844,-0.062279465481871396,8.50999927520752,11.844999313354492,0.05128205946037552,0.3205128450477932
8.739998817443848,9.084999084472656,8.279998779296875,8.50999927520752,25606,2023-09-05 00:00:00+10:00,9.061999130249024,9.372499179840087,10.085499143600464,11.191799049377442,12.478649044036866,20.344649066925047,9.485255797462134,10.230388796840382,11.180874162675348,22.0176987586503,27.82513788684129,34.2453989444937,22.539702058828652,31.957682149750013,-91.66664938995946,-148.0374803355254,-0.7451329993782476,-0.6460548932844652,-0.09907810609378243,11.808350943143603,10.085499143600464,8.362647344057324,0.3416492877571336,0.04276396007749185,0.676259587204169,7.946646824922064,0.8050003051757812,-1508882.3818024686,5865.17847584188,-1738905.0,0,0,0,0,23.103777391770148,100.0,7.142857142857143,-92.85714285714286,9.86239938735962,-9.86239938735962,-0.05128205946037556,-0.05264374210581788,0.4114808493740274,0.4465624930483466,-0.10843372892087322,-0.1395349039035657,-0.2525252686015297,14249.3,1.7970005544131993,-5059.833255149386,0.0,0.0,-0.14491728087116937,-0.06216902138663072,8.279998779296875,11.614998817443848,0.02702708760278195,0.36486484214895676
8.164999008178711,8.279998779296875,7.934998989105225,8.049999237060547,16832,2023-09-06 00:00:00+10:00,8.739999198913575,9.165499210357666,9.912999153137207,11.092899055480958,12.375149040222167,20.18882406234741,9.26444709586189,10.068878459078913,11.058094753827708,21.878716673858364,24.93970074337855,32.22604170883983,17.833812474782587,23.82821039108882,-95.99999203889399,-200.46950187295573,-0.8044313632170237,-0.6777301872709769,-0.1267011759460468,11.723436480219428,9.912999153137207,8.102561826054986,0.3652653044985411,-0.01451654476190875,0.6690267799826065,8.310892464468123,0.5750002861022949,-1514493.0174502833,2047.3508275905624,-1755737.0,0,0,0,0,24.793788803915316,100.0,0.0,-100.0,9.79910336303711,-9.79910336303711,-0.054054063140417274,-0.05556986076039479,0.42420607786323444,0.3646524899929514,-0.1666666502126566,-0.20454544597849067,-0.3000000082928208,14476.2,1.1627360771473176,-6093.852824860168,0.0,0.0,-0.15166164197419843,-0.06514549182099601,7.934998989105225,11.614998817443848,0.01428574644155054,0.44285713270266824
8.164999008178711,8.164999008178711,7.589999198913574,7.589999198913574,29281,2023-09-07 00:00:00+10:00,8.417999267578125,8.93549919128418,9.746249151229858,10.996299057006835,12.264749040603638,20.03817407131195,9.00683972710061,9.88525777314074,10.922091006576174,21.73654038057533,22.434329592433947,30.34708324378891,6.722701363671476,15.698738632427629,-100.0,-184.72223023069762,-0.8784180460401299,-0.7178677590248075,-0.16055028701532237,11.756447645468842,9.746249151229858,7.736050656990873,0.41250710156231174,-0.03632762100256931,0.6623105677885015,8.726095358261752,0.5749998092651367,-1543774.0174502833,-9017.29237647471,-1785018.0,0,0,0,0,26.69567640302999,100.0,0.0,-100.0,9.687257100601197,-9.687257100601197,-0.057142867297331756,-0.05884051079283082,0.4321845527486423,0.3898416414432216,-0.17499998445096032,-0.23255817317260952,-0.30526318270428365,15417.5,1.899205448354143,-7244.303252245501,0.0,0.0,-0.16886840691243793,-0.07013756814981857,7.589999198913574,11.614998817443848,0.0,0.5303030360143396
7.934998989105225,8.854998588562012,7.934998989105225,8.624999046325684,44051,2023-09-08 00:00:00+10:00,8.348999214172363,8.854999160766601,9.613999176025391,10.92499906539917,12.171599044799805,19.87199906349182,8.94809500698139,9.791905274858143,10.832008968919292,21.6060772827221,37.61885654824575,38.77995638201036,25.037709580966787,16.531407806473677,-59.09091080430186,-80.18214530804015,-0.8438102678767532,-0.7430562607951966,-0.10075400708155657,11.552559382910992,9.613999176025391,7.67543896913979,0.40327862971318423,0.24491374418321818,0.7053597693499255,8.178085186576505,1.2649993896484375,-1521748.4832027352,-5715.858937875135,-1740967.0,0,0,0,0,26.747180876100483,92.85714285714286,0.0,-92.85714285714286,9.519476468466188,-9.519476468466188,0.13636363065232704,0.12783336648393268,0.6797583021457402,1.3108642450340342,-0.038461571174835396,-0.08536589189135069,-0.23469386373540824,17314.3,2.5441975707940836,-1430.4538506901463,0.29032257201579487,0.16363634444636604,-0.16082706451416037,-0.07279375170173041,7.589999198913574,11.614998817443848,0.11999999557716211,0.34666667846090105
9.19999885559082,9.544999122619629,8.279998779296875,8.50999927520752,20374,2023-09-11 00:00:00+10:00,8.256999206542968,8.762999153137207,9.48749918937683,10.872099075317383,12.073849039077759,19.713299059867857,8.880695663631563,9.696949274884023,10.74094976524432,21.475768048816484,36.75781757760014,38.23982655249951,38.76319786405411,23.507869602897518,-63.63635678279255,-34.41494421035633,-0.8162536112524599,-0.7576957308866492,-0.058557880365810666,11.366614603919793,9.48749918937683,7.608383774833867,0.3961244954090771,0.23990423722668006,0.7453340960622704,8.758333249612352,1.265000343322754,-1534713.7419665474,-7970.958598035853,-1761341.0,0,0,0,0,25.467849567458636,85.71428571428572,14.285714285714286,-71.42857142857143,7.589999198913574,7.589999198913574,-0.013333308270585209,-0.0134229949307071,0.6791232748669377,1.3109348919804253,-0.05128205946037556,-0.09756099040955513,-0.229166663067352,17797.1,1.144793252833327,-1483.372386725759,0.2580645679052307,0.14545456190311482,-0.15408270484522796,-0.07791283954377658,7.589999198913574,11.38499927520752,0.10810812628083459,0.3378378666113214
8.50999927520752,8.50999927520752,7.589999198913574,8.049999237060547,39087,2023-09-12 00:00:00+10:00,8.164999198913574,8.613499164581299,9.332249212265015,10.81229907989502,11.986449041366576,19.559199061393738,8.75289621338987,9.574952975785989,10.635422293550839,21.342178309396026,33.458879351115186,36.126498548482736,46.6063360754521,36.80241450682439,-81.81817839139627,-107.07069065598192,-0.8220567623961195,-0.7705679371885432,-0.05148882520757625,11.146590626030676,9.332249212265015,7.517907798499355,0.38883261098110017,0.14663487106785425,0.7578102375073901,9.41379266247116,0.9200000762939453,-1534713.7419665474,-8168.866768280044,-1800428.0,0,0,0,0,25.163696227393764,100.0,7.142857142857143,-92.85714285714286,9.544999122619629,-9.544999122619629,-0.054054063140417274,-0.05556986076039479,0.6892604795726217,1.3168497672193546,-0.054054063140417274,-0.1566265084316507,-0.2783505048874638,19532.75,2.001100715465052,-3641.7459661065377,0.13333335176182357,0.07272728095155741,-0.14828947755627198,-0.08414189094827386,7.589999198913574,11.039999008178711,0.05714286729733175,0.37142857819822117
8.394998550415039,8.394998550415039,7.589999198913574,7.934998989105225,26763,2023-09-13 00:00:00+10:00,8.14199914932251,8.440999174118042,9.17699921131134,10.73179907798767,11.909399037361146,19.401649057865143,8.627065871192231,9.453474902698524,10.529523340435325,21.2087735400399,32.669487960798726,35.60990143647278,29.41176422763428,38.26043272238022,-85.00001036602431,-101.89984282814305,-0.8264090315062926,-0.7817361560520931,-0.04467287545419951,10.909801646286581,9.17699921131134,7.4441967763361,0.3776403146770312,0.1416209381008105,0.7611808885069669,9.592703030612485,0.8049993515014648,-1538537.0231514266,-8723.703508725157,-1827191.0,0,0,0,0,24.88126812590496,100.0,0.0,-100.0,9.544999122619629,-9.544999122619629,-0.014285746441550562,-0.014388770073963029,0.6890216138819759,1.2590707984234564,-0.014285746441550562,-0.17857143914900653,-0.2812500269948597,20509.5,1.3049074818986324,-3949.5600743563423,0.10714278309982629,0.05454542301902991,-0.141285724568188,-0.08810131492019421,7.589999198913574,11.039999008178711,0.04347823996768444,0.39130440008078893
7.934998989105225,8.164999008178711,7.76249885559082,8.049999237060547,13071,2023-09-14 00:00:00+10:00,8.233999156951905,8.325999212265014,9.038999199867249,10.667399091720581,11.846149039268493,19.25559906244278,8.538286389018126,9.349513742280896,10.432287101087296,21.077840462398314,34.337814324062,36.5623952828666,21.568626016236305,32.528908773107624,-80.0,-85.03401336079065,-0.8112273532627707,-0.7876343954942286,-0.02359295776854209,10.665995231850452,9.038999199867249,7.412003167884044,0.3599947286215268,0.1960656500184658,0.7355608359413185,9.137402554710155,0.4025001525878906,-1532935.1483113596,-6375.203498092713,-1814120.0,0,0,0,80,24.61901346023678,92.85714285714286,28.571428571428573,-64.28571428571429,9.505899124145508,-9.505899124145508,0.01449278671783305,0.014388770073963083,0.6967739850128327,1.1543593563614238,0.06060607202867918,-0.1249999740849338,-0.2553191827231258,19716.5,0.6629472776608425,-3157.396837950364,0.16666666666666666,0.07272728095155741,-0.1316015096535364,-0.09309339266865191,7.589999198913574,10.809999465942383,0.05714286729733175,0.3428572037839905
8.50999927520752,9.774998664855957,8.394998550415039,8.739998817443848,333833,2023-09-15 00:00:00+10:00,8.256999111175537,8.30299916267395,8.95849916934967,10.621399087905884,11.793249039649963,19.117024066448213,8.56931907031439,9.304364488589263,10.365922854669906,20.95507586891618,43.399771637741146,41.97034250933457,31.26934592250736,27.416578722126044,-50.00002073204864,43.11589806155723,-0.735045418274872,-0.7771166000503573,0.0420711817754853,10.47353415067788,8.95849916934967,7.44346418802146,0.338234106559211,0.4278893376724984,0.8062350210737536,9.22465823982285,1.7249994277954102,-1699851.5329606596,-57944.64829142112,-1480287.0,0,0,0,0,23.799438987393234,85.71428571428572,21.42857142857143,-64.28571428571429,7.589999198913574,7.589999198913574,0.08571424171156239,0.08223805770814716,0.7712328738294181,0.8245570065295054,0.01333330827058532,-0.02564108288929534,-0.15555562312668636,35055.85,9.52288990282649,26607.739384667253,0.4545453517418882,0.18181812698961725,-0.11517294008929066,-0.09671596254621227,7.589999198913574,10.34999942779541,0.1315789215251415,0.18421062107448122
8.624999046325684,9.19999885559082,8.50999927520752,9.19999885559082,33271,2023-09-18 00:00:00+10:00,8.394999027252197,8.325999116897583,8.918249154090882,10.591499090194702,11.735749039649964,18.984199063777922,8.666346729587687,9.296633700959749,10.320200344902098,20.838109928485082,48.50233000876184,45.23819016105924,49.948400603565766,34.26212418076987,-30.000020732048636,52.833888377552576,-0.6302869713720618,-0.7477506743146982,0.11746370294263642,10.360983610953456,8.918249154090882,7.475514697228308,0.32354656882416843,0.5976443378612589,0.797932489595864,8.67318031361452,0.6899995803833008,-1666580.5329606596,-63187.3167712898,-1447016.0,0,0,0,0,23.038405548324224,78.57142857142857,14.285714285714286,-64.28571428571429,7.633699188232422,7.633699188232422,0.05263159043327037,0.05129330529915733,0.7928660737759852,0.8703867932412795,0.08108103867805272,0.02564097657108011,-0.08045980736635072,36220.4,0.9185707501849786,28691.511972513756,0.6363635678279255,0.25454540794117464,-0.09519926049655561,-0.09988018963231046,7.589999198913574,10.119998931884766,0.1749999844509603,0.10000002073205294
8.50999927520752,8.50999927520752,8.049999237060547,8.049999237060547,45866,2023-09-19 00:00:00+10:00,8.394999027252197,8.279999113082885,8.826249146461487,10.524799089431763,11.66674904346466,18.85769906759262,8.571524038429665,9.204290407337586,10.23117285047694,20.710865045983347,39.02936741438949,39.412178344445444,49.12280854899757,43.44685169169029,-80.0,-47.975049616769695,-0.6327663689079213,-0.7247538132333429,0.09198744432542161,10.243831097188401,8.826249146461487,7.408667195734573,0.32121956387221046,0.22620633713525654,0.8230801416626076,10.224599002113134,1.1499996185302734,-1712446.5329606596,-74181.47053384641,-1492882.0,0,0,0,0,21.637871001394352,71.42857142857143,7.142857142857143,-64.28571428571429,7.676525177764892,7.676525177764892,-0.1249999740849338,-0.13353136300730453,0.9035616746189878,1.2827790009077151,0.0,-0.054054063140417274,-0.1860465385380876,37638.5,1.2185926644260532,23159.458179875004,0.18181821608603727,0.07272728095155741,-0.09225940596788462,-0.10391692352752867,7.589999198913574,10.119998931884766,0.05714286729733175,0.25714284360355766
8.164999008178711,8.279998779296875,7.8199992179870605,7.8199992179870605,16535,2023-09-20 00:00:00+10:00,8.371999073028565,8.256999111175537,8.711249160766602,10.446599102020263,11.598899049758911,18.734649062156677,8.455904835284649,9.101750319237548,10.136617021751846,20.582597724311743,37.45381052728628,38.37434739692453,32.53133747639425,43.86751554298593,-89.47368076475533,-72.42525291611335,-0.6458454839528986,-0.708972147377254,0.06312666342435536,10.061948491647385,8.711249160766602,7.36054982988582,0.3101046258587142,0.17007833556918853,0.797145814494551,10.193681511642703,0.45999956130981445,-1728981.5329606596,-77196.44520636089,-1509417.0,0,0,0,0,20.173691752091674,64.28571428571429,0.0,-64.28571428571429,7.718494647506714,7.718494647506714,-0.028571433648665878,-0.02898754209982012,0.8979501772910028,1.2986150197300033,-0.014492726624925734,-0.028571433648665878,-0.2272727229892454,37763.7,0.4378543416031798,22360.727828207495,0.1,0.036363640475778704,-0.08620677675519697,-0.10732964954170154,7.589999198913574,10.119998931884766,0.029411770086172778,0.294117639885103
7.8199992179870605,7.8199992179870605,7.589999198913574,7.589999198913574,4519,2023-09-21 00:00:00+10:00,8.27999906539917,8.256999111175537,8.596249151229859,10.352299098968507,11.5160990524292,18.60584906578064,8.322688583535253,8.989768754769106,10.036749656150345,20.453318136994348,35.89338971596684,37.341867717728846,7.969933201895439,29.874693075762483,-100.0,-108.52178729268566,-0.6670801712338523,-0.7005937521485737,0.03351358091472134,9.917248223387473,8.596249151229859,7.275250079072245,0.3073431327821901,0.11913298293512156,0.7566354005359035,9.968846909024807,0.23000001907348633,-1733500.5329606596,-72849.84891726542,-1513936.0,0,0,0,0,19.134858939367952,100.0,71.42857142857143,-28.571428571428573,9.774998664855957,-9.774998664855957,-0.029411770086172795,-0.029852968693010715,0.8993901024091262,1.3048249091390356,-0.057142867297331756,0.0,-0.23255817317260952,37301.1,0.12114924224754767,22540.79272203705,0.0,0.0,-0.08361278763391038,-0.10949987679397943,7.589999198913574,9.889999389648438,0.0,0.30303036014339546
8.624999046325684,9.659998893737793,8.50999927520752,8.739998817443848,72064,2023-09-22 00:00:00+10:00,8.27999906539917,8.268499088287353,8.561749124526978,10.27869909286499,11.435599050521851,18.49659906864166,8.38689015798273,8.971267277930197,9.985896682083423,20.336767696003797,47.639719656798555,45.0971016873558,19.47090215090049,19.99072427639679,-47.36842564699289,106.01986714209077,-0.584377119947467,-0.6773504257083524,0.09297330576088536,9.828786004530107,8.561749124526978,7.294712244523848,0.29597617532927445,0.57034116201749,0.8504471358422118,9.730517744977666,2.0699996948242188,-1776738.9807697786,-78206.67029124056,-1441872.0,0,0,0,0,19.4881375497522,92.85714285714286,64.28571428571429,-28.571428571428573,9.73129867553711,-9.73129867553711,0.15151511724729616,0.14107856850097808,1.0582220444702277,1.6448263262683405,0.0,0.01333330827058532,-0.07317079337314625,40155.3,1.794632339940182,34156.322418171345,0.5555554531750448,0.18181812698961725,-0.0683947441273167,-0.10822976935525186,7.589999198913574,9.889999389648438,0.1315789215251415,0.13157903064121076
8.394998550415039,8.50999927520752,7.8199992179870605,8.049999237060547,26315,2023-09-25 00:00:00+10:00,8.049999141693116,8.222499084472656,8.492749118804932,10.207399101257325,11.355099058151245,18.38504907131195,8.335060785533164,8.903025200828742,9.90997913521978,20.214511293427247,42.596487254384044,41.83499883454222,25.92592421958403,17.788919857460048,-78.94736152951066,-27.42337861732057,-0.5679644152955774,-0.6554732236257974,0.08750880833022001,9.712562362816323,8.492749118804932,7.272935874793541,0.2872599265437947,0.31851734930816566,0.8554151689575386,10.62627639788315,0.9199995994567871,-1785510.6474364453,-76079.38476623874,-1468187.0,0,0,0,0,18.912129415750204,85.71428571428572,57.142857142857146,-28.571428571428573,9.688472686004639,-9.688472686004639,-0.07894733109187102,-0.08223805770814716,1.093033606288109,1.6660213316567176,-0.1249999740849338,-0.054054063140417274,-0.1463414856143327,41190.5,0.638860902392542,32078.823400488756,0.22222227341247755,0.07272728095155741,-0.06199624269528511,-0.1102011982618975,7.589999198913574,9.889999389648438,0.05714286729733175,0.228571469189327
8.739998817443848,9.084999084472656,8.624999046325684,8.624999046325684,32971,2023-09-26 00:00:00+10:00,8.164999103546142,8.27999906539917,8.446749114990235,10.133799095153808,11.282649059295654,18.27924906730652,8.379666671808936,8.882430670865553,9.859587759184718,20.09919276360534,47.57690738535946,45.29730834054783,42.5925908862507,29.329805752245136,-52.6315743530071,70.63419365442023,-0.5027639990566168,-0.6249313787119612,0.12216737965534441,9.569928683635455,8.446749114990235,7.3235695463450154,0.2659436318883773,0.5793505937569955,0.8682426459900079,10.066582515854144,1.0349998474121094,-1818481.6474364453,-78783.59661817108,-1435216.0,0,0,0,0,18.90786561634463,78.57142857142857,50.0,-28.571428571428573,9.659998893737793,-9.659998893737793,0.07142855450444707,0.06899285569110193,1.1256234253877468,1.4741358390993171,0.07142855450444707,0.07142855450444707,-0.09638555902155499,42578.1,0.7743652253153617,34370.24805188837,0.5,0.16363634444636604,-0.043492484271974476,-0.10878751230411594,7.589999198913574,9.889999389648438,0.11999999557716211,0.14666672268928005
8.624999046325684,9.084999084472656,8.279998779296875,8.279998779296875,22016,2023-09-27 00:00:00+10:00,8.256999015808105,8.314499044418335,8.377749109268189,10.034899082183838,11.206749057769775,18.16022406578064,8.364333149884004,8.83780608630491,9.797643093306764,19.981588843363465,45.05127019144168,43.6600056909109,35.18518177250144,34.56789895944545,-68.42106411748223,26.713104930322807,-0.47347293642090627,-0.5946396902537503,0.12116675383284403,9.354301447869673,8.377749109268189,7.401196770666705,0.23313000326570715,0.44995131028445334,0.8637253359318489,10.431466947694346,0.8050003051757812,-1840497.6474364453,-79732.81086503668,-1457232.0,0,0,0,0,18.46751337101502,71.42857142857143,42.85714285714286,-28.571428571428573,9.61859889984131,-9.61859889984131,-0.040000035382703136,-0.04082203137723824,1.1317087250821933,1.4985240027600728,0.05882347919572073,0.04347823996768452,-0.1428571710640173,42354.55,0.519802476947577,33170.48739677954,0.4285712593301651,0.10909084603805982,-0.026718056470827964,-0.10557910887133175,7.589999198913574,9.889999389648438,0.08333329494064183,0.19444454682495513
8.739998817443848,8.969999313354492,8.50999927520752,8.739998817443848,17814,2023-09-28 00:00:00+10:00,8.48699893951416,8.383499002456665,8.35474910736084,9.931399078369141,11.129699048995972,18.05097406864166,8.422127867970135,8.830561103426312,9.756166847194493,19.869732226190134,48.94308732943483,46.37370721803842,44.44443500624093,40.74073588833108,-47.36842564699289,53.37765391993835,-0.4084332354561777,-0.5573983992942357,0.14896516383805802,9.27266223550874,8.35474910736084,7.4368359792129395,0.21973445673890676,0.7098508553093349,0.851316421512261,9.740463806621452,0.6900005340576172,-1840497.6843685168,-72872.70018395595,-1439418.0,100,0,0,0,18.058614857494668,64.28571428571429,35.714285714285715,-28.571428571428573,9.578026905822755,-9.578026905822755,0.05555556835311948,0.05406723339428362,1.1398013542049932,1.4611148800404583,0.15151511724729616,0.08571424171156239,-0.050000010366026415,42851.35,0.41571619097181306,34535.297222636116,0.7142856296650826,0.20408155666720712,-0.008560169908337384,-0.09912364749061245,7.589999198913574,9.774998664855957,0.1315789215251415,0.11842105119584119
8.739998817443848,8.739998817443848,7.934998989105225,8.50999927520752,16203,2023-09-29 00:00:00+10:00,8.440999031066895,8.360499048233033,8.331749105453492,9.837099075317383,11.050349044799805,17.9382740688324,8.435646546006655,8.806815782817512,9.707297530645985,19.75670005752364,47.14510602124595,45.22996042067471,45.959589948177985,41.86306890897351,-57.894723059021324,2.1352275358520827,-0.37116923681085723,-0.5201525667975601,0.14898332998670283,9.208996203028365,8.331749105453492,7.454502007878618,0.2105793360965891,0.6015963291567427,0.8480080934284296,9.964843309669384,0.804999828338623,-1833553.5250580767,-61231.99510801397,-1455621.0,0,100,-80,0,16.95108204798643,57.142857142857146,28.571428571428573,-28.571428571428573,9.538266351684571,-9.538266351684571,-0.02631574065860054,-0.026668196947752326,1.1401910427376205,1.0240853279729882,-0.02631574065860054,-0.02631574065860054,-0.05128205946037556,43000.95,0.37680562871285406,34439.177660489724,0.571428740669835,0.19512196108604388,0.0033721665690712925,-0.09440215757628734,7.589999198913574,9.774998664855957,0.10810812628083459,0.1486485895872876
8.50999927520752,8.854998588562012,8.50999927520752,8.624999046325684,7028,2023-10-02 00:00:00+11:00,8.555998992919921,8.30299906730652,8.31449909210205,9.770399074554444,10.988249044418335,17.830749068260193,8.46477769990189,8.79334787641071,9.664854452829502,19.645936863382367,48.17034895314147,45.930081404462186,54.848483956092416,48.41750297017051,-52.6315743530071,41.636579491047684,-0.32857017650881915,-0.4818360887398119,0.15326591223099273,9.15360496048115,8.31449909210205,7.47539322372295,0.2018415923999962,0.6850183426934112,0.8120788948517198,9.415408517612205,0.3449993133544922,-1835896.1917247435,-51648.737415612675,-1448593.0,0,0,0,0,16.055568149887648,50.0,21.42857142857143,-28.571428571428573,9.499301008629152,-9.499301008629152,0.013513487768817667,0.013422994930707128,1.1412364952449947,0.7761890110591729,0.07142855450444707,-0.06249998704246695,-0.038461571174835396,42175.0,0.1666390041493776,34534.15045252897,0.6428571851674587,0.21951215565582452,0.017639086300268954,-0.09205521884657188,7.589999198913574,9.774998664855957,0.11999999557716211,0.13333330384774733
8.624999046325684,9.19999885559082,8.50999927520752,8.50999927520752,4574,2023-10-03 00:00:00+11:00,8.532999038696289,8.348999071121217,8.31449909210205,9.70139907836914,10.942249050140381,17.72724906921387,8.471734865333525,8.7723590911364,9.619566014491385,19.5351315142463,47.184688452173845,45.3217696647085,53.3333458982136,51.38047326749473,-57.894723059021324,47.727298904109816,-0.3006242258028742,-0.4455937161524243,0.14496949034955015,9.15360496048115,8.31449909210205,7.47539322372295,0.2018415923999962,0.6164931568665566,0.8033589438182612,9.440176407049941,0.6899995803833008,-1840470.1917247435,-44488.33768548351,-1453167.0,0,0,0,0,15.62074649684653,42.85714285714286,14.285714285714286,-28.571428571428573,9.46111497243484,-9.46111497243484,-0.013333308270585209,-0.0134229949307071,1.1262769365396,0.600139663124019,-0.013333308270585209,0.057142867297331756,0.0,41123.4,0.11122621184046066,35786.29231504169,0.571428740669835,0.19512196108604388,0.023518791055320613,-0.08965857969469532,7.589999198913574,9.774998664855957,0.10810812628083459,0.1486485895872876
8.394998550415039,8.394998550415039,7.8199992179870605,7.8199992179870605,45339,2023-10-04 00:00:00+11:00,8.440999126434326,8.348999071121217,8.302999091148376,9.625499086380005,10.918099055290222,17.62489907026291,8.371467842664838,8.701813915347559,9.548994767569647,19.418563033686507,41.674630654655175,41.83138956429955,35.151524289609874,47.7777847146387,-89.47368076475533,-87.24640408071204,-0.33034607268272076,-0.4225441874584836,0.09219811477576284,9.162349804592584,8.302999091148376,7.443648377704167,0.206997665303936,0.21897394998050895,0.7952618804898467,10.169590281551901,0.690000057220459,-1885809.1917247435,-51940.73436993221,-1498506.0,0,0,0,0,14.666682657395537,35.714285714285715,7.142857142857143,-28.571428571428573,9.423692656964414,-9.423692656964414,-0.08108109471062597,-0.08455740286021496,1.1480996278965412,0.8008253078343425,-0.05555551076408216,0.0,-0.028571433648665878,42548.75,1.065577719674491,33019.99455273613,0.14285718516745874,0.04878049027151097,0.012278193638736874,-0.08939903618765618,7.589999198913574,9.774998664855957,0.029411770086172778,0.2499999542675314
7.934998989105225,8.279998779296875,7.934998989105225,8.049999237060547,3735,2023-10-05 00:00:00+11:00,8.302999210357665,8.394999074935914,8.325999093055724,9.551899099349976,10.88819905757904,17.529449069499968,8.322011134110332,8.653531346585558,9.49021062911831,19.305442995909132,44.02124502684262,43.35815151109743,20.70708176480023,36.3973173175413,-77.77777265875224,-62.53232030629691,-0.3315202124752261,-0.4043393924618321,0.07281917998660598,9.130670245958834,8.325999093055724,7.521327940152615,0.19329119398397324,0.3285014598824505,0.7713145719769872,9.58154838606708,0.45999956130981445,-1887054.1848416985,-50663.69133533514,-1494771.0,0,0,0,100,13.780766235048185,28.571428571428573,0.0,-28.571428571428573,9.387018787803397,-9.387018787803397,0.029411770086172684,0.028987542099820025,1.1309569739396694,0.6772941035037103,-0.07894733109187102,0.06060607202867918,0.06060607202867918,41271.45,0.09049839537985703,34803.04781134115,0.2857143703349175,0.09756098054302194,-0.0025939830263755907,-0.08795221832476884,7.589999198913574,9.774998664855957,0.05714286729733175,0.21428566351334125
8.279998779296875,8.739998817443848,8.164999008178711,8.50999927520752,6958,2023-10-06 00:00:00+11:00,8.302999210357665,8.37199912071228,8.320249104499817,9.496699113845825,10.847949061393738,17.444349071979524,8.350932386586821,8.642899341298296,9.451770968180632,19.19802564545439,48.48530518855808,46.31710320601576,22.222229900761352,26.02694531839055,-55.55554531750449,18.300648387181557,-0.2919669547114747,-0.3818649049117606,0.0898979502002859,9.11790469047417,8.320249104499817,7.522593518525466,0.19173839051115862,0.6189424195380756,0.7655063582917239,8.99537512913662,0.6899995803833008,-1885662.5756094647,-45092.68976225844,-1487813.0,0,0,0,0,13.213177265968815,21.42857142857143,28.571428571428573,7.142857142857143,9.351078396025601,-9.351078396025601,0.057142867297331756,0.055569860760394815,1.0405524819734824,0.8346769578713079,0.0,-0.02631574065860054,-0.013333308270585209,39416.8,0.17652371577601428,29193.69358813033,0.571428740669835,0.19512196108604388,0.004755642898100156,-0.08619615683034694,7.589999198913574,9.774998664855957,0.10810812628083459,0.1486485895872876
8.50999927520752,9.19999885559082,8.50999927520752,8.854998588562012,3993,2023-10-09 00:00:00+11:00,8.348999118804931,8.452499055862427,8.337499070167542,9.441499109268188,10.814599061012268,17.350049073696137,8.428481033044543,8.658610396651165,9.428368129764216,19.095109953346007,51.6025730578045,48.43828304162299,47.222221262404766,30.050510975988846,-38.88890936499102,85.29872345319359,-0.23012936360662195,-0.3515177966507329,0.12138843304411095,9.165179301451433,8.337499070167542,7.509818838883651,0.19854400565882374,0.812620441345886,0.7601130170125509,8.583999301754691,0.6899995803833008,-1885662.5811283397,-38714.30998725491,-1483820.0,0,0,0,0,13.214674411516203,14.285714285714286,21.42857142857143,7.142857142857143,9.31585681208336,-9.31585681208336,0.040540463306453,0.0397402544245441,1.0480127980115328,0.8807206469987472,0.026666616541170418,0.0999999289186777,0.040540463306453,38597.75,0.10345162606628625,29627.2244808179,0.7857140741627063,0.2682925447953858,0.015390976568809887,-0.08251836767574441,7.589999198913574,9.774998664855957,0.14285709670043711,0.10389612907248884
8.50999927520752,8.624999046325684,8.394998550415039,8.50999927520752,5536,2023-10-10 00:00:00+11:00,8.348999118804931,8.440999078750611,8.36049907207489,9.379399118423462,10.79159905910492,17.25977407693863,8.441022301069616,8.647602165433117,9.39235366487964,18.98978546898642,48.4455239833066,46.50869328972381,58.333336212785476,42.59259579198393,-55.55554531750449,9.320888168003696,-0.2065798643635013,-0.3225302101932866,0.1159503458297853,9.180473826715351,8.36049907207489,7.54052431743443,0.19615449928803377,0.5911614670369827,0.7386763756650095,8.680099160725211,0.46000003814697266,-1885662.558173863,-32585.48277676059,-1489356.0,100,0,0,-80,13.04849244427537,7.142857142857143,14.285714285714286,7.142857142857143,9.281339659819965,-9.281339659819965,-0.03896096762794832,-0.03974025442454415,1.0382386133720212,0.9343075256497342,0.0,-0.013333308270585209,0.057142867297331756,36920.2,0.14994501654920614,31524.347729999066,0.571428740669835,0.19512196108604388,0.013315794163180447,-0.07938727556299638,7.589999198913574,9.774998664855957,0.10810812628083459,0.1486485895872876
9.659998893737793,11.269998550415039,9.659998893737793,11.269998550415039,47251,2023-10-11 00:00:00+11:00,9.038998985290528,8.739999055862427,8.52724905014038,9.365599107742309,10.793899054527282,17.16489907503128,8.876249416353527,8.841853749505852,9.465986797645733,18.912971668801628,66.24007056390738,59.9202984355911,74.99999712054775,60.185184865246065,-0.0,354.98977248365594,0.0343956668476757,-0.25114503478509415,0.28554070163276984,10.016532017302527,8.52724905014038,7.037966082978233,0.34929974682459397,1.42082886890898,0.8830565827751888,7.835463144249194,2.7599992752075195,-1838411.558173863,-12081.509574580006,-1442105.0,0,0,0,0,15.052828161528705,0.0,100.0,100.0,7.589999198913574,7.589999198913574,0.32432426677735715,0.28090234201256886,1.5333516205933297,2.2231919463095213,0.4411764293393421,0.36111113670623873,0.4202898533306403,37944.6,1.2452628305476932,47231.323091511185,1.0,0.7804876420802761,0.04816165006250365,-0.06861896965970213,7.589999198913574,11.269998550415039,0.32653059670233425,0.0
11.959999084472656,12.764999389648438,11.499999046325684,11.729998588562012,43008,2023-10-12 00:00:00+11:00,9.77499885559082,9.038999032974242,8.711249017715454,9.370199098587037,10.796199049949646,17.0935990691185,9.315287750539447,9.055790404250752,9.554771573760098,18.84149929984402,68.20954725452214,61.60495333790609,75.8333339092255,69.7222224141863,-20.93024803149189,293.2888597384616,0.25949734628869514,-0.1490165585703363,0.40851390485903144,10.733254766560824,8.711249017715454,6.689243268870085,0.4642286645080077,1.246474032670372,0.9267668868079182,7.900826925176392,1.4950008392333984,-1865780.3208175832,-11303.44414445525,-1399097.0,0,0,0,0,17.633763732035426,57.142857142857146,100.0,42.85714285714286,7.663599185943603,7.663599185943603,0.040816335165369866,0.0400053429098388,1.5345497326805668,2.2074562616035096,0.45714281990978356,0.3421052832582232,0.45714281990978356,39441.45,1.0904264422327272,48797.31681911462,1.0,0.8780486226232981,0.08637969153267976,-0.05782857487324763,7.589999198913574,12.764999389648438,0.35294116690562727,0.08823537302857487
11.614998817443848,11.614998817443848,9.774998664855957,11.039999008178711,19580,2023-10-13 00:00:00+11:00,10.280998802185058,9.291999006271363,8.826249027252198,9.344899091720581,10.805399050712586,17.019999072551727,9.58062794402241,9.202768819356526,9.613015786874554,18.763872431270237,62.33521608473609,57.779850275670896,79.34209969728239,76.7251435756853,-34.88372743352558,127.90425938998142,0.3778591246658838,-0.04364142192309228,0.42150054658897607,11.089003373841672,8.826249027252198,6.563494680662723,0.51273294909376,0.9891715232506739,1.0002121037292135,9.059893057854724,1.9549999237060547,-1858437.8157434145,-7621.307204490993,-1418677.0,0,0,0,0,18.136855915395188,50.0,92.85714285714286,42.85714285714286,7.867655194091797,7.867655194091797,-0.058823500716881916,-0.06062459132812234,1.5420143189988416,2.4401580559236353,0.2972972912397218,0.2972972912397218,0.2631579521663523,23728.8,0.8251576143757796,19031.310221782063,0.8333334101187163,0.7692307855874178,0.12010149274553562,-0.046712367983997666,7.589999198913574,12.764999389648438,0.3125000107979439,0.1562500485907474
10.23499870300293,10.809999465942383,10.23499870300293,10.809999465942383,8094,2023-10-16 00:00:00+11:00,10.671998977661133,9.510499048233033,8.906749057769776,9.319599103927612,10.813449053764343,16.938349072933196,9.76976202431779,9.321822941325848,9.659956323308586,18.68472941668986,60.465883856086556,56.55089955137043,64.4298224412975,73.20175201593521,-39.53488080566095,89.5267042084649,0.4479390829919421,0.05467467905991459,0.3932644039320275,11.326098471790056,8.906749057769776,6.487399643749496,0.5432620585419474,0.8933392996363304,0.9862684038325398,9.123667461222764,0.8050003051757812,-1850343.8157434145,-2846.7687104609795,-1426771.0,0,0,0,0,18.604012942800683,42.85714285714286,85.71428571428572,42.85714285714286,8.063548961914062,8.063548961914062,-0.020833293740872505,-0.021053368762979547,1.5408043984415511,2.511356281895351,0.22077935505327373,0.25333340999585685,0.17500008811122503,22469.95,0.3602144197027586,17111.579896938103,0.7777779569436715,0.7777779569436715,0.15434209780585484,-0.03657911438043238,7.589999198913574,12.764999389648438,0.2978723798436468,0.1808510657068403
10.924999237060547,10.924999237060547,10.23499870300293,10.464999198913574,17001,2023-10-17 00:00:00+11:00,11.062998962402343,9.705999040603638,9.027499055862426,9.301199102401734,10.818049054145813,16.851524069309235,9.87672158964022,9.406502664110125,9.69152663215584,18.602941056313973,57.672080799234124,54.71787190668797,47.23847149555311,63.67013121137776,-46.51163014949158,69.64203191752536,0.47021892553009437,0.13778352835395055,0.3324353971761438,11.504140731273054,9.027499055862426,6.550857380451799,0.5486883266528408,0.7902115710406129,0.965106413134331,9.222231122908482,0.6900005340576172,-1856010.8000782894,-2437.88264123071,-1443772.0,0,0,0,0,19.109764435288515,35.714285714285715,78.57142857142857,42.85714285714286,8.251606979023437,8.251606979023437,-0.03191491989576456,-0.032435302898229705,1.464447855926629,2.4962071733869555,0.22972974033048676,0.22972974033048676,0.3000000236937741,21026.7,0.8085434233617258,22302.243155169785,0.6944445468249552,0.6944445468249552,0.16307518535986862,-0.028825932464965887,7.589999198913574,12.764999389648438,0.27472529575525134,0.2197802548301808
10.464999198913574,11.039999008178711,10.34999942779541,11.039999008178711,6710,2023-10-18 00:00:00+11:00,11.016999053955079,10.027999019622802,9.188499045372009,9.291999101638794,10.827249054908753,16.770449068546295,10.055687346338448,9.52750239330039,9.744407901803797,18.52768790160616,60.913568358963,57.14857722829388,41.16559779340533,50.94463057675207,-34.88372743352558,71.74810890519036,0.5281849530380587,0.21586381329077217,0.3123211397472865,11.747500812040641,9.188499045372009,6.629497278703376,0.5570010409823204,0.8617621501717498,0.945455925080686,8.563913134233694,0.6899995803833008,-1849300.8000782894,86.0146272026468,-1437062.0,0,0,80,0,19.654766925923838,28.571428571428573,71.42857142857143,42.85714285714286,8.432142675448437,8.432142675448437,0.054945040925070465,0.05348867166120915,1.460127145312227,0.7755688112151378,-0.02040812527237268,0.41176472022979405,0.41176472022979405,20535.45,0.3267520312435325,23143.353035157696,0.8333334101187163,0.8333334101187163,0.17275939776485114,-0.019349822379818634,7.589999198913574,12.764999389648438,0.3125000107979439,0.1562500485907474
10.464999198913574,10.464999198913574,9.889999389648438,10.34999942779541,13843,2023-10-19 00:00:00+11:00,10.740999221801758,10.257999038696289,9.3264990568161,9.280499105453492,10.834149060249329,16.674424073696137,10.100966128101058,9.58842809955928,9.768156589097586,18.44631786704088,55.42810544142597,53.528163122506065,33.16122134025397,40.52176354307088,-48.837206835559265,33.333351094435294,0.512538028541778,0.27519865634097335,0.23733937220080464,11.822714252873393,9.3264990568161,6.830283860758807,0.5352952229664313,0.7050104439304556,0.9600661888985137,9.276002337934539,1.1499996185302734,-1840994.9908944855,3753.45601120824,-1450905.0,0,100,0,0,19.63901106835018,21.42857142857143,64.28571428571429,42.85714285714286,8.605456944016437,8.605456944016437,-0.06249996760616838,-0.06453848658415137,1.4798628760009265,0.7529841775337058,-0.11764700143376372,0.2857143364866588,0.3636364321720744,21001.65,0.6591386867222336,22411.077772604924,0.6470589813512738,0.6666668202374327,0.16411278911102972,-0.01286122584257089,7.8199992179870605,12.764999389648438,0.24444447823000987,0.23333334254757845
9.889999389648438,10.119998931884766,9.659998893737793,9.774998664855957,3158,2023-10-20 00:00:00+11:00,10.487999153137206,10.384498977661133,9.378249049186707,9.25059910774231,10.83529905796051,16.573224070072175,10.050817287601811,9.602248141433108,9.768424905793992,18.36003608393456,51.28351779963409,50.71682073704109,27.297016154552566,33.874611762737366,-60.46512883715284,7.110785386585547,0.4485691461687029,0.3098727543065193,0.13869639186218363,11.86658422188984,9.378249049186707,6.889913876483574,0.5306609282078992,0.5797219000120174,0.9407757849813069,9.624306020252229,0.6900005340576172,-1842573.994168076,4410.139534776565,-1454063.0,0,0,0,0,19.367562846464473,14.285714285714286,57.142857142857146,42.85714285714286,8.771838641841716,8.771838641841716,-0.05555563234093153,-0.05715849514211471,1.4156832303346518,0.7437155668139515,-0.11458337472545144,0.14864858958728755,0.11842105119584123,17556.35,0.1798779359035335,11316.84767636311,0.4999999390233715,0.5277777265875224,0.16125939627339061,-0.006825453928824921,7.8199992179870605,12.764999389648438,0.19999997073121903,0.305882468868505
9.774998664855957,9.774998664855957,9.314998626708984,9.314998626708984,4213,2023-10-23 00:00:00+11:00,10.188998985290528,10.43049898147583,9.441499018669129,9.216099100112915,10.819199051856994,16.463399069309233,9.937614416695222,9.580970399601691,9.750643483084776,18.270035711225848,48.17974501575447,48.57386685946168,13.194451643072382,24.55089637929305,-69.76745486705116,-20.27467709659492,0.3566440170935312,0.3192270068639217,0.037417010229609526,11.854745858024664,9.441499018669129,7.0282521793135935,0.5111999343713761,0.47379041590417525,0.9064346602074258,9.730915661204683,0.46000003814697266,-1846786.994168076,2937.3610185293946,-1458276.0,0,0,0,0,18.731793425841566,7.142857142857143,50.0,42.85714285714286,8.931565071753985,8.931565071753985,-0.04705883385956977,-0.04820211265816701,1.3937730173563243,0.7616099077421112,-0.13829795680781454,0.051948064536244454,0.15714279621600946,16451.25,0.25608996276878654,13196.087826995328,0.38235285150495807,0.41666658988128363,0.13938345335479957,-0.002291721811099912,7.8199992179870605,12.764999389648438,0.1604937873458508,0.37037050687771794
9.314998626708984,9.659998893737793,8.969999313354492,8.969999313354492,9930,2023-10-24 00:00:00+11:00,9.88999900817871,10.476498985290528,9.458749032020568,9.172399110794068,10.79159905910492,16.349549067020416,9.788750554642803,9.535713282101899,9.720029986232609,18.17749803562514,45.93434024055559,47.00964818762123,2.7777720188753157,14.423079938833501,-78.57142363522652,-47.07010915872044,0.25303727254090447,0.30598905999931825,-0.05295178745841378,11.853263180918423,9.458749032020568,7.0642348831227135,0.5063067305817588,0.3979438649608653,0.8909750116485597,9.932832551303324,0.6899995803833008,-1856716.994168076,-1091.717557983473,-1468206.0,0,0,0,0,17.766117713838778,0.0,42.85714285714286,42.85714285714286,12.764999389648438,-12.764999389648438,-0.03703696878336327,-0.037740257104034475,1.3840966081429404,0.7639564678530453,-0.1428571428571429,0.054054063140417385,0.04000003538270325,15299.2,0.6490535452834135,10473.239856410406,0.29411771879603354,0.33333341011871637,0.11975563845240064,0.001877545612055858,7.8199992179870605,12.764999389648438,0.1282051486509388,0.4230769639685443
8.739998817443848,8.854998588562012,8.50999927520752,8.624999046325684,14474,2023-10-25 00:00:00+11:00,9.406999015808106,10.211999034881591,9.47599904537201,9.124099111557006,10.760549063682555,16.221324059963226,9.609711861055555,9.468252968340698,9.677087596432337,18.08244829443808,43.739081632953145,45.47209464805126,1.96078048774136,5.977668049896432,-90.0,-91.56626068651813,0.1414588927148568,0.27308302654242594,-0.13162413382756916,11.841087866854075,9.47599904537201,7.110910223889945,0.49917455883179984,0.3200913235653759,0.860191084969875,9.973231073414704,0.46000003814697266,-1861541.6608347427,-4175.851137043443,-1482680.0,0,0,0,0,16.605269323686436,0.0,35.714285714285715,35.714285714285715,12.689099388122559,-12.689099388122559,-0.038461571174835396,-0.03922074717511069,1.3834417282642937,0.17377275042002868,-0.2187500161969158,-0.23469386373540824,0.04166670505935821,14922.1,0.9699707145777069,10797.187854211432,0.20588234218059498,0.25,0.08923307827540791,0.005163259494776888,7.8199992179870605,12.764999389648438,0.09333332375051788,0.4800000928795959
8.969999313354492,9.19999885559082,8.969999313354492,9.19999885559082,7501,2023-10-26 00:00:00+11:00,9.176998901367188,9.958999061584473,9.498999047279359,9.091899099349975,10.728349061012269,16.09597405195236,9.546679090984057,9.448382293322188,9.658378234046396,17.994065712957013,48.18382329237022,48.424167440421414,16.246489132080196,6.995013879565704,-81.57894392265158,-64.55025836564748,0.0982967976618685,0.23812578076631447,-0.13982898310444597,11.84387113057053,9.498999047279359,7.154126963988187,0.49370929960515675,0.4362438160658911,0.8398202795623936,9.128482435104178,0.5749998092651367,-1854040.6608347427,-2671.237497836817,-1475179.0,0,0,0,0,15.667064517074577,0.0,28.571428571428573,28.571428571428573,12.521935383605957,-12.521935383605957,0.06666665192387367,0.06453850731620264,1.3893533230209638,0.7981727239603981,-0.11111117253941183,-0.2156862776981242,0.05263159043327037,14406.45,0.5206695612034887,10307.587515649937,0.3529411406019832,0.3888888632937612,0.07366916219094631,0.009470582689557768,7.8199992179870605,12.764999389648438,0.14999997926794706,0.3875001062517713
9.19999885559082,9.314998626708984,8.969999313354492,8.969999313354492,16760,2023-10-27 00:00:00+11:00,9.015999031066894,9.75199909210205,9.521999049186707,9.064299097061157,10.688099064826964,15.963724057674408,9.457959125194893,9.412946517028285,9.631382982254555,17.904274007488333,46.598013610929435,47.347567166156836,28.36770810686599,15.524992575562598,-86.84209033149014,-70.11865173243463,0.04501260816660846,0.19950314624637328,-0.15449053807976482,11.836443500996726,9.521999049186707,7.207554597376688,0.48612574730464825,0.380748977276054,0.8044759248332578,8.968517128374334,0.3449993133544922,-1870800.6608347427,-7145.601236539893,-1491939.0,0,0,0,0,14.915304290891834,7.142857142857143,21.42857142857143,14.285714285714286,12.36145793927002,-12.36145793927002,-0.024999953352880855,-0.025317760141091897,1.388958038878749,0.7456940551433275,-0.08235288608229463,-0.18749998920205613,0.054054063140417385,14434.3,1.1611231580332957,10314.982243346958,0.29411771879603354,0.33333341011871637,0.05049623726005811,0.01226482169253195,7.8199992179870605,12.764999389648438,0.1282051486509388,0.4230769639685443
8.854998588562012,9.429999351501465,8.624999046325684,8.854998588562012,11054,2023-10-30 00:00:00+11:00,8.9239990234375,9.556499004364014,9.533499026298523,9.041299085617066,10.63864905834198,15.82054906129837,9.365195965712912,9.371617040845598,9.600936535443083,17.81423146600648,45.78659228340526,46.80128999444592,36.406911033478785,27.007036090808402,-91.89190824734388,-85.07294772838425,-0.0064210751326854165,0.15831830197056154,-0.16473937710324696,11.832233513899938,9.533499026298523,7.2347645386971084,0.48224360882825235,0.3524187022476693,0.8045133805720095,9.08541511922089,0.8050003051757812,-1875538.1043725058,-9833.791051975917,-1502993.0,100,0,0,0,13.880615824456157,0.0,14.285714285714286,14.285714285714286,12.20739959270752,-12.20739959270752,-0.012820594603755175,-0.012903487681273704,1.3901733976940316,0.6942056489386591,-0.049382727424995054,-0.18085115392833562,0.026666616541170418,14635.6,0.755281642023559,10078.290598557798,0.26470576398654466,0.3055554531750449,0.026804501311223212,0.014076105165882254,7.8199992179870605,12.764999389648438,0.1168830644323149,0.4415586024075676
8.50999927520752,8.50999927520752,8.279998779296875,8.50999927520752,13652,2023-10-31 00:00:00+11:00,8.831999015808105,9.360999011993409,9.533499026298523,9.013699083328246,10.585749058723449,15.673349053859711,9.233627244096699,9.307793502650185,9.558154682100511,17.72165204122241,43.3479403496989,45.160033013119985,28.787880112894637,31.187499751079883,-94.87178451258637,-110.39655980057287,-0.07416625855348613,0.111821389865752,-0.18598764841923815,11.832233513899938,9.533499026298523,7.2347645386971084,0.48224360882825235,0.27737756217357634,0.78811955405009,9.261100131302555,0.5749998092651367,-1861886.1043725058,-5695.705880838446,-1516645.0,100,100,0,0,13.303825419086508,100.0,7.142857142857143,-92.85714285714286,12.059503580007519,-12.059503580007519,-0.03896096762794832,-0.03974025442454415,1.3974965280408578,0.6991600420239241,-0.05128205946037556,-0.18681319382317907,0.0,15089.5,0.9047350806852447,9607.382020530706,0.17647063127762014,0.22222227341247755,-0.003977446090009979,0.014904437689077054,7.8199992179870605,12.764999389648438,0.08108109471062594,0.5000000560325734
8.279998779296875,8.969999313354492,8.279998779296875,8.50999927520752,4217,2023-11-01 00:00:00+11:00,8.808999061584473,9.107999038696288,9.567999029159546,8.981499090194703,10.52364905834198,15.539374048709869,9.122299864267594,9.248697633950728,9.517050548496865,17.62999380474465,43.3479403496989,45.160033013119985,23.333338861863528,29.509376669412394,-93.10343348486317,-89.74357891283734,-0.126397769683134,0.0641775579559748,-0.19057532763910878,11.781980346420031,9.567999029159546,7.354017711899061,0.46278878384354544,0.26106398330832253,0.7811110526220563,9.178744055803795,0.6900005340576172,-1863291.7671535285,-3932.317751985742,-1516645.0,0,0,0,0,12.482615978075424,100.0,0.0,-100.0,11.83273329196488,-11.83273329196488,0.0,0.0,1.3617893367367788,0.6512081617602247,-0.013333308270585209,-0.229166663067352,0.08823531025851827,13033.4,0.3235533322080194,13283.517773615775,0.1250000323938344,0.22222227341247755,-0.04565413123682944,0.01642856742153646,7.934998989105225,12.764999389648438,0.06756760694180827,0.5000000560325734
8.394998550415039,8.624999046325684,8.394998550415039,8.624999046325684,1877,2023-11-02 00:00:00+11:00,8.693999099731446,8.935499000549317,9.596749019622802,8.956199083328247,10.469599061012268,15.403674046993256,9.045792046122685,9.202497738571095,9.482068136647015,17.540391866849934,44.49088168012359,45.8578025170811,23.33335821178132,25.151525728846575,-87.4999913616464,-84.82477323512013,-0.15670569244841026,0.020000907875097784,-0.17670660032350805,11.745095394194282,9.596749019622802,7.448402645051322,0.44772378024655685,0.27383768632491845,0.7417460128569554,8.599954723159591,0.23000049591064453,-1861414.7671535285,-2256.2209945472423,-1514768.0,0,0,0,0,11.720064354279415,92.85714285714286,0.0,-92.85714285714286,11.6195692212048,-11.6195692212048,0.013513487768817667,0.013422994930707128,1.3595323440144074,0.3262363923450843,-0.06249998704246695,-0.16666671273789224,0.07142855450444707,12940.5,0.1450484911711294,13199.029628885992,0.035714222248811905,0.25,-0.0830939773330117,0.017814642481443294,8.164999008178711,12.764999389648438,0.05333334365328843,0.4800000928795959
8.854998588562012,8.969999313354492,8.624999046325684,8.739998817443848,2647,2023-11-03 00:00:00+11:00,8.647999000549316,8.831999015808105,9.60824899673462,8.942399072647095,10.424749054908752,15.270849039554596,8.998746934018248,9.168238559228335,9.452967379031206,17.45282576685584,45.67126352757746,46.57160203652637,30.00000829281596,25.555568455487016,-83.33333333333333,-56.39741045422986,-0.1694916252100871,-0.01789759874193919,-0.1515940264681479,11.735562402800928,9.60824899673462,7.480935590668311,0.4428097995356448,0.2959280055268667,0.7134070310120878,8.162552946668878,0.3450002670288086,-1862297.1053648791,-1646.178025156958,-1512121.0,0,0,0,0,11.425063622461595,85.71428571428572,14.285714285714286,-71.42857142857143,11.419194994690326,-11.419194994690326,0.01333330827058532,0.01324520201704532,1.3467219369430616,0.3476451615282592,-0.02564108288929534,-0.10588235179338112,0.027026975537635334,12724.95,0.20801653444610782,12836.722825223396,0.07142844449762381,0.2777777265875224,-0.11249247242633587,0.01846626316084294,8.279998779296875,12.764999389648438,0.05263159043327045,0.4605264435701338
8.854998588562012,9.19999885559082,8.739998817443848,8.854998588562012,7407,2023-11-06 00:00:00+11:00,8.647999000549316,8.785999011993407,9.60824899673462,8.930899057388306,10.366099047660828,15.146649034023286,8.976631803948058,9.145035598438238,9.429517622542217,17.36727524766884,46.88755913066135,47.30111182634966,44.166655264041005,32.50000725621285,-79.16667530502026,-33.66239603860862,-0.16840379449017995,-0.04799883789158735,-0.1204049565985926,11.735562402800928,9.60824899673462,7.480935590668311,0.4428097995356448,0.3229573493908755,0.6953065315217224,7.852135994915333,0.46000003814697266,-1866000.6130429932,-2425.3512511558365,-1504714.0,100,0,0,0,11.418916190500738,78.57142857142857,7.142857142857143,-71.42857142857143,11.230843221766719,-11.230843221766719,0.01315787032930027,0.013072057476791707,1.3404445723366407,0.35948489458975535,0.0,-0.049382727424995054,0.0,12895.65,0.5743797327005619,12772.305100769856,0.10714266674643572,0.3055554531750449,-0.13514662004054934,0.019454738094883933,8.279998779296875,12.764999389648438,0.06493505374556051,0.4415586024075676
8.739998817443848,8.969999313354492,8.50999927520752,8.50999927520752,3720,2023-11-07 00:00:00+11:00,8.647999000549316,8.73999900817871,9.60824899673462,8.910199060440064,10.294799046516419,15.01439903497696,8.90484218414182,9.097995870791518,9.393458079509484,17.27914314844037,43.724954949128566,45.35058288182347,42.50000310980953,38.888888888888914,-89.47366353590944,-64.06141098741277,-0.19315368664969768,-0.07702980764320941,-0.11612387900648827,11.735562402800928,9.60824899673462,7.480935590668311,0.4428097995356448,0.2418693177988491,0.6784989248520974,7.972961018090709,0.46000003814697266,-1869720.6130429932,-3707.253820777638,-1508434.0,0,0,0,0,11.080300699003741,71.42857142857143,0.0,-71.42857142857143,11.053792555218529,-11.053792555218529,-0.03896096762794832,-0.03974025442454415,1.3404445723366407,0.35948489458975535,0.0,-0.05128205946037556,0.0,12804.85,0.2905149220803055,12843.058217982209,0.0,0.22222227341247755,-0.16817668685339446,0.019968304193320418,8.279998779296875,12.764999389648438,0.02702708760278195,0.5000000560325734
8.739998817443848,8.739998817443848,8.164999008178711,8.50999927520752,9821,2023-11-08 00:00:00+11:00,8.647999000549316,8.728499031066894,9.470249032974243,8.887199068069458,10.224649052619935,14.887324035167694,8.84409712122885,9.054440567414925,9.358812636203524,17.19188798552263,43.724954949128566,45.35058288182346,40.27779665418239,42.31481834267772,-82.35292682903034,-91.7379040154762,-0.2103434461860747,-0.10369253535178247,-0.10665091083429223,11.504514144009054,9.470249032974243,7.435983921939432,0.42961174599564383,0.26398116632933516,0.6711061308816001,7.886089166150192,0.5749998092651367,-1867756.400011983,-3269.6685602311045,-1508434.0,0,0,0,0,10.294456675457841,100.0,0.0,-100.0,10.88736492866323,-10.88736492866323,0.0,0.0,0.5976964161691241,0.35948489458975535,0.0,-0.013333308270585209,-0.24489792637159458,10933.35,0.8982608258219118,-2481.5877115146936,0.0,0.22222227341247755,-0.15762781774191068,0.02086290212954075,8.164999008178711,12.764999389648438,0.04054057537159962,0.5000000560325734
8.394998550415039,8.394998550415039,8.049999237060547,8.164999008178711,5420,2023-11-09 00:00:00+11:00,8.555998992919921,8.624999046325684,9.291999053955077,8.866499071121217,10.165999054908752,14.761399037837982,8.739620488451907,8.988556007471502,9.311996415496669,17.10206819470329,40.552635815190406,43.37845562750607,22.777799763987392,35.18519984265985,-93.33334439043053,-137.3297420067778,-0.24893551901959476,-0.13274113208534494,-0.11619438693424983,11.11698788585025,9.291999053955077,7.467010222059904,0.39280865641465573,0.1912309746558765,0.6560271242576982,8.034625890346947,0.46000003814697266,-1869563.0666786497,-3368.262296652887,-1513854.0,0,0,0,0,9.723413820940266,100.0,0.0,-100.0,10.669575655024468,-10.669575655024468,-0.04054057537159961,-0.04138525246564895,0.5691272888716262,0.4311311591010092,-0.053333343653288456,-0.11249999740849337,-0.3039215694245311,9053.95,0.5986337454922989,-4456.746572820991,0.0,0.1388888632937612,-0.14059399052670157,0.01992964816694502,8.049999237060547,11.614998817443848,0.01408448072105963,0.42253523923387415
7.8199992179870605,8.049999237060547,7.129999160766602,7.8199992179870605,40176,2023-11-10 00:00:00+11:00,8.371999073028565,8.50999903678894,9.130999064445495,8.843499069213868,10.119999055862428,14.63432403087616,8.598140292995776,8.901996245287469,9.253486721476683,17.00970929941258,37.61377821901912,41.484263010655624,25.55556282457074,29.537053080913584,-72.7272675870944,-222.94937344644592,-0.30385595229169304,-0.16696409612661456,-0.13689185616507848,10.877182383996603,9.130999064445495,7.3848157448943885,0.38247366081778233,0.12460990441843901,0.6830966044830132,8.735251570253336,1.0349998474121094,-1849475.0666786497,3289.245929051889,-1554030.0,100,0,0,0,10.314919673925303,100.0,0.0,-100.0,10.407618013228076,-10.407618013228076,-0.042253500563327884,-0.04317215039456601,0.5559971369953658,0.4170884510355679,-0.10526312630850632,-0.1282051486509388,-0.2916666738652959,10083.75,3.9842320565265896,-5002.559067416703,0.0,0.05555556835311939,-0.13402256033474366,0.017720765552314683,7.129999160766602,11.039999008178711,0.08823531025851833,0.41176472022979405
7.014998912811279,7.014998912811279,6.209999084472656,6.554998874664307,47388,2023-11-13 00:00:00+11:00,7.911999130249024,8.27999906539917,8.918249034881592,8.795199060440064,10.048699049949645,14.51299902677536,8.283810844021703,8.728144588204271,9.147663668660512,16.9056823300121,29.244917328567915,35.51379649957374,18.611105262624026,22.3148226170608,-89.28572169001737,-290.45470239692577,-0.4443337441825683,-0.2224380257378053,-0.22189571844476302,10.823886149094571,8.918249034881592,7.012611920668613,0.4273567842206551,-0.12006825501855815,0.7493039994138269,11.431031701774321,1.6100001335144043,-1856244.797004374,3559.744560559746,-1601418.0,0,0,0,0,11.728429124195019,100.0,0.0,-100.0,10.014303750932699,-10.014303750932699,-0.16176476596226264,-0.17645650901583734,0.758641509307263,0.9733415562097477,-0.25974026883173207,-0.25974026883173207,-0.39361709542019285,12048.45,3.9331200278874046,-12499.643117297783,0.0,0.0,-0.1443120303906894,0.012645855728460807,6.209999084472656,11.039999008178711,0.05263155597556353,0.6842106641466188
6.784998893737793,7.244998931884766,6.554998874664307,7.014998912811279,8745,2023-11-14 00:00:00+11:00,7.612999057769775,8.130499029159546,8.745749020576477,8.76529905319214,9.97854905128479,14.386499028205872,8.088609008450868,8.601244908545532,9.064029756666423,16.807267569641944,34.9157544313462,38.872840012128734,25.883836921638046,23.350168336277687,-75.00000740430308,-164.4444541852168,-0.5126359000946632,-0.28047760060917687,-0.23215829948548633,10.684411647948876,8.745749020576477,6.807086393204079,0.4433382716131525,0.05362266664442752,0.745068003542872,10.621070834126245,0.690000057220459,-1853329.797004374,4274.289949761936,-1592673.0,0,0,0,0,12.685876732930456,92.85714285714286,21.42857142857143,-71.42857142857143,9.481701097628292,-9.481701097628292,0.07017545646345069,0.06782261303411652,0.8271853979998505,1.3385377534087268,-0.17567573322264285,-0.17567573322264285,-0.32967038224527123,11635.65,0.7515695298500729,-11343.373197377014,0.10256410801631814,0.08888890117454903,-0.14707894683780515,0.007758701045115293,6.209999084472656,11.039999008178711,0.11475409167469382,0.5737705943213613
7.244998931884766,7.704998970031738,7.014998912811279,7.244998931884766,19171,2023-11-15 00:00:00+11:00,7.359998989105224,8.00399899482727,8.55599901676178,8.749199047088624,9.92104905128479,14.26632402896881,7.958822842825314,8.500782243607697,8.992695214518124,16.71212061802247,37.608347393752155,40.499981156410435,30.562198466678467,25.019046883646926,-67.85715026144594,-95.76359267207145,-0.5419594007823827,-0.33277396064381803,-0.20918544013856466,10.291546795302843,8.55599901676178,6.820451238220717,0.4056914394545879,0.12230942268294452,0.7411345788055568,10.22960231979983,0.690000057220459,-1859720.1303377072,2144.744280214887,-1573502.0,100,0,0,0,12.895271741094659,85.71428571428572,14.285714285714286,-71.42857142857143,9.023662815786503,-9.023662815786503,0.032786893046190535,0.032260869770882085,0.8045363736500506,1.4106534160758668,-0.14864870165243416,-0.14864870165243416,-0.34375003779280355,12258.7,1.5638689257425338,-11083.49689539572,0.18181817039556622,0.13333335176182357,-0.13229323401486986,0.0024297696373470857,6.209999084472656,10.464999198913574,0.14285714285714285,0.4444445468249551
7.359999179840088,7.359999179840088,7.129999160766602,7.359999179840088,6317,2023-11-16 00:00:00+11:00,7.1989990234375,7.877499008178711,8.406499004364013,8.744599046707153,9.870449051856994,14.140399034023284,7.866696125442972,8.416279794439726,8.928667919040553,16.61906468331419,38.9679389407339,41.320032559939,47.22886801279633,34.55830113370436,-64.28571428571428,-81.13573105151148,-0.5495836689967541,-0.37613590231440525,-0.1734477666823489,10.008098424879845,8.406499004364013,6.80489958384818,0.3810383893900194,0.1732953911200607,0.7046249673961231,9.57370986298714,0.23000001907348633,-1853403.1303377072,3088.5442990169395,-1567185.0,100,0,0,0,13.089709962961418,78.57142857142857,7.142857142857143,-71.42857142857143,8.629749893402565,-8.629749893402565,0.015873052437483937,0.015748392961286772,0.7971264529046626,1.4364785630331258,-0.0985915402478642,-0.1466666674038063,-0.28888892881728434,11882.4,0.5316266074193766,-10118.039771575943,0.2500001110645627,0.1555556231266864,-0.12105262369141578,-0.0036777927036903348,6.209999084472656,10.119998931884766,0.15625003036921778,0.37500000809845807
7.359999179840088,7.359999179840088,6.784998893737793,7.359999179840088,6519,2023-11-17 00:00:00+11:00,7.106999015808105,7.739499044418335,8.28574903011322,8.719299049377442,9.822149057388305,14.01964903831482,7.788742749196374,8.338036785950864,8.867151497895437,16.526934678304496,38.9679389407339,41.320032559939,62.263838279185336,46.68496825288679,-61.53845540471836,-77.1632767798246,-0.5492940367544898,-0.41076752920242215,-0.1385265075520677,9.819135019048428,8.28574903011322,6.75236304117801,0.3701261004557016,0.19813541503793944,0.6953660615894212,9.447909498334067,0.5750002861022949,-1846884.1303377072,5268.09482497978,-1567185.0,100,0,0,0,13.644190840141144,71.42857142857143,0.0,-71.42857142857143,8.290984780152378,-8.290984780152378,0.0,0.0,0.7845281315020045,1.4209853215579875,-0.05882354017234559,-0.1578947167417767,-0.24705880459078877,12050.45,0.5409756482123074,-9942.59508464328,0.2916668034406223,0.1555556231266864,-0.11439473180842598,-0.0072285727034954615,6.209999084472656,9.774998664855957,0.15625003036921778,0.3281249665938604
7.359999179840088,7.359999179840088,6.899999141693115,7.014998912811279,965,2023-11-20 00:00:00+11:00,7.1989990234375,7.555499076843262,8.170749044418335,8.689399042129516,9.78074905872345,13.909824035167695,7.66970523590636,8.240033980533116,8.794518063186255,16.432288551284664,36.221685328655354,39.51857314966808,59.807696396854375,56.433467562945424,-73.07692675716899,-72.222219691795,-0.5703287446267566,-0.44267977228728905,-0.1276489723394676,9.722993493572387,8.170749044418335,6.618504595264282,0.3799515664269321,0.1277164552796694,0.6785542027721034,9.672905316248597,0.46000003814697266,-1847366.6313380285,5527.2883741369005,-1568150.0,0,0,-80,0,14.159065940379461,64.28571428571429,28.571428571428573,-35.714285714285715,7.9996467827572175,-7.9996467827572175,-0.04687504150459765,-0.04800926273216893,0.7844221574188214,0.6833943214524295,0.07017545646345069,-0.20779220429548761,-0.24691358593471968,11888.05,0.08117395199380892,-9789.570632644853,0.17391305915466956,0.08888890117454903,-0.11629699549280627,-0.011751261547404565,6.209999084472656,9.659998893737793,0.11475409167469382,0.37704923604421814
6.669999122619629,7.014998912811279,6.669999122619629,6.899999141693115,1534,2023-11-21 00:00:00+11:00,7.1759990692138675,7.394499063491821,8.067249035835266,8.666399040222167,9.739349060058593,13.795974040031433,7.551288913719707,8.140772140619042,8.720223203519858,16.337439900442956,35.3279400753505,38.924616144951266,46.3817721772703,56.151102284436746,-76.92307324283102,-81.628991872954,-0.5894832268993353,-0.4720404632096983,-0.11744276368963702,9.667816025185939,8.067249035835266,6.466682046484593,0.3968061435170394,0.1353636236694826,0.6547288875877854,9.488825638130855,0.3449997901916504,-1846855.2965912293,5293.538756943075,-1569684.0,0,0,0,0,14.895929731646786,57.142857142857146,21.42857142857143,-35.714285714285715,7.7490961049973786,-7.7490961049973786,-0.016393412536122254,-0.016529271362935322,0.779389230967293,0.48607278666460446,-0.016393412536122254,-0.18918922099146052,-0.2307692675716898,11468.25,0.1337605999171626,-9446.941027456465,0.1304348845053522,0.06666672195213734,-0.1218308244432723,-0.017527491327952067,6.209999084472656,9.429999351501465,0.10000002073205294,0.3666667426841941
7.014998912811279,7.474998950958252,6.899999141693115,7.359999179840088,20676,2023-11-22 00:00:00+11:00,7.198999118804932,7.279499053955078,8.003999042510987,8.654899044036865,9.693349061012269,13.684999043941497,7.521859723892073,8.082937106487268,8.66688108494418,16.24811213207875,41.54147214802572,42.551099314573534,49.31217948057429,51.83388268489973,-61.53845540471836,-40.498079038922185,-0.5610773825951956,-0.48984784708679774,-0.07122953550839783,9.611368289976424,8.003999042510987,6.39662979504555,0.40164153916769546,0.2996727062912322,0.6490339534218819,8.818397088951627,0.5749998092651367,-1834449.6828742367,8663.923845593818,-1549008.0,0,0,0,0,14.782289783223911,50.0,14.285714285714286,-35.714285714285715,7.533622522123918,-7.533622522123918,0.06666668048803537,0.06453853409510424,0.8200152984035438,0.6682459423142845,0.015873052437483937,-0.13513515785104324,-0.1466666674038063,11778.35,1.7554241468456957,-7511.847960501278,0.30434794366002177,0.1555556231266864,-0.12312781470162541,-0.022392557151034206,6.209999084472656,9.429999351501465,0.15625003036921778,0.281250054664592
7.934998989105225,8.969999313354492,7.589999198913574,7.934998989105225,47881,2023-11-23 00:00:00+11:00,7.313999080657959,7.2564990520477295,7.9407490491867065,8.652599039077758,9.65999906539917,13.580349040031432,7.585419610847942,8.071978727421932,8.638179826283828,16.16539458836757,48.23633090071283,46.704547056463255,54.312176025232844,50.00204256102589,-42.30769108094368,58.18859700248962,-0.4865591165739902,-0.4891901009842362,0.0026309844102460067,9.451544449620586,7.9407490491867065,6.429953648752827,0.38051710010622125,0.4980970090060406,0.7176743948570621,9.044416966434792,1.6100001335144043,-1858390.199418757,1637.6512226404157,-1501127.0,100,0,0,0,14.71044540008162,42.85714285714286,7.142857142857143,-35.714285714285715,6.209999084472656,6.209999084472656,0.07812498279077662,0.07522340527540919,0.8344695402307614,0.8579861636768733,0.07812498279077662,-0.02816901984226816,-0.13750000259150663,13797.35,3.4703040801313296,-4271.212215577079,0.5714285150148392,0.26666670352364713,-0.10522932217533428,-0.02556782691561728,6.209999084472656,9.429999351501465,0.21739132002423667,0.1884058667743852
7.589999198913574,8.394998550415039,7.589999198913574,7.934998989105225,19775,2023-11-24 00:00:00+11:00,7.428999042510986,7.2679990291595455,7.888999032974243,8.636499042510986,9.628949065208435,13.485474035739898,7.6392010536567545,8.061832080139213,8.610604107178785,16.08350010479282,48.23633090071284,46.704547056463255,65.23809678947548,56.287484098427605,-37.5000086383536,51.55805354497921,-0.42263102648245887,-0.4758782860838807,0.05324725960142185,9.324243220086842,7.888999032974243,6.453754845861644,0.363859643311807,0.5160251323586698,0.7239118917602337,9.123024372834411,0.8049993515014648,-1861215.1960720092,-2284.4729875698686,-1501127.0,0,0,0,0,14.643732758592346,35.714285714285715,0.0,-35.714285714285715,6.265199089050293,6.265199089050293,0.0,0.0,0.8316323613358162,0.8579861636768733,0.07812498279077662,0.014705854554774023,-0.11538466036539874,13948.1,1.4177558233737928,-3852.2129973827964,0.6000001243923176,0.26666670352364713,-0.08906014593024032,-0.027042257347885443,6.209999084472656,9.429999351501465,0.21739132002423667,0.1884058667743852
8.279998779296875,8.279998779296875,7.934998989105225,8.049999237060547,24447,2023-11-27 00:00:00+11:00,7.63599910736084,7.41749906539917,7.84874906539917,8.613499050140382,9.602499070167541,13.388874037265778,7.702400774180415,8.060955573244497,8.588619602468267,16.003564772775583,49.57580091552401,47.540839245780795,56.66665975598374,58.738977523564095,-33.333333333333336,76.93497921335984,-0.3585547990640823,-0.45241358867992104,0.09385878961583877,9.216959145008772,7.84874906539917,6.480538985789569,0.34864411340178764,0.5735450552004411,0.6968467416481922,8.656482083129308,0.3449997901916504,-1869364.1510198542,-6274.148285373114,-1476680.0,0,0,0,0,14.58178530578088,28.571428571428573,85.71428571428572,57.142857142857146,6.319295093536377,6.319295093536377,0.01449278671783305,0.014388770073963083,0.833764156950131,0.6613773385071041,0.14754105269483042,0.22807026987823886,-0.09090903216419266,14617.75,1.6724188059037814,-3356.188987742022,0.6500002384186088,0.28888897488850995,-0.07150751845280955,-0.027042257347885394,6.209999084472656,9.19999885559082,0.228571469189327,0.14285710900889417
7.474998950958252,7.474998950958252,7.129999160766602,7.244998931884766,9582,2023-11-28 00:00:00+11:00,7.70499906539917,7.4404990673065186,7.785499048233032,8.597399044036866,9.561099066734315,13.287674038410186,7.632031259981084,8.000514340551184,8.535928595778717,15.916414863910997,41.48360504718308,42.62478514763874,43.888881594279134,55.26454604657952,-62.5000086383536,-21.32846156180859,-0.36848308057010026,-0.4356274870579569,0.06714440648785663,9.142499062974615,7.785499048233032,6.42849903349145,0.34859679677170136,0.30084741692092176,0.7127862655514603,9.838321195804939,0.9200000762939453,-1872558.1598489487,-8352.186599606881,-1486262.0,0,0,0,0,13.681629046736798,21.42857142857143,78.57142857142857,57.142857142857146,6.372309177932739,6.372309177932739,-0.1000000473875482,-0.10536056831065901,0.8942684144568938,1.1240418736940816,0.04999997581260485,0.032786893046190535,-0.14864870165243416,14414.25,0.6647588324054321,-3782.494311752758,0.3000000621961588,0.13333335176182357,-0.06969172757371031,-0.031642257168370234,6.209999084472656,9.19999885559082,0.14285714285714285,0.2698412990928443
7.129999160766602,7.129999160766602,6.439999103546143,6.669999122619629,21949,2023-11-29 00:00:00+11:00,7.566999053955078,7.382999086380005,7.693499040603638,8.574399042129517,9.51049907207489,13.18762404203415,7.484026315771629,7.901957657741439,8.462754890948949,15.82441072718173,36.85595362010883,39.5569398812715,28.585854746590275,43.04713203228445,-83.33333333333333,-100.90088834308187,-0.4179313419698101,-0.4320882580403275,0.014156916070517445,9.090453204284362,7.693499040603638,6.296544876922914,0.3631518393147464,0.13366732259587175,0.7193729486076863,10.785203047000612,0.804999828338623,-1879874.493182282,-10770.927734253462,-1508211.0,0,0,0,0,13.639326621633959,14.285714285714286,71.42857142857143,57.142857142857146,6.424262980641174,6.424262980641174,-0.07936506473929217,-0.08269169995848255,0.9303426748163977,1.1531537013543685,-0.09375001822153062,-0.07936506473929217,-0.2162162525616692,15300.85,1.434495469205959,-5524.478117715482,0.05000011402629115,0.022222271364862822,-0.07418796352874087,-0.03808115211569251,6.209999084472656,9.19999885559082,0.06896553203238032,0.3793103546882535
6.669999122619629,7.359999179840088,6.669999122619629,6.899999141693115,16844,2023-11-30 00:00:00+11:00,7.359999084472657,7.336999082565308,7.60724904537201,8.560599040985107,9.456449069976806,13.08929904460907,7.3941759812980115,7.827738508404527,8.401470351762445,15.735610611903237,39.75114832939057,41.33044922804477,16.42899487098099,29.634577070616867,-75.0,-53.88524070535994,-0.4335625271065151,-0.43238311185356504,-0.0011794152529500668,8.976232118494993,7.60724904537201,6.238265972249026,0.35991540830540464,0.24168785664183365,0.7172748849371701,10.395289480589208,0.690000057220459,-1885489.1598489487,-12567.722343798028,-1491367.0,0,0,0,0,13.284235051606073,7.142857142857143,64.28571428571429,57.142857142857146,6.439999103546143,6.439999103546143,0.03448276601619016,0.03390155882466514,0.9404149256892875,0.949079114796674,-0.13043477999596054,-0.06250001214768708,-0.20000001105709475,16049.2,1.049522717643247,-4969.0152234808465,0.1500001347583441,0.06666672195213734,-0.07081578154312955,-0.04443169171355073,6.209999084472656,9.19999885559082,0.10000002073205294,0.3333333333333333
6.899999141693115,7.129999160766602,6.784998893737793,7.014998912811279,4009,2023-12-01 00:00:00+11:00,7.1759990692138675,7.302499055862427,7.5209990501403805,8.526099042892456,9.402399067878724,12.9760240483284,7.335841047684668,7.767535575397619,8.347098922783967,15.648838356190879,41.202778411020056,42.22050895949007,21.290108201668648,22.10165260641337,-77.27273669638575,-62.50963936673886,-0.4316945277129509,-0.43224539502544224,0.000550867312491321,8.80858828684025,7.5209990501403805,6.233409813440512,0.34239845746977876,0.3035087111220362,0.6906838408008585,9.845815364838954,0.3450002670288086,-1884152.830209603,-11735.058676656801,-1487358.0,0,0,0,0,12.95450716515161,0.0,57.142857142857146,57.142857142857146,6.439999103546143,6.439999103546143,0.016666635568587163,0.016529271362935173,0.9415551888854901,0.9846393383675575,-0.1159420533710348,-0.04687504150459765,-0.1973684368457469,16117.3,0.24873893269964573,-4937.49194847862,0.20000004146410588,0.08888890117454903,-0.06139097500564483,-0.04762905150616151,6.209999084472656,9.19999885559082,0.11475409167469382,0.31147544995183707
7.014998912811279,7.589999198913574,7.014998912811279,7.474998950958252,4148,2023-12-04 00:00:00+11:00,7.060999011993408,7.348499059677124,7.451999068260193,8.51459903717041,9.360999069213868,12.872524046897889,7.357249955880604,7.745866195809517,8.312898923888842,15.56750662081543,46.73148278765968,45.68152902521368,48.259798260682736,28.659633777777525,-59.09091851456756,7.256771216154297,-0.38861623992891303,-0.4235195640061364,0.03490332407722335,8.584851353684284,7.451999068260193,6.319146782836101,0.3040398354984167,0.5101513158396681,0.6824207297509611,9.129375592266522,0.5750002861022949,-1881664.032961491,-9535.709990548901,-1483210.0,0,0,0,0,12.05540676715017,78.57142857142857,50.0,-28.571428571428573,6.49059910774231,6.49059910774231,0.06557378609238107,0.06351342036286799,0.9758130695096349,1.1578813193679893,-0.07142861373888232,0.06557378609238107,-0.15584413975924327,15954.35,0.2599917890731995,-4762.95222929655,0.47058817790437063,0.17777780234909807,-0.04098496867301782,-0.05126818690122527,6.209999084472656,8.969999313354492,0.16923077511916307,0.20000007654911975
7.244998931884766,7.359999179840088,7.014998912811279,7.129999160766602,14809,2023-12-05 00:00:00+11:00,7.037999057769776,7.371499061584473,7.382999062538147,8.484699039459228,9.309249067306519,12.7684490442276,7.322288295093835,7.700246415435968,8.266510697884048,15.483551322705491,43.43287423114368,43.62372770550072,60.41665813629202,43.32218819954787,-72.72727272727273,-29.02973280242782,-0.37795812034213316,-0.41440727527333576,0.0364491549312026,8.413132159733397,7.382999062538147,6.352865965342898,0.2790554592976226,0.3772003819407461,0.6665335374935334,9.34829755887193,0.46000003814697266,-1886600.35264946,-9339.740884172497,-1498019.0,0,0,0,-100,11.220527826148833,71.42857142857143,42.85714285714286,-28.571428571428573,6.540187111854554,6.540187111854554,-0.046153824563068824,-0.04725286221505345,0.9793079633444178,0.9451758324833447,-0.01587298662144143,0.033333340244017684,-0.16216218942125182,16508.8,0.8970367319247917,-5301.509417675068,0.294117733143444,0.11111117253941186,-0.028879700926013552,-0.054255701593992005,6.209999084472656,8.969999313354492,0.12903228395261535,0.2580645679052307
7.129999160766602,7.129999160766602,7.129999160766602,7.129999160766602,0,2023-12-06 00:00:00+11:00,7.12999906539917,7.348499059677124,7.313999056816101,8.461699047088622,9.24829906463623,12.675874047279358,7.2927053513511835,7.658005878053052,8.22194161799709,15.40043140069615,43.43287423114368,43.623727705500734,66.66665975598373,58.44770538431956,-72.72727272727273,-33.87095174165247,-0.3653005267018683,-0.40458592555904227,0.03928539885717397,8.208932623605518,7.313999056816101,6.419065490026684,0.24471798802199896,0.39719913137820895,0.6189239991011382,8.680562018952507,0.0,-1886600.35264946,-8410.504351184703,-1498019.0,100,0,0,0,10.445283095219022,64.28571428571429,35.714285714285715,-28.571428571428573,6.588783355884552,6.588783355884552,0.0,0.0,0.9793079633444178,0.659362156662113,0.06896553203238032,-0.03125000607384354,-0.16216218942125182,16017.75,0.0,-5301.509417675068,0.35714300522891884,0.11111117253941186,-0.014699245036992992,-0.057944537479909033,6.209999084472656,8.969999313354492,0.12903228395261535,0.2580645679052307
6.554998874664307,6.554998874664307,5.634998798370361,6.439999103546143,49271,2023-12-07 00:00:00+11:00,7.037999057769776,7.198999071121216,7.227749061584473,8.41569905281067,9.173549065589905,12.579274051189422,7.161519774765792,7.567783154015503,8.15206151939117,15.311272870376248,37.322212251730534,39.682176376855686,50.39215925398451,59.15849238208682,-75.86206354215176,-176.29632700424148,-0.4062633792497108,-0.404921416297176,-0.0013419629525348031,8.110406890233804,7.227749061584473,6.345091232935141,0.24424141489379114,0.053762549614629215,0.6815008821936454,10.58231330837269,1.4950003623962402,-1849647.077112241,4492.0895697150845,-1547290.0,0,100,0,0,11.481980529745112,100.0,28.571428571428573,-71.42857142857143,8.969999313354492,-8.969999313354492,-0.09677421296446154,-0.10178271580631068,1.02422225747437,0.9829552645445304,-0.06666668048803526,-0.188405806681478,-0.21126761961693707,18210.3,2.7056665733129055,-9849.941746132983,0.0,0.0,-0.013748117317830915,-0.06201992806552551,5.634998798370361,8.969999313354492,0.12500006478766637,0.3928572301221629
5.289999008178711,5.97999906539917,5.174999237060547,5.97999906539917,48441,2023-12-08 00:00:00+11:00,6.830999088287354,7.00349907875061,7.135749053955078,8.365099048614502,9.101099061965943,12.490724053382873,6.979747357940158,7.450169517821701,8.066882599626778,15.218424374804338,33.89816818885019,37.32167846968938,41.50326817122782,52.85402906039875,-78.78788373767951,-199.23371479513028,-0.4704221598815428,-0.41802156501404936,-0.05240059486749343,8.128952355351641,7.135749053955078,6.142545752558516,0.27837394333425086,-0.08182951412403991,0.7231793810716418,12.093302576851976,1.2649998664855957,-1801206.077112241,24775.09712192742,-1595731.0,0,0,0,0,12.858222217700936,100.0,21.42857142857143,-78.57142857142857,8.90329930305481,-8.90329930305481,-0.07142858729493873,-0.07410798924057911,1.0415954400453447,1.0186351983054605,-0.1475409847208844,-0.24637683336699534,-0.23529416068938225,18623.55,2.601061559154941,-11612.437304654848,0.0,0.0,-0.02222179900434695,-0.06752004753927945,5.174999237060547,8.969999313354492,0.13461537694820502,0.5000001196080015
5.97999906539917,5.97999906539917,5.289999008178711,5.519999027252197,15496,2023-12-11 00:00:00+11:00,6.439999103546143,6.750499057769775,7.083999061584473,8.302999048233032,9.036699061393739,12.397574050426483,6.755170691680472,7.307193925927663,7.967004812474833,15.121922630052575,30.850173150347427,35.12762967742321,30.099756336391124,40.66506125386788,-90.90909662039944,-166.80180470817578,-0.5520232342471916,-0.4448218988606778,-0.10720133538651377,8.279999072735137,7.083999061584473,5.887999050433809,0.3376623855405073,-0.15384616210310947,0.7208094293679859,13.058144137514422,0.690000057220459,-1806371.4104455742,29176.89441250544,-1611227.0,0,0,0,0,14.136160927945628,92.85714285714286,14.285714285714286,-78.57142857142857,8.75416730041504,-8.75416730041504,-0.07692309532430797,-0.08004272760820359,0.9147435458322893,0.5910912184001805,-0.2615384880362338,-0.31428577013532466,-0.1578947406707394,17028.95,0.9099797697450518,-5138.728860380624,0.0,0.0,-0.054473681915971774,-0.073577910740407,5.174999237060547,8.969999313354492,0.06249997300513801,0.625000161969172
5.634998798370361,5.749999046325684,5.404998779296875,5.749999046325684,10066,2023-12-12 00:00:00+11:00,6.163999080657959,6.600999069213867,7.0207490682601925,8.247799043655396,8.974599061012269,12.308449051380158,6.600528900087427,7.191846157068257,7.880063409880749,15.028669659070218,34.04354868938955,37.06987034893686,26.178182448212635,32.59373565194393,-84.84849017903947,-127.22383023932393,-0.5913172569808296,-0.47412097048470814,-0.11719628649612146,8.350926794763787,7.0207490682601925,5.6905713417565975,0.3789275798268133,0.02233825728133837,0.6939659177723304,12.068974484713744,0.3450002670288086,-1796305.4104455742,31528.002902968787,-1601161.0,0,0,0,100,15.322818301744272,85.71428571428572,7.142857142857143,-78.57142857142857,8.61100057788086,-8.61100057788086,0.0416666774646115,0.04082200488628212,0.8880703513285474,0.9338149836119666,-0.19354842592892307,-0.20634922097499364,-0.18032787776707493,17095.0,0.5888271424393098,-5332.99645179472,0.09090909090909091,0.03703704272484275,-0.07462030102435825,-0.0790780302370582,5.174999237060547,8.969999313354492,0.09999998341435697,0.5600001393194015
5.404998779296875,5.634998798370361,5.289999008178711,5.634998798370361,21195,2023-12-13 00:00:00+11:00,5.864999008178711,6.49749903678894,6.940249061584472,8.204099035263061,8.914799060821533,12.215874047279359,6.451985807515571,7.076524130498043,7.792021660409753,14.935200297272209,33.21754494373986,36.496214661384755,26.178176963541244,27.485371916048404,-85.71429629186468,-113.23903753557774,-0.6245383229824713,-0.5042044409842608,-0.12033388199821049,8.395396800345022,6.940249061584472,5.4851013228239225,0.4193358843027852,0.05150593013810299,0.6772540692276621,12.01870831673511,0.46000003814697266,-1775110.4104455742,36367.501566979336,-1622356.0,0,0,0,0,16.54108785030772,78.57142857142857,0.0,-78.57142857142857,8.473560524248049,-8.473560524248049,-0.020000046439800467,-0.02020275470507207,0.8752920488682144,0.8886094942122106,-0.20967749486179477,-0.15517248281777485,-0.22222227341247758,17196.2,1.2325397471534407,-6385.45496267481,0.04545445121796074,0.018518482969732818,-0.09087594613096768,-0.08627346856253489,5.174999237060547,8.969999313354492,0.0816325926179161,0.5918369522897877
5.519999027252197,5.749999046325684,5.174999237060547,5.749999046325684,34593,2023-12-14 00:00:00+11:00,5.726998996734619,6.382499027252197,6.859749054908752,8.158099031448364,8.85499906539917,12.122724046707154,6.343987844255588,6.978263013151942,7.711942342210378,14.843805259949358,34.91810534934239,37.511572513229815,44.72454312054736,32.360300844100486,-81.48148489416518,-91.01478893791838,-0.6342751688963535,-0.5302185865666793,-0.10405658232967419,8.389335575747095,6.859749054908752,5.330162534070409,0.4459599057034863,0.13723856301543788,0.6699501935160531,11.651309645766968,0.5749998092651367,-1740517.4104455742,46048.023605258204,-1587763.0,0,0,0,0,17.438687012089904,100.0,0.0,-100.0,8.341618072760548,-8.341618072760548,0.020408211619952876,0.020202754705072143,0.877285803804572,0.8442216901799275,-0.10714288094240809,-0.1666667012200882,-0.21875004251690489,18610.0,1.8588393336915636,-5779.743770353366,0.09090909090909091,0.03703704272484275,-0.10125188433138053,-0.09242520873858577,5.174999237060547,8.969999313354492,0.09999998341435697,0.5600001393194015
5.059998989105225,5.174999237060547,4.829998970031738,4.829998970031738,22510,2023-12-15 00:00:00+11:00,5.496998977661133,6.163999032974243,6.733249044418335,8.084499025344849,8.790599069595338,12.01117404460907,6.111066478990381,6.819132343291186,7.598924955066117,14.744165396368087,28.635874359453382,33.070041998281305,34.92062442140796,35.27444816849893,-100.0,-124.78631788018517,-0.7080658643008055,-0.5657880421135045,-0.142277822187301,8.479545971640889,6.733249044418335,4.98695211719578,0.5187085508652567,-0.04493884880553273,0.6878108994287597,14.240394329198791,0.9200000762939453,-1763027.4104455742,38659.78047498502,-1610273.0,0,0,0,0,18.646540394034208,100.0,0.0,-100.0,8.214953319332547,-8.214953319332547,-0.16000003980554334,-0.17435343453233046,1.0229315528043674,1.2915210458098894,-0.19230773831076986,-0.31147544995183707,-0.34375006681227915,19409.55,1.1597383762117102,-9381.344666376146,0.0,0.0,-0.12234962793221177,-0.09939423589717868,4.829998970031738,8.969999313354492,0.0,0.8571431110047524
5.289999008178711,5.289999008178711,4.484999179840088,4.9449992179870605,17013,2023-12-18 00:00:00+11:00,5.3819990158081055,5.910999059677124,6.629749059677124,8.00629903793335,8.72389907360077,11.891574041843414,5.931671515759101,6.680307667342732,7.494849435964977,14.646661255289668,30.323382536038025,34.09425634979284,35.93073539457185,38.52530097884246,-85.18518404762413,-110.63320491004896,-0.7486361515836313,-0.6023576640075299,-0.1462784875761014,8.535108569412655,6.629749059677124,4.724389549941593,0.574790838260875,0.05789187471399785,0.6961815372080357,14.07849640654599,0.804999828338623,-1760596.9761155425,32896.11189261195,-1593260.0,0,0,0,0,20.113943669204822,100.0,28.571428571428573,-71.42857142857143,8.0118560583745,-8.0118560583745,0.02380958022327828,0.023530552511999293,1.027952287893801,1.3029666076765274,-0.10416665046974949,-0.33846155023832614,-0.2950819694417687,20211.95,0.8417297687754026,-8931.037862985577,0.035714359757316565,0.016666703523647117,-0.1434473718915669,-0.10489435656159443,4.484999179840088,8.969999313354492,0.09302327823910615,0.8139536363781006
5.174999237060547,5.749999046325684,5.059998989105225,5.174999237060547,11612,2023-12-19 00:00:00+11:00,5.266999053955078,5.715499067306519,6.543499064445496,7.93959903717041,8.659499077796935,11.789799044132232,5.815260395959323,6.568803339173681,7.403874918360882,14.552415862073458,33.700084202550315,36.14624585194801,30.303036014339487,33.71813194343983,-77.7777760714362,-64.56425525110735,-0.7535429432143577,-0.6325947198488955,-0.12094822336546218,8.545820467853162,6.543499064445496,4.54117766103783,0.6120032672694651,0.15827168778799516,0.7039542722887919,13.602983112489214,0.804999828338623,-1768338.3014241909,25084.542884106282,-1581648.0,100,0,0,100,20.524542665718126,92.85714285714286,21.42857142857143,-71.42857142857143,7.729707508091747,-7.729707508091747,0.04651163911955303,0.04546238479099684,1.0510228049351291,1.3175097606182773,-0.09999998341435701,-0.2741935699605128,-0.25000001727671073,20715.85,0.5605369801383965,-8365.797214698916,0.107142931185888,0.05000004146410301,-0.15996240565651362,-0.11032268684451317,4.484999179840088,8.969999313354492,0.13333336404748652,0.7333334561899462
5.519999027252197,5.749999046325684,5.404998779296875,5.519999027252197,14230,2023-12-20 00:00:00+11:00,5.243999099731445,5.5544990539550785,6.451499056816101,7.824599046707153,8.59509907722473,11.686299042701721,5.769835570004381,6.491114130883201,7.329997432435051,14.462541067697128,38.51357882458698,39.13112926387236,57.57576214480491,41.26984451790548,-66.66667178569142,-38.69669479991098,-0.7212785608788197,-0.6503314880548803,-0.07094707282393942,8.4643604465964,6.451499056816101,4.4386376670358025,0.6239980420220884,0.2686129719877095,0.6947432392156737,12.58593046458398,0.5749998092651367,-1773081.6216456643,18099.249775239266,-1567418.0,100,0,0,0,20.90581316248048,85.71428571428572,14.285714285714286,-71.42857142857143,7.470130841831614,-7.470130841831614,0.06666663595251343,0.0645384923430521,1.051022760660976,1.446014767029093,-0.02040812699932104,-0.22580649691707688,-0.2500000485907484,20393.55,0.6977696379492536,-8795.531270865267,0.21428571428571427,0.10000001382136767,-0.16169172767409717,-0.10785978289783921,4.484999179840088,8.969999313354492,0.1875000053989724,0.625000161969172
5.519999027252197,5.519999027252197,4.599998950958252,5.289999008178711,28381,2023-12-21 00:00:00+11:00,5.15199909210205,5.439499044418335,6.319249057769776,7.695799055099488,8.53299907684326,11.59372404575348,5.696014560492739,6.402142640312498,7.24999749422892,14.37127199247804,36.60553645485029,37.89125328265573,66.66666666666661,51.51515494193708,-74.07407976187935,-72.86351105248103,-0.7061280798197584,-0.661490806407856,-0.04463727341190249,8.271507439299693,6.319249057769776,4.366990676239857,0.6178767013873385,0.23639502349466765,0.7108330132926931,13.437299557026291,0.9200000762939453,-1758891.1216456643,18111.402614771854,-1595799.0,0,100,-80,0,22.12152293967909,78.57142857142857,7.142857142857143,-71.42857142857143,7.231320308872292,-7.231320308872292,-0.0416666774646115,-0.04255962568621669,0.9993594482659423,1.4565265987663636,-0.08000001990277161,-0.17857146823734682,-0.33333337339527147,19418.55,1.4615406402640774,-13718.775544993583,0.14285714285714285,0.07407407976187935,-0.15486090237036707,-0.10425930391840574,4.484999179840088,8.394998550415039,0.15217390912437537,0.5869565452537477
4.9449992179870605,4.9449992179870605,4.599998950958252,4.599998950958252,13409,2023-12-22 00:00:00+11:00,5.105999088287353,5.3014990329742435,6.152499055862426,7.566999053955078,8.45594907283783,11.49654904127121,5.52739677441051,6.268650515175146,7.146075982728109,14.274045395049981,31.55489223259305,34.452599761164024,51.515142377056684,58.58585706284281,-96.00000796110733,-120.90908596500162,-0.7412537407646358,-0.6774433932792119,-0.06381034748542391,8.093922542261424,6.152499055862426,4.211075569463429,0.6311007832009682,0.10016448863926326,0.7093449450018193,15.420545799343099,0.690000057220459,-1772300.1216456643,12203.383084146772,-1609208.0,0,0,0,0,23.25039630422065,71.42857142857143,0.0,-71.42857142857143,7.011614618549716,-7.011614618549716,-0.1304348178806216,-0.13976198293787437,1.0725927820991767,1.2718797272622477,-0.0476190617224862,-0.2307692859729238,-0.4202899134235476,19100.25,0.7020326959071216,-15467.776017954839,0.0,0.0,-0.1539097771608741,-0.10335366202144922,4.484999179840088,8.279998779296875,0.024999955944382944,0.8000001451243856
4.599998950958252,5.289999008178711,4.599998950958252,4.9449992179870605,18453,2023-12-27 00:00:00+11:00,5.105999088287353,5.243999052047729,5.997249054908752,7.449699048995972,8.384649076461791,11.4028240442276,5.437797150345364,6.170602270938992,7.059759246855911,14.181219064929952,36.288302670995044,37.4335227415675,34.24242315727414,50.80807740033256,-82.60869408453304,-85.78431482396614,-0.7328051205936275,-0.688515738742095,-0.04428938185153242,7.798422196647655,5.997249054908752,4.1960759131698495,0.6006664473154208,0.20789875427916374,0.7079631673031507,14.316749833407217,0.690000057220459,-1772300.1088933812,8677.07159878593,-1590755.0,0,0,0,0,23.561470251964682,64.28571428571429,0.0,-64.28571428571429,6.809485383452946,-6.809485383452946,0.07500007515369966,0.07232073149004196,1.1222158350086213,1.3959290908914466,0.0,-0.10416665046974949,-0.38571432463977173,18800.55,0.9815138386908894,-14438.104788034483,0.1200000928795856,0.05357146955953797,-0.1411992456679955,-0.10158103157492242,4.484999179840088,7.589999198913574,0.09302327823910615,0.5348838016607821
5.059998989105225,5.059998989105225,4.714999198913574,4.9449992179870605,60285,2023-12-28 00:00:00+11:00,5.059999084472656,5.163499069213867,5.882249069213867,7.339299049377441,8.320249075889587,11.306799042224885,5.3619820838287025,6.0798168596092195,6.976827481017917,14.089316379885744,36.288302670995044,37.4335227415675,23.0303111403595,36.262625558230184,-77.77777265875224,-81.24998987692737,-0.717834775780517,-0.6943795461497795,-0.02345522963073754,7.643326776881506,5.882249069213867,4.121171361546229,0.5987769939510561,0.2338987805177276,0.6820372117951863,13.792463491487068,0.3449997901916504,-1752205.0533452737,12839.546247464605,-1590755.0,0,0,0,0,23.85032463201271,57.142857142857146,0.0,-57.142857142857146,6.623526487163917,-6.623526487163917,0.0,0.0,1.0850791254045984,1.3430985288569854,-0.04444445468249547,-0.13999999336574276,-0.31746032477321107,21335.7,2.825545915999944,-13479.904333966995,0.1200000928795856,0.05357146955953797,-0.13653007234845863,-0.10009003441159174,4.484999179840088,7.589999198913574,0.09302327823910615,0.5348838016607821
5.059998989105225,5.174999237060547,4.9449992179870605,4.9449992179870605,4745,2023-12-29 00:00:00+11:00,4.944999122619629,5.094499111175537,5.795999073982239,7.217399053573608,8.254699077606201,11.222274045944214,5.297830873699219,5.995756293563134,6.897147941291217,13.998328149419091,36.288302670995044,37.4335227415675,32.50002245971931,29.92425225245106,-69.2307643237747,-48.96752114158731,-0.6979254198639149,-0.6950887208926065,-0.002836698971308338,7.5632613276194425,5.795999073982239,4.028736820345036,0.6098214409903195,0.25923215294059065,0.6497488408864934,13.139513521520513,0.23000001907348633,-1756950.0533452737,11865.37258124561,-1590755.0,0,0,0,0,23.862302502151955,50.0,0.0,-50.0,6.4524443025780105,-6.4524443025780105,0.0,0.0,1.0604813207909758,1.1902871728500055,-0.10416665046974949,-0.12244893123719003,-0.25862070937650705,20475.5,0.23174037264047276,-11737.920528004272,0.1200000928795856,0.06000004146409727,-0.13748119719942734,-0.09666074239907144,4.484999179840088,7.589999198913574,0.09302327823910615,0.5348838016607821
4.9449992179870605,5.289999008178711,4.9449992179870605,5.174999237060547,7627,2024-01-02 00:00:00+11:00,4.921999168395996,5.036999130249024,5.70974907875061,7.113899049758911,8.197199077606202,11.137749042510986,5.278933698831731,5.934959474562942,6.829612697988053,13.910533831883185,39.75726001729252,39.554969906343665,50.277804844619006,35.26937948156601,-53.84614648566203,-17.041178409325205,-0.6560257757312113,-0.6872761318603275,0.0312503561291162,7.420545547069173,5.70974907875061,3.9989526104320468,0.5992545187967925,0.343713191021596,0.6279810515511475,12.134901335905262,0.3449997901916504,-1754407.7129842318,11197.103234373964,-1583128.0,0,0,80,0,23.613110047859443,42.85714285714286,7.142857142857143,-35.714285714285715,6.295048692758977,-6.295048692758977,0.04651163911955303,0.04546238479099684,1.0683990449467733,1.249598597956916,-0.02173909124375384,-0.09999998341435701,-0.25000001727671073,20014.65,0.3810708655909546,-11964.00396721615,0.2000000995138417,0.11111117253941186,-0.12892104342467817,-0.09379471464031172,4.484999179840088,7.589999198913574,0.13333336404748652,0.46666672809497306
5.404998779296875,6.094998836517334,5.404998779296875,5.97999906539917,61208,2024-01-03 00:00:00+11:00,5.19799919128418,5.151999139785767,5.657999086380005,7.037999057769776,8.144299082756042,11.069899041652679,5.386789909072875,5.938295740550811,6.796294516317901,13.831623038186827,50.01539967969452,46.25238106033828,71.04703361016145,51.274953638166664,-7.142844449762381,135.08771179412238,-0.551505831477936,-0.6601220717838492,0.10861624030591321,7.2673417765375286,5.657999086380005,4.048656396222481,0.5688734358517485,0.6000408368548428,0.6488395192586932,10.850160880675364,0.9199995994567871,-1713602.3373519906,22889.330454151146,-1521920.0,0,0,0,0,22.03048813431113,35.714285714285715,100.0,64.28571428571429,6.150244731725466,-6.150244731725466,0.1555555453175046,0.14458121995125578,1.2207581353369035,1.0236478643897116,0.3000000932942479,0.2380953086124311,-0.1475409847208844,22874.6,2.6758063528979745,-2509.5766914167925,0.4800000398055367,0.2926829712286653,-0.10445112142347769,-0.08994573595429382,4.484999179840088,7.589999198913574,0.2500000199346669,0.2692308336350777
5.289999008178711,5.749999046325684,5.174999237060547,5.289999008178711,62135,2024-01-04 00:00:00+11:00,5.26699914932251,5.186499118804932,5.548749089241028,6.95749906539917,8.086799082756043,10.9939990401268,5.371899001243004,5.8902737603751,6.737224104234011,13.746631754306149,43.22173496470334,42.05826579106205,72.43591290087933,64.58691711855334,-50.0,47.19102876349639,-0.5183747591320964,-0.6317726092534987,0.11339785012140224,6.930425157210563,5.548749089241028,4.167073021271492,0.4980135326892298,0.406363695854352,0.6599938270501168,12.476256158644262,0.804999828338623,-1750883.3785739546,13729.516613966785,-1584055.0,100,0,0,0,20.73586125060251,28.571428571428573,92.85714285714286,64.28571428571429,6.094998836517334,-6.094998836517334,-0.1153846429864619,-0.1226023532944202,1.250472439323422,1.5507473423963645,0.06976741046525148,0.06976741046525148,-0.2923077256752573,25773.95,2.4107674609440926,-9951.0015480918,0.2727272727272727,0.15000001554903808,-0.08101879385180953,-0.08848235177249612,4.484999179840088,7.359999179840088,0.15217390912437537,0.3913044536418648
5.059998989105225,5.289999008178711,4.9449992179870605,5.059998989105225,19707,2024-01-05 00:00:00+11:00,5.289999103546142,5.174999094009399,5.445249080657959,6.879299058914184,8.025849084854126,10.914649043083191,5.3239143839910374,5.828771925466221,6.671450570307392,13.660197597438478,41.212226356217755,40.76449778308257,47.99145141008149,63.82479930704084,-64.28571851674587,-20.724862417588408,-0.5048575414751832,-0.6063895956978356,0.10153205422265232,6.634317928130468,5.445249080657959,4.25618023318545,0.4367362557192082,0.33800345439558693,0.6374942529887978,12.598703168941302,0.3449997901916504,-1757452.3967324775,6644.040027637035,-1603762.0,100,0,0,0,19.903340845321402,21.42857142857143,85.71428571428572,64.28571428571429,6.094998836517334,-6.094998836517334,-0.04347827262687387,-0.044451774862565685,1.2495994698721407,1.6109206728513328,0.02325577134569823,-0.02222227341247751,-0.2903226388933845,26018.85,0.7574124144610542,-10124.335878795115,0.18181818181818182,0.10000001036602539,-0.06303383174695483,-0.08801848579855517,4.484999179840088,7.129999160766602,0.11363634864417546,0.40909102474493214
5.059998989105225,5.174999237060547,5.059998989105225,5.059998989105225,5500,2024-01-08 00:00:00+11:00,5.312999057769775,5.128999090194702,5.34174907207489,6.807999057769775,7.966049084663391,10.847949039936065,5.283312015547066,5.771825782032073,6.6082563906524046,13.574623481932674,41.212226356217755,40.764497783082575,20.555543538640915,46.99430261653399,-64.28571851674587,-14.116253198196018,-0.48851376648500633,-0.5828144298552698,0.09430066337026344,6.25446078836097,5.34174907207489,4.42903735578881,0.341727664093198,0.3456522043366901,0.6001732526292639,11.861133844522653,0.11500024795532227,-1762952.3967324775,1391.432330716867,-1603762.0,100,0,0,0,19.13028618327466,14.285714285714286,78.57142857142857,64.28571428571429,5.966198863983155,-5.966198863983155,0.0,0.0,1.2495994698721407,1.6109206728513328,0.02325577134569823,-0.08333335492922289,-0.2903226388933845,26293.85,0.20917438868784907,-10124.335878795115,0.25,0.10000001036602539,-0.04193608742907553,-0.08802400820252407,4.484999179840088,6.554998874664307,0.11363634864417546,0.2954545818641453
5.289999008178711,5.519999027252197,5.174999237060547,5.404998779296875,17943,2024-01-09 00:00:00+11:00,5.358998966217041,5.140499067306519,5.289999055862427,6.7320990562438965,7.911999077796936,10.776074039936066,5.30203305612396,5.744653411459095,6.56106981765807,13.493333683896497,45.61125733011086,43.63202178415942,19.999980650079863,29.51565853293417,-42.85715555023762,55.55555030594224,-0.44262035533513444,-0.5547756149512427,0.11215525961610828,6.05282269150918,5.289999055862427,4.5271754202156735,0.28840218215214414,0.5753776614020009,0.590160880166243,10.918797658692826,0.46000003814697266,-1756971.4297987358,1019.1793581019156,-1585819.0,0,0,0,0,17.782629733667275,7.142857142857143,71.42857142857143,64.28571428571429,5.84770288925171,-5.84770288925171,0.06818179033918303,0.06595794172635142,1.2418329991337238,1.6498899649435645,0.04444436254003592,0.02173909124375384,-0.1607143584351357,24727.45,0.7256308272789956,-4132.787767767171,0.5833331605662614,0.18421047175776675,-0.023691730212448317,-0.08546722663980136,4.484999179840088,6.094998836517334,0.1702127302934318,0.12765961388620695
4.9449992179870605,5.059998989105225,4.829998970031738,5.059998989105225,23912,2024-01-10 00:00:00+11:00,5.174998950958252,5.186499071121216,5.243999052047729,6.653899049758911,7.859099073410034,10.707074041366576,5.264797045813386,5.693938269062512,6.502204294969723,13.409419905838872,42.20977856711501,41.52151164923838,24.99998617862846,21.851836789116494,-69.2307643237747,-58.13151797256544,-0.4291412232491263,-0.5296487366108195,0.10050751336169317,5.943138452458721,5.243999052047729,4.544859651636737,0.26664360289614664,0.3684096026955858,0.5890779465304498,11.641858976628338,0.5749998092651367,-1733059.4297987358,8382.605018568458,-1609731.0,0,100,0,0,17.098498891848365,0.0,64.28571428571429,64.28571428571429,5.73868659249878,-5.73868659249878,-0.06382976283234809,-0.0659579417263514,1.2367853644228521,1.0984496535554436,-0.15384619064861582,0.10000003109808264,-0.15384619064861582,23501.0,1.0174886175056381,-2199.012859460152,0.3333333333333333,0.10810812628083459,-0.016082708459151572,-0.08392100768072115,4.484999179840088,6.094998836517334,0.11363634864417546,0.20454546525416037
5.174999237060547,5.404998779296875,5.174999237060547,5.404998779296875,10359,2024-01-11 00:00:00+11:00,5.197998905181885,5.232499027252198,5.238249039649963,6.584899053573609,7.813099069595337,10.635774040222168,5.286366543272384,5.672535343894687,6.459176627688435,13.329773924480245,46.505989184701065,44.34803084616956,49.44442463381671,31.481463820841757,-46.15385351433797,43.59859191518916,-0.3861688006223032,-0.5009527494131162,0.114783948790813,5.930067394284359,5.238249039649963,4.546430685015567,0.2641410705744627,0.6205155504547388,0.5716437925062497,10.576205765223385,0.3449997901916504,-1722700.4297987358,13928.905968889361,-1599372.0,0,0,0,0,15.935483711992864,28.571428571428573,57.142857142857146,28.571428571428573,5.638391599486085,-5.638391599486085,0.06818179033918303,0.06595794172635142,1.2326891827271322,0.9751286157312316,0.02173909124375384,0.0930231818109497,-0.020833381924084904,23244.15,0.44566052103432474,-300.71740819107845,0.5833331605662614,0.1891891649588872,-0.009424818010258722,-0.08146914870226647,4.484999179840088,6.094998836517334,0.1702127302934318,0.12765961388620695
4.714999198913574,5.059998989105225,4.714999198913574,5.059998989105225,50276,2024-01-12 00:00:00+11:00,5.197998905181885,5.243999004364014,5.20374903678894,6.515899047851563,7.764799065589905,10.567924039363861,5.251540765708206,5.627162280576949,6.404306916371446,13.24748760671532,43.05870671856826,42.20603015961459,50.396808237645104,41.613739683363505,-69.2307643237747,-64.8148204670721,-0.37562151486874296,-0.4758865025042415,0.10026498763549857,5.857835145230871,5.20374903678894,4.54966292834701,0.2513903356283089,0.39011382000900763,0.5800977773546104,11.464385242045097,0.6899995803833008,-1672424.4297987358,30928.492178667104,-1649648.0,0,0,0,0,15.508825405521748,21.42857142857143,50.0,28.571428571428573,5.546120205914406,-5.546120205914406,-0.06382976283234809,-0.0659579417263514,1.2443584283438667,1.0479230919132234,0.0,0.02325577134569823,-0.12000002985415748,25254.65,1.990762097277135,-3929.2393397089904,0.3333333333333333,0.10810812628083459,-0.003890984040454015,-0.08034261769893508,4.484999179840088,6.094998836517334,0.11363634864417546,0.20454546525416037
5.059998989105225,5.059998989105225,4.9449992179870605,5.059998989105225,3290,2024-01-15 00:00:00+11:00,5.197998905181885,5.25549898147583,5.174999046325683,6.446899042129517,7.714199066162109,10.499499039649963,5.222072800076978,5.585150184912377,6.351588958439438,13.166020058281388,43.05870671856826,42.2060301596146,56.34918354865061,52.063472140037554,-69.2307643237747,-35.067439491565246,-0.36307738483539875,-0.45332467897047296,0.09024729413507421,5.80066663643977,5.174999046325683,4.549331456211597,0.24180394412181336,0.40809811868352547,0.5468764911948643,10.807837953571807,0.11499977111816406,-1669134.4297987358,36118.005430060904,-1649648.0,100,0,0,-80,15.112642692369999,14.285714285714286,42.85714285714286,28.571428571428573,5.46123052382846,-5.46123052382846,0.0,0.0,1.2428418072632268,1.0479230919132234,0.0,0.02325577134569823,-0.10204080423786899,24359.4,0.13506079788500536,-3505.3383554174193,0.3333333333333333,0.10810812628083459,0.0008646506115904925,-0.07888475413511352,4.484999179840088,6.094998836517334,0.11363634864417546,0.20454546525416037
5.059998989105225,5.634998798370361,4.829998970031738,5.519999027252197,28470,2024-01-16 00:00:00+11:00,5.220998954772949,5.289998960494995,5.163499045372009,6.384799041748047,7.670499062538147,10.435099036693574,5.267907604257781,5.580324173233845,6.318977588588957,13.089940247027366,48.91435845619769,46.03741391974375,57.73809043411285,54.82802740680293,-38.46152864754938,52.259306824264726,-0.3124165689760643,-0.4251430569715912,0.11272648799552693,5.753931878638666,5.163499045372009,4.573066212105352,0.22869485520515634,0.801897152219499,0.5653138724194184,10.241195145659768,0.804999828338623,-1648798.7010581251,41427.992229456315,-1621178.0,0,0,0,0,14.375590060087815,7.142857142857143,35.714285714285715,28.571428571428573,4.484999179840088,4.484999179840088,0.09090911660998491,0.08701140054878231,1.2844912784789324,1.1464899649740632,0.02127664642512328,0.06666663595251343,-0.04000000995138586,24053.25,1.1836238346169436,-1623.1370701001783,0.6666666666666666,0.21621625256166918,0.014872169136104453,-0.07573157288733358,4.484999179840088,6.094998836517334,0.1875000053989724,0.10416665046974947
5.059998989105225,5.289999008178711,4.829998970031738,5.059998989105225,43451,2024-01-17 00:00:00+11:00,5.220998954772949,5.197998952865601,5.174999046325683,6.311199045181274,7.626799058914185,10.367824034690857,5.23592166346508,5.541781567002095,6.269605878805281,13.010040334013215,44.0373473294747,43.04136782591644,55.95237963018449,56.67988453764939,-75.00000863835659,-41.565482063859214,-0.30585990353701575,-0.40128642628467615,0.09542652274766039,5.747694360424379,5.174999046325683,4.6023037322269875,0.22133156314504715,0.3995975221122202,0.5742200284766356,11.348224173818988,0.690000057220459,-1648798.7010581251,39834.078444712795,-1664629.0,100,0,0,-80,13.691184044397216,0.0,28.571428571428573,28.571428571428573,4.507999172210694,4.507999172210694,-0.08333335492922289,-0.08701140054878229,1.181642765638459,1.227158402130161,0.0,-0.15384619064861582,0.04761906172248631,25100.3,1.7310948474719425,-1642.453779107062,0.3333333333333333,0.10810812628083459,0.00812780624045442,-0.07308091329640985,4.484999179840088,6.094998836517334,0.11363634864417546,0.20454546525416037
4.829998970031738,4.829998970031738,4.599998950958252,4.714999198913574,19012,2024-01-18 00:00:00+11:00,5.082999038696289,5.140498971939087,5.163499045372009,6.228399057388305,7.5796490573883055,10.302849035263062,5.155779745841771,5.4805384286251675,6.208640910966391,12.927502611275905,40.75528401216261,40.94306491502967,45.37038322125858,53.020284428518714,-92.30767513321142,-148.36226765241753,-0.32475868278339615,-0.3859808775844201,0.06122219480102398,5.762824424794191,5.163499045372009,4.564173665949827,0.23213924284903323,0.1258294226661652,0.5660614577388025,12.00554727282316,0.46000003814697266,-1648798.6616423542,35560.755488270894,-1683641.0,0,100,0,0,12.809492227457536,100.0,21.42857142857143,-78.57142857142857,4.530539164733887,4.530539164733887,-0.06818179033918303,-0.07061753733405267,1.2070336480746162,1.1456913279329934,-0.12765952566469618,-0.10869563649750147,-0.04651163911955303,25200.25,0.7544369599507942,-3343.798365374243,0.08333350610040531,0.029411825682495993,-0.0020751963880726496,-0.07060696447310615,4.599998950958252,6.094998836517334,0.02439030063500764,0.2926828996963007
4.484999179840088,4.599998950958252,4.369998931884766,4.599998950958252,55942,2024-01-19 00:00:00+11:00,4.990999031066894,5.094498968124389,5.134749031066894,6.15019905090332,7.530199055671692,10.23844903230667,5.070275008167384,5.415313282131322,6.145556912534699,12.844641878337422,39.69332462133242,40.25618008386993,22.264317278691266,41.19569337671152,-86.66666482381764,-176.7918392456639,-0.3450382739639384,-0.37779235686032375,0.03275408289638537,5.782332753475405,5.134749031066894,4.487165308658383,0.2522357834785769,0.0871189611439079,0.5502713726880886,11.962423873454545,0.3450002670288086,-1592856.6616423542,48379.509234429104,-1739583.0,0,100,0,0,12.409106594306039,100.0,14.285714285714286,-85.71428571428572,5.634998798370361,-5.634998798370361,-0.02439030063500769,-0.024692670741256074,1.1972835316736379,1.0942961520948387,-0.09090911660998491,-0.09090911660998491,-0.11111118277746856,27416.75,2.040431488050188,-5248.333716954093,0.0,0.0,-0.009943615762811072,-0.06885090176512497,4.369998931884766,6.094998836517334,0.050000015549041314,0.32500004923863085
4.369998931884766,4.599998950958252,3.909998893737793,4.254999160766602,27849,2024-01-22 00:00:00+11:00,4.82999906539917,5.013998985290527,5.071499037742615,6.065099048614502,7.47614905834198,10.1792240357399,4.9448479547211095,5.329364087956158,6.071417392857519,12.759172796570548,36.61124914263294,38.235578918125626,16.430991633494518,28.021897377814863,-84.21051368129862,-192.23301429458144,-0.3845161332350484,-0.3791371121352687,-0.005379021099779724,5.798459068179559,5.071499037742615,4.34453900730567,0.286684479293729,-0.06158512352133711,0.5602519930118294,13.166911950950693,0.690000057220459,-1592856.6423967935,49225.4137783153,-1767432.0,0,0,0,0,12.788761835586454,100.0,7.142857142857143,-92.85714285714286,5.60969880104065,-5.60969880104065,-0.0749999714934243,-0.07796151065179266,1.1932732106660866,1.1490608563839282,-0.15909090694916794,-0.15909090694916794,-0.22916668286358388,28097.7,0.991148741711955,-8285.674152678732,0.0,0.0,-0.016428576376205324,-0.0675310930341375,3.909998893737793,6.094998836517334,0.0810811598295713,0.4324324415187967
4.369998931884766,4.369998931884766,4.139998912811279,4.139998912811279,6025,2024-01-23 00:00:00+11:00,4.553999042510986,4.887498998641968,5.013999032974243,5.984599046707153,7.425549058914185,10.11424903869629,4.82102502519652,5.241262963871352,5.995675491679235,12.673409872354037,35.61844100065256,37.57546088346882,18.28283495363715,18.99271462194105,-87.5,-162.81886369556184,-0.4202379386748323,-0.3873572774431814,-0.0328806612316509,5.838156744090711,5.013999032974243,4.189841321857775,0.3287426685551585,-0.03023839270943353,0.5366625663019478,12.962867324463264,0.23000001907348633,-1598881.6423967935,43179.382566421526,-1773457.0,0,0,0,0,13.14129884534684,92.85714285714286,0.0,-92.85714285714286,5.5417108047485355,-5.5417108047485355,-0.027027090631576822,-0.027399039559459423,1.1892875429179681,0.4415179023860732,-0.2500000647876688,-0.23404258134729072,-0.21739136313436935,26979.9,0.22331439330761046,-7265.970400610843,0.0,0.0,-0.02628572148487993,-0.06691812826662649,3.909998893737793,6.094998836517334,0.05555557475190352,0.472222327802136
4.139998912811279,4.599998950958252,4.139998912811279,4.599998950958252,28525,2024-01-24 00:00:00+11:00,4.461999034881591,4.841498994827271,5.013999032974243,5.920199041366577,7.381849055290222,10.037199041843415,4.787021013775248,5.193761925877789,5.940943078317628,12.593077425374975,42.352473877524616,41.7958842021611,37.22222775076924,23.97868477930038,-59.99999447145293,-90.1771401356215,-0.40674091210254115,-0.39123400437505335,-0.015506907727487806,5.838156744090711,5.013999032974243,4.189841321857775,0.3287426685551585,0.24883443033302802,0.5311866714337352,11.547538968961737,0.46000003814697266,-1570356.6423967935,45856.74411006295,-1744932.0,0,0,80,0,12.949949596079062,85.71428571428572,0.0,-85.71428571428572,5.476442328308106,-5.476442328308106,0.11111114950380707,0.10536055021125207,1.172541040089878,1.1919298105620055,-0.09090911660998491,-0.09090911660998491,0.0,27735.7,1.0284579080390976,-2347.524388053492,0.25,0.11764705882352941,-0.03873685177107516,-0.06568115328254105,3.909998893737793,6.094998836517334,0.15000004664712394,0.32500004923863085
4.829998970031738,5.174999237060547,4.714999198913574,4.829998970031738,17429,2024-01-25 00:00:00+11:00,4.484998989105224,4.783999013900757,5.008249020576477,5.885699043273926,7.340449051856995,9.965899045467376,4.793633007045477,5.166816521741045,5.897376642698573,12.515832863630267,45.426115968395884,43.79098990341325,54.79797522893407,36.76767931111357,-46.66665929527057,7.55502984564747,-0.373183514695568,-0.3876239064391563,0.014440391743588299,5.835849583626898,5.008249020576477,4.180648457526055,0.33049497325321114,0.39230912924482964,0.5343162153386324,11.062449881539443,0.5750002861022949,-1579071.1604637373,40010.432255701395,-1727503.0,100,0,0,0,12.401380958446984,78.57142857142857,50.0,-28.571428571428573,5.413784590925293,-5.413784590925293,0.05000001554904121,0.04879017897804257,1.1552841412223174,1.1653257500159304,0.024390199503037557,-0.10638296746108378,-0.0232558677738548,27684.5,0.6295580559518864,-2860.0505038604724,0.375,0.17647058823529413,-0.04245489486178083,-0.0666917180843285,3.909998893737793,6.094998836517334,0.19047624688994497,0.26190479011163914
4.9449992179870605,4.9449992179870605,4.772499084472656,4.9449992179870605,14174,2024-01-29 00:00:00+11:00,4.553999042510986,4.772499036788941,5.008249020576477,5.844299049377441,7.30479905128479,9.891724047660828,4.816920116421105,5.150385610351861,5.8600285083961605,12.440501185564166,46.94918732023265,44.784637407201,76.51514808836721,56.178450356023596,-39.999977885811724,6.9203019674131365,-0.3334654939307553,-0.3767922239374761,0.04332673000672077,5.835849583626898,5.008249020576477,4.180648457526055,0.33049497325321114,0.4617872404797031,0.5084722094940447,10.28255389089882,0.1725001335144043,-1564897.1604637373,38491.356292034965,-1713329.0,100,0,0,0,11.891995794931484,71.42857142857143,42.85714285714286,-28.571428571428573,5.353633163037793,-5.353633163037793,0.02380958022327828,0.023530552511999293,1.1580170148197302,1.1334935541358804,0.07500007515369966,-0.02272723203419058,0.0,25378.95,0.5584943427525567,-2522.573513775726,0.437500129575304,0.2058824139177901,-0.04435714456371802,-0.06613949710438372,3.909998893737793,6.094998836517334,0.20930242425206705,0.23255809916960893
4.9449992179870605,5.174999237060547,4.9449992179870605,5.174999237060547,16574,2024-01-30 00:00:00+11:00,4.737999057769775,4.783999061584472,5.019749021530151,5.802899055480957,7.27604905128479,9.82559904575348,4.872009211904096,5.1522088419599115,5.833164615402607,12.368207633837763,49.957272542720176,46.76103539894815,84.84848142170055,72.05386824633403,-26.66664270962937,60.184599158894436,-0.28019963005581516,-0.3574737051611439,0.07727407510532874,5.849902447896391,5.019749021530151,4.189595595163911,0.330754953208074,0.5935069413674285,0.48858133874971915,9.4411866817441,0.23000001907348633,-1548323.1604637373,39644.247371259145,-1696755.0,0,0,0,0,11.838351512399198,64.28571428571429,35.714285714285715,-28.571428571428573,5.295887792265793,-5.295887792265793,0.04651163911955303,0.04546238479099684,1.1684129957097893,0.7917416403057735,0.21621627679197797,0.022727326270801873,0.04651163911955303,25970.4,0.6381880910575116,-1751.6896070082544,0.5625001295753039,0.2647059433295548,-0.04297367970746275,-0.06428403476563964,3.909998893737793,6.094998836517334,0.24444454682495512,0.17777772658752244
5.059998989105225,5.174999237060547,4.9449992179870605,4.9449992179870605,7120,2024-01-31 00:00:00+11:00,4.898999118804932,4.726499080657959,5.008249020576477,5.7545990562438964,7.249599051475525,9.757174046039582,4.883238443609168,5.136859980924886,5.798334599817684,12.29434486353079,47.08225790435691,45.06722576292783,86.53198938058897,82.63187296355233,-39.999977885811724,41.62757732664993,-0.253621537315718,-0.3367032715920587,0.08308173427634069,5.835849583626898,5.008249020576477,4.180648457526055,0.33049497325321114,0.4617872404797031,0.4701112444871311,9.506801189717827,0.23000001907348633,-1555443.1604637373,34246.4075971907,-1703875.0,0,0,0,-80,11.788538964333503,57.142857142857146,28.571428571428573,-28.571428571428573,5.240452236324673,-5.240452236324673,-0.04444445468249547,-0.04546238479099684,1.16996932492966,0.8894800730133084,0.1944445692207062,-0.10416665046974949,-0.04444445468249547,25945.05,0.2744261429444152,-2422.878395912453,0.437500129575304,0.2058824139177901,-0.04159021485120748,-0.06248931619156446,3.909998893737793,6.094998836517334,0.20930242425206705,0.23255809916960893
4.9449992179870605,4.9449992179870605,4.599998950958252,4.829998970031738,2744,2024-02-01 00:00:00+11:00,4.944999122619629,4.70349907875061,4.950749015808105,5.703999052047729,7.211649050712586,9.691624047756195,4.875047755366486,5.114129535673541,5.760360653551569,12.220072765088014,45.66711434684962,44.22617907632735,72.5925887703896,81.32435319089312,-46.66665929527057,-2.4054986637141176,-0.23908178030705507,-0.31717897333505796,0.07809719302800289,5.650172118049648,4.950749015808105,4.251325913566562,0.28255243802836033,0.41367882660053573,0.4611747460972509,9.54813342525869,0.3450002670288086,-1554528.4963254575,29215.920133870794,-1706619.0,0,100,0,0,10.96966990509768,50.0,21.42857142857143,-28.571428571428573,5.187234102621198,-5.187234102621198,-0.0232558677738548,-0.02353055251199936,1.0174152312351752,0.6731513461169241,0.05000001554904121,-0.045454558304992454,-0.19230773831076986,23021.85,0.11919111626563461,-12007.936314877734,0.5,0.17647058823529413,-0.02879322238434535,-0.06073325366676208,3.909998893737793,5.749999046325684,0.19047624688994497,0.19047624688994497
4.829998970031738,4.9449992179870605,4.829998970031738,4.9449992179870605,3451,2024-02-02 00:00:00+11:00,4.9679991722106935,4.726499080657959,4.933499026298523,5.662599058151245,7.175999050140381,9.62492404460907,4.885809518846575,5.101601363993061,5.728385695294137,12.147683973574573,47.37066777804378,45.29807153591125,59.25926096560028,72.79461303885971,-39.999977885811724,27.38981059585337,-0.21579184514648642,-0.29690154769734367,0.08110970255085725,5.615401459178147,4.933499026298523,4.251596593418898,0.27643764769980644,0.5084324319242954,0.43644799622997027,8.826047831158874,0.11500024795532227,-1551077.4963254575,25600.046159433667,-1703168.0,0,0,0,0,10.20929149295013,42.85714285714286,14.285714285714286,-28.571428571428573,5.174999237060547,-5.174999237060547,0.02380958022327828,0.023530552511999293,0.9408745314719232,0.5978578506823746,0.02380958022327828,0.048780500138045246,-0.06521736387062771,20087.65,0.17179709921270034,-4756.344661563388,0.5833335061004054,0.2058824139177901,-0.023518783526313206,-0.05930852372534706,3.909998893737793,5.634998798370361,0.20930242425206705,0.1395348209305028
4.9449992179870605,5.289999008178711,4.714999198913574,5.059998989105225,7889,2024-02-05 00:00:00+11:00,4.9909991264343265,4.772499084472656,4.933499026298523,5.625799055099487,7.146099047660828,9.566274044513703,4.912607898886367,5.0985197065939625,5.70217445191418,12.077159744873386,49.08969046529659,46.38008932849524,55.555555555555515,62.46913509718188,-33.33332411908822,56.5131142745373,-0.18591180770759586,-0.2747035996993941,0.08879179199179826,5.615401459178147,4.933499026298523,4.251596593418898,0.27643764769980644,0.592755177799045,0.44634455430391073,8.821040384888283,0.5749998092651367,-1549499.6989423407,22295.57450457057,-1695279.0,0,0,0,0,10.225332372475302,35.714285714285715,7.142857142857143,-28.571428571428573,3.909998893737793,3.909998893737793,0.02325577134569823,0.022989476585266597,0.9313562931557234,0.5967888238369907,0.02325577134569823,0.10000003109808264,0.0,19496.75,0.40463154115429495,-3716.0535627593713,0.6666666666666666,0.23529411764705882,-0.01971427336671296,-0.05769603868921832,3.909998893737793,5.634998798370361,0.2272727915249623,0.11363634864417546
4.829998970031738,5.059998989105225,4.829998970031738,4.829998970031738,7943,2024-02-06 00:00:00+11:00,4.921999073028564,4.82999906539917,4.9219990253448485,5.57519905090332,7.115049047470093,9.51222404241562,4.899898832908732,5.078629281663427,5.667971491840359,12.0050486923874,45.86317712537922,44.53036006647322,53.33333886187731,56.04938512767779,-33.333333333333336,38.28862124576867,-0.17873044875469546,-0.2555089695104544,0.07677852075575892,5.602736810465405,4.9219990253448485,4.241261240224292,0.276610288468256,0.43242621658145713,0.4308913732160233,8.921148345776809,0.23000001907348633,-1557442.6989423407,16389.55659989291,-1703222.0,100,0,0,0,10.240227474891531,28.571428571428573,0.0,-28.571428571428573,3.9375988960266115,3.9375988960266115,-0.045454558304992454,-0.04652002909726599,0.9462640363034314,0.55084906254623,-0.0666667280949731,0.13513511696240665,-0.045454558304992454,19618.9,0.4048646967974759,-4077.0991193759264,0.5,0.17647058823529413,-0.019195477765305762,-0.05532148876396257,3.909998893737793,5.634998798370361,0.19047624688994497,0.16666666666666666
4.714999198913574,4.9449992179870605,4.599998950958252,4.829998970031738,14389,2024-02-07 00:00:00+11:00,4.8989990234375,4.8989990711212155,4.893249034881592,5.51309905052185,7.082849044799804,9.464499042034149,4.889145007850733,5.060212221542561,5.6351098243184525,11.933655162811721,45.86317712537922,44.53036006647322,44.44444444444441,51.11111295395916,-33.333333333333336,12.460514056888126,-0.17106721369182853,-0.2386206183467292,0.06755340465490067,5.537556984433875,4.893249034881592,4.248941085329308,0.2633456605046363,0.45091627777229454,0.42475629420265076,8.794128049262497,0.3450002670288086,-1552646.3788673736,14009.600517296698,-1703222.0,0,0,0,0,9.68046327670488,21.42857142857143,85.71428571428572,64.28571428571429,3.9646468982696534,3.9646468982696534,0.0,0.0,0.9107700610445287,0.47762074632650914,-0.0232558677738548,0.1666667242557105,-0.10638296746108378,19441.2,0.7401292101310618,-5300.4849834318875,0.5,0.17647058823529413,-0.012883452365272987,-0.05129579882948054,3.909998893737793,5.634998798370361,0.19047624688994497,0.16666666666666666
4.599998950958252,4.829998970031738,4.599998950958252,4.599998950958252,16763,2024-02-08 00:00:00+11:00,4.852999019622803,4.8989990711212155,4.870249032974243,5.446399049758911,7.041449046134948,9.417349042892456,4.844660999098044,5.026122349647427,5.5945172410494255,11.86068345921119,42.61475448439295,42.6548326097781,22.222222222222186,40.00000184284805,-50.0,-20.18662102948908,-0.18146135054938384,-0.22718876478726013,0.045727414237876296,5.521904422273533,4.870249032974243,4.218593643674954,0.2676065987128079,0.2926434075020963,0.41084513169342474,8.931417943211471,0.23000001907348633,-1569409.3788673736,6428.700254661962,-1719985.0,100,0,0,0,9.160682235531564,14.285714285714286,78.57142857142857,64.28571428571429,3.9911539404678344,3.9911539404678344,-0.0476190617224862,-0.04879017897804262,0.8983934075295411,0.5622616885266897,-0.0476190617224862,0.0,-0.09090911660998491,19083.75,0.8783913014999672,-4572.426026238816,0.3333333333333333,0.11764705882352941,-0.014439845264406314,-0.04751308612892178,3.909998893737793,5.634998798370361,0.15000004664712394,0.2250000181405482
4.599998950958252,4.714999198913574,4.369998931884766,4.599998950958252,9720,2024-02-09 00:00:00+11:00,4.783998966217041,4.875999069213867,4.829999041557312,5.377399044036865,6.9954490470886235,9.365599043369293,4.807020683999614,4.994557653448229,5.555516523790948,11.788437842213648,42.61475448439294,42.6548326097781,19.444444444444407,28.703703703703752,-50.0,-55.067464702869984,-0.1875369694486153,-0.21925840571953117,0.031721436270915865,5.44285307172604,4.829999041557312,4.217145011388585,0.25376983510585877,0.31235328538531604,0.40614192707452357,8.82917434122279,0.3450002670288086,-1566169.3878236124,3773.9018198116682,-1719985.0,100,0,0,0,8.903552491710368,7.142857142857143,71.42857142857143,64.28571428571429,4.017130841822052,4.017130841822052,0.0,0.0,0.8581942765947612,0.4956569720646572,-0.06976750689340783,-0.0476190617224862,-0.14893617208981935,19051.8,0.5101880137309861,-5278.721192362414,0.3333333333333333,0.13793104434342454,-0.009857143674578107,-0.04312845204915467,3.909998893737793,5.634998798370361,0.15000004664712394,0.2250000181405482
4.599998950958252,4.599998950958252,4.369998931884766,4.369998931884766,7987,2024-02-12 00:00:00+11:00,4.645998954772949,4.818499040603638,4.795499038696289,5.319899044036865,6.958649044036865,9.312699043750763,4.739786568289637,4.948294044443529,5.509025637833843,11.714622529673063,39.37991639231147,40.76204542724698,8.333333333333295,16.666666666666714,-80.0,-100.65359788870893,-0.20850747615389142,-0.2171082198064032,0.008600743652511789,5.429982361179823,4.795499038696289,4.161015716212756,0.2646161817002574,0.1646877138188558,0.3935603622173066,9.005960146712562,0.23000001907348633,-1574156.3878236124,-196.55225079180673,-1727972.0,0,0,-80,0,8.664789158162113,0.0,64.28571428571429,64.28571428571429,4.042588205149185,4.042588205149185,-0.05000001554904132,-0.05129331075496259,0.8473093679221829,0.41545140125860297,-0.13636367491497736,-0.11627914601296085,-0.13636367491497736,16937.35,0.471561371761226,-2468.9661603934737,0.16666666666666666,0.06896552217171227,-0.012796995693579775,-0.04092509124316229,3.909998893737793,5.634998798370361,0.10526319235244669,0.2894737244111878
4.599998950958252,4.599998950958252,4.369998931884766,4.369998931884766,10473,2024-02-13 00:00:00+11:00,4.553998947143555,4.737999010086059,4.760999035835266,5.273899040222168,6.924149041175842,9.261524045467377,4.682896162688888,4.905457369439175,5.464357923875055,11.641541697854274,39.37991639231147,40.76204542724698,8.333333333333295,12.037037037037082,-80.0,-117.75700776837151,-0.2225612067502878,-0.21819881719518014,-0.004362389555107649,5.409093249006595,4.760999035835266,4.112904822663937,0.2722513524128987,0.19834624657639352,0.3818774805641766,8.738617251777544,0.23000001907348633,-1584629.3878236124,-5135.278711421415,-1727972.0,0,0,0,0,8.443080348438736,7.142857142857143,57.142857142857146,50.0,4.067536421209776,4.067536421209776,0.0,0.0,0.8473093679221829,0.4246007818177177,-0.09523812344497251,-0.15555563745996415,-0.13636367491497736,17296.5,0.6054982221836788,-2468.9661603934737,0.16666666666666666,0.06896552217171227,-0.014699253641573184,-0.03985378279119273,3.909998893737793,5.634998798370361,0.10526319235244669,0.2894737244111878
4.369998931884766,4.599998950958252,4.254999160766602,4.599998950958252,8165,2024-02-14 00:00:00+11:00,4.507998943328857,4.703498983383179,4.714999032020569,5.227899036407471,6.894249038696289,9.205174045562744,4.670142745499559,4.88283081992207,5.430461493564592,11.57147659589511,44.28487175128839,43.5249674761053,19.999994471451366,12.222220379372736,-66.66668202374326,-107.16047301738386,-0.2126880744225108,-0.21709666864064628,0.00440859421813547,5.264116611245874,4.714999032020569,4.165881452795264,0.23292372935651937,0.3952864692252621,0.3792433598232819,8.244422745885183,0.3449997901916504,-1576464.3878236124,-4090.8687442769296,-1719807.0,0,0,0,0,8.549663155809682,0.0,50.0,50.0,4.091985672949154,4.091985672949154,0.05263159617622337,0.0512933107549626,0.7987690849409916,0.6703520490097479,-0.0476190617224862,-0.06976750689340783,-0.1666667098584459,16281.25,0.5014971209213052,-4627.411727500879,0.4444443420639809,0.13793104434342454,-0.0050150444633084035,-0.037457144097262904,3.909998893737793,5.289999008178711,0.15000004664712394,0.15000004664712394
4.599998950958252,4.599998950958252,4.254999160766602,4.484999179840088,6227,2024-02-15 00:00:00+11:00,4.484998989105224,4.6689990043640135,4.686249041557312,5.1772990417480464,6.851699042320251,9.143649046421052,4.641659120013487,4.853361809545627,5.3933845400852,11.500964382800035,42.43600012558332,42.484666059649754,36.66666113811803,21.666662980967647,-77.77777265875224,-98.59779443920607,-0.21170268953213967,-0.21601787281894497,0.004315183286805302,5.220101886759637,4.686249041557312,4.152396196354988,0.22783801734314874,0.31151185806553777,0.3767973905638797,8.40128114755451,0.3449997901916504,-1574388.7154192321,-2631.27174320817,-1726034.0,0,0,0,-80,8.648632905511276,100.0,42.85714285714286,-57.142857142857146,4.115945939653746,4.115945939653746,-0.02499995594438298,-0.02531776279904267,0.7510999323454628,0.6042234452542544,-0.02499995594438298,-0.07142854322169423,-0.11363634864417549,14420.05,0.4318292932410082,-1162.1688481368892,0.3333334869040286,0.10344835474739641,-0.002853388893873296,-0.03482857263388755,3.909998893737793,5.289999008178711,0.12820521544059602,0.17948717403496275
4.599998950958252,4.829998970031738,4.54249906539917,4.829998970031738,52074,2024-02-16 00:00:00+11:00,4.530998992919922,4.657498979568482,4.69199903011322,5.124399042129516,6.819499039649964,9.087299048900604,4.670634481554757,4.851631228840894,5.371290988318397,11.434586617498859,49.27760038709836,46.511746512616384,69.99999447145136,42.222216693673666,-44.44445468249551,-1.398617565993785,-0.18099674728613735,-0.20901364771238345,0.028016900426246105,5.229431914234332,4.69199903011322,4.154566145992109,0.22908482319449364,0.6283880685345441,0.3745261333944347,7.754165906001707,0.3449997901916504,-1522314.7154192321,14774.042642975226,-1673960.0,0,0,0,0,8.08303458613424,92.85714285714286,35.714285714285715,-57.142857142857146,4.139427001024245,4.139427001024245,0.07692304420977658,0.07410794177708538,0.7655788313511237,0.8406371315867605,0.05000001554904121,-0.0232558677738548,0.024390199503037557,16073.15,3.2398129800319166,4139.793953971564,0.6666665130959714,0.23076923076923078,-0.0003458686341021389,-0.03001872908739912,3.909998893737793,5.289999008178711,0.19047624688994497,0.09523812344497248
4.599998950958252,4.599998950958252,4.484999179840088,4.484999179840088,6235,2024-02-19 00:00:00+11:00,4.553999042510986,4.599998998641968,4.686249041557312,5.071499042510986,6.778099040985108,9.03037405014038,4.642075204367885,4.824473299285279,5.336534446809444,11.36543649374106,43.6860277277649,43.32645546996345,63.333338861881884,56.66666482381717,-77.77777265875224,-62.7160169243122,-0.182398094917394,-0.20369053715338556,0.021292442235991554,5.229920670530967,4.686249041557312,4.142577412583658,0.2320284834000132,0.3149159796170118,0.37241710887995005,8.303615986240349,0.3449997901916504,-1528549.7154192321,18567.440106143476,-1680195.0,0,0,0,0,7.636661642654801,85.71428571428572,28.571428571428573,-57.142857142857146,4.1624384411673345,4.1624384411673345,-0.07142854322169423,-0.07410794177708535,0.8045395273105865,0.945659969016325,0.026315852646152216,-0.11363634864417549,-0.02499995594438298,13587.8,0.4588675135047616,5058.879185107901,0.3333334869040286,0.11538469512326399,-0.004755642181052422,-0.02661152559168197,3.909998893737793,5.289999008178711,0.12820521544059602,0.17948717403496275
4.484999179840088,4.484999179840088,4.484999179840088,4.484999179840088,1941,2024-02-20 00:00:00+11:00,4.576999092102051,4.565499019622803,4.697749042510987,5.018599042892456,6.74014904499054,8.973449051380157,4.617909662132839,4.7993270682152644,5.303140906928292,11.296974430916174,43.68602772776491,43.326455469963456,60.00001105709714,64.44444813014354,-77.77777265875224,-66.66661442842762,-0.18141740608242518,-0.1992359109391935,0.017818504856768308,5.213457147445332,4.697749042510987,4.182040937576641,0.21955540845949292,0.2937303480056962,0.3458158868170965,7.710500558651753,0.0,-1528549.7154192321,18431.33542233566,-1680195.0,100,0,0,0,7.222172480852465,78.57142857142857,21.42857142857143,-57.142857142857146,4.1849896525075625,4.1849896525075625,0.0,0.0,0.7543642879550749,0.945659969016325,0.026315852646152216,-0.07142854322169423,0.05405406919799449,12292.4,0.1579024437864046,7147.553391228274,0.3333334869040286,0.1500001036602432,-0.01443984884964797,-0.022950300489153162,4.139998912811279,5.289999008178711,0.07692315052800289,0.17948717403496275
4.484999179840088,4.484999179840088,4.139998912811279,4.254999160766602,18361,2024-02-21 00:00:00+11:00,4.507999134063721,4.507999038696289,4.703499054908752,4.9748990440368654,6.695299048423767,8.912499048709869,4.562077277307265,4.759006482478326,5.262037309039599,11.226905025243044,40.162456184553506,41.250111782940145,32.22224479712416,51.85186490536781,-89.99997926795136,-118.63571438464669,-0.19692920517106138,-0.19877456978556707,0.0018453646145056846,5.196257666244609,4.703499054908752,4.210740443572895,0.2095285257138917,0.04490912606653591,0.34575762826079026,8.125915310368637,0.3450002670288086,-1534670.031834304,14752.70688122441,-1698556.0,0,0,-80,0,7.892408194103908,100.0,14.285714285714286,-85.71428571428572,5.289999008178711,-5.289999008178711,-0.05128206491259313,-0.05264374785274998,0.7721671235852333,0.9144000704551505,-0.0749999714934243,-0.11904760494418043,0.02777784496499569,12909.2,1.4223189663185944,6368.801618423402,0.0,0.06250012957530399,-0.02957142815554067,-0.021266026353778843,4.139998912811279,5.289999008178711,0.027027090631576826,0.24324325535839558
4.139998912811279,4.254999160766602,4.024999141693115,4.139998912811279,29753,2024-02-22 00:00:00+11:00,4.438999080657959,4.461999034881591,4.6804990530014035,4.938099040985107,6.651599044799805,8.850974044799806,4.497142144307882,4.713154069910397,5.218035803305154,11.15638854651238,38.49077748578187,40.23774038018831,23.65080223508382,38.62435269643512,-90.90910804301863,-155.22494137448479,-0.2160119256025146,-0.20222204094895657,-0.013789884653558016,5.230098067210771,4.6804990530014035,4.130900038792036,0.23484633069498576,0.008277738664008315,0.3374892276045543,8.151915850996714,0.23000001907348633,-1534670.0935183684,11906.638589365175,-1728309.0,100,0,0,0,8.820045131654997,100.0,7.142857142857143,-92.85714285714286,5.266999006271362,-5.266999006271362,-0.027027090631576822,-0.027399039559459423,0.662279846386695,0.9160261809748486,-0.07692315052800291,-0.10000003109808264,-0.10000003109808264,12970.6,2.2938800055510153,2395.219051266,0.0,0.0,-0.03925564235314391,-0.020769027810709287,4.024999141693115,5.289999008178711,0.02777772978690787,0.2777778737595176
3.79499888420105,4.024999141693115,3.79499888420105,3.79499888420105,35235,2024-02-23 00:00:00+11:00,4.231999063491822,4.381499028205871,4.628749048709869,4.903599038124084,6.603299043178558,8.795774043798447,4.389120104291447,4.645142574672668,5.1622304339285225,11.083140888180925,33.928309753998896,37.35026629616889,10.317463373201894,22.063503468470035,-100.0,-224.8212062251558,-0.25602247038122083,-0.21298212683540943,-0.043040343545811405,5.29485631439152,4.628749048709869,3.962641783028218,0.2878130823995781,-0.12583776477472677,0.338025713390674,8.907136041538983,0.3450000286102295,-1569905.0935183684,-1551.2201290652156,-1763544.0,100,0,0,0,10.243229871687943,100.0,0.0,-100.0,5.217319011688232,-5.217319011688232,-0.08333336212785525,-0.08701140840183598,0.6856453501177753,0.5349483013821301,-0.21428577775118807,-0.17500005442164457,-0.21428577775118807,13860.9,2.542042724498409,-1412.4822343132191,0.0,0.0,-0.04954511975883538,-0.022033614047578278,3.79499888420105,5.289999008178711,0.0,0.3939395424334622
4.024999141693115,4.139998912811279,3.909998893737793,4.024999141693115,3163,2024-02-26 00:00:00+11:00,4.139999055862427,4.3469990491867065,4.582749044895172,4.869099040031433,6.5584490418434145,8.750349045991898,4.3331014946609345,4.59920602408159,5.117633128350663,11.012910622046718,39.110126702591415,40.346784100209234,15.873015089486529,16.613760232590824,-79.99998341436452,-136.34539660006791,-0.2661045294206552,-0.22360660735245858,-0.042497922068196636,5.2814155204906905,4.582749044895172,3.884082569299653,0.304911514355681,0.10084681125808269,0.3385238787634994,8.410532942898948,0.3450000286102295,-1569905.0869608214,-6915.6856883794535,-1760381.0,100,0,0,0,11.097524921054895,92.85714285714286,0.0,-92.85714285714286,5.131979804039002,-5.131979804039002,0.06060614627571548,0.058840580797176203,0.7219692091527542,0.8671680898710987,-0.10256412982518626,-0.07894733970629442,-0.18604655647821233,13310.35,0.2376346226808461,-1558.2619837278774,0.16666681063920177,0.1052632670107823,-0.05317669470507412,-0.022028091574917318,3.79499888420105,5.289999008178711,0.05714293330142571,0.314285748133967
4.9449992179870605,5.289999008178711,4.714999198913574,5.174999237060547,85703,2024-02-27 00:00:00+11:00,4.277999067306519,4.427499079704285,4.582749044895172,4.859899048805237,6.531999042034149,8.725049048662186,4.462624224260875,4.641857373191142,5.119882779672619,10.954821951549343,57.18914338325099,52.319601582501896,41.88035487478562,22.69027777915809,-7.692291744577972,200.06340170884232,-0.1792331489302672,-0.2147319156680203,0.035498766737753096,5.2814155204906905,4.582749044895172,3.884082569299653,0.304911514355681,0.9238432877866094,0.4047007350293634,7.820305211469704,1.2649998664855957,-1518483.2301032373,7879.958827348659,-1674678.0,0,0,0,0,11.80589268971255,85.71428571428572,100.0,14.285714285714286,3.79499888420105,3.79499888420105,0.2857143703349174,0.2513144940969508,1.2633434206390994,2.3651069187160187,0.15384619473777938,0.18421064117482233,0.0,16766.8,5.111470286518596,22157.43279031808,1.0,0.6315790564844666,-0.03536465885047631,-0.019432653527872344,3.79499888420105,5.289999008178711,0.2666667741662029,0.02222218127001795
6.209999084472656,7.474998950958252,6.209999084472656,7.359999179840088,131138,2024-02-28 00:00:00+11:00,4.8989990711212155,4.703499102592469,4.703499042987824,4.892099051475525,6.525099041461945,8.706649049520493,4.908374217426908,4.843201210720693,5.207730481639971,10.919052570736316,73.36855452829182,65.95255341892748,74.17202363355368,43.97513119927535,-3.1249937236958063,376.63450566100556,0.06517300670621484,-0.15875093119317327,0.2239239378993881,6.098558619060764,4.703499042987824,3.3084394669148836,0.593200748346172,1.4521099250579137,0.5400792335199592,7.338033881842004,2.299999713897705,-1411188.4578923297,47355.608302949,-1543540.0,0,0,0,0,14.832269442959092,78.57142857142857,100.0,21.42857142857143,3.824898886680603,3.824898886680603,0.42222227341247764,0.3522206295824998,1.938138124717771,3.4103561228911143,0.7297298781403458,0.6000001865884959,0.48837216254122917,22967.7,5.709670537319801,77843.26179842294,1.0,1.0,0.010030082652443156,-0.01137022825563946,3.79499888420105,7.474998950958252,0.4843750941445751,0.015624970643089485
7.359999179840088,7.359999179840088,6.32499885559082,6.669999122619629,38472,2024-02-29 00:00:00+11:00,5.404999113082885,4.921999096870422,4.795499050617218,4.928899054527283,6.506699039936065,8.677324050664902,5.179393433610404,4.978519574565059,5.265074349913683,10.876773431949085,65.01272547239243,60.241300902680294,89.1025731977539,68.38498390203114,-21.874994938464358,206.61255849690872,0.20087385904534472,-0.08682597314546966,0.2876998321908144,6.433351083466194,4.795499050617218,3.1576470177682427,0.6830788685645434,1.0722434122274755,0.5754307400006241,8.627148661072459,1.0350003242492676,-1424012.4460759861,55119.3224569906,-1582012.0,0,0,0,0,17.642476428116595,71.42857142857143,92.85714285714286,21.42857142857143,3.970902889251709,3.970902889251709,-0.09375001822153062,-0.09844009291976927,1.9776681806746137,3.63163954050045,0.6111113222709388,0.4871795635105216,0.38095249377989004,24754.1,1.554166784492266,74300.32519857567,0.8064516129032258,0.8064516129032258,0.04012030820201205,-0.0073390158027016985,3.79499888420105,7.474998950958252,0.43103457520237703,0.12068964531174645
6.209999084472656,6.439999103546143,6.094998836517334,6.094998836517334,18110,2024-03-01 00:00:00+11:00,5.864999103546142,5.048499083518982,4.852999031543732,4.951899046897888,6.479099042415619,8.646849051713943,5.320255803288393,5.0612217421170795,5.297620408211865,10.82919358522837,58.98410183814631,55.9982119075346,78.76344377655842,80.67934686928874,-37.500002429537105,111.78131217642822,0.2590340611713131,-0.017653966282113104,0.27668802745342624,6.585801434872953,4.852999031543732,3.1201966282145106,0.7141161133831998,0.8583789480518255,0.5753999932936006,9.440526712592165,0.5750002861022949,-1442122.4460759861,47522.26711482648,-1600122.0,0,0,0,0,19.715046844497216,64.28571428571429,85.71428571428572,21.42857142857143,4.111066731719971,4.111066731719971,-0.08620695078539453,-0.09015115634435365,2.0149180109035427,3.641733765740648,0.6060607716886053,0.26190479011163914,0.232558099169609,25487.05,0.710556929891847,72656.95045850164,0.6451612234450044,0.6451612234450044,0.06104511981619914,-0.004555822638045695,3.79499888420105,7.474998950958252,0.3773585547770995,0.22641515633650988
6.094998836517334,6.554998874664307,6.094998836517334,6.094998836517334,14636,2024-03-04 00:00:00+11:00,6.2789990425109865,5.209499049186706,4.904749023914337,4.970299038887024,6.454949038028717,8.623274048566818,5.439447039169768,5.137797823183765,5.328890150498355,10.782087169818311,58.98410183814631,55.9982119075346,63.13843880500533,77.00148525977262,-37.500002429537105,92.17978634405229,0.3016492159860036,0.04620667017151024,0.2554425458144933,6.719090455058678,4.904749023914337,3.090407592769996,0.7398304876755419,0.8280115286383233,0.5671571393545557,9.305287081541557,0.46000003814697266,-1456758.4460759861,35437.26564622973,-1600122.0,100,0,0,0,21.73704186291314,57.142857142857146,78.57142857142857,21.42857142857143,4.245624020489502,4.245624020489502,0.0,0.0,2.015653168952137,3.7260529287514235,0.5142857481339669,0.35897434806992545,0.20454546525416029,25824.4,0.5667508248013506,72473.48567835541,0.6451612234450044,0.6451612234450044,0.08205639455551478,-0.0013198082615919955,3.79499888420105,7.474998950958252,0.3773585547770995,0.22641515633650988
6.094998836517334,6.094998836517334,5.404998779296875,5.404998779296875,15922,2024-03-05 00:00:00+11:00,6.324998950958252,5.301499009132385,4.933499014377594,4.967999033927917,6.396299040317535,8.595099047422408,5.434147306881631,5.157590486599551,5.331874802608101,10.728583802748446,52.242072623127264,51.22481183999702,37.09677045116012,59.666217677574686,-56.25000364430566,38.83034509922802,0.27655682028207984,0.09227670019362416,0.18428012008845568,6.760370939390761,4.933499014377594,3.1066270893644266,0.7405988811142568,0.6290456540668233,0.5759316334878345,10.655536791124979,0.690000057220459,-1472680.4460759861,22205.740895783063,-1616044.0,0,0,-80,0,22.114867808251127,50.0,71.42857142857143,21.42857142857143,4.374799017708252,4.374799017708252,-0.11320757816825489,-0.12014434679775554,2.0569093675017913,3.5847676519122995,0.04444436254003592,0.20512815333214607,0.11904760494418043,26223.35,0.6071688018502595,71032.04017537703,0.4516128363482302,0.4516128363482302,0.08802255562373568,0.001049218710158649,3.79499888420105,7.474998950958252,0.29787238829039414,0.38297884165862084
5.289999008178711,5.519999027252197,5.174999237060547,5.289999008178711,6935,2024-03-06 00:00:00+11:00,5.910998916625976,5.404998993873596,4.956499016284942,4.967999033927917,6.331899044513702,8.564049047231673,5.41197064554272,5.167398525235044,5.330232614591262,10.674468531160688,51.19183187871299,50.471906233485406,18.42104630635697,39.55208518750754,-59.37499736800146,12.031737773327242,0.2445721203076756,0.12273578421643445,0.12183633609124116,6.78915311003272,4.956499016284942,3.1238449225371654,0.7394953929079607,0.5909882538749474,0.5594365018238213,10.575361185491587,0.3449997901916504,-1474992.1191327353,14038.608352927025,-1622979.0,100,0,0,0,22.026088484428094,42.85714285714286,64.28571428571429,21.42857142857143,4.498807015038252,4.498807015038252,-0.021276558203612406,-0.021506166863785692,2.0600032900778418,0.7823213811834018,-0.28125005466459196,0.24324325535839564,0.0952381234449724,25850.65,0.26827178426848064,70884.48724423497,0.41935483870967744,0.41935483870967744,0.09148120145152375,0.0025954370739079834,3.79499888420105,7.474998950958252,0.2826087720746801,0.41304354488561856
5.289999008178711,5.404998779296875,5.289999008178711,5.404998779296875,4089,2024-03-07 00:00:00+11:00,5.657998847961426,5.531498980522156,4.996749007701874,4.98409903049469,6.275549042224884,8.540474046468734,5.410898050735667,5.184998544054439,5.333164621050305,10.622035996316272,52.226124953856555,51.22465458316239,7.309928476523575,20.942581744680286,-56.25000364430566,11.740030726639477,0.2258995066812277,0.1433685287093931,0.08253097797183462,6.831674817717897,4.996749007701874,3.161823197685851,0.7344478608742248,0.6112442174409863,0.5276910210591315,9.763018320751177,0.11499977111816406,-1470903.1191327353,10722.317007855978,-1618890.0,0,0,0,0,21.94365054087813,35.714285714285715,57.142857142857146,21.42857142857143,4.617854692475052,4.617854692475052,0.02173909124375384,0.02150616686378576,2.048327465107228,0.9138704352347568,-0.189655248833965,0.3055556035464255,0.17500000259150683,25216.95,0.1621528376746593,71771.61671998473,0.4516128363482302,0.4516128363482302,0.09225939252322775,0.0027224470759067395,3.79499888420105,7.474998950958252,0.29787238829039414,0.38297884165862084
5.404998779296875,5.404998779296875,5.174999237060547,5.174999237060547,10219,2024-03-08 00:00:00+11:00,5.473998928070069,5.669499015808105,5.025499022006988,4.98869903087616,6.219199039936066,8.516324046850205,5.374605925554879,5.184257854647484,5.326962056972276,10.56783662557741,49.9464626203261,49.64030174449357,7.309928476523575,11.01363441980144,-62.49999109169727,-1.1148213702829313,0.1903480709073948,0.15276443714899343,0.037583633758401375,6.852660476920286,5.025499022006988,3.1983375670936907,0.7271562274361365,0.5409105103031666,0.5064273440003598,9.786037075592223,0.22999954223632812,-1481122.1191327353,5139.396275067469,-1629109.0,0,0,-80,0,21.631155551825554,28.571428571428573,50.0,21.42857142857143,4.73214046281438,4.73214046281438,-0.04255311640722481,-0.04348503352062115,2.0579702937209725,0.8221286277886074,-0.150943359323506,0.36363656353222473,0.1250000907027411,25241.9,0.40484274163196904,71336.76642341929,0.38709684107112463,0.38709684107112463,0.08854134979104634,0.0030758693896565025,3.79499888420105,7.474998950958252,0.2666667741662029,0.4444444546824955
5.404998779296875,5.634998798370361,5.289999008178711,5.289999008178711,23305,2024-03-11 00:00:00+11:00,5.312998962402344,5.795999002456665,5.071499025821685,4.995599026679993,6.1674490380287175,8.492749046087265,5.361589476727776,5.1920905326868345,5.325512525647038,10.515320828389363,51.09589317920636,50.44497555347864,9.722206145279635,8.11402103277566,-59.37499736800146,6.451608556582142,0.16949894404094135,0.15611133852738301,0.013387605513558332,6.876522836142201,5.071499025821685,3.2664752155011696,0.7118304868561285,0.560525512491225,0.503111073808178,9.51060809331595,0.45999956130981445,-1504427.1191327353,-5026.97095880704,-1605804.0,0,0,0,0,21.668288141500366,21.42857142857143,42.85714285714286,21.42857142857143,4.841854802340134,4.841854802340134,0.02222218127001785,0.02197886665683538,2.0446931405490543,0.8875534282387693,-0.1320754687458805,0.3142857481339669,0.21052638470489327,26007.8,0.8960773306469598,72254.00448210725,0.41935483870967744,0.41935483870967744,0.0819699195990884,0.0036777905627887945,3.79499888420105,7.474998950958252,0.2826087720746801,0.41304354488561856
5.174999237060547,5.174999237060547,4.599998950958252,5.059998989105225,42173,2024-03-12 00:00:00+11:00,5.243999004364014,5.784498977661133,5.105999028682708,4.997899022102356,6.107649037837982,8.467449046373368,5.31519094017046,5.182305973903012,5.3151002300963786,10.461039019043252,48.68774501553167,48.80724943527998,18.981478415396566,12.004537679066658,-65.62499777292432,-40.11606459758389,0.13288496626744806,0.15146606407539603,-0.018581097807947977,6.882218589673,5.105999028682708,3.3297794676924166,0.6957383074350239,0.48705113923195464,0.5164602869090552,10.206727076844386,0.690000057220459,-1479123.3471113697,-677.7418241570704,-1647977.0,0,100,0,0,20.374357812580104,14.285714285714286,35.714285714285715,21.42857142857143,7.474998950958252,-7.474998950958252,-0.04347827262687387,-0.044451774862565685,2.055102176582516,0.5215490394341965,-0.06382976283234809,-0.02222227341247751,0.15789478852867012,27592.8,1.5284059609753269,70420.3952906141,0.3548387096774194,0.3548387096774194,0.07072931608759363,0.0037054019873025254,3.79499888420105,7.474998950958252,0.2500000706774585,0.4772728150841151
4.829998970031738,4.829998970031738,4.714999198913574,4.829998970031738,2356,2024-03-13 00:00:00+11:00,5.151998996734619,5.531498956680298,5.117499029636383,4.99099901676178,6.052449033260346,8.443299046754838,5.24054602168758,5.1562091588014365,5.296076651270314,10.405008769799355,46.335947433872995,47.19831211267455,26.38888752914582,18.364190696607405,-71.87499817784716,-61.84738747168587,0.0843368628861434,0.1380402238375455,-0.0537033609514021,6.883413783949409,5.117499029636383,3.351584275323356,0.6901475678202528,0.41859741278494295,0.5042131085720978,10.439197020548942,0.3449997901916504,-1476767.3471113697,1912.7375331232324,-1650333.0,100,0,0,0,19.172851078582717,7.142857142857143,28.571428571428573,21.42857142857143,7.417498950958252,-7.417498950958252,-0.045454558304992454,-0.04652002909726599,2.0602454582276923,0.5724485141069828,-0.08695654525374774,-0.34375006681227915,0.05000001554904121,27302.35,0.08629293815367542,69883.56736846868,0.2903225806451613,0.2903225806451613,0.05879698319542665,0.0037440578533965052,3.79499888420105,7.474998950958252,0.2142857777511881,0.5476191604465566
4.714999198913574,4.829998970031738,4.599998950958252,4.599998950958252,11783,2024-03-14 00:00:00+11:00,4.990999031066894,5.32449893951416,5.123249018192292,4.963399014472961,6.000699036121368,8.41799904704094,5.142000318498453,5.1150084026649045,5.268779486552194,10.347247478069594,44.044767063860185,45.61927453143976,22.222227341247713,22.530864428596768,-80.6451599959178,-83.76069187842762,0.02699191583354832,0.11583056223674607,-0.08883864640319775,6.881621198452988,5.123249018192292,3.3648768379315954,0.6864285433000982,0.35121179887057163,0.484626459322197,10.535360213967913,0.23000001907348633,-1488550.3471113697,-950.5425055460073,-1662116.0,0,0,0,0,17.845709542299222,0.0,21.42857142857143,21.42857142857143,7.361148950958252,-7.361148950958252,-0.0476190617224862,-0.04879017897804262,2.066789952420027,0.4766452056066168,-0.14893617208981935,-0.3103448941457114,0.025640979297183453,27580.15,0.4272275531496384,69478.14668985829,0.22580645161290322,0.22580645161290322,0.0414172851949706,0.005246098634003184,3.79499888420105,7.474998950958252,0.1750000544216446,0.6250001425328787
4.714999198913574,4.829998970031738,4.599998950958252,4.599998950958252,14658,2024-03-15 00:00:00+11:00,4.8759989738464355,5.174998950958252,5.111749017238617,4.949599013328553,5.953549039363861,8.386374045610427,5.058615492723037,5.076859554390338,5.242552798881844,10.290060925561024,44.04476706386018,45.61927453143976,7.407409113749208,18.67284132804765,-100.0,-93.45353953923956,-0.01824406166730075,0.0890156374559367,-0.10725969912323745,6.880619485263301,5.111749017238617,3.3428785492139337,0.692080327911026,0.35534552260012514,0.4664388564472891,10.139977452606214,0.23000001907348633,-1503208.3471113697,-6699.380475406535,-1662116.0,0,0,0,0,16.613363830035972,0.0,14.285714285714286,14.285714285714286,7.305925950958252,-7.305925950958252,0.0,0.0,2.05081132796497,0.5084566000948996,-0.11111118277746856,-0.24528304691413538,-0.0476190617224862,25709.35,0.5701427690703966,65472.45608567839,0.22580645161290322,0.22580645161290322,0.029312020316159704,0.00519087638030679,3.79499888420105,7.474998950958252,0.1750000544216446,0.6250001425328787
4.829998970031738,4.9449992179870605,4.829998970031738,4.829998970031738,6429,2024-03-18 00:00:00+11:00,4.783998966217041,5.048498964309692,5.1289990067482,4.944999012947083,5.912149035930634,8.351874047517777,5.023443720001299,5.05857358517859,5.226374217358311,10.23573195087914,47.079592918408125,47.55373200377777,13.333327804789278,14.320988086595468,-91.99999933657439,-69.79298258424907,-0.03512986517729111,0.06418653692929113,-0.09931640210658224,6.879720580894687,5.1289990067482,3.3782774326017124,0.6826757314021981,0.4146066281663805,0.4577646714888262,9.477531451436692,0.3450002670288086,-1509637.3471113697,-10487.734147130745,-1655687.0,100,0,0,0,15.696908487971411,92.85714285714286,7.142857142857143,-85.71428571428572,7.251807410958252,-7.251807410958252,0.05000001554904121,0.04879017897804257,2.0365916128598567,0.6747043164795425,-0.08695654525374774,-0.20754718752471712,0.07692304420977658,25719.05,0.24997035271520526,66239.26315263043,0.2903225806451613,0.2903225806451613,0.015390969577588471,0.005179831801342384,3.79499888420105,7.474998950958252,0.2142857777511881,0.5476191604465566
4.829998970031738,4.9449992179870605,4.599998950958252,4.829998970031738,12542,2024-03-19 00:00:00+11:00,4.737998962402344,4.990998983383179,5.146248996257782,4.940399012565613,5.8741990351676945,8.317374049425124,4.993682989236751,5.041642132204749,5.210830090012171,10.181943563010012,47.07959291840812,47.55373200377777,35.55553466994905,18.76542386282925,-91.66666666666667,-74.8701981874044,-0.04795914296799797,0.04175740094983331,-0.08971654391783128,6.87794435936568,5.146248996257782,3.4145536331498842,0.6729932284143816,0.4086877423814125,0.4497100711702536,9.310769504518102,0.3450002670288086,-1505456.6920011996,-9753.876373497304,-1655687.0,100,0,0,0,14.784751347285228,100.0,0.0,-100.0,7.1987712417582514,-7.1987712417582514,0.0,0.0,2.0365916128598567,0.6380795108888387,-0.045454558304992454,-0.10638296746108378,0.07692304420977658,26249.1,0.47780685813989815,66239.26315263043,0.2903225806451613,0.2903225806451613,0.0009511221620372653,0.005190876059743954,3.79499888420105,7.474998950958252,0.2142857777511881,0.5476191604465566
4.599998950958252,4.714999198913574,4.599998950958252,4.599998950958252,15046,2024-03-20 00:00:00+11:00,4.6919989585876465,4.921998977661133,5.163498985767364,4.92429901599884,5.828199036121369,8.278274048566818,4.933116214116982,5.008927822482786,5.186875927696331,10.12640182557666,44.293458737448006,45.75912046445957,35.55553466994905,28.148132381562522,-100.0,-86.91983144508944,-0.0758116083658038,0.018243599086705885,-0.0940552074525097,6.865965182378154,5.163498985767364,3.461032789156575,0.6594234650973908,0.334504780203299,0.4340164960204845,9.43514336954516,0.23000001907348633,-1520502.6920011996,-13354.309432148002,-1670733.0,100,0,0,0,13.93774828807663,100.0,0.0,-100.0,7.146795795942252,-7.146795795942252,-0.0476190617224862,-0.04879017897804262,2.03516200503965,0.646087319329896,-0.0476190617224862,-0.1304348178806216,0.08108104776441216,26083.35,0.5768430818894046,66464.37674381402,0.22580645161290322,0.22580645161290322,-0.020924815737215205,0.005527730085411859,3.79499888420105,7.474998950958252,0.1750000544216446,0.6250001425328787
4.714999198913574,4.714999198913574,4.599998950958252,4.599998950958252,10529,2024-03-21 00:00:00+11:00,4.6919989585876465,4.841498994827271,5.186498987674713,4.915099015235901,5.784499032497406,8.236299048662186,4.881867404400254,4.97863679496245,5.163861144294838,10.071412742247125,44.293458737448006,45.75912046445957,22.222206865159723,31.111092068352672,-100.0,-78.25203293999544,-0.09676939056219602,-0.0047589988430744995,-0.09201039171912152,6.844893129074519,5.186498987674713,3.5281048462749065,0.6395042765228888,0.32317230202543656,0.41122962115868716,8.93977641175378,0.11500024795532227,-1531031.6920011996,-16963.32209867309,-1670733.0,0,0,-80,0,13.151245447382932,100.0,7.142857142857143,-92.85714285714286,7.095859859042572,-7.095859859042572,0.0,0.0,2.0308000614744457,0.547983482213277,0.0,-0.14893617208981935,0.11111114950380707,25122.15,0.4191122177042968,67268.51377137532,0.22580645161290322,0.22580645161290322,-0.04513534370221598,0.005096997573596104,3.79499888420105,7.474998950958252,0.1750000544216446,0.6250001425328787
4.599998950958252,4.714999198913574,4.484999179840088,4.484999179840088,6405,2024-03-22 00:00:00+11:00,4.6689990043640135,4.772498989105225,5.220999002456665,4.896699023246765,5.740799038410187,8.189724048376084,4.820810754467921,4.942071045694127,5.137239106473083,10.01582653764606,42.823876879981185,44.826576902559424,-4.263256414560601e-14,19.25924717836964,-100.0,-89.0311299448879,-0.12126029122620618,-0.02805925731970084,-0.09320103390650535,6.788377709927947,5.220999002456665,3.653620294985383,0.6004133334382079,0.2652131488362514,0.3982846495811728,8.880372852049744,0.23000001907348633,-1537436.6920011996,-18935.57072600862,-1677138.0,0,0,0,0,12.69000188093216,100.0,0.0,-100.0,7.045942640880885,-7.045942640880885,-0.02499995594438298,-0.02531776279904267,2.0049095458269472,0.5773090888128497,-0.02499995594438298,-0.13333336404748652,0.1818183131783191,23680.65,0.2704739945905201,70044.64006812654,0.13793104434342454,0.19354845397435044,-0.07712782379379858,0.00528475248513102,3.909998893737793,7.474998950958252,0.12820521544059602,0.6666667375454842
4.599998950958252,4.714999198913574,4.484999179840088,4.484999179840088,4630,2024-03-25 00:00:00+11:00,4.599999046325683,4.691999006271362,5.243999004364014,4.8851990270614625,5.700549037456512,8.143149048089981,4.769147435294408,4.90821387044568,5.111661070134534,9.96079342960819,42.823876879981185,44.82657690255942,-4.263256414560601e-14,7.407402288386611,-100.0,-84.40455351067143,-0.13906643515127204,-0.050260692886015076,-0.08880574226525696,6.752911204153132,5.243999004364014,3.7350868045748955,0.5754814974348446,0.2484943707692198,0.3862643188306238,8.612360969136141,0.23000001907348633,-1542066.6920011996,-19494.16600755416,-1677138.0,0,0,0,0,12.261704283513586,100.0,0.0,-100.0,6.943504902439254,-6.943504902439254,0.0,0.0,1.9980815918734263,0.34027300060944293,-0.07142854322169423,-0.15217390912437534,0.11428574813396697,23754.0,0.19491454070893324,69852.94282745646,0.0,0.19354845397435044,-0.10652631530188086,0.004715965254967984,4.484999179840088,7.474998950958252,0.0,0.6666667375454842
4.599998950958252,4.829998970031738,4.599998950958252,4.829998970031738,1314,2024-03-26 00:00:00+11:00,4.599999046325683,4.6689990043640135,5.226748991012573,4.880599026679993,5.663749034404755,8.093699046373366,4.778509209869382,4.902420174118721,5.100615497581484,9.909740748418374,48.74106025135343,48.31069303362162,33.33333333333329,11.111111111111134,-70.00000829282288,-29.16668871246864,-0.12391096424933945,-0.06499074715867995,-0.058920217090659505,6.746272859511446,5.226748991012573,3.7072251225137,0.5814413017008101,0.36944923037873,0.38331685249926856,7.936168410751229,0.3449997901916504,-1540752.6920011996,-17532.394440227188,-1675824.0,0,0,0,0,11.535774132406685,92.85714285714286,21.42857142857143,-71.42857142857143,6.845164673535288,-6.845164673535288,0.07692304420977658,0.07410794177708538,1.7391012338103256,0.7448351671367873,0.0,-0.045454558304992454,-0.0666667280949731,19534.55,0.06726543483213077,45467.441026734676,0.11999992702318274,0.2903225806451613,-0.11353007151668244,0.005014164307538183,4.484999179840088,7.474998950958252,0.07142854322169417,0.5476191604465566
4.714999198913574,4.9449992179870605,4.599998950958252,4.9449992179870605,27383,2024-03-27 00:00:00+11:00,4.668999099731446,4.680499029159546,5.105998992919922,4.86909903049469,5.626949036121369,8.048274048566817,4.804123057272101,4.905574177368228,5.094512898381702,9.86034033518025,50.57714524218279,49.42842687719481,66.66666666666663,33.33333333333336,-59.99998341435421,6.222252723419181,-0.10145112009612678,-0.07228282174616932,-0.02916829834995746,6.270625908319756,5.105998992919922,3.9413720775200876,0.4561798453210542,0.4308792486229001,0.38057995353709284,7.6962591248298295,0.3450002670288086,-1513369.6920011996,-6423.224759027362,-1648441.0,0,0,0,0,10.88514226767975,85.71428571428572,14.285714285714286,-71.42857142857143,6.75075805378748,-6.75075805378748,0.02380958022327828,0.023530552511999293,0.7592881745095235,0.6128650398246686,0.07500007515369966,0.02380958022327828,-0.32812503138152505,14346.8,1.908648618507263,-9249.965728776797,0.21052633876127524,0.32258071203886657,-0.08387217055586048,0.006731571721858947,4.484999179840088,7.359999179840088,0.09302327823910615,0.48837216254122906
4.9449992179870605,5.404998779296875,4.9449992179870605,5.404998779296875,15970,2024-03-28 00:00:00+11:00,4.82999906539917,4.760999011993408,5.042748975753784,4.875999026298523,5.593599035739898,8.009174045324325,4.896565476045144,4.942568592325906,5.106688815280337,9.816008578405292,57.1837076628944,53.638975226261074,99.99999999999996,66.66666666666669,-20.00000829282289,165.92589448828616,-0.04600311628076259,-0.06702688065308797,0.02102376437232538,5.974958440787385,5.042748975753784,4.110539510720183,0.369722732388937,0.6942963556640319,0.3862527826637158,7.14621405916326,0.45999956130981445,-1497399.6920011996,3786.7287250114605,-1632471.0,0,0,0,0,11.398392284355163,78.57142857142857,7.142857142857143,-71.42857142857143,6.660127698829584,-6.660127698829584,0.0930231818109497,0.08894741831161807,0.8022500862621742,0.7963662324511338,0.17500000259150683,0.17500000259150683,-0.189655248833965,13221.7,1.2078628315572126,-4157.634814237204,0.5714284444976238,0.4516128363482302,-0.054906006146194425,0.008460022409995547,4.484999179840088,6.554998874664307,0.1702127302934318,0.21276602314367826
5.174999237060547,5.174999237060547,4.829998970031738,4.9449992179870605,13773,2024-04-02 00:00:00+11:00,4.921999073028564,4.795499038696289,4.985248994827271,4.880599026679993,5.554499042034149,7.960299044847488,4.904016820959285,4.942748638671177,5.100348046759032,9.76754082357526,49.987642986659274,49.32672662025146,83.33334197169137,83.33333621278605,-49.99997408492577,95.424875711363,-0.03873181771189227,-0.06136786806484883,0.022636050352956558,5.782904650235879,4.985248994827271,4.187593339418663,0.3200063452141553,0.47476995457420046,0.3997347131352459,8.08361529525103,0.5749998092651367,-1501990.6793104303,6158.51112236199,-1646244.0,0,0,0,0,11.52600470627291,71.42857142857143,0.0,-71.42857142857143,6.573122558070004,-6.573122558070004,-0.0851063210359605,-0.08894741831161807,0.8008577995913445,1.123044494994744,0.10256412982518626,0.07500007515369966,-0.18867921871292437,13004.85,1.059066425218284,-3768.5962951419933,0.2857143703349175,0.32258071203886657,-0.03968795977140746,0.008228090510648857,4.484999179840088,6.554998874664307,0.09302327823910615,0.32558137740871507
4.9449992179870605,6.209999084472656,4.9449992179870605,5.864998817443848,73875,2024-04-03 00:00:00+11:00,5.197999000549316,4.8989990234375,4.973748993873596,4.905899024009704,5.528049037456513,7.911424041986465,5.051860205033833,5.011063466728412,5.130334351491769,9.728709559832659,60.652495333345634,56.64605829411232,76.19047989263217,86.50794062144122,-20.0000165856412,272.5190883105399,0.04079673830542063,-0.04093494679079493,0.08173168509621556,5.711453916163092,4.973748993873596,4.236044071584101,0.2966393853803888,1.1040693213786776,0.4615393669459852,7.869385507346763,1.2649998664855957,-1468411.1692974144,17253.310641568387,-1572369.0,0,0,80,0,13.419587296434937,64.28571428571429,100.0,35.714285714285715,6.489597622940807,-6.489597622940807,0.18604646005005576,0.1706254735435545,1.059624666133556,1.5799840010463497,0.3076922831573323,0.21428572838915283,-0.03773585938941826,15966.8,4.62678808527695,9975.585941055877,1.0,0.5806450944127464,-0.00959773924117714,0.009857141453535728,4.484999179840088,6.209999084472656,0.23529410329961623,0.05882358680153505
5.404998779296875,5.634998798370361,4.9449992179870605,5.404998779296875,47440,2024-04-04 00:00:00+11:00,5.312998962402344,4.956499004364014,4.973748993873596,4.92889901638031,5.496999032497406,7.86082404255867,5.106189216458916,5.040243860252002,5.141105505523342,9.685687562016382,54.405447594568436,52.653260935040116,59.523808289763444,73.01587671802906,-46.66668693800591,121.80291451706867,0.06594535620691389,-0.019558886191253164,0.08550424239816705,5.711453916163092,4.973748993873596,4.236044071584101,0.2966393853803888,0.7922915195447514,0.4942865264110425,9.144988677968641,0.9199995994567871,-1452597.8578202825,25255.11767473421,-1619809.0,100,0,0,-100,15.177913987299675,57.142857142857146,92.85714285714286,35.714285714285715,6.409413685216778,-6.409413685216778,-0.07843139486726358,-0.08167805523193647,1.0166107980447332,1.8332282163598972,0.11904760494418043,0.11904760494418043,0.0,17542.7,2.7042587515034744,8057.291628147847,0.6666665514885789,0.4516128363482302,0.003372179117417787,0.009437453337505638,4.484999179840088,6.209999084472656,0.1702127302934318,0.14893626031133017
4.9449992179870605,5.059998989105225,4.829998970031738,4.9449992179870605,16645,2024-04-05 00:00:00+11:00,5.312998962402344,4.990999031066894,4.956499004364014,4.944999022483826,5.464799034595489,7.815399044752121,5.081390755155554,5.03318870156571,5.13341506287486,9.638516533717583,48.97332034810686,49.0248793269692,45.63491652141888,60.44973490127157,-73.33332964763528,14.141418069191545,0.04820205358984353,-0.0060066982350338236,0.05420875182487735,5.679811384619552,4.956499004364014,4.233186624108476,0.2918642290127319,0.4920506086368308,0.5000517609006206,10.11227178927997,0.5749998092651367,-1452597.8233117876,26232.675379665103,-1636454.0,100,0,0,0,16.459883254089032,50.0,85.71428571428572,35.714285714285715,6.332437105001711,-6.332437105001711,-0.0851063210359605,-0.08894741831161807,1.060192977513376,2.003572785407375,0.0,0.07500007515369966,-0.06521736387062771,18028.2,0.9232757568697928,6788.249845646336,0.3333334485114211,0.32258071203886657,0.007954889311826148,0.007543335911177225,4.484999179840088,6.209999084472656,0.09302327823910615,0.2558139669434637
4.829998970031738,4.829998970031738,4.369998931884766,4.599998950958252,23720,2024-04-08 00:00:00+10:00,5.151998996734619,4.990999031066894,4.916249012947082,4.944999022483826,5.432599031925202,7.776299043893814,5.007330477586739,5.001100571891084,5.1124967839761695,9.588382030406544,45.31862664870305,46.50137093544417,23.61111193381141,42.92327891499798,-87.5,-76.92310943608878,0.006229905695654736,-0.0035593774488961115,0.009789283144550848,5.624689977451101,4.916249012947082,4.207808048443063,0.2882038573059744,0.2767985775566794,0.5054052269864545,10.987072657509426,0.5750002861022949,-1452597.8233117876,24247.79667898547,-1660174.0,0,0,0,0,16.386702303879332,100.0,78.57142857142857,-21.42857142857143,6.258539587995246,-6.258539587995246,-0.06976750689340783,-0.07232073149004198,1.083290266841918,1.8885718386731611,-0.14893617208981935,0.0,-0.14893617208981935,19009.75,1.2477807440918476,5044.473438038993,0.0833331893607236,0.22580645161290322,0.009943606799706304,0.005886672902651065,4.369998931884766,6.209999084472656,0.050000015549041314,0.3500001088432892
4.599998950958252,4.714999198913574,4.254999160766602,4.714999198913574,46972,2024-04-09 00:00:00+10:00,5.105998992919922,5.013999032974243,4.8932490110397335,4.942699027061463,5.4141990351676945,7.73144904255867,4.962356434713944,4.979907877596453,5.096908643385479,9.539890658948902,46.7452643501982,47.44814192167029,14.78758841474478,28.011205623325086,-76.47058536580607,-76.51400820384171,-0.017551442882509427,-0.006357790535618775,-0.011193652346890652,5.596443551455396,4.8932490110397335,4.190054470624071,0.2874141654467919,0.373257113159045,0.5021619992122058,10.650309321959451,0.46000003814697266,-1405625.8233117876,36177.092057890724,-1613202.0,0,0,0,0,16.033949480684306,100.0,71.42857142857143,-28.571428571428573,6.145227148628617,-6.145227148628617,0.025000059604658453,0.024692670741256105,1.0795123547687944,1.8341974247394224,-0.04651163911955303,0.05128206491259313,-0.08888890936499105,20847.4,2.2531346834617265,6653.62653435444,0.16666672425571055,0.2580645830066085,0.011154139310793629,0.005063864065676275,4.254999160766602,6.209999084472656,0.09756100027609028,0.3170732003313083
4.714999198913574,4.714999198913574,4.599998950958252,4.714999198913574,17063,2024-04-10 00:00:00+10:00,4.875999069213867,5.036999034881592,4.864499020576477,4.938099026679993,5.391199038028717,7.684874044656754,4.924301475360041,4.960285012508833,5.081931802425797,9.491881788699795,46.7452643501982,47.448141921670285,23.120919828445306,20.50654005900056,-76.47058536580607,-44.508662543700545,-0.03598353714879199,-0.01228293985825342,-0.02370059729053857,5.54717669043429,4.864499020576477,4.181821350718664,0.2806774827048524,0.39050482514387774,0.4745075884081427,10.063789374926687,0.11500024795532227,-1388562.8233117876,43197.568162179785,-1613202.0,100,0,0,0,15.706393287717498,92.85714285714286,64.28571428571429,-28.571428571428573,5.994008909599656,-5.994008909599656,0.0,0.0,1.0756298762603456,0.8019718017170041,-0.19607840586598446,0.05128206491259313,-0.10869563649750147,20535.3,0.830910675763198,6135.738599856674,0.16666672425571055,0.2580645830066085,0.014872187062313596,0.004533732884786014,4.254999160766602,6.209999084472656,0.09756100027609028,0.3170732003313083
4.714999198913574,4.829998970031738,4.484999179840088,4.829998970031738,1874,2024-04-11 00:00:00+10:00,4.76099910736084,5.036999034881592,4.852999019622803,4.931199021339417,5.367049038410187,7.644049044847488,4.909793397617225,4.9506341945475665,5.072052083508383,9.445494894981705,48.30932661825702,48.453857676069795,42.76377415061472,26.890760797935,-70.5882439025818,-36.95015687820721,-0.04084079693034148,-0.017994511272671033,-0.02284628565767045,5.529840067427476,4.852999019622803,4.176157971818129,0.27893722832743567,0.48300926808024963,0.465257031392679,9.632652807576516,0.3449997901916504,-1386688.8233117876,42738.80219009984,-1611328.0,0,100,0,0,15.40223396567689,85.71428571428572,57.142857142857146,-28.571428571428573,5.854888129693012,-5.854888129693012,0.024390199503037557,0.0240975082367867,1.0692493672127987,0.8364343968812644,-0.10638296746108378,0.0,-0.045454558304992454,18520.35,0.10118599270532146,8015.055025218519,0.24999991361643417,0.2903225806451613,0.017466170805737403,0.004859543590843299,4.254999160766602,6.209999084472656,0.11904760494418043,0.2857143703349175
4.599998950958252,4.829998970031738,4.484999179840088,4.829998970031738,10365,2024-04-12 00:00:00+10:00,4.737999057769775,5.02549901008606,4.852999019622803,4.92889901638031,5.341749036312104,7.606099044084549,4.897517331834843,4.941698251990839,5.062559804548514,9.399569562395138,48.30932661825702,48.45385767606979,68.25396927255008,44.712887750536765,-70.5882439025818,-38.888899686833206,-0.04418092015599573,-0.023231793049335973,-0.020949127106659755,5.529840067427476,4.852999019622803,4.176157971818129,0.27893722832743567,0.48300926808024963,0.4566672284497484,9.454810058618865,0.3449997901916504,-1376323.8233117876,41963.7340933308,-1611328.0,0,0,0,0,15.119800309496325,78.57142857142857,50.0,-28.571428571428573,5.726897012178899,-5.726897012178899,0.0,0.0,1.0558489105190447,0.6150395379449961,-0.0232558677738548,-0.0232558677738548,0.0,18920.8,0.5478098177666907,8122.145964585081,0.24999991361643417,0.2903225806451613,0.016774439990968452,0.004655222223013932,4.254999160766602,6.209999084472656,0.11904760494418043,0.2857143703349175
4.599998950958252,4.599998950958252,4.369998931884766,4.369998931884766,21277,2024-04-15 00:00:00+10:00,4.691999053955078,4.9219990253448485,4.841499018669128,4.919699015617371,5.31184903383255,7.5669990456104275,4.816360654919446,4.899350154205203,5.035400554640132,9.349524083484587,42.51658170320981,44.6827689924176,63.80950993173885,58.27575111830128,-94.11765853677574,-102.57160129455414,-0.08298949928575716,-0.03518333429662021,-0.04780616498913695,5.542527416030972,4.841499018669128,4.140470621307284,0.2895914652295224,0.16370828303194085,0.4569052862852644,10.455501097530078,0.46000003814697266,-1397600.8233117876,31061.82131798612,-1632605.0,0,0,0,0,14.50412053532125,71.42857142857143,42.85714285714286,-28.571428571428573,5.609145184065915,-5.609145184065915,-0.09523812344497251,-0.10008348973300527,1.098225561985346,0.7885404980717642,-0.05000001554904132,-0.19148937671855504,-0.05000001554904132,19395.5,1.097007037714934,6656.859816322455,0.0,0.16129032258064516,0.005879700811285553,0.003097959005532197,4.254999160766602,6.209999084472656,0.026315743530071083,0.42105276940978675
4.484999179840088,4.484999179840088,4.369998931884766,4.484999179840088,12587,2024-04-16 00:00:00+10:00,4.6459990501403805,4.875999021530151,4.83574903011322,4.910499014854431,5.286549036502838,7.533649047613144,4.765381966445699,4.868657489437417,5.013816187000915,9.301120850612502,44.31430424218519,45.790274270204556,48.3333395529433,60.13227291907747,-88.23529268290304,-98.38555636682909,-0.1032755229917175,-0.048801772035639665,-0.05447375095607783,5.546426548338114,4.83574903011322,4.1250715118883265,0.2939265515225692,0.2532285451007206,0.4324834978331257,9.642889117508062,0.11500024795532227,-1385013.8233117876,27783.10051734629,-1620018.0,100,0,0,100,13.932417887872969,64.28571428571429,35.714285714285715,-28.571428571428573,5.50081350220197,-5.50081350220197,0.026315852646152216,0.025975547955919897,1.1023031199466755,0.7921794972949548,-0.048780500138045135,-0.09302327823910617,-0.02499995594438298,19291.95,0.6524483009752772,6988.097453579573,0.07692324866788593,0.19354845397435044,-0.0030263129929851496,0.0021370955417994745,4.254999160766602,6.209999084472656,0.05128206491259313,0.38461543368533524
4.139998912811279,4.254999160766602,3.79499888420105,4.024999141693115,54394,2024-04-17 00:00:00+10:00,4.507999038696289,4.691999053955078,4.795499038696289,4.8897990179061885,5.257799036502838,7.498574048280716,4.651476916483763,4.8061642784933944,4.975039047969236,9.248622127140667,39.053161881287174,42.23852344691297,22.407421305553907,44.85009026341208,-90.47618060378636,-163.4488457351135,-0.15468736200963118,-0.06997889003043797,-0.0847084719791932,5.589248842696569,4.795499038696289,4.0017492346960095,0.33103950082995726,0.014645614323261946,0.4508775548192623,11.201929216551354,0.6900002956390381,-1385013.7951193259,23916.078204018064,-1674412.0,0,0,0,0,14.030404395285798,100.0,28.571428571428573,-71.42857142857143,5.40114835488714,-5.40114835488714,-0.10256412982518626,-0.10821361501686932,1.144505266044679,1.0210914970719367,-0.1463415004141354,-0.3137254981668799,-0.16666666666666663,21690.2,2.507768485306728,1087.774075903606,0.0,0.06451619590983432,-0.01469924467846864,0.00041968881439903506,3.79499888420105,6.209999084472656,0.05714293330142571,0.542857244401901
4.254999160766602,4.599998950958252,4.139998912811279,4.599998950958252,18579,2024-04-18 00:00:00+10:00,4.461999034881591,4.611499071121216,4.783999037742615,4.8851990175247195,5.23019903421402,7.461774047613144,4.643557229479838,4.790892772750051,4.960331593184492,9.202367170163727,47.45146003295815,47.575582303811345,41.66669162191035,37.469150826802576,-66.66666666666667,-65.56475938137291,-0.1473355432702128,-0.08545022067839295,-0.061885322591819864,5.582069059151406,4.783999037742615,3.985929016333824,0.33364138040686964,0.3847218402844167,0.4597434301368248,9.99442467353287,0.5749998092651367,-1366434.7951193259,26071.425602745498,-1655833.0,0,0,0,0,13.159136627210781,92.85714285714286,21.42857142857143,-71.42857142857143,5.240533407818531,-5.240533407818531,0.14285712593301647,0.13353137781591193,1.2618623417188837,1.597863182333506,-0.0476190617224862,-0.14893617208981935,-0.0476190617224862,21992.05,0.8448052819086898,3741.9166186131197,0.3124999514092484,0.22580645161290322,-0.016947367316798245,-0.00040864279290209307,3.79499888420105,6.209999084472656,0.1750000544216446,0.3500001088432892
4.254999160766602,4.369998931884766,4.024999141693115,4.024999141693115,10497,2024-04-19 00:00:00+10:00,4.3009990692138675,4.519499063491821,4.755249047279358,4.869099020957947,5.1910990357398985,7.4255490505695345,4.548394446743419,4.734159911190278,4.923651889204438,9.15085107037795,41.319739320925486,43.368090264664424,42.857160408083466,35.64375777851597,-90.47618060378636,-117.247092479913,-0.1857654644468587,-0.1055132694320861,-0.08025219501477261,5.616674884666523,4.755249047279358,3.893823209892194,0.3623052457704674,0.07613884220073877,0.4679760286459899,11.626736110287364,0.5749998092651367,-1376931.7951193259,21243.074483793695,-1666330.0,0,0,0,0,12.632350942992053,85.71428571428572,14.285714285714286,-71.42857142857143,5.095979955456783,-5.095979955456783,-0.12499998704246562,-0.133531377815912,1.3290845178253947,1.802909975640417,-0.16666666666666663,-0.18604655647821233,-0.12499998704246562,21764.6,0.48229694090403685,3146.268157304885,0.0,0.06451619590983432,-0.030695487502822447,-0.0025678262905198474,3.79499888420105,6.209999084472656,0.05714293330142571,0.542857244401901
4.254999160766602,4.254999160766602,4.024999141693115,4.024999141693115,12529,2024-04-22 00:00:00+10:00,4.231999111175537,4.461999082565308,4.726499056816101,4.857599024772644,5.151999037265778,7.390474051237106,4.467872092120295,4.681629483820117,4.888410604988307,9.09984756859999,41.319739320925486,43.368090264664424,44.97356471835317,43.16580558278238,-90.47618060378636,-108.51403675982442,-0.2137573916998221,-0.1271620938856333,-0.08659529781418882,5.643330934507892,4.726499056816101,3.809667179124309,0.38795390273890995,0.11743263285681359,0.4509777422479539,11.20441834574529,0.23000001907348633,-1389460.7951193259,13350.151345695602,-1666330.0,0,0,0,0,12.143192807646091,78.57142857142857,7.142857142857143,-71.42857142857143,4.965881848331209,-4.965881848331209,0.0,0.0,1.3290845178253947,1.7127405015741197,-0.07894733970629442,-0.12499998704246562,-0.12499998704246562,21864.6,0.573026718988685,3146.268157304886,0.0,0.06451619590983432,-0.04357894632153047,-0.00521296423308701,3.79499888420105,6.209999084472656,0.05714293330142571,0.542857244401901
4.254999160766602,4.369998931884766,4.139998912811279,4.369998931884766,4688,2024-04-23 00:00:00+10:00,4.208999061584473,4.427499055862427,4.720749044418335,4.852999024391174,5.11519903421402,7.358849052190781,4.45281468285329,4.658545739232314,4.868080735454835,9.05278439808541,46.16091612757769,46.49804849736028,42.85716260195105,43.56262924279594,-68.74999595077122,-61.05265752176702,-0.20573105637902334,-0.1428758863843113,-0.06285516999471202,5.6449797900013055,4.720749044418335,3.796518298835365,0.3915610581654415,0.3102475414230406,0.44340788852964647,10.146636084837809,0.3449997901916504,-1384772.7951193259,10399.21448504692,-1661642.0,0,0,0,0,11.351967127830946,71.42857142857143,0.0,-71.42857142857143,4.8487935519181935,-4.8487935519181935,0.08571425186603299,0.08223806706094935,1.362884428693908,1.842730315711837,-0.025641085615409787,-0.07317080077305282,-0.025641085615409787,21778.75,0.21525569649314125,3708.2212878766213,0.18749991901541402,0.16129032258064516,-0.05248496120137407,-0.0069911158929208995,3.79499888420105,6.209999084472656,0.13157899044055835,0.42105276940978675
4.254999160766602,4.369998931884766,4.024999141693115,4.369998931884766,17235,2024-04-24 00:00:00+10:00,4.277999019622802,4.3929990291595455,4.714999032020569,4.852999024391174,5.08644903421402,7.323774050474167,4.440073798088902,4.637171901651014,4.848548115706989,9.006189517824708,46.16091612757769,46.49804849736029,53.333337677188815,47.054688332497726,-54.54545454545455,-62.85363471478846,-0.19709810356211221,-0.1537203298198715,-0.04337777374224072,5.646427906959123,4.714999032020569,3.783570157082015,0.3950918626337019,0.31480062009106013,0.436378738648361,9.985785933822926,0.3449997901916504,-1367537.7951193259,13730.493543413468,-1661642.0,0,0,0,0,10.941130328366256,64.28571428571429,0.0,-64.28571428571429,4.743414085146479,-4.743414085146479,0.0,0.0,1.362884428693908,1.611764541955792,0.08571425186603299,-0.07317080077305282,-0.025641085615409787,22409.0,0.7691106251952341,3708.2212878766213,0.18749991901541402,0.16129032258064516,-0.06121804337752505,-0.00931044406822181,3.79499888420105,6.209999084472656,0.13157899044055835,0.42105276940978675
4.139998912811279,4.139998912811279,4.024999141693115,4.139998912811279,1284,2024-04-26 00:00:00+10:00,4.185999011993408,4.3239990234375,4.680499029159546,4.848399024009705,5.061149032115936,7.285824052095413,4.393908431123114,4.60034427284807,4.820761872456177,8.95776971080965,43.39297563040865,44.682923432684326,54.920614035002615,50.370371438047535,-66.66666666666666,-94.21385041350705,-0.20643584172495633,-0.16426343220088846,-0.042172409524067866,5.642932807946053,4.680499029159546,3.7180652503730394,0.4112526347257149,0.2192013994823824,0.42985167090145315,10.38289332809416,0.3449997901916504,-1366253.7951193259,14253.608290616656,-1662926.0,100,0,0,0,10.559639014577613,57.142857142857146,0.0,-57.142857142857146,4.648572565051936,-4.648572565051936,-0.05263159617622337,-0.054067239456289495,1.346086493175521,1.2309720126017458,-0.10000003109808264,-0.1428571851674587,-0.1428571851674587,22407.5,0.05730224255271672,3539.565438294704,0.06249988662157963,0.0967741935483871,-0.0676165422998874,-0.012170948758989698,3.79499888420105,6.209999084472656,0.08333336212785528,0.5000001727671317
4.024999141693115,4.024999141693115,4.024999141693115,4.024999141693115,195,2024-04-29 00:00:00+10:00,4.185999011993408,4.243499040603638,4.634499025344849,4.836899027824402,5.032399032115936,7.244424051046371,4.337153155826191,4.557726114984741,4.789555490857626,8.908687416589585,42.03574132427318,43.785574636537675,31.111090225478804,46.45501397922345,-77.77775474216817,-99.99997149343095,-0.2205729591585497,-0.1755253375924207,-0.04504762156612899,5.629365211151368,4.634499025344849,3.6396328395383297,0.4293306268340372,0.19367745514557633,0.4073622494883611,10.120803387724555,0.11499977111816406,-1366253.7951193259,13171.82720623468,-1663121.0,100,0,0,0,10.205397080345302,50.0,28.571428571428573,-21.42857142857143,4.563215196966847,-4.563215196966847,-0.027777729786907845,-0.028170827604659894,1.3442350006633677,0.8280268582247556,0.0,-0.16666666666666663,-0.18604655647821233,21048.1,0.009264494182372756,2882.171045732228,0.0,0.06451619590983432,-0.07280450763559,-0.014716686956307148,3.79499888420105,6.209999084472656,0.05714293330142571,0.542857244401901
4.369998931884766,4.599998950958252,4.369998931884766,4.599998950958252,20704,2024-04-30 00:00:00+10:00,4.300998973846435,4.266499042510986,4.594249033927918,4.839199023246765,5.008249032497406,7.205324050188064,4.377590970461893,4.5608574361679635,4.78212190105765,8.865814894543501,50.39085801619315,49.14717916294041,44.44442908736073,43.49204444928076,-22.22222222222222,53.16453384151905,-0.18326646570607075,-0.17707356321515072,-0.006192902490920027,5.524185890538879,4.594249033927918,3.6643121773169565,0.40482649057267095,0.503091563147249,0.41933636090098797,9.116009924602997,0.5749998092651367,-1345549.7951193259,18119.477925693383,-1642417.0,0,0,0,0,10.754868692949296,42.85714285714286,21.42857142857143,-21.42857142857143,3.79499888420105,3.79499888420105,0.14285712593301647,0.13353137781591193,1.403697489518905,1.3019608027193534,0.14285712593301647,0.05263159617622337,-0.14893617208981935,21284.8,0.9727129218973164,4354.304767528534,0.3124999514092484,0.22580645161290322,-0.061131580252396636,-0.016135894447958665,3.79499888420105,6.209999084472656,0.1750000544216446,0.3500001088432892
4.369998931884766,4.369998931884766,4.024999141693115,4.024999141693115,15157,2024-05-01 00:00:00+10:00,4.231999015808105,4.220499038696289,4.548249030113221,4.8230990266799925,4.973749034404754,7.167374051809311,4.323346073728235,4.521164229169827,4.75243081245512,8.817647573619617,43.619745309539745,44.67329919841111,33.33333333333329,36.29628421539098,-77.77775474216817,-56.75674989150398,-0.19781815544159187,-0.18122248166043894,-0.016595673781152925,5.495097753784548,4.548249030113221,3.6014003064418936,0.41635746741323754,0.22368876076040553,0.4304551786412843,10.694540880329564,0.5749998092651367,-1360706.7951193259,13673.609772227239,-1657574.0,0,0,0,0,10.206469359335411,35.714285714285715,14.285714285714286,-21.42857142857143,3.811098885536194,3.811098885536194,-0.12499998704246562,-0.133531377815912,1.4407644572366904,1.5633023031065922,-0.07894733970629442,-0.10256412982518626,-0.18604655647821233,21354.0,0.7097967593893416,3631.8493235541664,0.0,0.06451619590983432,-0.06372556076910263,-0.018074189617711078,3.79499888420105,6.209999084472656,0.05714293330142571,0.542857244401901
4.197498798370361,4.254999160766602,3.909998893737793,3.909998893737793,14989,2024-05-02 00:00:00+10:00,4.139999008178711,4.2089990139007565,4.450499033927917,4.811599020957947,4.941549031734467,7.125399049520492,4.2597541998835515,4.475892722841528,4.719394266623068,8.768815248446662,42.39282485766381,43.835325585587,33.33333333333329,37.03703191800915,-88.88888888888889,-86.0169822877478,-0.21613852295797642,-0.18820568991994643,-0.027932833038029986,5.2205697484280424,4.450499033927917,3.6804283194277914,0.346060389466247,0.14905811244816802,0.42435125638325033,10.85297637968354,0.3450002670288086,-1375695.7951193259,5842.56282106135,-1672563.0,0,0,0,0,9.575532631201272,28.571428571428573,7.142857142857143,-21.42857142857143,3.826876886844635,3.826876886844635,-0.028571496267933982,-0.028987606560833816,1.2491882705240784,1.5620561646765834,-0.10526319235244663,-0.028571496267933982,-0.33333338753478314,18409.7,0.8141903453070936,-10540.591070203765,0.0,0.03225806451612903,-0.0520526337444336,-0.021050660143665616,3.79499888420105,5.634998798370361,0.029411775466465166,0.4411765710203416
4.254999160766602,4.369998931884766,4.139998912811279,4.139998912811279,22574,2024-05-03 00:00:00+10:00,4.139999008178711,4.162999010086059,4.3872490406036375,4.804699015617371,4.911649029254914,7.079974046945572,4.2413303095647406,4.451011699876324,4.696672880199076,8.72275737446024,45.683455891799994,45.96388052362283,11.111111111111073,25.925925925925927,-57.14285714285714,-4.886606601958266,-0.20968139031158373,-0.1925008299982739,-0.017180560313309834,5.030735459239998,4.3872490406036375,3.743762621967277,0.2933439212959854,0.307882403861517,0.4268975979378019,10.311538889944194,0.46000003814697266,-1398269.7951193259,-5074.825733603211,-1649989.0,0,0,0,0,9.115204576622073,21.42857142857143,0.0,-21.42857142857143,3.8423393281269074,3.8423393281269074,0.058823550932930235,0.05715843416549363,1.25487681500404,1.607144465284277,0.0,-0.10000003109808264,-0.23404258134729072,17166.4,1.3150107186131046,-5491.922858940815,0.22222217103199046,0.0967741935483871,-0.04141730114929671,-0.023430732037840768,3.79499888420105,5.059998989105225,0.08333336212785528,0.2222222990076141
4.369998931884766,5.059998989105225,4.369998931884766,4.829998970031738,26922,2024-05-06 00:00:00+10:00,4.300998973846435,4.243498992919922,4.381499028205871,4.816199011802674,4.8955490279197695,7.034549046754837,4.331894718867356,4.479084830998947,4.70190135431016,8.684023459988316,54.14575044607627,51.72674913874958,37.77777777777774,27.40740740740741,-18.181818181818183,192.52617526460486,-0.14719011213159128,-0.18343868642493738,0.0362485742933461,5.006743754954241,4.381499028205871,3.756254301457502,0.28540219807119005,0.8586595157374006,0.46211920353466934,9.567687413640021,0.9200000762939453,-1389295.7951193259,-6224.318712002132,-1623067.0,0,0,0,0,10.231173528250517,14.285714285714286,100.0,85.71428571428572,3.857492520583534,3.857492520583534,0.1666667242557105,0.15415072918929465,1.36883989772552,1.9256922093670308,0.19999999999999996,0.19999999999999996,-0.0232558677738548,17680.25,1.5227160249430862,411.67340511498605,1.0,0.2903225806451613,-0.0262857204093074,-0.02471740645950153,3.79499888420105,5.059998989105225,0.2142857777511881,0.04761906172248624
4.714999198913574,4.9449992179870605,4.599998950958252,4.599998950958252,10194,2024-05-07 00:00:00+10:00,4.300998973846435,4.300998973846435,4.381499028205871,4.8253990125656125,4.88174902677536,6.9914240443706515,4.373141523804417,4.488041432477415,4.697905181629693,8.643386400196972,51.277942725797445,49.865424484353035,57.77777777777774,35.555555555555564,-36.36363636363637,150.032909784826,-0.1148999086729976,-0.16973093087454943,0.05483102220155184,5.006743754954241,4.381499028205871,3.756254301457502,0.28540219807119005,0.674731519839204,0.4537535652128222,9.864210188967505,0.3450002670288086,-1399489.7951193259,-9372.26413843804,-1633261.0,0,0,0,-100,11.267430411905499,7.142857142857143,92.85714285714286,85.71428571428572,3.905592779324402,3.905592779324402,-0.0476190617224862,-0.04879017897804262,1.3555665226565645,1.77178307877645,0.0,0.14285712593301647,0.0,17003.95,0.5995077614319025,1581.1299534275954,0.75,0.22580645161290322,-0.019714294161115545,-0.026882112727445742,3.79499888420105,5.059998989105225,0.1750000544216446,0.10000003109808263
4.599998950958252,4.714999198913574,4.599998950958252,4.657498836517334,6287,2024-05-08 00:00:00+10:00,4.427498912811279,4.329748964309692,4.378624010086059,4.842649011611939,4.873124024868011,6.954911543130875,4.416888802683327,4.500593832776668,4.696320619076268,8.603725827424041,51.96293536604979,50.334550719125836,68.33332987799186,54.62962847784916,-35.00001036602432,105.05232399442436,-0.08370503009334129,-0.15252575071830782,0.06882072062496652,4.998211462730998,4.378624010086059,3.759036557441121,0.28300555207194455,0.7250488008115675,0.42955689969442934,9.222909436422585,0.11500024795532227,-1399489.8211877497,-9808.044276620261,-1626974.0,0,0,0,0,12.229668946727983,0.0,85.71428571428572,85.71428571428572,3.9517690277156348,3.9517690277156348,0.01249997797219149,0.012422498242696658,1.3536509501098357,1.35730137599718,0.15714281483254133,0.06578946794125895,-0.01219520088348891,14969.7,0.41998169635998045,485.41451518874635,0.8124998704246961,0.21666663211325227,-0.01050564758759699,-0.0298006008509971,3.79499888420105,5.059998989105225,0.18518522120796116,0.08641980743657296
4.599998950958252,4.714999198913574,4.369998931884766,4.599998950958252,21642,2024-05-09 00:00:00+10:00,4.565498924255371,4.352748966217041,4.372873997688293,4.854149007797242,4.861624023914337,6.918111542463302,4.445059594725623,4.507957174864193,4.692543298757914,8.563887749051247,51.187916237985085,49.844815128194675,58.333329877991865,61.481479177920534,-40.0,69.8602874894168,-0.06289758013856961,-0.13460011660236018,0.07170253646379057,4.981912650207352,4.372873997688293,3.7638353451692335,0.27855303072579995,0.6864618545395618,0.4235171402183136,9.206896452228284,0.3450002670288086,-1392275.8411292024,-6799.320289373398,-1648616.0,100,0,0,0,12.36605533543654,64.28571428571429,78.57142857142857,14.285714285714286,3.9960982261712186,3.9960982261712186,-0.01234565752507577,-0.012422498242696608,1.3546969195580971,1.3156612821981215,0.17647065279879093,0.05263159617622337,-0.02439030063500769,15198.65,1.423942258029496,218.22979503105654,0.75,0.2,-0.002031961240266541,-0.032373950014881414,3.79499888420105,5.059998989105225,0.1750000544216446,0.10000003109808263
4.714999198913574,4.9449992179870605,4.599998950958252,4.9449992179870605,15771,2024-05-10 00:00:00+10:00,4.726498985290528,4.433248996734619,4.378624010086059,4.849549007415772,4.854724028110504,6.884761544466019,4.521973382919691,4.54033065953996,4.702443530884548,8.52787890794613,55.4785836462605,52.74159994083638,66.11111917357444,64.2592596431861,-9.999979267951362,118.07656511218887,-0.018357276620269758,-0.1113515486059421,0.09299427198567234,5.006691391156208,4.378624010086059,3.7505566290159105,0.2868788823262331,0.9508872972641633,0.41790879213334897,8.451139701159857,0.3450002670288086,-1376504.8411292024,67.68682262510993,-1632845.0,0,0,0,0,13.006880314597504,57.142857142857146,71.42857142857143,14.285714285714286,4.038654256688579,4.038654256688579,0.07500007515369966,0.07232073149004196,1.377428360847531,1.338461089269189,0.1944445692207062,0.1944445692207062,0.02380958022327828,15893.5,0.9922924465976657,1355.3487464113616,1.0,0.3000000691068288,0.013359018913785232,-0.03137442915093278,3.79499888420105,5.059998989105225,0.2325582438118436,0.023255771345698315
5.059998989105225,5.059998989105225,4.772499084472656,4.9449992179870605,10737,2024-05-13 00:00:00+10:00,4.749499034881592,4.525249004364014,4.384374022483826,4.801249008178711,4.846674029827118,6.850836547613144,4.587054280622363,4.57030610831382,4.711955518614058,8.492228363767433,55.4785836462605,52.74159994083638,72.22224525783179,65.5555647697994,-9.999979267951362,118.30066788907186,0.016748172308543197,-0.08573160442304503,0.10247977673158823,5.030705739890458,4.384374022483826,3.7380423050771925,0.29483420624797635,0.9336977285848742,0.40859387159757893,8.262769185308455,0.28749990463256836,-1374357.426882796,3554.0318266060203,-1632845.0,0,0,0,0,13.84462928740247,50.0,100.0,50.0,4.079508045985245,4.079508045985245,0.0,0.0,1.377428360847531,0.7121274901596121,0.02380958022327828,0.22857149626793394,0.02380958022327828,15912.1,0.6747695150231584,1355.3487464113616,1.0,0.375000086383536,0.02857706636414481,-0.025001799181586747,3.79499888420105,5.059998989105225,0.2325582438118436,0.023255771345698315
4.714999198913574,4.829998970031738,4.714999198913574,4.829998970031738,4678,2024-05-14 00:00:00+10:00,4.795499038696289,4.548249006271362,4.407374024391174,4.764449005126953,4.846674029827118,6.818636549711227,4.624430386685344,4.589542616589221,4.716584673571614,8.455788270297425,53.65528129542526,51.64539947072917,77.77780081338734,72.0370550815979,-20.0,74.84277059225676,0.03488777009612232,-0.06160772951921156,0.09649549961533388,5.082135966637717,4.407374024391174,3.7326120821446325,0.30619681402680693,0.813165962082481,0.395837167845858,8.195388245460784,0.23000001907348633,-1369679.426882796,6145.624616724672,-1637523.0,0,0,0,0,14.420024337162321,42.85714285714286,92.85714285714286,50.0,4.118727683710044,4.118727683710044,-0.0232558677738548,-0.02353055251199936,1.3310792955897268,0.6115199551795689,0.05000001554904121,0.05000001554904121,0.10526319235244674,15082.15,0.31016798002937246,3272.939349503949,0.8888886841279618,0.4210526775225505,0.034716161928678796,-0.020357621320012374,3.79499888420105,5.059998989105225,0.2142857777511881,0.04761906172248624
5.404998779296875,5.519999027252197,5.174999237060547,5.289999008178711,23683,2024-05-15 00:00:00+10:00,4.921999073028564,4.6747489929199215,4.447624015808105,4.74834900856018,4.850124027729034,6.787011550664902,4.726825559222784,4.64142827522548,4.739071510222872,8.424287879629578,59.40271640439604,55.527580898388784,76.66667818447144,75.55557475189691,-14.285714285714285,164.9425309131958,0.08539728399730429,-0.03220672681590839,0.11760401081321267,5.224427511498981,4.447624015808105,3.6708205201172293,0.34931167424669807,1.04220597425441,0.41684880280118664,7.879941038868042,0.690000057220459,-1377573.7820382381,4135.288243521471,-1613840.0,0,0,0,0,16.220913148591116,35.714285714285715,100.0,64.28571428571429,4.156378535925851,4.156378535925851,0.0952381234449724,0.0909718039598316,1.365491114243574,0.8608593293589737,0.13580253991739744,0.3142857481339669,0.17948717403496284,15636.95,1.5145536693536783,5197.2261897941125,1.0,0.6315790162838257,0.04855075061769396,-0.015862543694540758,3.79499888420105,5.519999027252197,0.2826087720746801,0.043478272626873864
5.289999008178711,5.289999008178711,4.9449992179870605,5.059998989105225,19352,2024-05-16 00:00:00+10:00,5.013999080657959,4.789749002456665,4.499374008178711,4.7276490116119385,4.848974025249481,6.754236551523209,4.778083009973929,4.672433513290646,4.751656901551591,8.390812368281077,55.684273866854525,53.28175615761648,65.55555555555553,73.33334485113816,-28.57142857142857,103.25000093121454,0.1056494966832826,-0.004635482116070188,0.1102849787993528,5.294351799576768,4.499374008178711,3.704396216780653,0.35337262025917,0.8526041777472753,0.4117167304719341,8.136695903663396,0.3449997901916504,-1384024.466536322,884.4520920461509,-1633192.0,0,0,0,0,17.141528886687432,28.571428571428573,92.85714285714286,64.28571428571429,4.2381957654054325,4.2381957654054325,-0.04347827262687387,-0.044451774862565685,1.3150645833669756,0.9715889082508482,0.10000003109808264,0.2941177546646516,0.25714287406698344,13884.85,1.393749302297108,9934.707935630031,0.8333333333333334,0.5882353658548484,0.050625940193807194,-0.011831331676652596,3.909998893737793,5.519999027252197,0.2272727915249623,0.09090911660998492
4.9449992179870605,5.059998989105225,4.829998970031738,4.9449992179870605,3402,2024-05-17 00:00:00+10:00,5.013999080657959,4.870249032974243,4.516624021530151,4.7184490203857425,4.84322402715683,6.719161552190781,4.803762426591334,4.692623565490381,4.759238953176512,8.356525670268201,53.86857410449951,52.173911398028416,52.857145677830545,65.02645980595257,-35.71427090567954,63.48760962106574,0.11113886110095272,0.018519386527334397,0.09261947457361833,5.334236843515648,4.516624021530151,3.699011199544654,0.3620459963406493,0.7619670245732203,0.39873696537204495,8.063438390883245,0.23000001907348633,-1384024.459483279,-525.8379159572069,-1636594.0,100,0,0,0,17.636752090366517,21.42857142857143,85.71428571428572,64.28571428571429,4.315103961116239,4.315103961116239,-0.02272723203419058,-0.022989476585266712,1.229613307087543,0.869893651131264,0.0,0.1944445692207062,0.07500007515369966,13126.0,0.25918025293310987,7203.247349540201,0.750000172767072,0.5294119512226056,0.05858082950563345,-0.009661103668762425,3.909998893737793,5.519999027252197,0.20930242425206705,0.11627904958480446
4.9449992179870605,5.174999237060547,4.829998970031738,5.174999237060547,19358,2024-05-20 00:00:00+10:00,5.059999084472656,4.904749059677124,4.574124026298523,4.716149024963379,4.842074029445648,6.687536553144455,4.860875782048136,4.7283550967178005,4.775543278034709,8.324868690833299,56.8958118195836,54.17480896558282,45.238103700158376,54.55026831118155,-21.428556619965256,80.23843706769844,0.13252068533033512,0.04131964628793454,0.09120103904240058,5.406961528378983,4.574124026298523,3.741286524218063,0.36415169212384024,0.8607397657172104,0.3948986297760995,7.630892521646168,0.3450002670288086,-1364666.459483279,5104.392345855711,-1617236.0,0,0,0,0,18.315180920387387,14.285714285714286,78.57142857142857,64.28571428571429,4.387397665084396,4.387397665084396,0.04651163911955303,0.04546238479099684,1.1334418613994606,0.926809600079252,0.04651163911955303,0.07142864194576459,0.2857143703349174,13569.05,1.426628982869103,9415.74452360127,0.9166668394337386,0.6470590243935753,0.06022369162480636,-0.007187153609002238,3.909998893737793,5.519999027252197,0.24444454682495512,0.06666663595251346
5.059998989105225,5.289999008178711,4.9449992179870605,4.9449992179870605,6643,2024-05-21 00:00:00+10:00,5.082999134063721,4.939249086380005,4.62012403011322,4.706949033737183,4.845524032115936,6.650736552476883,4.873817849115663,4.744402809404412,4.782188609013232,8.291238148814928,53.140387235063315,51.89511892058793,34.12700410685206,44.07408449494705,-35.71427090567954,72.84905675193878,0.129415039711251,0.058938724972597833,0.07047631473865318,5.427809833660142,4.62012403011322,3.812438226566299,0.3496381474967149,0.7011148310686923,0.39133442694863885,7.9137409268982175,0.3449997901916504,-1371309.459483279,4829.950876065064,-1623879.0,0,0,0,-80,19.161657476857574,7.142857142857143,71.42857142857143,64.28571428571429,4.455353746814464,4.455353746814464,-0.04444445468249547,-0.04546238479099684,1.1520668134466954,0.9857030840150034,0.02380958022327828,0.07500007515369966,0.22857149626793394,13274.75,0.5004237367935366,9120.500011145454,0.750000172767072,0.5294119512226056,0.05685151573410596,-0.004961703576389094,3.909998893737793,5.519999027252197,0.20930242425206705,0.11627904958480446
5.174999237060547,5.289999008178711,4.9449992179870605,5.059998989105225,17413,2024-05-22 00:00:00+10:00,5.036999130249024,4.979499101638794,4.654624032974243,4.704649028778076,4.846674029827118,6.615661553144455,4.902461101421749,4.767780304197065,4.793083133722722,8.25908651538498,54.74867527177844,52.93488569378712,41.26985842902148,40.2116554120107,-33.333333333333336,74.35896468129324,0.13468079722468396,0.07408713942301506,0.06059365780166889,5.475465576402987,4.654624032974243,3.833782489545498,0.3526993963910927,0.7469264374934573,0.3880248100374254,7.668476038688715,0.3449997901916504,-1377113.808861386,2431.754483928904,-1606466.0,0,0,0,0,19.947671422151313,0.0,64.28571428571429,64.28571428571429,4.519232463640728,4.519232463640728,0.02325577134569823,0.022989476585266597,1.1205189634602404,0.6522125996535934,-0.04347827262687387,0.08641980743657296,0.15789478852867012,13911.0,1.2517432247861404,9123.624344840133,0.8333333333333334,0.5882353658548484,0.05918610006346734,-0.0029847524031585467,3.909998893737793,5.519999027252197,0.2272727915249623,0.09090911660998492
5.059998989105225,5.174999237060547,4.9449992179870605,5.059998989105225,17929,2024-05-23 00:00:00+10:00,5.036999130249024,5.025499105453491,4.689124035835266,4.700049028396607,4.8478240275383,6.584036551713943,4.926697699526899,4.789426132708781,4.803550422169095,8.22725479870558,54.74867527177844,52.93488569378712,38.88890040669365,38.09525431418913,-40.0,53.72462270405836,0.1372715668181188,0.08672402490203582,0.05054754191608299,5.5171840095125555,4.689124035835266,3.861064062157977,0.3531832245635142,0.7239420845467018,0.37673732496857265,7.445403166675184,0.23000001907348633,-1377113.846031876,1229.5937252691947,-1606466.0,100,0,0,0,20.677541514209786,0.0,57.142857142857146,57.142857142857146,4.579278457457416,4.579278457457416,0.0,0.0,1.1205189634602404,0.5720691482703364,0.0,0.10000003109808264,0.15789478852867012,13945.7,1.2856292620664433,9123.624344840133,0.8333333333333334,0.5882353658548484,0.060483090321820414,-0.0007151246958133775,3.909998893737793,5.519999027252197,0.2272727915249623,0.09090911660998492
6.094998836517334,6.152499198913574,5.749999046325684,5.864998817443848,99800,2024-05-24 00:00:00+10:00,5.220999050140381,5.11749906539917,4.775374031066894,4.716149024963379,4.857024023532867,6.555861550569534,5.071051717667968,4.869098183429896,4.845175849434772,8.20374976406616,64.60962028216429,59.66345719999181,59.42028149432263,46.52634677667931,-16.129051242665536,267.86422923325756,0.20195353423807205,0.10976992676924306,0.09218360746882899,5.709266794479271,4.775374031066894,3.841481267654517,0.39112863509195345,1.083377893622145,0.427863245314271,7.295197469464237,1.0925002098083496,-1419885.4097254493,-12983.114462616853,-1506666.0,0,0,0,0,22.883339601690547,21.42857142857143,100.0,78.57142857142857,4.635721691645103,4.635721691645103,0.15909090694916794,0.14763599695828794,1.2126780858404476,1.2086458514603533,0.18604646005005576,0.18604646005005576,0.4166667530502326,18871.5,5.288397848607689,25068.475827857364,1.0,1.0,0.06861090480833121,0.0029074437392144587,3.909998893737793,6.152499198913574,0.3333333875347831,0.04901968276867076
5.97999906539917,6.209999084472656,5.864998817443848,6.094998836517334,23264,2024-05-27 00:00:00+10:00,5.4049989700317385,5.232499027252198,4.878874015808106,4.741449022293091,4.8662240195274356,6.531711548566818,5.228582043644794,4.959905639214151,4.894188515594872,8.182767167772141,66.83346332024873,61.3223020000229,73.05663827711517,57.12194005937721,-6.250012957530399,222.35853878679362,0.2686764044306429,0.14155122230152303,0.12712518212911986,5.9108508259641,4.878874015808106,3.8468972056521116,0.4230389252980389,1.089221002226493,0.42194446115102363,6.922798059008681,0.3450002670288086,-1412130.7644947846,-15149.733924030093,-1483402.0,0,0,0,80,24.997448975771476,14.285714285714286,100.0,85.71428571428572,4.757063892226581,4.757063892226581,0.039215697433631735,0.038466291565818996,1.2007553513181257,1.206091172771004,0.17777772658752244,0.232558099169609,0.5142857481339669,20024.95,1.1617507159818126,25986.20647026182,1.0,1.0,0.0756146631742777,0.006430612428992567,3.909998893737793,6.209999084472656,0.3584906250823904,0.018867968811792767
5.97999906539917,6.209999084472656,5.97999906539917,6.094998836517334,15132,2024-05-28 00:00:00+10:00,5.634998893737793,5.358999013900757,4.95362401008606,4.771349020004273,4.867374017238617,6.50583654999733,5.361876934855954,5.043986616792164,4.941279116415361,8.1619933535308,66.83346332024873,61.3223020000229,86.69299505990773,73.05663827711523,-6.250012957530399,160.64766190290973,0.31789031806378976,0.17681904145397637,0.1410712766098134,6.103782062560387,4.95362401008606,3.8034659576117322,0.46437034790387555,0.9961817308394453,0.40823414385977097,6.697854336146762,0.23000001907348633,-1412130.7958665206,-14658.839692521608,-1483402.0,0,0,0,0,26.96055053741805,7.142857142857143,100.0,92.85714285714286,4.902357411451189,4.902357411451189,0.0,0.0,1.11668303860043,1.0521171026246758,0.232558099169609,0.26190479011163914,0.3250000492386309,19746.35,0.7663188386714507,23028.492534944646,1.0,1.0,0.08858458440106606,0.009269027183322029,3.909998893737793,6.209999084472656,0.3584906250823904,0.018867968811792767
5.97999906539917,5.97999906539917,5.749999046325684,5.97999906539917,14650,2024-05-29 00:00:00+10:00,5.818998908996582,5.427999019622803,5.051374006271362,4.79894902229309,4.874274017810822,6.480536550283432,5.456972647247218,5.113320872244535,4.982013232061784,8.140281967579241,64.4837876586464,59.96293210908302,87.87877302938382,82.54280212213563,-14.285714285714285,100.32426207220742,0.34365177500268285,0.21018558816371766,0.1334661868389652,6.2015320911661656,5.051374006271362,3.9012159213765587,0.4553842512816765,0.9036945317880987,0.40371740431204806,6.751128217527566,0.3449997901916504,-1397480.7958665206,-8464.033898493275,-1498052.0,100,100,0,0,27.89963256939174,0.0,92.85714285714286,92.85714285714286,5.033121578753335,5.033121578753335,-0.0188678905776255,-0.01904816036712107,0.9953411978873369,1.1437396875897252,0.18181823321996982,0.1304348178806216,0.4857143703349174,19721.0,0.7428629379848892,24646.702741585086,0.9473685244257386,0.9473685244257386,0.08858458726925951,0.011693276820921222,3.909998893737793,6.209999084472656,0.3461539289593857,0.03846154766215396
5.289999008178711,5.289999008178711,4.829998970031738,4.829998970031738,43591,2024-05-30 00:00:00+10:00,5.772998905181884,5.404999017715454,5.097374010086059,4.79894902229309,4.8719740176200865,6.4489115512371065,5.360515158444836,5.092334064673217,4.976051888452763,8.107343828300161,46.77427530338816,48.64118303367877,57.57574957992461,77.38250588973877,-92.30770702867594,-55.09261029588794,0.26818109377161914,0.22178468928529796,0.04639640448632118,6.128709828661599,5.097374010086059,4.06603819151052,0.40465377527129,0.37037440412783573,0.457023310816004,9.462182365910543,1.1500000953674316,-1441071.7958665206,-19030.201173800742,-1541643.0,0,0,0,0,26.179517512332687,0.0,85.71428571428572,85.71428571428572,6.209999084472656,-6.209999084472656,-0.19230773831076986,-0.21357415725425194,1.243810765534031,2.0103816829743595,-0.045454558304992454,-0.045454558304992454,0.23529420373172139,21151.1,2.0609330011205094,16692.07427844038,0.352941219512909,0.4210526775225505,0.06740037444838907,0.011842376209822288,4.139998912811279,6.209999084472656,0.14285718516745874,0.2857143703349175
5.059998989105225,5.174999237060547,4.9449992179870605,5.174999237060547,16089,2024-05-31 00:00:00+10:00,5.634998989105225,5.427999019622803,5.149124026298523,4.805849027633667,4.87312402009964,6.419586552381515,5.331974247462638,5.098457410775982,4.9838537452609115,8.078166270178373,51.112023736604804,51.52432096245754,35.60606522270113,60.35352927733658,-69.2307643237747,-38.592907009826945,0.2335168366866558,0.22413111876556951,0.009385717921086278,6.082308377732419,5.149124026298523,4.215939674864627,0.3624633419850719,0.5138639330600996,0.4490216648312043,8.676748425691619,0.3450002670288086,-1424982.7958665206,-16503.478588808328,-1525554.0,0,0,0,100,24.582267816492134,7.142857142857143,78.57142857142857,71.42857142857143,6.182399082183838,-6.182399082183838,0.07142864194576459,0.06899293730299624,1.250680172120746,1.625817723269007,-0.11764701099872077,0.04651163911955303,0.25000014397260983,20826.85,0.7725124058607039,16513.40685994582,0.38461560543013906,0.5789475407095642,0.053392857357971425,0.012803240932908855,4.369998931884766,6.209999084472656,0.1555556374599641,0.2
4.829998970031738,5.174999237060547,4.829998970031738,5.174999237060547,1053,2024-06-03 00:00:00+10:00,5.450999069213867,5.427999019622803,5.166374039649964,4.817349033355713,4.870824024677277,6.391411551237106,5.307824245862316,5.104127175685949,4.991349646900113,8.049279036017998,51.112023736604804,51.52432096245754,16.66667818447144,36.61616432903245,-74.9999827232928,-50.087253648757915,0.20369707017636696,0.220044309047729,-0.016347238871362052,6.088007658241182,5.166374039649964,4.244740421058745,0.35678160795870734,0.5046792983874478,0.44159156498817603,8.533171595963454,0.3450002670288086,-1423929.7958665206,-13634.457659601234,-1525554.0,0,0,0,0,22.830735279225202,0.0,71.42857142857143,71.42857142857143,6.155351079940796,-6.155351079940796,0.0,0.0,1.1136008475194006,1.5580987230030354,-0.150943359323506,0.0,0.07142864194576459,19533.4,0.05390766584414387,12026.40530953358,0.38461560543013906,0.5789475407095642,0.048723686548103905,0.013167707024215875,4.369998931884766,6.209999084472656,0.1555556374599641,0.2
5.059998989105225,5.174999237060547,4.829998970031738,5.174999237060547,6650,2024-06-04 00:00:00+10:00,5.26699914932251,5.450999021530151,5.1951240539550785,4.828849039077759,4.8719740271568295,6.365536550283432,5.287389629123583,5.109376958009993,4.998551591612286,8.020679237023396,51.112023736604804,51.52432096245754,26.66668509515432,26.313142834109016,-74.9999827232928,-45.33739672010384,0.17801267111358943,0.2116379814609011,-0.03362531034731167,6.0794096436914025,5.1951240539550785,4.3108384642187545,0.3404290563814784,0.48862086121943227,0.4346921865625069,8.399850254073014,0.3450002670288086,-1417279.7958665206,-9105.362037689425,-1525554.0,0,0,0,-80,21.204312208905908,100.0,64.28571428571429,-35.714285714285715,6.128844037742614,-6.128844037742614,0.0,0.0,1.0959589916821606,1.5580987230030354,-0.150943359323506,0.04651163911955303,0.1250000907027411,19356.2,0.34355916967173306,12511.834024732605,0.38461560543013906,0.5789475407095642,0.039904139095679254,0.013476950999210716,4.369998931884766,6.209999084472656,0.1555556374599641,0.2
5.174999237060547,5.174999237060547,5.059998989105225,5.059998989105225,2403,2024-06-05 00:00:00+10:00,5.082999134063721,5.450999021530151,5.215249061584473,4.840349035263062,4.868524029254913,6.340811549425125,5.252406453736143,5.105719330683714,5.000961293474754,7.991219732068986,49.434732931498964,50.431868101196585,35.00001266958525,26.11112531640372,-83.33333333333333,-38.69108832485299,0.1466871230524287,0.19864780977920662,-0.05196068672677792,6.067413671405923,5.215249061584473,4.363084451763022,0.32679728226154925,0.40890840179822957,0.41185704809056517,8.139468979684423,0.11500024795532227,-1419682.7958665206,-7189.380916208262,-1527957.0,0,0,0,0,19.69406221503799,92.85714285714286,57.142857142857146,-35.714285714285715,6.102867136388396,-6.102867136388396,-0.02222227341247751,-0.022472908205730148,1.1010876776198057,1.5570486204408687,-0.15384619064861582,0.0,0.08641980743657296,19162.0,0.1254044462999687,12379.846540211254,0.3076923567622531,0.5263158469031881,0.029484961803694285,0.013178751946640447,4.369998931884766,6.209999084472656,0.13636367491497736,0.2272727915249623
5.404998779296875,5.404998779296875,4.829998970031738,4.9449992179870605,11311,2024-06-06 00:00:00+10:00,5.105999183654785,5.439499044418335,5.232499074935913,4.849549036026001,4.867374031543732,6.316086548566818,5.205113032851669,5.093814137150629,4.998766702279158,7.960909080187574,47.74733576480726,49.33356940826925,33.33335682966197,31.666684864800562,-91.66664938995946,-47.33953359072951,0.11129889570104012,0.18117802696357332,-0.0698791312625332,6.047296427814167,5.232499074935913,4.417701722057659,0.31143717034989965,0.32357585236791353,0.42351010246017745,8.564411919817733,0.5749998092651367,-1426469.3846105062,-7911.359519942431,-1539268.0,0,0,0,0,18.87555020976492,100.0,50.0,-50.0,6.077409773061263,-6.077409773061263,-0.02272723203419058,-0.022989476585266712,1.104057577549604,0.6133899603619828,0.02380958022327828,-0.02272723203419058,0.07500007515369966,18645.45,0.6066359353086141,12389.963538830214,0.09090929651622358,0.47368437132892666,0.015909774321362383,0.012554743126803979,4.599998950958252,6.209999084472656,0.06976750689340783,0.2558139669434637
4.9449992179870605,5.174999237060547,4.9449992179870605,5.059998989105225,14941,2024-06-07 00:00:00+10:00,5.082999134063721,5.3589990615844725,5.238249063491821,4.85414903640747,4.867374031543732,6.29078654885292,5.1827877953522155,5.091309311369487,5.0011679684292,7.932044303161879,49.600014917257795,50.466246070993506,36.66668878086102,35.0000194267028,-83.33333333333333,-47.33950569177747,0.09147848398272806,0.16323811836740426,-0.0717596343846762,6.04644613052253,5.238249063491821,4.4300519964611125,0.30857527285728714,0.3897236319840395,0.40968795364684235,8.096601491995333,0.23000001907348633,-1426469.4155862601,-7487.509757396998,-1524327.0,0,0,0,80,18.11550334772564,92.85714285714286,42.85714285714286,-50.0,6.052461557000672,-6.052461557000672,0.02325577134569823,0.022989476585266597,1.076081253831438,0.3029769280541548,-0.02222227341247751,-0.13725490036662402,0.02325577134569823,18603.95,0.8031090171710846,11554.601833257295,0.18181821608603727,0.5263158469031881,0.00890601595541568,0.013002041774351327,4.714999198913574,6.209999084472656,0.06818179033918301,0.2272727915249623
5.174999237060547,5.174999237060547,5.059998989105225,5.059998989105225,2980,2024-06-11 00:00:00+10:00,5.059999084472656,5.255499076843262,5.243999052047729,4.856449031829834,4.862774031162262,6.266636546850204,5.163897209775755,5.088990028238801,5.00347506727924,7.903466737847882,49.600014917257795,50.46624607099349,33.333360976076285,34.444468862199805,-83.33333333333333,-41.26163846768754,0.07490718153695397,0.14557193100131421,-0.07066474946436024,6.0453764744334135,5.243999052047729,4.442621629662045,0.30563599056058344,0.3851976248627393,0.3886388318117338,7.680610858787109,0.11500024795532227,-1429449.4155862601,-7581.61578568304,-1524327.0,0,0,0,0,17.40974554726059,85.71428571428572,35.714285714285715,-50.0,6.028012305261294,-6.028012305261294,0.0,0.0,1.076081253831438,0.3029769280541548,-0.02222227341247751,-0.16981132813529876,0.02325577134569823,18216.1,0.1635915481359896,11554.601833257295,0.18181821608603727,0.5263158469031881,0.0017293256028253579,0.013708884844831501,4.714999198913574,6.209999084472656,0.06818179033918301,0.2272727915249623
4.9449992179870605,4.9449992179870605,4.829998970031738,4.829998970031738,3170,2024-06-12 00:00:00+10:00,4.990999031066894,5.128999090194702,5.243999052047729,4.8449490356445315,4.8604740309715275,6.243636544942856,5.112528249815138,5.069805505408649,4.996672083073456,7.8728849690138905,45.83081142512251,48.095424347622874,26.66667772376383,32.22224249356709,-100.0,-76.99294766839692,0.04272274440648882,0.12500209368234913,-0.08227934927586031,6.0453764744334135,5.243999052047729,4.442621629662045,0.30563599056058344,0.24169469313003525,0.37730748804471614,7.811750900688843,0.23000001907348633,-1432619.4155862601,-7939.51227128366,-1527497.0,0,0,0,0,17.369436451312517,100.0,28.571428571428573,-71.42857142857143,6.004052038556702,-6.004052038556702,-0.045454558304992454,-0.04652002909726599,1.0862113960625859,0.4136159037773615,-0.0666667280949731,-0.20754718752471712,0.0,18140.7,0.17474518623867877,11519.301832876561,0.0,0.4210526775225505,-0.010721804683369918,0.014990036541960556,4.829998970031738,6.209999084472656,0.0,0.2857143703349175
4.829998970031738,4.9449992179870605,4.829998970031738,4.829998970031738,6756,2024-06-13 00:00:00+10:00,4.944999027252197,5.013999080657959,5.220999050140381,4.842649030685425,4.861624028682709,6.220636543035507,5.069062206771537,5.052042058343693,4.990135882562016,7.842607496387203,45.83081142512251,48.095424347622874,13.333338861881904,24.444459187240714,-100.0,-73.16189466771637,0.017020148427844717,0.10340570463144824,-0.08638555620360353,6.04194106218972,5.220999050140381,4.400057038091042,0.31447698195894735,0.2618588923640424,0.35857125660975947,7.423837123663057,0.11500024795532227,-1439375.4155862601,-9513.786990731023,-1527497.0,100,0,0,0,17.33200657650359,100.0,21.42857142857143,-78.57142857142857,5.980570977186203,-5.980570977186203,0.0,0.0,1.0292329262159883,0.4139417119511354,-0.045454558304992454,-0.19230773831076986,-0.08695654525374774,17294.35,0.3906478127249651,9263.777355329279,0.0,0.4210526775225505,-0.015909776472507634,0.015199880771705651,4.829998970031738,6.209999084472656,0.0,0.2857143703349175
4.9449992179870605,4.9449992179870605,4.829998970031738,4.829998970031738,11168,2024-06-14 00:00:00+10:00,4.921998977661133,5.013999080657959,5.209499049186706,4.821949033737183,4.863924028873444,6.197061542272568,5.0322832472731065,5.035594422172437,4.98385600363926,7.81263129214486,45.83081142512251,48.09542434762288,-2.3684757858670007e-14,13.333338861881947,-100.0,-70.51135108959886,-0.003311174899330638,0.08206232872529247,-0.0853735036246231,6.045446891852867,5.209499049186706,4.3735512065205455,0.32093214137227527,0.2730121068650673,0.3411733274201568,7.063631473567685,0.11500024795532227,-1450543.4155862601,-12846.373285892885,-1527497.0,0,0,-80,0,17.297250264181017,100.0,14.285714285714286,-85.71428571428572,5.957559537043114,-5.957559537043114,0.0,0.0,1.0177659195746924,0.3975281175147512,-0.0232558677738548,0.0,-0.045454558304992454,16885.15,0.6614095817922849,10105.168887204542,0.0,0.4210526775225505,-0.024037598129502038,0.017673829686598794,4.829998970031738,6.209999084472656,0.0,0.2857143703349175
4.599998950958252,4.829998970031738,4.254999160766602,4.829998970031738,35122,2024-06-17 00:00:00+10:00,4.8759989738464355,4.979499053955078,5.20374903678894,4.81044903755188,4.869674026966095,6.172911542654037,5.001162589235973,5.0203651294212746,4.9778223944781805,7.782953358591495,45.83081142512252,48.09542434762288,20.833324694979712,11.38888785228724,-70.5882439025818,-130.19855486466196,-0.019202540185301764,0.06180935494317362,-0.08101189512847538,6.048431565886527,5.20374903678894,4.359066507691353,0.32464383778923056,0.2787629944492304,0.3578752189805125,7.409426403628423,0.5749998092651367,-1415421.4155862601,-1866.670107923448,-1527497.0,0,0,0,0,18.61086925315269,100.0,7.142857142857143,-92.85714285714286,5.935008325702887,-5.935008325702887,0.0,0.0,1.0143149394146378,0.32269535212545447,-0.045454558304992454,-0.0666667280949731,-0.0232558677738548,18471.15,1.9014517233631905,10182.486930584859,0.0,0.4210526775225505,-0.03363534095592092,0.019120647641075454,4.254999160766602,6.209999084472656,0.11904760494418043,0.2857143703349175
4.714999198913574,4.714999198913574,4.254999160766602,4.484999179840088,31445,2024-06-18 00:00:00+10:00,4.760999011993408,4.910499048233032,5.169249033927917,4.80124903678894,4.873124029636383,6.149336544275283,4.921752833944298,4.980708392415261,4.958495993904138,7.750137894126307,39.73817347325231,44.300889878741884,31.944435806090823,17.592586833690213,-86.66666482381764,-181.3764636028331,-0.0589555584709629,0.037656372260346314,-0.09661193073130922,6.070294279933339,5.169249033927917,4.268203787922495,0.34861746458392306,0.12030216733216542,0.3733841182865571,8.32517695800047,0.5749998092651367,-1415421.4155862601,2794.7239292387385,-1558942.0,0,0,0,0,19.83065831434067,100.0,0.0,-100.0,5.867807959105435,-5.867807959105435,-0.07142854322169423,-0.07410794177708535,1.0301478139364177,0.528636710508711,-0.11363634864417549,-0.13333336404748652,-0.13333336404748652,19075.5,1.648449581924458,7036.044078902375,0.0,0.2631580325676514,-0.04435714026142794,0.018684393915952616,4.254999160766602,6.209999084472656,0.05128206491259313,0.38461543368533524
4.484999179840088,4.599998950958252,4.139998912811279,4.369998931884766,21165,2024-06-19 00:00:00+10:00,4.6689990043640135,4.829999017715454,5.140499019622803,4.79664903640747,4.870824029445648,6.126336542367935,4.836867618242832,4.935470654598188,4.935417677746515,7.716504670621416,37.9281901484167,43.11045246620537,41.46824250921429,31.41533433676165,-81.81817839139627,-189.4003071581542,-0.09860303635535583,0.010404490537205883,-0.10900752689256171,6.102932825758095,5.140499019622803,4.178065213487511,0.3744515084863931,0.09971268526402617,0.3795709697051582,8.685836670020661,0.46000003814697266,-1415421.4155862601,4447.5920417835005,-1580107.0,0,0,0,0,21.192707509206457,100.0,0.0,-100.0,5.803295607171882,-5.803295607171882,-0.025641085615409787,-0.025975547955919966,1.0227488772905706,0.4940900402326628,-0.09523812344497251,-0.15555563745996415,-0.11627914601296085,19801.6,1.0688530219780221,6788.5950143080445,0.0,0.21052633876127524,-0.0593157854295315,0.017176830433711574,4.139998912811279,6.209999084472656,0.052631596176223344,0.42105276940978675
4.369998931884766,4.484999179840088,4.254999160766602,4.369998931884766,5444,2024-06-20 00:00:00+10:00,4.576998996734619,4.760999011993408,5.10599901676178,4.789749031066894,4.8662240290641785,6.103336540460586,4.765041666495437,4.893583860323119,4.913244393595074,7.683206106056872,37.92819014841669,43.11045246620537,30.158724517358024,34.52380094422109,-81.81817839139627,-145.22143379544895,-0.12854219382768228,-0.01738484633577175,-0.11115734749191053,6.125290857433831,5.10599901676178,4.086707176089729,0.39925265842236096,0.13896498749968086,0.3688873303743245,8.441359737706494,0.23000001907348633,-1415421.4268727875,4719.435220130719,-1580107.0,100,0,0,0,22.457467475867542,92.85714285714286,35.714285714285715,-57.142857142857146,5.703497805510246,-5.703497805510246,0.0,0.0,1.0178122712178383,0.4940900402326628,-0.09523812344497251,-0.13636367491497736,-0.13636367491497736,19203.15,0.2834951557426776,6383.642267865402,0.0,0.21052633876127524,-0.07159398265351033,0.015972989049135283,4.139998912811279,6.209999084472656,0.052631596176223344,0.42105276940978675
4.484999179840088,4.484999179840088,4.139998912811279,4.484999179840088,20137,2024-06-21 00:00:00+10:00,4.507999038696289,4.714999008178711,5.077249026298523,4.7851490306854245,4.861624028682709,6.08321153998375,4.721958207009998,4.863318328435487,4.896450463643897,7.651383151567153,41.04259044895295,44.747365862435984,35.714291590718375,35.78041953909694,-72.72724873977391,-113.28243554980209,-0.14136012142548893,-0.04217990135371519,-0.09918022007177374,6.131931237979639,5.077249026298523,4.022566814617406,0.41545419821568763,0.21922829459955778,0.36718111156393046,8.18687132016426,0.3450002670288086,-1395284.4268727875,10808.831500351895,-1559970.0,100,0,0,0,23.870802364141475,100.0,28.571428571428573,-71.42857142857143,5.609687871948307,-5.609687871948307,0.026315852646152216,0.025975547955919897,1.023892293512274,0.5860041192296676,-0.07142854322169423,-0.09302327823910617,-0.11363634864417549,19313.55,1.0426358696355669,6913.564592600969,0.06666681409458847,0.2631580325676514,-0.08119172512140492,0.0150728697622237,4.139998912811279,6.209999084472656,0.07692315052800289,0.38461543368533524
4.369998931884766,4.484999179840088,4.139998912811279,4.369998931884766,20469,2024-06-24 00:00:00+10:00,4.415999031066894,4.645999002456665,5.002499032020569,4.775949029922486,4.853574025630951,6.064811538457871,4.667810626221501,4.826776150913211,4.875805305535696,7.618732562316581,38.93859413358266,43.43509555094773,39.52381269238423,35.13227626682025,-81.81817839139627,-100.65360545211307,-0.15896552469171077,-0.06553702602131431,-0.09342849867039646,6.034940271790709,5.002499032020569,3.9700577922504285,0.4127701907233053,0.1936871195320418,0.36559676552570747,8.366060752514345,0.3450002670288086,-1388461.4457334103,14488.275659302948,-1580439.0,100,0,0,0,25.183184760395847,100.0,21.42857142857143,-78.57142857142857,5.5215065344000855,-5.5215065344000855,-0.025641085615409787,-0.025975547955919966,0.8242058471978769,0.5751687977366846,-0.09523812344497251,-0.13636367491497736,-0.25490199266751945,15347.0,1.3337460089919855,-9488.555302387815,0.0,0.21052633876127524,-0.07885714330171288,0.014205882586494077,4.139998912811279,6.209999084472656,0.052631596176223344,0.42105276940978675
4.254999160766602,4.369998931884766,4.254999160766602,4.369998931884766,8568,2024-06-25 00:00:00+10:00,4.39299898147583,4.576998996734619,4.91624903678894,4.766749029159546,4.847824022769928,6.048711537122727,4.621993442477388,4.792940801355549,4.855969761470954,7.5864068545510905,38.93859413358267,43.43509555094773,46.666672655927435,40.63492564634339,-81.81817839139627,-85.71429474048422,-0.17094735887816093,-0.08661909259268363,-0.0843282662854773,5.852987408821147,4.91624903678894,3.9795106647567335,0.3810784868799241,0.20842973811400903,0.34769698021088297,7.956454581120971,0.11499977111816406,-1379893.4457334103,17402.568664391758,-1580439.0,0,0,0,0,26.401825556917764,92.85714285714286,14.285714285714286,-78.57142857142857,5.438616077104757,-5.438616077104757,0.0,0.0,0.8025978178101424,0.34440651495361096,-0.025641085615409787,-0.13636367491497736,-0.28301890630355375,14612.2,0.5863593435622287,-10400.869287483823,0.0,0.21052633876127524,-0.07064286210483187,0.013383073085496393,4.139998912811279,6.209999084472656,0.052631596176223344,0.42105276940978675
4.254999160766602,4.369998931884766,4.139998912811279,4.254999160766602,18127,2024-06-26 00:00:00+10:00,4.369999027252197,4.519499015808106,4.824249053001404,4.764449033737183,4.842074024677276,6.026861537694931,4.565532783752651,4.753093272423034,4.832402286933529,7.553258519289553,36.75346994456405,42.07473504226657,41.11112093962953,42.43386876264711,-90.90907034837764,-91.1357428025789,-0.18756048867038277,-0.10680737180822346,-0.08075311686215932,5.632446337830953,4.824249053001404,4.016051768171855,0.3350562029241544,0.14782739133127695,0.33929005441535465,7.97391589506745,0.23000001907348633,-1379893.4081524257,17012.739700023783,-1598566.0,100,0,0,-80,27.797433288562026,100.0,7.142857142857143,-92.85714285714286,5.360699047247148,-5.360699047247148,-0.026315743530071045,-0.02666819989683,0.8014382426991671,0.3469783783572228,-0.026315743530071045,-0.11904760494418043,-0.30188679688117925,14761.95,1.2279543014303664,-10877.894770453422,0.0,0.1578948631870138,-0.0614774499620712,0.011207322856816079,4.139998912811279,5.97999906539917,0.027027090631576826,0.40540546295237906
4.369998931884766,4.427498817443848,4.254999160766602,4.369998931884766,27353,2024-06-27 00:00:00+10:00,4.369999027252197,4.473499011993408,4.743749046325684,4.762149028778076,4.836324021816254,6.006161535978317,4.535450652696054,4.724715913864644,4.814268822029655,7.521584294539257,40.35787546237729,43.91897931304432,49.99999999999998,45.92593119851902,-77.77778289680096,-60.137473291278845,-0.18926526116859055,-0.12329894968029688,-0.06596631148829367,5.377293727608783,4.743749046325684,4.110204365042585,0.26710716570212206,0.20503255296534612,0.32737645457691833,7.491453880875938,0.1724996566772461,-1370775.741485759,18207.72727217409,-1571213.0,100,0,0,0,28.746103681503133,92.85714285714286,0.0,-92.85714285714286,5.287457039180996,-5.287457039180996,0.02702697856641767,0.026668199896830048,0.8160492733989572,0.41793852332400294,0.0,-0.09523812344497251,-0.2692308336350777,15397.1,1.7765033675172597,-9862.211228763987,0.12499974084939203,0.21052633876127524,-0.04971805300031396,0.00959483798096876,4.139998912811279,5.404998779296875,0.052631596176223344,0.23684212823496445
4.714999198913574,4.829998970031738,4.599998950958252,4.714999198913574,23435,2024-06-28 00:00:00+10:00,4.415999031066894,4.461999034881591,4.737999057769775,4.775949029922486,4.8328740239143375,5.989486535787583,4.563073505960287,4.723996157201602,4.810375895632946,7.493658074682285,49.63174507206475,49.03073981786933,61.11112262891589,50.740747856181834,-44.44443420639809,41.90005307677965,-0.16092265124131444,-0.13082368999250038,-0.03009896124881406,5.370394594270435,4.737999057769775,4.105603521269115,0.2669462483170416,0.48181529001337536,0.33684956768906504,7.144212617611507,0.46000003814697266,-1370775.692900203,17041.35334962397,-1547778.0,100,0,0,0,27.604388107269493,85.71428571428572,7.142857142857143,-78.57142857142857,5.218609551598813,-5.218609551598813,0.07894744882237559,0.07598598149621859,0.5580107872796674,0.697826857850577,0.05128206491259313,-0.02380948149920792,-0.02380948149920792,14389.3,1.6286407260950846,370.80885509315476,0.5,0.36842120194828903,-0.04876692420557946,0.007678632175221153,4.139998912811279,5.404998779296875,0.12195130091109792,0.14634139928216527
4.369998931884766,4.369998931884766,4.139998912811279,4.369998931884766,24420,2024-07-01 00:00:00+10:00,4.415999031066894,4.415999031066894,4.697749042510987,4.771349029541016,4.828274023532868,5.97166153550148,4.533369725333284,4.6977741405114655,4.793106210780076,7.462576889181812,42.51284730115184,44.74803756485978,61.11110727185345,57.40740996692315,-71.42857989062958,-70.78908102457422,-0.16440441517818183,-0.13753983502963668,-0.026864580148545147,5.316081353540285,4.697749042510987,4.079416731481689,0.26324620810259125,0.23497251819120002,0.35386033329001,8.097492443491085,0.5750002861022949,-1346355.692900203,22784.98644043319,-1572198.0,100,100,0,0,27.778625484713437,100.0,0.0,-100.0,5.1538929132715605,-5.1538929132715605,-0.07317080077305282,-0.07598598149621864,0.546317148700662,0.9050287616018762,0.0,-0.09523812344497251,-0.15555563745996415,14805.85,1.649348061745864,-2565.237520050202,0.12499974084939203,0.21052633876127524,-0.04712406603017251,0.006292557321390485,4.139998912811279,5.404998779296875,0.052631596176223344,0.23684212823496445
4.369998931884766,4.369998931884766,4.139998912811279,4.254999160766602,3553,2024-07-02 00:00:00+10:00,4.392999076843262,4.3929990291595455,4.651749038696289,4.775949029922486,4.822524025440216,5.9526865351200104,4.4905434846307175,4.664975993863698,4.772003973524646,7.430660692879173,40.43108638742795,43.42060594251891,44.44446748005404,55.55556579360783,-85.71426032811122,-78.03278280829633,-0.1744325092329806,-0.14491836987030546,-0.029514139362675135,5.257985615765377,4.651749038696289,4.045512461627202,0.26064887509021467,0.1727763607997595,0.34501316798882975,8.108419178317076,0.23000001907348633,-1346355.685534106,23063.294463119237,-1575751.0,0,0,-80,0,27.9404173351971,100.0,14.285714285714286,-85.71428571428572,5.093059273243943,-5.093059273243943,-0.026315743530071045,-0.02666819989683,0.5492781265585059,0.9264353555016788,-0.026315743530071045,-0.05128206491259313,-0.177777818729982,14930.85,0.23796367922790732,-2658.737356812544,0.0,0.1578948631870138,-0.04591353495318187,0.0032498208099768283,4.139998912811279,5.404998779296875,0.027027090631576826,0.27027023392481325
4.369998931884766,4.369998931884766,4.254999160766602,4.254999160766602,5314,2024-07-03 00:00:00+10:00,4.392999076843262,4.3814990520477295,4.605749034881592,4.7805490303039555,4.819074027538299,5.930261536836624,4.45430589634393,4.634607339560209,4.751729274985115,7.399062070669098,40.43108638742795,43.42060594251891,22.222245257831815,42.592606669913145,-85.71426032811122,-59.90987379667399,-0.18030144321627883,-0.15199498453950014,-0.028306458676778695,5.185216656999018,4.605749034881592,4.026281412764166,0.2516279622397287,0.19735162006695095,0.3285836396409251,7.722296226768839,0.11499977111816406,-1351669.685534106,19389.666430298006,-1575751.0,0,0,0,0,28.090652624931927,92.85714285714286,7.142857142857143,-85.71428571428572,5.0358756516179835,-5.0358756516179835,0.0,0.0,0.5492781265585059,0.9050287616018762,0.0,-0.026315743530071045,-0.177777818729982,14864.05,0.35750687060390673,-2658.737356812544,0.0,0.1578948631870138,-0.043319545114847265,0.0001849954611971394,4.139998912811279,5.404998779296875,0.027027090631576826,0.27027023392481325
4.254999160766602,4.254999160766602,4.139998912811279,4.139998912811279,4203,2024-07-04 00:00:00+10:00,4.346999073028565,4.358499050140381,4.559749031066895,4.775949029922486,4.81447402715683,5.904961537122727,4.405950975800446,4.597969678319548,4.727739849017514,7.366633581536185,38.258345156855015,42.045494092559906,11.111134146720703,25.925948961535557,-100.0,-127.59718417757583,-0.19201870251910247,-0.1599997281354206,-0.03201897438368187,5.133713102013752,4.559749031066895,3.9857849601200375,0.25175248332146066,0.1343411203743451,0.3133276830919534,7.56830351144192,0.11500024795532227,-1355872.685534106,14786.803468662314,-1579954.0,0,0,0,0,28.52123377583201,100.0,0.0,-100.0,4.982123047289581,-4.982123047289581,-0.027027090631576822,-0.027399039559459423,0.5510545324736891,0.8894379000702407,-0.05263159617622337,-0.05263159617622337,-0.18181823321996982,14954.05,0.2810609834793919,-2718.932095726878,0.0,0.10526316938063762,-0.04280075058901225,-0.0023276100982995373,4.139998912811279,5.404998779296875,0.0,0.30555560354642547
4.139998912811279,4.254999160766602,4.139998912811279,4.139998912811279,2606,2024-07-05 00:00:00+10:00,4.231999015808105,4.3239990234375,4.519499015808106,4.771349029541016,4.812174026966095,5.88541153550148,4.365035273802112,4.564045917911528,4.704691184852563,7.334527763936932,38.258345156855015,42.045494092559906,5.55556707336035,12.96298215930433,-100.0,-123.9583211856507,-0.19901064410941594,-0.16780191133021966,-0.03120873277919628,5.092656054389399,4.519499015808106,3.9463419772268122,0.2536374215710766,0.16893880956588822,0.29916143772505116,7.22612358180318,0.11500024795532227,-1358478.685534106,10730.377396296477,-1579954.0,100,0,0,80,28.92105913023923,100.0,64.28571428571429,-35.714285714285715,4.931595599220882,-4.931595599220882,0.0,0.0,0.5496726792114819,0.47463239533947327,-0.12195130091109796,-0.07692315052800291,-0.162790785132514,14518.8,0.17949141802352814,-2461.8643741881483,0.0,0.10526316938063762,-0.04271428316159376,-0.004818126820430335,4.139998912811279,5.174999237060547,0.0,0.2500001439726097
4.197498798370361,4.254999160766602,4.024999141693115,4.254999160766602,7418,2024-07-08 00:00:00+10:00,4.208999061584473,4.312499046325684,4.479249024391175,4.773649034500122,4.811024029254913,5.867586535215378,4.348106641027418,4.541153565530423,4.6870562035158585,7.303885688283496,41.88063204774665,44.00074715815858,22.222237579305894,12.962979599795688,-71.42856296650825,-108.99460786784991,-0.19304692450300465,-0.17285091396477664,-0.020196010538228004,5.006119723970856,4.479249024391175,3.952378324811493,0.23524956826944632,0.2871870045122347,0.2942213363927966,6.914721373054002,0.23000001907348633,-1351060.685534106,10455.714239755878,-1572536.0,0,0,0,0,29.590121441198296,100.0,57.142857142857146,-42.85714285714286,4.884099798036306,-4.884099798036306,0.02777784496499569,0.027399039559459465,0.5533350214254626,0.3605887492436454,-0.026315743530071045,-0.026315743530071045,-0.15909090694916794,14142.65,0.5245127327622475,-2603.272799913888,0.12500025915060797,0.1578948631870138,-0.03795864241463807,-0.007579231239309687,4.024999141693115,5.174999237060547,0.054054069197994485,0.21621627679197794
4.197498798370361,4.254999160766602,3.909998893737793,4.139998912811279,14770,2024-07-09 00:00:00+10:00,4.185999011993408,4.289499044418335,4.433249020576477,4.775949029922486,4.806424028873444,5.8503365337848665,4.316090067455705,4.511438406069746,4.665602976429405,7.272404227831037,39.39180270676581,42.49536544750178,38.88890424597256,22.222236299546307,-75.0,-138.66121606380298,-0.19534833861404088,-0.1773503988946295,-0.017997939719411382,4.9072666953630675,4.433249020576477,3.959231345789887,0.21384662697109283,0.19067597753899854,0.2978484028667974,7.1944077556422,0.3450002670288086,-1346137.3658102015,10959.343384253792,-1587306.0,0,0,0,0,30.492636201309615,100.0,50.0,-50.0,4.815371745528851,-4.815371745528851,-0.027027090631576822,-0.027399039559459423,0.556430446541764,0.36324942628308754,-0.027027090631576822,-0.05263159617622337,-0.18181823321996982,14732.15,1.0025692108755342,-3002.4629285422775,0.0,0.10526316938063762,-0.03363533629510654,-0.010903601011022052,3.909998893737793,4.9449992179870605,0.05555557475190352,0.19444456922070621
3.6799991130828857,3.909998893737793,3.6799991130828857,3.909998893737793,28910,2024-07-10 00:00:00+10:00,4.116998958587646,4.254999017715454,4.38724901676178,4.762149028778076,4.8006740260124205,5.826186534166336,4.253614502268334,4.4668873310821935,4.635971443774832,7.238947458337571,34.92194139213397,39.64688006209414,52.222223757940135,37.77778852773957,-80.00001658564236,-234.4569529883917,-0.21327282881385923,-0.18453488487847544,-0.028737943935383786,4.87664128189791,4.38724901676178,3.89785675162565,0.22309755533199674,0.012405326950524391,0.30943064549976856,7.9138294897052,0.45999979972839355,-1317227.3658102015,19367.705908434466,-1616216.0,0,0,0,0,31.82927231449465,100.0,42.85714285714286,-57.142857142857146,4.724834460349745,-4.724834460349745,-0.055555574751903536,-0.05715843416549374,0.5661816011986669,0.5007184091099204,-0.08108115982957131,-0.08108115982957131,-0.19047624688994502,16019.15,1.8047149817562105,-4464.483644792983,0.0,0.0,-0.034845865220952024,-0.013372028895786849,3.6799991130828857,4.9449992179870605,0.058823489956294384,0.26470604017482247
3.909998893737793,3.909998893737793,3.5649991035461426,3.5649991035461426,24391,2024-07-11 00:00:00+10:00,4.001998996734619,4.174499034881592,4.3239990234375,4.752949028015137,4.788024027347564,5.803761533498764,4.1476736716956895,4.400080795709153,4.593972528471745,7.202390758289895,29.51231668171798,35.86093510822529,29.99998617863424,40.37037139418235,-100.0,-220.84347421537464,-0.2524071240134633,-0.198109332705473,-0.05429779130799031,4.889256506612681,4.3239990234375,3.758741540262318,0.2614512538561178,-0.17137538421241202,0.3119712986920459,8.750950270414506,0.3449997901916504,-1341618.3658102015,13286.01731301425,-1640607.0,0,0,-80,0,33.29205101702802,100.0,35.714285714285715,-64.28571428571429,4.599454218677722,-4.599454218677722,-0.0882352654227595,-0.09237328865920348,0.6288724230210986,0.7223277442491458,-0.13888887929071492,-0.18421053205874116,-0.26190479011163914,16900.9,1.4431775822589328,-6616.630003719509,0.0,0.0,-0.03960150381676252,-0.017994117278869584,3.5649991035461426,4.9449992179870605,0.0,0.38709690363406185
3.909998893737793,3.909998893737793,3.6799991130828857,3.909998893737793,9555,2024-07-12 00:00:00+10:00,3.955998992919922,4.093999004364013,4.277999019622802,4.752949028015137,4.782274024486542,5.780186532735825,4.1111083212406285,4.363778432600163,4.567150032991982,7.169630640234651,39.590031227561376,41.705866631397676,29.99997466082944,37.4073948658013,-72.7272864344149,-127.31884813312607,-0.2526701113595342,-0.20902148843628526,-0.04364862292324895,4.820331070279341,4.277999019622802,3.7356669689662634,0.2535447288178,0.1607243427347564,0.3143304766563033,8.039144900008315,0.3449997901916504,-1332063.3658102015,12630.461313704727,-1631052.0,100,0,0,80,34.6503455265233,92.85714285714286,28.571428571428573,-64.28571428571429,4.454630502559301,-4.454630502559301,0.0967741590309168,0.0923732886592035,0.7417740329986461,1.1587055170488694,-0.055555574751903536,-0.1707318010491431,-0.19047624688994502,16820.25,0.5680652784590003,-5691.952914179099,0.27272713565585094,0.13636356782792547,-0.03752631854293944,-0.02204189703530335,3.5649991035461426,4.829998970031738,0.08823526542275956,0.23529420373172133
3.6799991130828857,3.6799991130828857,3.4499990940093994,3.5649991035461426,18442,2024-07-15 00:00:00+10:00,3.81799898147583,4.013499021530151,4.214749026298523,4.741449031829834,4.773074023723602,5.756611534357071,4.0270915185184,4.3046095934109765,4.527849996543126,7.133763659770088,34.30770555803008,38.063720716792815,21.428559910766626,27.1428402500768,-91.66666522694082,-162.75347131145745,-0.2775180748925763,-0.22272080572754346,-0.05479726916503283,4.779421314942119,4.214749026298523,3.650076737654927,0.2679506111136124,-0.07533363671267622,0.3247354283043098,9.108990461772965,0.45999979972839355,-1332063.3658102015,11214.055558195803,-1649494.0,0,0,0,0,36.33436963919979,100.0,21.42857142857143,-78.57142857142857,4.330082106697459,-4.330082106697459,-0.0882352654227595,-0.09237328865920348,0.7912944604157309,1.2163993874944963,-0.16216220759398348,-0.18421053205874116,-0.26190479011163914,15986.25,1.1536163890843694,-7319.18767910563,0.0,0.0,-0.038996242939081514,-0.026338175651119754,3.4499990940093994,4.829998970031738,0.03225807530283849,0.35483876145362475
3.5649991035461426,3.6799991130828857,3.5649991035461426,3.6799991130828857,8813,2024-07-16 00:00:00+10:00,3.7259990215301513,3.95599901676178,4.174499022960663,4.718449034690857,4.767324023246765,5.731311535835266,3.9736926869129365,4.258342150423711,4.494600942289783,7.099397843385141,37.31031697445953,39.900674103253145,38.09523521579137,29.84125659579584,-83.33333045388164,-110.84634571846226,-0.28464946351077414,-0.2351065372841896,-0.049542926226584544,4.770283386070494,4.174499022960663,3.578714659850832,0.285439934149169,0.08500093280677656,0.3097543269637693,8.417239174394133,0.11500000953674316,-1323250.3658102015,12419.293607469648,-1640681.0,0,0,0,0,37.898106315256534,92.85714285714286,14.285714285714286,-78.57142857142857,4.189268824667369,-4.189268824667369,0.03225807530283853,0.031748708764205075,0.7767537081308239,1.3028131280902167,-0.1111110919147631,-0.13513517299498623,-0.17948722719407595,14854.65,0.5932822382217017,-4788.8267198555395,0.1,0.045454554021509316,-0.0423684197260922,-0.028618847880185982,3.4499990940093994,4.829998970031738,0.0625000202461478,0.31250003644306606
3.6799991130828857,3.79499888420105,3.5649991035461426,3.5649991035461426,5527,2024-07-17 00:00:00+10:00,3.6569990634918215,3.886999011039734,4.134249031543732,4.697749037742614,4.761574025154114,5.706586534976959,3.9108167510103526,4.206983406210558,4.458145968221405,7.064229696720076,35.55994456378415,38.69562649463319,29.76191771944187,29.761904281999985,-91.66666522694082,-91.38889029982016,-0.29616665520020513,-0.2473185608673927,-0.048848094332812425,4.778556991734605,4.134249031543732,3.4899410713528587,0.3116928638187467,0.058247016047301606,0.30405757365599345,8.528966342615462,0.22999978065490723,-1328777.3658102015,10024.727936039213,-1646208.0,0,0,0,0,38.5914321370085,85.71428571428572,7.142857142857143,-78.57142857142857,4.070985667762094,-4.070985667762094,-0.031250010123073935,-0.03174870876420506,0.7786287977994095,1.2728083646082928,-0.0882352654227595,-0.16216220759398348,-0.18421053205874116,14072.75,0.39274484375832724,-4418.8519487556205,0.0,0.0,-0.04798872076479133,-0.03162292955588607,3.4499990940093994,4.829998970031738,0.03225807530283849,0.35483876145362475
3.6799991130828857,3.79499888420105,3.5649991035461426,3.5649991035461426,10311,2024-07-18 00:00:00+10:00,3.6569990634918215,3.82949903011322,4.093999040126801,4.675899043083191,4.759274027347565,5.6812865352630615,3.8576140360158586,4.159429013420601,4.423120600979238,7.029411481862624,35.55994456378415,38.69562649463319,33.33335061004948,33.730167848427605,-87.49999676061657,-79.29824699234331,-0.3018149774047423,-0.2582178441748626,-0.04359713322987968,4.773959328181883,4.093999040126801,3.4140387520717184,0.332174131645142,0.11100674122177205,0.298767731298773,8.380583630486345,0.22999978065490723,-1339088.3658102015,4853.021258086665,-1646208.0,0,0,0,80,39.235234685778195,78.57142857142857,0.0,-78.57142857142857,3.971627815961663,-3.971627815961663,0.0,0.0,0.7786287977994095,1.0983742113804242,0.0,-0.13888887929071492,-0.18421053205874116,14316.1,0.7202380536598655,-4418.8519487556205,0.0,0.0,-0.05239849574583818,-0.03438679544006932,3.4499990940093994,4.829998970031738,0.03225807530283849,0.35483876145362475
3.79499888420105,3.909998893737793,3.5649991035461426,3.5649991035461426,19169,2024-07-19 00:00:00+10:00,3.587999105453491,3.7719990491867064,4.0479990363121034,4.655199046134949,4.754674026966095,5.656561534404755,3.812596354097441,4.115397168244715,4.389468777550489,6.994939716904251,35.55994456378415,38.69562649463319,25.00001295753711,29.36509376234285,-87.49999676061657,-60.90146770615702,-0.302800814147274,-0.2671344381693449,-0.0356663759779291,4.740295184400081,4.0479990363121034,3.3557028882241258,0.3420436328555494,0.15116089833813384,0.3020700212196928,8.473214507101012,0.3449997901916504,-1358257.3658102015,-3803.0879518110305,-1646208.0,0,0,0,0,39.071483861283276,71.42857142857143,14.285714285714286,-57.142857142857146,3.4499990940093994,3.4499990940093994,0.0,0.0,0.768340636927845,0.7222853859680366,-0.0882352654227595,-0.13888887929071492,-0.2051282596503725,14267.7,1.3435241839960188,-4948.774273491188,0.0,0.0,-0.05378195128046493,-0.03718655542737723,3.4499990940093994,4.829998970031738,0.03225807530283849,0.35483876145362475
3.5649991035461426,3.5649991035461426,3.4499990940093994,3.4499990940093994,7385,2024-07-22 00:00:00+10:00,3.5649991035461426,3.691499042510986,4.001999044418335,4.625299043655396,4.737424025535583,5.634711533784866,3.7568121602377422,4.066108422005062,4.352626829176328,6.959666675880421,33.59166363827458,37.38846424801185,16.66667530502474,25.000012957537137,-100.00000000000001,-101.91569296215303,-0.3092962617673196,-0.27556680288893987,-0.03372945887837975,4.724213665766848,4.001999044418335,3.279784423069823,0.3609269334313305,0.1178421662398313,0.2887078775280535,8.368346473753215,0.11500000953674316,-1365642.3658102015,-9348.260996604571,-1653593.0,0,0,0,0,39.24451251114583,100.0,7.142857142857143,-92.85714285714286,3.909998893737793,-3.909998893737793,-0.03225807530283853,-0.032789833969257415,0.7704491216309248,0.4246554993054654,-0.03225807530283853,-0.18918924219298072,-0.21052633014685274,13613.5,0.5424762184596172,-4662.152778140827,0.0,0.0,-0.05724059872161183,-0.03931260531403724,3.4499990940093994,4.829998970031738,0.0,0.40000006910685265
3.5649991035461426,3.6799991130828857,3.5649991035461426,3.6799991130828857,5614,2024-07-23 00:00:00+10:00,3.5649991035461426,3.645499062538147,3.967499053478241,4.599999041557312,4.700624024868011,5.612861533164978,3.7449947683677642,4.037507732455271,4.326249271682468,6.927033167792883,40.66539762619359,41.53586887758213,25.00001295753711,22.222233740033015,-71.42857142857143,-52.23879201484647,-0.29251296408750704,-0.2789560351286533,-0.013556928958853742,4.681981362224284,3.967499053478241,3.2530167447321983,0.3601676013606949,0.2988054169599146,0.28451445906701295,7.731373033638141,0.23000001907348633,-1360028.3658102015,-8980.626242510509,-1647979.0,0,0,0,0,38.67627411364973,92.85714285714286,0.0,-92.85714285714286,3.909998893737793,-3.909998893737793,0.06666668970228429,0.06453854273346246,0.817551682830987,0.6379300267426589,0.0,-0.1111110919147631,-0.15789473397062948,13465.8,0.4169080188328952,-4287.885982152203,0.18181818181818182,0.08695653741554055,-0.056030073201746015,-0.04075390124235121,3.4499990940093994,4.829998970031738,0.0625000202461478,0.31250003644306606
3.6799991130828857,3.79499888420105,3.3924989700317383,3.5649991035461426,18422,2024-07-24 00:00:00+10:00,3.5649991035461426,3.610999083518982,3.932999050617218,4.5746990442276,4.669574024677277,5.588136532306671,3.7173031276259763,4.002507093276817,4.2963963239124165,6.893580092526746,38.45950436432052,40.13995620659691,27.77779665418692,23.14816163891628,-79.99998894290893,-64.01398916997222,-0.2852039656508407,-0.2802056212330908,-0.004998344417749934,4.655213664372945,3.932999050617218,3.2107844368614913,0.36725898199359464,0.24522812190314983,0.29294199157431994,8.217168730363142,0.4024999141693115,-1362660.064507103,-8851.168315530987,-1666401.0,0,0,0,0,38.66074949564268,100.0,21.42857142857143,-78.57142857142857,3.900798897743225,-3.900798897743225,-0.031250010123073935,-0.03174870876420506,0.819259942452688,0.6379300267426589,0.0,-0.0882352654227595,-0.16216220759398348,13480.55,1.3665614533531645,-4386.548185669873,0.09090909090909091,0.04347826870777027,-0.0572405971082531,-0.04262593008318445,3.3924989700317383,4.829998970031738,0.04838714639305704,0.35483876145362475
3.5649991035461426,3.5649991035461426,3.5649991035461426,3.5649991035461426,0,2024-07-25 00:00:00+10:00,3.5649991035461426,3.610999083518982,3.8927490592002867,4.540199046134949,4.6442740273475644,5.561686534881591,3.693871739306002,3.970099094037508,4.267714079976484,6.860459883681168,38.459504364320516,40.13995620659691,38.8889180033491,30.555575871691065,-79.99998894290893,-67.60682273500869,-0.27622735473150595,-0.27940996793277384,0.003182613201267892,4.602681953246891,3.8927490592002867,3.1828161651536826,0.3647462927869542,0.26916835492297336,0.2720175636047257,7.630228106765776,0.0,-1362660.064507103,-7993.556589445565,-1666401.0,100,0,0,0,38.64633377892186,92.85714285714286,14.285714285714286,-78.57142857142857,3.8804669006347656,-3.8804669006347656,0.0,0.0,0.8096950069267946,0.6379300267426589,0.0,0.0,-0.18421053205874116,12112.9,0.0,-5125.817130397096,0.09090909090909091,0.04347826870777027,-0.055597741083991375,-0.043249939635735896,3.3924989700317383,4.829998970031738,0.04838714639305704,0.35483876145362475
3.5649991035461426,3.5649991035461426,3.3349990844726562,3.4499990940093994,14396,2024-07-26 00:00:00+10:00,3.541999101638794,3.5649991035461426,3.829499053955078,4.5079990482330325,4.6178240299224855,5.536386533975601,3.656352870798832,3.9315731681095,4.235646825624833,6.826524950450603,36.18317298045956,38.705821846357495,30.55558035083673,32.40743166945761,-87.5,-128.596198973456,-0.27522029731066766,-0.2785720338083526,0.003351736497684943,4.4555892305901335,3.829499053955078,3.2034088773200224,0.32698280783667216,0.19692867408867928,0.2690163104239229,7.797576262876257,0.23000001907348633,-1362660.064507103,-6916.028466097545,-1680797.0,0,0,-80,0,39.243690503080124,100.0,7.142857142857143,-92.85714285714286,3.8609481834106445,-3.8609481834106445,-0.03225807530283853,-0.032789833969257415,0.7431701481450348,0.6796821050791785,-0.03225807530283853,-0.11764704088922473,-0.2682927507592483,11660.95,1.2345477855577804,-7440.33784560913,0.0,0.0,-0.04893984364387697,-0.04454213654150625,3.3349990844726562,4.369998931884766,0.03333334485114211,0.26666668970228424
3.4499990940093994,3.6799991130828857,3.219999074935913,3.3349990844726562,10840,2024-07-29 00:00:00+10:00,3.5189990997314453,3.541999101638794,3.7777490615844727,4.475799045562744,4.597124032974243,5.496711536645889,3.6069138267486514,3.8873824952475116,4.200327306363964,6.791783399545349,34.015032694568646,37.306285271152326,26.111128432615516,31.851875595600475,-83.33332757442895,-149.2937935793366,-0.2804686684988602,-0.2789513607464541,-0.0015173077524061052,4.387465948994276,3.7777490615844727,3.16803217417467,0.32279374700132885,0.13692167114420473,0.2826580052612836,8.475504733338738,0.46000003814697266,-1368080.064507103,-7571.037100537214,-1691637.0,0,0,0,0,39.798378889798514,100.0,0.0,-100.0,3.8293912374743653,-3.8293912374743653,-0.033333344851142144,-0.03390156359065605,0.7143187640176192,0.6823547363568799,-0.033333344851142144,-0.06451615060567695,-0.23684212823496442,10981.95,0.9870742445558393,-6014.840348917562,0.0,0.0,-0.0474699203233074,-0.04623193195887973,3.219999074935913,4.369998931884766,0.03448277094652559,0.3103448670288819
3.3349990844726562,3.3349990844726562,3.3349990844726562,3.3349990844726562,3444,2024-07-30 00:00:00+10:00,3.4499990940093994,3.507499098777771,3.7317490577697754,4.438999042510987,4.577574033737182,5.4547365391254425,3.5650807894754215,3.8464652055604853,4.1663928662897955,6.7573875357137805,34.01503269456865,37.306285271152326,21.6666765143943,26.111128432615544,-83.33332757442895,-169.61181486312506,-0.2813844160850638,-0.27943797181417607,-0.0019464442708877483,4.3291958406730915,3.7317490577697754,3.1343022748664593,0.32019665505609923,0.16796208076550595,0.26246814774262045,7.870111538100256,0.0,-1368080.064507103,-7150.719078213675,-1691637.0,100,0,0,80,40.313446677465585,92.85714285714286,50.0,-42.85714285714286,3.780639864471289,-3.780639864471289,0.0,0.0,0.713657685425195,0.28091666441780144,-0.09375003036922169,-0.09375003036922169,-0.21621627679197797,10976.5,0.3137612171457204,-5921.34051215522,0.0,0.0,-0.04625939211451029,-0.047203840161858183,3.219999074935913,4.369998931884766,0.03448277094652559,0.3103448670288819
3.3349990844726562,3.3349990844726562,3.219999074935913,3.219999074935913,9515,2024-07-31 00:00:00+10:00,3.3809990882873535,3.472999095916748,3.679999053478241,4.404499039649964,4.555724036693573,5.4156365394592285,3.5119912949308816,3.8000603069957024,4.129279384275918,6.722189640581663,31.804777313653,35.87610163952426,13.333338861881932,20.37038126963061,-100.0,-167.5014078933193,-0.28806901206482083,-0.28116417986430503,-0.006904832200515798,4.266386196544731,3.679999053478241,3.093611910411751,0.3186887466790254,0.10776768046381868,0.2519347092993435,7.824061542761706,0.11500000953674316,-1377595.064507103,-9356.205425607506,-1701152.0,0,0,-80,0,41.093914575768245,100.0,42.85714285714286,-57.142857142857146,3.735788601308459,-3.735788601308459,-0.03448277094652563,-0.03509133257731459,0.7170025802347125,0.29031129336270933,-0.09677422590851548,-0.09677422590851548,-0.24324331139097521,11186.55,0.8505750208956292,-6249.444077711411,0.0,0.0,-0.045308262423465306,-0.048832891276475214,3.219999074935913,4.254999160766602,0.0,0.32142869042634364
3.219999074935913,3.219999074935913,3.162498950958252,3.219999074935913,7447,2024-08-01 00:00:00+10:00,3.3119990825653076,3.438499093055725,3.633999061584473,4.367699041366577,4.536174035072326,5.3776865375041965,3.4670694149316557,3.757092808324607,4.093621332929251,6.6873419732618045,31.804777313653005,35.87610163952426,10.370379960008906,15.123465112095074,-92.30767513321142,-158.86527713356853,-0.29002339339295125,-0.28293602257003425,-0.007087370822916994,4.213124183187114,3.633999061584473,3.0548739399818317,0.31872607107946516,0.1425642998331022,0.23804652463350903,7.392751336062009,0.05750012397766113,-1370148.064507103,-7038.3857108496595,-1701152.0,100,100,0,80,41.96219061048295,100.0,35.714285714285715,-64.28571428571429,3.6945254391986553,-3.6945254391986553,0.0,0.0,0.7163436287256834,0.29031129336270933,-0.09677422590851548,-0.09677422590851548,-0.22222224141857017,11348.75,0.656195616257297,-6135.849215786894,0.0,0.0,-0.04461653501467607,-0.05001464401831285,3.162498950958252,4.254999160766602,0.01785718648965933,0.32142869042634364
3.219999074935913,3.219999074935913,3.219999074935913,3.219999074935913,4347,2024-08-02 00:00:00+10:00,3.2659990787506104,3.403999090194702,3.5879990696907043,4.330899043083191,4.515474035739898,5.3414615368843075,3.429058593393849,3.7173080873328517,4.059361636537355,6.652841048900353,31.80477731365301,35.876101639524265,7.407421058135881,10.370379960008934,-92.30767513321142,-120.10724099110213,-0.28824949393900257,-0.28399871684382794,-0.004250777095174629,4.144770061531216,3.5879990696907043,3.0312280778501925,0.31035180390306344,0.16952301740945802,0.22104320144540127,6.864697669200437,0.0,-1370148.064507103,-5450.3334901896305,-1701152.0,100,0,0,0,42.76844692843232,92.85714285714286,28.571428571428573,-64.28571428571429,3.641322790374615,-3.641322790374615,0.0,0.0,0.7163436287256834,0.2948952361442292,-0.06666668970228418,-0.09677422590851548,-0.22222224141857017,11435.8,0.380122072788961,-6135.849215786894,0.0,0.0,-0.04254134920306694,-0.05101968608411986,3.162498950958252,4.254999160766602,0.01785718648965933,0.32142869042634364
3.219999074935913,3.219999074935913,2.9899990558624268,2.9899990558624268,19322,2024-08-05 00:00:00+10:00,3.1969990730285645,3.357999086380005,3.5247490644454955,4.273399047851562,4.49477403640747,5.301211537122726,3.361510972235169,3.6634333442609686,4.017425849059907,6.616394859914901,27.363329622171438,32.95140005049187,7.407421058135881,8.395074025426917,-100.00000000000001,-151.142637595502,-0.30192237202579975,-0.2875834478802223,-0.01433892414557747,4.050614697197496,3.5247490644454955,2.9988834316934954,0.2983847208054954,-0.008447382066569182,0.22168297413312163,7.414148633206843,0.23000001907348633,-1389470.064507103,-10453.099991720868,-1720474.0,0,0,-80,0,44.05313284932182,100.0,21.42857142857143,-78.57142857142857,3.5934404064329786,-3.5934404064329786,-0.07142859787252076,-0.07410800063182156,0.7305749375303314,0.5049779560149862,-0.10344831283957678,-0.13333337940456846,-0.2972973805889696,12031.0,1.606017787382595,-7722.0486378300775,0.0,0.0,-0.04055262615806188,-0.05041776583832994,2.9899990558624268,4.254999160766602,0.0,0.4230770917549008
3.10499906539917,3.10499906539917,2.8749990463256836,2.8749990463256836,14856,2024-08-06 00:00:00+10:00,3.10499906539917,3.2774990797042847,3.461499071121216,4.208999052047729,4.47522403717041,5.263836535215378,3.2866629836337093,3.6050308036731695,3.9726247979722906,6.5791670408742124,25.449652205221824,31.59898871405371,3.703710529067943,6.1728508817799295,-100.0,-155.5555588940501,-0.3183678200394602,-0.29374032231206987,-0.024627497727390313,3.980402683667983,3.461499071121216,2.942595458574449,0.29981438786212855,-0.065133880950456,0.2222770487717191,7.7313781740482455,0.23000001907348633,-1404326.064507103,-16276.313561281655,-1735330.0,0,0,0,0,45.469075271091775,100.0,14.285714285714286,-85.71428571428572,3.5210274443645124,-3.5210274443645124,-0.038461553795900105,-0.03922072910101753,0.7338841892169606,0.4763469430271507,-0.13793108378610242,-0.21875007086151732,-0.3055556035464254,12035.3,1.2343688981579188,-7894.243352393581,0.0,0.0,-0.04012029798407308,-0.04924705807616015,2.8749990463256836,3.909998893737793,0.0,0.36000006634258314
3.10499906539917,3.219999074935913,3.10499906539917,3.219999074935913,743,2024-08-07 00:00:00+10:00,3.10499906539917,3.2429990768432617,3.4269990801811216,4.151499056816101,4.461424038410187,5.231061537265777,3.276406997680202,3.576509934877817,3.94311006373557,6.545742483999205,39.18956143001996,39.429763821862906,33.333333333333336,14.814821640179082,-66.66665898812836,-63.72548798418159,-0.30010293719761494,-0.29501284528917887,-0.005090091908436067,3.9127294509308954,3.4269990801811216,2.941268709431348,0.2834727173163421,0.2869188157560714,0.23104297590304126,7.175249760208073,0.3450000286102295,-1403583.064507103,-16942.46333416761,-1734587.0,0,0,0,0,45.86014045886942,92.85714285714286,7.142857142857143,-85.71428571428572,3.4305834686390764,-3.4305834686390764,0.12000004975693734,0.1133287297328391,0.864645764750482,1.149146229092774,0.0,-0.09677422590851548,-0.17647059182215508,10626.95,0.06991658001590297,-6198.971649346644,0.33333341011871637,0.11111111964281903,-0.03648872178299996,-0.04695534186346043,2.8749990463256836,3.909998893737793,0.10714289680878121,0.21428571957450415
3.10499906539917,3.219999074935913,2.8749990463256836,3.219999074935913,6102,2024-08-08 00:00:00+10:00,3.10499906539917,3.2084990739822388,3.40974907875061,4.096299057006836,4.447624039649964,5.200586539506912,3.2677288557195423,3.5501017230302687,3.9147527700571523,6.51265050977967,39.18956143001996,39.42976382186291,66.66666666666667,34.567903509689344,-62.49999028184969,-79.99999829890899,-0.2823728673107264,-0.29248484969348837,0.010111982382761953,3.899141295705328,3.40974907875061,2.9203568617958924,0.28705468094680997,0.30613708469309986,0.23918276538212613,7.428038325970218,0.3450000286102295,-1397481.064507103,-13733.209756332915,-1734587.0,0,0,0,0,46.73232722146103,100.0,0.0,-100.0,3.3528016495152015,-3.3528016495152015,0.0,0.0,0.8115151863491362,1.149146229092774,0.0,-0.09677422590851548,-0.09677422590851548,9712.5,0.6282625482625482,-4046.8252904201177,0.33333341011871637,0.15,-0.037266916977731844,-0.04466914732201468,2.8749990463256836,3.909998893737793,0.10714289680878121,0.21428571957450415
3.10499906539917,3.10499906539917,2.9899990558624268,3.10499906539917,3257,2024-08-09 00:00:00+10:00,3.0819990634918213,3.173999071121216,3.369499087333679,4.061799058914184,4.430374040603637,5.171261538267135,3.242693503362562,3.5171311557983356,3.882997722815663,6.478743530233595,36.583035553645736,37.83782724124068,88.8888888888889,62.96296296296299,-74.99999352123312,-82.35294030853913,-0.27443765243577367,-0.2888754102419454,0.014437757806171736,3.8184412143703312,3.369499087333679,2.920556960297027,0.2664741051417852,0.20541857624232793,0.238526854931509,7.682026625693836,0.23000001907348633,-1394224.064507103,-10135.541496642865,-1737844.0,100,0,0,-80,47.542214929581796,92.85714285714286,14.285714285714286,-78.57142857142857,3.285909285068669,-3.285909285068669,-0.035714298936260436,-0.03636765788255243,0.7252896076666255,1.1806446245044249,-0.035714298936260436,-0.10000003455342632,-0.2058823672886202,9397.6,0.34657784966374394,-5087.823851595928,0.2857142857142857,0.1,-0.033721807307766936,-0.04520480177697293,2.8749990463256836,3.909998893737793,0.07407410251310918,0.25925928201048737
3.10499906539917,3.10499906539917,3.10499906539917,3.10499906539917,2608,2024-08-12 00:00:00+10:00,3.10499906539917,3.150999069213867,3.3464990854263306,4.020399055480957,4.413124041557312,5.143661538362503,3.2215097436758864,3.4866028528058046,3.852487971544428,6.445173933568576,36.583035553645736,37.837827241240674,77.77777777777779,77.77777777777781,-74.99999352123312,-61.37303360668018,-0.26509310912991824,-0.28411895001953996,0.019025840889621726,3.8001300302813945,3.3464990854263306,2.8928681405712666,0.2711077656232338,0.23381443355421838,0.2214892224364012,7.133310438144276,0.0,-1394224.064507103,-7742.355254347436,-1737844.0,100,0,0,0,48.29425351569394,85.71428571428572,7.142857142857143,-78.57142857142857,3.228381851644651,-3.228381851644651,0.0,0.0,0.6649574941814813,1.0267887302900216,0.038461553795900105,-0.06896554189305115,-0.1290323012113539,8605.9,0.3030479089926678,-3460.5890866693967,0.2857142857142857,0.1,-0.03441353668843899,-0.04472989136145182,2.8749990463256836,3.909998893737793,0.07407410251310918,0.25925928201048737
3.10499906539917,3.10499906539917,2.9899990558624268,3.10499906539917,4722,2024-08-13 00:00:00+10:00,3.150999069213867,3.1279990673065186,3.3177490830421448,3.9789990520477296,4.398174042701721,5.1131865394115446,3.203585023941007,3.4583359055904985,3.8231746811073593,6.41193836274102,36.583035553645736,37.83782724124067,66.66666666666669,77.77777777777781,-71.42857142857143,-71.13010182483517,-0.25475088164949167,-0.2782453363455303,0.023494454696038614,3.755807049328542,3.3177490830421448,2.8796911167557475,0.2640693767502928,0.2571668203565081,0.21388285008642563,6.88833863010936,0.11500000953674316,-1389502.064507103,-4557.019495740533,-1737844.0,100,100,0,0,49.24168917847693,78.57142857142857,0.0,-78.57142857142857,3.1789082588999955,-3.1789082588999955,0.0,0.0,0.6499832010772827,0.9476531266815803,0.08000003317129156,-0.06896554189305115,-0.15625005061536956,8401.35,0.5620525272724026,-3744.8795043133127,0.2857142857142857,0.1,-0.03259774706417466,-0.04405618140963658,2.8749990463256836,3.909998893737793,0.07407410251310918,0.25925928201048737
3.10499906539917,3.219999074935913,3.10499906539917,3.219999074935913,23151,2024-08-14 00:00:00+10:00,3.150999069213867,3.1279990673065186,3.3004990816116333,3.939899048805237,4.384374043941498,5.084436538219452,3.2061102625556077,3.440681325542011,3.7995207357673024,6.38017777281261,41.44704598658179,40.613432538537005,77.77777777777779,74.07407407407409,-57.14285714285714,-2.5179839465232257,-0.23457106298640307,-0.26951048167370484,0.03493941868730177,3.7252213790233326,3.3004990816116333,2.875776784199934,0.257368529370599,0.4052321868120706,0.2068197900471626,6.422976691422773,0.11500000953674316,-1366351.064507103,4526.574177847477,-1714693.0,0,0,0,0,49.17273168952989,71.42857142857143,14.285714285714286,-57.142857142857146,2.8749990463256836,2.8749990463256836,0.03703705125655454,0.03636765788255235,0.6622341661628747,0.4083564324356635,0.0,0.0,-0.09677422590851548,9282.55,2.4940345056046023,-2714.715924722589,0.42857142857142855,0.15789475407095643,-0.03009022805923809,-0.04291308366379392,2.8749990463256836,3.909998893737793,0.10714289680878121,0.21428571957450415
3.219999074935913,3.219999074935913,2.9899990558624268,3.10499906539917,3006,2024-08-15 00:00:00+10:00,3.1279990673065186,3.1164990663528442,3.2774990797042847,3.900799050331116,4.370574042797089,5.055686540603638,3.1905546937623095,3.4158159729388373,3.7722845918312973,6.347588929952775,38.284769977257824,38.794602464020485,72.22222222222223,72.22222222222224,-71.42857142857143,-39.61352575719781,-0.22526127917652783,-0.26066064117426946,0.03539936199774163,3.69213751076786,3.2774990797042847,2.8628606486407095,0.2530212341667454,0.29198742641553904,0.2084755206919,6.714189482858958,0.23000001907348633,-1366351.064507103,7831.083028147463,-1717699.0,0,0,0,0,49.40919648355289,64.28571428571429,7.142857142857143,-57.142857142857146,2.881899046897888,2.881899046897888,-0.035714298936260436,-0.03636765788255243,0.6712498328347181,0.48190374072568903,-0.035714298936260436,-0.035714298936260436,-0.1290323012113539,8917.3,0.3370975519495812,-2822.073107324988,0.2857142857142857,0.10526316938063762,-0.028706769297893904,-0.042134452318372394,2.8749990463256836,3.909998893737793,0.07407410251310918,0.25925928201048737
3.10499906539917,3.3349990844726562,3.10499906539917,3.3349990844726562,10948,2024-08-16 00:00:00+10:00,3.173999071121216,3.1279990673065186,3.2659990787506104,3.868599047660828,4.359074041843415,5.029811539649963,3.2127769077177475,3.409829536756157,3.755136140562331,6.317612911589789,46.99513925201961,44.05593492356736,83.33333333333333,77.77777777777779,-0.0,86.33880301439854,-0.1970526290384096,-0.2479390387470975,0.05088640970868791,3.6603669600429183,3.2659990787506104,2.8716311974583024,0.24149907687247185,0.5874817765279706,0.21001298486201334,6.297242654122691,0.23000001907348633,-1355403.064507103,11954.465464347508,-1706751.0,0,0,80,0,48.75158636914245,57.142857142857146,0.0,-57.142857142857146,2.8886610474586485,2.8886610474586485,0.07407410251310909,0.07145899045986685,0.7291222771345754,0.6639497417127626,0.07407410251310909,0.035714298936260436,-0.06451615060567695,8506.25,1.2870536370315944,-2011.1098330114696,0.5714285714285714,0.21052633876127524,-0.023345866597684745,-0.04090852145530451,2.8749990463256836,3.79499888420105,0.13793108378610236,0.13793101229625393
3.3349990844726562,3.3349990844726562,3.219999074935913,3.219999074935913,19793,2024-08-19 00:00:00+10:00,3.1969990730285645,3.150999069213867,3.254499077796936,3.8317990493774414,4.342974042892456,5.003361538648606,3.2138880103666962,3.3957680210657686,3.7341503732828634,6.286790883364377,43.67588431471244,42.15354545145999,72.22222222222223,75.92592592592594,-25.0,97.07602934746403,-0.18188001069907234,-0.23472723313749247,0.05284722243842013,3.64004936589745,3.254499077796936,2.868948789696422,0.23693372091013407,0.45525875102960794,0.2032263437673512,6.311378948809045,0.11500000953674316,-1375196.064507103,6256.761418761453,-1726544.0,0,0,0,-80,48.14094840576133,50.0,100.0,50.0,2.9065145689392087,2.9065145689392087,-0.03448277094652563,-0.03509133257731459,0.7303740528853646,0.7525126238825569,0.03703705125655454,0.07692310759180021,-0.06666668970228418,9126.65,2.16870374124131,-2455.401432244589,0.42857142857142855,0.15789475407095643,-0.02109774611050024,-0.03951692489587383,2.8749990463256836,3.79499888420105,0.10714289680878121,0.17857142063824374
3.219999074935913,3.219999074935913,3.10499906539917,3.10499906539917,6713,2024-08-20 00:00:00+10:00,3.1969990730285645,3.173999071121216,3.2257490754127502,3.7926990509033205,4.324574041366577,4.975761538743972,3.197135864987077,3.37422957990528,3.709477772973699,6.255131263285121,40.588601336112575,40.32518958795925,66.66666666666667,74.07407407407409,-50.0,6.5359506881827025,-0.17709371491820303,-0.2232005294936346,0.04610681457543156,3.562799173828022,3.2257490754127502,2.8886989769974787,0.20897477797286163,0.32087231159207813,0.1969244627508792,6.342174622379898,0.11500000953674316,-1381909.064507103,1221.1314529522788,-1733257.0,0,0,0,0,47.938798498037436,42.85714285714286,92.85714285714286,50.0,2.9236539495605465,2.9236539495605465,-0.035714298936260436,-0.03636765788255243,0.6912048198302292,0.8169355544459735,0.0,0.08000003317129156,-0.15625005061536956,9181.6,0.7311361854143068,-3069.4183169923294,0.3333333333333333,0.11764707317096966,-0.016515038963547418,-0.03821920591814608,2.8749990463256836,3.79499888420105,0.07407410251310918,0.22222223075393274
2.9899990558624268,3.10499906539917,2.9899990558624268,3.10499906539917,1746,2024-08-21 00:00:00+10:00,3.173999071121216,3.1624990701675415,3.2027490735054016,3.758199052810669,4.3015740442276,4.9475865399837495,3.1829609727427837,3.354286578830753,3.685772725617835,6.223786664301182,40.588601336112575,40.32518958795925,44.44444444444446,61.11111111111114,-50.0,-58.33333333333376,-0.17132560608796954,-0.21282554481250157,0.04149993872453203,3.5050482054207057,3.2027490735054016,2.9004499415900975,0.1887747837731405,0.3383223804069366,0.1910727160927266,6.1537125154710095,0.11500000953674316,-1380163.064507103,-394.36548332870007,-1733257.0,0,0,0,0,48.08018357630165,35.714285714285715,85.71428571428572,50.0,2.940107754957031,2.940107754957031,0.0,0.0,0.6858957199186865,0.754011307122617,-0.035714298936260436,-0.035714298936260436,-0.1290323012113539,8347.8,0.20915690361532382,-2493.7306305050615,0.3333333333333333,0.11764707317096966,-0.012883459715018742,-0.037296997198537594,2.8749990463256836,3.6799991130828857,0.07407410251310918,0.18518525628277296
3.219999074935913,3.219999074935913,2.9899990558624268,2.9899990558624268,14425,2024-08-22 00:00:00+10:00,3.150999069213867,3.139499068260193,3.173999071121216,3.7213990545272826,4.282024042606354,4.918261542320251,3.1532745239919597,3.3273023178701364,3.658487483666643,6.1916096731724375,37.51328892968026,38.48486193578785,22.222222222222232,44.44444444444448,-75.0,-51.85185185185255,-0.17402779387817668,-0.2050659946256366,0.031038200747459915,3.4402433419645475,3.173999071121216,2.907754800277884,0.16776581522393505,0.15445262976745572,0.19385323773420945,6.483387924625782,0.23000001907348633,-1394588.064507103,-5609.171913323225,-1747682.0,0,0,-80,0,47.3207435311485,28.571428571428573,78.57142857142857,50.0,2.955903408137656,2.955903408137656,-0.03703705125655454,-0.037740342749269164,0.6941315747274303,0.757306001202778,-0.03703705125655454,-0.07142859787252076,-0.16129037651419242,9069.05,1.5905745364729493,-3027.990094880861,0.2,0.05882353658548483,-0.01020300836491412,-0.03647971047931501,2.8749990463256836,3.6799991130828857,0.03846155379590008,0.23076932277540047
2.9899990558624268,3.10499906539917,2.7599990367889404,2.8749990463256836,28192,2024-08-23 00:00:00+10:00,3.0589990615844727,3.1164990663528442,3.14524906873703,3.6822990560531617,4.252124044895172,4.890086541175842,3.110462912043302,3.2937983718298067,3.6277624469081737,6.158608572407793,34.683266783043095,36.725033876373296,17.77777777777779,28.14814814814818,-80.0,-179.48717948717984,-0.1833354597865049,-0.20071988765781026,0.01738442787130537,3.4102486190144314,3.14524906873703,2.8802495184596286,0.16850783164451366,-0.009906568008226497,0.20464943708249658,7.118243651038542,0.3450000286102295,-1403985.3978404363,-10222.637703170301,-1775874.0,0,0,0,0,47.294399727233426,100.0,71.42857142857143,-28.571428571428573,3.3349990844726562,-3.3349990844726562,-0.038461553795900105,-0.03922072910101753,0.6973634401205004,0.25965388931354844,-0.13793108378610242,-0.0740741025131092,-0.1666667242557106,9758.85,2.8888649789678085,-3647.910967435213,0.0,0.0,-0.010116542192330075,-0.03575630134179526,2.7599990367889404,3.6799991130828857,0.04000001658564579,0.2800001160995205
2.8749990463256836,2.9899990558624268,2.6449990272521973,2.7599990367889404,5163,2024-08-26 00:00:00+10:00,2.966999053955078,3.0819990634918213,3.1164990663528442,3.6408990573883058,4.2256740474700925,4.86133653998375,3.0565453927734,3.2542576803452983,3.593732509256439,6.124791562103128,32.07719840885612,35.04249678731689,13.333333333333343,17.77777777777781,-83.33333333333333,-235.51401869158943,-0.1977122875718984,-0.2001183676406279,0.002406080068729499,3.4154990911483765,3.1164990663528442,2.817499041557312,0.19188199221599253,-0.09615384615384616,0.2146744793344775,7.778063559914708,0.3450000286102295,-1405706.3978404363,-11728.224826001097,-1781037.0,0,0,0,0,47.556491101533545,100.0,64.28571428571429,-35.714285714285715,3.323499083518982,-3.323499083518982,-0.04000001658564578,-0.040822011796969634,0.7009442824636558,0.26957201149980786,-0.14285719574504163,-0.11111115376966374,-0.17241385473262794,9475.0,0.5449076517150396,-3493.0975948805212,0.0,0.0,-0.012624061197266652,-0.03511572536729535,2.6449990272521973,3.3349990844726562,0.041666684663244434,0.20833342331622218
2.1849989891052246,2.230998992919922,2.046998977661133,2.230998992919922,70749,2024-08-27 00:00:00+10:00,2.7921990394592284,2.9945990562438967,3.0612990617752076,3.5958190536499024,4.1985340452194215,4.831666539907456,2.9295382543344033,3.178460740536011,3.5402919792040266,6.086047357434638,23.37600801149689,28.69316492955688,18.562091503267983,16.55773420479306,-85.71428571428571,-335.8618563058895,-0.24892248620160773,-0.20987919135282387,-0.039043294848783855,3.535099101066584,3.0612990617752076,2.587499022483831,0.30954181850931356,-0.3762135922330195,0.25026916360542967,11.21780710792157,0.7130000591278076,-1334957.3978404363,11233.100880659185,-1851786.0,0,100,0,0,48.841902901813384,100.0,57.142857142857146,-42.85714285714286,3.2963590812683106,-3.2963590812683106,-0.19166674945092443,-0.21278086669218318,0.9544026149196645,1.1857382178997717,-0.28148158954981495,-0.28148158954981495,-0.33103460108664573,12840.25,5.509939448219466,-17053.328451783975,0.0,0.0,-0.021824061960206035,-0.03636595331034021,2.046998977661133,3.3349990844726562,0.08247427087269575,0.4948456252361745
2.2999989986419678,2.7599990367889404,2.2539989948272705,2.414999008178711,25234,2024-08-28 00:00:00+10:00,2.6541990280151366,2.9140990495681764,3.0210490584373475,3.5567190551757815,4.176684045791626,4.804641538858414,2.850378370310451,3.1219080196206557,3.496162843085387,6.0495195131634345,30.44352174016072,33.118923216424854,22.352941176470598,18.082788671023994,-71.42857142857143,-150.71849234393395,-0.27152964931020485,-0.22220928294430006,-0.04932036636590478,3.565576228721846,3.0210490584373475,2.476521888152849,0.3604887969387414,-0.05649202035409389,0.270178512195686,11.187520627573386,0.5290000438690186,-1344133.3978404363,16685.543135141954,-1826552.0,0,0,0,0,47.42410995330175,92.85714285714286,50.0,-42.85714285714286,3.22139747505188,-3.22139747505188,0.08247427087269577,0.07924941236510628,1.016081072629067,1.5450546397396274,-0.2222223075393276,-0.25000009255382283,-0.25000009255382283,13626.2,1.8518735964538902,-14644.069135026179,0.16666666666666666,0.07407407407407407,-0.028551130187242618,-0.03724840269512342,2.046998977661133,3.3349990844726562,0.15238102759930655,0.3809525689982664
2.414999008178711,2.414999008178711,2.09299898147583,2.1849989891052246,9718,2024-08-29 00:00:00+10:00,2.493199014663696,2.822099041938782,2.969299054145813,3.5130190563201906,4.151384043693542,4.782791539430618,2.748012311663493,3.052507350693587,3.4447446527332235,6.011066572625542,27.08102631550291,30.624209422162146,20.034100596760453,20.31637775883303,-89.28571428571429,-160.33269353806784,-0.304495039030094,-0.23866643416145886,-0.06582860486863515,3.6155786447832132,2.969299054145813,2.323019463508413,0.4353078479818647,-0.10678077754789081,0.27388004894619994,12.534561814985375,0.32200002670288086,-1348298.2549832934,16074.038317871979,-1836270.0,0,0,-80,0,46.44991801400993,85.71428571428572,42.85714285714286,-42.85714285714286,3.1509335652084354,-3.1509335652084354,-0.09523814224956662,-0.1000835105170312,1.0562893065389791,1.5811309873426305,-0.2692308765713005,-0.2962964100524368,-0.3214286904263436,13739.75,0.7072908895722265,-15569.593401407465,0.0,0.0,-0.037353386556295574,-0.038484273500660034,2.046998977661133,3.3349990844726562,0.06315792919455947,0.526316076621329
2.1849989891052246,2.1849989891052246,2.046998977661133,2.161998987197876,28790,2024-08-30 00:00:00+10:00,2.350599002838135,2.704799032211304,2.916399049758911,3.466559052467346,4.125854041576385,4.758526539802551,2.6578564155918594,2.986543768212423,3.394440901143602,5.972767392671038,26.762693569014406,30.383896410613254,18.870383077232315,20.419141616821147,-91.07142857142857,-137.47747747747758,-0.3286873526205638,-0.2566706178532798,-0.07201673476728399,3.6404572290179478,2.916399049758911,2.192340870499874,0.49654259715856947,-0.020952655581522782,0.26417433198176365,12.21898500166065,0.1380000114440918,-1329104.92164996,20469.570742515614,-1865060.0,100,0,0,0,45.641535796857795,100.0,35.714285714285715,-64.28571428571429,3.0846974899555972,-3.0846974899555972,-0.010526321532426608,-0.010582115134585122,1.0546998361852706,1.6134047016580821,-0.24800010283100393,-0.351724263654561,-0.32857155021359574,14961.9,1.9242208543032637,-15872.646198326027,0.0,0.0,-0.044927823274655526,-0.03928278476536486,2.046998977661133,3.3349990844726562,0.05319151869066895,0.5425534906448233
2.2539989948272705,2.2539989948272705,2.046998977661133,2.1159989833831787,19079,2024-09-02 00:00:00+10:00,2.2217989921569825,2.59439902305603,2.8726990461349486,3.4214790534973143,4.0987140417099,4.732881540060044,2.574493733713601,2.9220589693361827,3.3443059239765263,5.934391587603497,26.101844809237395,29.89131645298545,11.638673188975938,16.847718954322925,-94.64285714285714,-108.63266521135144,-0.3475652356225818,-0.27484954140714024,-0.07271569421544155,3.6749871158182383,2.8726990461349486,2.070410976451659,0.5585604734771797,0.02841124569477646,0.26009045235207606,12.29161518481586,0.2070000171661377,-1335464.5883166268,18383.342727519805,-1884139.0,0,0,0,0,44.58376339132717,100.0,28.571428571428573,-71.42857142857143,3.0224355792179294,-3.0224355792179294,-0.021276607476267584,-0.021506217207584884,1.0355660206387585,1.626860030250493,-0.23333343411416885,-0.3428572697880998,-0.29230780884884056,14949.75,1.2762086322513755,-14898.43922427289,0.0,0.0,-0.055200004577636755,-0.04024806733606531,2.046998977661133,3.3349990844726562,0.03260871402297405,0.5760872810725416
2.09299898147583,2.2539989948272705,2.09299898147583,2.2539989948272705,9960,2024-09-03 00:00:00+10:00,2.226398992538452,2.5092990159988404,2.841649043560028,3.3791590547561645,4.072954041957855,4.707351539134979,2.5251868508080118,2.8725730452984855,3.301548789500085,5.897770765784828,31.56165674451163,33.2976334882317,16.968266456858128,15.82577424102215,-83.92857142857143,-81.65791447861957,-0.3473861944904737,-0.28935687202380694,-0.058029322466666755,3.6880334886049373,2.841649043560028,1.9952645985151185,0.5956994914365329,0.15284685217627286,0.2530125638520307,11.22505220422335,0.16100001335144043,-1325504.5883166268,19027.763746156124,-1874179.0,0,0,80,0,43.60154615762015,92.85714285714286,21.42857142857143,-71.42857142857143,2.9639093831245216,-2.9639093831245216,0.0652174280459481,0.06317893611364556,1.0693042006085676,1.1393161446846936,0.010309283859087026,-0.274074179298504,-0.21600008956248729,14704.95,0.6773229422745402,-13677.488797743355,0.11320754716981132,0.05309734513274336,-0.06400226094668969,-0.04067217341419601,2.046998977661133,3.3349990844726562,0.09183678326440452,0.47959209038077916
2.09299898147583,2.1849989891052246,2.09299898147583,2.161998987197876,4489,2024-09-04 00:00:00+10:00,2.1757989883422852,2.414999008178711,2.788749039173126,3.33729905128479,4.050874042510986,4.681361538171768,2.469311794867991,2.8199379298836256,3.256860561958822,5.8605989072914255,29.971826616640612,32.202417511312994,23.31989247311829,17.308944039650807,-91.07142857142857,-77.04081632653059,-0.3506261350156348,-0.30161072462217253,-0.049015410393462244,3.665634480682808,2.788749039173126,1.9118635976634444,0.6288736843596952,0.142627176649089,0.24644023881627425,11.398721288749563,0.16100001335144043,-1323260.0883166268,18275.752913220553,-1878668.0,0,0,0,-80,42.689487297749345,85.71428571428572,14.285714285714286,-71.42857142857143,2.9088947587967184,-2.9088947587967184,-0.04081634811751311,-0.04167271890606067,0.956735268257465,0.9203825155579335,-0.10476195647452324,-0.30370382030374765,-0.32857155021359574,14892.25,0.30143195286138763,-13949.873421412276,0.03773584905660377,0.017699115044247787,-0.06773759960231938,-0.041391164910177934,2.046998977661133,3.3349990844726562,0.05319151869066895,0.5425534906448233
2.1389989852905273,2.1389989852905273,2.023998975753784,2.1159989833831787,12565,2024-09-05 00:00:00+10:00,2.161998987197876,2.3275990009307863,2.7335490345954896,3.292219052314758,4.027184040546417,4.6568665385246275,2.414955977716481,2.7677943042169257,3.2121208922107574,5.82333920655602,29.180353501982232,31.655780873663147,33.42741935483872,24.571859428271736,-92.98245614035088,-75.36012130401816,-0.35283832650044467,-0.31185624499782694,-0.04098208150261773,3.633584102997903,2.7335490345954896,1.8335139661930762,0.6585102787706901,0.15693000590050402,0.2386945082896898,11.280464223477628,0.1380000114440918,-1315721.0883166268,18705.452762181405,-1891233.0,100,100,0,0,42.031415494779345,100.0,7.142857142857143,-92.85714285714286,2.857181011928583,-2.857181011928583,-0.021276607476267584,-0.021506217207584884,0.9544360083462622,0.6531249794365003,-0.03157896459727971,-0.29230780884884056,-0.3428572697880998,15215.4,0.8258080628836574,-14217.213994351578,0.0,0.0,-0.0705391035940415,-0.041735751196688424,2.023998975753784,3.3349990844726562,0.043478285363965405,0.5760872810725416
2.1159989833831787,2.1389989852905273,2.09299898147583,2.09299898147583,4879,2024-09-06 00:00:00+10:00,2.1481989860534667,2.2493989944458006,2.6829490303993224,3.2397790479660036,4.007864038944245,4.632831537723542,2.3654241321409963,2.717809465495363,3.1682337584564464,5.786221393371142,28.771247049489844,31.376160149312632,33.75000000000001,30.165770609319026,-94.23076923076924,-66.21754385964917,-0.3523853333543667,-0.3199620626691349,-0.03242327068523182,3.60722579181283,2.6829490303993224,1.7586722689858147,0.6890006115963678,0.18085855148988353,0.22493061511290463,10.746809582979347,0.046000003814697266,-1320600.0883166268,15628.334267467028,-1896112.0,100,0,0,0,41.42034882059291,92.85714285714286,0.0,-92.85714285714286,2.790526449034599,-2.790526449034599,-0.010869571340991313,-0.010929076723082604,0.952723084131325,0.6532881210919494,-0.031914911214401376,-0.27200011278239133,-0.32592605105768047,15296.5,0.3189618540188932,-14153.925161288875,0.0,0.0,-0.07382481815223411,-0.04107308593832428,2.023998975753784,3.3349990844726562,0.0329670517438055,0.593406931388499
2.1389989852905273,2.1389989852905273,1.9549989700317383,2.1389989852905273,20551,2024-09-09 00:00:00+10:00,2.1527989864349366,2.1872989892959596,2.63464902639389,3.195159049034119,3.983254039287567,4.606726536750793,2.330589494164001,2.67493461510982,3.1278716104891555,5.749930623141484,30.85907937552293,32.62592536647729,43.84615384615386,37.00785773366422,-85.45454545454545,-65.24722025076882,-0.3443451209458188,-0.32483867432447167,-0.01950644662134715,3.566586285037111,2.63464902639389,1.7027117677506696,0.707446987668628,0.23407542379786123,0.22200700083761066,10.379013845462708,0.18400001525878906,-1300049.0883166268,19487.70994985965,-1875561.0,100,0,0,0,41.23989876490833,100.0,14.285714285714286,-85.71428571428572,2.729204251172134,-2.729204251172134,0.021978034495870435,0.021739998885053236,0.9612984064826761,0.6608757774064525,0.010869571340991424,-0.22500009718151992,-0.3111112305550586,16193.65,1.26907769403439,-13702.254574364242,0.037037037037037035,0.02127659574468085,-0.0749315851613096,-0.04089527124402616,1.9549989700317383,3.3349990844726562,0.08602155331728568,0.5591400965623569
2.046998977661133,2.046998977661133,1.977998971939087,1.977998971939087,1392,2024-09-10 00:00:00+10:00,2.0975989818573,2.161998987197876,2.5782990217208863,3.1496190452575683,3.9627840375900267,4.576941536664963,2.276344798437091,2.6233097526527285,3.082778565840133,5.712398964920565,27.788896114635904,30.57930022743059,33.84615384615386,37.14743589743593,-98.18181818181819,-77.42899850523172,-0.34696495421563744,-0.32926393030270484,-0.0177010239129326,3.525820941734082,2.5782990217208863,1.6307771017076909,0.7349976957915236,0.18322629951746158,0.21764935887431278,11.00351223443484,0.16100001335144043,-1301441.0883166268,18852.026369941887,-1876953.0,0,0,0,0,41.0723379989155,92.85714285714286,7.142857142857143,-85.71428571428572,2.6517837230580943,-2.6517837230580943,-0.07526885915262493,-0.07825224226247154,0.9809715260305697,0.5722132161374079,-0.12244904435253934,-0.11340212244995662,-0.362963102314235,16027.15,0.08685262195711652,-13807.028826304695,0.0,0.0,-0.07688572066170833,-0.041163650503536396,1.9549989700317383,3.3349990844726562,0.011627913984606927,0.6860469250918086
1.9549989700317383,1.9549989700317383,1.8399989604949951,1.8859989643096924,24836,2024-09-11 00:00:00+10:00,2.042398977279663,2.1090989828109743,2.5115990161895754,3.10223904132843,3.9413940358161925,4.546696536540985,2.216291593186722,2.5686941387013924,3.0358460324467824,5.674325333073691,26.185680850545047,29.470103997486145,28.97435897435899,35.55555555555559,-96.36363636363637,-110.86170345429609,-0.35240254551467043,-0.33389165334509796,-0.018510892169572468,3.456851526470853,2.5115990161895754,1.5663465059082977,0.7527097312813488,0.1690831047390057,0.21196011977215412,11.238612734325395,0.1380000114440918,-1306408.2883166268,15297.680689980974,-1901789.0,0,0,0,0,41.29341343028473,100.0,0.0,-100.0,2.5821052477554587,-2.5821052477554587,-0.046511655938427654,-0.04762807838809381,0.9607349194114696,0.5832948079946366,-0.1276596448576055,-0.21904772717400323,-0.4142858676606207,16111.4,1.5415171865883786,-15819.63708683198,0.0,0.0,-0.07664361537847313,-0.04142982087930999,1.8399989604949951,3.3349990844726562,0.024390259318903734,0.7682931685454676
1.8399989604949951,1.8399989604949951,1.724998950958252,1.8399989604949951,14704,2024-09-12 00:00:00+10:00,1.9871989727020263,2.0745989799499513,2.4483490109443666,3.0562390422821046,3.916094036102295,4.515646535158157,2.1584004189264565,2.5147167180935113,2.98895006884083,5.636172831854003,25.396724564974143,28.919386069827436,17.720797720797734,26.847103513770218,-90.90909090909092,-157.79376498800957,-0.35631629916705476,-0.3383765825094893,-0.01793971665756544,3.395600117473351,2.4483490109443666,1.501097904415382,0.7737876440774388,0.1788865981489583,0.2083201121706746,11.321751622872247,0.16100001335144043,-1291704.2883166268,17131.477394544054,-1916493.0,100,100,0,0,41.78535969103037,100.0,0.0,-100.0,2.493052493284203,-2.493052493284203,-0.024390259318903706,-0.024692628392247926,0.9598309753217857,0.5819926723865304,-0.1304348560918962,-0.15789482298639868,-0.4074075638221005,16696.3,0.8806741613411355,-16070.914277254738,0.0,0.0,-0.07686842742719152,-0.04185834479360587,1.724998950958252,3.3349990844726562,0.06250004049230873,0.8125005264000135
1.8399989604949951,1.908998966217041,1.7939989566802979,1.8399989604949951,10710,2024-09-13 00:00:00+10:00,1.9365989685058593,2.042398977279663,2.3735990047454836,3.010239043235779,3.8907940363883973,4.488621535301209,2.10941557916777,2.4647376249380657,2.9438931626311895,5.598399957512122,25.396724564974143,28.919386069827436,23.64672364672366,23.447293447293486,-88.88888888888889,-135.3092783505151,-0.3553220457702957,-0.3417656751616506,-0.013556370608645119,3.2633870083240097,2.3735990047454836,1.4838110011669574,0.7497374255715417,0.2001532712823337,0.2016543905539652,10.959483939040721,0.11500000953674316,-1293846.2883166268,15642.714465088677,-1916493.0,100,0,0,0,41.77238873011589,92.85714285714286,0.0,-92.85714285714286,2.3855249973585697,-2.3855249973585697,0.0,0.0,0.8931543054569389,0.6056227069346516,-0.12087918972728684,-0.1489362523338731,-0.44827602230483277,16684.4,0.6419170003116683,-16881.877551568257,0.0,0.0,-0.07155940443053285,-0.04206598035713921,1.724998950958252,3.3349990844726562,0.06250004049230873,0.8125005264000135
1.8399989604949951,1.9549989700317383,1.8399989604949951,1.9319989681243896,8851,2024-09-16 00:00:00+10:00,1.8951989650726317,2.023998975753784,2.309198999404907,2.9637790393829344,3.8687140369415283,4.464931534528732,2.0821207159303268,2.4252755022111265,2.904211037356413,5.561918355627666,30.26986511941501,31.732393108022265,39.947089947089964,27.104870438203807,-80.0,-84.0442338072667,-0.34315478628079976,-0.3420434973854804,-0.0011112888953193623,3.1282574535251713,2.309198999404907,1.490140545284643,0.7093875013208821,0.2697355851813646,0.19546479190987792,10.117230657718093,0.11500000953674316,-1288535.6883166267,15301.3464971215,-1907642.0,0,0,0,0,41.44799074435145,85.71428571428572,7.142857142857143,-78.57142857142857,2.2930513508625254,-2.2930513508625254,0.05000003239384698,0.04879019502071437,0.9340449380004883,0.7560775360787277,-0.09677424748194641,-0.08695657072793084,-0.4000001480861165,16137.3,0.5484808487169477,-15756.809779505737,0.07272727272727272,0.04000000414641016,-0.06450376474767706,-0.04155462370342422,1.724998950958252,3.219999074935913,0.10714292325274691,0.6666670780170919
1.8399989604949951,1.9319989681243896,1.8399989604949951,1.8859989643096924,11454,2024-09-17 00:00:00+10:00,1.876798963546753,1.9871989727020263,2.2482489943504333,2.918699040412903,3.847324035167694,4.439861533641815,2.0519481387579215,2.3853290919962054,2.864281152138895,5.525342043276244,29.241367229659488,31.08651438064393,54.02116402116403,39.20499253832591,-76.66666666666667,-79.85581000848141,-0.3333809532382839,-0.3403109885560411,0.0069300353177572105,3.0000184029691517,2.2482489943504333,1.496479585731715,0.6687599198379007,0.2590683885991518,0.18807445017555766,9.972139631815551,0.09200000762939453,-1288535.6883166267,13770.664465033216,-1919096.0,0,0,0,-80,41.14676404328447,78.57142857142857,0.0,-78.57142857142857,2.213524014875927,-2.213524014875927,-0.023809538500610405,-0.024097566628466398,0.9329302179418658,0.5846310996464867,-0.046511655938427654,-0.16326539247005245,-0.3925927433194787,16374.35,0.6995086827874083,-15789.774144732612,0.03636363636363636,0.022222224781734693,-0.057984215334842173,-0.04121003835570486,1.724998950958252,3.219999074935913,0.08536590761616307,0.7073175202482083
1.7939989566802979,1.7939989566802979,1.724998950958252,1.724998950958252,6998,2024-09-18 00:00:00+10:00,1.8445989608764648,1.943498969078064,2.1792489886283875,2.874999041557312,3.818574035167694,4.41341153383255,2.0016482637118185,2.3364157482156163,2.819603418759262,5.487527684148702,25.921601233260716,28.923050753067404,44.76190476190478,46.24338624338628,-100.0,-129.0660225442832,-0.3347674845037978,-0.3392022877455924,0.004434803241794627,2.853094093463281,2.1792489886283875,1.5054038837934938,0.6184195641260889,0.16294179893060412,0.18614056183097785,10.79076376988955,0.16100001335144043,-1295533.6883166267,9665.961409630254,-1926094.0,0,0,0,0,41.23550894669108,100.0,0.0,-100.0,2.145130505927453,-2.145130505927453,-0.08536590761616303,-0.08923119272161599,0.9541396321831318,0.7757615516870424,-0.08536590761616303,-0.20212777102454205,-0.44444461507865507,16636.95,0.42062998326015283,-16387.164766230522,0.0,0.0,-0.051931583253960946,-0.04159107133835587,1.724998950958252,3.219999074935913,0.0,0.8666672655929301
1.7019989490509033,1.7134989500045776,1.655998945236206,1.655998945236206,4329,2024-09-19 00:00:00+10:00,1.8077989578247071,1.8974989652633667,2.1125489830970765,2.836819038391113,3.794884033203125,4.38431653380394,1.9484714454848011,2.286014503550475,2.7739718707779657,5.449403020079921,24.630978358977202,28.044753135816176,23.333333333333346,40.70546737213407,-100.0,-135.50031867431468,-0.33754305806567375,-0.3388704418096087,0.001327383743934929,2.7121877490523976,2.1125489830970765,1.5129102171417554,0.5676921773205259,0.11931243960393992,0.17777337925176842,10.735114280305984,0.0690000057220459,-1299862.6883166267,5730.631849726429,-1930423.0,0,0,0,0,41.52541026773621,100.0,14.285714285714286,-85.71428571428572,2.0863120882317645,-2.0863120882317645,-0.04000002764275057,-0.04082202331478739,0.9546050253931851,0.793212644744565,-0.10000006478769397,-0.21739142681982704,-0.44615402403244087,16132.15,0.2683461286933236,-16026.06542152019,0.0,0.0,-0.046605267022785446,-0.0427695107889347,1.655998945236206,3.10499906539917,0.0,0.8750006298804034
1.6099989414215088,1.724998950958252,1.6099989414215088,1.724998950958252,15469,2024-09-20 00:00:00+10:00,1.7847989559173585,1.8606989622116088,2.055048978328705,2.7931190395355223,3.7730340337753296,4.357291532754898,1.914091061711486,2.244457795951051,2.7328356778438594,5.4123442731234865,28.466560799358636,30.268155469531123,11.111111111111127,26.402116402116437,-82.14285714285714,-112.73408239700359,-0.3303667342395651,-0.33716970029559995,0.006802966056034865,2.5650633243442544,2.055048978328705,1.5450346323131554,0.49635249708775825,0.17643064361919902,0.17328956712926663,10.045778116734667,0.11500000953674316,-1284393.6883166267,8521.712316153804,-1914954.0,0,0,100,0,41.93112161290666,100.0,7.142857142857143,-92.85714285714286,2.017461985352475,-2.017461985352475,0.04166669666097156,0.04082202331478741,0.9840859660410014,0.9059915640640119,-0.06250004049230873,-0.1758242759669627,-0.4000001658564579,15496.0,0.9982576148683531,-14297.215166257603,0.0625,0.03409090909090909,-0.04010301084446734,-0.04275736248936833,1.6099989414215088,2.9899990558624268,0.0666667127379177,0.7333338401170947
1.6099989414215088,1.6099989414215088,1.4949990510940552,1.4949990510940552,15002,2024-09-23 00:00:00+10:00,1.6973989725112915,1.7962989687919617,1.9917989790439605,2.7517190384864807,3.746584035158157,4.329116532206536,1.8496153677703426,2.1889423333690514,2.6842930650301415,5.373365713700308,24.069446534323326,27.314151203696902,11.111111111111127,15.18518518518522,-100.0,-160.62302559925638,-0.3393269655987088,-0.3376011533562217,-0.0017258122424870792,2.44726868244703,1.9917989790439605,1.5363292756408908,0.45734505157914046,-0.04537099200894633,0.17734030518176164,11.86223530054967,0.22999989986419678,-1299395.6883166267,4115.453205496771,-1929956.0,0,0,0,0,42.63206357055427,100.0,0.0,-100.0,1.944118637444901,-1.944118637444901,-0.13333335636895882,-0.14310087022024157,1.0580975975467308,1.0460067686793104,-0.2261905540532353,-0.3010753808791553,-0.4583334881039022,15987.95,0.9383316810472887,-16090.962092873036,0.0,0.0,-0.036972933693936005,-0.043921443938064145,1.4949990510940552,2.7599990367889404,0.0,0.846154373656054
1.4719990491867065,1.6099989414215088,1.448999047279358,1.6099989414215088,5489,2024-09-24 00:00:00+10:00,1.6421989679336548,1.7594989657402038,1.96074897646904,2.7103190350532533,3.714384034872055,4.3049665313959125,1.8127513021782145,2.1460576376692333,2.642163883712156,5.335919278155246,29.899943594448793,30.856843573081242,26.666660523835333,16.296294248685882,-76.66667991214447,-126.27874481735662,-0.33330633549101885,-0.33674218978318116,0.0034358542921623103,2.431181930774453,1.96074897646904,1.490316022163627,0.47985026125330854,0.12720507583763116,0.17617313296464657,10.942437813598737,0.16099989414215088,-1293906.6883166267,3685.260550637264,-1924467.0,0,0,80,0,43.40603227287146,100.0,0.0,-100.0,1.854294720174732,-1.854294720174732,0.07692305238809061,0.07410794937123433,0.9285004141170795,1.3837312597469658,-0.14634155591342235,-0.18604662375371084,-0.27835066419534815,12724.95,0.431357294134751,-2108.500601411354,0.12499988662159432,0.052631527260817754,-0.03865037762132807,-0.044334505208257,1.448999047279358,2.7599990367889404,0.1,0.7142862431648976
1.6099989414215088,1.6099989414215088,1.5409990549087524,1.5409990549087524,1636,2024-09-25 00:00:00+10:00,1.605398988723755,1.7249989748001098,1.917048978805542,2.669839034080505,3.68379403591156,4.28277153134346,1.7709432641367588,2.101238483390679,2.5989809492492775,5.298158877923938,28.48654570503823,29.93757904470521,26.66666532292274,21.481478985956418,-86.66666436310531,-104.79571853819577,-0.33029521925392014,-0.33545279567732894,0.005157576423408805,2.3727218728662764,1.917048978805542,1.4613760847448076,0.4753899343194153,0.08736856109037315,0.16851790107522582,10.935626504015234,0.06899988651275635,-1295542.6883166267,2653.7035054096486,-1926103.0,0,0,0,-80,44.124717496451694,92.85714285714286,14.285714285714286,-78.57142857142857,1.7732355855956572,-1.7732355855956572,-0.042857100546808136,-0.04380257845356659,0.8588155313182377,1.3033204453655751,-0.10666667127379181,-0.18292688168427274,-0.3619048911863082,11545.05,0.14170575268188532,-4259.770569107538,0.06060607012490904,0.021052632727537383,-0.03747443615045769,-0.04499275229272002,1.448999047279358,2.414999008178711,0.0597015341030447,0.5671644966204803
1.6099989414215088,1.7019989490509033,1.6099989414215088,1.7019989490509033,4481,2024-09-26 00:00:00+10:00,1.6145989894866943,1.7111989736557007,1.892898976802826,2.6325790309906005,3.654239037036896,4.263681530952454,1.7603364464312425,2.0716651845506955,2.5638051845356156,5.2623761920645045,36.079270981561294,34.70348552251091,57.22221967870644,36.85184850848819,-63.333344275249786,-48.87170726312298,-0.31132873811945294,-0.33062798416575373,0.01929924604630079,2.3403302647681814,1.892898976802826,1.4454676888374705,0.472747139122113,0.2866711237159794,0.16798090058000617,9.869624224719907,0.16099989414215088,-1291061.6883166267,3416.2298500519246,-1921622.0,0,0,0,0,43.95349261293523,85.71428571428572,7.142857142857143,-78.57142857142857,1.7083882779323973,-1.7083882779323973,0.10447760732188383,0.09937246963166607,0.9196276257195534,1.5420322874508867,0.02777779777398104,-0.07500004859077047,-0.2210527521809581,11283.2,0.39713910947249004,-2866.0821443168875,0.27272715850109147,0.09473679271589251,-0.036315789796355996,-0.04507779433947649,1.448999047279358,2.2539989948272705,0.14864868272252893,0.3243245514835262
1.7019989490509033,1.7019989490509033,1.563999056816101,1.655998945236206,2475,2024-09-27 00:00:00+10:00,1.600798988342285,1.6927989721298218,1.8675989747047423,2.594399027824402,3.624799036979675,4.243211530447006,1.7442845231704678,2.040875092749622,2.5282049398572073,5.226491841349795,34.93790798751747,34.009450216997024,68.93939468305408,50.94275989489444,-65.38462841882016,-54.75671287678321,-0.2965905695791542,-0.3238205012484338,0.027229931669279617,2.3084796375807812,1.8675989747047423,1.4267183118287035,0.47213632995888727,0.2600257311262127,0.1658393999839202,10.014462899326631,0.13799989223480225,-1290236.6897419563,3680.1056420686655,-1924097.0,0,0,0,-80,43.95916693811341,78.57142857142857,0.0,-78.57142857142857,1.448999047279358,1.448999047279358,-0.027027045956960483,-0.02739899364387957,0.9214255102317297,1.5284626212692918,-0.04000002764275057,-0.10000006478769397,-0.23404268223894342,9967.45,0.2483082433320458,-2629.9212861418023,0.21212108837618246,0.07368415998835513,-0.035451128429040024,-0.04509215210666178,1.448999047279358,2.2539989948272705,0.12500001799658295,0.3611113710617538
1.655998945236206,1.7019989490509033,1.655998945236206,1.7019989490509033,6126,2024-09-30 00:00:00+10:00,1.6421989679336548,1.6697989702224731,1.8468989729881287,2.559439024925232,3.592369034290314,4.223546531200409,1.7377790502289963,2.0157731561793466,2.4958047049236267,5.191422260331896,37.08143769890589,35.366682601220994,91.1616121061889,72.44107548931649,-50.000011779575864,-21.426863227601,-0.27799410595035035,-0.31465522218881714,0.036661116238466795,2.27795112696809,1.8468989729881287,1.4158468190081672,0.4667847676395152,0.3319228629304548,0.15727944311469,9.240866053553955,0.046000003814697266,-1284110.6897419563,5402.681589523563,-1917971.0,0,0,0,0,43.96443595435029,71.42857142857143,0.0,-71.42857142857143,1.4540590453147888,1.4540590453147888,0.02777779777398104,0.02739899364387959,0.9310147183425899,1.0130791950044695,0.13846155808952765,-0.11904769250305214,-0.1956522841378443,9319.8,0.657310242709071,-2053.818102938685,0.27272715850109147,0.09473679271589251,-0.033894737681051945,-0.045096569897032285,1.448999047279358,2.2539989948272705,0.14864868272252893,0.3243245514835262
2.023998975753784,2.09299898147583,1.9549989700317383,1.9549989700317383,101147,2024-10-01 00:00:00+10:00,1.7111989736557007,1.6766989707946778,1.8319489717483521,2.524939022064209,3.5624690318107604,4.2045715308189395,1.7711974994294182,2.011271364612857,2.4745966368886507,5.159219043512989,47.354701682453914,42.2284850674468,85.6060559507478,81.9023542466636,-21.4285753951631,154.9832872278634,-0.24007386518343887,-0.2997389507877415,0.059665085604302615,2.2245085030533067,1.8319489717483521,1.4393894404433976,0.4285703776239014,0.6567278189302153,0.17397377092256402,8.898918801974594,0.39100003242492676,-1385257.6897419563,-26566.917485565413,-1816824.0,0,0,0,0,41.08274307023991,64.28571428571429,100.0,35.714285714285715,1.4590178433895111,1.4590178433895111,0.14864875276328293,0.13858625392711832,1.0578905946701382,1.314926111809109,0.2142858729494692,0.036585388978355615,-0.1326531313819177,13879.15,7.287694131124745,12331.991709471451,0.6896551169475413,0.22222217743075653,-0.02592255692732962,-0.0437745530035745,1.448999047279358,2.1849989891052246,0.25882362625703365,0.11764713056076567
2.0699989795684814,3.277498960494995,2.0699989795684814,2.9899990558624268,120137,2024-10-02 00:00:00+10:00,2.0009989738464355,1.8031989812850953,1.8733489751815795,2.5134390211105346,3.5440690326690674,4.195371531248092,1.9587054311883425,2.0837697121128254,2.49480849645625,5.137634765028904,69.38051787500072,60.32250709608022,86.07382524452464,87.61383110048712,-15.723265970899893,320.29653072132817,-0.12506428092448285,-0.26480401681508975,0.1397397358906069,2.5007854591422745,1.8733489751815795,1.2459124912208845,0.6698554217853392,1.3898510918842253,0.2560113580326135,8.562255480671725,1.3224999904632568,-1322328.7669070438,-17207.376433759928,-1696687.0,0,0,0,0,41.42684895931161,57.142857142857146,100.0,42.85714285714286,1.484377088912964,1.484377088912964,0.5294120875234456,0.4248834050382658,2.1620442347584556,3.47868075435255,0.9402990847645096,0.7333338401170948,0.3829789345728165,19661.55,6.110250717771488,76117.19625497515,1.0,0.7222222062252702,-0.004167668263715111,-0.04013320818668655,1.448999047279358,3.277498960494995,0.5153847809957208,0.09615384462040999
2.7599990367889404,3.219999074935913,2.414999008178711,2.8749990463256836,45162,2024-10-03 00:00:00+10:00,2.235598993301392,1.925098991394043,1.9112989783287049,2.4996390199661254,3.519919033050537,4.185021530389786,2.0996736796710103,2.142379292424889,2.509717929784463,5.115120976783101,66.07273584540057,58.19602623067374,78.24384884543757,83.30791001357001,-22.01257496706505,218.66101497458843,-0.04270561275387852,-0.22038433600284751,0.177678723248969,2.6707728081332873,1.9112989783287049,1.1518251485241224,0.7947200709212834,1.1344524525913848,0.295224837227227,10.26869339676934,0.8050000667572021,-1315877.0526213294,-9761.348145861411,-1741849.0,0,0,0,-100,41.74637585630677,50.0,92.85714285714286,42.85714285714286,1.5919644012078857,1.5919644012078857,-0.038461553795900105,-0.03922072910101753,2.1676189399474812,3.7511006456275813,0.6891896719024933,0.736111641010498,0.35869585425271455,21291.4,2.1211381121015997,74647.53613538401,0.9230769169431804,0.7058823350068772,0.013972934385887615,-0.0367072295341171,1.448999047279358,3.277498960494995,0.4960001641978933,0.1400000165856458
2.6449990272521973,2.7599990367889404,2.529999017715454,2.7599990367889404,48524,2024-10-04 00:00:00+10:00,2.4563990116119383,2.028598999977112,1.9446489810943604,2.485839018821716,3.4969190335273743,4.172946529388428,2.201262196150692,2.188128903118522,2.5195328751571875,5.09168692762893,62.84601231729491,56.1188185744566,75.93888777457941,80.08552062151388,-28.301883963230207,136.09883032707987,0.013133293032169924,-0.17368081019584403,0.18681410322801395,2.787149418505234,1.9446489810943604,1.1021485436834868,0.8664807331313361,0.9838870221837922,0.2987802080402986,10.825373634474445,0.3450000286102295,-1267353.0526213294,9611.604166993406,-1790373.0,0,0,0,0,42.04307940351656,42.85714285714286,85.71428571428572,42.85714285714286,1.6930964747651123,1.6930964747651123,-0.04000001658564578,-0.040822011796969634,2.176043416742053,3.7858630496665957,0.6666671465755454,0.6000004146412592,0.31868150019011976,23473.65,2.0671689319726587,72759.60796915484,0.8461538338863608,0.6874999797538575,0.028966168353432076,-0.03376720530359969,1.448999047279358,3.277498960494995,0.4750001619691999,0.18750003779281332
2.6449990272521973,2.7599990367889404,2.276998996734619,2.414999008178711,47572,2024-10-07 00:00:00+11:00,2.5989990234375,2.1205989956855773,1.9584489822387696,2.4674390172958374,3.4716190314292907,4.15742152929306,2.234144782616541,2.2049340960859434,2.515433507824698,5.065053216987635,54.28159187404395,50.44688082095209,59.79259800737537,71.32511154246413,-47.16981095172568,81.79677901620184,0.029210686530597663,-0.1331025108505557,0.16231319738115335,2.8220094443261727,1.9584489822387696,1.0948885201513667,0.8818820096097042,0.7643416680033995,0.31193876746987165,12.916724454687149,0.4830000400543213,-1287741.0526213294,10176.029734343756,-1837945.0,0,0,0,0,41.140179582542544,35.714285714285715,78.57142857142857,42.85714285714286,1.7881606239089052,1.7881606239089052,-0.12500005398973335,-0.13353145432707691,2.237028444276632,4.170111398185729,0.418919212332888,0.615384977275665,0.12903232997592862,24824.7,1.9163172163208417,66361.43481383062,0.615384584715902,0.4999999676061719,0.03875413873141868,-0.03185431201060137,1.448999047279358,3.277498960494995,0.4000001480861348,0.35714298407382983
2.2999989986419678,2.414999008178711,2.1849989891052246,2.1849989891052246,43130,2024-10-08 00:00:00+11:00,2.6449990272521973,2.178099000453949,1.9687989830970765,2.4444390153884887,3.4417190289497377,4.141896529197693,2.226583891307108,2.203457421494779,2.5024752914043265,5.036395960988805,49.4440197928237,47.113633235075504,37.46384456114197,57.73177678103226,-59.748428944055995,39.72710184205297,0.02312646981232902,-0.10185671471797875,0.12498318453030777,2.8379921275202955,1.9687989830970765,1.0996058386738574,0.8829678924924164,0.624368218614756,0.30608599972727274,14.008519054400914,0.23000001907348633,-1330871.0526213294,-4241.344327589497,-1881075.0,0,0,0,0,39.909834367387994,28.571428571428573,71.42857142857143,42.85714285714286,1.8775209241040707,1.8775209241040707,-0.09523814224956662,-0.1000835105170312,2.2486718114176516,4.328577870973354,0.11764713056076559,0.35714312158244876,0.10465122586146225,26911.6,1.6026546173397347,62358.58799054725,0.4615384186022627,0.37499995950771486,0.04229925144883919,-0.03039423988360605,1.448999047279358,3.277498960494995,0.336842234479598,0.50000021823221
2.09299898147583,2.1849989891052246,2.023998975753784,2.161998987197876,49225,2024-10-09 00:00:00+11:00,2.479399013519287,2.2401989936828612,1.9825989842414855,2.423279013633728,3.413889026641846,4.129706529378891,2.21664775221338,2.200386426361675,2.489123279474662,5.007794996075462,48.973990365722834,46.78901979224906,18.614961277811368,38.623801282109575,-61.00629074328902,13.814648179306541,0.016261325851705255,-0.07823310660404195,0.09449443245574721,2.8548541314780342,1.9825989842414855,1.110343837004937,0.8799108182437219,0.6028368840956455,0.2957227149861419,13.678207840856679,0.16100001335144043,-1295710.3383356151,1433.7157677640207,-1930300.0,0,0,0,0,38.112382762081495,21.42857142857143,64.28571428571429,42.85714285714286,1.9615196062875262,1.9615196062875262,-0.010526321532426608,-0.010582115134585122,2.2396832989842697,0.7429396205782786,-0.2769231873304806,0.40298527783710747,0.14634155591342246,28131.05,1.7498458109455566,62995.59330000035,0.44615380199089877,0.36249995869786916,0.04375188278972649,-0.02915947389774391,1.448999047279358,3.277498960494995,0.32978736074368986,0.5159576761610312
2.161998987197876,2.1849989891052246,2.0699989795684814,2.161998987197876,10146,2024-10-10 00:00:00+11:00,2.3367990016937257,2.2861989974975585,1.9986989855766297,2.4021190118789675,3.3849090266227724,4.115791528224945,2.2082402499033025,2.1975429123495416,2.4762948758559644,4.979478617877675,48.973990365722834,46.78901979224905,13.27075733416673,23.11652105770669,-61.00629074328902,11.61581743787177,0.0106973375537609,-0.060447017772481376,0.07114435532624228,2.871717954767067,1.9986989855766297,1.1256800163861924,0.8735872439926907,0.5935260328722735,0.28281395031118484,13.081132414300267,0.11500000953674316,-1289622.738335615,5561.957100612111,-1930300.0,100,0,0,0,36.44332055715403,14.285714285714286,57.142857142857146,42.85714285714286,2.023998975753784,2.023998975753784,0.0,0.0,2.2357150437699302,0.8601374482622718,-0.24800010283100393,0.27027045956960527,0.17500011337846444,27903.15,0.36361486068777177,63354.2276730255,0.44615380199089877,0.36249995869786916,0.04406316065250484,-0.027823099259998197,1.448999047279358,3.277498960494995,0.32978736074368986,0.5159576761610312
2.1159989833831787,2.1159989833831787,2.0699989795684814,2.0699989795684814,9750,2024-10-11 00:00:00+11:00,2.198798990249634,2.3275990009307863,2.010198986530304,2.379119009971619,3.3550090265274046,4.101416527032852,2.1869723621594837,2.1880952136250187,2.460361703452534,4.950528571725345,46.90545026571139,45.409261747921306,12.179487179487202,14.688401930488437,-66.03773794022115,-4.157276951172404,-0.0011228514655350352,-0.04858218451109211,0.04745933304555707,2.880608498607845,2.010198986530304,1.1397894744527632,0.8659933846448781,0.5343516426511951,0.2691843829767712,13.004082882827618,0.09200000762939453,-1299372.738335615,3642.8779094484635,-1940050.0,0,0,0,0,34.89347708114996,7.142857142857143,50.0,42.85714285714286,2.023998975753784,2.023998975753784,-0.04255321495253517,-0.0434851364457203,2.2448039769578116,0.8576782329900849,-0.2500001079794666,0.25000017996582957,0.12500008098461746,27855.15,0.3500250402528796,62939.33382723828,0.3846153355454431,0.31249995545848636,0.04257594212553554,-0.026601586576555675,1.448999047279358,3.277498960494995,0.3000001151781143,0.583333611680443
2.2079989910125732,2.2079989910125732,2.023998975753784,2.0699989795684814,15328,2024-10-14 00:00:00+11:00,2.129798984527588,2.3643990039825438,2.0170989871025085,2.3607190084457397,3.317059028148651,4.0870415258407595,2.1689764571454835,2.1793473444356457,2.4450533613394336,4.921866585733734,46.90545026571138,45.409261747921306,12.254901960784336,12.568382158146093,-69.53642652337844,-9.347715854828778,-0.010370887290162223,-0.04093992506690613,0.030569037776743906,2.8871072847303045,2.0170989871025085,1.1470906894747124,0.8626332204722708,0.5304020045614579,0.2630997852826296,12.710140820333942,0.18400001525878906,-1307036.738335615,88.08388493163511,-1940050.0,0,0,0,0,33.75982165225504,0.0,42.85714285714286,42.85714285714286,3.277498960494995,-3.277498960494995,0.0,0.0,2.241104249586835,0.6444471746235655,-0.14285721337434987,0.21621636765568408,0.07142861550183133,28179.0,0.5439511693104795,62496.783540520344,0.3846153355454431,0.31249995545848636,0.04219549060764162,-0.02583289505911619,1.448999047279358,3.277498960494995,0.3000001151781143,0.583333611680443
2.0699989795684814,2.2079989910125732,2.0699989795684814,2.2079989910125732,6769,2024-10-15 00:00:00+11:00,2.1343989849090574,2.3896990060806274,2.0331989884376527,2.3473790073394776,3.2781890296936034,4.072206524610519,2.1749799238942664,2.181469688626529,2.435757111522694,4.894862928074817,50.539708244467505,47.94771206888003,39.33823529411767,21.257541478129742,-62.41610911014347,-6.155587596533787,-0.006489764732262593,-0.03404989299997742,0.027560128267714826,2.904823171714233,2.0331989884376527,1.1615748051610724,0.8573919112032928,0.6002725749977578,0.2541640871513055,11.51105993190457,0.1380000114440918,-1300267.738335615,779.6150671809446,-1933281.0,0,0,0,0,32.70714161113833,0.0,35.714285714285715,35.714285714285715,3.252428960800171,-3.252428960800171,0.06666670505937144,0.06453855713073126,2.2453463537227867,0.631453666963691,0.010526321532426497,0.12941184361684233,0.17073181523232606,27944.75,0.24222796768623803,63220.764921053225,0.4769230352136266,0.38749996031756057,0.042852633160756,-0.024932774959348973,1.448999047279358,3.277498960494995,0.3437501315999892,0.48437520752305985
2.161998987197876,2.161998987197876,2.161998987197876,2.161998987197876,3740,2024-10-16 00:00:00+11:00,2.1343989849090574,2.306898999214172,2.0550489902496336,2.3262190055847167,3.238859031200409,4.053116524219513,2.1729828567102065,2.180027414446629,2.4250214988040737,4.8676702520461905,49.327660419056315,47.17986550733687,62.25490196078434,37.94934640522879,-65.10067324206639,-15.22968061520082,-0.00704455773642243,-0.02864882594726642,0.02160426821084399,2.9165241563870556,2.0550489902496336,1.1935738241122116,0.8383986661386362,0.5620737550844163,0.23929522405583348,11.068239415134014,0.046000003814697266,-1300267.738335615,991.6400901754387,-1937021.0,100,0,0,0,31.729653001529957,7.142857142857143,28.571428571428573,21.42857142857143,3.227860361099243,-3.227860361099243,-0.02083334458119568,-0.021053420685010975,2.218319866786073,0.6490665825874918,0.0,-0.2769231873304806,0.2533335084040873,27781.85,0.1346202646691995,63740.238833817464,0.44615380199089877,0.36249995869786916,0.039826316761791235,-0.02323193450506424,1.448999047279358,3.277498960494995,0.32978736074368986,0.5159576761610312
2.1389989852905273,2.1389989852905273,2.023998975753784,2.023998975753784,10258,2024-10-17 00:00:00+11:00,2.1067989826202393,2.2217989921569825,2.073448991775513,2.302299003601074,3.1992990303039552,4.036786524057388,2.150062259639988,2.168469752321233,2.4092951253511212,4.8393750154661666,45.78055559224976,44.91417524505105,58.33333333333335,53.30882352941179,-77.30496287051555,-50.72934383206177,-0.018407492681244975,-0.02660055929406213,0.008193066612817157,2.9155474745207792,2.073448991775513,1.2313505090302463,0.8122683375241077,0.4706388165784838,0.23205985172642338,11.465413496071504,0.1380000114440918,-1310525.738335615,-2275.6805904335342,-1947279.0,0,0,0,0,30.09162677811255,0.0,21.42857142857143,21.42857142857143,3.203783133392334,-3.203783133392334,-0.06382982242880275,-0.06595800538620107,2.2283143447386893,0.7949248961828357,-0.06382982242880275,-0.29600012273377885,0.22222238219184853,28078.3,0.36533550820384425,63258.63263500827,0.35384610232271524,0.28749995383879495,0.03308195494171366,-0.021754191308176084,1.448999047279358,3.277498960494995,0.2840910175165889,0.619318487685686
2.0699989795684814,2.0699989795684814,2.0699989795684814,2.0699989795684814,1195,2024-10-18 00:00:00+11:00,2.1067989826202393,2.1527989864349366,2.0906989932060243,2.2815990018844605,3.1716990303993224,4.0218365240097045,2.137744831936679,2.161175621006214,2.395989394143959,4.811819035009473,47.144930067661875,45.824744231337895,33.33333333333335,51.30718954248368,-91.30434704226653,-59.85876663921935,-0.023430789069534885,-0.02596660524915668,0.0025358161796217964,2.917535433363452,2.0906989932060243,1.2638625530485967,0.790966507224934,0.4874824012149237,0.21876986258987152,10.568597605563891,0.046000003814697266,-1310525.738335615,-3405.4317242796533,-1946084.0,100,0,0,100,28.570602427796384,0.0,14.285714285714286,14.285714285714286,3.180187450239563,-3.180187450239563,0.022727286113159106,0.022472868940480745,2.226636882500092,0.772192319604911,0.0,-0.2500001079794666,0.20000013821375306,27364.6,0.043669558480664804,62641.249611264924,0.3846153355454431,0.31249995545848636,0.02753082630329556,-0.020334983530307865,1.448999047279358,3.277498960494995,0.3000001151781143,0.583333611680443
2.09299898147583,2.1849989891052246,2.09299898147583,2.1849989891052246,7565,2024-10-21 00:00:00+11:00,2.129798984527588,2.129798984527588,2.1251989901065826,2.2631990003585813,3.1417990279197694,4.007461524009704,2.1450147022703017,2.162940314939474,2.387715260613028,4.785681522114904,50.49860274651352,48.07771771255668,37.50000000000002,43.05555555555557,-87.15596208126964,-40.22441335127425,-0.017925612669172253,-0.024358406733159796,0.006432794063987543,2.906034640718496,2.1251989901065826,1.3443633394946692,0.7348353300062062,0.5382923083441303,0.21135773022893378,9.673127140232067,0.11500000953674316,-1302960.738335615,-1150.9724859187845,-1938519.0,0,0,0,0,27.657640278485815,0.0,7.142857142857143,7.142857142857143,3.1570636807498476,-3.1570636807498476,0.055555587549476204,0.0540672515803054,2.1575394389340596,0.8632575256182936,0.055555587549476204,-0.09523814224956662,0.4615387130220723,26992.75,0.2802604403034148,65061.79464332383,0.4444443987388661,0.37499995950771486,0.01947218054219294,-0.01854578772655913,1.448999047279358,3.277498960494995,0.336842234479598,0.50000021823221
2.1849989891052246,2.1849989891052246,2.1389989852905273,2.161998987197876,27120,2024-10-22 00:00:00+11:00,2.1205989837646486,2.127498984336853,2.152798992395401,2.2443389987945555,3.1116690254211425,3.9912465250492097,2.1476276691822362,2.162870586958615,2.378863642047728,4.759575228235132,49.81778152596025,47.66147952295085,66.0714285714286,45.63492063492066,-88.46153846153847,-32.010353753235634,-0.01524291777637865,-0.022535308941803566,0.007292391165424916,2.897004543762305,2.152798992395401,1.4085934410284975,0.691384150583267,0.5061810845038558,0.19954646405648832,9.229720515045964,0.046000003814697266,-1302960.738335615,-124.05984423309565,-1965639.0,0,0,0,-80,26.809889711268855,78.57142857142857,0.0,-78.57142857142857,3.1344023866499264,-3.1344023866499264,-0.010526321532426608,-0.010582115134585122,2.1526464689784097,0.7172073859660848,-0.02083334458119568,-0.010526321532426608,0.34285739671915083,28074.3,0.9660080571910965,64354.0901688062,0.42857138155997654,0.36249995869786916,0.011863157175537323,-0.016722354224893102,1.5409990549087524,3.277498960494995,0.2872341457911547,0.5159576761610312
2.1389989852905273,2.1389989852905273,2.023998975753784,2.0699989795684814,12483,2024-10-23 00:00:00+11:00,2.1021989822387694,2.1182989835739137,2.1792489886283875,2.221338996887207,3.080619022846222,3.976296525001526,2.135684793857043,2.1559912086334196,2.366751302342659,4.732813275512081,47.08335773694981,45.98922097649966,67.26190476190479,56.94444444444448,-93.75,-64.76437527021183,-0.020306414776376513,-0.022089530108718156,0.001783115332341642,2.8703024085645863,2.1792489886283875,1.4881955686921886,0.6342124498322201,0.4209540059363338,0.19515028886988858,9.42755483437824,0.1380000114440918,-1305457.3383356151,-487.0537777040154,-1978122.0,0,0,0,0,25.347386100870548,100.0,0.0,-100.0,3.1121943184320036,-3.1121943184320036,-0.04255321495253517,-0.0434851364457203,2.152525449982225,0.7654565863321081,-0.04255321495253517,-0.04255321495253517,0.3432837437340628,28616.65,0.4362145813713345,63893.01260304828,0.3103448275862069,0.31249995545848636,0.0010203008364913719,-0.014743194419796714,1.563999056816101,3.277498960494995,0.2444445276286381,0.583333611680443
2.0009989738464355,2.023998975753784,1.9549989700317383,1.9549989700317383,8637,2024-10-24 00:00:00+11:00,2.08839898109436,2.0975989818573,2.191898989677429,2.198338994979858,3.0495690226554872,3.9590465259552,2.107886974806996,2.1411028946629247,2.3506041520559564,4.705173332173968,43.84380972622609,43.96462401838645,38.09523809523812,57.142857142857174,-100.0,-149.64838255977503,-0.03321591985592853,-0.02431480805816023,-0.008901111797768303,2.8562925727380546,2.191898989677429,1.5275054066168035,0.6062264604249862,0.3217171073850711,0.18942526891752107,9.689277172071648,0.11500000953674316,-1314094.3383356151,-3339.4100434235297,-1986759.0,0,0,0,0,23.608705874910616,100.0,7.142857142857143,-92.85714285714286,3.0904304115784393,-3.0904304115784393,-0.055555587549476204,-0.05715844771586517,2.146080693619385,0.728616733453564,-0.03409092916973866,-0.09574473364320413,0.14864875276328293,28824.45,0.2996414502271509,62945.014834974085,0.22413793103448276,0.24999995140925785,-0.009718797798443615,-0.013205811362020389,1.563999056816101,3.277498960494995,0.20000006097665082,0.6764709397477517
1.908998966217041,1.9549989700317383,1.8399989604949951,1.9549989700317383,10552,2024-10-25 00:00:00+11:00,2.0653989791870115,2.0860989809036257,2.206848990917206,2.17073899269104,3.0196690201759337,3.9435215258598326,2.08436574330311,2.1273174187643185,2.335090223349124,4.677808413147677,43.84380972622609,43.96462401838645,20.634920634920665,41.99735449735453,-80.0,-200.0000000000001,-0.04295167546120826,-0.028042181538769837,-0.014909493922438424,2.8347911661205094,2.206848990917206,1.5789068157139028,0.5690848606204988,0.2994640025541137,0.18410917896175122,9.41735426892641,0.11500000953674316,-1303542.3383356151,-845.2457845434546,-1986759.0,0,100,0,0,22.44592888707684,100.0,0.0,-100.0,3.0450131539165715,-3.0450131539165715,0.0,0.0,2.1413780394061304,0.6888026855912838,-0.055555587549476204,-0.055555587549476204,0.18055568553087697,29228.3,0.3610199703711814,63011.906773717565,0.19642857142857142,0.26666661598832203,-0.021564663442453957,-0.010994718764581017,1.655998945236206,3.277498960494995,0.15294126972899538,0.6764709397477517
1.9549989700317383,1.9549989700317383,1.8399989604949951,1.908998966217041,16294,2024-10-28 00:00:00+11:00,2.010198974609375,2.0699989795684814,2.2171989917755126,2.1445189905166626,2.988159019947052,3.9277665257453918,2.0573862391360227,2.111145681538594,2.318380762285121,4.650258070392148,42.487655387388706,43.12733813265628,17.777777777777803,25.502645502645535,-81.25,-178.17178881008667,-0.053759442402571356,-0.03318563371153014,-0.020573808691041216,2.8177413298469354,2.2171989917755126,1.6166566537040898,0.5417126205623195,0.24339858656075533,0.17917280971710778,9.385694433987293,0.11500000953674316,-1300283.538335615,1288.825574502349,-2003053.0,0,0,0,0,21.366207398374055,100.0,0.0,-100.0,2.972712302311277,-2.972712302311277,-0.02352942611215314,-0.023810663386887518,2.1451495683997925,0.3609612367114305,-0.12631585838911896,-0.07777782256926669,0.12162170680632234,29736.7,0.5479424414948532,62458.35151548273,0.0,0.2571428021394587,-0.03379098024583405,-0.009040961122455565,1.8399989604949951,3.277498960494995,0.03614460088408505,0.7168678550883848
1.9319989681243896,1.9319989681243896,1.8399989604949951,1.908998966217041,7928,2024-10-29 00:00:00+11:00,1.959598970413208,2.0400989770889284,2.2148989915847777,2.12059898853302,2.9566490197181703,3.909711525440216,2.0345574279177177,2.096171850774035,2.3023265742040198,4.622981860400356,42.487655387388706,43.12733813265628,25.470085470085497,21.29426129426133,-81.25,-140.73346430910348,-0.06161442285631713,-0.038871391540487535,-0.022743031315829595,2.819777178233246,2.2148989915847777,1.610020804936309,0.5461903129186704,0.24713914956771818,0.17294618099655684,9.05952198283663,0.09200000762939453,-1296319.538335615,3305.9615327934735,-2003053.0,0,0,0,0,20.363608873150035,100.0,28.571428571428573,-71.42857142857143,2.9047495018023,-2.9047495018023,0.0,0.0,2.084250814203394,0.396200301648971,-0.11702134111947171,-0.1354167397777718,-0.02352942611215314,25075.75,0.31616202905197255,47422.97611973496,0.0,0.2571428021394587,-0.042333838097135,-0.007242929783760388,1.8399989604949951,3.277498960494995,0.03614460088408505,0.7168678550883848
2.023998975753784,2.023998975753784,1.8629989624023438,1.8859989643096924,3074,2024-10-30 00:00:00+11:00,1.9227989673614503,2.01249897480011,2.159698987007141,2.0962189865112304,2.9272090196609497,3.8938415253162386,2.011702279670329,2.080603488813713,2.2860000012669874,4.595748199742737,41.73899950852551,42.679278234728805,22.69230769230772,21.980056980057014,-87.5,-92.1759669323886,-0.06890120914338382,-0.04487735506106679,-0.024023854082317032,2.66484102873533,2.159698987007141,1.654556945278952,0.4677893028307642,0.22908607867891212,0.17209288330761993,9.124760223323285,0.16100001335144043,-1298515.2526213294,3131.9751945678145,-2006127.0,0,0,0,0,18.969515755682416,92.85714285714286,21.42857142857143,-71.42857142857143,2.840864469323862,-2.840864469323862,-0.012048200294695,-0.01212136814770685,0.7142757208605633,0.3658173301516137,-0.08888894007916193,-0.1276596448576055,-0.36923091644064077,19222.6,0.15991593228803597,-16216.040006775123,0.0,0.2615384026545317,-0.0347939878478087,-0.005384154142308777,1.8399989604949951,3.219999074935913,0.024390259318903734,0.7073175202482083
1.8629989624023438,1.8629989624023438,1.724998950958252,1.7479989528656006,13052,2024-10-31 00:00:00+11:00,1.8813989639282227,1.9848989725112915,2.103348982334137,2.071378984451294,2.8963890194892885,3.8790065240859986,1.9711325370849864,2.0559661157805196,2.2649019209375214,4.567412386340975,37.472531967788335,40.05743280674648,18.589743589743616,22.250712250712287,-95.23809523809523,-152.05611998064862,-0.08483357869553321,-0.052868599787960074,-0.03196497890757313,2.5205248911123572,2.103348982334137,1.6861730735559173,0.3966777860279465,0.07410049095446608,0.1713005354536071,9.799807669952191,0.16100001335144043,-1307216.5859546626,7.467886999482289,-2019179.0,0,0,0,0,18.34338513569981,100.0,14.285714285714286,-85.71428571428572,2.78081253879413,-2.78081253879413,-0.07317077795671123,-0.07598595687858539,0.7353389562460776,0.48198889908211956,-0.10588241750468907,-0.13636371667895475,-0.3920001625393287,17617.1,0.740871085479449,-15434.06430813568,0.0,0.16923070298634818,-0.029381205444049187,-0.004014646248514042,1.724998950958252,2.7599990367889404,0.013157903710207227,0.578947763249118
1.724998950958252,1.977998971939087,1.724998950958252,1.977998971939087,12580,2024-11-01 00:00:00+11:00,1.8859989643096924,1.975698971748352,2.0642489790916443,2.053438982963562,2.867869019508362,3.865896524190903,1.972188911677925,2.0501907717922654,2.2536508248983673,4.541647078734987,47.16588973815178,45.87602295940535,39.10256410256412,26.794871794871835,-47.61904761904761,-69.28104575163403,-0.0780018601143404,-0.05789525185323614,-0.02010660826110426,2.355496578341486,2.0642489790916443,1.7730013798418027,0.2821826264174806,0.3519300976648234,0.17713621299126622,8.955323814835694,0.25300002098083496,-1294636.5859546626,2731.308725994313,-2006599.0,0,0,100,0,17.057221892227023,100.0,7.142857142857143,-92.85714285714286,2.6963474517672594,-2.6963474517672594,0.1315790371020722,0.12361403526667918,0.9146892125902945,1.2105691746677711,0.011764713056076515,-0.04444447003958096,-0.2833334557100622,15819.9,0.7952009810428637,-11837.839216589735,0.3448275862068966,0.3230768690999874,-0.020803761123714636,-0.002266314793892432,1.724998950958252,2.7599990367889404,0.1279070538306762,0.3953490754766355
1.8399989604949951,1.8629989624023438,1.8399989604949951,1.8399989604949951,8602,2024-11-04 00:00:00+11:00,1.8721989631652831,1.941198968887329,2.0354989767074585,2.0350389814376832,2.8379690194129945,3.8538215231895445,1.9518519961113203,2.0346210079924676,2.2374291831570585,4.514765007906728,42.871441076295916,43.232211788978304,43.58974358974361,33.7606837606838,-75.0,-85.2435530085961,-0.08276901188114727,-0.06287000385881837,-0.0198990080223289,2.29428732866256,2.0354989767074585,1.7767106247523572,0.2542750990459421,0.1222781768663571,0.1743407700236109,9.475047202021782,0.1380000114440918,-1303238.5859546626,860.3064577651676,-2015201.0,100,0,0,-100,15.862927451859434,92.85714285714286,0.0,-92.85714285714286,2.618639571702539,-2.618639571702539,-0.06976748390764154,-0.07232070678034179,0.8448941892928385,1.3179208498746202,-0.036144600884085,-0.15789482298639868,-0.23809535562391648,13871.4,0.6201248612252549,-6491.476544763673,0.2,0.23076916943180387,-0.018469174463946164,-0.0010381754592400914,1.724998950958252,2.414999008178711,0.06250004049230873,0.31250020246154364
1.8399989604949951,1.908998966217041,1.8169989585876465,1.908998966217041,8073,2024-11-05 00:00:00+11:00,1.8721989631652831,1.9158989667892456,2.0216989755630492,2.0285989809036256,2.8122090172767638,3.8426665234565736,1.945259222281431,2.025315671564658,2.2245495668064694,4.488836987591408,45.54137634807826,44.89930935571947,61.538461538461554,48.0769230769231,-60.0,-58.970358814352615,-0.08005644928322697,-0.0663072929437001,-0.013749156339526877,2.2765323540100706,2.0216989755630492,1.766865597116028,0.2520982416544475,0.2788751025614995,0.1684592869954526,8.82448288221335,0.09200000762939453,-1295165.5859546626,2585.3685791476164,-2007128.0,0,0,0,0,14.991581450279767,85.71428571428572,28.571428571428573,-57.142857142857146,2.5471483220429962,-2.5471483220429962,0.03750002429538535,0.03681399653995493,0.8021216972901968,1.3527418413654242,0.0,-0.11702134111947171,-0.12631585838911896,12118.55,0.6661688073243086,-2081.1177734032185,0.35,0.27692301926589563,-0.01791579095940848,-0.0008548381319996349,1.724998950958252,2.2079989910125732,0.09638560235756012,0.1566266038310352
1.8399989604949951,1.8399989604949951,1.8399989604949951,1.8399989604949951,15092,2024-11-06 00:00:00+11:00,1.8629989624023438,1.892898964881897,2.0055989742279055,2.0170989799499512,2.7869090175628664,3.8288665235042574,1.9290653358527488,2.01158850778172,2.2094691508726862,4.462480390306866,43.35908727262762,43.55623914439981,48.4848484848485,51.204351204351234,-75.0,-75.60521415270024,-0.08252317192897118,-0.06955046874075431,-0.012972703188216875,2.263609383012032,2.0055989742279055,1.7475885654437788,0.25729012838516513,0.17908268795569146,0.16135505261878066,8.7693012921797,0.0690000057220459,-1295165.5859546626,3056.042303426657,-2022220.0,100,0,0,0,14.182474448812934,78.57142857142857,21.42857142857143,-57.142857142857146,2.4813763723562166,-2.4813763723562166,-0.036144600884085,-0.03681399653995477,0.8093545800406633,1.379968155430268,-0.024390259318903706,-0.11111117509895241,-0.1489362523338731,10411.9,1.4494952890442667,-2108.45391251213,0.2,0.23076916943180387,-0.018296242118778137,-0.0003523171048204269,1.724998950958252,2.2079989910125732,0.06250004049230873,0.20000012957538793
1.8399989604949951,1.8399989604949951,1.7709989547729492,1.8169989585876465,6391,2024-11-07 00:00:00+11:00,1.876798963546753,1.8790989637374877,1.9883489727973938,2.0097389793395997,2.761379017829895,3.8138015234470366,1.9118243547350406,1.9971744671006775,2.1940781629399395,4.436157191981302,42.625853195835575,43.1049506589551,47.7855477855478,52.60295260295263,-80.0,-89.59044368600682,-0.08535011236563683,-0.07271039746573081,-0.012639714899906021,2.2483507443529818,1.9883489727973938,1.728347201241806,0.26152529069360825,0.17048298712627605,0.1547582635547282,8.517245583620026,0.0690000057220459,-1293035.2526213294,3648.6019509264734,-2028611.0,0,100,-80,0,13.38807139100115,71.42857142857143,14.285714285714286,-57.142857142857146,2.4208661786443795,-2.4208661786443795,-0.012500008098461746,-0.012578790407834071,0.8091729339010771,1.2432904698581893,0.03947371113062159,-0.07058827833645942,-0.15957455607200688,10224.15,0.6250886381753007,-2188.341464269399,0.15,0.21538455282043995,-0.018521054167496533,-0.00041195698860598754,1.724998950958252,2.2079989910125732,0.0506329446115402,0.21519001459904585
1.8399989604949951,1.908998966217041,1.7479989528656006,1.8169989585876465,24382,2024-11-08 00:00:00+11:00,1.8445989608764648,1.8652989625930787,1.975698971748352,2.002838978767395,2.7346990156173705,3.7981615221500395,1.8972358322508263,1.9838281331367493,2.179290743161418,4.410095916027136,42.62585319583557,43.10495065895509,41.558441558441565,45.94294594294596,-80.0,-76.61691542288563,-0.08659230088592307,-0.07548677814976926,-0.011105522736153811,2.2430931599026103,1.975698971748352,1.7083047835940939,0.2706831273163376,0.20324707830008548,0.15520410282592192,8.541782706719992,0.16100001335144043,-1296518.3954784723,2451.0489020922687,-2028611.0,0,0,0,0,12.693857224591294,64.28571428571429,7.142857142857143,-57.142857142857146,2.3651968004294894,-2.3651968004294894,0.0,0.0,0.7987188925335533,0.6363224471105325,-0.08139539789224848,-0.07058827833645942,-0.12222229260884765,10955.75,2.2254980261506514,-1773.4476184821808,0.15,0.21538455282043995,-0.019679700880122424,-0.0004925812678892472,1.724998950958252,2.2079989910125732,0.0506329446115402,0.21519001459904585
1.8629989624023438,1.8629989624023438,1.724998950958252,1.7939989566802979,15455,2024-11-11 00:00:00+11:00,1.8353989601135254,1.8537989616394044,1.961898970603943,1.9963989782333373,2.708939015865326,3.7812565207481383,1.8813532360092065,1.9697667126584937,2.164181261338629,4.384065100511247,41.80593631070712,42.61812128087008,38.90692640692642,42.75030525030527,-83.33333333333334,-101.88679245283025,-0.08841347664928723,-0.07807211784967286,-0.01034135879961437,2.2367850788969967,1.961898970603943,1.687012862310889,0.2802245298170823,0.19460076581125693,0.1539752391557912,8.582794242016417,0.1380000114440918,-1296518.3954784723,1738.3182091969065,-2044066.0,0,0,0,0,11.879625425243589,100.0,0.0,-100.0,2.3139809724717906,-2.3139809724717906,-0.012658236152885083,-0.012739034188685197,0.7988641578687573,0.42860070917411486,-0.02500001619692349,-0.06024100147347511,-0.1333334101187429,10962.1,1.409857600277319,-1969.0806582250198,0.1,0.19999993620907602,-0.02078646788919784,-0.0007068430132367756,1.724998950958252,2.2079989910125732,0.03846156401881461,0.23076938411288767
1.7709989547729492,1.7709989547729492,1.7019989490509033,1.7479989528656006,15793,2024-11-12 00:00:00+11:00,1.8031989574432372,1.8376989603042602,1.9388989686965943,1.986278977394104,2.682719016075134,3.765271519422531,1.8608371924486518,1.9533394711923535,2.1478603864965495,4.357835586604325,40.14283220950743,41.63074408228765,34.193121693121704,38.219496552829895,-85.71428571428571,-146.93877551020427,-0.09250227874370176,-0.08095815002847864,-0.011544128715223118,2.2043871448743966,1.9388989686965943,1.6734107925187922,0.27385457464684093,0.14047360116115934,0.14954843690390573,8.55540769396583,0.09200000762939453,-1291254.062145139,2963.7327855096664,-2059859.0,0,0,0,0,11.112779708241893,100.0,0.0,-100.0,2.2668624107507074,-2.2668624107507074,-0.025641042679209747,-0.02597550388981818,0.7534759860701038,0.22003929901012514,-0.08433740206286511,-0.08433740206286511,-0.20833344581195656,11413.3,1.3837365179220735,-2825.296571804665,0.0,0.16923070298634818,-0.01995639263239127,-0.0006604564776655303,1.7019989490509033,2.1849989891052246,0.026315807420414453,0.2500001704939373
1.724998950958252,1.8399989604949951,1.6789989471435547,1.8399989604949951,11667,2024-11-13 00:00:00+11:00,1.8031989574432372,1.8330989599227905,1.9227989673614503,1.9798389768600464,2.6585690140724183,3.7503215193748476,1.8576313106096276,1.944943877807364,2.135787389398449,4.332782485847018,44.86682435974284,44.33881798743754,43.240740740740755,38.78026294692963,-53.33333333333333,-80.1498127340828,-0.08731256719773639,-0.0822290334623302,-0.0050835337354061955,2.1706873498880426,1.9227989673614503,1.6749105848348578,0.25784118541186424,0.332989335719328,0.1503664066501582,8.172091934753418,0.16100001335144043,-1279587.062145139,6907.835768045625,-2048192.0,0,0,100,0,10.758635464777447,100.0,28.571428571428573,-71.42857142857143,2.210376064580727,-2.210376064580727,0.05263161484082901,0.05129332848633751,0.7846836349062024,0.4856250152614005,0.0,-0.024390259318903706,-0.1489362523338731,11809.65,0.9879208952001118,-2133.326812723041,0.21052631578947367,0.23076916943180387,-0.01784661802134126,-0.0005743100348354801,1.6789989471435547,2.1849989891052246,0.08750005668923222,0.18750012147692618
1.8399989604949951,1.8399989604949951,1.7019989490509033,1.7019989490509033,20777,2024-11-14 00:00:00+11:00,1.7801989555358886,1.8284989595413208,1.906698966026306,1.971558976173401,2.6318890142440794,3.7341065180301665,1.8336878703698238,1.9269479571587373,2.118776078012271,4.306605535232131,39.79361961367298,41.31947980729608,34.07407407407408,37.169312169312185,-93.33333333333333,-113.55311355311414,-0.09326008678891351,-0.08443524412764686,-0.008824842661266652,2.1676856539955414,1.906698966026306,1.6457122780570708,0.2737576225922541,0.1078343716145161,0.14948309270686774,8.782795829000069,0.1380000114440918,-1300364.062145139,1282.4837365334388,-2068969.0,0,0,-80,0,10.429787238703318,92.85714285714286,21.42857142857143,-71.42857142857143,2.1466108104882666,-2.1466108104882666,-0.07500004859077047,-0.07796159400027591,0.7963480183819628,0.7307738750314455,-0.0632911807644253,-0.026315807420414505,-0.15909100279211386,12335.6,1.6843120723758875,-3036.8365038188203,0.0,0.13846146976362034,-0.019403009127853574,-0.0008945981995398117,1.6789989471435547,2.1849989891052246,0.013513522978480259,0.28378398254808546
1.724998950958252,1.724998950958252,1.7019989490509033,1.7019989490509033,13516,2024-11-15 00:00:00+11:00,1.75719895362854,1.8008989572525025,1.8882989645004273,1.9637389755249024,2.601759011745453,3.717316517829895,1.813428036320759,1.9102850676692682,2.102431876876531,4.280689051787541,39.79361961367298,41.31947980729608,30.833333333333343,36.0493827160494,-93.33333333333333,-138.88888888888917,-0.09685703134850909,-0.0869196015718193,-0.009937429776689793,2.15250882725712,1.8882989645004273,1.6240891017437349,0.2798390167275153,0.14743932435806653,0.1404485862211878,8.25197843391778,0.023000001907348633,-1313880.062145139,-5435.931525133783,-2068969.0,0,0,0,80,10.124428171634483,85.71428571428572,14.285714285714286,-71.42857142857143,2.0904973868869012,-2.0904973868869012,0.0,0.0,0.7889755168880338,0.7307738750314455,-0.0632911807644253,-0.13953496781528307,-0.17777788015832385,12951.65,1.0435735987306638,-3063.9956107240455,0.0,0.13846146976362034,-0.019748873818189645,-0.001231452992268707,1.6789989471435547,2.1849989891052246,0.013513522978480259,0.28378398254808546
1.6789989471435547,1.7019989490509033,1.6099989414215088,1.6329989433288574,10166,2024-11-18 00:00:00+11:00,1.724998950958252,1.7801989555358886,1.8606989622116088,1.953618974685669,2.574389011859894,3.7013315176963806,1.785669714322005,1.8897453547551637,2.0840227422276025,4.254343876578997,37.3449599481456,39.82452901282542,10.833333333333343,25.24691358024693,-94.44444444444446,-176.100628930818,-0.10407564043315864,-0.09035080934408717,-0.01372483108907148,2.110076688391165,1.8606989622116088,1.6113212360320528,0.26804736418313263,0.04346359963438821,0.13698797346463115,8.38873619754965,0.09200000762939453,-1318963.062145139,-9307.516720803687,-2079135.0,0,0,0,0,9.775055041451607,100.0,7.142857142857143,-92.85714285714286,2.0411175741176995,-2.0411175741176995,-0.04054056893544078,-0.041385245757539525,0.7584991806746206,0.7583244624144202,-0.08974364937723411,-0.11250007288615571,-0.2526317167782379,13081.7,0.7771161240511554,-3896.409054333524,0.0,0.09230761992952857,-0.0187112797471814,-0.0015804566455488438,1.6099989414215088,2.1849989891052246,0.014084517323975289,0.33802841577540693
1.6099989414215088,1.6099989414215088,1.5869990587234497,1.5869990587234497,5229,2024-11-19 00:00:00+11:00,1.6927989721298218,1.7479989647865295,1.8319489657878876,1.9457989764213561,2.5477090108394624,3.6851165181398393,1.7551049980760736,1.867319703197259,2.0645316173843025,4.227803132122723,35.76493228969982,38.840840528827755,7.50000000000001,16.388888888888903,-100.00000000000001,-190.4181342399883,-0.11221470512118548,-0.09472358849950682,-0.017491116621678654,2.06797648020002,1.8319489657878876,1.5959214513757554,0.25767913715939267,-0.018901170642177948,0.1304888242604009,8.222363053281425,0.045999884605407715,-1324192.062145139,-11708.981871686643,-2084364.0,0,0,0,0,9.640653767458456,100.0,0.0,-100.0,1.9807609655402327,-1.9807609655402327,-0.028168961647725976,-0.02857331848736973,0.7601972187842162,0.7602001318457968,-0.09210525777387568,-0.1686747416797616,-0.2659575383148871,11987.15,0.4362171158281994,-3758.2307148300733,0.0,0.06153846644545569,-0.017863909552868193,-0.0023833856262078686,1.5869990587234497,2.1389989852905273,0.0,0.34782624698662096
1.5869990587234497,1.724998950958252,1.5869990587234497,1.724998950958252,4124,2024-11-20 00:00:00+11:00,1.6697989702224731,1.7364989638328552,1.814698964357376,1.9425789761543273,2.522409008741379,3.670741518139839,1.7504732985194855,1.8567774252536289,2.0512166108577907,4.202899607932032,43.489411518383456,43.255922611138395,21.515144376012955,13.282825903115443,-64.70590208067514,-84.84846747658698,-0.10630412673414336,-0.09703969614643412,-0.009264430587709233,2.0279425731347143,1.814698964357376,1.6014553555800382,0.23501816330495587,0.28967713519426963,0.13102532911571527,7.595675872320361,0.13799989223480225,-1320068.062145139,-10314.76471780357,-2080240.0,0,0,80,0,9.400156601430407,100.0,7.142857142857143,-92.85714285714286,1.9177590604495474,-1.9177590604495474,0.08695650540952848,0.08338159391581715,0.8319259886979127,0.9714396941857608,-0.06250004049230873,-0.06250004049230873,-0.1666667626484286,11569.2,0.3564637139992393,-2868.4303042686815,0.3529409791932487,0.15384608637498426,-0.015633082479462615,-0.0030493641071388314,1.5869990587234497,2.023998975753784,0.0799999861786247,0.17333345311858603
1.6099989414215088,1.655998945236206,1.5869990587234497,1.6099989414215088,8288,2024-11-21 00:00:00+11:00,1.6513989686965942,1.7157989621162415,1.7974489629268646,1.9379789757728576,2.497109009027481,3.6557915180921556,1.7288618589659506,1.8384975375623607,2.033913957154407,4.177099601300086,39.25321526399605,40.68594071464538,23.737342602787788,17.584162326266924,-92.85717723427705,-119.60783596353473,-0.1096356785964101,-0.09955889263642932,-0.01007678595998078,2.0181890545425825,1.7974489629268646,1.5767088713111468,0.2456148643645237,0.07540558189201997,0.13152351219565003,8.169167619422444,0.13799989223480225,-1322830.747903752,-9685.733649155125,-2088528.0,100,0,0,-100,9.17683780440436,100.0,0.0,-100.0,1.8648374601733717,-1.8648374601733717,-0.06666671273791769,-0.06899292084900734,0.8412674413348632,0.9382766947016342,-0.054054091913921076,-0.11392412537596541,-0.1764706958411485,11551.75,0.717467050446902,-2941.1304097757175,0.058823242462907155,0.07692300331816465,-0.016342105273913658,-0.004083121730213682,1.5869990587234497,2.023998975753784,0.014285650820212282,0.2571430475393632
1.724998950958252,2.1849989891052246,1.6099989414215088,1.8859989643096924,34452,2024-11-22 00:00:00+11:00,1.688198971748352,1.7226989626884461,1.7939989626407624,1.9388989758491517,2.4745690095424653,3.64337151825428,1.7530367982496031,1.8420161617658668,2.0281133691997124,4.1543025800365,51.47094019887045,48.41007664498942,40.4040059470101,28.552164308603622,-50.00000996733306,119.24883396809413,-0.08897936351626368,-0.09744298681239619,0.00846362329613251,2.006795573609656,1.7939989626407624,1.5812023516718687,0.23723158753186518,0.7161688601384221,0.16320040758765472,8.653260721560834,0.5750000476837158,-1324208.827903752,-8986.361516603036,-2054076.0,0,0,0,0,11.727306483769668,92.85714285714286,100.0,7.142857142857143,1.5869990587234497,1.5869990587234497,0.17142869835957542,0.15822411357062335,1.0564213763264367,1.6033345343339627,0.10810818382784215,0.03797470845865525,-0.035294139168229655,12746.75,2.7028065977602136,2964.9311061083745,0.7647058106157267,0.2615384026545317,-0.012589473563029379,-0.00444537869736214,1.5869990587234497,2.1849989891052246,0.15853662236536897,0.15853668557287426
1.908998966217041,1.908998966217041,1.7479989528656006,1.7939989566802979,29230,2024-11-25 00:00:00+11:00,1.72039897441864,1.7226989626884461,1.7882489621639253,1.9361389756202698,2.4499590075016022,3.630491518378258,1.7593386687774024,1.8384593317595284,2.0189324118460097,4.130816971843901,48.005030630434895,46.299799870483206,33.7606520980571,32.634000215951666,-65.38462841882016,60.69651648925264,-0.07912066298212594,-0.09377852204634214,0.014657859064216197,1.994416727475102,1.7882489621639253,1.5820811968527486,0.23058060669773525,0.5139449406838501,0.1630432365707823,9.088257045170492,0.16100001335144043,-1336735.970760895,-11869.221869958797,-2083306.0,0,0,0,0,14.095598828894596,85.71428571428572,92.85714285714286,7.142857142857143,1.5869990587234497,1.5869990587234497,-0.04878051863780741,-0.05001045298876713,1.0676905993376071,1.6253420004177683,0.09859162126782706,0.0,-0.06024100147347511,13393.55,2.1823937641626006,1922.4650153966868,0.5294116212314536,0.19999993620907602,-0.010773684118027151,-0.00480321789703735,1.5869990587234497,2.1849989891052246,0.11538462560752584,0.2179488627732828
1.7939989566802979,1.8399989604949951,1.6789989471435547,1.8399989604949951,2505,2024-11-26 00:00:00+11:00,1.7709989547729492,1.7318989634513855,1.7847989618778228,1.935218975543976,2.4269590079784393,3.6166915184259416,1.771747944426263,1.838573378332526,2.011915413753813,4.108022762775753,49.82432524877447,47.501266678250765,42.30768080692339,38.82411295066353,-57.69231919307661,38.19132659863925,-0.06682543390626305,-0.08838790441832632,0.021562470512063267,1.9849914622748113,1.7847989618778228,1.5846064614808344,0.22433058811997728,0.6378672989939904,0.16289729205511502,8.853118700202554,0.16100001335144043,-1334230.970760895,-11172.508208153537,-2080801.0,0,0,0,80,15.687663057509045,78.57142857142857,85.71428571428572,7.142857142857143,1.5989590573310852,1.5989590573310852,0.025641042679209747,0.02531782459651924,1.0718960418686208,1.5623876661863425,0.1594203225142763,0.05263161484082901,-0.036144600884085,13122.4,0.19089495823934646,1986.6958273081073,0.6470587159235902,0.23076916943180387,-0.008127819416218282,-0.005152221561766191,1.5869990587234497,2.1849989891052246,0.13750002429538524,0.18750012147692618
1.8399989604949951,1.8399989604949951,1.6789989471435547,1.6789989471435547,10341,2024-11-27 00:00:00+11:00,1.7617989540100099,1.7157989621162415,1.774448961019516,1.9342989754676818,2.404649008512497,3.602661517262459,1.757478867921231,1.8267530500963058,1.998859866043607,4.083853371575432,44.01890491183786,43.89231011132556,30.769216968308076,35.612516624429524,-84.61540148317903,-8.26447564856298,-0.06927418217507486,-0.08456515996967603,0.015290977794601174,1.9740460242976163,1.774448961019516,1.5748518977414157,0.2249679395268953,0.26089324084149984,0.1627617721477097,9.693977022714211,0.16100001335144043,-1344571.970760895,-13162.124600310344,-2091142.0,0,0,-80,0,17.16600841265103,71.42857142857143,78.57142857142857,7.142857142857143,1.610679855966568,1.610679855966568,-0.08750005668923222,-0.0915672556506784,1.1159175639516696,1.6747154777432225,-0.02666668509516712,-0.08750005668923222,-0.10975616693506685,13485.75,0.7668094099327067,1118.8939087906492,0.23529388450111205,0.12307685315225642,-0.008041353422896358,-0.006269916766831858,1.5869990587234497,2.1849989891052246,0.05479448845195671,0.3013700769869553
1.724998950958252,1.7709989547729492,1.6789989471435547,1.6789989471435547,3339,2024-11-28 00:00:00+11:00,1.775598955154419,1.7134989619255065,1.7709989607334138,1.9347589755058288,2.385789006948471,3.5869065171480177,1.7454050339554346,1.8158083017294353,1.986316300596546,4.0599244718298415,44.01890491183786,43.892310111325564,23.23075977458147,32.10255251660432,-84.61540148317903,-24.561420099518923,-0.07040326777400074,-0.08173278153054098,0.011329513756540233,1.9746496373953384,1.7709989607334138,1.5673482840714892,0.22998395953613424,0.27412298574733923,0.15770736039640149,9.392939802893007,0.09200000762939453,-1347910.970760895,-13841.910887982463,-2091142.0,0,0,0,80,18.538757670997164,64.28571428571429,71.42857142857143,7.142857142857143,1.6221662386293412,1.6221662386293412,0.0,0.0,1.0851645976324196,1.574339783154232,0.0428571745898938,-0.013513522978480297,-0.0394737111306217,13000.1,0.25684417812170673,2073.9189026816443,0.23529388450111205,0.12307685315225642,-0.00982255675738919,-0.007552173810274232,1.5869990587234497,2.1849989891052246,0.05479448845195671,0.3013700769869553
1.8169989585876465,1.8169989585876465,1.8169989585876465,1.8169989585876465,138,2024-11-29 00:00:00+11:00,1.7617989540100099,1.7249989628791809,1.7629489600658417,1.9365989756584168,2.3648590075969698,3.5735665160417556,1.7564194838988518,1.8158964985337473,1.9796764048314912,4.037606805031412,49.830011274795254,47.65083985727045,29.128199505607004,27.709392082832192,-61.53847380594838,86.03988947276282,-0.05947701463489552,-0.07728162815141189,0.017804613516516368,1.9447944634321814,1.7629489600658417,1.581103456699502,0.2062969575245653,0.6486151637550188,0.15629969261409365,8.602079372438684,0.1380000114440918,-1347910.970760895,-12861.649743122514,-2091004.0,100,0,0,0,20.025060967559902,57.142857142857146,64.28571428571429,7.142857142857143,1.6334228936388588,1.6334228936388588,0.08219183917826056,0.07898846524284436,1.0178867686871174,1.0435876045203258,-0.036585388978355615,0.06756761489240137,-0.08139539789224848,12378.0,0.011148812409112942,429.99708974417626,0.7142856085099167,0.21538455282043995,-0.0058969927013368655,-0.008342954222323076,1.5869990587234497,2.1849989891052246,0.1265822959210586,0.2025317784461608
1.8399989604949951,1.8399989604949951,1.6789989471435547,1.724998950958252,7136,2024-12-02 00:00:00+11:00,1.7479989528656006,1.7341989636421205,1.7571989595890045,1.9411989736557007,2.3464590060710906,3.5597665148973463,1.7515855557541442,1.8091633468614885,1.9696890536992073,4.014595781607798,46.37392396968467,45.516505029087384,33.52380952380954,28.627589601332676,-76.92309225743547,13.559312703184338,-0.05757779110734429,-0.07334086074259837,0.015763069635254076,1.9361856551773908,1.7571989595890045,1.5782122640006182,0.20371818980617873,0.4100491560981645,0.15663542980961842,9.080320293679371,0.16100001335144043,-1350969.2564751806,-12264.483843578026,-2098140.0,0,0,-100,0,20.1035242396032,50.0,57.142857142857146,7.142857142857143,1.6444544155481862,1.6444544155481862,-0.05063294461154022,-0.05195977392153403,1.0032388427795083,1.0484778081396693,-0.03846156401881462,0.05633806929590124,-0.06250004049230873,12304.7,0.5799409981551764,668.8202935697577,0.42857121701983353,0.12698405516107528,-0.005222556734443604,-0.009922305836397053,1.5869990587234497,2.1849989891052246,0.0799999861786247,0.2666668509516708
1.7019989490509033,1.8399989604949951,1.7019989490509033,1.8399989604949951,1074,2024-12-03 00:00:00+11:00,1.7479989528656006,1.759498953819275,1.7537489593029023,1.9457989740371704,2.328059004545212,3.5476915138959884,1.7651876180219674,1.8114474663898963,1.964603167691199,3.9929580022932427,50.95322189662894,48.54165637219912,62.85714285714287,41.83638396218648,-57.69231919307661,59.9439764198168,-0.046259848367928846,-0.06792465826766446,0.021664809899735613,1.9233105906270405,1.7537489593029023,1.5841873279787642,0.19337047121218218,0.7543323053645763,0.1553043284977951,8.440457404172404,0.1380000114440918,-1349895.2564751806,-10563.508353438927,-2097066.0,0,0,80,0,20.176382992214833,42.85714285714286,50.0,7.142857142857143,1.6552653070193268,1.6552653070193268,0.06666671273791769,0.06453856432936807,1.023376182242172,1.1610359517598992,0.0,0.1594203225142763,-0.036144600884085,11954.75,0.08983876701729437,437.6826469136354,0.8461537848163997,0.206349141055523,-0.0016428573687274186,-0.01097152563417945,1.5869990587234497,2.1849989891052246,0.13750002429538524,0.18750012147692618
1.7479989528656006,1.8169989585876465,1.724998950958252,1.8169989585876465,10157,2024-12-04 00:00:00+11:00,1.775598955154419,1.7686989545822143,1.7525989592075348,1.9513189721107482,2.310579003095627,3.5360765141248702,1.7731585934936103,1.811858688034174,1.958814767334197,3.971306668525028,50.03299679589925,47.98218042261178,71.42857142857144,55.93650793650796,-61.53847380594838,47.311824720977285,-0.03870009454056378,-0.06207974552224432,0.023379650981680544,1.9201046509233815,1.7525989592075348,1.5850932674916882,0.19115119387219875,0.6922322719915648,0.15242544857200566,8.38885723360491,0.11500000953674316,-1339738.2564751806,-5675.563075342216,-2107223.0,0,0,0,-100,20.244037548211356,35.714285714285715,42.85714285714286,7.142857142857143,1.6658599806610448,1.6658599806610448,-0.012500008098461746,-0.012578790407834071,1.0156932556667058,0.8856395843694568,0.08219183917826056,0.05333337019033424,-0.012500008098461746,11708.0,0.8675264776221387,856.2143812001702,0.7692306772245996,0.16393435519117372,0.0006225561737117527,-0.01226593123478333,1.5869990587234497,2.1849989891052246,0.1265822959210586,0.2025317784461608
1.7479989528656006,1.7479989528656006,1.724998950958252,1.7479989528656006,5498,2024-12-05 00:00:00+11:00,1.7893989562988282,1.7824989557266235,1.7491489589214324,1.9522389721870423,2.292409001588821,3.525841514468193,1.7692878795508395,1.8071283372809464,1.950547480492291,3.949184203692596,47.27460308582816,46.30117394553731,76.1904761904762,70.15873015873018,-73.0769376445637,-1.1517806777718798e-05,-0.0378404577301068,-0.05723188796381682,0.019391430233710018,1.9140286325532907,1.7491489589214324,1.5842692852895741,0.18852559445083178,0.49651258996788306,0.14810934564753345,8.473079769569017,0.09200000762939453,-1334240.2564751806,-1410.6251819985919,-2112721.0,100,0,0,0,20.30685963592241,28.571428571428573,35.714285714285715,7.142857142857143,1.6762427608299284,1.6762427608299284,-0.03797470845865514,-0.03871453807850333,1.0242552422230344,0.9690585254673817,0.04109591958913028,0.08571434917978782,-0.03797470845865514,11663.35,0.47139115262767556,727.3169858517533,0.5384613544491991,0.1147540231435957,0.001573683892873893,-0.01335491092837585,1.5869990587234497,2.1849989891052246,0.09210525777387567,0.2500001704939373
1.724998950958252,1.724998950958252,1.6329989433288574,1.655998945236206,22539,2024-12-06 00:00:00+11:00,1.75719895362854,1.759498953819275,1.7410989582538605,1.9522389721870423,2.273319000005722,3.5139965134859086,1.7518588127332035,1.7959335674998544,1.9389965575410721,3.9263664399268605,43.806724092954184,44.13639145821646,46.56084656084658,64.72663139329809,-88.4615560960508,-73.50429834214752,-0.0440747547666509,-0.054600461324383634,0.01052570655773273,1.9076545263172697,1.7410989582538605,1.5745433901904513,0.19132234531970194,0.24452966656372568,0.14574439306819129,8.800995525235846,0.11500000953674316,-1345509.7564751806,-3123.3892090856098,-2135260.0,0,0,0,0,19.45711534022779,21.42857142857143,28.571428571428573,7.142857142857143,2.1849989891052246,-2.1849989891052246,-0.0526316148408289,-0.054067259157818105,1.0411357665805574,0.7881591232874013,-0.08860765307019536,-0.12195129659451864,-0.08860765307019536,11571.2,1.9478532909292035,-458.9469810456892,0.23076892408199848,0.04918024708015835,0.0013142851958596912,-0.014777432066195015,1.5869990587234497,2.1849989891052246,0.041666624674639774,0.31944467440078217
1.724998950958252,1.7939989566802979,1.6789989471435547,1.7939989566802979,11851,2024-12-09 00:00:00+11:00,1.7709989547729492,1.759498953819275,1.7410989582538605,1.9540789723396301,2.256758998632431,3.4970915120840074,1.7583419118019872,1.795790262994702,1.9333103771151594,3.905148853028885,49.76006870905815,47.967935972839236,43.91534391534393,55.55555555555558,-65.38462841882016,2.7210816714814037,-0.037448351192714835,-0.05117003929804988,0.013721688105335042,1.9076545263172697,1.7410989582538605,1.5745433901904513,0.19132234531970194,0.6588058539306768,0.14519122295218417,8.093160947030482,0.1380000114440918,-1333658.7564751806,230.65179884131067,-2123409.0,0,0,0,0,19.17933346377602,14.285714285714286,21.42857142857143,7.142857142857143,2.1739589881896975,-2.1739589881896975,0.08333339332194312,0.08004276304763623,1.083791405851498,0.9823459007064771,0.04000002764275057,0.0,0.0,11391.0,1.0403827583179703,724.2701029554976,0.6923075696327994,0.14754091117531437,0.002905262592143533,-0.015762594224167342,1.5869990587234497,2.1849989891052246,0.11538462560752584,0.2179488627732828
1.655998945236206,1.7479989528656006,1.655998945236206,1.7479989528656006,14051,2024-12-10 00:00:00+11:00,1.7525989532470703,1.7502989530563355,1.7410989582538605,1.9499389719963074,2.2374389970302584,3.4690315109491348,1.7567506873502354,1.7922501659481018,1.926043262438706,3.8836846749178076,47.93696799116215,46.84343036583867,50.46296296296298,46.979717813051174,-73.0769376445637,-50.81800204357995,-0.035499478597866396,-0.04803592715801318,0.012536448560146782,1.9076545263172697,1.7410989582538605,1.5745433901904513,0.19132234531970194,0.5207137914750265,0.14467756498732043,8.276753527234197,0.1380000114440918,-1319607.7564751806,6052.563865825767,-2137460.0,0,0,0,0,18.696131601082094,7.142857142857143,14.285714285714286,7.142857142857143,2.1631397872924807,-2.1631397872924807,-0.025641042679209747,-0.02597550388981818,1.083791405851498,0.8533137584419511,-0.05000003239384698,-0.05000003239384698,0.0,11303.9,1.2430223197303585,768.936799302681,0.5384613544491991,0.1147540231435957,0.0031127812270831004,-0.01624523533206311,1.5869990587234497,2.1849989891052246,0.09210525777387567,0.2500001704939373
1.655998945236206,1.724998950958252,1.655998945236206,1.724998950958252,4497,2024-12-11 00:00:00+11:00,1.7341989517211913,1.7548989534378052,1.7353489577770234,1.9246389698982238,2.219038995504379,3.444306510090828,1.7518658048283917,1.7872685944673723,1.9181591717924138,3.8622052149779114,47.0095605633542,46.27391409890854,65.80687830687832,53.39506172839509,-80.0,-87.59954493742866,-0.03540278963898058,-0.04550929965420666,0.010106510015226076,1.8956739626555965,1.7353489577770234,1.5750239528984502,0.18477552213354134,0.4677217947798901,0.14091488231889715,8.168983653040351,0.09200000762939453,-1315110.7564751806,9314.885723607615,-2141957.0,0,0,0,-80,18.247444157152014,0.0,7.142857142857143,7.142857142857143,2.152536970413208,-2.152536970413208,-0.013157903710207197,-0.01324523584303064,1.0681878942809588,0.853492503816291,-0.05063294461154022,0.027397279726086854,-0.06250004049230873,10945.4,0.4108575291903448,95.71265596992714,0.4615382468573989,0.10714277450553827,0.004444360105614843,-0.014227420050127615,1.5869990587234497,2.1849989891052246,0.0799999861786247,0.2666668509516708
1.6789989471435547,1.7019989490509033,1.6789989471435547,1.7019989490509033,10444,2024-12-12 00:00:00+11:00,1.724998950958252,1.75719895362854,1.7353489577770234,1.9011789679527282,2.2004089939594267,3.422341510653496,1.7441939808626243,1.7809523244365228,1.9096823003123546,3.840710625267195,46.050125664766064,45.69063828786013,54.16666666666668,56.812169312169345,-75.0,-93.33333333333282,-0.03675834357389851,-0.043759108438145025,0.007000764864246514,1.8956739626555965,1.7353489577770234,1.5750239528984502,0.18477552213354134,0.3959924911545188,0.13413524814002573,7.881041772371507,0.046000003814697266,-1304666.7564751806,13125.755054190755,-2152401.0,0,0,0,0,17.8308058163598,0.0,0.0,0.0,2.142146209871521,-2.142146209871521,-0.01333334254758356,-0.013423029670907851,1.0335063327917515,0.8183866738423891,-0.026315807420414505,0.013698639863043427,0.0,10428.75,1.001462303727676,1514.7352359734025,0.38461513926559876,0.09803912402207475,0.0034413523243782156,-0.012423866490642274,1.5869990587234497,2.1849989891052246,0.06756754485164738,0.28378398254808546
1.6789989471435547,1.724998950958252,1.6789989471435547,1.724998950958252,5253,2024-12-13 00:00:00+11:00,1.7387989521026612,1.7479989528656006,1.7364989578723908,1.8804789662361145,2.183158992528915,3.4004915112257006,1.7412408993388748,1.776807630104799,1.9024398160239584,3.8196587678113847,47.21040441448604,46.40003881114752,50.00000000000001,56.657848324515015,-55.555555555555564,-58.33333333333317,-0.035566730765924204,-0.04212063290370086,0.0065539021377766585,1.8961792544034828,1.7364989578723908,1.5768186613412989,0.18391061602102762,0.4639905261827352,0.1278398735453594,7.411011668983522,0.046000003814697266,-1299413.7564751806,15162.905684502795,-2147148.0,0,0,0,0,17.65012319216477,64.28571428571429,0.0,-64.28571428571429,2.131963264540668,-2.131963264540668,0.013513522978480186,0.01342302967090776,1.0342837365135165,0.6980976911631369,0.04166669666097156,-0.05063294461154022,0.013513522978480186,10015.6,0.5244818083789289,1585.721772179359,0.4615382468573989,0.16666654668951608,0.0027669159989607895,-0.01073517488546015,1.5869990587234497,2.1849989891052246,0.0799999861786247,0.2666668509516708
1.6789989471435547,1.724998950958252,1.6789989471435547,1.7019989490509033,9239,2024-12-16 00:00:00+11:00,1.7203989505767823,1.7456989526748656,1.739948958158493,1.8662189650535583,2.166828991174698,3.3819765120744707,1.7352036762176484,1.7712662463230289,1.8945793898681522,3.7985875258336685,46.14171786448462,45.77225742206884,47.61904761904763,50.59523809523812,-66.66666666666667,-64.03100775193779,-0.0360625701053805,-0.04090902034403679,0.004846450238656291,1.8933953221167088,1.739948958158493,1.5865025942002773,0.17638030499540464,0.37634112621292315,0.1219941685645978,7.167699406196824,0.046000003814697266,-1299413.7564751806,14617.839516493492,-2156387.0,0,0,0,0,17.482346469697955,57.142857142857146,35.714285714285715,-21.42857142857143,2.1219839781164316,-2.1219839781164316,-0.01333334254758356,-0.013423029670907851,1.023683338247896,0.22852683357555173,-0.051282085358419494,-0.01333334254758356,0.04225355197192582,9969.25,0.9267497554981569,1874.6704441799257,0.38461513926559876,0.1851850287705221,0.0006398479741318492,-0.009846099192927288,1.5869990587234497,2.1849989891052246,0.06756754485164738,0.28378398254808546
1.6789989471435547,1.6789989471435547,1.6329989433288574,1.655998945236206,8477,2024-12-17 00:00:00+11:00,1.7019989490509033,1.727298951148987,1.743398952484131,1.855638964176178,2.1500389897823333,3.363806511759758,1.7230183329897342,1.7627279277240049,1.8852232940002327,3.7772682364744896,43.99662233178925,44.50768305534367,41.66666666666668,46.42857142857145,-88.8888888888889,-126.66666666666649,-0.039709594734270715,-0.040669135222083576,0.0009595404878128613,1.8856275127493027,1.743398952484131,1.601170392218959,0.16316237894087693,0.19274804200726028,0.11820887121870124,7.138221407613296,0.0690000057220459,-1299413.7564751806,13065.963400808629,-2164864.0,0,0,0,0,16.741646025203,100.0,28.571428571428573,-71.42857142857143,2.11220427742068,-2.11220427742068,-0.027027045956960483,-0.02739899364387957,1.0232157522615377,0.2344880510046635,-0.0526316148408289,-0.10000006478769397,0.04347821514667971,10131.65,0.8366850414295797,1792.8576760587307,0.16666666666666666,0.11111094047693319,-0.002974436336890238,-0.009560048760486231,1.5869990587234497,2.1849989891052246,0.041666624674639774,0.31944467440078217
1.6099989414215088,1.7019989490509033,1.5869990587234497,1.6789989471435547,26402,2024-12-18 00:00:00+11:00,1.692798948287964,1.7134989500045776,1.741098952293396,1.8459789633750916,2.1346289885044096,3.345176512598991,1.7162461197826295,1.756525781014342,1.8771360647117354,3.7563899350881123,45.364300991643624,45.30106122527901,47.22221262404327,45.50264230325254,-63.636393620745636,-110.52626314576445,-0.04027966123171245,-0.04059124042400935,0.00031157919229689995,1.8859076656981335,1.741098952293396,1.5962902388886584,0.16634173860594634,0.2855791834284414,0.11797965829789783,7.026785722445754,0.11499989032745361,-1283572.567422543,16283.668470157543,-2138462.0,0,0,80,0,15.581363849086882,100.0,21.42857142857143,-78.57142857142857,2.1026201707388434,-2.1026201707388434,0.01388889888699052,0.013793331993477103,0.9764764969296579,0.28873363458806695,-0.02666668509516712,-0.07594941691731028,-0.02666668509516712,11245.55,2.3477731191449065,1800.943756164159,0.25,0.14814798462372764,-0.004184962753066464,-0.009225402885840001,1.5869990587234497,2.1849989891052246,0.05479448845195671,0.3013700769869553
1.5869990587234497,1.6789989471435547,1.5869990587234497,1.655998945236206,1271,2024-12-19 00:00:00+11:00,1.6835989475250244,1.7042989492416383,1.743398952484131,1.8358589625358581,2.1189889872074126,3.32758151113987,1.7069773236985644,1.74907934873448,1.8684640208107344,3.735490522253765,44.201796984374894,44.63106259574288,47.22219822677484,45.37035917249495,-72.72730699513787,-125.2731805327342,-0.04210202503591565,-0.04089339734639061,-0.001208627689525038,1.8810919557360462,1.743398952484131,1.6057059492322157,0.1579592589013771,0.1826272752290006,0.11612396044948406,7.0123209186537565,0.09199988842010498,-1282937.068245995,16321.873148323968,-2139733.0,0,0,0,0,14.503958971264774,100.0,14.285714285714286,-85.71428571428572,2.0819953262582276,-2.0819953262582276,-0.013698639863043427,-0.013793331993477119,0.9458654081475243,0.28938816958235125,-0.027027045956960483,-0.0526316148408289,0.028571449726595866,10894.7,0.11666223025874967,2336.0665000700924,0.0,0.11111094047693319,-0.007470677311259146,-0.008898488104271865,1.5869990587234497,2.1849989891052246,0.041666624674639774,0.31944467440078217
1.724998950958252,1.724998950958252,1.7019989490509033,1.7019989490509033,17843,2024-12-20 00:00:00+11:00,1.6789989471435547,1.708898949623108,1.7341989517211913,1.8284989619255065,2.1038089859485627,3.3096415108442305,1.7062114199066165,1.7455919117208818,1.861935978780937,3.7152567752567216,47.12045126178161,46.298953283858275,66.66663787212981,53.70368290764933,-54.5454802463534,-1.0797943449004154e-05,-0.039380491814265284,-0.04059081623996554,0.0012103244257002585,1.8562507541278106,1.7341989517211913,1.612147149314572,0.14075870855011524,0.3680887867472341,0.11275796368323847,6.625031334250613,0.0690000057220459,-1300780.068245995,9176.377503180876,-2121890.0,0,0,0,0,13.978884942136844,92.85714285714286,7.142857142857143,-85.71428571428572,2.0621954755568366,-2.0621954755568366,0.02777779777398104,0.02739899364387959,0.716207739210466,0.3575894153590662,-0.01333334254758356,0.02777779777398104,-0.09756103727561494,10064.25,1.7729090592940357,-3074.3557701328555,0.25,0.1851850287705221,-0.005810526797646001,-0.008640048718538303,1.5869990587234497,1.908998966217041,0.06756754485164738,0.12162170680632232
1.655998945236206,1.6789989471435547,1.655998945236206,1.6789989471435547,11891,2024-12-23 00:00:00+11:00,1.674398946762085,1.6973989486694336,1.7284489512443542,1.820678961277008,2.090698984861374,3.2927365106344224,1.7020248856353761,1.7406590995299687,1.8547619775402555,3.6949955033351976,45.829637601512374,45.57814896207431,66.66663787212981,60.18515799034484,-60.000031098089075,-63.95941660283494,-0.03863421389459254,-0.04019949577089094,0.0015652818762984036,1.8495216254166174,1.7284489512443542,1.607376277072091,0.1400940121316281,0.2957837949856398,0.10798953797834267,6.431781161153376,0.046000003814697266,-1288889.068245995,9202.504057151265,-2133781.0,0,0,0,0,13.04940676877524,85.71428571428572,0.0,-85.71428571428572,2.043187618883501,-2.043187618883501,-0.013513522978480297,-0.013605661650402534,0.6977694239328606,0.3579361138283085,-0.013513522978480297,-0.06410260669802437,-0.06410260669802437,9197.3,1.2928794320072197,-1809.1905120868541,0.125,0.14814798462372764,-0.005654887686994776,-0.008400384844565872,1.5869990587234497,1.8399989604949951,0.05479448845195671,0.09589047904130395
1.655998945236206,1.6789989471435547,1.6329989433288574,1.6789989471435547,23961,2024-12-24 00:00:00+11:00,1.6789989471435547,1.690498948097229,1.7203989505767823,1.8100989603996276,2.0787389838695525,3.2769815105199815,1.6984824335597113,1.7360916808346787,1.8478693096815613,3.67493583610941,45.829637601512374,45.57814896207431,72.22219822677484,68.51849132367818,-55.5555875494762,-68.54993556177119,-0.037609247274967395,-0.03968144607170623,0.002072198796738839,1.8317531694307534,1.7203989505767823,1.6090447317228112,0.1294516237837025,0.31410671342628177,0.10356171410951086,6.168063076257326,0.046000003814697266,-1264928.068245995,16000.555460398085,-2133781.0,0,0,0,0,12.463618353982307,78.57142857142857,0.0,-78.57142857142857,2.024940076477099,-2.024940076477099,0.0,0.0,0.6899971656715546,0.2854090048048307,0.01388889888699052,-0.0394737111306217,-0.08750005668923222,10270.1,2.3330834169092802,-1873.4213239982746,0.125,0.15384598516820971,-0.004600000381469773,-0.007785210735371432,1.5869990587234497,1.8399989604949951,0.05479448845195671,0.09589047904130395
1.655998945236206,1.724998950958252,1.6329989433288574,1.724998950958252,4165,2024-12-27 00:00:00+11:00,1.688198947906494,1.690498948097229,1.722698950767517,1.8013589596748352,2.063788982629776,3.2626065105199813,1.7025618977748713,1.7352699971401286,1.8430508642414314,3.6555334790432297,49.06602880844683,47.384364698217205,77.77775858141987,72.22219822677486,-33.33335252968572,14.675041025671206,-0.032708099365257315,-0.03828677673041645,0.005578677365159136,1.8324260759322657,1.722698950767517,1.6129718256027683,0.1273897857961332,0.5104805452037572,0.10273587793235969,5.955706690446914,0.09200000762939453,-1260763.068245995,18652.207810781198,-2129616.0,0,0,0,0,11.810141112332223,71.42857142857143,14.285714285714286,-57.142857142857146,2.007422435766953,-2.007422435766953,0.027397279726086854,0.027028691321310336,0.6220630305685503,0.3307178654588192,0.027397279726086854,0.0,0.027397279726086854,9961.3,0.4181181171132282,-854.4735677157724,0.375,0.2307690774256452,-0.005187970355041041,-0.007123650067708344,1.5869990587234497,1.8399989604949951,0.0799999861786247,0.0666667127379177
2.0699989795684814,2.09299898147583,1.908998966217041,1.977998971939087,88524,2024-12-30 00:00:00+11:00,1.7525989532470703,1.7180989503860473,1.7376489520072937,1.8004389595985413,2.0513689815998077,3.2494965106248856,1.7449368322616736,1.7532499211993107,1.8483429468962413,3.6388415934004024,62.37904500055477,55.84704730472036,80.55554595737661,76.85183425519047,-22.727278081625393,397.1302552635343,-0.008313088937637048,-0.03229203917186057,0.02397895023422352,1.8919205111079056,1.7376489520072937,1.583377392906682,0.1775635509374903,1.2789835707015937,0.12168331740273243,6.151839264276408,0.3680000305175781,-1282894.068245995,10999.637607684825,-2041092.0,0,0,0,0,13.975968551115683,64.28571428571429,100.0,35.714285714285715,1.5869990587234497,1.5869990587234497,0.14666676802341905,0.13685927110971,0.8062033981535043,1.0078269137883278,0.1944445844178675,0.16216227574176312,0.17808231821956455,14220.55,6.225075682726758,12129.055404789375,1.0,0.6538460848415404,-0.002230827252667684,-0.006162785653735986,1.5869990587234497,2.09299898147583,0.1976744774706982,0.05813956992303464
