Open,High,Low,Close,Volume,Date
0.8550000190734863,0.8550000190734863,0.8500000238418579,0.8500000238418579,2700,2020-01-02 00:00:00+11:00
0.8500000238418579,0.8500000238418579,0.8500000238418579,0.8500000238418579,0,2020-01-03 00:00:00+11:00
0.8600000143051147,0.8799999952316284,0.8600000143051147,0.8799999952316284,8360,2020-01-06 00:00:00+11:00
0.875,0.9100000262260437,0.875,0.9049999713897705,23228,2020-01-07 00:00:00+11:00
0.8999999761581421,0.8999999761581421,0.8600000143051147,0.8899999856948853,42748,2020-01-08 00:00:00+11:00
0.8899999856948853,0.8949999809265137,0.8600000143051147,0.8650000095367432,54633,2020-01-09 00:00:00+11:00
0.875,0.8799999952316284,0.8600000143051147,0.8600000143051147,47609,2020-01-10 00:00:00+11:00
0.8550000190734863,0.8650000095367432,0.8500000238418579,0.8650000095367432,44347,2020-01-13 00:00:00+11:00
0.8550000190734863,0.8700000047683716,0.8550000190734863,0.8650000095367432,18182,2020-01-14 00:00:00+11:00
0.8550000190734863,0.8650000095367432,0.8500000238418579,0.8500000238418579,88152,2020-01-15 00:00:00+11:00
0.8550000190734863,0.8550000190734863,0.8299999833106995,0.8399999737739563,46185,2020-01-16 00:00:00+11:00
0.8349999785423279,0.8349999785423279,0.824999988079071,0.8299999833106995,75971,2020-01-17 00:00:00+11:00
0.8299999833106995,0.8349999785423279,0.8299999833106995,0.8349999785423279,8628,2020-01-20 00:00:00+11:00
0.8349999785423279,0.8349999785423279,0.8349999785423279,0.8349999785423279,7111,2020-01-21 00:00:00+11:00
0.7950000166893005,0.8349999785423279,0.7950000166893005,0.824999988079071,21080,2020-01-22 00:00:00+11:00
0.8100000023841858,0.8199999928474426,0.8100000023841858,0.8199999928474426,15199,2020-01-23 00:00:00+11:00
0.8199999928474426,0.8349999785423279,0.8199999928474426,0.8349999785423279,28295,2020-01-24 00:00:00+11:00
0.824999988079071,0.8349999785423279,0.824999988079071,0.8349999785423279,7982,2020-01-28 00:00:00+11:00
0.824999988079071,0.8349999785423279,0.824999988079071,0.8349999785423279,36205,2020-01-29 00:00:00+11:00
0.8349999785423279,0.8349999785423279,0.8100000023841858,0.8100000023841858,45944,2020-01-30 00:00:00+11:00
0.824999988079071,0.8399999737739563,0.8199999928474426,0.8399999737739563,530942,2020-01-31 00:00:00+11:00
0.8299999833106995,0.8299999833106995,0.800000011920929,0.800000011920929,40184,2020-02-03 00:00:00+11:00
0.800000011920929,0.800000011920929,0.800000011920929,0.800000011920929,1015,2020-02-04 00:00:00+11:00
0.824999988079071,0.824999988079071,0.8149999976158142,0.8199999928474426,3681,2020-02-05 00:00:00+11:00
0.824999988079071,0.8299999833106995,0.7900000214576721,0.800000011920929,126444,2020-02-06 00:00:00+11:00
0.800000011920929,0.8050000071525574,0.7900000214576721,0.800000011920929,122891,2020-02-07 00:00:00+11:00
0.7950000166893005,0.800000011920929,0.7900000214576721,0.800000011920929,77848,2020-02-10 00:00:00+11:00
0.800000011920929,0.8050000071525574,0.7950000166893005,0.7950000166893005,63153,2020-02-11 00:00:00+11:00
0.7950000166893005,0.800000011920929,0.7649999856948853,0.800000011920929,52338,2020-02-12 00:00:00+11:00
0.800000011920929,0.800000011920929,0.800000011920929,0.800000011920929,26504,2020-02-13 00:00:00+11:00
0.8199999928474426,0.8199999928474426,0.7149999737739563,0.800000011920929,1508673,2020-02-14 00:00:00+11:00
0.824999988079071,0.8500000238418579,0.8199999928474426,0.8199999928474426,28192,2020-02-17 00:00:00+11:00
0.800000011920929,0.800000011920929,0.7599999904632568,0.7599999904632568,8520,2020-02-18 00:00:00+11:00
0.7149999737739563,0.7300000190734863,0.7099999785423279,0.7149999737739563,19000,2020-02-19 00:00:00+11:00
0.7149999737739563,0.7200000286102295,0.6949999928474426,0.699999988079071,16166,2020-02-20 00:00:00+11:00
0.6949999928474426,0.7099999785423279,0.6949999928474426,0.7099999785423279,79902,2020-02-21 00:00:00+11:00
0.7099999785423279,0.7149999737739563,0.699999988079071,0.7099999785423279,58935,2020-02-24 00:00:00+11:00
0.6850000023841858,0.7099999785423279,0.6850000023841858,0.7099999785423279,6320,2020-02-25 00:00:00+11:00
0.6899999976158142,0.7099999785423279,0.6899999976158142,0.7099999785423279,6827,2020-02-26 00:00:00+11:00
0.6650000214576721,0.699999988079071,0.6650000214576721,0.699999988079071,13479,2020-02-27 00:00:00+11:00
0.6600000262260437,0.6949999928474426,0.6600000262260437,0.6800000071525574,12431,2020-02-28 00:00:00+11:00
0.675000011920929,0.6899999976158142,0.6600000262260437,0.6899999976158142,14036,2020-03-02 00:00:00+11:00
0.6850000023841858,0.7149999737739563,0.6850000023841858,0.7149999737739563,22403,2020-03-03 00:00:00+11:00
0.7049999833106995,0.7300000190734863,0.7049999833106995,0.7200000286102295,89114,2020-03-04 00:00:00+11:00
0.7200000286102295,0.7300000190734863,0.7099999785423279,0.7300000190734863,33999,2020-03-05 00:00:00+11:00
0.7149999737739563,0.7300000190734863,0.7099999785423279,0.7200000286102295,74968,2020-03-06 00:00:00+11:00
0.7200000286102295,0.7200000286102295,0.6949999928474426,0.699999988079071,59467,2020-03-09 00:00:00+11:00
0.7099999785423279,0.7099999785423279,0.7049999833106995,0.7099999785423279,21730,2020-03-10 00:00:00+11:00
0.699999988079071,0.699999988079071,0.699999988079071,0.699999988079071,5000,2020-03-11 00:00:00+11:00
0.699999988079071,0.699999988079071,0.699999988079071,0.699999988079071,0,2020-03-12 00:00:00+11:00
0.6050000190734863,0.699999988079071,0.6000000238418579,0.699999988079071,63254,2020-03-13 00:00:00+11:00
0.6899999976158142,0.7099999785423279,0.6899999976158142,0.7049999833106995,56138,2020-03-16 00:00:00+11:00
0.6499999761581421,0.7850000262260437,0.6499999761581421,0.7850000262260437,83809,2020-03-17 00:00:00+11:00
0.7649999856948853,0.7649999856948853,0.699999988079071,0.7250000238418579,62485,2020-03-18 00:00:00+11:00
0.7350000143051147,0.7649999856948853,0.7350000143051147,0.7450000047683716,44346,2020-03-19 00:00:00+11:00
0.7400000095367432,0.7400000095367432,0.6549999713897705,0.7300000190734863,96570,2020-03-20 00:00:00+11:00
0.6949999928474426,0.7300000190734863,0.6949999928474426,0.7300000190734863,25327,2020-03-23 00:00:00+11:00
0.7250000238418579,0.7450000047683716,0.6899999976158142,0.7450000047683716,2078323,2020-03-24 00:00:00+11:00
0.7799999713897705,0.7799999713897705,0.7350000143051147,0.7649999856948853,4103045,2020-03-25 00:00:00+11:00
0.75,0.7549999952316284,0.7450000047683716,0.75,159834,2020-03-26 00:00:00+11:00
0.75,0.7799999713897705,0.75,0.7799999713897705,177117,2020-03-27 00:00:00+11:00
0.800000011920929,0.8050000071525574,0.800000011920929,0.800000011920929,93188,2020-03-30 00:00:00+11:00
0.8399999737739563,0.8999999761581421,0.800000011920929,0.8399999737739563,82511,2020-03-31 00:00:00+11:00
0.8450000286102295,0.8500000238418579,0.7950000166893005,0.8450000286102295,163649,2020-04-01 00:00:00+11:00
0.8450000286102295,0.8450000286102295,0.8450000286102295,0.8450000286102295,0,2020-04-02 00:00:00+11:00
0.871999979019165,0.8949999809265137,0.8500000238418579,0.8949999809265137,64750,2020-04-03 00:00:00+11:00
0.8999999761581421,0.949999988079071,0.8999999761581421,0.949999988079071,27458,2020-04-06 00:00:00+10:00
0.9800000190734863,0.9850000143051147,0.9599999785423279,0.9800000190734863,68962,2020-04-07 00:00:00+10:00
0.9800000190734863,0.9800000190734863,0.8999999761581421,0.9100000262260437,67061,2020-04-08 00:00:00+10:00
0.9300000071525574,0.9300000071525574,0.8399999737739563,0.8799999952316284,55707,2020-04-09 00:00:00+10:00
0.8899999856948853,0.8949999809265137,0.8450000286102295,0.875,28884,2020-04-14 00:00:00+10:00
0.8650000095367432,0.8650000095367432,0.8299999833106995,0.8650000095367432,37639,2020-04-15 00:00:00+10:00
0.824999988079071,0.8500000238418579,0.8050000071525574,0.8299999833106995,149845,2020-04-16 00:00:00+10:00
0.8299999833106995,0.8420000076293945,0.8299999833106995,0.8349999785423279,106609,2020-04-17 00:00:00+10:00
0.8050000071525574,0.8299999833106995,0.8050000071525574,0.8299999833106995,4447,2020-04-20 00:00:00+10:00
0.8100000023841858,0.8149999976158142,0.7799999713897705,0.8149999976158142,23994,2020-04-21 00:00:00+10:00
0.8100000023841858,0.8149999976158142,0.8100000023841858,0.8100000023841858,66407,2020-04-22 00:00:00+10:00
0.800000011920929,0.8199999928474426,0.7900000214576721,0.8149999976158142,50418,2020-04-23 00:00:00+10:00
0.7900000214576721,0.7900000214576721,0.7799999713897705,0.7850000262260437,36316,2020-04-24 00:00:00+10:00
0.7799999713897705,0.7799999713897705,0.7200000286102295,0.7549999952316284,144860,2020-04-27 00:00:00+10:00
0.7549999952316284,0.7699999809265137,0.7549999952316284,0.7549999952316284,34820,2020-04-28 00:00:00+10:00
0.7549999952316284,0.7649999856948853,0.75,0.7649999856948853,29937,2020-04-29 00:00:00+10:00
0.7549999952316284,0.7549999952316284,0.75,0.75,65138,2020-04-30 00:00:00+10:00
0.7549999952316284,0.7549999952316284,0.7250000238418579,0.75,33066,2020-05-01 00:00:00+10:00
0.7300000190734863,0.7599999904632568,0.7250000238418579,0.7599999904632568,45916,2020-05-04 00:00:00+10:00
0.7649999856948853,0.7649999856948853,0.7599999904632568,0.7649999856948853,5468,2020-05-05 00:00:00+10:00
0.7599999904632568,0.7699999809265137,0.7549999952316284,0.7649999856948853,144875,2020-05-06 00:00:00+10:00
0.7549999952316284,0.7549999952316284,0.75,0.75,15200,2020-05-07 00:00:00+10:00
0.7549999952316284,0.7549999952316284,0.75,0.75,60550,2020-05-08 00:00:00+10:00
0.7699999809265137,0.7699999809265137,0.7599999904632568,0.7599999904632568,98726,2020-05-11 00:00:00+10:00
0.7599999904632568,0.7649999856948853,0.7400000095367432,0.7400000095367432,289496,2020-05-12 00:00:00+10:00
0.7400000095367432,0.75,0.7400000095367432,0.7450000047683716,164055,2020-05-13 00:00:00+10:00
0.75,0.7649999856948853,0.7400000095367432,0.7549999952316284,77711,2020-05-14 00:00:00+10:00
0.7599999904632568,0.7599999904632568,0.7549999952316284,0.7549999952316284,10369,2020-05-15 00:00:00+10:00
0.7549999952316284,0.7749999761581421,0.7549999952316284,0.7549999952316284,20710,2020-05-18 00:00:00+10:00
0.7549999952316284,0.7549999952316284,0.7549999952316284,0.7549999952316284,0,2020-05-19 00:00:00+10:00
0.75,0.7699999809265137,0.7450000047683716,0.75,333930,2020-05-20 00:00:00+10:00
0.7450000047683716,0.7450000047683716,0.7450000047683716,0.7450000047683716,5000,2020-05-21 00:00:00+10:00
0.75,0.7649999856948853,0.7400000095367432,0.7649999856948853,52379,2020-05-22 00:00:00+10:00
0.75,0.75,0.75,0.75,2840,2020-05-25 00:00:00+10:00
0.7549999952316284,0.7599999904632568,0.75,0.75,18367,2020-05-26 00:00:00+10:00
0.75,0.7519999742507935,0.7450000047683716,0.75,164998,2020-05-27 00:00:00+10:00
0.75,0.75,0.75,0.75,732836,2020-05-28 00:00:00+10:00
0.75,0.75,0.75,0.75,0,2020-05-29 00:00:00+10:00
0.75,0.75,0.75,0.75,0,2020-06-01 00:00:00+10:00
0.7400000095367432,0.7649999856948853,0.7400000095367432,0.7649999856948853,8419,2020-06-02 00:00:00+10:00
0.7599999904632568,0.7599999904632568,0.75,0.7599999904632568,13156,2020-06-03 00:00:00+10:00
0.7450000047683716,0.7649999856948853,0.7400000095367432,0.7649999856948853,36344,2020-06-04 00:00:00+10:00
0.7599999904632568,0.7649999856948853,0.7599999904632568,0.7649999856948853,28767,2020-06-05 00:00:00+10:00
0.7649999856948853,0.7649999856948853,0.7549999952316284,0.7599999904632568,309698,2020-06-09 00:00:00+10:00
0.75,0.75,0.75,0.75,4570,2020-06-10 00:00:00+10:00
0.75,0.7549999952316284,0.7400000095367432,0.7549999952316284,44508,2020-06-11 00:00:00+10:00
0.7400000095367432,0.75,0.7200000286102295,0.75,37580,2020-06-12 00:00:00+10:00
0.7450000047683716,0.7549999952316284,0.7450000047683716,0.7549999952316284,9409,2020-06-15 00:00:00+10:00
0.7450000047683716,0.7549999952316284,0.7400000095367432,0.7549999952316284,543411,2020-06-16 00:00:00+10:00
0.75,0.7549999952316284,0.7450000047683716,0.7450000047683716,14300,2020-06-17 00:00:00+10:00
0.7450000047683716,0.75,0.7450000047683716,0.75,18931,2020-06-18 00:00:00+10:00
0.7400000095367432,0.75,0.7400000095367432,0.75,4959,2020-06-19 00:00:00+10:00
0.7400000095367432,0.7450000047683716,0.7400000095367432,0.7450000047683716,21252,2020-06-22 00:00:00+10:00
0.8050000071525574,0.8199999928474426,0.7350000143051147,0.7699999809265137,550541,2020-06-23 00:00:00+10:00
0.800000011920929,0.800000011920929,0.7699999809265137,0.7699999809265137,8678,2020-06-24 00:00:00+10:00
0.7950000166893005,0.8450000286102295,0.7950000166893005,0.8399999737739563,264413,2020-06-25 00:00:00+10:00
0.7699999809265137,0.8349999785423279,0.7699999809265137,0.8299999833106995,129978,2020-06-26 00:00:00+10:00
0.8349999785423279,0.8600000143051147,0.8349999785423279,0.8600000143051147,21361,2020-06-29 00:00:00+10:00
0.875,0.8849999904632568,0.8600000143051147,0.8600000143051147,155894,2020-06-30 00:00:00+10:00
0.8849999904632568,0.8899999856948853,0.8849999904632568,0.8899999856948853,1280291,2020-07-01 00:00:00+10:00
0.8600000143051147,0.8999999761581421,0.8600000143051147,0.8999999761581421,13747,2020-07-02 00:00:00+10:00
0.9350000023841858,0.9350000023841858,0.8999999761581421,0.9300000071525574,22695,2020-07-03 00:00:00+10:00
0.9300000071525574,0.9750000238418579,0.9300000071525574,0.9549999833106995,30873,2020-07-06 00:00:00+10:00
0.9700000286102295,0.9700000286102295,0.8899999856948853,0.8899999856948853,14133,2020-07-07 00:00:00+10:00
0.8999999761581421,0.925000011920929,0.8999999761581421,0.9200000166893005,25120,2020-07-08 00:00:00+10:00
0.8999999761581421,0.9449999928474426,0.8999999761581421,0.9200000166893005,15057,2020-07-09 00:00:00+10:00
0.9200000166893005,0.9399999976158142,0.8700000047683716,0.9200000166893005,1534957,2020-07-10 00:00:00+10:00
0.9449999928474426,0.9900000095367432,0.9449999928474426,0.9900000095367432,64046,2020-07-13 00:00:00+10:00
1.0399999618530273,1.100000023841858,1.0399999618530273,1.0750000476837158,2395240,2020-07-14 00:00:00+10:00
1.0800000429153442,1.0800000429153442,1.024999976158142,1.0449999570846558,44365,2020-07-15 00:00:00+10:00
1.0549999475479126,1.065000057220459,1.0299999713897705,1.0499999523162842,64269,2020-07-16 00:00:00+10:00
1.0399999618530273,1.0449999570846558,1.0199999809265137,1.0449999570846558,7759,2020-07-17 00:00:00+10:00
1.0449999570846558,1.0499999523162842,1.0299999713897705,1.0299999713897705,55578,2020-07-20 00:00:00+10:00
1.0299999713897705,1.034999966621399,1.0299999713897705,1.034999966621399,14240,2020-07-21 00:00:00+10:00
1.0199999809265137,1.0299999713897705,1.0199999809265137,1.0299999713897705,11400,2020-07-22 00:00:00+10:00
1.0299999713897705,1.0299999713897705,1.0299999713897705,1.0299999713897705,0,2020-07-23 00:00:00+10:00
1.0399999618530273,1.0499999523162842,1.0199999809265137,1.0299999713897705,58468,2020-07-24 00:00:00+10:00
1.0299999713897705,1.0449999570846558,1.0299999713897705,1.0449999570846558,60920,2020-07-27 00:00:00+10:00
1.0399999618530273,1.0449999570846558,1.0299999713897705,1.0449999570846558,124780,2020-07-28 00:00:00+10:00
1.0199999809265137,1.0399999618530273,1.0099999904632568,1.0399999618530273,146852,2020-07-29 00:00:00+10:00
1.0149999856948853,1.0199999809265137,1.0099999904632568,1.0199999809265137,39875,2020-07-30 00:00:00+10:00
1.0299999713897705,1.0700000524520874,1.0099999904632568,1.0449999570846558,396729,2020-07-31 00:00:00+10:00
1.0499999523162842,1.0499999523162842,1.0499999523162842,1.0499999523162842,12579827,2020-08-03 00:00:00+10:00
1.0499999523162842,1.100000023841858,1.0499999523162842,1.100000023841858,215760,2020-08-04 00:00:00+10:00
1.100000023841858,1.1649999618530273,1.065000057220459,1.065000057220459,370952,2020-08-05 00:00:00+10:00
1.1100000143051147,1.1100000143051147,1.0499999523162842,1.0800000429153442,65675,2020-08-06 00:00:00+10:00
1.0800000429153442,1.0800000429153442,1.0499999523162842,1.0700000524520874,49559,2020-08-07 00:00:00+10:00
1.0700000524520874,1.0800000429153442,1.0700000524520874,1.0800000429153442,1838645,2020-08-10 00:00:00+10:00
1.0800000429153442,1.0800000429153442,1.059999942779541,1.0800000429153442,103895,2020-08-11 00:00:00+10:00
1.0800000429153442,1.0800000429153442,1.0149999856948853,1.059999942779541,76341,2020-08-12 00:00:00+10:00
1.0750000476837158,1.100000023841858,1.0750000476837158,1.0950000286102295,114499,2020-08-13 00:00:00+10:00
1.340000033378601,1.440000057220459,1.3049999475479126,1.3450000286102295,1422228,2020-08-14 00:00:00+10:00
1.340000033378601,1.3450000286102295,1.3250000476837158,1.3250000476837158,2635078,2020-08-17 00:00:00+10:00
1.3300000429153442,1.3450000286102295,1.3300000429153442,1.340000033378601,1083944,2020-08-18 00:00:00+10:00
1.340000033378601,1.3450000286102295,1.3300000429153442,1.340000033378601,582988,2020-08-19 00:00:00+10:00
1.340000033378601,1.3450000286102295,1.3250000476837158,1.340000033378601,165055,2020-08-20 00:00:00+10:00
1.3250000476837158,1.3350000381469727,1.3250000476837158,1.3250000476837158,66747,2020-08-21 00:00:00+10:00
1.3350000381469727,1.3350000381469727,1.3250000476837158,1.3250000476837158,33407,2020-08-24 00:00:00+10:00
1.3250000476837158,1.3300000429153442,1.3250000476837158,1.3250000476837158,75311,2020-08-25 00:00:00+10:00
1.3250000476837158,1.3300000429153442,1.3200000524520874,1.3250000476837158,279260,2020-08-26 00:00:00+10:00
1.3250000476837158,1.3300000429153442,1.315000057220459,1.3250000476837158,482746,2020-08-27 00:00:00+10:00
1.3250000476837158,1.3250000476837158,1.315000057220459,1.315000057220459,496127,2020-08-28 00:00:00+10:00
1.3200000524520874,1.3250000476837158,1.3200000524520874,1.3200000524520874,441743,2020-08-31 00:00:00+10:00
1.3300000429153442,1.3300000429153442,1.3200000524520874,1.3200000524520874,697713,2020-09-01 00:00:00+10:00
1.3200000524520874,1.3250000476837158,1.315000057220459,1.3200000524520874,545764,2020-09-02 00:00:00+10:00
1.3200000524520874,1.3250000476837158,1.315000057220459,1.3200000524520874,471749,2020-09-03 00:00:00+10:00
1.315000057220459,1.3250000476837158,1.315000057220459,1.3200000524520874,307730,2020-09-04 00:00:00+10:00
1.340000033378601,1.340000033378601,1.3200000524520874,1.3200000524520874,63489,2020-09-07 00:00:00+10:00
1.340000033378601,1.3450000286102295,1.3300000429153442,1.3350000381469727,39872,2020-09-08 00:00:00+10:00
1.3300000429153442,1.340000033378601,1.3250000476837158,1.3300000429153442,51368,2020-09-09 00:00:00+10:00
1.340000033378601,1.340000033378601,1.3250000476837158,1.3350000381469727,27548,2020-09-10 00:00:00+10:00
1.3250000476837158,1.3350000381469727,1.3200000524520874,1.3200000524520874,317409,2020-09-11 00:00:00+10:00
1.3270000219345093,1.3300000429153442,1.3200000524520874,1.3200000524520874,215074,2020-09-14 00:00:00+10:00
1.3300000429153442,1.340000033378601,1.3200000524520874,1.3200000524520874,217362,2020-09-15 00:00:00+10:00
1.3200000524520874,1.3350000381469727,1.3200000524520874,1.3350000381469727,9127,2020-09-16 00:00:00+10:00
1.3300000429153442,1.340000033378601,1.3200000524520874,1.3350000381469727,209484,2020-09-17 00:00:00+10:00
1.3250000476837158,1.3350000381469727,1.3250000476837158,1.3350000381469727,24213,2020-09-18 00:00:00+10:00
1.3250000476837158,1.340000033378601,1.3250000476837158,1.3300000429153442,30325,2020-09-21 00:00:00+10:00
1.3300000429153442,1.3300000429153442,1.3300000429153442,1.3300000429153442,0,2020-09-22 00:00:00+10:00
1.3250000476837158,1.3300000429153442,1.3200000524520874,1.3300000429153442,225097,2020-09-23 00:00:00+10:00
1.3300000429153442,1.3300000429153442,1.3300000429153442,1.3300000429153442,0,2020-09-24 00:00:00+10:00
1.3250000476837158,1.3300000429153442,1.315000057220459,1.3200000524520874,509650,2020-09-25 00:00:00+10:00
1.3200000524520874,1.3300000429153442,1.3200000524520874,1.3300000429153442,2878139,2020-09-28 00:00:00+10:00
1.3300000429153442,1.3300000429153442,1.3250000476837158,1.3300000429153442,29378,2020-09-29 00:00:00+10:00
1.3200000524520874,1.3300000429153442,1.3200000524520874,1.3300000429153442,4458,2020-09-30 00:00:00+10:00
1.3250000476837158,1.3300000429153442,1.3200000524520874,1.3250000476837158,66497,2020-10-01 00:00:00+10:00
1.3200000524520874,1.3250000476837158,1.315000057220459,1.315000057220459,299005,2020-10-02 00:00:00+10:00
1.309999942779541,1.3200000524520874,1.309999942779541,1.3200000524520874,8297,2020-10-05 00:00:00+11:00
1.315000057220459,1.3200000524520874,1.315000057220459,1.3200000524520874,6880,2020-10-06 00:00:00+11:00
1.309999942779541,1.315000057220459,1.2100000381469727,1.2450000047683716,496423,2020-10-07 00:00:00+11:00
1.2649999856948853,1.315000057220459,1.2649999856948853,1.2949999570846558,47009,2020-10-08 00:00:00+11:00
1.2799999713897705,1.2799999713897705,1.2549999952316284,1.2549999952316284,159723,2020-10-09 00:00:00+11:00
1.2549999952316284,1.2799999713897705,1.2300000190734863,1.2300000190734863,350695,2020-10-12 00:00:00+11:00
1.225000023841858,1.25,1.225000023841858,1.2400000095367432,269280,2020-10-13 00:00:00+11:00
1.2400000095367432,1.25,1.2400000095367432,1.2400000095367432,58198,2020-10-14 00:00:00+11:00
1.2400000095367432,1.2450000047683716,1.2400000095367432,1.2400000095367432,74723,2020-10-15 00:00:00+11:00
1.2450000047683716,1.25,1.2400000095367432,1.2400000095367432,51882,2020-10-16 00:00:00+11:00
1.25,1.25,1.2400000095367432,1.2400000095367432,112632,2020-10-19 00:00:00+11:00
1.2400000095367432,1.2450000047683716,1.2400000095367432,1.2400000095367432,50874,2020-10-20 00:00:00+11:00
1.2450000047683716,1.2599999904632568,1.2400000095367432,1.25,551242,2020-10-21 00:00:00+11:00
1.2549999952316284,1.2699999809265137,1.2450000047683716,1.2699999809265137,628592,2020-10-22 00:00:00+11:00
1.2649999856948853,1.2649999856948853,1.2400000095367432,1.2400000095367432,193550,2020-10-23 00:00:00+11:00
1.2549999952316284,1.2549999952316284,1.2300000190734863,1.2300000190734863,84957,2020-10-26 00:00:00+11:00
1.2350000143051147,1.2350000143051147,1.2200000286102295,1.2300000190734863,123764,2020-10-27 00:00:00+11:00
1.2350000143051147,1.2450000047683716,1.2300000190734863,1.2350000143051147,74542,2020-10-28 00:00:00+11:00
1.2450000047683716,1.25,1.2300000190734863,1.2450000047683716,201814,2020-10-29 00:00:00+11:00
1.2450000047683716,1.2450000047683716,1.2300000190734863,1.2350000143051147,120210,2020-10-30 00:00:00+11:00
1.25,1.25,1.2350000143051147,1.2350000143051147,202234,2020-11-02 00:00:00+11:00
1.2450000047683716,1.2450000047683716,1.2300000190734863,1.2400000095367432,1595411,2020-11-03 00:00:00+11:00
1.2450000047683716,1.2450000047683716,1.2350000143051147,1.2350000143051147,54680,2020-11-04 00:00:00+11:00
1.2450000047683716,1.2450000047683716,1.2300000190734863,1.2300000190734863,119688,2020-11-05 00:00:00+11:00
1.2450000047683716,1.2450000047683716,1.2300000190734863,1.2300000190734863,58602,2020-11-06 00:00:00+11:00
1.2450000047683716,1.2450000047683716,1.2100000381469727,1.2300000190734863,327660,2020-11-09 00:00:00+11:00
1.2200000286102295,1.2300000190734863,1.2050000429153442,1.2100000381469727,229422,2020-11-10 00:00:00+11:00
1.2200000286102295,1.2200000286102295,1.1749999523162842,1.2050000429153442,245852,2020-11-11 00:00:00+11:00
1.2050000429153442,1.2200000286102295,1.2000000476837158,1.2050000429153442,119333,2020-11-12 00:00:00+11:00
1.3799999952316284,1.4199999570846558,1.3600000143051147,1.3650000095367432,1127316,2020-11-13 00:00:00+11:00
1.3799999952316284,1.3949999809265137,1.3600000143051147,1.3600000143051147,74076,2020-11-16 00:00:00+11:00
1.3550000190734863,1.3550000190734863,1.2949999570846558,1.2949999570846558,195524,2020-11-17 00:00:00+11:00
1.3550000190734863,1.399999976158142,1.340000033378601,1.350000023841858,985401,2020-11-18 00:00:00+11:00
1.3550000190734863,1.3799999952316284,1.350000023841858,1.3650000095367432,109748,2020-11-19 00:00:00+11:00
1.3700000047683716,1.4049999713897705,1.350000023841858,1.375,4155755,2020-11-20 00:00:00+11:00
1.3799999952316284,1.434999942779541,1.3799999952316284,1.434999942779541,652434,2020-11-23 00:00:00+11:00
1.434999942779541,1.434999942779541,1.3799999952316284,1.3849999904632568,292337,2020-11-24 00:00:00+11:00
1.3799999952316284,1.3849999904632568,1.3799999952316284,1.3799999952316284,84941,2020-11-25 00:00:00+11:00
1.375,1.375,1.3350000381469727,1.350000023841858,213599,2020-11-26 00:00:00+11:00
1.350000023841858,1.3600000143051147,1.350000023841858,1.3600000143051147,142831,2020-11-27 00:00:00+11:00
1.3700000047683716,1.3700000047683716,1.3550000190734863,1.3600000143051147,88043,2020-11-30 00:00:00+11:00
1.3600000143051147,1.3700000047683716,1.3550000190734863,1.3650000095367432,70504,2020-12-01 00:00:00+11:00
1.3650000095367432,1.3700000047683716,1.3600000143051147,1.3700000047683716,31116,2020-12-02 00:00:00+11:00
1.3600000143051147,1.3700000047683716,1.3600000143051147,1.3700000047683716,32377,2020-12-03 00:00:00+11:00
1.3700000047683716,1.3700000047683716,1.3600000143051147,1.3700000047683716,25350,2020-12-04 00:00:00+11:00
1.3700000047683716,1.3700000047683716,1.3650000095367432,1.3700000047683716,17790,2020-12-07 00:00:00+11:00
1.3700000047683716,1.3700000047683716,1.350000023841858,1.350000023841858,63456,2020-12-08 00:00:00+11:00
1.3324999809265137,1.3650000095367432,1.3324999809265137,1.350000023841858,38155,2020-12-09 00:00:00+11:00
1.3550000190734863,1.3600000143051147,1.340000033378601,1.3600000143051147,74892,2020-12-10 00:00:00+11:00
1.3550000190734863,1.3600000143051147,1.347499966621399,1.350000023841858,53177,2020-12-11 00:00:00+11:00
1.3600000143051147,1.3600000143051147,1.3350000381469727,1.340000033378601,76064,2020-12-14 00:00:00+11:00
1.315000057220459,1.337499976158142,1.315000057220459,1.3300000429153442,102812,2020-12-15 00:00:00+11:00
1.3300000429153442,1.3300000429153442,1.315000057220459,1.3300000429153442,40868,2020-12-16 00:00:00+11:00
1.3300000429153442,1.3300000429153442,1.3250000476837158,1.3300000429153442,7163,2020-12-17 00:00:00+11:00
1.3300000429153442,1.3300000429153442,1.3300000429153442,1.3300000429153442,0,2020-12-18 00:00:00+11:00
1.3200000524520874,1.3200000524520874,1.309999942779541,1.309999942779541,150919,2020-12-21 00:00:00+11:00
1.309999942779541,1.3250000476837158,1.309999942779541,1.3250000476837158,39348,2020-12-22 00:00:00+11:00
1.3200000524520874,1.3200000524520874,1.315000057220459,1.315000057220459,20429,2020-12-23 00:00:00+11:00
1.315000057220459,1.315000057220459,1.315000057220459,1.315000057220459,513802,2020-12-24 00:00:00+11:00
1.309999942779541,1.3250000476837158,1.309999942779541,1.3200000524520874,22739,2020-12-29 00:00:00+11:00
1.315000057220459,1.3300000429153442,1.315000057220459,1.3300000429153442,21739,2020-12-30 00:00:00+11:00
1.3300000429153442,1.3300000429153442,1.3300000429153442,1.3300000429153442,0,2020-12-31 00:00:00+11:00
1.309999942779541,1.3200000524520874,1.3049999475479126,1.3049999475479126,129785,2021-01-04 00:00:00+11:00
1.315000057220459,1.3300000429153442,1.315000057220459,1.3300000429153442,9728,2021-01-05 00:00:00+11:00
1.3049999475479126,1.3049999475479126,1.3049999475479126,1.3049999475479126,550,2021-01-06 00:00:00+11:00
1.3049999475479126,1.3049999475479126,1.2999999523162842,1.2999999523162842,13365,2021-01-07 00:00:00+11:00
1.3049999475479126,1.3300000429153442,1.2949999570846558,1.2949999570846558,68315,2021-01-08 00:00:00+11:00
1.315000057220459,1.315000057220459,1.315000057220459,1.315000057220459,1520,2021-01-11 00:00:00+11:00
1.2999999523162842,1.309999942779541,1.2899999618530273,1.2899999618530273,95567,2021-01-12 00:00:00+11:00
1.2899999618530273,1.2899999618530273,1.2799999713897705,1.2899999618530273,15000,2021-01-13 00:00:00+11:00
1.2999999523162842,1.2999999523162842,1.2799999713897705,1.2799999713897705,827,2021-01-14 00:00:00+11:00
1.2799999713897705,1.2999999523162842,1.25,1.2799999713897705,57131,2021-01-15 00:00:00+11:00
1.2799999713897705,1.284999966621399,1.2799999713897705,1.284999966621399,4827,2021-01-18 00:00:00+11:00
1.284999966621399,1.284999966621399,1.284999966621399,1.284999966621399,3600,2021-01-19 00:00:00+11:00
1.2699999809265137,1.3049999475479126,1.2200000286102295,1.2200000286102295,186816,2021-01-20 00:00:00+11:00
1.2050000429153442,1.4299999475479126,1.2050000429153442,1.3700000047683716,1588043,2021-01-21 00:00:00+11:00
1.350000023841858,1.350000023841858,1.2799999713897705,1.3450000286102295,251087,2021-01-22 00:00:00+11:00
1.3300000429153442,1.340000033378601,1.2999999523162842,1.340000033378601,173883,2021-01-25 00:00:00+11:00
1.3300000429153442,1.340000033378601,1.315000057220459,1.340000033378601,164640,2021-01-27 00:00:00+11:00
1.3350000381469727,1.340000033378601,1.3300000429153442,1.340000033378601,59749,2021-01-28 00:00:00+11:00
1.340000033378601,1.350000023841858,1.3200000524520874,1.350000023841858,95862,2021-01-29 00:00:00+11:00
1.350000023841858,1.350000023841858,1.3450000286102295,1.350000023841858,54006,2021-02-01 00:00:00+11:00
1.350000023841858,1.350000023841858,1.3250000476837158,1.350000023841858,184007,2021-02-02 00:00:00+11:00
1.3300000429153442,1.350000023841858,1.3300000429153442,1.350000023841858,14245,2021-02-03 00:00:00+11:00
1.340000033378601,1.340000033378601,1.2799999713897705,1.2999999523162842,327133,2021-02-04 00:00:00+11:00
1.2999999523162842,1.3250000476837158,1.2799999713897705,1.2949999570846558,215872,2021-02-05 00:00:00+11:00
1.2999999523162842,1.3250000476837158,1.2899999618530273,1.2949999570846558,113993,2021-02-08 00:00:00+11:00
1.2899999618530273,1.2999999523162842,1.2549999952316284,1.2999999523162842,94457,2021-02-09 00:00:00+11:00
1.2699999809265137,1.2949999570846558,1.2649999856948853,1.2949999570846558,5084,2021-02-10 00:00:00+11:00
1.2799999713897705,1.2799999713897705,1.2050000429153442,1.2300000190734863,224583,2021-02-11 00:00:00+11:00
1.2300000190734863,1.25,1.2300000190734863,1.2350000143051147,223518,2021-02-12 00:00:00+11:00
1.2350000143051147,1.2350000143051147,1.2350000143051147,1.2350000143051147,0,2021-02-15 00:00:00+11:00
1.2649999856948853,1.2949999570846558,1.2599999904632568,1.2649999856948853,100067,2021-02-16 00:00:00+11:00
1.2699999809265137,1.2699999809265137,1.2300000190734863,1.2400000095367432,57582,2021-02-17 00:00:00+11:00
1.25,1.284999966621399,1.2400000095367432,1.2450000047683716,77413,2021-02-18 00:00:00+11:00
1.25,1.2699999809265137,1.2000000476837158,1.2200000286102295,188573,2021-02-19 00:00:00+11:00
1.2699999809265137,1.3049999475479126,1.2400000095367432,1.2400000095367432,87445,2021-02-22 00:00:00+11:00
1.25,1.25,1.25,1.25,29878,2021-02-23 00:00:00+11:00
1.2599999904632568,1.2599999904632568,1.2400000095367432,1.25,22293,2021-02-24 00:00:00+11:00
1.2350000143051147,1.2350000143051147,1.2300000190734863,1.2300000190734863,4788,2021-02-25 00:00:00+11:00
1.25,1.25,1.2000000476837158,1.2200000286102295,153361,2021-02-26 00:00:00+11:00
1.2000000476837158,1.2450000047683716,1.1699999570846558,1.2450000047683716,160702,2021-03-01 00:00:00+11:00
1.2100000381469727,1.215000033378601,1.2000000476837158,1.215000033378601,48963,2021-03-02 00:00:00+11:00
1.2100000381469727,1.2100000381469727,1.2050000429153442,1.2050000429153442,540023,2021-03-03 00:00:00+11:00
1.2050000429153442,1.2050000429153442,1.2050000429153442,1.2050000429153442,19541,2021-03-04 00:00:00+11:00
1.2000000476837158,1.2000000476837158,1.1950000524520874,1.1950000524520874,9036,2021-03-05 00:00:00+11:00
1.1649999618530273,1.190000057220459,1.1649999618530273,1.190000057220459,5336,2021-03-08 00:00:00+11:00
1.2000000476837158,1.2000000476837158,1.2000000476837158,1.2000000476837158,1500,2021-03-09 00:00:00+11:00
1.2000000476837158,1.2000000476837158,1.1950000524520874,1.1950000524520874,4995,2021-03-10 00:00:00+11:00
1.2350000143051147,1.2350000143051147,1.1950000524520874,1.1950000524520874,10114,2021-03-11 00:00:00+11:00
1.2000000476837158,1.2799999713897705,1.2000000476837158,1.2000000476837158,54644,2021-03-12 00:00:00+11:00
1.2000000476837158,1.2549999952316284,1.2000000476837158,1.2549999952316284,20350,2021-03-15 00:00:00+11:00
1.2599999904632568,1.2799999713897705,1.2599999904632568,1.274999976158142,41808,2021-03-16 00:00:00+11:00
1.2350000143051147,1.284999966621399,1.2350000143051147,1.284999966621399,1706,2021-03-17 00:00:00+11:00
1.2350000143051147,1.2350000143051147,1.2000000476837158,1.2350000143051147,3909,2021-03-18 00:00:00+11:00
1.2400000095367432,1.25,1.2300000190734863,1.2300000190734863,36476,2021-03-19 00:00:00+11:00
1.2400000095367432,1.274999976158142,1.215000033378601,1.25,33905,2021-03-22 00:00:00+11:00
1.225000023841858,1.225000023841858,1.225000023841858,1.225000023841858,19896,2021-03-23 00:00:00+11:00
1.2300000190734863,1.2799999713897705,1.2300000190734863,1.2799999713897705,51714,2021-03-24 00:00:00+11:00
1.2649999856948853,1.2799999713897705,1.2649999856948853,1.2799999713897705,6847,2021-03-25 00:00:00+11:00
1.2799999713897705,1.2799999713897705,1.2799999713897705,1.2799999713897705,0,2021-03-26 00:00:00+11:00
1.274999976158142,1.274999976158142,1.2549999952316284,1.2549999952316284,7241,2021-03-29 00:00:00+11:00
1.2450000047683716,1.2450000047683716,1.2450000047683716,1.2450000047683716,5000,2021-03-30 00:00:00+11:00
1.2799999713897705,1.2949999570846558,1.2799999713897705,1.2899999618530273,64365,2021-03-31 00:00:00+11:00
1.2899999618530273,1.2899999618530273,1.2699999809265137,1.2699999809265137,27311,2021-04-01 00:00:00+11:00
1.2899999618530273,1.2899999618530273,1.2899999618530273,1.2899999618530273,500,2021-04-06 00:00:00+10:00
1.25,1.2699999809265137,1.25,1.2699999809265137,29000,2021-04-07 00:00:00+10:00
1.2649999856948853,1.2699999809265137,1.2599999904632568,1.2699999809265137,5877,2021-04-08 00:00:00+10:00
1.2599999904632568,1.2649999856948853,1.2599999904632568,1.2649999856948853,84025,2021-04-09 00:00:00+10:00
1.2999999523162842,1.3700000047683716,1.2999999523162842,1.309999942779541,814616,2021-04-12 00:00:00+10:00
1.309999942779541,1.309999942779541,1.2899999618530273,1.2999999523162842,235174,2021-04-13 00:00:00+10:00
1.2949999570846558,1.2949999570846558,1.2599999904632568,1.2649999856948853,278907,2021-04-14 00:00:00+10:00
1.2599999904632568,1.2599999904632568,1.2549999952316284,1.2549999952316284,81885,2021-04-15 00:00:00+10:00
1.2549999952316284,1.2549999952316284,1.2300000190734863,1.25,2259892,2021-04-16 00:00:00+10:00
1.25,1.2999999523162842,1.25,1.2999999523162842,353194,2021-04-19 00:00:00+10:00
1.2999999523162842,1.309999942779541,1.2999999523162842,1.309999942779541,125043,2021-04-20 00:00:00+10:00
1.2999999523162842,1.2999999523162842,1.2999999523162842,1.2999999523162842,9230,2021-04-21 00:00:00+10:00
1.3049999475479126,1.309999942779541,1.2999999523162842,1.309999942779541,32287,2021-04-22 00:00:00+10:00
1.2999999523162842,1.309999942779541,1.2599999904632568,1.2599999904632568,9307,2021-04-23 00:00:00+10:00
1.2599999904632568,1.2999999523162842,1.215000033378601,1.2599999904632568,101481,2021-04-26 00:00:00+10:00
1.2599999904632568,1.2599999904632568,1.2549999952316284,1.2549999952316284,49444,2021-04-27 00:00:00+10:00
1.2699999809265137,1.2999999523162842,1.2350000143051147,1.2999999523162842,1556880,2021-04-28 00:00:00+10:00
1.2899999618530273,1.309999942779541,1.2899999618530273,1.309999942779541,162474,2021-04-29 00:00:00+10:00
1.309999942779541,1.309999942779541,1.2999999523162842,1.309999942779541,1142644,2021-04-30 00:00:00+10:00
1.2999999523162842,1.309999942779541,1.2999999523162842,1.309999942779541,132426,2021-05-03 00:00:00+10:00
1.2999999523162842,1.350000023841858,1.2999999523162842,1.350000023841858,223279,2021-05-04 00:00:00+10:00
1.3250000476837158,1.340000033378601,1.3250000476837158,1.3300000429153442,214728,2021-05-05 00:00:00+10:00
1.3250000476837158,1.3450000286102295,1.3250000476837158,1.3450000286102295,193680,2021-05-06 00:00:00+10:00
1.350000023841858,1.350000023841858,1.3300000429153442,1.350000023841858,92548,2021-05-07 00:00:00+10:00
1.3200000524520874,1.3650000095367432,1.3200000524520874,1.350000023841858,91121,2021-05-10 00:00:00+10:00
1.350000023841858,1.3650000095367432,1.3450000286102295,1.3600000143051147,116929,2021-05-11 00:00:00+10:00
1.3700000047683716,1.3700000047683716,1.3200000524520874,1.350000023841858,163594,2021-05-12 00:00:00+10:00
1.3700000047683716,1.3700000047683716,1.315000057220459,1.350000023841858,38856,2021-05-13 00:00:00+10:00
1.350000023841858,1.350000023841858,1.340000033378601,1.340000033378601,13967,2021-05-14 00:00:00+10:00
1.350000023841858,1.350000023841858,1.315000057220459,1.315000057220459,5248,2021-05-17 00:00:00+10:00
1.315000057220459,1.315000057220459,1.315000057220459,1.315000057220459,25080,2021-05-18 00:00:00+10:00
1.315000057220459,1.350000023841858,1.315000057220459,1.350000023841858,69731,2021-05-19 00:00:00+10:00
1.3700000047683716,1.3700000047683716,1.3250000476837158,1.340000033378601,25594,2021-05-20 00:00:00+10:00
1.3550000190734863,1.3550000190734863,1.3300000429153442,1.3300000429153442,6562,2021-05-21 00:00:00+10:00
1.350000023841858,1.350000023841858,1.340000033378601,1.340000033378601,10297,2021-05-24 00:00:00+10:00
1.340000033378601,1.340000033378601,1.340000033378601,1.340000033378601,144,2021-05-25 00:00:00+10:00
1.340000033378601,1.340000033378601,1.340000033378601,1.340000033378601,232,2021-05-26 00:00:00+10:00
1.3350000381469727,1.350000023841858,1.2549999952316284,1.2999999523162842,34551,2021-05-27 00:00:00+10:00
1.340000033378601,1.340000033378601,1.284999966621399,1.3300000429153442,26197,2021-05-28 00:00:00+10:00
1.315000057220459,1.3200000524520874,1.315000057220459,1.315000057220459,8998,2021-05-31 00:00:00+10:00
1.2200000286102295,1.3200000524520874,1.2200000286102295,1.3200000524520874,16545,2021-06-01 00:00:00+10:00
1.2999999523162842,1.3200000524520874,1.2549999952316284,1.309999942779541,34781,2021-06-02 00:00:00+10:00
1.3049999475479126,1.3300000429153442,1.3049999475479126,1.3200000524520874,528952,2021-06-03 00:00:00+10:00
1.3200000524520874,1.3200000524520874,1.3200000524520874,1.3200000524520874,8750,2021-06-04 00:00:00+10:00
1.3200000524520874,1.3200000524520874,1.3200000524520874,1.3200000524520874,12841,2021-06-07 00:00:00+10:00
1.3200000524520874,1.3250000476837158,1.3200000524520874,1.3200000524520874,33520,2021-06-08 00:00:00+10:00
1.3300000429153442,1.3700000047683716,1.3300000429153442,1.3700000047683716,212132,2021-06-09 00:00:00+10:00
1.3700000047683716,1.375,1.350000023841858,1.3550000190734863,62176,2021-06-10 00:00:00+10:00
1.3550000190734863,1.3550000190734863,1.3300000429153442,1.340000033378601,57207,2021-06-11 00:00:00+10:00
1.340000033378601,1.340000033378601,1.2999999523162842,1.3250000476837158,2080393,2021-06-15 00:00:00+10:00
1.309999942779541,1.3200000524520874,1.2799999713897705,1.2899999618530273,168866,2021-06-16 00:00:00+10:00
1.2999999523162842,1.2999999523162842,1.2949999570846558,1.2949999570846558,5500,2021-06-17 00:00:00+10:00
1.2899999618530273,1.2999999523162842,1.2899999618530273,1.2999999523162842,65810,2021-06-18 00:00:00+10:00
1.274999976158142,1.2999999523162842,1.274999976158142,1.2949999570846558,38351,2021-06-21 00:00:00+10:00
1.2899999618530273,1.3200000524520874,1.2899999618530273,1.2999999523162842,83557,2021-06-22 00:00:00+10:00
1.2949999570846558,1.3049999475479126,1.284999966621399,1.2899999618530273,188517,2021-06-23 00:00:00+10:00
1.2999999523162842,1.2999999523162842,1.2799999713897705,1.2899999618530273,125000,2021-06-24 00:00:00+10:00
1.2899999618530273,1.2949999570846558,1.284999966621399,1.2899999618530273,15696,2021-06-25 00:00:00+10:00
1.2799999713897705,1.2999999523162842,1.2799999713897705,1.2949999570846558,50795,2021-06-28 00:00:00+10:00
1.2949999570846558,1.3049999475479126,1.2899999618530273,1.3049999475479126,70737,2021-06-29 00:00:00+10:00
1.2899999618530273,1.309999942779541,1.2899999618530273,1.309999942779541,63784,2021-06-30 00:00:00+10:00
1.3200000524520874,1.3200000524520874,1.2999999523162842,1.3200000524520874,59448,2021-07-01 00:00:00+10:00
1.3200000524520874,1.3200000524520874,1.2899999618530273,1.3200000524520874,98073,2021-07-02 00:00:00+10:00
1.309999942779541,1.309999942779541,1.2899999618530273,1.2899999618530273,5332,2021-07-05 00:00:00+10:00
1.2799999713897705,1.2799999713897705,1.2599999904632568,1.2599999904632568,6849,2021-07-06 00:00:00+10:00
1.2699999809265137,1.2825000286102295,1.2649999856948853,1.274999976158142,145500,2021-07-07 00:00:00+10:00
1.2799999713897705,1.2799999713897705,1.274999976158142,1.2799999713897705,45558,2021-07-08 00:00:00+10:00
1.2649999856948853,1.2799999713897705,1.2649999856948853,1.2799999713897705,7738,2021-07-09 00:00:00+10:00
1.2649999856948853,1.284999966621399,1.2649999856948853,1.2699999809265137,43153,2021-07-12 00:00:00+10:00
1.2699999809265137,1.2899999618530273,1.2699999809265137,1.2899999618530273,78693,2021-07-13 00:00:00+10:00
1.2899999618530273,1.2899999618530273,1.284999966621399,1.284999966621399,3030272,2021-07-14 00:00:00+10:00
1.284999966621399,1.2899999618530273,1.2799999713897705,1.2899999618530273,439,2021-07-15 00:00:00+10:00
1.274999976158142,1.274999976158142,1.274999976158142,1.274999976158142,6554,2021-07-16 00:00:00+10:00
1.274999976158142,1.274999976158142,1.2699999809265137,1.2699999809265137,21321,2021-07-19 00:00:00+10:00
1.2699999809265137,1.2699999809265137,1.2649999856948853,1.2649999856948853,22052,2021-07-20 00:00:00+10:00
1.2799999713897705,1.2799999713897705,1.2549999952316284,1.2549999952316284,2859,2021-07-21 00:00:00+10:00
1.2799999713897705,1.2799999713897705,1.2549999952316284,1.2549999952316284,14861,2021-07-22 00:00:00+10:00
1.2549999952316284,1.2549999952316284,1.2549999952316284,1.2549999952316284,0,2021-07-23 00:00:00+10:00
1.2699999809265137,1.2699999809265137,1.2549999952316284,1.2549999952316284,34892,2021-07-26 00:00:00+10:00
1.25,1.2799999713897705,1.2350000143051147,1.25,113576,2021-07-27 00:00:00+10:00
1.2350000143051147,1.2450000047683716,1.2274999618530273,1.2400000095367432,69452,2021-07-28 00:00:00+10:00
1.2450000047683716,1.2450000047683716,1.2350000143051147,1.2400000095367432,14090,2021-07-29 00:00:00+10:00
1.25,1.25,1.2300000190734863,1.2300000190734863,60164,2021-07-30 00:00:00+10:00
1.2300000190734863,1.2350000143051147,1.225000023841858,1.2350000143051147,25956,2021-08-02 00:00:00+10:00
1.2450000047683716,1.2599999904632568,1.2450000047683716,1.2599999904632568,388224,2021-08-03 00:00:00+10:00
1.2799999713897705,1.284999966621399,1.2699999809265137,1.2799999713897705,182801,2021-08-04 00:00:00+10:00
1.2949999570846558,1.2949999570846558,1.2799999713897705,1.2799999713897705,34425,2021-08-05 00:00:00+10:00
1.274999976158142,1.284999966621399,1.274999976158142,1.284999966621399,39871,2021-08-06 00:00:00+10:00
1.2799999713897705,1.284999966621399,1.2799999713897705,1.2799999713897705,81796,2021-08-09 00:00:00+10:00
1.2799999713897705,1.2799999713897705,1.2799999713897705,1.2799999713897705,20322,2021-08-10 00:00:00+10:00
1.2799999713897705,1.2799999713897705,1.2799999713897705,1.2799999713897705,0,2021-08-11 00:00:00+10:00
1.2799999713897705,1.2799999713897705,1.2799999713897705,1.2799999713897705,0,2021-08-12 00:00:00+10:00
1.2699999809265137,1.2699999809265137,1.2599999904632568,1.2699999809265137,53528,2021-08-13 00:00:00+10:00
1.2599999904632568,1.2599999904632568,1.25,1.2599999904632568,2060,2021-08-16 00:00:00+10:00
1.2599999904632568,1.2699999809265137,1.2549999952316284,1.2649999856948853,35423,2021-08-17 00:00:00+10:00
1.2649999856948853,1.2649999856948853,1.2599999904632568,1.2649999856948853,53533,2021-08-18 00:00:00+10:00
1.2649999856948853,1.2649999856948853,1.25,1.2599999904632568,124140,2021-08-19 00:00:00+10:00
1.2599999904632568,1.2999999523162842,1.2599999904632568,1.2999999523162842,52501,2021-08-20 00:00:00+10:00
1.2999999523162842,1.2999999523162842,1.2599999904632568,1.2599999904632568,29447,2021-08-23 00:00:00+10:00
1.2899999618530273,1.2899999618530273,1.25,1.2699999809265137,15408,2021-08-24 00:00:00+10:00
1.2599999904632568,1.2599999904632568,1.25,1.25,2419,2021-08-25 00:00:00+10:00
1.25,1.25,1.1649999618530273,1.215000033378601,73724,2021-08-26 00:00:00+10:00
1.2100000381469727,1.2599999904632568,1.2100000381469727,1.2100000381469727,109036,2021-08-27 00:00:00+10:00
1.2549999952316284,1.2599999904632568,1.25,1.25,121118,2021-08-30 00:00:00+10:00
1.2400000095367432,1.25,1.2400000095367432,1.247499942779541,125801,2021-08-31 00:00:00+10:00
1.2450000047683716,1.2450000047683716,1.2450000047683716,1.2450000047683716,4,2021-09-01 00:00:00+10:00
1.2450000047683716,1.2599999904632568,1.2450000047683716,1.25,172063,2021-09-02 00:00:00+10:00
1.2549999952316284,1.2549999952316284,1.25,1.25,11168,2021-09-03 00:00:00+10:00
1.2300000190734863,1.2599999904632568,1.2000000476837158,1.2599999904632568,28160,2021-09-06 00:00:00+10:00
1.25,1.25,1.2350000143051147,1.25,21826,2021-09-07 00:00:00+10:00
1.25,1.25,1.2400000095367432,1.2400000095367432,31242,2021-09-08 00:00:00+10:00
1.2400000095367432,1.25,1.2350000143051147,1.2400000095367432,112642,2021-09-09 00:00:00+10:00
1.2400000095367432,1.25,1.2300000190734863,1.2300000190734863,52435,2021-09-10 00:00:00+10:00
1.225000023841858,1.2350000143051147,1.225000023841858,1.2350000143051147,3000,2021-09-13 00:00:00+10:00
1.2300000190734863,1.2300000190734863,1.190000057220459,1.2000000476837158,73417,2021-09-14 00:00:00+10:00
1.215000033378601,1.215000033378601,1.1799999475479126,1.2000000476837158,133009,2021-09-15 00:00:00+10:00
1.159999966621399,1.25,1.159999966621399,1.25,217848,2021-09-16 00:00:00+10:00
1.2450000047683716,1.25,1.2424999475479126,1.25,47407,2021-09-17 00:00:00+10:00
1.2599999904632568,1.2599999904632568,1.184999942779541,1.215000033378601,1651858,2021-09-20 00:00:00+10:00
1.2100000381469727,1.225000023841858,1.2100000381469727,1.2200000286102295,11259,2021-09-21 00:00:00+10:00
1.2050000429153442,1.2200000286102295,1.2050000429153442,1.215000033378601,22233,2021-09-22 00:00:00+10:00
1.2100000381469727,1.2350000143051147,1.2050000429153442,1.2350000143051147,90894,2021-09-23 00:00:00+10:00
1.2000000476837158,1.2350000143051147,1.2000000476837158,1.2350000143051147,813,2021-09-24 00:00:00+10:00
1.2350000143051147,1.2350000143051147,1.2350000143051147,1.2350000143051147,0,2021-09-27 00:00:00+10:00
1.2400000095367432,1.2400000095367432,1.2400000095367432,1.2400000095367432,600443,2021-09-28 00:00:00+10:00
1.2400000095367432,1.2400000095367432,1.2400000095367432,1.2400000095367432,0,2021-09-29 00:00:00+10:00
1.2100000381469727,1.2200000286102295,1.2000000476837158,1.2050000429153442,84393,2021-09-30 00:00:00+10:00
1.2000000476837158,1.2100000381469727,1.2000000476837158,1.2100000381469727,1387,2021-10-01 00:00:00+10:00
1.2300000190734863,1.2300000190734863,1.2274999618530273,1.2300000190734863,8493,2021-10-04 00:00:00+11:00
1.2100000381469727,1.2100000381469727,1.184999942779541,1.1950000524520874,152500,2021-10-05 00:00:00+11:00
1.2300000190734863,1.2350000143051147,1.2200000286102295,1.2200000286102295,180551,2021-10-06 00:00:00+11:00
1.2200000286102295,1.2200000286102295,1.2200000286102295,1.2200000286102295,5159,2021-10-07 00:00:00+11:00
1.2400000095367432,1.2450000047683716,1.2350000143051147,1.2400000095367432,98121,2021-10-08 00:00:00+11:00
1.2400000095367432,1.2599999904632568,1.2324999570846558,1.2400000095367432,19891,2021-10-11 00:00:00+11:00
1.2649999856948853,1.2799999713897705,1.2649999856948853,1.2699999809265137,21837,2021-10-12 00:00:00+11:00
1.2400000095367432,1.2599999904632568,1.2200000286102295,1.2200000286102295,80223,2021-10-13 00:00:00+11:00
1.2549999952316284,1.2625000476837158,1.25,1.2599999904632568,246463,2021-10-14 00:00:00+11:00
1.2549999952316284,1.2599999904632568,1.2549999952316284,1.2549999952316284,28623,2021-10-15 00:00:00+11:00
1.2899999618530273,1.2899999618530273,1.2899999618530273,1.2899999618530273,2,2021-10-18 00:00:00+11:00
1.2899999618530273,1.3450000286102295,1.2699999809265137,1.3450000286102295,2779928,2021-10-19 00:00:00+11:00
1.3450000286102295,1.350000023841858,1.340000033378601,1.340000033378601,18741,2021-10-20 00:00:00+11:00
1.3350000381469727,1.3600000143051147,1.3350000381469727,1.3600000143051147,82004,2021-10-21 00:00:00+11:00
1.3600000143051147,1.3600000143051147,1.3600000143051147,1.3600000143051147,0,2021-10-22 00:00:00+11:00
1.3600000143051147,1.3600000143051147,1.350000023841858,1.350000023841858,7390,2021-10-25 00:00:00+11:00
1.350000023841858,1.350000023841858,1.3300000429153442,1.3300000429153442,28251,2021-10-26 00:00:00+11:00
1.3450000286102295,1.3600000143051147,1.3450000286102295,1.3600000143051147,25000,2021-10-27 00:00:00+11:00
1.3600000143051147,1.3700000047683716,1.3350000381469727,1.3700000047683716,52188,2021-10-28 00:00:00+11:00
1.3799999952316284,1.440000057220459,1.350000023841858,1.399999976158142,83146,2021-10-29 00:00:00+11:00
1.4199999570846558,1.5,1.4199999570846558,1.4950000047683716,47448,2021-11-01 00:00:00+11:00
1.4550000429153442,1.4950000047683716,1.4550000429153442,1.4950000047683716,30000,2021-11-02 00:00:00+11:00
1.4950000047683716,1.4950000047683716,1.4950000047683716,1.4950000047683716,0,2021-11-03 00:00:00+11:00
1.4600000381469727,1.4600000381469727,1.3849999904632568,1.399999976158142,46848,2021-11-04 00:00:00+11:00
1.409999966621399,1.4550000429153442,1.409999966621399,1.4149999618530273,55698,2021-11-05 00:00:00+11:00
1.4199999570846558,1.4199999570846558,1.4199999570846558,1.4199999570846558,10000,2021-11-08 00:00:00+11:00
1.4450000524520874,1.4500000476837158,1.4450000524520874,1.4500000476837158,21573,2021-11-09 00:00:00+11:00
1.4600000381469727,1.4850000143051147,1.4600000381469727,1.4850000143051147,73472,2021-11-10 00:00:00+11:00
1.4900000095367432,1.4900000095367432,1.4850000143051147,1.4850000143051147,33294,2021-11-11 00:00:00+11:00
1.475000023841858,1.4800000190734863,1.4700000286102295,1.4700000286102295,76470,2021-11-12 00:00:00+11:00
1.4700000286102295,1.4700000286102295,1.4700000286102295,1.4700000286102295,0,2021-11-15 00:00:00+11:00
1.4700000286102295,1.4700000286102295,1.4700000286102295,1.4700000286102295,0,2021-11-16 00:00:00+11:00
1.4900000095367432,1.4900000095367432,1.4900000095367432,1.4900000095367432,7894,2021-11-17 00:00:00+11:00
1.4950000047683716,1.5,1.4550000429153442,1.4900000095367432,24190,2021-11-18 00:00:00+11:00
1.4950000047683716,1.5,1.4900000095367432,1.5,29908,2021-11-19 00:00:00+11:00
1.434999942779541,1.434999942779541,1.434999942779541,1.434999942779541,9000,2021-11-22 00:00:00+11:00
1.4550000429153442,1.4700000286102295,1.4550000429153442,1.4550000429153442,4919,2021-11-23 00:00:00+11:00
1.4550000429153442,1.4850000143051147,1.4550000429153442,1.4550000429153442,10558,2021-11-24 00:00:00+11:00
1.4550000429153442,1.4550000429153442,1.4550000429153442,1.4550000429153442,22828,2021-11-25 00:00:00+11:00
1.4500000476837158,1.4900000095367432,1.4500000476837158,1.4700000286102295,19004,2021-11-26 00:00:00+11:00
1.4600000381469727,1.4600000381469727,1.4600000381469727,1.4600000381469727,623,2021-11-29 00:00:00+11:00
1.4199999570846558,1.4900000095367432,1.4199999570846558,1.4900000095367432,52512,2021-11-30 00:00:00+11:00
1.4550000429153442,1.5149999856948853,1.4550000429153442,1.5099999904632568,120256,2021-12-01 00:00:00+11:00
1.4550000429153442,1.4550000429153442,1.4550000429153442,1.4550000429153442,465,2021-12-02 00:00:00+11:00
1.4900000095367432,1.4900000095367432,1.4249999523162842,1.4249999523162842,42272,2021-12-03 00:00:00+11:00
1.4474999904632568,1.4550000429153442,1.4424999952316284,1.4424999952316284,1175,2021-12-06 00:00:00+11:00
1.4550000429153442,1.4550000429153442,1.4550000429153442,1.4550000429153442,11299,2021-12-07 00:00:00+11:00
1.4500000476837158,1.4500000476837158,1.4500000476837158,1.4500000476837158,797,2021-12-08 00:00:00+11:00
1.4299999475479126,1.4950000047683716,1.4299999475479126,1.4299999475479126,47740,2021-12-09 00:00:00+11:00
1.4500000476837158,1.4500000476837158,1.440000057220459,1.440000057220459,31806,2021-12-10 00:00:00+11:00
1.4550000429153442,1.4600000381469727,1.4550000429153442,1.4550000429153442,185003,2021-12-13 00:00:00+11:00
1.4850000143051147,1.5049999952316284,1.4850000143051147,1.5,129371,2021-12-14 00:00:00+11:00
1.5,1.5,1.5,1.5,0,2021-12-15 00:00:00+11:00
1.5149999856948853,1.6050000190734863,1.5149999856948853,1.6050000190734863,13317,2021-12-16 00:00:00+11:00
1.6100000143051147,1.6299999952316284,1.600000023841858,1.6299999952316284,151402,2021-12-17 00:00:00+11:00
1.6299999952316284,1.6299999952316284,1.6150000095367432,1.6200000047683716,69519,2021-12-20 00:00:00+11:00
1.6200000047683716,1.6299999952316284,1.6100000143051147,1.6299999952316284,105037,2021-12-21 00:00:00+11:00
1.5850000381469727,1.6950000524520874,1.5850000381469727,1.684999942779541,45370,2021-12-22 00:00:00+11:00
1.684999942779541,1.684999942779541,1.5850000381469727,1.6200000047683716,27796,2021-12-23 00:00:00+11:00
1.6200000047683716,1.6299999952316284,1.6050000190734863,1.6050000190734863,15558,2021-12-24 00:00:00+11:00
1.6050000190734863,1.6449999809265137,1.600000023841858,1.6100000143051147,102167,2021-12-29 00:00:00+11:00
1.6349999904632568,1.690000057220459,1.6299999952316284,1.690000057220459,93093,2021-12-30 00:00:00+11:00
1.690000057220459,1.75,1.684999942779541,1.75,103466,2021-12-31 00:00:00+11:00
1.7999999523162842,1.850000023841858,1.7549999952316284,1.8450000286102295,9468,2022-01-04 00:00:00+11:00
1.850000023841858,1.850000023841858,1.75,1.75,79890,2022-01-05 00:00:00+11:00
1.75,1.75,1.75,1.75,10907,2022-01-06 00:00:00+11:00
1.75,1.75,1.75,1.75,1000,2022-01-07 00:00:00+11:00
1.7649999856948853,1.7799999713897705,1.7000000476837158,1.7000000476837158,14430,2022-01-10 00:00:00+11:00
1.649999976158142,1.659999966621399,1.6449999809265137,1.6449999809265137,6547,2022-01-11 00:00:00+11:00
1.6449999809265137,1.6449999809265137,1.6449999809265137,1.6449999809265137,0,2022-01-12 00:00:00+11:00
1.5800000429153442,1.6950000524520874,1.5800000429153442,1.6950000524520874,2460,2022-01-13 00:00:00+11:00
1.6950000524520874,1.6950000524520874,1.6299999952316284,1.6299999952316284,29349,2022-01-14 00:00:00+11:00
1.6349999904632568,1.6349999904632568,1.6349999904632568,1.6349999904632568,295,2022-01-17 00:00:00+11:00
1.7000000476837158,1.7300000190734863,1.6299999952316284,1.7000000476837158,29888,2022-01-18 00:00:00+11:00
1.7000000476837158,1.7000000476837158,1.6150000095367432,1.7000000476837158,38107,2022-01-19 00:00:00+11:00
1.7200000286102295,1.7450000047683716,1.7200000286102295,1.7200000286102295,5342,2022-01-20 00:00:00+11:00
1.6200000047683716,1.649999976158142,1.6100000143051147,1.6100000143051147,164935,2022-01-21 00:00:00+11:00
1.625,1.6749999523162842,1.625,1.6749999523162842,221802,2022-01-24 00:00:00+11:00
1.684999942779541,1.684999942779541,1.6100000143051147,1.6100000143051147,670,2022-01-25 00:00:00+11:00
1.6100000143051147,1.6749999523162842,1.6100000143051147,1.649999976158142,155827,2022-01-27 00:00:00+11:00
1.649999976158142,1.649999976158142,1.6100000143051147,1.6299999952316284,1831,2022-01-28 00:00:00+11:00
1.6299999952316284,1.6299999952316284,1.6299999952316284,1.6299999952316284,0,2022-01-31 00:00:00+11:00
1.6299999952316284,1.6299999952316284,1.6299999952316284,1.6299999952316284,1821,2022-02-01 00:00:00+11:00
1.649999976158142,1.649999976158142,1.6449999809265137,1.6449999809265137,40151,2022-02-02 00:00:00+11:00
1.659999966621399,1.659999966621399,1.659999966621399,1.659999966621399,228385,2022-02-03 00:00:00+11:00
1.659999966621399,1.6649999618530273,1.659999966621399,1.6649999618530273,10456,2022-02-04 00:00:00+11:00
1.6799999475479126,1.6799999475479126,1.6799999475479126,1.6799999475479126,1000,2022-02-07 00:00:00+11:00
1.6799999475479126,1.6799999475479126,1.6799999475479126,1.6799999475479126,0,2022-02-08 00:00:00+11:00
1.6799999475479126,1.6799999475479126,1.6799999475479126,1.6799999475479126,0,2022-02-09 00:00:00+11:00
1.6950000524520874,1.7000000476837158,1.6950000524520874,1.7000000476837158,12000,2022-02-10 00:00:00+11:00
1.6799999475479126,1.6799999475479126,1.590000033378601,1.6449999809265137,12800,2022-02-11 00:00:00+11:00
1.6799999475479126,1.690000057220459,1.6150000095367432,1.6799999475479126,26299,2022-02-14 00:00:00+11:00
1.6549999713897705,1.6749999523162842,1.6349999904632568,1.649999976158142,19974,2022-02-15 00:00:00+11:00
1.6799999475479126,1.6950000524520874,1.649999976158142,1.6749999523162842,30187,2022-02-16 00:00:00+11:00
1.6549999713897705,1.6549999713897705,1.625,1.625,42179,2022-02-17 00:00:00+11:00
1.625,1.625,1.625,1.625,0,2022-02-18 00:00:00+11:00
1.600000023841858,1.7000000476837158,1.600000023841858,1.6749999523162842,22131,2022-02-21 00:00:00+11:00
1.600000023841858,1.600000023841858,1.565000057220459,1.600000023841858,23845,2022-02-22 00:00:00+11:00
1.600000023841858,1.600000023841858,1.600000023841858,1.600000023841858,0,2022-02-23 00:00:00+11:00
1.590000033378601,1.590000033378601,1.590000033378601,1.590000033378601,361,2022-02-24 00:00:00+11:00
1.5750000476837158,1.5750000476837158,1.565000057220459,1.5750000476837158,409,2022-02-25 00:00:00+11:00
1.5750000476837158,1.5750000476837158,1.5750000476837158,1.5750000476837158,70,2022-02-28 00:00:00+11:00
1.5750000476837158,1.5750000476837158,1.5750000476837158,1.5750000476837158,0,2022-03-01 00:00:00+11:00
1.5,1.5,1.4199999570846558,1.4900000095367432,13656,2022-03-02 00:00:00+11:00
1.4900000095367432,1.5,1.440000057220459,1.5,85126,2022-03-03 00:00:00+11:00
1.5099999904632568,1.5449999570846558,1.5,1.5449999570846558,7630,2022-03-04 00:00:00+11:00
1.5,1.5499999523162842,1.4700000286102295,1.5,60609,2022-03-07 00:00:00+11:00
1.5049999952316284,1.5049999952316284,1.5,1.5,44134,2022-03-08 00:00:00+11:00
1.5049999952316284,1.5049999952316284,1.5049999952316284,1.5049999952316284,7000,2022-03-09 00:00:00+11:00
1.5049999952316284,1.5750000476837158,1.4800000190734863,1.5750000476837158,79465,2022-03-10 00:00:00+11:00
1.5750000476837158,1.5750000476837158,1.5750000476837158,1.5750000476837158,691,2022-03-11 00:00:00+11:00
1.5750000476837158,1.5750000476837158,1.5750000476837158,1.5750000476837158,0,2022-03-14 00:00:00+11:00
1.5199999809265137,1.524999976158142,1.5075000524520874,1.5149999856948853,81859,2022-03-15 00:00:00+11:00
1.5399999618530273,1.5399999618530273,1.5399999618530273,1.5399999618530273,20000,2022-03-16 00:00:00+11:00
1.5199999809265137,1.5199999809265137,1.5199999809265137,1.5199999809265137,30000,2022-03-17 00:00:00+11:00
1.524999976158142,1.524999976158142,1.5199999809265137,1.5199999809265137,9447,2022-03-18 00:00:00+11:00
1.5199999809265137,1.5199999809265137,1.5199999809265137,1.5199999809265137,0,2022-03-21 00:00:00+11:00
1.5199999809265137,1.5199999809265137,1.5199999809265137,1.5199999809265137,0,2022-03-22 00:00:00+11:00
1.5449999570846558,1.5499999523162842,1.5449999570846558,1.5499999523162842,87394,2022-03-23 00:00:00+11:00
1.5499999523162842,1.5499999523162842,1.5499999523162842,1.5499999523162842,0,2022-03-24 00:00:00+11:00
1.5499999523162842,1.5499999523162842,1.5499999523162842,1.5499999523162842,0,2022-03-25 00:00:00+11:00
1.5499999523162842,1.5499999523162842,1.5499999523162842,1.5499999523162842,0,2022-03-28 00:00:00+11:00
1.5499999523162842,1.5499999523162842,1.5499999523162842,1.5499999523162842,28128,2022-03-29 00:00:00+11:00
1.5499999523162842,1.5499999523162842,1.5499999523162842,1.5499999523162842,0,2022-03-30 00:00:00+11:00
1.5499999523162842,1.5499999523162842,1.5499999523162842,1.5499999523162842,0,2022-03-31 00:00:00+11:00
1.5499999523162842,1.5499999523162842,1.5499999523162842,1.5499999523162842,0,2022-04-01 00:00:00+11:00
1.5499999523162842,1.5499999523162842,1.5499999523162842,1.5499999523162842,0,2022-04-04 00:00:00+10:00
1.6200000047683716,1.75,1.6200000047683716,1.659999966621399,76725,2022-04-05 00:00:00+10:00
1.659999966621399,1.659999966621399,1.5099999904632568,1.6299999952316284,5646,2022-04-06 00:00:00+10:00
1.6299999952316284,1.6299999952316284,1.5499999523162842,1.5499999523162842,3194,2022-04-07 00:00:00+10:00
1.5049999952316284,1.6349999904632568,1.5049999952316284,1.6349999904632568,44430,2022-04-08 00:00:00+10:00
1.6349999904632568,1.6349999904632568,1.6349999904632568,1.6349999904632568,0,2022-04-11 00:00:00+10:00
1.5525000095367432,1.559999942779541,1.5149999856948853,1.5499999523162842,114532,2022-04-12 00:00:00+10:00
1.5499999523162842,1.5499999523162842,1.5499999523162842,1.5499999523162842,0,2022-04-13 00:00:00+10:00
1.5499999523162842,1.5499999523162842,1.5499999523162842,1.5499999523162842,0,2022-04-14 00:00:00+10:00
1.5049999952316284,1.534999966621399,1.5049999952316284,1.534999966621399,7520,2022-04-19 00:00:00+10:00
1.5299999713897705,1.5299999713897705,1.5299999713897705,1.5299999713897705,1,2022-04-20 00:00:00+10:00
1.5750000476837158,1.600000023841858,1.565000057220459,1.5950000286102295,300,2022-04-21 00:00:00+10:00
1.5750000476837158,1.6050000190734863,1.5750000476837158,1.6050000190734863,7,2022-04-22 00:00:00+10:00
1.6349999904632568,1.6349999904632568,1.600000023841858,1.600000023841858,16274,2022-04-26 00:00:00+10:00
1.6349999904632568,1.6349999904632568,1.5299999713897705,1.5299999713897705,5507,2022-04-27 00:00:00+10:00
1.559999942779541,1.590000033378601,1.559999942779541,1.5750000476837158,10278,2022-04-28 00:00:00+10:00
1.5850000381469727,1.5850000381469727,1.5750000476837158,1.5750000476837158,119,2022-04-29 00:00:00+10:00
1.5299999713897705,1.5499999523162842,1.4700000286102295,1.5499999523162842,533459,2022-05-02 00:00:00+10:00
1.5499999523162842,1.5499999523162842,1.5499999523162842,1.5499999523162842,0,2022-05-03 00:00:00+10:00
1.5499999523162842,1.5499999523162842,1.5499999523162842,1.5499999523162842,0,2022-05-04 00:00:00+10:00
1.5299999713897705,1.5449999570846558,1.5299999713897705,1.5449999570846558,334,2022-05-05 00:00:00+10:00
1.5449999570846558,1.5449999570846558,1.5449999570846558,1.5449999570846558,0,2022-05-06 00:00:00+10:00
1.5449999570846558,1.5449999570846558,1.5449999570846558,1.5449999570846558,0,2022-05-09 00:00:00+10:00
1.5449999570846558,1.5449999570846558,1.5449999570846558,1.5449999570846558,32,2022-05-10 00:00:00+10:00
1.5449999570846558,1.5449999570846558,1.5449999570846558,1.5449999570846558,0,2022-05-11 00:00:00+10:00
1.5449999570846558,1.5449999570846558,1.5449999570846558,1.5449999570846558,0,2022-05-12 00:00:00+10:00
1.5449999570846558,1.5449999570846558,1.5449999570846558,1.5449999570846558,473,2022-05-13 00:00:00+10:00
1.4700000286102295,1.4700000286102295,1.465000033378601,1.465000033378601,27377,2022-05-16 00:00:00+10:00
1.465000033378601,1.465000033378601,1.462499976158142,1.465000033378601,4474,2022-05-17 00:00:00+10:00
1.4600000381469727,1.5099999904632568,1.4600000381469727,1.5099999904632568,7530,2022-05-18 00:00:00+10:00
1.5199999809265137,1.5199999809265137,1.5099999904632568,1.5099999904632568,695,2022-05-19 00:00:00+10:00
1.5,1.5,1.440000057220459,1.4674999713897705,9291,2022-05-20 00:00:00+10:00
1.4299999475479126,1.4500000476837158,1.4299999475479126,1.4500000476837158,314,2022-05-23 00:00:00+10:00
1.4500000476837158,1.465000033378601,1.4500000476837158,1.465000033378601,6553,2022-05-24 00:00:00+10:00
1.465000033378601,1.465000033378601,1.465000033378601,1.465000033378601,0,2022-05-25 00:00:00+10:00
1.4199999570846558,1.4450000524520874,1.4199999570846558,1.4450000524520874,25,2022-05-26 00:00:00+10:00
1.4149999618530273,1.440000057220459,1.4149999618530273,1.440000057220459,1301,2022-05-27 00:00:00+10:00
1.440000057220459,1.4450000524520874,1.399999976158142,1.399999976158142,11888,2022-05-30 00:00:00+10:00
1.3899999856948853,1.399999976158142,1.3650000095367432,1.3650000095367432,14213,2022-05-31 00:00:00+10:00
1.350000023841858,1.3949999809265137,1.350000023841858,1.3600000143051147,19964,2022-06-01 00:00:00+10:00
1.3600000143051147,1.3899999856948853,1.3600000143051147,1.3650000095367432,10950,2022-06-02 00:00:00+10:00
1.372499942779541,1.375,1.3650000095367432,1.375,1178,2022-06-03 00:00:00+10:00
1.3849999904632568,1.399999976158142,1.375,1.3899999856948853,24484,2022-06-06 00:00:00+10:00
1.3600000143051147,1.3849999904632568,1.3250000476837158,1.3849999904632568,37291,2022-06-07 00:00:00+10:00
1.3450000286102295,1.375,1.2999999523162842,1.375,31840,2022-06-08 00:00:00+10:00
1.3650000095367432,1.3650000095367432,1.3650000095367432,1.3650000095367432,129649,2022-06-09 00:00:00+10:00
1.350000023841858,1.3650000095367432,1.315000057220459,1.3650000095367432,29317,2022-06-10 00:00:00+10:00
1.3700000047683716,1.3700000047683716,1.3700000047683716,1.3700000047683716,304,2022-06-14 00:00:00+10:00
1.3700000047683716,1.3700000047683716,1.3250000476837158,1.3250000476837158,5784,2022-06-15 00:00:00+10:00
1.3250000476837158,1.3899999856948853,1.3250000476837158,1.350000023841858,84145,2022-06-16 00:00:00+10:00
1.350000023841858,1.350000023841858,1.350000023841858,1.350000023841858,0,2022-06-17 00:00:00+10:00
1.3049999475479126,1.3049999475479126,1.25,1.25,18880,2022-06-20 00:00:00+10:00
1.25,1.25,1.25,1.25,2910,2022-06-21 00:00:00+10:00
1.25,1.25,1.25,1.25,18296,2022-06-22 00:00:00+10:00
1.25,1.25,1.25,1.25,0,2022-06-23 00:00:00+10:00
1.2400000095367432,1.2400000095367432,1.2400000095367432,1.2400000095367432,2278,2022-06-24 00:00:00+10:00
1.2400000095367432,1.2400000095367432,1.2400000095367432,1.2400000095367432,0,2022-06-27 00:00:00+10:00
1.2400000095367432,1.2400000095367432,1.2300000190734863,1.2300000190734863,4877,2022-06-28 00:00:00+10:00
1.2300000190734863,1.2300000190734863,1.2300000190734863,1.2300000190734863,0,2022-06-29 00:00:00+10:00
1.2350000143051147,1.2350000143051147,1.2350000143051147,1.2350000143051147,693,2022-06-30 00:00:00+10:00
1.2350000143051147,1.2350000143051147,1.2350000143051147,1.2350000143051147,1,2022-07-01 00:00:00+10:00
1.2350000143051147,1.2350000143051147,1.2350000143051147,1.2350000143051147,0,2022-07-04 00:00:00+10:00
1.2450000047683716,1.2450000047683716,1.2400000095367432,1.2400000095367432,889,2022-07-05 00:00:00+10:00
1.2400000095367432,1.2400000095367432,1.2400000095367432,1.2400000095367432,0,2022-07-06 00:00:00+10:00
1.2899999618530273,1.3200000524520874,1.2400000095367432,1.2400000095367432,26343,2022-07-07 00:00:00+10:00
1.2400000095367432,1.25,1.2274999618530273,1.25,40421,2022-07-08 00:00:00+10:00
1.25,1.25,1.25,1.25,0,2022-07-11 00:00:00+10:00
1.2100000381469727,1.2100000381469727,1.2100000381469727,1.2100000381469727,120,2022-07-12 00:00:00+10:00
1.2100000381469727,1.2100000381469727,1.2100000381469727,1.2100000381469727,514,2022-07-13 00:00:00+10:00
1.2100000381469727,1.2100000381469727,1.2100000381469727,1.2100000381469727,0,2022-07-14 00:00:00+10:00
1.215000033378601,1.215000033378601,1.215000033378601,1.215000033378601,55,2022-07-15 00:00:00+10:00
1.215000033378601,1.215000033378601,1.215000033378601,1.215000033378601,0,2022-07-18 00:00:00+10:00
1.215000033378601,1.215000033378601,1.215000033378601,1.215000033378601,0,2022-07-19 00:00:00+10:00
1.2200000286102295,1.2200000286102295,1.2200000286102295,1.2200000286102295,215,2022-07-20 00:00:00+10:00
1.225000023841858,1.2300000190734863,1.225000023841858,1.2300000190734863,4,2022-07-21 00:00:00+10:00
1.225000023841858,1.2400000095367432,1.225000023841858,1.2400000095367432,7,2022-07-22 00:00:00+10:00
1.2350000143051147,1.25,1.2350000143051147,1.25,7,2022-07-25 00:00:00+10:00
1.2450000047683716,1.2599999904632568,1.2450000047683716,1.2599999904632568,7,2022-07-26 00:00:00+10:00
1.2599999904632568,1.2599999904632568,1.2599999904632568,1.2599999904632568,0,2022-07-27 00:00:00+10:00
1.225000023841858,1.2300000190734863,1.225000023841858,1.2300000190734863,3,2022-07-28 00:00:00+10:00
1.2300000190734863,1.2450000047683716,1.2300000190734863,1.2450000047683716,16,2022-07-29 00:00:00+10:00
1.25,1.2549999952316284,1.25,1.2549999952316284,15,2022-08-01 00:00:00+10:00
1.25,1.2549999952316284,1.25,1.2549999952316284,22,2022-08-02 00:00:00+10:00
1.2949999570846558,1.2949999570846558,1.2949999570846558,1.2949999570846558,7,2022-08-03 00:00:00+10:00
1.3350000381469727,1.3350000381469727,1.3350000381469727,1.3350000381469727,119,2022-08-04 00:00:00+10:00
1.3300000429153442,1.3849999904632568,1.3300000429153442,1.3849999904632568,1338,2022-08-05 00:00:00+10:00
1.375,1.375,1.375,1.375,19,2022-08-08 00:00:00+10:00
1.375,1.375,1.375,1.375,0,2022-08-09 00:00:00+10:00
1.375,1.375,1.375,1.375,0,2022-08-10 00:00:00+10:00
1.3700000047683716,1.3700000047683716,1.3200000524520874,1.3200000524520874,2769,2022-08-11 00:00:00+10:00
1.3300000429153442,1.3300000429153442,1.2899999618530273,1.2899999618530273,7841,2022-08-12 00:00:00+10:00
1.2899999618530273,1.2899999618530273,1.2899999618530273,1.2899999618530273,0,2022-08-15 00:00:00+10:00
1.2899999618530273,1.2899999618530273,1.2899999618530273,1.2899999618530273,0,2022-08-16 00:00:00+10:00
1.2899999618530273,1.2899999618530273,1.2899999618530273,1.2899999618530273,0,2022-08-17 00:00:00+10:00
1.2899999618530273,1.2899999618530273,1.2899999618530273,1.2899999618530273,0,2022-08-18 00:00:00+10:00
1.3250000476837158,1.3250000476837158,1.3250000476837158,1.3250000476837158,253,2022-08-19 00:00:00+10:00
1.3300000429153442,1.3300000429153442,1.25,1.25,4896,2022-08-22 00:00:00+10:00
1.25,1.25,1.25,1.25,0,2022-08-23 00:00:00+10:00
1.2599999904632568,1.2599999904632568,1.25,1.25,5992,2022-08-24 00:00:00+10:00
1.25,1.25,1.25,1.25,4,2022-08-25 00:00:00+10:00
1.25,1.25,1.25,1.25,5375,2022-08-26 00:00:00+10:00
1.25,1.25,1.25,1.25,7,2022-08-29 00:00:00+10:00
1.25,1.25,1.25,1.25,0,2022-08-30 00:00:00+10:00
1.25,1.25,1.25,1.25,0,2022-08-31 00:00:00+10:00
1.284999966621399,1.284999966621399,1.25,1.25,44762,2022-09-01 00:00:00+10:00
1.25,1.25,1.25,1.25,181,2022-09-02 00:00:00+10:00
1.25,1.25,1.25,1.25,0,2022-09-05 00:00:00+10:00
1.215000033378601,1.215000033378601,1.215000033378601,1.215000033378601,5,2022-09-06 00:00:00+10:00
1.25,1.25,1.2000000476837158,1.2000000476837158,539,2022-09-07 00:00:00+10:00
1.2400000095367432,1.2400000095367432,1.2400000095367432,1.2400000095367432,8898,2022-09-08 00:00:00+10:00
1.2400000095367432,1.2400000095367432,1.2400000095367432,1.2400000095367432,0,2022-09-09 00:00:00+10:00
1.2450000047683716,1.2450000047683716,1.2200000286102295,1.2200000286102295,6260,2022-09-12 00:00:00+10:00
1.2100000381469727,1.2100000381469727,1.2100000381469727,1.2100000381469727,500,2022-09-13 00:00:00+10:00
1.2100000381469727,1.2100000381469727,1.2100000381469727,1.2100000381469727,0,2022-09-14 00:00:00+10:00
1.2100000381469727,1.2100000381469727,1.2100000381469727,1.2100000381469727,0,2022-09-15 00:00:00+10:00
1.2100000381469727,1.2100000381469727,1.2100000381469727,1.2100000381469727,0,2022-09-16 00:00:00+10:00
1.2100000381469727,1.2100000381469727,1.190000057220459,1.190000057220459,4195,2022-09-19 00:00:00+10:00
1.2350000143051147,1.2400000095367432,1.2100000381469727,1.2100000381469727,16617,2022-09-20 00:00:00+10:00
1.2100000381469727,1.2100000381469727,1.2100000381469727,1.2100000381469727,0,2022-09-21 00:00:00+10:00
1.25,1.2899999618530273,1.25,1.2899999618530273,756,2022-09-23 00:00:00+10:00
1.3250000476837158,1.3250000476837158,1.309999942779541,1.309999942779541,714,2022-09-26 00:00:00+10:00
1.309999942779541,1.309999942779541,1.309999942779541,1.309999942779541,0,2022-09-27 00:00:00+10:00
1.309999942779541,1.309999942779541,1.309999942779541,1.309999942779541,0,2022-09-28 00:00:00+10:00
1.315000057220459,1.315000057220459,1.309999942779541,1.309999942779541,6000,2022-09-29 00:00:00+10:00
1.399999976158142,1.399999976158142,1.399999976158142,1.399999976158142,3000,2022-09-30 00:00:00+10:00
1.4700000286102295,1.4700000286102295,1.440000057220459,1.440000057220459,249,2022-10-03 00:00:00+11:00
1.4249999523162842,1.4249999523162842,1.4249999523162842,1.4249999523162842,3000,2022-10-04 00:00:00+11:00
1.4199999570846558,1.4299999475479126,1.4199999570846558,1.4299999475479126,932,2022-10-05 00:00:00+11:00
1.4249999523162842,1.4249999523162842,1.4199999570846558,1.4199999570846558,8940,2022-10-06 00:00:00+11:00
1.4199999570846558,1.4199999570846558,1.4199999570846558,1.4199999570846558,3628,2022-10-07 00:00:00+11:00
1.4199999570846558,1.4199999570846558,1.4199999570846558,1.4199999570846558,163,2022-10-10 00:00:00+11:00
1.375,1.375,1.350000023841858,1.350000023841858,21116,2022-10-11 00:00:00+11:00
1.3300000429153442,1.3300000429153442,1.3300000429153442,1.3300000429153442,106,2022-10-12 00:00:00+11:00
1.340000033378601,1.3600000143051147,1.2899999618530273,1.3600000143051147,1218,2022-10-13 00:00:00+11:00
1.3650000095367432,1.3650000095367432,1.3650000095367432,1.3650000095367432,73,2022-10-14 00:00:00+11:00
1.2000000476837158,1.2000000476837158,1.2000000476837158,1.2000000476837158,1119,2022-10-17 00:00:00+11:00
1.2000000476837158,1.2000000476837158,1.2000000476837158,1.2000000476837158,0,2022-10-18 00:00:00+11:00
1.2050000429153442,1.2050000429153442,1.2050000429153442,1.2050000429153442,74,2022-10-19 00:00:00+11:00
1.1649999618530273,1.1649999618530273,1.1649999618530273,1.1649999618530273,158,2022-10-20 00:00:00+11:00
1.1649999618530273,1.1649999618530273,1.1649999618530273,1.1649999618530273,0,2022-10-21 00:00:00+11:00
1.1749999523162842,1.1749999523162842,1.1749999523162842,1.1749999523162842,2500,2022-10-24 00:00:00+11:00
1.1749999523162842,1.1749999523162842,1.1749999523162842,1.1749999523162842,0,2022-10-25 00:00:00+11:00
1.1749999523162842,1.1749999523162842,1.1699999570846558,1.1749999523162842,11019,2022-10-26 00:00:00+11:00
1.1749999523162842,1.1749999523162842,1.1749999523162842,1.1749999523162842,42,2022-10-27 00:00:00+11:00
1.1749999523162842,1.1749999523162842,1.1749999523162842,1.1749999523162842,0,2022-10-28 00:00:00+11:00
1.25,1.2549999952316284,1.2324999570846558,1.2549999952316284,226352,2022-10-31 00:00:00+11:00
1.2549999952316284,1.2549999952316284,1.225000023841858,1.225000023841858,46,2022-11-01 00:00:00+11:00
1.225000023841858,1.225000023841858,1.225000023841858,1.225000023841858,0,2022-11-02 00:00:00+11:00
1.2999999523162842,1.2999999523162842,1.2549999952316284,1.2549999952316284,470,2022-11-03 00:00:00+11:00
1.3799999952316284,1.4850000143051147,1.3799999952316284,1.4199999570846558,1602,2022-11-04 00:00:00+11:00
1.409999966621399,1.409999966621399,1.409999966621399,1.409999966621399,70,2022-11-07 00:00:00+11:00
1.409999966621399,1.409999966621399,1.409999966621399,1.409999966621399,8,2022-11-08 00:00:00+11:00
1.274999976158142,1.274999976158142,1.274999976158142,1.274999976158142,2,2022-11-09 00:00:00+11:00
1.274999976158142,1.274999976158142,1.274999976158142,1.274999976158142,9,2022-11-10 00:00:00+11:00
1.274999976158142,1.274999976158142,1.274999976158142,1.274999976158142,0,2022-11-11 00:00:00+11:00
1.274999976158142,1.274999976158142,1.274999976158142,1.274999976158142,0,2022-11-14 00:00:00+11:00
1.274999976158142,1.274999976158142,1.274999976158142,1.274999976158142,950,2022-11-15 00:00:00+11:00
1.3450000286102295,1.3450000286102295,1.3450000286102295,1.3450000286102295,923,2022-11-16 00:00:00+11:00
1.3550000190734863,1.3550000190734863,1.3550000190734863,1.3550000190734863,43,2022-11-17 00:00:00+11:00
1.3550000190734863,1.3550000190734863,1.3550000190734863,1.3550000190734863,0,2022-11-18 00:00:00+11:00
1.3550000190734863,1.3550000190734863,1.3550000190734863,1.3550000190734863,0,2022-11-21 00:00:00+11:00
1.3550000190734863,1.3550000190734863,1.3550000190734863,1.3550000190734863,0,2022-11-22 00:00:00+11:00
1.3450000286102295,1.3550000190734863,1.3174999952316284,1.3550000190734863,11225,2022-11-23 00:00:00+11:00
1.3550000190734863,1.3550000190734863,1.3550000190734863,1.3550000190734863,0,2022-11-24 00:00:00+11:00
1.3550000190734863,1.3550000190734863,1.3550000190734863,1.3550000190734863,0,2022-11-25 00:00:00+11:00
1.3550000190734863,1.3550000190734863,1.3550000190734863,1.3550000190734863,0,2022-11-28 00:00:00+11:00
1.3550000190734863,1.3550000190734863,1.3550000190734863,1.3550000190734863,0,2022-11-29 00:00:00+11:00
1.2799999713897705,1.2799999713897705,1.2799999713897705,1.2799999713897705,800,2022-11-30 00:00:00+11:00
1.2799999713897705,1.2949999570846558,1.2799999713897705,1.2949999570846558,19849,2022-12-01 00:00:00+11:00
1.2799999713897705,1.2799999713897705,1.2549999952316284,1.2549999952316284,52373,2022-12-02 00:00:00+11:00
1.2549999952316284,1.2549999952316284,1.2549999952316284,1.2549999952316284,0,2022-12-05 00:00:00+11:00
1.2799999713897705,1.2799999713897705,1.2799999713897705,1.2799999713897705,18782,2022-12-06 00:00:00+11:00
1.2799999713897705,1.2799999713897705,1.2799999713897705,1.2799999713897705,0,2022-12-07 00:00:00+11:00
1.2799999713897705,1.2799999713897705,1.2799999713897705,1.2799999713897705,0,2022-12-08 00:00:00+11:00
1.2799999713897705,1.2799999713897705,1.2799999713897705,1.2799999713897705,0,2022-12-09 00:00:00+11:00
1.2899999618530273,1.3200000524520874,1.2799999713897705,1.2799999713897705,4566,2022-12-12 00:00:00+11:00
1.2799999713897705,1.2799999713897705,1.2799999713897705,1.2799999713897705,0,2022-12-13 00:00:00+11:00
1.2799999713897705,1.2799999713897705,1.2799999713897705,1.2799999713897705,0,2022-12-14 00:00:00+11:00
1.2799999713897705,1.2799999713897705,1.2799999713897705,1.2799999713897705,0,2022-12-15 00:00:00+11:00
1.2999999523162842,1.2999999523162842,1.2899999618530273,1.2899999618530273,937,2022-12-16 00:00:00+11:00
1.2899999618530273,1.2899999618530273,1.2899999618530273,1.2899999618530273,655,2022-12-19 00:00:00+11:00
1.2899999618530273,1.2899999618530273,1.2899999618530273,1.2899999618530273,0,2022-12-20 00:00:00+11:00
1.2899999618530273,1.2899999618530273,1.2899999618530273,1.2899999618530273,0,2022-12-21 00:00:00+11:00
1.2899999618530273,1.2899999618530273,1.2899999618530273,1.2899999618530273,0,2022-12-22 00:00:00+11:00
1.2799999713897705,1.2799999713897705,1.2799999713897705,1.2799999713897705,8,2022-12-23 00:00:00+11:00
1.2799999713897705,1.2799999713897705,1.2799999713897705,1.2799999713897705,0,2022-12-28 00:00:00+11:00
1.2799999713897705,1.2999999523162842,1.2599999904632568,1.2999999523162842,809,2022-12-29 00:00:00+11:00
1.2999999523162842,1.2999999523162842,1.2999999523162842,1.2999999523162842,0,2022-12-30 00:00:00+11:00
1.2999999523162842,1.2999999523162842,1.2599999904632568,1.2599999904632568,3005,2023-01-03 00:00:00+11:00
1.2599999904632568,1.2599999904632568,1.2599999904632568,1.2599999904632568,205607,2023-01-04 00:00:00+11:00
1.2599999904632568,1.2599999904632568,1.2599999904632568,1.2599999904632568,0,2023-01-05 00:00:00+11:00
1.2599999904632568,1.2599999904632568,1.2599999904632568,1.2599999904632568,0,2023-01-06 00:00:00+11:00
1.2599999904632568,1.2599999904632568,1.2599999904632568,1.2599999904632568,0,2023-01-09 00:00:00+11:00
1.2599999904632568,1.2599999904632568,1.2599999904632568,1.2599999904632568,0,2023-01-10 00:00:00+11:00
1.2599999904632568,1.2599999904632568,1.2599999904632568,1.2599999904632568,14,2023-01-11 00:00:00+11:00
1.2599999904632568,1.2599999904632568,1.2599999904632568,1.2599999904632568,0,2023-01-12 00:00:00+11:00
1.2599999904632568,1.2599999904632568,1.2599999904632568,1.2599999904632568,0,2023-01-13 00:00:00+11:00
1.2599999904632568,1.2599999904632568,1.2599999904632568,1.2599999904632568,0,2023-01-16 00:00:00+11:00
1.2999999523162842,1.2999999523162842,1.2999999523162842,1.2999999523162842,555,2023-01-17 00:00:00+11:00
1.2999999523162842,1.2999999523162842,1.2999999523162842,1.2999999523162842,122889,2023-01-18 00:00:00+11:00
1.2999999523162842,1.2999999523162842,1.2999999523162842,1.2999999523162842,1,2023-01-19 00:00:00+11:00
1.2999999523162842,1.2999999523162842,1.2999999523162842,1.2999999523162842,0,2023-01-20 00:00:00+11:00
1.2999999523162842,1.2999999523162842,1.2999999523162842,1.2999999523162842,4,2023-01-23 00:00:00+11:00
1.2949999570846558,1.2949999570846558,1.2949999570846558,1.2949999570846558,1,2023-01-24 00:00:00+11:00
1.2949999570846558,1.2949999570846558,1.2949999570846558,1.2949999570846558,2,2023-01-25 00:00:00+11:00
1.2699999809265137,1.2699999809265137,1.2699999809265137,1.2699999809265137,224,2023-01-27 00:00:00+11:00
1.2699999809265137,1.2699999809265137,1.2699999809265137,1.2699999809265137,5782,2023-01-30 00:00:00+11:00
1.2799999713897705,1.2799999713897705,1.2699999809265137,1.2699999809265137,271,2023-01-31 00:00:00+11:00
1.2699999809265137,1.2999999523162842,1.2699999809265137,1.2999999523162842,1270,2023-02-01 00:00:00+11:00
1.2999999523162842,1.2999999523162842,1.2625000476837158,1.2699999809265137,11633,2023-02-02 00:00:00+11:00
1.2599999904632568,1.2599999904632568,1.2599999904632568,1.2599999904632568,946,2023-02-03 00:00:00+11:00
1.2599999904632568,1.2699999809265137,1.2599999904632568,1.2599999904632568,2613,2023-02-06 00:00:00+11:00
1.2599999904632568,1.2599999904632568,1.2599999904632568,1.2599999904632568,0,2023-02-07 00:00:00+11:00
1.2599999904632568,1.2599999904632568,1.2599999904632568,1.2599999904632568,0,2023-02-08 00:00:00+11:00
1.2599999904632568,1.2599999904632568,1.2599999904632568,1.2599999904632568,0,2023-02-09 00:00:00+11:00
1.2599999904632568,1.2599999904632568,1.2599999904632568,1.2599999904632568,0,2023-02-10 00:00:00+11:00
1.2599999904632568,1.2599999904632568,1.2599999904632568,1.2599999904632568,0,2023-02-13 00:00:00+11:00
1.2599999904632568,1.2599999904632568,1.2599999904632568,1.2599999904632568,0,2023-02-14 00:00:00+11:00
1.2599999904632568,1.2599999904632568,1.2599999904632568,1.2599999904632568,0,2023-02-15 00:00:00+11:00
1.2599999904632568,1.2599999904632568,1.2599999904632568,1.2599999904632568,0,2023-02-16 00:00:00+11:00
1.2599999904632568,1.2599999904632568,1.2599999904632568,1.2599999904632568,0,2023-02-17 00:00:00+11:00
1.2599999904632568,1.2599999904632568,1.2599999904632568,1.2599999904632568,0,2023-02-20 00:00:00+11:00
1.2599999904632568,1.2599999904632568,1.2599999904632568,1.2599999904632568,0,2023-02-21 00:00:00+11:00
1.2599999904632568,1.2599999904632568,1.2599999904632568,1.2599999904632568,0,2023-02-22 00:00:00+11:00
1.2599999904632568,1.2599999904632568,1.2599999904632568,1.2599999904632568,73,2023-02-23 00:00:00+11:00
1.2599999904632568,1.2599999904632568,1.2599999904632568,1.2599999904632568,0,2023-02-24 00:00:00+11:00
1.2000000476837158,1.2999999523162842,1.2000000476837158,1.2999999523162842,105986,2023-02-27 00:00:00+11:00
1.2999999523162842,1.2999999523162842,1.2999999523162842,1.2999999523162842,388,2023-02-28 00:00:00+11:00
1.2999999523162842,1.2999999523162842,1.2999999523162842,1.2999999523162842,115,2023-03-01 00:00:00+11:00
1.2999999523162842,1.2999999523162842,1.2000000476837158,1.215000033378601,28337,2023-03-02 00:00:00+11:00
1.2699999809265137,1.2699999809265137,1.2699999809265137,1.2699999809265137,929,2023-03-03 00:00:00+11:00
1.2699999809265137,1.2699999809265137,1.2649999856948853,1.2699999809265137,30693,2023-03-06 00:00:00+11:00
1.2699999809265137,1.2699999809265137,1.2699999809265137,1.2699999809265137,0,2023-03-07 00:00:00+11:00
1.2699999809265137,1.2699999809265137,1.2699999809265137,1.2699999809265137,0,2023-03-08 00:00:00+11:00
1.2699999809265137,1.2699999809265137,1.2699999809265137,1.2699999809265137,0,2023-03-09 00:00:00+11:00
1.1749999523162842,1.1799999475479126,1.1749999523162842,1.1799999475479126,17040,2023-03-10 00:00:00+11:00
1.2000000476837158,1.2000000476837158,1.190000057220459,1.190000057220459,79828,2023-03-13 00:00:00+11:00
1.190000057220459,1.190000057220459,1.190000057220459,1.190000057220459,0,2023-03-14 00:00:00+11:00
1.2000000476837158,1.2000000476837158,1.2000000476837158,1.2000000476837158,26287,2023-03-15 00:00:00+11:00
1.2000000476837158,1.2000000476837158,1.2000000476837158,1.2000000476837158,0,2023-03-16 00:00:00+11:00
1.2000000476837158,1.2000000476837158,1.2000000476837158,1.2000000476837158,0,2023-03-17 00:00:00+11:00
1.2000000476837158,1.2000000476837158,1.2000000476837158,1.2000000476837158,10000,2023-03-20 00:00:00+11:00
1.25,1.25,1.25,1.25,21480,2023-03-21 00:00:00+11:00
1.2450000047683716,1.2450000047683716,1.2300000190734863,1.2300000190734863,3539,2023-03-22 00:00:00+11:00
1.2000000476837158,1.2000000476837158,1.2000000476837158,1.2000000476837158,152288,2023-03-23 00:00:00+11:00
1.2000000476837158,1.2000000476837158,1.2000000476837158,1.2000000476837158,65570,2023-03-24 00:00:00+11:00
1.2100000381469727,1.2100000381469727,1.2100000381469727,1.2100000381469727,52,2023-03-27 00:00:00+11:00
1.2000000476837158,1.25,1.2000000476837158,1.25,41405,2023-03-28 00:00:00+11:00
1.25,1.25,1.25,1.25,0,2023-03-29 00:00:00+11:00
1.25,1.25,1.25,1.25,0,2023-03-30 00:00:00+11:00
1.25,1.25,1.25,1.25,0,2023-03-31 00:00:00+11:00
1.25,1.25,1.25,1.25,0,2023-04-03 00:00:00+10:00
1.25,1.25,1.25,1.25,0,2023-04-04 00:00:00+10:00
1.2400000095367432,1.2400000095367432,1.225000023841858,1.225000023841858,12075,2023-04-05 00:00:00+10:00
1.225000023841858,1.225000023841858,1.225000023841858,1.225000023841858,0,2023-04-06 00:00:00+10:00
1.1100000143051147,1.1799999475479126,1.1100000143051147,1.1699999570846558,3860,2023-04-11 00:00:00+10:00
1.2899999618530273,1.2899999618530273,1.149999976158142,1.1699999570846558,9850,2023-04-12 00:00:00+10:00
1.1749999523162842,1.184999942779541,1.1349999904632568,1.1699999570846558,16358,2023-04-13 00:00:00+10:00
1.1699999570846558,1.1699999570846558,1.1649999618530273,1.1649999618530273,461,2023-04-14 00:00:00+10:00
1.1549999713897705,1.1549999713897705,1.1549999713897705,1.1549999713897705,65,2023-04-17 00:00:00+10:00
1.0499999523162842,1.0499999523162842,1.0499999523162842,1.0499999523162842,2730,2023-04-18 00:00:00+10:00
1.065000057220459,1.2000000476837158,1.065000057220459,1.2000000476837158,1828957,2023-04-19 00:00:00+10:00
1.2000000476837158,1.2000000476837158,1.2000000476837158,1.2000000476837158,0,2023-04-20 00:00:00+10:00
1.2000000476837158,1.2000000476837158,1.2000000476837158,1.2000000476837158,417,2023-04-21 00:00:00+10:00
1.2000000476837158,1.2000000476837158,1.2000000476837158,1.2000000476837158,0,2023-04-24 00:00:00+10:00
1.2000000476837158,1.2000000476837158,1.2000000476837158,1.2000000476837158,0,2023-04-26 00:00:00+10:00
1.2000000476837158,1.2000000476837158,1.2000000476837158,1.2000000476837158,0,2023-04-27 00:00:00+10:00
1.2000000476837158,1.2000000476837158,1.2000000476837158,1.2000000476837158,0,2023-04-28 00:00:00+10:00
1.2000000476837158,1.2000000476837158,1.2000000476837158,1.2000000476837158,418,2023-05-01 00:00:00+10:00
1.1799999475479126,1.2050000429153442,1.1799999475479126,1.2000000476837158,24437,2023-05-02 00:00:00+10:00
1.2000000476837158,1.2000000476837158,1.2000000476837158,1.2000000476837158,0,2023-05-03 00:00:00+10:00
1.2000000476837158,1.2000000476837158,1.149999976158142,1.1950000524520874,52286,2023-05-04 00:00:00+10:00
1.1449999809265137,1.184999942779541,1.1449999809265137,1.184999942779541,6238,2023-05-05 00:00:00+10:00
1.184999942779541,1.184999942779541,1.184999942779541,1.184999942779541,0,2023-05-08 00:00:00+10:00
1.184999942779541,1.184999942779541,1.184999942779541,1.184999942779541,0,2023-05-09 00:00:00+10:00
1.184999942779541,1.184999942779541,1.184999942779541,1.184999942779541,0,2023-05-10 00:00:00+10:00
1.149999976158142,1.149999976158142,1.1050000190734863,1.1050000190734863,58620,2023-05-11 00:00:00+10:00
1.1050000190734863,1.1050000190734863,1.1050000190734863,1.1050000190734863,0,2023-05-12 00:00:00+10:00
1.1050000190734863,1.1050000190734863,1.1050000190734863,1.1050000190734863,0,2023-05-15 00:00:00+10:00
1.1799999475479126,1.2300000190734863,1.1799999475479126,1.2300000190734863,1227,2023-05-16 00:00:00+10:00
1.2000000476837158,1.2000000476837158,1.1050000190734863,1.1050000190734863,47785,2023-05-17 00:00:00+10:00
1.1549999713897705,1.1549999713897705,1.149999976158142,1.149999976158142,25524,2023-05-18 00:00:00+10:00
1.149999976158142,1.149999976158142,1.149999976158142,1.149999976158142,0,2023-05-19 00:00:00+10:00
1.149999976158142,1.149999976158142,1.149999976158142,1.149999976158142,0,2023-05-22 00:00:00+10:00
1.149999976158142,1.149999976158142,1.149999976158142,1.149999976158142,0,2023-05-23 00:00:00+10:00
1.1349999904632568,1.1399999856948853,1.1349999904632568,1.1399999856948853,23518,2023-05-24 00:00:00+10:00
1.1399999856948853,1.1399999856948853,1.1399999856948853,1.1399999856948853,439,2023-05-25 00:00:00+10:00
1.1399999856948853,1.1399999856948853,1.1399999856948853,1.1399999856948853,0,2023-05-26 00:00:00+10:00
1.1399999856948853,1.1399999856948853,1.1399999856948853,1.1399999856948853,0,2023-05-29 00:00:00+10:00
1.1399999856948853,1.1399999856948853,1.1399999856948853,1.1399999856948853,0,2023-05-30 00:00:00+10:00
1.1399999856948853,1.1399999856948853,1.1399999856948853,1.1399999856948853,0,2023-05-31 00:00:00+10:00
1.1399999856948853,1.1399999856948853,1.1399999856948853,1.1399999856948853,87,2023-06-01 00:00:00+10:00
1.100000023841858,1.100000023841858,1.100000023841858,1.100000023841858,950,2023-06-02 00:00:00+10:00
1.1399999856948853,1.159999966621399,1.1399999856948853,1.1399999856948853,19505,2023-06-05 00:00:00+10:00
1.1399999856948853,1.1399999856948853,1.1399999856948853,1.1399999856948853,0,2023-06-06 00:00:00+10:00
1.1399999856948853,1.1399999856948853,1.1399999856948853,1.1399999856948853,0,2023-06-07 00:00:00+10:00
1.1399999856948853,1.1399999856948853,1.1399999856948853,1.1399999856948853,1071,2023-06-08 00:00:00+10:00
1.1399999856948853,1.1399999856948853,1.1399999856948853,1.1399999856948853,0,2023-06-09 00:00:00+10:00
1.1200000047683716,1.1200000047683716,1.1200000047683716,1.1200000047683716,3009,2023-06-13 00:00:00+10:00
1.1399999856948853,1.1399999856948853,1.1399999856948853,1.1399999856948853,12383,2023-06-14 00:00:00+10:00
1.100000023841858,1.100000023841858,1.100000023841858,1.100000023841858,2000,2023-06-15 00:00:00+10:00
1.100000023841858,1.100000023841858,1.100000023841858,1.100000023841858,0,2023-06-16 00:00:00+10:00
1.100000023841858,1.100000023841858,1.100000023841858,1.100000023841858,791,2023-06-19 00:00:00+10:00
1.100000023841858,1.100000023841858,1.100000023841858,1.100000023841858,0,2023-06-20 00:00:00+10:00
1.1200000047683716,1.1200000047683716,1.1200000047683716,1.1200000047683716,4732,2023-06-21 00:00:00+10:00
1.100000023841858,1.100000023841858,1.0299999713897705,1.0299999713897705,13986,2023-06-22 00:00:00+10:00
1.100000023841858,1.100000023841858,1.100000023841858,1.100000023841858,10000,2023-06-23 00:00:00+10:00
1.100000023841858,1.1200000047683716,1.100000023841858,1.1200000047683716,109300,2023-06-26 00:00:00+10:00
1.1150000095367432,1.1200000047683716,1.1150000095367432,1.1200000047683716,23900,2023-06-27 00:00:00+10:00
1.1200000047683716,1.1200000047683716,1.1200000047683716,1.1200000047683716,0,2023-06-28 00:00:00+10:00
1.1050000190734863,1.1050000190734863,1.100000023841858,1.100000023841858,62568,2023-06-29 00:00:00+10:00
1.100000023841858,1.1050000190734863,1.0950000286102295,1.100000023841858,1007595,2023-06-30 00:00:00+10:00
1.1100000143051147,1.1100000143051147,1.1100000143051147,1.1100000143051147,1790,2023-07-03 00:00:00+10:00
1.1200000047683716,1.1299999952316284,1.1200000047683716,1.1200000047683716,15041,2023-07-04 00:00:00+10:00
1.149999976158142,1.1549999713897705,1.149999976158142,1.149999976158142,7820,2023-07-05 00:00:00+10:00
1.149999976158142,1.149999976158142,1.100000023841858,1.100000023841858,6149,2023-07-06 00:00:00+10:00
1.100000023841858,1.100000023841858,1.100000023841858,1.100000023841858,0,2023-07-07 00:00:00+10:00
1.100000023841858,1.100000023841858,1.100000023841858,1.100000023841858,0,2023-07-10 00:00:00+10:00
1.1100000143051147,1.1200000047683716,1.0824999809265137,1.1200000047683716,108535,2023-07-11 00:00:00+10:00
1.1200000047683716,1.1200000047683716,1.1200000047683716,1.1200000047683716,19167,2023-07-12 00:00:00+10:00
1.1200000047683716,1.1200000047683716,1.1200000047683716,1.1200000047683716,0,2023-07-13 00:00:00+10:00
1.1200000047683716,1.1200000047683716,1.1200000047683716,1.1200000047683716,0,2023-07-14 00:00:00+10:00
1.1200000047683716,1.1200000047683716,1.0499999523162842,1.100000023841858,17438,2023-07-17 00:00:00+10:00
1.100000023841858,1.100000023841858,1.100000023841858,1.100000023841858,26341,2023-07-18 00:00:00+10:00
1.1200000047683716,1.1200000047683716,1.1200000047683716,1.1200000047683716,12697,2023-07-19 00:00:00+10:00
1.1200000047683716,1.1200000047683716,1.1200000047683716,1.1200000047683716,0,2023-07-20 00:00:00+10:00
1.1200000047683716,1.1200000047683716,1.1200000047683716,1.1200000047683716,0,2023-07-21 00:00:00+10:00
1.1200000047683716,1.1200000047683716,1.1200000047683716,1.1200000047683716,0,2023-07-24 00:00:00+10:00
1.1200000047683716,1.1200000047683716,1.1200000047683716,1.1200000047683716,0,2023-07-25 00:00:00+10:00
1.1200000047683716,1.1200000047683716,1.1200000047683716,1.1200000047683716,0,2023-07-26 00:00:00+10:00
1.1200000047683716,1.1200000047683716,1.1200000047683716,1.1200000047683716,0,2023-07-27 00:00:00+10:00
1.1200000047683716,1.1200000047683716,1.1200000047683716,1.1200000047683716,0,2023-07-28 00:00:00+10:00
1.0750000476837158,1.100000023841858,1.0750000476837158,1.100000023841858,16603,2023-07-31 00:00:00+10:00
1.100000023841858,1.100000023841858,1.100000023841858,1.100000023841858,0,2023-08-01 00:00:00+10:00
1.100000023841858,1.100000023841858,1.100000023841858,1.100000023841858,0,2023-08-02 00:00:00+10:00
1.100000023841858,1.100000023841858,1.100000023841858,1.100000023841858,0,2023-08-03 00:00:00+10:00
1.149999976158142,1.149999976158142,1.149999976158142,1.149999976158142,2727,2023-08-04 00:00:00+10:00
1.149999976158142,1.149999976158142,1.149999976158142,1.149999976158142,0,2023-08-07 00:00:00+10:00
1.149999976158142,1.149999976158142,1.149999976158142,1.149999976158142,0,2023-08-08 00:00:00+10:00
1.149999976158142,1.149999976158142,1.149999976158142,1.149999976158142,0,2023-08-09 00:00:00+10:00
1.149999976158142,1.149999976158142,1.149999976158142,1.149999976158142,0,2023-08-10 00:00:00+10:00
1.1050000190734863,1.1050000190734863,1.090000033378601,1.1050000190734863,26842,2023-08-11 00:00:00+10:00
1.100000023841858,1.100000023841858,1.100000023841858,1.100000023841858,500,2023-08-14 00:00:00+10:00
1.100000023841858,1.100000023841858,1.100000023841858,1.100000023841858,233459,2023-08-15 00:00:00+10:00
1.100000023841858,1.100000023841858,1.100000023841858,1.100000023841858,0,2023-08-16 00:00:00+10:00
1.100000023841858,1.100000023841858,1.100000023841858,1.100000023841858,0,2023-08-17 00:00:00+10:00
1.100000023841858,1.100000023841858,1.100000023841858,1.100000023841858,0,2023-08-18 00:00:00+10:00
1.100000023841858,1.100000023841858,1.100000023841858,1.100000023841858,0,2023-08-21 00:00:00+10:00
1.0950000286102295,1.0950000286102295,1.0950000286102295,1.0950000286102295,28424,2023-08-22 00:00:00+10:00
1.100000023841858,1.1299999952316284,1.100000023841858,1.1100000143051147,91676,2023-08-23 00:00:00+10:00
1.125,1.125,1.1150000095367432,1.1200000047683716,50152,2023-08-24 00:00:00+10:00
1.1200000047683716,1.1200000047683716,1.1200000047683716,1.1200000047683716,0,2023-08-25 00:00:00+10:00
1.1449999809265137,1.1449999809265137,1.1200000047683716,1.1200000047683716,5529,2023-08-28 00:00:00+10:00
1.1200000047683716,1.1200000047683716,1.1200000047683716,1.1200000047683716,0,2023-08-29 00:00:00+10:00
1.1200000047683716,1.1200000047683716,1.1200000047683716,1.1200000047683716,2552,2023-08-30 00:00:00+10:00
1.149999976158142,1.149999976158142,1.149999976158142,1.149999976158142,16592,2023-08-31 00:00:00+10:00
1.159999966621399,1.1649999618530273,1.159999966621399,1.1649999618530273,12643,2023-09-01 00:00:00+10:00
1.1649999618530273,1.1649999618530273,1.159999966621399,1.1649999618530273,63792,2023-09-04 00:00:00+10:00
1.159999966621399,1.1799999475479126,1.159999966621399,1.1799999475479126,37486,2023-09-05 00:00:00+10:00
1.1799999475479126,1.1799999475479126,1.1799999475479126,1.1799999475479126,0,2023-09-06 00:00:00+10:00
1.190000057220459,1.190000057220459,1.1799999475479126,1.1799999475479126,65865,2023-09-07 00:00:00+10:00
1.190000057220459,1.190000057220459,1.190000057220459,1.190000057220459,1978,2023-09-08 00:00:00+10:00
1.190000057220459,1.190000057220459,1.190000057220459,1.190000057220459,0,2023-09-11 00:00:00+10:00
1.190000057220459,1.190000057220459,1.190000057220459,1.190000057220459,0,2023-09-12 00:00:00+10:00
1.190000057220459,1.190000057220459,1.190000057220459,1.190000057220459,0,2023-09-13 00:00:00+10:00
1.2100000381469727,1.215000033378601,1.2000000476837158,1.2100000381469727,174528,2023-09-14 00:00:00+10:00
1.2200000286102295,1.2200000286102295,1.2100000381469727,1.2100000381469727,114524,2023-09-15 00:00:00+10:00
1.2000000476837158,1.2100000381469727,1.2000000476837158,1.2000000476837158,154998,2023-09-18 00:00:00+10:00
1.2000000476837158,1.2000000476837158,1.2000000476837158,1.2000000476837158,55000,2023-09-19 00:00:00+10:00
1.2100000381469727,1.2100000381469727,1.2100000381469727,1.2100000381469727,855,2023-09-20 00:00:00+10:00
1.2100000381469727,1.2100000381469727,1.2100000381469727,1.2100000381469727,0,2023-09-21 00:00:00+10:00
1.2300000190734863,1.2300000190734863,1.2300000190734863,1.2300000190734863,5901,2023-09-22 00:00:00+10:00
1.2549999952316284,1.2549999952316284,1.2549999952316284,1.2549999952316284,4156,2023-09-25 00:00:00+10:00
1.2549999952316284,1.2649999856948853,1.2549999952316284,1.2649999856948853,318,2023-09-26 00:00:00+10:00
1.2649999856948853,1.2649999856948853,1.2649999856948853,1.2649999856948853,0,2023-09-27 00:00:00+10:00
1.274999976158142,1.274999976158142,1.274999976158142,1.274999976158142,6698,2023-09-28 00:00:00+10:00
1.2699999809265137,1.2699999809265137,1.2699999809265137,1.2699999809265137,5644,2023-09-29 00:00:00+10:00
1.2999999523162842,1.3300000429153442,1.2949999570846558,1.2999999523162842,746083,2023-10-02 00:00:00+11:00
1.2999999523162842,1.2999999523162842,1.284999966621399,1.2899999618530273,39903,2023-10-03 00:00:00+11:00
1.2899999618530273,1.2899999618530273,1.284999966621399,1.284999966621399,4952,2023-10-04 00:00:00+11:00
1.2949999570846558,1.2949999570846558,1.2799999713897705,1.284999966621399,21531,2023-10-05 00:00:00+11:00
1.284999966621399,1.284999966621399,1.274999976158142,1.274999976158142,26130,2023-10-06 00:00:00+11:00
1.274999976158142,1.284999966621399,1.2599999904632568,1.284999966621399,30246,2023-10-09 00:00:00+11:00
1.2899999618530273,1.2899999618530273,1.2649999856948853,1.2649999856948853,112752,2023-10-10 00:00:00+11:00
1.2649999856948853,1.2649999856948853,1.2000000476837158,1.2400000095367432,37463,2023-10-11 00:00:00+11:00
1.2400000095367432,1.2400000095367432,1.2400000095367432,1.2400000095367432,0,2023-10-12 00:00:00+11:00
1.2400000095367432,1.2400000095367432,1.2400000095367432,1.2400000095367432,20287,2023-10-13 00:00:00+11:00
1.2400000095367432,1.2400000095367432,1.2300000190734863,1.2300000190734863,69530,2023-10-16 00:00:00+11:00
1.2300000190734863,1.2300000190734863,1.215000033378601,1.215000033378601,40089,2023-10-17 00:00:00+11:00
1.215000033378601,1.215000033378601,1.190000057220459,1.190000057220459,61488,2023-10-18 00:00:00+11:00
1.190000057220459,1.190000057220459,1.190000057220459,1.190000057220459,0,2023-10-19 00:00:00+11:00
1.190000057220459,1.190000057220459,1.190000057220459,1.190000057220459,0,2023-10-20 00:00:00+11:00
1.190000057220459,1.190000057220459,1.190000057220459,1.190000057220459,0,2023-10-23 00:00:00+11:00
1.190000057220459,1.190000057220459,1.190000057220459,1.190000057220459,0,2023-10-24 00:00:00+11:00
1.190000057220459,1.190000057220459,1.190000057220459,1.190000057220459,0,2023-10-25 00:00:00+11:00
1.190000057220459,1.190000057220459,1.190000057220459,1.190000057220459,0,2023-10-26 00:00:00+11:00
1.190000057220459,1.190000057220459,1.190000057220459,1.190000057220459,0,2023-10-27 00:00:00+11:00
1.190000057220459,1.190000057220459,1.190000057220459,1.190000057220459,0,2023-10-30 00:00:00+11:00
1.190000057220459,1.190000057220459,1.190000057220459,1.190000057220459,0,2023-10-31 00:00:00+11:00
1.190000057220459,1.190000057220459,1.190000057220459,1.190000057220459,0,2023-11-01 00:00:00+11:00
1.190000057220459,1.190000057220459,1.190000057220459,1.190000057220459,0,2023-11-02 00:00:00+11:00
1.190000057220459,1.190000057220459,1.190000057220459,1.190000057220459,0,2023-11-03 00:00:00+11:00
1.190000057220459,1.190000057220459,1.190000057220459,1.190000057220459,0,2023-11-06 00:00:00+11:00
1.190000057220459,1.190000057220459,1.190000057220459,1.190000057220459,0,2023-11-07 00:00:00+11:00
1.190000057220459,1.190000057220459,1.190000057220459,1.190000057220459,0,2023-11-08 00:00:00+11:00
1.190000057220459,1.190000057220459,1.190000057220459,1.190000057220459,0,2023-11-09 00:00:00+11:00
1.190000057220459,1.190000057220459,1.190000057220459,1.190000057220459,0,2023-11-10 00:00:00+11:00
1.1399999856948853,1.1399999856948853,1.1399999856948853,1.1399999856948853,1500,2023-11-13 00:00:00+11:00
0.9599999785423279,0.9599999785423279,0.9599999785423279,0.9599999785423279,139470,2023-11-14 00:00:00+11:00
0.9649999737739563,1.0499999523162842,0.9649999737739563,1.0499999523162842,106958,2023-11-15 00:00:00+11:00
1.1150000095367432,1.1200000047683716,1.100000023841858,1.1200000047683716,8506,2023-11-16 00:00:00+11:00
1.0499999523162842,1.0499999523162842,1.0399999618530273,1.0399999618530273,6315,2023-11-17 00:00:00+11:00
1.0399999618530273,1.0399999618530273,1.0399999618530273,1.0399999618530273,0,2023-11-20 00:00:00+11:00
1.0399999618530273,1.0399999618530273,1.0399999618530273,1.0399999618530273,0,2023-11-21 00:00:00+11:00
1.0399999618530273,1.0399999618530273,1.0399999618530273,1.0399999618530273,0,2023-11-22 00:00:00+11:00
1.0399999618530273,1.0399999618530273,1.0399999618530273,1.0399999618530273,0,2023-11-23 00:00:00+11:00
1.0399999618530273,1.0399999618530273,1.0399999618530273,1.0399999618530273,0,2023-11-24 00:00:00+11:00
1.1100000143051147,1.1100000143051147,1.1100000143051147,1.1100000143051147,1846,2023-11-27 00:00:00+11:00
1.1200000047683716,1.1200000047683716,1.1200000047683716,1.1200000047683716,30000,2023-11-28 00:00:00+11:00
1.1649999618530273,1.1649999618530273,1.1649999618530273,1.1649999618530273,85,2023-11-29 00:00:00+11:00
1.1649999618530273,1.1649999618530273,1.1649999618530273,1.1649999618530273,0,2023-11-30 00:00:00+11:00
1.225000023841858,1.2400000095367432,1.225000023841858,1.2400000095367432,17792,2023-12-01 00:00:00+11:00
1.2400000095367432,1.2400000095367432,1.2400000095367432,1.2400000095367432,0,2023-12-04 00:00:00+11:00
1.2400000095367432,1.2400000095367432,1.2400000095367432,1.2400000095367432,0,2023-12-05 00:00:00+11:00
1.2350000143051147,1.2350000143051147,1.2350000143051147,1.2350000143051147,1,2023-12-06 00:00:00+11:00
1.2350000143051147,1.2350000143051147,1.2350000143051147,1.2350000143051147,0,2023-12-07 00:00:00+11:00
1.2350000143051147,1.2350000143051147,1.2350000143051147,1.2350000143051147,0,2023-12-08 00:00:00+11:00
1.225000023841858,1.225000023841858,1.225000023841858,1.225000023841858,18,2023-12-11 00:00:00+11:00
1.2100000381469727,1.2100000381469727,1.2100000381469727,1.2100000381469727,4,2023-12-12 00:00:00+11:00
1.2100000381469727,1.2100000381469727,1.2100000381469727,1.2100000381469727,0,2023-12-13 00:00:00+11:00
1.059999942779541,1.190000057220459,1.059999942779541,1.190000057220459,28872,2023-12-14 00:00:00+11:00
1.2000000476837158,1.2000000476837158,1.2000000476837158,1.2000000476837158,1,2023-12-15 00:00:00+11:00
1.2050000429153442,1.2050000429153442,1.2050000429153442,1.2050000429153442,157,2023-12-18 00:00:00+11:00
1.1950000524520874,1.1950000524520874,1.1449999809265137,1.1449999809265137,7,2023-12-19 00:00:00+11:00
1.1449999809265137,1.1449999809265137,1.1349999904632568,1.1349999904632568,29,2023-12-20 00:00:00+11:00
1.1799999475479126,1.184999942779541,1.1699999570846558,1.1699999570846558,3502,2023-12-21 00:00:00+11:00
1.2050000429153442,1.3200000524520874,1.2050000429153442,1.3200000524520874,48451,2023-12-22 00:00:00+11:00
1.3200000524520874,1.3250000476837158,1.25,1.3250000476837158,36081,2023-12-27 00:00:00+11:00
1.2999999523162842,1.3049999475479126,1.2599999904632568,1.3049999475479126,76929,2023-12-28 00:00:00+11:00
1.3049999475479126,1.399999976158142,1.3049999475479126,1.399999976158142,23840,2023-12-29 00:00:00+11:00
1.3899999856948853,1.3899999856948853,1.2999999523162842,1.3200000524520874,21553,2024-01-02 00:00:00+11:00
1.3250000476837158,1.3300000429153442,1.274999976158142,1.2799999713897705,87151,2024-01-03 00:00:00+11:00
1.2799999713897705,1.2799999713897705,1.2799999713897705,1.2799999713897705,0,2024-01-04 00:00:00+11:00
1.2799999713897705,1.2799999713897705,1.2799999713897705,1.2799999713897705,1,2024-01-05 00:00:00+11:00
1.284999966621399,1.284999966621399,1.284999966621399,1.284999966621399,69,2024-01-08 00:00:00+11:00
1.2899999618530273,1.2999999523162842,1.2899999618530273,1.2999999523162842,811,2024-01-09 00:00:00+11:00
1.3049999475479126,1.3049999475479126,1.2999999523162842,1.3049999475479126,21036,2024-01-10 00:00:00+11:00
1.3049999475479126,1.3049999475479126,1.3049999475479126,1.3049999475479126,0,2024-01-11 00:00:00+11:00
1.3049999475479126,1.3049999475479126,1.3049999475479126,1.3049999475479126,0,2024-01-12 00:00:00+11:00
1.3049999475479126,1.3049999475479126,1.3049999475479126,1.3049999475479126,0,2024-01-15 00:00:00+11:00
1.3049999475479126,1.3049999475479126,1.3049999475479126,1.3049999475479126,76,2024-01-16 00:00:00+11:00
1.309999942779541,1.309999942779541,1.1749999523162842,1.1749999523162842,741,2024-01-17 00:00:00+11:00
1.1799999475479126,1.1799999475479126,1.1749999523162842,1.1749999523162842,1020,2024-01-18 00:00:00+11:00
1.1749999523162842,1.1749999523162842,1.1749999523162842,1.1749999523162842,0,2024-01-19 00:00:00+11:00
1.1799999475479126,1.184999942779541,1.1749999523162842,1.184999942779541,14674,2024-01-22 00:00:00+11:00
1.184999942779541,1.184999942779541,1.184999942779541,1.184999942779541,0,2024-01-23 00:00:00+11:00
1.1950000524520874,1.2000000476837158,1.190000057220459,1.190000057220459,13630,2024-01-24 00:00:00+11:00
1.100000023841858,1.100000023841858,1.100000023841858,1.100000023841858,28869,2024-01-25 00:00:00+11:00
1.100000023841858,1.100000023841858,1.100000023841858,1.100000023841858,0,2024-01-29 00:00:00+11:00
1.100000023841858,1.100000023841858,1.100000023841858,1.100000023841858,0,2024-01-30 00:00:00+11:00
1.100000023841858,1.100000023841858,1.100000023841858,1.100000023841858,0,2024-01-31 00:00:00+11:00
1.100000023841858,1.100000023841858,1.100000023841858,1.100000023841858,0,2024-02-01 00:00:00+11:00
1.1050000190734863,1.1050000190734863,1.100000023841858,1.100000023841858,361,2024-02-02 00:00:00+11:00
1.100000023841858,1.100000023841858,1.100000023841858,1.100000023841858,441,2024-02-05 00:00:00+11:00
1.100000023841858,1.100000023841858,1.100000023841858,1.100000023841858,0,2024-02-06 00:00:00+11:00
1.100000023841858,1.100000023841858,1.100000023841858,1.100000023841858,0,2024-02-07 00:00:00+11:00
1.100000023841858,1.100000023841858,1.100000023841858,1.100000023841858,0,2024-02-08 00:00:00+11:00
1.100000023841858,1.100000023841858,1.100000023841858,1.100000023841858,0,2024-02-09 00:00:00+11:00
1.100000023841858,1.100000023841858,1.100000023841858,1.100000023841858,0,2024-02-12 00:00:00+11:00
1.100000023841858,1.100000023841858,1.100000023841858,1.100000023841858,0,2024-02-13 00:00:00+11:00
1.100000023841858,1.100000023841858,1.100000023841858,1.100000023841858,0,2024-02-14 00:00:00+11:00
1.100000023841858,1.100000023841858,1.100000023841858,1.100000023841858,0,2024-02-15 00:00:00+11:00
1.1050000190734863,1.1050000190734863,1.100000023841858,1.100000023841858,8453695,2024-02-16 00:00:00+11:00
1.100000023841858,1.100000023841858,1.100000023841858,1.100000023841858,710,2024-02-19 00:00:00+11:00
1.100000023841858,1.100000023841858,1.100000023841858,1.100000023841858,3,2024-02-20 00:00:00+11:00
1.1150000095367432,1.1150000095367432,1.1150000095367432,1.1150000095367432,302,2024-02-21 00:00:00+11:00
1.1100000143051147,1.125,1.1100000143051147,1.1200000047683716,2284,2024-02-22 00:00:00+11:00
1.1200000047683716,1.1200000047683716,1.1200000047683716,1.1200000047683716,0,2024-02-23 00:00:00+11:00
1.1699999570846558,1.1699999570846558,1.1699999570846558,1.1699999570846558,155,2024-02-26 00:00:00+11:00
1.1549999713897705,1.1549999713897705,1.1549999713897705,1.1549999713897705,280,2024-02-27 00:00:00+11:00
1.1549999713897705,1.1549999713897705,1.1549999713897705,1.1549999713897705,0,2024-02-28 00:00:00+11:00
1.1549999713897705,1.1549999713897705,1.1549999713897705,1.1549999713897705,0,2024-02-29 00:00:00+11:00
1.1749999523162842,1.1749999523162842,1.1749999523162842,1.1749999523162842,2431,2024-03-01 00:00:00+11:00
1.1799999475479126,1.1799999475479126,1.1799999475479126,1.1799999475479126,19127,2024-03-04 00:00:00+11:00
1.1799999475479126,1.1799999475479126,1.1799999475479126,1.1799999475479126,0,2024-03-05 00:00:00+11:00
1.2300000190734863,1.2300000190734863,1.184999942779541,1.184999942779541,71559,2024-03-06 00:00:00+11:00
1.2300000190734863,1.2300000190734863,1.1950000524520874,1.1950000524520874,1030,2024-03-07 00:00:00+11:00
1.2000000476837158,1.2000000476837158,1.2000000476837158,1.2000000476837158,28587,2024-03-08 00:00:00+11:00
1.2000000476837158,1.2000000476837158,1.2000000476837158,1.2000000476837158,0,2024-03-11 00:00:00+11:00
1.215000033378601,1.2200000286102295,1.215000033378601,1.2200000286102295,18434,2024-03-12 00:00:00+11:00
1.2300000190734863,1.2400000095367432,1.2200000286102295,1.2200000286102295,34074,2024-03-13 00:00:00+11:00
1.2300000190734863,1.2300000190734863,1.2200000286102295,1.2200000286102295,18092,2024-03-14 00:00:00+11:00
1.2200000286102295,1.2200000286102295,1.2200000286102295,1.2200000286102295,7715,2024-03-15 00:00:00+11:00
1.2200000286102295,1.2200000286102295,1.2200000286102295,1.2200000286102295,0,2024-03-18 00:00:00+11:00
1.2400000095367432,1.2400000095367432,1.2400000095367432,1.2400000095367432,19000,2024-03-19 00:00:00+11:00
1.2799999713897705,1.2799999713897705,1.25,1.2799999713897705,150029,2024-03-20 00:00:00+11:00
1.2549999952316284,1.2549999952316284,1.2400000095367432,1.25,53276,2024-03-21 00:00:00+11:00
1.25,1.25,1.25,1.25,11738,2024-03-22 00:00:00+11:00
1.2699999809265137,1.2699999809265137,1.2699999809265137,1.2699999809265137,17621,2024-03-25 00:00:00+11:00
1.25,1.25,1.25,1.25,47000,2024-03-26 00:00:00+11:00
1.2450000047683716,1.2450000047683716,1.2400000095367432,1.2400000095367432,17554,2024-03-27 00:00:00+11:00
1.25,1.25,1.25,1.25,107192,2024-03-28 00:00:00+11:00
1.25,1.25,1.25,1.25,19500,2024-04-02 00:00:00+11:00
1.25,1.2549999952316284,1.25,1.25,15913,2024-04-03 00:00:00+11:00
1.25,1.25,1.2300000190734863,1.2300000190734863,16118,2024-04-04 00:00:00+11:00
1.2300000190734863,1.2300000190734863,1.2300000190734863,1.2300000190734863,0,2024-04-05 00:00:00+11:00
1.2300000190734863,1.2300000190734863,1.2300000190734863,1.2300000190734863,5453,2024-04-08 00:00:00+10:00
1.25,1.25,1.25,1.25,25400,2024-04-09 00:00:00+10:00
1.25,1.25,1.25,1.25,0,2024-04-10 00:00:00+10:00
1.25,1.25,1.25,1.25,0,2024-04-11 00:00:00+10:00
1.0049999952316284,1.2100000381469727,1.0049999952316284,1.2100000381469727,12142,2024-04-12 00:00:00+10:00
1.2100000381469727,1.2100000381469727,1.2100000381469727,1.2100000381469727,0,2024-04-15 00:00:00+10:00
1.2100000381469727,1.2100000381469727,1.2100000381469727,1.2100000381469727,0,2024-04-16 00:00:00+10:00
1.2200000286102295,1.2549999952316284,1.2200000286102295,1.25,19100,2024-04-17 00:00:00+10:00
1.25,1.25,1.25,1.25,10252,2024-04-18 00:00:00+10:00
1.25,1.25,1.25,1.25,8541,2024-04-19 00:00:00+10:00
1.25,1.25,1.25,1.25,0,2024-04-22 00:00:00+10:00
1.25,1.2549999952316284,1.25,1.25,64929,2024-04-23 00:00:00+10:00
1.25,1.25,1.25,1.25,32956,2024-04-24 00:00:00+10:00
1.25,1.25,1.25,1.25,0,2024-04-26 00:00:00+10:00
1.2599999904632568,1.2649999856948853,1.25,1.25,16065,2024-04-29 00:00:00+10:00
1.25,1.25,1.2300000190734863,1.2350000143051147,72337,2024-04-30 00:00:00+10:00
1.2350000143051147,1.2450000047683716,1.2350000143051147,1.2450000047683716,7840,2024-05-01 00:00:00+10:00
1.2450000047683716,1.2450000047683716,1.2450000047683716,1.2450000047683716,0,2024-05-02 00:00:00+10:00
1.25,1.25,1.2400000095367432,1.2400000095367432,7268,2024-05-03 00:00:00+10:00
1.2400000095367432,1.2400000095367432,1.2400000095367432,1.2400000095367432,13064,2024-05-06 00:00:00+10:00
1.2450000047683716,1.2450000047683716,1.2400000095367432,1.2400000095367432,33399,2024-05-07 00:00:00+10:00
1.2400000095367432,1.2400000095367432,1.2400000095367432,1.2400000095367432,23998,2024-05-08 00:00:00+10:00
1.2450000047683716,1.2450000047683716,1.2300000190734863,1.2300000190734863,50705,2024-05-09 00:00:00+10:00
1.2300000190734863,1.2400000095367432,1.2300000190734863,1.2400000095367432,30059,2024-05-10 00:00:00+10:00
1.2400000095367432,1.2400000095367432,1.2200000286102295,1.2400000095367432,21942,2024-05-13 00:00:00+10:00
1.2400000095367432,1.2400000095367432,1.2300000190734863,1.2300000190734863,27052,2024-05-14 00:00:00+10:00
1.2400000095367432,1.2400000095367432,1.2400000095367432,1.2400000095367432,28895,2024-05-15 00:00:00+10:00
1.2400000095367432,1.2400000095367432,1.2400000095367432,1.2400000095367432,34126,2024-05-16 00:00:00+10:00
1.2400000095367432,1.2400000095367432,1.2200000286102295,1.2400000095367432,32297,2024-05-17 00:00:00+10:00
1.2400000095367432,1.2400000095367432,1.2400000095367432,1.2400000095367432,37203,2024-05-20 00:00:00+10:00
1.2400000095367432,1.2400000095367432,1.2400000095367432,1.2400000095367432,102056,2024-05-21 00:00:00+10:00
1.2400000095367432,1.2400000095367432,1.2400000095367432,1.2400000095367432,139136,2024-05-22 00:00:00+10:00
1.2400000095367432,1.2400000095367432,1.2400000095367432,1.2400000095367432,42548,2024-05-23 00:00:00+10:00
1.2400000095367432,1.2400000095367432,1.2200000286102295,1.2200000286102295,57069,2024-05-24 00:00:00+10:00
1.2300000190734863,1.2400000095367432,1.2300000190734863,1.2400000095367432,52557,2024-05-27 00:00:00+10:00
1.2400000095367432,1.2400000095367432,1.2300000190734863,1.2400000095367432,52048,2024-05-28 00:00:00+10:00
1.2400000095367432,1.2400000095367432,1.2400000095367432,1.2400000095367432,54671,2024-05-29 00:00:00+10:00
1.2400000095367432,1.2400000095367432,1.2400000095367432,1.2400000095367432,58022,2024-05-30 00:00:00+10:00
1.2400000095367432,1.2400000095367432,1.2400000095367432,1.2400000095367432,68365,2024-05-31 00:00:00+10:00
1.2400000095367432,1.2400000095367432,1.2400000095367432,1.2400000095367432,0,2024-06-03 00:00:00+10:00
1.225000023841858,1.225000023841858,1.225000023841858,1.225000023841858,1910,2024-06-04 00:00:00+10:00
1.225000023841858,1.2400000095367432,1.225000023841858,1.2400000095367432,32453,2024-06-05 00:00:00+10:00
1.2400000095367432,1.2400000095367432,1.2350000143051147,1.2400000095367432,31745,2024-06-06 00:00:00+10:00
1.2400000095367432,1.2400000095367432,1.2400000095367432,1.2400000095367432,27965,2024-06-07 00:00:00+10:00
1.2350000143051147,1.2350000143051147,1.2350000143051147,1.2350000143051147,17020,2024-06-11 00:00:00+10:00
1.2400000095367432,1.2400000095367432,1.2400000095367432,1.2400000095367432,32521,2024-06-12 00:00:00+10:00
1.2350000143051147,1.2350000143051147,1.2300000190734863,1.2350000143051147,30596,2024-06-13 00:00:00+10:00
1.2350000143051147,1.2350000143051147,1.2350000143051147,1.2350000143051147,0,2024-06-14 00:00:00+10:00
1.2300000190734863,1.2300000190734863,1.225000023841858,1.225000023841858,2969,2024-06-17 00:00:00+10:00
1.225000023841858,1.225000023841858,1.225000023841858,1.225000023841858,488,2024-06-18 00:00:00+10:00
1.225000023841858,1.225000023841858,1.225000023841858,1.225000023841858,13711,2024-06-19 00:00:00+10:00
1.2000000476837158,1.2000000476837158,1.149999976158142,1.1549999713897705,14750,2024-06-20 00:00:00+10:00
1.1649999618530273,1.1649999618530273,1.1150000095367432,1.1150000095367432,81525,2024-06-21 00:00:00+10:00
1.1200000047683716,1.1200000047683716,1.100000023841858,1.100000023841858,9044,2024-06-24 00:00:00+10:00
1.0800000429153442,1.100000023841858,1.0399999618530273,1.0399999618530273,19504,2024-06-25 00:00:00+10:00
1.0049999952316284,1.0049999952316284,0.9950000047683716,1.0,95630,2024-06-26 00:00:00+10:00
0.9950000047683716,1.0,0.9950000047683716,1.0,9739,2024-06-27 00:00:00+10:00
1.0,1.0,1.0,1.0,0,2024-06-28 00:00:00+10:00
1.0,1.0,1.0,1.0,0,2024-07-01 00:00:00+10:00
1.0,1.0,1.0,1.0,525,2024-07-02 00:00:00+10:00
1.0,1.0,1.0,1.0,0,2024-07-03 00:00:00+10:00
1.0,1.0,1.0,1.0,0,2024-07-04 00:00:00+10:00
1.0399999618530273,1.0399999618530273,1.0399999618530273,1.0399999618530273,134708,2024-07-05 00:00:00+10:00
1.034999966621399,1.034999966621399,1.0049999952316284,1.0049999952316284,4100,2024-07-08 00:00:00+10:00
1.0049999952316284,1.0049999952316284,1.0049999952316284,1.0049999952316284,0,2024-07-09 00:00:00+10:00
1.0049999952316284,1.0049999952316284,1.0049999952316284,1.0049999952316284,0,2024-07-10 00:00:00+10:00
1.0499999523162842,1.100000023841858,1.0499999523162842,1.100000023841858,24460,2024-07-11 00:00:00+10:00
1.0499999523162842,1.100000023841858,1.034999966621399,1.100000023841858,7790,2024-07-12 00:00:00+10:00
1.0674999952316284,1.0674999952316284,1.0674999952316284,1.0674999952316284,86,2024-07-15 00:00:00+10:00
1.0674999952316284,1.0674999952316284,1.0674999952316284,1.0674999952316284,0,2024-07-16 00:00:00+10:00
1.034999966621399,1.034999966621399,1.034999966621399,1.034999966621399,5914,2024-07-17 00:00:00+10:00
1.034999966621399,1.034999966621399,1.034999966621399,1.034999966621399,0,2024-07-18 00:00:00+10:00
1.0950000286102295,1.0950000286102295,1.0950000286102295,1.0950000286102295,904,2024-07-19 00:00:00+10:00
1.0800000429153442,1.0800000429153442,1.0800000429153442,1.0800000429153442,15224,2024-07-22 00:00:00+10:00
1.0800000429153442,1.0800000429153442,1.0800000429153442,1.0800000429153442,0,2024-07-23 00:00:00+10:00
1.100000023841858,1.100000023841858,1.100000023841858,1.100000023841858,909,2024-07-24 00:00:00+10:00
1.100000023841858,1.100000023841858,1.100000023841858,1.100000023841858,1760,2024-07-25 00:00:00+10:00
1.100000023841858,1.100000023841858,1.100000023841858,1.100000023841858,0,2024-07-26 00:00:00+10:00
1.100000023841858,1.100000023841858,1.100000023841858,1.100000023841858,909,2024-07-29 00:00:00+10:00
1.100000023841858,1.100000023841858,1.100000023841858,1.100000023841858,0,2024-07-30 00:00:00+10:00
1.0950000286102295,1.100000023841858,1.0950000286102295,1.100000023841858,460,2024-07-31 00:00:00+10:00
1.100000023841858,1.100000023841858,1.100000023841858,1.100000023841858,0,2024-08-01 00:00:00+10:00
1.100000023841858,1.100000023841858,1.100000023841858,1.100000023841858,0,2024-08-02 00:00:00+10:00
1.100000023841858,1.100000023841858,1.100000023841858,1.100000023841858,1016,2024-08-05 00:00:00+10:00
1.100000023841858,1.100000023841858,1.100000023841858,1.100000023841858,0,2024-08-06 00:00:00+10:00
1.100000023841858,1.100000023841858,1.100000023841858,1.100000023841858,0,2024-08-07 00:00:00+10:00
1.100000023841858,1.100000023841858,1.100000023841858,1.100000023841858,0,2024-08-08 00:00:00+10:00
1.1050000190734863,1.1050000190734863,1.0499999523162842,1.0499999523162842,3501,2024-08-09 00:00:00+10:00
1.0499999523162842,1.0499999523162842,1.0499999523162842,1.0499999523162842,0,2024-08-12 00:00:00+10:00
1.100000023841858,1.100000023841858,1.0549999475479126,1.100000023841858,5760,2024-08-13 00:00:00+10:00
1.065000057220459,1.0800000429153442,1.065000057220459,1.0750000476837158,6178,2024-08-14 00:00:00+10:00
1.0750000476837158,1.0800000429153442,1.0750000476837158,1.0800000429153442,15452,2024-08-15 00:00:00+10:00
1.0850000381469727,1.0850000381469727,1.0449999570846558,1.0499999523162842,34454,2024-08-16 00:00:00+10:00
1.0499999523162842,1.0499999523162842,1.0,1.0,10459,2024-08-19 00:00:00+10:00
0.9950000047683716,1.0299999713897705,0.9700000286102295,0.9700000286102295,4626,2024-08-20 00:00:00+10:00
0.949999988079071,0.949999988079071,0.949999988079071,0.949999988079071,1200,2024-08-21 00:00:00+10:00
0.949999988079071,0.949999988079071,0.949999988079071,0.949999988079071,1,2024-08-22 00:00:00+10:00
0.949999988079071,0.949999988079071,0.949999988079071,0.949999988079071,0,2024-08-23 00:00:00+10:00
0.9049999713897705,0.949999988079071,0.9049999713897705,0.949999988079071,1704,2024-08-26 00:00:00+10:00
0.949999988079071,0.949999988079071,0.949999988079071,0.949999988079071,0,2024-08-27 00:00:00+10:00
0.949999988079071,0.949999988079071,0.949999988079071,0.949999988079071,0,2024-08-28 00:00:00+10:00
0.949999988079071,0.949999988079071,0.949999988079071,0.949999988079071,0,2024-08-29 00:00:00+10:00
0.949999988079071,0.949999988079071,0.949999988079071,0.949999988079071,0,2024-08-30 00:00:00+10:00
0.949999988079071,0.949999988079071,0.949999988079071,0.949999988079071,0,2024-09-02 00:00:00+10:00
0.949999988079071,0.949999988079071,0.949999988079071,0.949999988079071,0,2024-09-03 00:00:00+10:00
0.949999988079071,0.949999988079071,0.949999988079071,0.949999988079071,0,2024-09-04 00:00:00+10:00
0.949999988079071,0.949999988079071,0.949999988079071,0.949999988079071,0,2024-09-05 00:00:00+10:00
0.949999988079071,0.949999988079071,0.8600000143051147,0.9449999928474426,2318,2024-09-06 00:00:00+10:00
0.9449999928474426,0.9449999928474426,0.9449999928474426,0.9449999928474426,0,2024-09-09 00:00:00+10:00
0.9449999928474426,0.9449999928474426,0.9449999928474426,0.9449999928474426,0,2024-09-10 00:00:00+10:00
0.9449999928474426,0.9449999928474426,0.9449999928474426,0.9449999928474426,0,2024-09-11 00:00:00+10:00
0.9449999928474426,0.9449999928474426,0.9449999928474426,0.9449999928474426,0,2024-09-12 00:00:00+10:00
0.9449999928474426,0.9449999928474426,0.9449999928474426,0.9449999928474426,0,2024-09-13 00:00:00+10:00
1.0,1.0149999856948853,1.0,1.0099999904632568,39262,2024-09-16 00:00:00+10:00
1.0099999904632568,1.0099999904632568,1.0099999904632568,1.0099999904632568,0,2024-09-17 00:00:00+10:00
1.0,1.0,0.949999988079071,0.949999988079071,4966,2024-09-18 00:00:00+10:00
0.949999988079071,0.949999988079071,0.949999988079071,0.949999988079071,0,2024-09-19 00:00:00+10:00
0.949999988079071,1.0049999952316284,0.949999988079071,1.0049999952316284,426,2024-09-20 00:00:00+10:00
1.0,1.0099999904632568,0.9950000047683716,1.0099999904632568,21074,2024-09-23 00:00:00+10:00
1.0099999904632568,1.0099999904632568,1.0099999904632568,1.0099999904632568,0,2024-09-24 00:00:00+10:00
1.0099999904632568,1.0099999904632568,1.0099999904632568,1.0099999904632568,0,2024-09-25 00:00:00+10:00
1.0049999952316284,1.024999976158142,1.0049999952316284,1.024999976158142,10001,2024-09-26 00:00:00+10:00
1.0199999809265137,1.024999976158142,1.0199999809265137,1.024999976158142,1070,2024-09-27 00:00:00+10:00
1.0199999809265137,1.0199999809265137,1.0199999809265137,1.0199999809265137,29432,2024-09-30 00:00:00+10:00
1.0199999809265137,1.0199999809265137,1.0199999809265137,1.0199999809265137,0,2024-10-01 00:00:00+10:00
1.0199999809265137,1.0199999809265137,1.0199999809265137,1.0199999809265137,10,2024-10-02 00:00:00+10:00
1.024999976158142,1.024999976158142,1.024999976158142,1.024999976158142,1,2024-10-03 00:00:00+10:00
1.0199999809265137,1.0299999713897705,1.0199999809265137,1.0299999713897705,484,2024-10-04 00:00:00+10:00
1.0199999809265137,1.024999976158142,1.0199999809265137,1.0199999809265137,5001,2024-10-07 00:00:00+11:00
1.0199999809265137,1.0199999809265137,0.9549999833106995,1.0,4302,2024-10-08 00:00:00+11:00
1.0199999809265137,1.0199999809265137,1.0,1.0,7602,2024-10-09 00:00:00+11:00
1.0199999809265137,1.0299999713897705,1.0199999809265137,1.0299999713897705,5694,2024-10-10 00:00:00+11:00
1.0099999904632568,1.0199999809265137,1.0099999904632568,1.0199999809265137,7019,2024-10-11 00:00:00+11:00
1.0199999809265137,1.0199999809265137,1.0199999809265137,1.0199999809265137,0,2024-10-14 00:00:00+11:00
1.0099999904632568,1.0099999904632568,0.9850000143051147,0.9850000143051147,22000,2024-10-15 00:00:00+11:00
0.9850000143051147,0.9850000143051147,0.9850000143051147,0.9850000143051147,0,2024-10-16 00:00:00+11:00
0.9850000143051147,0.9850000143051147,0.9850000143051147,0.9850000143051147,0,2024-10-17 00:00:00+11:00
0.9850000143051147,0.9850000143051147,0.9850000143051147,0.9850000143051147,0,2024-10-18 00:00:00+11:00
0.9850000143051147,0.9850000143051147,0.9850000143051147,0.9850000143051147,0,2024-10-21 00:00:00+11:00
0.9850000143051147,0.9850000143051147,0.9850000143051147,0.9850000143051147,1,2024-10-22 00:00:00+11:00
1.0549999475479126,1.0549999475479126,1.0549999475479126,1.0549999475479126,508,2024-10-23 00:00:00+11:00
1.0549999475479126,1.0549999475479126,1.0549999475479126,1.0549999475479126,0,2024-10-24 00:00:00+11:00
1.0549999475479126,1.0549999475479126,1.0549999475479126,1.0549999475479126,0,2024-10-25 00:00:00+11:00
1.0549999475479126,1.0549999475479126,1.0549999475479126,1.0549999475479126,0,2024-10-28 00:00:00+11:00
1.0549999475479126,1.0549999475479126,1.0549999475479126,1.0549999475479126,0,2024-10-29 00:00:00+11:00
1.0549999475479126,1.0549999475479126,1.0549999475479126,1.0549999475479126,0,2024-10-30 00:00:00+11:00
0.8999999761581421,0.9150000214576721,0.8999999761581421,0.8999999761581421,3542,2024-10-31 00:00:00+11:00
0.9900000095367432,0.9900000095367432,0.9900000095367432,0.9900000095367432,1500,2024-11-01 00:00:00+11:00
0.9900000095367432,0.9900000095367432,0.9900000095367432,0.9900000095367432,0,2024-11-04 00:00:00+11:00
0.9900000095367432,0.9900000095367432,0.9900000095367432,0.9900000095367432,1,2024-11-05 00:00:00+11:00
0.9900000095367432,0.9900000095367432,0.9900000095367432,0.9900000095367432,0,2024-11-06 00:00:00+11:00
0.9900000095367432,0.9900000095367432,0.9900000095367432,0.9900000095367432,0,2024-11-07 00:00:00+11:00
0.9900000095367432,0.9900000095367432,0.9900000095367432,0.9900000095367432,0,2024-11-08 00:00:00+11:00
0.9900000095367432,0.9900000095367432,0.9900000095367432,0.9900000095367432,0,2024-11-11 00:00:00+11:00
0.9900000095367432,0.9900000095367432,0.9900000095367432,0.9900000095367432,0,2024-11-12 00:00:00+11:00
0.9900000095367432,0.9900000095367432,0.9900000095367432,0.9900000095367432,0,2024-11-13 00:00:00+11:00
0.9649999737739563,0.9649999737739563,0.9649999737739563,0.9649999737739563,1,2024-11-14 00:00:00+11:00
0.8500000238418579,0.8500000238418579,0.800000011920929,0.800000011920929,10010,2024-11-15 00:00:00+11:00
0.800000011920929,0.800000011920929,0.800000011920929,0.800000011920929,0,2024-11-18 00:00:00+11:00
0.8849999904632568,0.8849999904632568,0.8500000238418579,0.8500000238418579,27357,2024-11-19 00:00:00+11:00
0.8650000095367432,0.8650000095367432,0.8500000238418579,0.8500000238418579,671,2024-11-20 00:00:00+11:00
0.8500000238418579,0.8500000238418579,0.8500000238418579,0.8500000238418579,2454,2024-11-21 00:00:00+11:00
0.75,0.75,0.75,0.75,1,2024-11-22 00:00:00+11:00
0.75,0.75,0.75,0.75,0,2024-11-25 00:00:00+11:00
0.8500000238418579,0.8500000238418579,0.8500000238418579,0.8500000238418579,1877,2024-11-26 00:00:00+11:00
0.8500000238418579,0.8500000238418579,0.8500000238418579,0.8500000238418579,331,2024-11-27 00:00:00+11:00
0.8500000238418579,0.8500000238418579,0.75,0.7850000262260437,11706,2024-11-28 00:00:00+11:00
0.7850000262260437,0.7850000262260437,0.7850000262260437,0.7850000262260437,0,2024-11-29 00:00:00+11:00
0.7850000262260437,0.7850000262260437,0.7850000262260437,0.7850000262260437,0,2024-12-02 00:00:00+11:00
0.7850000262260437,0.7850000262260437,0.7850000262260437,0.7850000262260437,0,2024-12-03 00:00:00+11:00
0.8349999785423279,0.8349999785423279,0.824999988079071,0.824999988079071,2422,2024-12-04 00:00:00+11:00
0.8199999928474426,0.824999988079071,0.8199999928474426,0.824999988079071,10082,2024-12-05 00:00:00+11:00
0.824999988079071,0.824999988079071,0.824999988079071,0.824999988079071,1919,2024-12-06 00:00:00+11:00
0.824999988079071,0.824999988079071,0.824999988079071,0.824999988079071,36,2024-12-09 00:00:00+11:00
0.824999988079071,0.824999988079071,0.824999988079071,0.824999988079071,0,2024-12-10 00:00:00+11:00
0.800000011920929,0.800000011920929,0.800000011920929,0.800000011920929,1282,2024-12-11 00:00:00+11:00
0.8050000071525574,0.8050000071525574,0.8050000071525574,0.8050000071525574,34,2024-12-12 00:00:00+11:00
0.8050000071525574,0.8050000071525574,0.8050000071525574,0.8050000071525574,0,2024-12-13 00:00:00+11:00
0.8050000071525574,0.8050000071525574,0.8050000071525574,0.8050000071525574,0,2024-12-16 00:00:00+11:00
0.8050000071525574,0.8050000071525574,0.8050000071525574,0.8050000071525574,0,2024-12-17 00:00:00+11:00
0.8050000071525574,0.8050000071525574,0.8050000071525574,0.8050000071525574,0,2024-12-18 00:00:00+11:00
0.7549999952316284,0.8100000023841858,0.7549999952316284,0.8100000023841858,3012,2024-12-19 00:00:00+11:00
0.8100000023841858,0.8100000023841858,0.8100000023841858,0.8100000023841858,0,2024-12-20 00:00:00+11:00
0.8100000023841858,0.8100000023841858,0.8100000023841858,0.8100000023841858,0,2024-12-23 00:00:00+11:00
0.8500000238418579,0.8500000238418579,0.8450000286102295,0.8450000286102295,128,2024-12-24 00:00:00+11:00
0.8450000286102295,0.8450000286102295,0.8450000286102295,0.8450000286102295,0,2024-12-27 00:00:00+11:00
0.875,0.875,0.8399999737739563,0.8399999737739563,850,2024-12-30 00:00:00+11:00
