Open,High,Low,Close,Volume,Date
0.32884614745696467,0.33317306637763977,0.32884614745696467,0.33317306637763977,11970,2020-01-02 00:00:00+11:00
0.32884614745696467,0.33317306637763977,0.3245192285362895,0.33317306637763977,30397,2020-01-03 00:00:00+11:00
0.32451922612229905,0.32451922612229905,0.30288460588938493,0.3201923072338104,155827,2020-01-06 00:00:00+11:00
0.3158653883453218,0.3201923072338104,0.31153846945683317,0.3201923072338104,29153,2020-01-07 00:00:00+11:00
0.31153848043337556,0.32884615659713745,0.31153848043337556,0.32884615659713745,49252,2020-01-08 00:00:00+11:00
0.32884615449307447,0.3331730735063299,0.3115384784400526,0.3158653974533081,77281,2020-01-09 00:00:00+11:00
0.3115384784400526,0.32019231646656354,0.30721153363632553,0.3158653974533081,74910,2020-01-10 00:00:00+11:00
0.3115384784400526,0.324519235479819,0.3115384784400526,0.3158653974533081,50649,2020-01-13 00:00:00+11:00
0.3158653974533081,0.3262500082432155,0.3158653974533081,0.3158653974533081,63075,2020-01-14 00:00:00+11:00
0.31586539107528355,0.3201923100011689,0.30288460850715637,0.30288460850715637,161550,2020-01-15 00:00:00+11:00
0.31153847214939817,0.3245192289270542,0.30288460850715637,0.30288460850715637,61064,2020-01-16 00:00:00+11:00
0.3072115274330417,0.31586539107528355,0.30288460850715637,0.30288460850715637,50894,2020-01-17 00:00:00+11:00
0.30288462359935736,0.3115384876728058,0.30288462359935736,0.3115384876728058,45397,2020-01-20 00:00:00+11:00
0.31153846945683317,0.3201923072338104,0.30721152477787356,0.3201923072338104,90725,2020-01-21 00:00:00+11:00
0.3158654084878094,0.32451924681663513,0.30721154436851117,0.32451924681663513,70591,2020-01-22 00:00:00+11:00
0.32019231646656354,0.32019231646656354,0.3115384784400526,0.3158653974533081,77394,2020-01-23 00:00:00+11:00
0.31153846945683317,0.3201923072338104,0.31153846945683317,0.3201923072338104,36977,2020-01-24 00:00:00+11:00
0.31153846945683317,0.3201923072338104,0.2985576870008963,0.3201923072338104,132989,2020-01-28 00:00:00+11:00
0.29855770445786933,0.3115384876728058,0.29855770445786933,0.3115384876728058,19076,2020-01-29 00:00:00+11:00
0.30721153684350805,0.31586540075083397,0.29855769872665405,0.29855769872665405,90318,2020-01-30 00:00:00+11:00
0.29855770445786933,0.3115384876728058,0.29855770445786933,0.3115384876728058,42455,2020-01-31 00:00:00+11:00
0.29855768714446573,0.3115384696066447,0.289903849363327,0.289903849363327,125914,2020-02-03 00:00:00+11:00
0.2942307868752726,0.32451924681663513,0.2942307868752726,0.32451924681663513,176925,2020-02-04 00:00:00+11:00
0.31153848932339656,0.32451924681663513,0.31153848932339656,0.32451924681663513,49504,2020-02-05 00:00:00+11:00
0.3158654068142938,0.32884616423875784,0.3115384876728058,0.3115384876728058,56529,2020-02-06 00:00:00+11:00
0.3115384876728058,0.3245192450972698,0.3115384876728058,0.3115384876728058,206624,2020-02-07 00:00:00+11:00
0.3115384876728058,0.3115384876728058,0.3115384876728058,0.3115384876728058,0,2020-02-10 00:00:00+11:00
0.32451922940465555,0.35480768772090016,0.272596150636673,0.272596150636673,560783,2020-02-11 00:00:00+11:00
0.2552884652862666,0.2682692486956552,0.23365386925474022,0.24230770766735077,841654,2020-02-12 00:00:00+11:00
0.24230769975827293,0.2466346188233448,0.2163461595773697,0.2163461595773697,987773,2020-02-13 00:00:00+11:00
0.22499999770751344,0.22932691677258532,0.2163461595773697,0.2163461595773697,821757,2020-02-14 00:00:00+11:00
0.21634616905142007,0.22067308830597276,0.2033653983925254,0.21201924979686737,575507,2020-02-17 00:00:00+11:00
0.2120192422089767,0.2120192422089767,0.20769231021404266,0.20769231021404266,183344,2020-02-18 00:00:00+11:00
0.20769231021404266,0.2120192422089767,0.20769231021404266,0.20769231021404266,263959,2020-02-19 00:00:00+11:00
0.19903846085071564,0.20336537970771967,0.1903846102414722,0.19903846085071564,182628,2020-02-20 00:00:00+11:00
0.19038461285196376,0.19471153176829709,0.18173076212406158,0.18173076212406158,355309,2020-02-21 00:00:00+11:00
0.1817307750453479,0.1903846263885498,0.1774038558213652,0.1903846263885498,230388,2020-02-24 00:00:00+11:00
0.17740385234355927,0.18605770351711198,0.17740385234355927,0.17740385234355927,170833,2020-02-25 00:00:00+11:00
0.17740385424661712,0.17740385424661712,0.16442308379465798,0.16875000298023224,265440,2020-02-26 00:00:00+11:00
0.16442306873460222,0.17740383799760953,0.13846153020858765,0.13846153020858765,406252,2020-02-27 00:00:00+11:00
0.1298076946624744,0.13846153237648245,0.09951923042535782,0.09951923042535782,877796,2020-02-28 00:00:00+11:00
0.09519230969823322,0.10817307978868484,0.08653846512047147,0.10817307978868484,330224,2020-03-02 00:00:00+11:00
0.10817307802523386,0.11682692890953746,0.10384615258308207,0.11249999701976776,155236,2020-03-03 00:00:00+11:00
0.11249999923830278,0.13846153950794743,0.11249999923830278,0.13413462042808533,609137,2020-03-04 00:00:00+11:00
0.13846153677744275,0.15144230665628025,0.11249999701976776,0.11249999701976776,310000,2020-03-05 00:00:00+11:00
0.11249999701976776,0.11682692890953746,0.10817307802523386,0.11249999701976776,181230,2020-03-06 00:00:00+11:00
0.1081730837614595,0.1081730837614595,0.08480769545100357,0.0951923131942749,833131,2020-03-09 00:00:00+11:00
0.08653846463784279,0.09519230916734167,0.08048077282243177,0.08221153914928436,458392,2020-03-10 00:00:00+11:00
0.08221153436730111,0.08653845960417607,0.06923076510429382,0.06923076510429382,719602,2020-03-11 00:00:00+11:00
0.06923077021573851,0.07701923492762766,0.06923077021573851,0.07442308217287064,1014142,2020-03-12 00:00:00+11:00
0.07096154242753983,0.07096154242753983,0.0649038505675813,0.07096154242753983,290495,2020-03-13 00:00:00+11:00
0.06836539078026248,0.07788462191820145,0.0649038515985012,0.07788462191820145,340191,2020-03-16 00:00:00+11:00
0.07788461402185946,0.07788461402185946,0.07009615004062653,0.07009615004062653,322156,2020-03-17 00:00:00+11:00
0.07009615144119233,0.07788461557804374,0.06576922620431737,0.06923076510429382,346203,2020-03-18 00:00:00+11:00
0.06836538685629001,0.06836538685629001,0.0631730751578625,0.06490384787321091,239610,2020-03-19 00:00:00+11:00
0.0631730794811097,0.06490385231490349,0.06057692667803719,0.0623076930642128,120643,2020-03-20 00:00:00+11:00
0.06144231359360571,0.06230769356990793,0.058846160769462585,0.058846160769462585,413692,2020-03-23 00:00:00+11:00
0.06057692483178712,0.06057692483178712,0.057980772107839584,0.057980772107839584,132503,2020-03-24 00:00:00+11:00
0.05971154049652935,0.06923077177706645,0.05971154049652935,0.06057692691683769,156871,2020-03-25 00:00:00+11:00
0.06057692483178712,0.06836538945124772,0.057980772107839584,0.057980772107839584,510438,2020-03-26 00:00:00+11:00
0.05798077126579176,0.06144231032998962,0.05624999850988388,0.05624999850988388,289792,2020-03-27 00:00:00+11:00
0.05624999867590716,0.059711537750321834,0.054519232362508774,0.054519232362508774,166180,2020-03-30 00:00:00+11:00
0.059711536840547495,0.06836538761854172,0.059711536840547495,0.06836538761854172,361796,2020-03-31 00:00:00+11:00
0.069230763721019,0.07009615004062653,0.0683653838490289,0.07009615004062653,246419,2020-04-01 00:00:00+11:00
0.0683653838490289,0.07269230255183169,0.0683653838490289,0.07009615004062653,38911,2020-04-02 00:00:00+11:00
0.07009615312402069,0.07355769210709978,0.06490384787321091,0.06490384787321091,365374,2020-04-03 00:00:00+11:00
0.06836538685629001,0.06836538685629001,0.06490384787321091,0.06490384787321091,34240,2020-04-06 00:00:00+10:00
0.06576922778326738,0.06663461414094159,0.06490384787321091,0.06490384787321091,130290,2020-04-07 00:00:00+10:00
0.0631730751578625,0.06490384787321091,0.0631730751578625,0.06490384787321091,93000,2020-04-08 00:00:00+10:00
0.06317308203459468,0.0649038549383471,0.06144231557846069,0.06144231557846069,101955,2020-04-09 00:00:00+10:00
0.061442313585732274,0.06576923280954361,0.060576927161922714,0.06576923280954361,242861,2020-04-14 00:00:00+10:00
0.06576923155822795,0.07788462191820145,0.06576923155822795,0.07788462191820145,1316363,2020-04-15 00:00:00+10:00
0.08480769395828247,0.08653846677550639,0.07788462203224118,0.08480769395828247,530809,2020-04-16 00:00:00+10:00
0.08653846388932133,0.11682692915201187,0.07874999936680672,0.11682692915201187,836168,2020-04-17 00:00:00+10:00
0.12980770514152234,0.12980770514152234,0.09951923845929439,0.12115385383367538,618576,2020-04-20 00:00:00+10:00
0.11249999701976776,0.11682692890953746,0.08653846370971066,0.11249999701976776,640391,2020-04-21 00:00:00+10:00
0.09519231046000741,0.11249999975403527,0.09519231046000741,0.10384615510702133,468916,2020-04-22 00:00:00+10:00
0.10384615808985856,0.10384615808985856,0.09086538752267395,0.0951923131942749,391678,2020-04-23 00:00:00+10:00
0.0951923131942749,0.0951923131942749,0.08480769545100357,0.0951923131942749,420275,2020-04-24 00:00:00+10:00
0.09519230642598188,0.09519230642598188,0.08653846214569746,0.09086538106203079,385197,2020-04-27 00:00:00+10:00
0.08653846214569746,0.09086538106203079,0.08221153678174638,0.09086538106203079,175811,2020-04-28 00:00:00+10:00
0.09086538752267395,0.09951923886587584,0.09086538752267395,0.0951923131942749,308063,2020-04-29 00:00:00+10:00
0.09519230642598188,0.09519230642598188,0.08653846214569746,0.09086538106203079,514047,2020-04-30 00:00:00+10:00
0.08653846214569746,0.09086538106203079,0.08307692314406015,0.09086538106203079,228147,2020-05-01 00:00:00+10:00
0.08307692758867669,0.08480769395828247,0.07961538840184698,0.08480769395828247,211980,2020-05-04 00:00:00+10:00
0.08221153552721765,0.08221153552721765,0.07961538292751077,0.08048076927661896,213602,2020-05-05 00:00:00+10:00
0.08221153976727151,0.08567307889461517,0.08048077342740868,0.08567307889461517,309218,2020-05-06 00:00:00+10:00
0.08048077216427006,0.08480769116982552,0.0778846194714132,0.07874999940395355,661640,2020-05-07 00:00:00+10:00
0.07874999657840259,0.08048076927661896,0.07788461667691209,0.08048076927661896,409020,2020-05-08 00:00:00+10:00
0.08048077481045893,0.08480769395828247,0.07961538840184698,0.08480769395828247,525174,2020-05-11 00:00:00+10:00
0.08394231547761712,0.08394231547761712,0.07615385055799564,0.07701923698186874,773467,2020-05-12 00:00:00+10:00
0.0770192364610024,0.07788462287902305,0.07355769723653793,0.07355769723653793,403536,2020-05-13 00:00:00+10:00
0.07355769873586507,0.07961539089024731,0.07182692586454538,0.07269231230020523,379907,2020-05-14 00:00:00+10:00
0.07269230937128723,0.07442308217287064,0.07182692297049555,0.07442308217287064,227737,2020-05-15 00:00:00+10:00
0.07442307973381011,0.07528845965862274,0.0718269206165187,0.07528845965862274,158220,2020-05-18 00:00:00+10:00
0.07528846212604427,0.07701923492762766,0.07442308217287064,0.07442308217287064,104423,2020-05-19 00:00:00+10:00
0.0744230867250447,0.0744230867250447,0.07096154735776693,0.07182692736387253,143901,2020-05-20 00:00:00+10:00
0.07009615603394061,0.07096154242753983,0.07009615603394061,0.07096154242753983,301342,2020-05-21 00:00:00+10:00
0.07096154242753983,0.07182692237352103,0.07096154242753983,0.07096154242753983,205416,2020-05-22 00:00:00+10:00
0.07096154443009413,0.07615385004298172,0.07096154443009413,0.07355769723653793,606353,2020-05-25 00:00:00+10:00
0.07442308233444234,0.08134615421295166,0.0735576959317719,0.08134615421295166,518021,2020-05-26 00:00:00+10:00
0.08134614917810946,0.08134614917810946,0.0770192303278039,0.08048076927661896,65180,2020-05-27 00:00:00+10:00
0.07874999670031484,0.09951923042535782,0.07874999670031484,0.09951923042535782,895411,2020-05-28 00:00:00+10:00
0.09951923178993298,0.09951923178993298,0.08307692314406015,0.09086538106203079,1129000,2020-05-29 00:00:00+10:00
0.09519231151877158,0.09519231151877158,0.08221154118006473,0.08480769395828247,292052,2020-06-01 00:00:00+10:00
0.08567307578338369,0.09086538106203079,0.08307692314406015,0.09086538106203079,395831,2020-06-02 00:00:00+10:00
0.09086538860271515,0.09086538860271515,0.0830769300384004,0.08394231647253036,256181,2020-06-03 00:00:00+10:00
0.08394231387437914,0.08394231387437914,0.07701923551085661,0.07788462191820145,629068,2020-06-04 00:00:00+10:00
0.07961539218488789,0.08307693153619766,0.07788462573304222,0.08307693153619766,355006,2020-06-05 00:00:00+10:00
0.08134615209681041,0.08307692485712692,0.07874999940395355,0.07874999940395355,796121,2020-06-09 00:00:00+10:00
0.08221153847696866,0.08221153847696866,0.07874999940395355,0.07874999940395355,175916,2020-06-10 00:00:00+10:00
0.07961538828527304,0.07961538828527304,0.07788462191820145,0.07788462191820145,360287,2020-06-11 00:00:00+10:00
0.0770192309510666,0.0770192309510666,0.07355769197423973,0.07615384459495544,409537,2020-06-12 00:00:00+10:00
0.07874999721567115,0.07874999721567115,0.07615384459495544,0.07615384459495544,132709,2020-06-15 00:00:00+10:00
0.08134614983638687,0.08134614983638687,0.07615384459495544,0.07615384459495544,150153,2020-06-16 00:00:00+10:00
0.07615384459495544,0.07615384459495544,0.07615384459495544,0.07615384459495544,50632,2020-06-17 00:00:00+10:00
0.07615385318487437,0.07615385318487437,0.07182692736387253,0.07182692736387253,321766,2020-06-18 00:00:00+10:00
0.07355769577207893,0.07615384852683597,0.07355769577207893,0.07442308217287064,132666,2020-06-19 00:00:00+10:00
0.07442308155431869,0.07442308155431869,0.07096154242753983,0.07096154242753983,707282,2020-06-22 00:00:00+10:00
0.07096154242753983,0.07096154242753983,0.07009615603394061,0.07096154242753983,184393,2020-06-23 00:00:00+10:00
0.07009615004062653,0.07009615004062653,0.069230763721019,0.07009615004062653,197762,2020-06-24 00:00:00+10:00
0.06923076510429382,0.06923076510429382,0.0683653852150129,0.06923076510429382,183385,2020-06-25 00:00:00+10:00
0.06923077205716362,0.06923077205716362,0.060576927161922714,0.06576923280954361,1186220,2020-06-26 00:00:00+10:00
0.06576923494260487,0.06750000784635729,0.06144231557846069,0.06144231557846069,290442,2020-06-29 00:00:00+10:00
0.061442311030865594,0.06403846374672398,0.05971153825521469,0.05971153825521469,2139873,2020-06-30 00:00:00+10:00
0.05971154049652935,0.06057692691683769,0.058846160523839224,0.06057692691683769,227414,2020-07-01 00:00:00+10:00
0.06144231359360571,0.06144231359360571,0.058846160769462585,0.058846160769462585,230884,2020-07-02 00:00:00+10:00
0.058846160769462585,0.060576927169685255,0.058846160769462585,0.058846160769462585,300534,2020-07-03 00:00:00+10:00
0.058846160769462585,0.058846160769462585,0.058846160769462585,0.058846160769462585,312306,2020-07-06 00:00:00+10:00
0.06057692483178712,0.06144231122230896,0.057980772107839584,0.057980772107839584,477665,2020-07-07 00:00:00+10:00
0.057980772107839584,0.057980772107839584,0.057980772107839584,0.057980772107839584,152289,2020-07-08 00:00:00+10:00
0.05798077126579176,0.05798077126579176,0.05624999850988388,0.05624999850988388,202582,2020-07-09 00:00:00+10:00
0.05884615628299518,0.05884615628299518,0.055384617298841476,0.055384617298841476,322834,2020-07-10 00:00:00+10:00
0.08134615863673356,0.08307693153619766,0.07269231348226834,0.08307693153619766,7337767,2020-07-13 00:00:00+10:00
0.08307693153619766,0.08394231798592972,0.08307693153619766,0.08307693153619766,2483859,2020-07-14 00:00:00+10:00
0.08480769250087476,0.0865384652883556,0.08480769250087476,0.08567307889461517,1388365,2020-07-15 00:00:00+10:00
0.08567308036689443,0.08567308036689443,0.08480769395828247,0.08480769395828247,683894,2020-07-16 00:00:00+10:00
0.08567307745178157,0.08653846383094788,0.08567307745178157,0.08653846383094788,416755,2020-07-17 00:00:00+10:00
0.0865384652883556,0.0865384652883556,0.08567307889461517,0.08567307889461517,375882,2020-07-20 00:00:00+10:00
0.08567307745178157,0.08653846383094788,0.08567307745178157,0.08653846383094788,881786,2020-07-21 00:00:00+10:00
0.08567307889461517,0.09086538436182166,0.08567307889461517,0.08567307889461517,230089,2020-07-22 00:00:00+10:00
0.08653846383094788,0.08653846383094788,0.08567307745178157,0.08653846383094788,185608,2020-07-23 00:00:00+10:00
0.08567307745178157,0.08653846383094788,0.08567307745178157,0.08653846383094788,104043,2020-07-24 00:00:00+10:00
0.0865384652883556,0.0865384652883556,0.08567307889461517,0.08567307889461517,468925,2020-07-27 00:00:00+10:00
0.08567307745178157,0.08653846383094788,0.08567307745178157,0.08653846383094788,19474,2020-07-28 00:00:00+10:00
0.08567307745178157,0.08653846383094788,0.08567307745178157,0.08653846383094788,417370,2020-07-29 00:00:00+10:00
0.08653846383094788,0.08653846383094788,0.08567307745178157,0.08653846383094788,883780,2020-07-30 00:00:00+10:00
0.0865384652883556,0.0865384652883556,0.08567307889461517,0.08567307889461517,134764,2020-07-31 00:00:00+10:00
0.08567307745178157,0.08653846383094788,0.08567307745178157,0.08653846383094788,1108732,2020-08-03 00:00:00+10:00
0.08653846383094788,0.08653846383094788,0.08653846383094788,0.08653846383094788,67905,2020-08-04 00:00:00+10:00
0.08653846214569746,0.09519230642598188,0.08653846214569746,0.09086538106203079,6547237,2020-08-05 00:00:00+10:00
0.09086538106203079,0.09086538106203079,0.08653846214569746,0.09086538106203079,11585901,2020-08-06 00:00:00+10:00
0.09519230642598188,0.09519230642598188,0.09086538106203079,0.09086538106203079,393402,2020-08-07 00:00:00+10:00
0.08653846383094788,0.08653846383094788,0.08653846383094788,0.08653846383094788,882398,2020-08-10 00:00:00+10:00
0.09519230642598188,0.09519230642598188,0.09086538106203079,0.09086538106203079,1219740,2020-08-11 00:00:00+10:00
0.09519230642598188,0.09519230642598188,0.09086538106203079,0.09086538106203079,1536594,2020-08-12 00:00:00+10:00
0.09086538752267395,0.09951923886587584,0.09086538752267395,0.0951923131942749,279517,2020-08-13 00:00:00+10:00
0.09951923178993298,0.09951923178993298,0.09086538106203079,0.09086538106203079,1743478,2020-08-14 00:00:00+10:00
0.09519230642598188,0.09519230642598188,0.09086538106203079,0.09086538106203079,848298,2020-08-17 00:00:00+10:00
0.09519230642598188,0.09951923178993298,0.09086538106203079,0.09086538106203079,538585,2020-08-18 00:00:00+10:00
0.09519230642598188,0.09519230642598188,0.09086538106203079,0.09086538106203079,159928,2020-08-19 00:00:00+10:00
0.09086538106203079,0.09519230642598188,0.08653846214569746,0.09086538106203079,1484266,2020-08-20 00:00:00+10:00
0.09086538106203079,0.09519230642598188,0.09086538106203079,0.09086538106203079,563587,2020-08-21 00:00:00+10:00
0.09519230642598188,0.09519230642598188,0.09086538106203079,0.09086538106203079,404279,2020-08-24 00:00:00+10:00
0.09086538106203079,0.09086538106203079,0.09086538106203079,0.09086538106203079,104330,2020-08-25 00:00:00+10:00
0.09519230642598188,0.09519230642598188,0.09086538106203079,0.09086538106203079,185299,2020-08-26 00:00:00+10:00
0.09086538283154363,0.09086538283154363,0.08653846383094788,0.08653846383094788,233954,2020-08-27 00:00:00+10:00
0.09086538106203079,0.09519230642598188,0.08653846214569746,0.09086538106203079,278510,2020-08-28 00:00:00+10:00
0.09086538283154363,0.09951923372797096,0.08653846383094788,0.08653846383094788,1559782,2020-08-31 00:00:00+10:00
0.09519230642598188,0.09519230642598188,0.09086538106203079,0.09086538106203079,823967,2020-09-01 00:00:00+10:00
0.09086538752267395,0.09951923886587584,0.09086538752267395,0.0951923131942749,1140372,2020-09-02 00:00:00+10:00
0.09951923886587584,0.09951923886587584,0.0951923131942749,0.0951923131942749,1533232,2020-09-03 00:00:00+10:00
0.0951923131942749,0.0951923131942749,0.0951923131942749,0.0951923131942749,0,2020-09-04 00:00:00+10:00
0.1341346239932387,0.14711539447307587,0.12980770479837175,0.14711539447307587,5798549,2020-09-07 00:00:00+10:00
0.14711538532769283,0.15144230425357819,0.14711538532769283,0.15144230425357819,2079034,2020-09-08 00:00:00+10:00
0.14711538532769283,0.15144230425357819,0.14711538532769283,0.15144230425357819,1680161,2020-09-09 00:00:00+10:00
0.1557692457580461,0.1557692457580461,0.14711539447307587,0.14711539447307587,947651,2020-09-10 00:00:00+10:00
0.15144230784861343,0.15144230784861343,0.1341346188389754,0.14278846979141235,504627,2020-09-11 00:00:00+10:00
0.13846153353269294,0.13846153353269294,0.12980769574642181,0.12980769574642181,326897,2020-09-14 00:00:00+10:00
0.14711539056290765,0.1488461633529469,0.13413462042808533,0.13413462042808533,459734,2020-09-15 00:00:00+10:00
0.13846153786757595,0.1471153888200129,0.13846153786757595,0.14278846979141235,764231,2020-09-16 00:00:00+10:00
0.14278846979141235,0.14278846979141235,0.14278846979141235,0.14278846979141235,0,2020-09-17 00:00:00+10:00
0.16009615880105038,0.16009615880105038,0.14278846979141235,0.14278846979141235,2973667,2020-09-18 00:00:00+10:00
0.1471153888200129,0.15144230784861343,0.14278846979141235,0.14278846979141235,1235247,2020-09-21 00:00:00+10:00
0.14278846979141235,0.14278846979141235,0.14278846979141235,0.14278846979141235,371457,2020-09-22 00:00:00+10:00
0.13846153786757595,0.14278846979141235,0.1341346188389754,0.14278846979141235,514707,2020-09-23 00:00:00+10:00
0.14278847148304555,0.14278847148304555,0.13413462042808533,0.13413462042808533,313236,2020-09-24 00:00:00+10:00
0.1341346146395574,0.1341346146395574,0.12980769574642181,0.12980769574642181,328322,2020-09-25 00:00:00+10:00
0.12980769574642181,0.12980769574642181,0.12980769574642181,0.12980769574642181,329767,2020-09-28 00:00:00+10:00
0.12980769574642181,0.12980769574642181,0.12980769574642181,0.12980769574642181,327925,2020-09-29 00:00:00+10:00
0.12980770309818873,0.13413462223638295,0.1254807710647583,0.1254807710647583,234977,2020-09-30 00:00:00+10:00
0.12548076395805077,0.1341346146395574,0.12548076395805077,0.12980769574642181,618028,2020-10-01 00:00:00+10:00
0.12980770309818873,0.13846154137457717,0.1254807710647583,0.1254807710647583,437957,2020-10-02 00:00:00+10:00
0.12980769574642181,0.1341346146395574,0.12980769574642181,0.12980769574642181,424691,2020-10-05 00:00:00+11:00
0.1341346146395574,0.1341346146395574,0.12980769574642181,0.12980769574642181,133985,2020-10-06 00:00:00+11:00
0.12980770309818873,0.12980770309818873,0.1254807710647583,0.1254807710647583,144131,2020-10-07 00:00:00+11:00
0.1254807710647583,0.12980770309818873,0.1254807710647583,0.1254807710647583,163796,2020-10-08 00:00:00+11:00
0.1254807710647583,0.12980770309818873,0.1254807710647583,0.1254807710647583,141324,2020-10-09 00:00:00+11:00
0.12980769574642181,0.1341346146395574,0.12980769574642181,0.12980769574642181,615507,2020-10-12 00:00:00+11:00
0.12980769574642181,0.12980769574642181,0.12980769574642181,0.12980769574642181,76480,2020-10-13 00:00:00+11:00
0.13413461141933028,0.1427884618930802,0.13413461141933028,0.13846153020858765,1184280,2020-10-14 00:00:00+11:00
0.13846153950794743,0.13846153950794743,0.13413462042808533,0.13413462042808533,325657,2020-10-15 00:00:00+11:00
0.1341346188389754,0.14278846979141235,0.1341346188389754,0.14278846979141235,800839,2020-10-16 00:00:00+11:00
0.142788465321064,0.15144230310733514,0.12980769574642181,0.12980769574642181,1970357,2020-10-19 00:00:00+11:00
0.12980769574642181,0.13846153353269294,0.12980769574642181,0.12980769574642181,375992,2020-10-20 00:00:00+11:00
0.13413462042808533,0.13413462042808533,0.12980770134822323,0.13413462042808533,484787,2020-10-21 00:00:00+11:00
0.13413462042808533,0.13413462042808533,0.13413462042808533,0.13413462042808533,0,2020-10-22 00:00:00+11:00
0.14278847148304555,0.14278847148304555,0.13413462042808533,0.13413462042808533,744520,2020-10-23 00:00:00+11:00
0.13846153353269294,0.13846153353269294,0.12980769574642181,0.12980769574642181,270034,2020-10-26 00:00:00+11:00
0.13413461141933028,0.14711538068233757,0.1298076926300729,0.13846153020858765,675519,2020-10-27 00:00:00+11:00
0.14711539056290765,0.14711539056290765,0.13413462042808533,0.13413462042808533,240550,2020-10-28 00:00:00+11:00
0.13413462042808533,0.13846153950794743,0.13413462042808533,0.13413462042808533,114291,2020-10-29 00:00:00+11:00
0.13413462042808533,0.13413462042808533,0.13413462042808533,0.13413462042808533,54381,2020-10-30 00:00:00+11:00
0.13846153020858765,0.1427884618930802,0.13413461141933028,0.13846153020858765,571784,2020-11-02 00:00:00+11:00
0.13846153020858765,0.13846153020858765,0.13413461141933028,0.13846153020858765,291472,2020-11-03 00:00:00+11:00
0.13846153020858765,0.1427884618930802,0.13846153020858765,0.13846153020858765,367572,2020-11-04 00:00:00+11:00
0.13846153020858765,0.1427884618930802,0.13846153020858765,0.13846153020858765,356613,2020-11-05 00:00:00+11:00
0.13846153950794743,0.13846153950794743,0.13413462042808533,0.13413462042808533,102561,2020-11-06 00:00:00+11:00
0.14278846979141235,0.15144230784861343,0.13846153786757595,0.14278846979141235,1882316,2020-11-09 00:00:00+11:00
0.1471153888200129,0.1471153888200129,0.14278846979141235,0.14278846979141235,428279,2020-11-10 00:00:00+11:00
0.15144231179967868,0.16009616297789092,0.14711539265819068,0.1557692438364029,572685,2020-11-11 00:00:00+11:00
0.1557692357308261,0.18605769393563046,0.1557692357308261,0.18173076212406158,1671045,2020-11-12 00:00:00+11:00
0.22067307864244157,0.23798078069320105,0.1817307683710867,0.2163461595773697,2834618,2020-11-13 00:00:00+11:00
0.220673069357872,0.220673069357872,0.21634615047485034,0.220673069357872,456632,2020-11-16 00:00:00+11:00
0.22499999987495484,0.24230770209244068,0.2206730807682014,0.23798078298568726,2204837,2020-11-17 00:00:00+11:00
0.2423076958081427,0.2423076958081427,0.22499999403953552,0.22499999403953552,307181,2020-11-18 00:00:00+11:00
0.22932691898170823,0.24230770209244068,0.22932691898170823,0.23798078298568726,459455,2020-11-19 00:00:00+11:00
0.23798077338817497,0.2855769332239042,0.23365385445592163,0.272596150636673,1225129,2020-11-20 00:00:00+11:00
0.27692307326300386,0.4240384736649238,0.27692307326300386,0.3764423131942749,2530517,2020-11-23 00:00:00+11:00
0.3764423263760708,0.42403848851338377,0.2769230829599569,0.3115384876728058,1590191,2020-11-24 00:00:00+11:00
0.32884615659713745,0.35480769663325207,0.31153848043337556,0.32884615659713745,841165,2020-11-25 00:00:00+11:00
0.32451924681663513,0.32451924681663513,0.3201923276522223,0.32451924681663513,304802,2020-11-26 00:00:00+11:00
0.311538481692407,0.31586540075083397,0.28124999670247414,0.29855769872665405,845338,2020-11-27 00:00:00+11:00
0.2942307684283991,0.2942307684283991,0.25961539149284363,0.25961539149284363,511259,2020-11-30 00:00:00+11:00
0.2509615460799613,0.2509615460799613,0.22067308584535156,0.24230770766735077,1077661,2020-12-01 00:00:00+11:00
0.24230769232042831,0.2855769332239042,0.24230769232042831,0.272596150636673,572773,2020-12-02 00:00:00+11:00
0.2769230808908419,0.28125,0.2769230808908419,0.28125,148157,2020-12-03 00:00:00+11:00
0.27259616718134433,0.29423078894615173,0.27259616718134433,0.29423078894615173,167968,2020-12-04 00:00:00+11:00
0.28557693245974203,0.33749998529831493,0.28557693245974203,0.33317306637763977,627513,2020-12-07 00:00:00+11:00
0.3374999712104353,0.36346150944127414,0.3374999712104353,0.3418269157409668,773643,2020-12-08 00:00:00+11:00
0.3418269395104307,0.35480769663325207,0.324519237556197,0.32884615659713745,604628,2020-12-09 00:00:00+11:00
0.32884616758931595,0.3375000059604645,0.3245192484037417,0.3375000059604645,164058,2020-12-10 00:00:00+11:00
0.341826956397222,0.3548077141613133,0.341826956397222,0.3504807949066162,165668,2020-12-11 00:00:00+11:00
0.3548076864154565,0.36346152424812317,0.3504807674991232,0.36346152424812317,239671,2020-12-14 00:00:00+11:00
0.35913460533178987,0.36778846895492756,0.35913460533178987,0.36346152424812317,167844,2020-12-15 00:00:00+11:00
0.3634615334940243,0.3677884783108995,0.35913461446762085,0.35913461446762085,365727,2020-12-16 00:00:00+11:00
0.36346152424812317,0.36346152424812317,0.36346152424812317,0.36346152424812317,152540,2020-12-17 00:00:00+11:00
0.3634615334940243,0.3634615334940243,0.35913461446762085,0.35913461446762085,170128,2020-12-18 00:00:00+11:00
0.36346154863613095,0.36778849363327026,0.35913462942946445,0.36778849363327026,147939,2020-12-21 00:00:00+11:00
0.36346154508682343,0.37211540920612174,0.32451924681663513,0.32451924681663513,497016,2020-12-22 00:00:00+11:00
0.32884614745696467,0.34615384893013634,0.3072115270631178,0.33317306637763977,120267,2020-12-23 00:00:00+11:00
0.3288461640616966,0.35480770468711853,0.32019232578338,0.35480770468711853,52221,2020-12-24 00:00:00+11:00
0.35480770468711853,0.35480770468711853,0.3375000023400131,0.35480770468711853,135599,2020-12-29 00:00:00+11:00
0.3461538553237915,0.354807693324983,0.3418269363231958,0.3461538553237915,260209,2020-12-30 00:00:00+11:00
0.33750001135205177,0.3504807949066162,0.33750001135205177,0.3504807949066162,79759,2020-12-31 00:00:00+11:00
0.3548077116427304,0.3807692527770996,0.3548077116427304,0.3807692527770996,275362,2021-01-04 00:00:00+11:00
0.3894230751150846,0.4846153972666002,0.3894230751150846,0.41971156001091003,642896,2021-01-05 00:00:00+11:00
0.42403847865971506,0.4932692348957062,0.42403847865971506,0.4932692348957062,326624,2021-01-06 00:00:00+11:00
0.5149038863130309,0.5624999961915139,0.5105769156522246,0.5365384817123413,411253,2021-01-07 00:00:00+11:00
0.5408653774513651,0.5451922963445007,0.4759615424733897,0.5192307829856873,418919,2021-01-08 00:00:00+11:00
0.5192307829856873,0.5192307829856873,0.5019230558322031,0.5192307829856873,229062,2021-01-11 00:00:00+11:00
0.5105768924250325,0.5105768924250325,0.3461538459178547,0.441346138715744,1561152,2021-01-12 00:00:00+11:00
0.44567305500320287,0.44567305500320287,0.4240384607140926,0.4283653795719147,96012,2021-01-13 00:00:00+11:00
0.4240384810245956,0.4326923191547394,0.41971156195952375,0.4326923191547394,135139,2021-01-14 00:00:00+11:00
0.4326923226173493,0.4326923226173493,0.4110577013283874,0.4153846204280853,69710,2021-01-15 00:00:00+11:00
0.4283653981008762,0.4326923171458593,0.41971156001091003,0.41971156001091003,84250,2021-01-18 00:00:00+11:00
0.4240384607140926,0.4283653795719147,0.4197115418562706,0.4283653795719147,99922,2021-01-19 00:00:00+11:00
0.4283653795719147,0.4326922984297367,0.4240384607140926,0.4283653795719147,100501,2021-01-20 00:00:00+11:00
0.4283654000896675,0.4326923191547394,0.411057698038908,0.4326923191547394,127367,2021-01-21 00:00:00+11:00
0.4283654015539006,0.4283654015539006,0.402403861284256,0.402403861284256,166637,2021-01-22 00:00:00+11:00
0.40240385208382545,0.41971155379802827,0.40240385208382545,0.4067307710647583,55341,2021-01-25 00:00:00+11:00
0.41105769004569115,0.41105769004569115,0.3894230693505555,0.4067307710647583,167034,2021-01-27 00:00:00+11:00
0.4067307995759816,0.4067307995759816,0.38942309664853464,0.39375004172325134,95943,2021-01-28 00:00:00+11:00
0.40240385391247957,0.40673077291307536,0.3461538553237915,0.3461538553237915,357440,2021-01-29 00:00:00+11:00
0.36778849510515144,0.389423091225065,0.3634615500906958,0.3807692527770996,269710,2021-02-01 00:00:00+11:00
0.3980769610074948,0.42403850250342867,0.39375004172325134,0.39375004172325134,417710,2021-02-02 00:00:00+11:00
0.4153846211054102,0.4759615659713745,0.4153846211054102,0.4759615659713745,550041,2021-02-03 00:00:00+11:00
0.47596156942986784,0.5019230842590332,0.4500000030197577,0.5019230842590332,612250,2021-02-04 00:00:00+11:00
0.49759617295361736,0.5019230921599226,0.454326929309619,0.48461541533470154,1097268,2021-02-05 00:00:00+11:00
0.46730772325625836,0.480288480451474,0.4326923191547394,0.4326923191547394,274657,2021-02-08 00:00:00+11:00
0.45432691834055994,0.45865383744239807,0.4326923228313692,0.45865383744239807,77008,2021-02-09 00:00:00+11:00
0.45865383744239807,0.45865383744239807,0.44999999923872175,0.45865383744239807,201209,2021-02-10 00:00:00+11:00
0.46730772529946507,0.47596156346744595,0.4456730782985687,0.4456730782985687,181310,2021-02-11 00:00:00+11:00
0.4586538270200754,0.4846153926221052,0.4586538270200754,0.4673077166080475,136638,2021-02-12 00:00:00+11:00
0.4673077166080475,0.4673077166080475,0.4586538270200754,0.4673077166080475,18531,2021-02-15 00:00:00+11:00
0.47596155461507633,0.47596155461507633,0.45432690801656095,0.4673077166080475,43692,2021-02-16 00:00:00+11:00
0.46298079760453303,0.4673077166080475,0.4499999890130465,0.4673077166080475,58278,2021-02-17 00:00:00+11:00
0.4413461500900033,0.44999998807907104,0.4413461500900033,0.44999998807907104,143346,2021-02-18 00:00:00+11:00
0.4456730690845372,0.44999998807907104,0.41105769133779435,0.44999998807907104,276564,2021-02-19 00:00:00+11:00
0.44999997648178736,0.4629807847117941,0.42403846318365734,0.441346138715744,48503,2021-02-22 00:00:00+11:00
0.4197115816646931,0.4370192587375641,0.4197115816646931,0.4370192587375641,54115,2021-02-23 00:00:00+11:00
0.44134615728488313,0.44134615728488313,0.41971156195952375,0.4326923191547394,88887,2021-02-24 00:00:00+11:00
0.4110577015317063,0.45865383744239807,0.40673078242986815,0.45865383744239807,279059,2021-02-25 00:00:00+11:00
0.4586538309872388,0.4932692348957062,0.42403847865971506,0.4932692348957062,368707,2021-02-26 00:00:00+11:00
0.47596156942986784,0.5019230842590332,0.47596156942986784,0.5019230842590332,70281,2021-03-01 00:00:00+11:00
0.5019230824838774,0.5019230824838774,0.45865383967402107,0.48894232511520386,149858,2021-03-02 00:00:00+11:00
0.48028848507812794,0.48894232329163473,0.4759615659713745,0.4759615659713745,59538,2021-03-03 00:00:00+11:00
0.4846153926221052,0.48894231162561963,0.46298079760453303,0.4673077166080475,72362,2021-03-04 00:00:00+11:00
0.4673077156381498,0.4673077156381498,0.44999998807907104,0.44999998807907104,94362,2021-03-05 00:00:00+11:00
0.441346138715744,0.441346138715744,0.441346138715744,0.441346138715744,18439,2021-03-08 00:00:00+11:00
0.4413461500900033,0.44999998807907104,0.43701923109546936,0.44999998807907104,36060,2021-03-09 00:00:00+11:00
0.45865383796341647,0.48461540418488136,0.45865383796341647,0.4759615659713745,47747,2021-03-10 00:00:00+11:00
0.4586538270200754,0.4673077166080475,0.4586538270200754,0.4673077166080475,28061,2021-03-11 00:00:00+11:00
0.45865383555054,0.47163464438345554,0.4456730782985687,0.4456730782985687,64684,2021-03-12 00:00:00+11:00
0.44999999738255914,0.44999999738255914,0.4456730782985687,0.4456730782985687,22666,2021-03-15 00:00:00+11:00
0.4499999954150269,0.4499999954150269,0.4326923191547394,0.4326923191547394,75952,2021-03-16 00:00:00+11:00
0.44134615728488313,0.44134615728488313,0.4326923191547394,0.4326923191547394,29107,2021-03-17 00:00:00+11:00
0.4283654000896675,0.44134615728488313,0.4283654000896675,0.4326923191547394,20981,2021-03-18 00:00:00+11:00
0.4326922984297367,0.4326922984297367,0.4283653795719147,0.4283653795719147,26817,2021-03-19 00:00:00+11:00
0.4326923191547394,0.4326923191547394,0.4326923191547394,0.4326923191547394,19275,2021-03-22 00:00:00+11:00
0.4326923191547394,0.44134615728488313,0.4326923191547394,0.4326923191547394,22725,2021-03-23 00:00:00+11:00
0.43701924013058785,0.4456730782985687,0.4326923210465974,0.4456730782985687,279567,2021-03-24 00:00:00+11:00
0.4456730782985687,0.4456730782985687,0.4326923210465974,0.4456730782985687,50172,2021-03-25 00:00:00+11:00
0.4413461500900033,0.44999998807907104,0.42836539310640154,0.44999998807907104,93384,2021-03-26 00:00:00+11:00
0.4283654037295311,0.46730772722701874,0.4283654037295311,0.45865383744239807,179299,2021-03-29 00:00:00+11:00
0.5019230729775871,0.510576911059468,0.4586538309872388,0.4932692348957062,1068461,2021-03-30 00:00:00+11:00
0.49326924239838815,0.49326924239838815,0.47163464686462114,0.4759615659713745,331613,2021-03-31 00:00:00+11:00
0.47596157692209096,0.48461541533470154,0.47596157692209096,0.48461541533470154,38236,2021-04-01 00:00:00+11:00
0.4846154248454216,0.4846154248454216,0.4802885055541992,0.4802885055541992,382848,2021-04-06 00:00:00+10:00
0.4846153702197453,0.5365384474426088,0.4846153702197453,0.5062499642372131,436557,2021-04-07 00:00:00+10:00
0.5192307933601596,0.5451923072376962,0.5105769038200378,0.5105769038200378,199749,2021-04-08 00:00:00+10:00
0.5105769156522246,0.5408654007922034,0.5105769156522246,0.5365384817123413,358436,2021-04-09 00:00:00+10:00
0.5538461391378526,0.558173058070106,0.5365384634088393,0.545192301273346,128858,2021-04-12 00:00:00+10:00
0.5538461514703038,0.5927884743086521,0.5451923134131027,0.5711538791656494,247693,2021-04-13 00:00:00+10:00
0.5971153791625421,0.6144230548660834,0.5754807845331154,0.6057692170143127,331490,2021-04-14 00:00:00+10:00
0.6230769392132894,0.6274038581038588,0.579807698726654,0.579807698726654,156067,2021-04-15 00:00:00+10:00
0.5884615531931183,0.6317307949066162,0.5798077151666075,0.6317307949066162,142374,2021-04-16 00:00:00+10:00
0.6403846174461797,0.6403846174461797,0.5624999739292432,0.5927884578704834,297712,2021-04-19 00:00:00+10:00
0.5927884675941227,0.5927884675941227,0.5105769038200378,0.5105769038200378,925685,2021-04-20 00:00:00+10:00
0.5105769156522246,0.5624999961915139,0.5062499965723625,0.5365384817123413,241649,2021-04-21 00:00:00+10:00
0.5235577429190261,0.5322115813836471,0.5235577429190261,0.5278846621513367,76491,2021-04-22 00:00:00+10:00
0.5235577197632331,0.5235577197632331,0.48461539681382526,0.4932692348957062,132292,2021-04-23 00:00:00+10:00
0.5278846207719584,0.5278846207719584,0.5192307829856873,0.5192307829856873,32048,2021-04-26 00:00:00+10:00
0.5105769188254018,0.5105769188254018,0.4759615659713745,0.4759615659713745,170966,2021-04-27 00:00:00+10:00
0.4846153702197453,0.5105768830407067,0.4846153702197453,0.5062499642372131,184129,2021-04-28 00:00:00+10:00
0.519230785390002,0.5408653799558596,0.519230785390002,0.5322115421295166,68010,2021-04-29 00:00:00+10:00
0.5192308007222927,0.5192308007222927,0.4889423158547657,0.4932692348957062,103880,2021-04-30 00:00:00+10:00
0.4889423158547657,0.5019230729775871,0.4889423158547657,0.4932692348957062,38026,2021-05-03 00:00:00+10:00
0.49759617295361736,0.5062500113662279,0.48461541533470154,0.48461541533470154,131674,2021-05-04 00:00:00+10:00
0.48461541533470154,0.49326925374731206,0.48461541533470154,0.48461541533470154,5179,2021-05-05 00:00:00+10:00
0.4846154248454216,0.4932692634278662,0.4802885055541992,0.4802885055541992,40954,2021-05-06 00:00:00+10:00
0.4932692279016802,0.5105769038200378,0.4932692279016802,0.5105769038200378,77174,2021-05-07 00:00:00+10:00
0.5105769207296598,0.5105769207296598,0.4846154059923127,0.48894232511520386,104665,2021-05-10 00:00:00+10:00
0.48461540227609873,0.4932692404555202,0.44567307888775803,0.46298080682754517,173897,2021-05-11 00:00:00+10:00
0.454326895364809,0.454326895364809,0.441346138715744,0.441346138715744,169843,2021-05-12 00:00:00+10:00
0.44567305500320287,0.44567305500320287,0.4283653795719147,0.4283653795719147,161061,2021-05-13 00:00:00+10:00
0.42403846318365734,0.441346138715744,0.42403846318365734,0.441346138715744,94916,2021-05-14 00:00:00+10:00
0.4499999737759503,0.4499999737759503,0.3980769217014313,0.3980769217014313,394377,2021-05-17 00:00:00+10:00
0.4240384940314397,0.4240384940314397,0.411057710647583,0.411057710647583,71603,2021-05-18 00:00:00+10:00
0.41538460902662394,0.41538460902662394,0.3980769331028926,0.4067307710647583,99319,2021-05-19 00:00:00+10:00
0.41538462984537766,0.41538462984537766,0.40240387225199375,0.411057710647583,18629,2021-05-20 00:00:00+10:00
0.41105769004569115,0.41105769004569115,0.3980769331028926,0.4067307710647583,145527,2021-05-21 00:00:00+10:00
0.4067307710647583,0.41538460902662394,0.4067307710647583,0.4067307710647583,49365,2021-05-24 00:00:00+10:00
0.4067307803641181,0.4067307803641181,0.3980769422043939,0.402403861284256,35140,2021-05-25 00:00:00+10:00
0.4067307914497884,0.411057710647583,0.4067307914497884,0.411057710647583,17093,2021-05-26 00:00:00+10:00
0.4110576994439802,0.4110576994439802,0.402403861284256,0.402403861284256,37863,2021-05-27 00:00:00+10:00
0.40240388029173824,0.40240388029173824,0.39375004172325134,0.39375004172325134,146196,2021-05-28 00:00:00+10:00
0.38942306353659417,0.3980769271597319,0.33749998495965217,0.36346152424812317,626998,2021-05-31 00:00:00+10:00
0.36346154296543504,0.39807694765964596,0.35480770468711853,0.35480770468711853,152383,2021-06-01 00:00:00+10:00
0.35480770849323423,0.36346154686438276,0.32884616758931595,0.3375000059604645,91803,2021-06-02 00:00:00+10:00
0.3331730867748902,0.36346154686438276,0.30288462668539773,0.3375000059604645,749613,2021-06-03 00:00:00+10:00
0.33749999905634803,0.3894230798020127,0.33749999905634803,0.3721154034137726,125962,2021-06-04 00:00:00+10:00
0.3721153764062224,0.3894230515382986,0.3721153764062224,0.38509613275527954,96191,2021-06-07 00:00:00+10:00
0.38942307233810425,0.39375001714270375,0.38942307233810425,0.38942307233810425,116098,2021-06-08 00:00:00+10:00
0.39375001494463946,0.39375001494463946,0.3764423131942749,0.3764423131942749,25661,2021-06-09 00:00:00+10:00
0.38942307233810425,0.39375001714270375,0.3850961533239765,0.38942307233810425,121480,2021-06-10 00:00:00+10:00
0.3980769331028926,0.41105769004569115,0.3980769331028926,0.4067307710647583,81859,2021-06-11 00:00:00+10:00
0.40673075941543935,0.40673075941543935,0.3980769217014313,0.3980769217014313,13662,2021-06-15 00:00:00+10:00
0.39807693615683154,0.39807693615683154,0.38942307233810425,0.38942307233810425,94590,2021-06-16 00:00:00+10:00
0.3937500221776131,0.4024038603165259,0.3937500221776131,0.3959134817123413,54363,2021-06-17 00:00:00+10:00
0.3980769408436924,0.4326923191547394,0.3980769408436924,0.4326923191547394,196057,2021-06-18 00:00:00+10:00
0.4326922984297367,0.4326922984297367,0.41538459720797777,0.4283653795719147,24788,2021-06-21 00:00:00+10:00
0.4326923226173493,0.4326923226173493,0.4110577013283874,0.4153846204280853,79267,2021-06-22 00:00:00+10:00
0.42403849959373474,0.42836541884828744,0.4153846352941562,0.42403849959373474,26487,2021-06-23 00:00:00+10:00
0.42403846318365734,0.441346138715744,0.4197115443006357,0.441346138715744,52064,2021-06-24 00:00:00+10:00
0.454326895364809,0.454326895364809,0.441346138715744,0.441346138715744,9418,2021-06-25 00:00:00+10:00
0.4326923191547394,0.445673076349955,0.4326923191547394,0.4326923191547394,77426,2021-06-28 00:00:00+10:00
0.4413461552358255,0.4413461552358255,0.4067307770854889,0.41971156001091003,57089,2021-06-29 00:00:00+10:00
0.4197115748336451,0.4197115748336451,0.4067307914497884,0.411057710647583,9541,2021-06-30 00:00:00+10:00
0.411057710647583,0.41538462984537766,0.411057710647583,0.411057710647583,47261,2021-07-01 00:00:00+10:00
0.41538462984537766,0.41538462984537766,0.4067307914497884,0.411057710647583,32005,2021-07-02 00:00:00+10:00
0.4110577013283874,0.4153846204280853,0.4110577013283874,0.4153846204280853,6525,2021-07-05 00:00:00+10:00
0.41538462984537766,0.41538462984537766,0.411057710647583,0.411057710647583,3967,2021-07-06 00:00:00+10:00
0.411057710647583,0.411057710647583,0.4067307914497884,0.411057710647583,46756,2021-07-07 00:00:00+10:00
0.4110576782724433,0.4110576782724433,0.3894230581969525,0.3980769217014313,252469,2021-07-08 00:00:00+10:00
0.3980769331028926,0.4067307710647583,0.3980769331028926,0.4067307710647583,158568,2021-07-09 00:00:00+10:00
0.4067307710647583,0.4067307710647583,0.3894230693505555,0.4067307710647583,128304,2021-07-12 00:00:00+10:00
0.3980769331028926,0.4067307710647583,0.3980769331028926,0.4067307710647583,46893,2021-07-13 00:00:00+10:00
0.40673075941543935,0.40673075941543935,0.3980769217014313,0.3980769217014313,39017,2021-07-14 00:00:00+10:00
0.4067307914497884,0.411057710647583,0.40240387225199375,0.411057710647583,52300,2021-07-15 00:00:00+10:00
0.40673077234326044,0.45865382606813887,0.40673077234326044,0.44999998807907104,280917,2021-07-16 00:00:00+10:00
0.4543269164665496,0.47596156346744595,0.44134615921457826,0.4456730782985687,200874,2021-07-19 00:00:00+10:00
0.44999997648178736,0.44999997648178736,0.4197115443006357,0.441346138715744,50330,2021-07-20 00:00:00+10:00
0.441346138715744,0.441346138715744,0.42403846318365734,0.441346138715744,14003,2021-07-21 00:00:00+10:00
0.46730770359481577,0.46730770359481577,0.4326923009497007,0.441346138715744,170912,2021-07-22 00:00:00+10:00
0.4413461608167452,0.4413461608167452,0.4153846204280853,0.4153846204280853,96396,2021-07-23 00:00:00+10:00
0.4197115418562706,0.44567305500320287,0.4197115418562706,0.4283653795719147,73717,2021-07-26 00:00:00+10:00
0.4240384607140926,0.4283653795719147,0.4197115418562706,0.4283653795719147,43776,2021-07-27 00:00:00+10:00
0.4326923191547394,0.4326923191547394,0.4326923191547394,0.4326923191547394,40000,2021-07-28 00:00:00+10:00
0.43269233810284013,0.43269233810284013,0.42403849959373474,0.42403849959373474,24635,2021-07-29 00:00:00+10:00
0.4283654000896675,0.4326923191547394,0.4240384810245956,0.4326923191547394,20101,2021-07-30 00:00:00+10:00
0.43269233242702904,0.44134617082261834,0.411057710647583,0.411057710647583,141884,2021-08-02 00:00:00+10:00
0.4153846204280853,0.43701924171704726,0.4153846204280853,0.4153846204280853,10176,2021-08-03 00:00:00+10:00
0.41538461033232826,0.44999998807907104,0.41538461033232826,0.44999998807907104,489356,2021-08-04 00:00:00+10:00
0.44999999923872175,0.46730772722701874,0.44999999923872175,0.45865383744239807,335442,2021-08-05 00:00:00+10:00
0.45865382606813887,0.45865382606813887,0.44999998807907104,0.44999998807907104,207238,2021-08-06 00:00:00+10:00
0.44999998807907104,0.45432690707360496,0.44999998807907104,0.44999998807907104,82932,2021-08-09 00:00:00+10:00
0.45000001654221733,0.4543269358104351,0.4370192587375641,0.4370192587375641,113595,2021-08-10 00:00:00+10:00
0.4370192587375641,0.4370192587375641,0.4370192587375641,0.4370192587375641,0,2021-08-11 00:00:00+10:00
0.4543269358104351,0.4543269358104351,0.4370192587375641,0.4370192587375641,41349,2021-08-12 00:00:00+10:00
0.4499999954150269,0.4499999954150269,0.4240384810245956,0.4326923191547394,122175,2021-08-13 00:00:00+10:00
0.441346138715744,0.4456730575987657,0.4326923009497007,0.441346138715744,324384,2021-08-16 00:00:00+10:00
0.4456730801368836,0.45865383744239807,0.4456730801368836,0.45865383744239807,70245,2021-08-17 00:00:00+10:00
0.44999999923872175,0.45865383744239807,0.44999999923872175,0.45865383744239807,35769,2021-08-18 00:00:00+10:00
0.45865383555054,0.45865383555054,0.4456730782985687,0.4456730782985687,56878,2021-08-19 00:00:00+10:00
0.454326895364809,0.454326895364809,0.441346138715744,0.441346138715744,73143,2021-08-20 00:00:00+10:00
0.4586538575171409,0.5105769405927556,0.4586538575171409,0.4802885055541992,735409,2021-08-23 00:00:00+10:00
0.5149038640925517,0.5365384585582296,0.5019230558322031,0.5192307829856873,250631,2021-08-24 00:00:00+10:00
0.5192308053928929,0.5451923198720655,0.5192308053928929,0.5365384817123413,309502,2021-08-25 00:00:00+10:00
0.5278846606679624,0.5278846606679624,0.5105769322064099,0.5149039030075073,160364,2021-08-26 00:00:00+10:00
0.514903853425141,0.514903853425141,0.4889422890232389,0.5062499642372131,177485,2021-08-27 00:00:00+10:00
0.5105769336411489,0.5322115813836471,0.5062500144088383,0.5278846621513367,111741,2021-08-30 00:00:00+10:00
0.5278846693385916,0.5278846693385916,0.4759615862629769,0.4802885055541992,112137,2021-08-31 00:00:00+10:00
0.4846154248454216,0.4846154248454216,0.4759615862629769,0.4802885055541992,71835,2021-09-01 00:00:00+10:00
0.4802885055541992,0.4889423441366439,0.4802885055541992,0.4802885055541992,91239,2021-09-02 00:00:00+10:00
0.4889423158547657,0.5192308007222927,0.48461539681382526,0.4932692348957062,40718,2021-09-03 00:00:00+10:00
0.49326925374731206,0.49326925374731206,0.48461541533470154,0.48461541533470154,16770,2021-09-06 00:00:00+10:00
0.4932692634278662,0.4932692634278662,0.4802885055541992,0.4802885055541992,61086,2021-09-07 00:00:00+10:00
0.48028848453253314,0.5019230800417238,0.44999999923872175,0.45865383744239807,187274,2021-09-08 00:00:00+10:00
0.45865382606813887,0.48894231061081933,0.44999998807907104,0.44999998807907104,21361,2021-09-09 00:00:00+10:00
0.44999998807907104,0.47163463463268374,0.44999998807907104,0.44999998807907104,11777,2021-09-10 00:00:00+10:00
0.44999998807907104,0.4629807966436159,0.44999998807907104,0.44999998807907104,56320,2021-09-13 00:00:00+10:00
0.44999997895279203,0.45432689785957336,0.44999997895279203,0.45432689785957336,137234,2021-09-14 00:00:00+10:00
0.45432689785957336,0.45432689785957336,0.44567306004601076,0.45432689785957336,5682,2021-09-15 00:00:00+10:00
0.45432689785957336,0.45432689785957336,0.45432689785957336,0.45432689785957336,21406,2021-09-16 00:00:00+10:00
0.46298078725407804,0.46298078725407804,0.45432689785957336,0.45432689785957336,25473,2021-09-17 00:00:00+10:00
0.4629808041911865,0.4629808041911865,0.4283654000896675,0.4326923191547394,138795,2021-09-20 00:00:00+10:00
0.4326923210465974,0.4456730782985687,0.4283654019626069,0.4456730782985687,61350,2021-09-21 00:00:00+10:00
0.4456730782985687,0.4456730782985687,0.4456730782985687,0.4456730782985687,0,2021-09-22 00:00:00+10:00
0.43701921983272235,0.44999997648178736,0.43701921983272235,0.441346138715744,7291,2021-09-23 00:00:00+10:00
0.45432691448009876,0.45865383354517064,0.4326923191547394,0.4326923191547394,46715,2021-09-24 00:00:00+10:00
0.445673076349955,0.4499999954150269,0.4240384810245956,0.4326923191547394,113655,2021-09-27 00:00:00+10:00
0.43269231210093545,0.44999998807907104,0.43269231210093545,0.44999998807907104,65992,2021-09-28 00:00:00+10:00
0.4499999890130465,0.47596155461507633,0.4478365295112893,0.4673077166080475,198333,2021-09-29 00:00:00+10:00
0.47596156774653037,0.48894232511520386,0.467307729500748,0.48894232511520386,184922,2021-09-30 00:00:00+10:00
0.4846154036343713,0.4846154036343713,0.45865383744239807,0.45865383744239807,51077,2021-10-01 00:00:00+10:00
0.4759615837324702,0.4759615837324702,0.4370192587375641,0.4370192587375641,125216,2021-10-04 00:00:00+11:00
0.4499999954150269,0.45432691448009876,0.4240384810245956,0.4326923191547394,301238,2021-10-05 00:00:00+11:00
0.44999998807907104,0.45432690707360496,0.44999998807907104,0.44999998807907104,21163,2021-10-06 00:00:00+11:00
0.45432690707360496,0.45432690707360496,0.44999998807907104,0.44999998807907104,31813,2021-10-07 00:00:00+11:00
0.4716346356115619,0.4716346356115619,0.46298079760453303,0.4673077166080475,6834,2021-10-08 00:00:00+11:00
0.4673077061608593,0.4673077061608593,0.44999997895279203,0.45432689785957336,60269,2021-10-11 00:00:00+11:00
0.44999998807907104,0.45865382606813887,0.43269231210093545,0.44999998807907104,52806,2021-10-12 00:00:00+11:00
0.4326923394693463,0.44134617800578185,0.4326923394693463,0.4370192587375641,86465,2021-10-13 00:00:00+11:00
0.44134617661194553,0.4500000151210509,0.42403849959373474,0.42403849959373474,191452,2021-10-14 00:00:00+11:00
0.42836541884828744,0.4456730958664982,0.42403849959373474,0.42403849959373474,69868,2021-10-15 00:00:00+11:00
0.4326923191547394,0.43701923821981126,0.4326923191547394,0.4326923191547394,92534,2021-10-18 00:00:00+11:00
0.4326923191547394,0.43701923821981126,0.4326923191547394,0.4326923191547394,63076,2021-10-19 00:00:00+11:00
0.4326923191547394,0.4326923191547394,0.4326923191547394,0.4326923191547394,43199,2021-10-20 00:00:00+11:00
0.43269233810284013,0.43269233810284013,0.42403849959373474,0.42403849959373474,82008,2021-10-21 00:00:00+11:00
0.42836541884828744,0.42836541884828744,0.42403849959373474,0.42403849959373474,140049,2021-10-22 00:00:00+11:00
0.42403847905589315,0.4283653981008762,0.41971156001091003,0.41971156001091003,87536,2021-10-25 00:00:00+11:00
0.4240384844179534,0.4240384844179534,0.4153846204280853,0.4153846204280853,188662,2021-10-26 00:00:00+11:00
0.4240384727789611,0.4240384727789611,0.4067307710647583,0.4067307710647583,31917,2021-10-27 00:00:00+11:00
0.41538461517545505,0.41971156001091003,0.41538461517545505,0.41971156001091003,4212,2021-10-28 00:00:00+11:00
0.42403847905589315,0.42403847905589315,0.4067307770854889,0.41971156001091003,74802,2021-10-29 00:00:00+11:00
0.41971158033918204,0.42403849959373474,0.41971158033918204,0.42403849959373474,24873,2021-11-01 00:00:00+11:00
0.4283653981008762,0.4283653981008762,0.41538461517545505,0.41971156001091003,3951,2021-11-02 00:00:00+11:00
0.41971156001091003,0.41971156001091003,0.40240385804050577,0.41971156001091003,21177,2021-11-03 00:00:00+11:00
0.4240384824740385,0.4240384824740385,0.402403861284256,0.402403861284256,22776,2021-11-04 00:00:00+11:00
0.4024038551709593,0.4024038551709593,0.3764423152957209,0.38942307233810425,73757,2021-11-05 00:00:00+11:00
0.38942307825419764,0.402403861284256,0.38942307825419764,0.402403861284256,54019,2021-11-08 00:00:00+11:00
0.40673078222868947,0.4240384844179534,0.40673078222868947,0.4153846204280853,25523,2021-11-09 00:00:00+11:00
0.42403849959373474,0.42836541884828744,0.4153846352941562,0.42403849959373474,14602,2021-11-10 00:00:00+11:00
0.4283653795719147,0.4283653795719147,0.4283653795719147,0.4283653795719147,20595,2021-11-11 00:00:00+11:00
0.42836540351765134,0.42836540351765134,0.4153846204280853,0.4153846204280853,103373,2021-11-12 00:00:00+11:00
0.4283653795719147,0.4283653795719147,0.4197115418562706,0.4283653795719147,11686,2021-11-15 00:00:00+11:00
0.4283653795719147,0.4326922984297367,0.4240384607140926,0.4283653795719147,75909,2021-11-16 00:00:00+11:00
0.42403849959373474,0.42403849959373474,0.41971158033918204,0.42403849959373474,10097,2021-11-17 00:00:00+11:00
0.4283654000896675,0.4326923191547394,0.4240384810245956,0.4326923191547394,78414,2021-11-18 00:00:00+11:00
0.43269231074082676,0.43269231074082676,0.4067307710647583,0.4067307710647583,40400,2021-11-19 00:00:00+11:00
0.4153846171039799,0.45865383354517064,0.4153846171039799,0.4326923191547394,253972,2021-11-22 00:00:00+11:00
0.45432691448009876,0.45432691448009876,0.4326923191547394,0.4326923191547394,114850,2021-11-23 00:00:00+11:00
0.41538460989450576,0.41538460989450576,0.3764423131942749,0.3764423131942749,1090833,2021-11-24 00:00:00+11:00
0.3807692416078926,0.3807692416078926,0.34615386304094026,0.3721154034137726,825674,2021-11-25 00:00:00+11:00
0.3721153942043016,0.3764423131942749,0.3634615304338836,0.3764423131942749,456328,2021-11-26 00:00:00+11:00
0.3461538553237915,0.3483173148240894,0.3418269363231958,0.3461538553237915,1530117,2021-11-29 00:00:00+11:00
0.3461538756519191,0.36129809304335897,0.3461538756519191,0.3504807949066162,754368,2021-11-30 00:00:00+11:00
0.354807693324983,0.354807693324983,0.3288461535309369,0.3461538553237915,295408,2021-12-01 00:00:00+11:00
0.328846165981048,0.3375000043098737,0.3158654084878094,0.32451924681663513,907454,2021-12-02 00:00:00+11:00
0.32884615659713745,0.3331730756380779,0.324519237556197,0.32884615659713745,306023,2021-12-03 00:00:00+11:00
0.3374999915321284,0.3461538553237915,0.33317307253153267,0.3461538553237915,404841,2021-12-06 00:00:00+11:00
0.354807710222798,0.36778849363327026,0.354807710222798,0.36778849363327026,474741,2021-12-07 00:00:00+11:00
0.36778849510515144,0.389423091225065,0.36778849510515144,0.3807692527770996,677768,2021-12-08 00:00:00+11:00
0.3850961720010823,0.389423091225065,0.3807692527770996,0.3807692527770996,282274,2021-12-09 00:00:00+11:00
0.3850961720010823,0.389423091225065,0.3807692527770996,0.3807692527770996,208115,2021-12-10 00:00:00+11:00
0.3850961533239765,0.38942307233810425,0.3850961533239765,0.38942307233810425,229375,2021-12-13 00:00:00+11:00
0.38509614462026087,0.3980769271597319,0.3504807674991232,0.36346152424812317,1018455,2021-12-14 00:00:00+11:00
0.36346154296543504,0.38076924531254047,0.35480770468711853,0.35480770468711853,89047,2021-12-15 00:00:00+11:00
0.35913462382627676,0.36346154296543504,0.35480770468711853,0.35480770468711853,276023,2021-12-16 00:00:00+11:00
0.354807693324983,0.354807693324983,0.3418269363231958,0.3461538553237915,597375,2021-12-17 00:00:00+11:00
0.34182695093651144,0.3461538701220857,0.3375000059604645,0.3375000059604645,697298,2021-12-20 00:00:00+11:00
0.33749998529831493,0.33749998529831493,0.33317306637763977,0.33317306637763977,167492,2021-12-21 00:00:00+11:00
0.33317306637763977,0.3418269300094612,0.32884614745696467,0.33317306637763977,228501,2021-12-22 00:00:00+11:00
0.3374999712104353,0.3418269157409668,0.3331730524703738,0.3418269157409668,247350,2021-12-23 00:00:00+11:00
0.3418269157409668,0.34615383448102827,0.3418269157409668,0.3418269157409668,140421,2021-12-24 00:00:00+11:00
0.341826956397222,0.35913463341601043,0.341826956397222,0.3504807949066162,307235,2021-12-29 00:00:00+11:00
0.35480769245393706,0.3764423131942749,0.35480769245393706,0.3764423131942749,238875,2021-12-30 00:00:00+11:00
0.3807692343098487,0.38942307233810425,0.3807692343098487,0.38942307233810425,159167,2021-12-31 00:00:00+11:00
0.3937500231245318,0.402403861284256,0.38942307825419764,0.402403861284256,383883,2022-01-04 00:00:00+11:00
0.3894230515382986,0.398076914894807,0.38509613275527954,0.38509613275527954,386083,2022-01-05 00:00:00+11:00
0.3850961720010823,0.3850961720010823,0.36778849510515144,0.3807692527770996,518540,2022-01-06 00:00:00+11:00
0.3764423067875942,0.3807692257039275,0.35913460533178987,0.36346152424812317,413623,2022-01-07 00:00:00+11:00
0.35913462382627676,0.36346154296543504,0.35480770468711853,0.35480770468711853,313762,2022-01-10 00:00:00+11:00
0.3591346203321203,0.3807692416078926,0.3591346203321203,0.3721154034137726,313200,2022-01-11 00:00:00+11:00
0.3807692527770996,0.3850961720010823,0.37211541432913414,0.3807692527770996,343865,2022-01-12 00:00:00+11:00
0.3721154034137726,0.3807692416078926,0.3677884843167125,0.3721154034137726,236934,2022-01-13 00:00:00+11:00
0.3721153764062224,0.38509613275527954,0.3721153764062224,0.38509613275527954,357620,2022-01-14 00:00:00+11:00
0.38076924531254047,0.38509616445169875,0.35480770468711853,0.35480770468711853,420777,2022-01-17 00:00:00+11:00
0.36346153942918036,0.3807692416078926,0.36346153942918036,0.3721154034137726,539693,2022-01-18 00:00:00+11:00
0.37211540703422397,0.37211540703422397,0.35048078554796025,0.35480770468711853,529066,2022-01-19 00:00:00+11:00
0.3504807743243873,0.354807693324983,0.3461538553237915,0.3461538553237915,301790,2022-01-20 00:00:00+11:00
0.3461538553237915,0.3504807743243873,0.33317307253153267,0.3461538553237915,513170,2022-01-21 00:00:00+11:00
0.33317306389927637,0.3461538463552132,0.3201923072338104,0.3201923072338104,426944,2022-01-24 00:00:00+11:00
0.32451922612229905,0.3288461450107877,0.3158653883453218,0.3201923072338104,471131,2022-01-25 00:00:00+11:00
0.31586541231410975,0.3201923315309376,0.29423079043949746,0.3072115480899811,860305,2022-01-27 00:00:00+11:00
0.29855770445786933,0.3115384876728058,0.29855770445786933,0.3115384876728058,540056,2022-01-28 00:00:00+11:00
0.31153847214939817,0.3201923100011689,0.30288460850715637,0.30288460850715637,324386,2022-01-31 00:00:00+11:00
0.3115384876728058,0.3245192450972698,0.3115384876728058,0.3115384876728058,324505,2022-02-01 00:00:00+11:00
0.31153846945683317,0.3201923072338104,0.31153846945683317,0.3201923072338104,464543,2022-02-02 00:00:00+11:00
0.3201923292181675,0.35480770849323423,0.3201923292181675,0.3375000059604645,482178,2022-02-03 00:00:00+11:00
0.324519237556197,0.32884615659713745,0.32019231851525654,0.32884615659713745,158636,2022-02-04 00:00:00+11:00
0.32884616423875784,0.32884616423875784,0.3115384876728058,0.3115384876728058,440951,2022-02-07 00:00:00+11:00
0.3115384930972819,0.31586541231410975,0.3028846288731532,0.3072115480899811,548022,2022-02-08 00:00:00+11:00
0.3028846288731532,0.3072115480899811,0.29855770965632533,0.3072115480899811,197472,2022-02-09 00:00:00+11:00
0.3115384930972819,0.31586541231410975,0.3028846288731532,0.3072115480899811,160453,2022-02-10 00:00:00+11:00
0.30721153684350805,0.30721153684350805,0.28990386060980006,0.29855769872665405,594188,2022-02-11 00:00:00+11:00
0.2985577081410187,0.2985577081410187,0.28557695055641785,0.29423078894615173,448851,2022-02-14 00:00:00+11:00
0.2855769395828247,0.2942307776400258,0.2769230757351519,0.2855769395828247,371436,2022-02-15 00:00:00+11:00
0.2899038640087885,0.2899038640087885,0.2769230808908419,0.28125,305642,2022-02-16 00:00:00+11:00
0.2942307796682271,0.311538481692407,0.2855769415513731,0.29855769872665405,708851,2022-02-17 00:00:00+11:00
0.2985577081410187,0.3028846273358856,0.2899038697512848,0.29423078894615173,397384,2022-02-18 00:00:00+11:00
0.2899038640087885,0.3072115404454209,0.28125,0.28125,1478417,2022-02-21 00:00:00+11:00
0.28124999157802694,0.2855769363480878,0.2466346139508401,0.2552884519100189,1126941,2022-02-22 00:00:00+11:00
0.2596153852601458,0.2812499792064327,0.2596153852601458,0.2769230604171753,956774,2022-02-23 00:00:00+11:00
0.2682692486956552,0.2682692486956552,0.24230770766735077,0.24230770766735077,513683,2022-02-24 00:00:00+11:00
0.25096152791610155,0.25961539149284363,0.24663460902296597,0.25961539149284363,260255,2022-02-25 00:00:00+11:00
0.25096153648879355,0.255288455529734,0.24230769840691263,0.2466346174478531,516840,2022-02-28 00:00:00+11:00
0.2466346174478531,0.25096153648879355,0.2466346174478531,0.2466346174478531,310077,2022-03-01 00:00:00+11:00
0.24663462119919408,0.2509615403059475,0.23798078298568726,0.23798078298568726,402831,2022-03-02 00:00:00+11:00
0.24230770209244068,0.24230770209244068,0.23798078298568726,0.23798078298568726,512794,2022-03-03 00:00:00+11:00
0.23798077068042955,0.23798077068042955,0.2033653809305499,0.220673069357872,942573,2022-03-04 00:00:00+11:00
0.220673069357872,0.22499998824089368,0.21850960991636117,0.220673069357872,520500,2022-03-07 00:00:00+11:00
0.21634616905142007,0.22500000756052546,0.2076923176470781,0.21201924979686737,662147,2022-03-08 00:00:00+11:00
0.21201923159182867,0.22499998824089368,0.21201923159182867,0.220673069357872,290085,2022-03-09 00:00:00+11:00
0.22067307504500164,0.25096153379721053,0.22067307504500164,0.22499999403953552,1102017,2022-03-10 00:00:00+11:00
0.22932691898170823,0.24230770209244068,0.22932691898170823,0.23798078298568726,310825,2022-03-11 00:00:00+11:00
0.23798077730753817,0.23798077730753817,0.2293269135100377,0.23365385830402374,13044,2022-03-14 00:00:00+11:00
0.23365386387893386,0.23798078298568726,0.22499999987495484,0.23798078298568726,387345,2022-03-15 00:00:00+11:00
0.2379807768136088,0.2379807768136088,0.22499999403953552,0.22499999403953552,360313,2022-03-16 00:00:00+11:00
0.22499999450652325,0.23365385830402374,0.22499999450652325,0.23365385830402374,196882,2022-03-17 00:00:00+11:00
0.22499999961936087,0.23365386361350937,0.22499999961936087,0.22932691872119904,27037,2022-03-18 00:00:00+11:00
0.22932691872119904,0.23365386361350937,0.22499999961936087,0.22932691872119904,136296,2022-03-21 00:00:00+11:00
0.22499999450652325,0.23365385830402374,0.22499999450652325,0.23365385830402374,138959,2022-03-22 00:00:00+11:00
0.23365386361350937,0.23365386361350937,0.22499999961936087,0.22932691872119904,284496,2022-03-23 00:00:00+11:00
0.22932691872119904,0.23365386361350937,0.22932691872119904,0.22932691872119904,144150,2022-03-24 00:00:00+11:00
0.22932691898170823,0.24230770209244068,0.22932691898170823,0.23798078298568726,512691,2022-03-25 00:00:00+11:00
0.23798078846104548,0.2509615460799613,0.23365386925474022,0.24230770766735077,201415,2022-03-28 00:00:00+11:00
0.242307709123643,0.26394233107566833,0.242307709123643,0.26394233107566833,596434,2022-03-29 00:00:00+11:00
0.25961539149284363,0.2639423103859792,0.25096152791610155,0.25961539149284363,499291,2022-03-30 00:00:00+11:00
0.2596153966800798,0.2596153966800798,0.2466346139508401,0.2552884519100189,174701,2022-03-31 00:00:00+11:00
0.2552884612677108,0.25961540619637746,0.24663462299132236,0.2509615421295166,88778,2022-04-01 00:00:00+11:00
0.2509615460799613,0.2552884652862666,0.24230770766735077,0.24230770766735077,252109,2022-04-04 00:00:00+10:00
0.25096152791610155,0.2639423103859792,0.25096152791610155,0.25961539149284363,135275,2022-04-05 00:00:00+10:00
0.2552884519100189,0.2596153966800798,0.2552884519100189,0.2552884519100189,171367,2022-04-06 00:00:00+10:00
0.255288455529734,0.25961540036114633,0.2466346174478531,0.2466346174478531,162153,2022-04-07 00:00:00+10:00
0.2466346174478531,0.25096153648879355,0.24230769840691263,0.2466346174478531,250583,2022-04-08 00:00:00+10:00
0.246634615314567,0.246634615314567,0.23365385830402374,0.23365385830402374,571016,2022-04-11 00:00:00+10:00
0.23798078298568726,0.23798078298568726,0.22932691898170823,0.23798078298568726,253449,2022-04-12 00:00:00+10:00
0.23365386387893386,0.23798078298568726,0.22932691898170823,0.23798078298568726,144069,2022-04-13 00:00:00+10:00
0.23365386387893386,0.24230770209244068,0.23365386387893386,0.23798078298568726,334083,2022-04-14 00:00:00+10:00
0.2379807827153475,0.2379807827153475,0.22932691872119904,0.22932691872119904,208490,2022-04-19 00:00:00+10:00
0.2293269135100377,0.23365385830402374,0.2293269135100377,0.23365385830402374,382511,2022-04-20 00:00:00+10:00
0.23365385830402374,0.23798077730753817,0.2293269135100377,0.23365385830402374,144350,2022-04-21 00:00:00+10:00
0.23365386361350937,0.2379807827153475,0.22932691872119904,0.22932691872119904,242190,2022-04-22 00:00:00+10:00
0.24230770181718564,0.24230770181718564,0.22932691872119904,0.22932691872119904,353501,2022-04-26 00:00:00+10:00
0.2336538578190749,0.2336538578190749,0.22067307504500164,0.22499999403953552,422868,2022-04-27 00:00:00+10:00
0.22499998824089368,0.22499998824089368,0.21634615047485034,0.220673069357872,384626,2022-04-28 00:00:00+10:00
0.22067307504500164,0.22932691303406944,0.21634615605046773,0.22499999403953552,387533,2022-04-29 00:00:00+10:00
0.220673069357872,0.22499998824089368,0.220673069357872,0.220673069357872,181852,2022-05-02 00:00:00+10:00
0.2293269135100377,0.246634615314567,0.2293269135100377,0.23365385830402374,668371,2022-05-03 00:00:00+10:00
0.23798078846104548,0.26394232948935,0.23798078846104548,0.24230770766735077,475152,2022-05-04 00:00:00+10:00
0.24663462687365603,0.2509615460799613,0.24230770766735077,0.24230770766735077,137311,2022-05-05 00:00:00+10:00
0.2379807768136088,0.2423076958081427,0.22499999403953552,0.22499999403953552,377179,2022-05-06 00:00:00+10:00
0.21634616130867465,0.21634616130867465,0.19038462092001482,0.20769231021404266,1033293,2022-05-09 00:00:00+10:00
0.19471153467527774,0.20769230451331197,0.19038461569434492,0.20336538553237915,1092237,2022-05-10 00:00:00+10:00
0.2033653983925254,0.21201924979686737,0.2033653983925254,0.21201924979686737,303037,2022-05-11 00:00:00+10:00
0.20769229856472368,0.21201923031696307,0.19903846085071564,0.19903846085071564,327649,2022-05-12 00:00:00+10:00
0.1990384791379727,0.21201924979686737,0.1990384791379727,0.21201924979686737,257706,2022-05-13 00:00:00+10:00
0.2033653983925254,0.21201924979686737,0.1990384791379727,0.21201924979686737,642742,2022-05-16 00:00:00+10:00
0.20336538617163022,0.22932691303406944,0.20336538617163022,0.22499999403953552,401233,2022-05-17 00:00:00+10:00
0.2293269135100377,0.23365385830402374,0.2163461564994944,0.23365385830402374,308210,2022-05-18 00:00:00+10:00
0.22499999950807054,0.22499999950807054,0.20769231021404266,0.20769231021404266,163261,2022-05-19 00:00:00+10:00
0.2076923176470781,0.22067308830597276,0.2076923176470781,0.21201924979686737,105780,2022-05-20 00:00:00+10:00
0.21201924979686737,0.21634616905142007,0.2033653983925254,0.21201924979686737,207974,2022-05-23 00:00:00+10:00
0.20769230451331197,0.20769230451331197,0.20336538553237915,0.20336538553237915,249321,2022-05-24 00:00:00+10:00
0.20769229856472368,0.20769229856472368,0.19903846085071564,0.19903846085071564,164838,2022-05-25 00:00:00+10:00
0.19903846807841577,0.20336538709254354,0.19471153616905212,0.19471153616905212,202312,2022-05-26 00:00:00+10:00
0.19038461715492436,0.19903846807841577,0.19038461715492436,0.19471153616905212,293872,2022-05-27 00:00:00+10:00
0.19471154001971275,0.20769231021404266,0.19471154001971275,0.20769231021404266,244248,2022-05-30 00:00:00+10:00
0.20769229856472368,0.20769229856472368,0.19903846085071564,0.19903846085071564,244925,2022-05-31 00:00:00+10:00
0.19903846085071564,0.19903846085071564,0.19903846085071564,0.19903846085071564,323205,2022-06-01 00:00:00+10:00
0.20336537970771967,0.20336537970771967,0.19903846085071564,0.19903846085071564,255200,2022-06-02 00:00:00+10:00
0.19903846085071564,0.20336537970771967,0.19903846085071564,0.19903846085071564,248409,2022-06-03 00:00:00+10:00
0.19903846807841577,0.19903846807841577,0.19471153616905212,0.19471153616905212,263446,2022-06-06 00:00:00+10:00
0.1947115456125325,0.19903847773175168,0.18605770716456707,0.1903846263885498,1758820,2022-06-07 00:00:00+10:00
0.19471152909847625,0.19903846085071564,0.1903846102414722,0.19903846085071564,468366,2022-06-08 00:00:00+10:00
0.2033653983925254,0.21201924979686737,0.20120193876524906,0.21201924979686737,473423,2022-06-09 00:00:00+10:00
0.20769231021404266,0.20769231021404266,0.20336539111434473,0.20769231021404266,328457,2022-06-10 00:00:00+10:00
0.19471153616905212,0.19471153616905212,0.17307692820317735,0.19471153616905212,1139914,2022-06-14 00:00:00+10:00
0.19903847773175168,0.19903847773175168,0.1817307750453479,0.1903846263885498,588000,2022-06-15 00:00:00+10:00
0.18605769393563046,0.19038461285196376,0.17956730266589493,0.18173076212406158,380430,2022-06-16 00:00:00+10:00
0.1860577017068863,0.1860577017068863,0.17307693152047013,0.1860577017068863,303918,2022-06-17 00:00:00+10:00
0.18173076566308727,0.18173076566308727,0.17307692766189575,0.17307692766189575,329797,2022-06-20 00:00:00+10:00
0.18173076623143294,0.19903846807841577,0.18173076623143294,0.19471153616905212,1478349,2022-06-21 00:00:00+10:00
0.2033653824961993,0.2033653824961993,0.18173076212406158,0.18173076212406158,448040,2022-06-22 00:00:00+10:00
0.19903846085071564,0.19903846085071564,0.1903846102414722,0.19903846085071564,625379,2022-06-23 00:00:00+10:00
0.19038461715492436,0.19903846807841577,0.19038461715492436,0.19471153616905212,190709,2022-06-24 00:00:00+10:00
0.1903846263885498,0.1947115456125325,0.18605770716456707,0.1903846263885498,1261316,2022-06-27 00:00:00+10:00
0.1860577017068863,0.1903846208039463,0.17740385061753014,0.1860577017068863,796323,2022-06-28 00:00:00+10:00
0.18173076566308727,0.18605769755891882,0.1687499957660642,0.17307692766189575,1739255,2022-06-29 00:00:00+10:00
0.17307692429139493,0.18173076212406158,0.17307692429139493,0.18173076212406158,546301,2022-06-30 00:00:00+10:00
0.18173076212406158,0.18173076212406158,0.17740384320772826,0.18173076212406158,253332,2022-07-01 00:00:00+10:00
0.18173076212406158,0.19038461285196376,0.18173076212406158,0.18173076212406158,197100,2022-07-04 00:00:00+10:00
0.18605770716456707,0.1903846263885498,0.18605770716456707,0.1903846263885498,90043,2022-07-05 00:00:00+10:00
0.19038461715492436,0.19471153616905212,0.19038461715492436,0.19471153616905212,35314,2022-07-06 00:00:00+10:00
0.19471153616905212,0.20336538709254354,0.19038461715492436,0.19471153616905212,159989,2022-07-07 00:00:00+10:00
0.19471154698818344,0.21634616905142007,0.19471154698818344,0.21201924979686737,319095,2022-07-08 00:00:00+10:00
0.20769230855198995,0.22067307864244157,0.20769230855198995,0.2163461595773697,477064,2022-07-11 00:00:00+10:00
0.21634615537041338,0.2206730743513462,0.20336538553237915,0.20336538553237915,959472,2022-07-12 00:00:00+10:00
0.20336538709254354,0.21201923801603495,0.19471153616905212,0.19471153616905212,544519,2022-07-13 00:00:00+10:00
0.1903846102414722,0.20336537970771967,0.1903846102414722,0.19903846085071564,90709,2022-07-14 00:00:00+10:00
0.19903847773175168,0.20336539695573438,0.1903846263885498,0.1903846263885498,52536,2022-07-15 00:00:00+10:00
0.1903846102414722,0.20769229856472368,0.1903846102414722,0.19903846085071564,151166,2022-07-18 00:00:00+10:00
0.1990384665514463,0.20769230451331197,0.1990384665514463,0.20336538553237915,78295,2022-07-19 00:00:00+10:00
0.21201924979686737,0.21634616905142007,0.2076923176470781,0.21201924979686737,80048,2022-07-20 00:00:00+10:00
0.21201924979686737,0.22932692681507819,0.2076923176470781,0.21201924979686737,277959,2022-07-21 00:00:00+10:00
0.21634615047485034,0.220673069357872,0.21201923159182867,0.220673069357872,64474,2022-07-22 00:00:00+10:00
0.2120192422089767,0.21634616130867465,0.20769231021404266,0.20769231021404266,42454,2022-07-25 00:00:00+10:00
0.21634616905142007,0.21634616905142007,0.2076923176470781,0.21201924979686737,106380,2022-07-26 00:00:00+10:00
0.20336538948691807,0.2163461595773697,0.20336538948691807,0.2163461595773697,44619,2022-07-27 00:00:00+10:00
0.21201923031696307,0.2163461491739671,0.19903846085071564,0.19903846085071564,234333,2022-07-28 00:00:00+10:00
0.20336539111434473,0.20769231021404266,0.19903847201464678,0.20769231021404266,89456,2022-07-29 00:00:00+10:00
0.2120192422089767,0.2120192422089767,0.20336539111434473,0.20769231021404266,79038,2022-08-01 00:00:00+10:00
0.20336537970771967,0.20769229856472368,0.19903846085071564,0.19903846085071564,53678,2022-08-02 00:00:00+10:00
0.20769230855198995,0.23365386162812918,0.20769230855198995,0.2163461595773697,260646,2022-08-03 00:00:00+10:00
0.22932691777527,0.22932691777527,0.20336539037609133,0.22283653914928436,254481,2022-08-04 00:00:00+10:00
0.22067308830597276,0.22500000756052546,0.21201924979686737,0.21201924979686737,84163,2022-08-05 00:00:00+10:00
0.21634615047485034,0.220673069357872,0.21201923159182867,0.220673069357872,82724,2022-08-08 00:00:00+10:00
0.21634616905142007,0.22067308830597276,0.21201924979686737,0.21201924979686737,138112,2022-08-09 00:00:00+10:00
0.2120192405122978,0.22067307864244157,0.2120192405122978,0.2163461595773697,176576,2022-08-10 00:00:00+10:00
0.22067308051752274,0.23365386361350937,0.22067308051752274,0.22932691872119904,284046,2022-08-11 00:00:00+10:00
0.22499999961936087,0.22932691872119904,0.22067308051752274,0.22932691872119904,123756,2022-08-12 00:00:00+10:00
0.22932690712391532,0.22932690712391532,0.21634615047485034,0.220673069357872,65137,2022-08-15 00:00:00+10:00
0.21634616905142007,0.22067308830597276,0.21201924979686737,0.21201924979686737,157277,2022-08-16 00:00:00+10:00
0.21634615047485034,0.22499998824089368,0.21634615047485034,0.220673069357872,154145,2022-08-17 00:00:00+10:00
0.22499998824089368,0.22499998824089368,0.20769229981357157,0.220673069357872,332330,2022-08-18 00:00:00+10:00
0.21634615605046773,0.22499999403953552,0.2120192370559338,0.22499999403953552,130838,2022-08-19 00:00:00+10:00
0.22499998997310144,0.22499998997310144,0.17740384320772826,0.18173076212406158,3367713,2022-08-22 00:00:00+10:00
0.18173077148271752,0.18173077148271752,0.173076933204401,0.17740385234355927,505732,2022-08-23 00:00:00+10:00
0.1774038466624915,0.1774038466624915,0.17307692766189575,0.17307692766189575,468299,2022-08-24 00:00:00+10:00
0.17740385234355927,0.17740385234355927,0.173076933204401,0.17740385234355927,565378,2022-08-25 00:00:00+10:00
0.1774038466624915,0.1774038466624915,0.16658653626576633,0.17307692766189575,984165,2022-08-26 00:00:00+10:00
0.16442307829856873,0.16874999733950918,0.16009615925762827,0.16442307829856873,832936,2022-08-29 00:00:00+10:00
0.16442308379465798,0.16875000298023224,0.15576924542350948,0.16875000298023224,536327,2022-08-30 00:00:00+10:00
0.16442307250539384,0.1687499913938825,0.15144230294469246,0.1600961536169052,896996,2022-08-31 00:00:00+10:00
0.15576923607469909,0.16009615500058444,0.14711538532769283,0.15144230425357819,748400,2022-09-01 00:00:00+10:00
0.1514423136679428,0.1514423136679428,0.14278847527820893,0.14711539447307587,1390632,2022-09-02 00:00:00+10:00
0.1471153888200129,0.15144230784861343,0.14278846979141235,0.14278846979141235,277350,2022-09-05 00:00:00+10:00
0.14711538421419956,0.14711538421419956,0.12980769574642181,0.12980769574642181,1941250,2022-09-06 00:00:00+10:00
0.12980769574642181,0.13846153353269294,0.12980769574642181,0.12980769574642181,1066521,2022-09-07 00:00:00+10:00
0.12980769574642181,0.1341346146395574,0.12980769574642181,0.12980769574642181,360604,2022-09-08 00:00:00+10:00
0.13413462042808533,0.13413462042808533,0.12980770134822323,0.13413462042808533,330983,2022-09-09 00:00:00+10:00
0.13413462223638295,0.13413462223638295,0.1254807710647583,0.1254807710647583,429678,2022-09-12 00:00:00+10:00
0.12980770134822323,0.14278847148304555,0.12980770134822323,0.13413462042808533,1815672,2022-09-13 00:00:00+10:00
0.12980770309818873,0.12980770309818873,0.1254807710647583,0.1254807710647583,891517,2022-09-14 00:00:00+10:00
0.12980770134822323,0.13413462042808533,0.1254807693731251,0.13413462042808533,349271,2022-09-15 00:00:00+10:00
0.13413461731962933,0.13413461731962933,0.12548076646521475,0.12764422595500946,530456,2022-09-16 00:00:00+10:00
0.12980769574642181,0.12980769574642181,0.12980769574642181,0.12980769574642181,564519,2022-09-19 00:00:00+10:00
0.12980770309818873,0.13846154137457717,0.1254807710647583,0.1254807710647583,997443,2022-09-20 00:00:00+10:00
0.1254807710647583,0.12980770309818873,0.11250000075493942,0.1254807710647583,1373556,2022-09-21 00:00:00+10:00
0.12548077303998065,0.12548077303998065,0.12115385383367538,0.12115385383367538,358688,2022-09-23 00:00:00+10:00
0.11682692915201187,0.1211538481555263,0.11682692915201187,0.11682692915201187,273650,2022-09-26 00:00:00+10:00
0.12115385383367538,0.12115385383367538,0.11682693462737011,0.12115385383367538,698507,2022-09-27 00:00:00+10:00
0.1211538481555263,0.12548076715904072,0.11682692915201187,0.11682692915201187,628924,2022-09-28 00:00:00+10:00
0.11682693462737011,0.12331731343682802,0.11682693462737011,0.12115385383367538,366868,2022-09-29 00:00:00+10:00
0.12115385383367538,0.12115385383367538,0.11682693462737011,0.12115385383367538,71017,2022-09-30 00:00:00+10:00
0.12115385383367538,0.12548077303998065,0.11682693462737011,0.12115385383367538,90563,2022-10-03 00:00:00+11:00
0.12548077303998065,0.12548077303998065,0.11682693462737011,0.12115385383367538,278520,2022-10-04 00:00:00+11:00
0.11682693462737011,0.12115385383367538,0.11682693462737011,0.12115385383367538,81297,2022-10-05 00:00:00+11:00
0.13012820850689308,0.13012820850689308,0.12115385759990317,0.12564103305339813,213708,2022-10-06 00:00:00+11:00
0.12564103305339813,0.13012820850689308,0.11217949332007555,0.12564103305339813,911526,2022-10-07 00:00:00+11:00
0.13012820850689308,0.13012820850689308,0.12115385759990317,0.12564103305339813,333665,2022-10-10 00:00:00+11:00
0.12115385234355927,0.13461539149284363,0.12115385234355927,0.13461539149284363,420704,2022-10-11 00:00:00+11:00
0.13012820850689308,0.13461539733322575,0.12115385759990317,0.12564103305339813,347380,2022-10-12 00:00:00+11:00
0.12564102949609185,0.13012820482254028,0.12564102949609185,0.13012820482254028,99461,2022-10-13 00:00:00+11:00
0.13461539352182603,0.13461539352182603,0.13012820482254028,0.13012820482254028,173169,2022-10-14 00:00:00+11:00
0.1346153969114477,0.15256411204202816,0.1346153969114477,0.14807693660259247,655365,2022-10-17 00:00:00+11:00
0.15256410491117192,0.16153846874341865,0.1480769296814671,0.15705128014087677,566748,2022-10-18 00:00:00+11:00
0.15705128748146388,0.15705128748146388,0.14807693660259247,0.14807693660259247,259051,2022-10-19 00:00:00+11:00
0.14807692692731403,0.15256410207355978,0.13910256326198578,0.13910256326198578,262045,2022-10-20 00:00:00+11:00
0.14807693660259247,0.14807693660259247,0.1391025723508834,0.14807693660259247,36648,2022-10-21 00:00:00+11:00
0.14807693660259247,0.14807693660259247,0.1391025723508834,0.14807693660259247,214047,2022-10-24 00:00:00+11:00
0.14807692344467574,0.14807692344467574,0.13910255999041657,0.14358973503112793,83773,2022-10-25 00:00:00+11:00
0.14358973840823153,0.14358973840823153,0.13910256326198578,0.13910256326198578,92918,2022-10-26 00:00:00+11:00
0.14358973840823153,0.14358973840823153,0.13910256326198578,0.13910256326198578,8887,2022-10-27 00:00:00+11:00
0.13910256326198578,0.14807692692731403,0.13910256326198578,0.13910256326198578,68457,2022-10-28 00:00:00+11:00
0.14807692692731403,0.14807692692731403,0.13910256326198578,0.13910256326198578,203625,2022-10-31 00:00:00+11:00
0.14358973503112793,0.14807692344467574,0.14358973503112793,0.14358973503112793,99075,2022-11-01 00:00:00+11:00
0.152564102617708,0.152564102617708,0.14807692745545792,0.15032051503658295,218479,2022-11-02 00:00:00+11:00
0.15256410308628005,0.16153846681118011,0.14807692791024846,0.16153846681118011,419413,2022-11-03 00:00:00+11:00
0.16153846681118011,0.17051281716324332,0.15256410308628005,0.16153846681118011,631613,2022-11-04 00:00:00+11:00
0.16153846874341865,0.16153846874341865,0.15705128014087677,0.15705128014087677,213028,2022-11-07 00:00:00+11:00
0.15705127826231166,0.16602564198721173,0.15705127826231166,0.16153846681118011,122245,2022-11-08 00:00:00+11:00
0.16153846349636866,0.16602563858032227,0.15705127503957847,0.16602563858032227,196050,2022-11-09 00:00:00+11:00
0.16602563858032227,0.16602563858032227,0.16153846349636866,0.16602563858032227,117470,2022-11-10 00:00:00+11:00
0.16602564986176838,0.17500000063948287,0.16602564986176838,0.1705128252506256,400151,2022-11-11 00:00:00+11:00
0.17051282172372362,0.1794871856886491,0.1660256464276795,0.17499999701976776,201916,2022-11-14 00:00:00+11:00
0.17499998861398455,0.1884615272283554,0.17499998861398455,0.1884615272283554,664907,2022-11-15 00:00:00+11:00
0.18397435893615083,0.18397435893615083,0.1749999950711543,0.1794871836900711,268948,2022-11-16 00:00:00+11:00
0.17499999701976776,0.1794871856886491,0.17499999701976776,0.17499999701976776,117909,2022-11-17 00:00:00+11:00
0.17499999701976776,0.1794871856886491,0.17051282172372362,0.17499999701976776,66084,2022-11-18 00:00:00+11:00
0.1749999950711543,0.1794871836900711,0.17051281982507457,0.1794871836900711,147407,2022-11-21 00:00:00+11:00
0.17499998874822945,0.17499998874822945,0.16602563858032227,0.16602563858032227,182243,2022-11-22 00:00:00+11:00
0.17051281366427587,0.17499998874822945,0.16153846349636866,0.16602563858032227,134654,2022-11-23 00:00:00+11:00
0.16602563858032227,0.16602563858032227,0.15705127503957847,0.16602563858032227,47921,2022-11-24 00:00:00+11:00
0.15705128014087677,0.16153846874341865,0.15256410491117192,0.15705128014087677,68338,2022-11-25 00:00:00+11:00
0.15256411204202816,0.16153847629373724,0.14807693660259247,0.14807693660259247,293745,2022-11-28 00:00:00+11:00
0.14807692420987625,0.1548076868057251,0.14807692420987625,0.1548076868057251,39136,2022-11-29 00:00:00+11:00
0.15256411204202816,0.15256411204202816,0.14807693660259247,0.14807693660259247,26690,2022-11-30 00:00:00+11:00
0.14807692791024846,0.16602564198721173,0.14807692791024846,0.16153846681118011,283585,2022-12-01 00:00:00+11:00
0.16153847240754396,0.16153847240754396,0.15256410837173462,0.15256410837173462,773,2022-12-02 00:00:00+11:00
0.15705128748146388,0.15705128748146388,0.14807693660259247,0.14807693660259247,127340,2022-12-05 00:00:00+11:00
0.14807693660259247,0.15256411204202816,0.14807693660259247,0.14807693660259247,177784,2022-12-06 00:00:00+11:00
0.15256410837173462,0.15256410837173462,0.14807693304024863,0.15256410837173462,47433,2022-12-07 00:00:00+11:00
0.14807692344467574,0.14807692344467574,0.14358973503112793,0.14358973503112793,40373,2022-12-08 00:00:00+11:00
0.14358973503112793,0.14807692344467574,0.14358973503112793,0.14358973503112793,166242,2022-12-09 00:00:00+11:00
0.14358973503112793,0.14807692344467574,0.13910255999041657,0.14358973503112793,238100,2022-12-12 00:00:00+11:00
0.14807692692731403,0.14807692692731403,0.13910256326198578,0.13910256326198578,22305,2022-12-13 00:00:00+11:00
0.14358973503112793,0.14358973503112793,0.13910255999041657,0.14358973503112793,21552,2022-12-14 00:00:00+11:00
0.1391025723508834,0.14807693660259247,0.1391025723508834,0.14807693660259247,90704,2022-12-15 00:00:00+11:00
0.14807692692731403,0.14807692692731403,0.13910256326198578,0.13910256326198578,23227,2022-12-16 00:00:00+11:00
0.14358973840823153,0.14807692692731403,0.13910256326198578,0.13910256326198578,21812,2022-12-19 00:00:00+11:00
0.13461539149284363,0.13910256675165938,0.13461539149284363,0.13461539149284363,136596,2022-12-20 00:00:00+11:00
0.13461539149284363,0.13910256675165938,0.13461539149284363,0.13461539149284363,7873,2022-12-21 00:00:00+11:00
0.13910256326198578,0.13910256326198578,0.13910256326198578,0.13910256326198578,56623,2022-12-22 00:00:00+11:00
0.14358973503112793,0.14358973503112793,0.1368589724700609,0.14358973503112793,11200,2022-12-23 00:00:00+11:00
0.13461538811574003,0.14807692692731403,0.13461538811574003,0.13910256326198578,61442,2022-12-28 00:00:00+11:00
0.14358973840823153,0.14358973840823153,0.13461538811574003,0.13910256326198578,136020,2022-12-29 00:00:00+11:00
0.13461539149284363,0.13910256675165938,0.13461539149284363,0.13461539149284363,82572,2022-12-30 00:00:00+11:00
0.1346153969114477,0.14807693660259247,0.1346153969114477,0.14807693660259247,164526,2023-01-03 00:00:00+11:00
0.13910255999041657,0.14358973503112793,0.13910255999041657,0.14358973503112793,77865,2023-01-04 00:00:00+11:00
0.13910255999041657,0.14807692344467574,0.13910255999041657,0.14358973503112793,28631,2023-01-05 00:00:00+11:00
0.148076930642128,0.148076930642128,0.13461539149284363,0.13461539149284363,203027,2023-01-06 00:00:00+11:00
0.13910255999041657,0.14358973503112793,0.1368589724700609,0.14358973503112793,50570,2023-01-09 00:00:00+11:00
0.14358973840823153,0.14358973840823153,0.13910256326198578,0.13910256326198578,720,2023-01-10 00:00:00+11:00
0.13910255999041657,0.14358973503112793,0.13910255999041657,0.14358973503112793,49339,2023-01-11 00:00:00+11:00
0.14358973840823153,0.14358973840823153,0.13910256326198578,0.13910256326198578,124691,2023-01-12 00:00:00+11:00
0.1391025689325539,0.143589744261721,0.1391025689325539,0.14134615659713745,516128,2023-01-13 00:00:00+11:00
0.13910256326198578,0.14358973840823153,0.13910256326198578,0.13910256326198578,54474,2023-01-16 00:00:00+11:00
0.13910256326198578,0.14358973840823153,0.13910256326198578,0.13910256326198578,25915,2023-01-17 00:00:00+11:00
0.14358974201047514,0.14358974201047514,0.13461539149284363,0.13461539149284363,406688,2023-01-18 00:00:00+11:00
0.13461539149284363,0.13910256675165938,0.13461539149284363,0.13461539149284363,28272,2023-01-19 00:00:00+11:00
0.13461539149284363,0.13910256675165938,0.13461539149284363,0.13461539149284363,75074,2023-01-20 00:00:00+11:00
0.13461539352182603,0.13910256884827446,0.13012820482254028,0.13012820482254028,239812,2023-01-23 00:00:00+11:00
0.13012820482254028,0.13461539352182603,0.13012820482254028,0.13012820482254028,37959,2023-01-24 00:00:00+11:00
0.13012820850689308,0.13012820850689308,0.12564103305339813,0.12564103305339813,241420,2023-01-25 00:00:00+11:00
0.12564103305339813,0.13012820850689308,0.12564103305339813,0.12564103305339813,389373,2023-01-27 00:00:00+11:00
0.12564102949609185,0.13012820482254028,0.12564102949609185,0.13012820482254028,100330,2023-01-30 00:00:00+11:00
0.12564102760237503,0.13910256675165938,0.12564102760237503,0.13461539149284363,120185,2023-01-31 00:00:00+11:00
0.13012820850689308,0.13461539733322575,0.12564103305339813,0.12564103305339813,104045,2023-02-01 00:00:00+11:00
0.13012820482254028,0.13012820482254028,0.12564102949609185,0.13012820482254028,276730,2023-02-02 00:00:00+11:00
0.13461539149284363,0.13461539149284363,0.13012820286119076,0.13461539149284363,13126,2023-02-03 00:00:00+11:00
0.13461539733322575,0.13461539733322575,0.12564103305339813,0.12564103305339813,23327,2023-02-06 00:00:00+11:00
0.13012819905110543,0.13012819905110543,0.1256410239236718,0.1278846114873886,104294,2023-02-07 00:00:00+11:00
0.13012819905110543,0.13012819905110543,0.1256410239236718,0.1278846114873886,76493,2023-02-08 00:00:00+11:00
0.12564103305339813,0.13012820850689308,0.12564103305339813,0.12564103305339813,147205,2023-02-09 00:00:00+11:00
0.13012820446168574,0.13461539314852822,0.12115385383367538,0.12115385383367538,419337,2023-02-10 00:00:00+11:00
0.12115385383367538,0.13012820446168574,0.12115385383367538,0.12115385383367538,169985,2023-02-13 00:00:00+11:00
0.12115385759990317,0.12564103305339813,0.11666666877357051,0.12564103305339813,186374,2023-02-14 00:00:00+11:00
0.12564102329563565,0.12564102329563565,0.11666665971279144,0.11666665971279144,88113,2023-02-15 00:00:00+11:00
0.11666665971279144,0.12115384819063188,0.11666665971279144,0.11666665971279144,959127,2023-02-16 00:00:00+11:00
0.11666665971279144,0.12115384819063188,0.11217948460778766,0.11666665971279144,591223,2023-02-17 00:00:00+11:00
0.11666665971279144,0.12339743574313376,0.11217948460778766,0.11666665971279144,38389,2023-02-20 00:00:00+11:00
0.12115384819063188,0.12115384819063188,0.11217948460778766,0.11666665971279144,260638,2023-02-21 00:00:00+11:00
0.11666665971279144,0.12115384819063188,0.11666665971279144,0.11666665971279144,110839,2023-02-22 00:00:00+11:00
0.12115385383367538,0.12115385383367538,0.11666666514683292,0.12115385383367538,5184,2023-02-23 00:00:00+11:00
0.12115385383367538,0.12115385383367538,0.11666666514683292,0.12115385383367538,103951,2023-02-24 00:00:00+11:00
0.1166666632437474,0.1166666632437474,0.07538461492163856,0.07807692140340805,5880442,2023-02-27 00:00:00+11:00
0.08076923168622514,0.0942307636141777,0.07987179399555554,0.0942307636141777,2613243,2023-02-28 00:00:00+11:00
0.09423076709111528,0.09871794902361355,0.08974359184503555,0.08974359184503555,725677,2023-03-01 00:00:00+11:00
0.0942307636141777,0.0942307636141777,0.08974358853366628,0.0942307636141777,99305,2023-03-02 00:00:00+11:00
0.08974359184503555,0.09423076709111528,0.08974359184503555,0.08974359184503555,535455,2023-03-03 00:00:00+11:00
0.08974359184503555,0.09423076709111528,0.08974359184503555,0.08974359184503555,131519,2023-03-06 00:00:00+11:00
0.08974359184503555,0.09423076709111528,0.08974359184503555,0.08974359184503555,481682,2023-03-07 00:00:00+11:00
0.0942307636141777,0.0942307636141777,0.08974358853366628,0.0942307636141777,94375,2023-03-08 00:00:00+11:00
0.08974359184503555,0.09198717946807541,0.08974359184503555,0.08974359184503555,126418,2023-03-09 00:00:00+11:00
0.08974359184503555,0.08974359184503555,0.08974359184503555,0.08974359184503555,67271,2023-03-10 00:00:00+11:00
0.08974359264038802,0.08974359264038802,0.0870512861315959,0.08794871717691422,611587,2023-03-13 00:00:00+11:00
0.08794871876891851,0.08974359426488226,0.08615384995937347,0.08615384995937347,294392,2023-03-14 00:00:00+11:00
0.08705128729343414,0.08974359383815937,0.08705128729343414,0.08705128729343414,329455,2023-03-15 00:00:00+11:00
0.08884615609444474,0.08974359383815937,0.08525641180600486,0.08705128729343414,104972,2023-03-16 00:00:00+11:00
0.0852564126253128,0.08705128812999072,0.08435897487297386,0.0852564126253128,197277,2023-03-17 00:00:00+11:00
0.0852564126253128,0.08794871919591091,0.0852564126253128,0.0852564126253128,149491,2023-03-20 00:00:00+11:00
0.08525640701661212,0.086153844709912,0.08166666292983092,0.0825641006231308,355415,2023-03-21 00:00:00+11:00
0.08525640858162166,0.08525640858162166,0.08076923340559006,0.08076923340559006,203439,2023-03-22 00:00:00+11:00
0.08435897087184797,0.08435897087184797,0.08076923340559006,0.08076923340559006,63992,2023-03-23 00:00:00+11:00
0.08435897087184797,0.08435897087184797,0.07717948925291372,0.08076923340559006,132675,2023-03-24 00:00:00+11:00
0.07987179684886674,0.07987179684886674,0.07717949036709724,0.07807692140340805,55637,2023-03-27 00:00:00+11:00
0.07987179804191248,0.07987179804191248,0.0762820537837936,0.07717949151992798,31928,2023-03-28 00:00:00+11:00
0.07628205459751422,0.07628205459751422,0.07538461685180664,0.07538461685180664,115139,2023-03-29 00:00:00+11:00
0.07538461685180664,0.07538461685180664,0.07538461685180664,0.07538461685180664,139177,2023-03-30 00:00:00+11:00
0.07538461492163856,0.07807692140340805,0.07448717719890921,0.07807692140340805,611579,2023-03-31 00:00:00+11:00
0.08076923340559006,0.08435897087184797,0.08076923340559006,0.08076923340559006,397883,2023-04-03 00:00:00+10:00
0.08076923340559006,0.08435897087184797,0.08076923340559006,0.08076923340559006,115161,2023-04-04 00:00:00+10:00
0.08525640858162166,0.08525640858162166,0.08076923340559006,0.08076923340559006,159357,2023-04-05 00:00:00+10:00
0.08076923209962439,0.08256410080373193,0.08076923209962439,0.08211538195610046,26339,2023-04-06 00:00:00+10:00
0.08166666461995026,0.08166666461995026,0.0798717958826234,0.08032051473855972,93544,2023-04-11 00:00:00+10:00
0.07987179607152939,0.08076923378552459,0.07987179607152939,0.07987179607152939,206928,2023-04-12 00:00:00+10:00
0.07628205418586731,0.07807692298117798,0.07628205418586731,0.07628205418586731,181843,2023-04-13 00:00:00+10:00
0.0762820526443679,0.07807692140340805,0.0762820526443679,0.07807692140340805,111231,2023-04-14 00:00:00+10:00
0.07807692045887808,0.08032051473855972,0.07807692045887808,0.08032051473855972,43052,2023-04-17 00:00:00+10:00
0.07987179804191248,0.07987179804191248,0.07717949151992798,0.07717949151992798,212513,2023-04-18 00:00:00+10:00
0.07807692101915607,0.07897435873746872,0.07807692101915607,0.07897435873746872,214500,2023-04-19 00:00:00+10:00
0.07897436072204264,0.07897436072204264,0.07583333531543499,0.07628205418586731,418389,2023-04-20 00:00:00+10:00
0.07538461119842217,0.07628204887682742,0.07269230484962463,0.07269230484962463,250515,2023-04-21 00:00:00+10:00
0.07717949423551643,0.07717949423551643,0.07269231208338003,0.07314103096723557,79052,2023-04-24 00:00:00+10:00
0.07269231208338003,0.07358974985109108,0.07269231208338003,0.07314103096723557,29207,2023-04-26 00:00:00+10:00
0.07269230484962463,0.07269230484962463,0.07179486717121938,0.07269230484962463,152960,2023-04-27 00:00:00+10:00
0.07358974288098309,0.07358974288098309,0.07179486751556396,0.07179486751556396,94948,2023-04-28 00:00:00+10:00
0.07179486978794077,0.0726923074990551,0.06820512562990189,0.06820512562990189,182974,2023-05-01 00:00:00+10:00
0.0691025611538535,0.07179486751556396,0.0691025611538535,0.07179486751556396,22366,2023-05-02 00:00:00+10:00
0.07000000351387224,0.07179487231280393,0.06461538374423981,0.06461538374423981,264650,2023-05-03 00:00:00+10:00
0.06551282068072962,0.06730769614399268,0.06551282068072962,0.06641025841236115,124476,2023-05-04 00:00:00+10:00
0.06461538374423981,0.06641025922959018,0.06461538374423981,0.06461538374423981,157189,2023-05-05 00:00:00+10:00
0.06461538493353414,0.06551282269272733,0.06282051610156654,0.06371795386075974,178118,2023-05-08 00:00:00+10:00
0.06282051478452347,0.06371795252490173,0.0592307705094291,0.06012820824980736,647404,2023-05-09 00:00:00+10:00
0.06282051610156654,0.06461538493353414,0.06282051610156654,0.06371795386075974,336433,2023-05-10 00:00:00+10:00
0.06371795210065838,0.06371795210065838,0.06102564558386803,0.06102564558386803,147390,2023-05-11 00:00:00+10:00
0.06282051380118751,0.0691025645126644,0.06282051380118751,0.06730769574642181,910229,2023-05-12 00:00:00+10:00
0.06730769574642181,0.06820512678633384,0.06730769574642181,0.06730769574642181,374814,2023-05-15 00:00:00+10:00
0.06820512974546056,0.06820512974546056,0.06282051652669907,0.06282051652669907,538213,2023-05-16 00:00:00+10:00
0.06282051494530812,0.06910256577119706,0.06282051494530812,0.06461538374423981,347298,2023-05-17 00:00:00+10:00
0.06820512760311498,0.06820512760311498,0.06371795229056368,0.06551282107830048,114340,2023-05-18 00:00:00+10:00
0.06551282313607981,0.06641026090134634,0.06282051652669907,0.06282051652669907,450676,2023-05-19 00:00:00+10:00
0.06282051521546637,0.06282051521546637,0.05923077091574669,0.05923077091574669,245839,2023-05-22 00:00:00+10:00
0.06012820784946504,0.06102564558386803,0.05833333238065907,0.06102564558386803,753420,2023-05-23 00:00:00+10:00
0.060128205247531895,0.060128205247531895,0.05833332985639572,0.05833332985639572,87910,2023-05-24 00:00:00+10:00
0.06102564558386803,0.06102564558386803,0.05923077011506205,0.06102564558386803,47442,2023-05-25 00:00:00+10:00
0.06012820671871443,0.0619230754673481,0.058333331283662276,0.0619230754673481,142695,2023-05-26 00:00:00+10:00
0.05833333238065907,0.06102564558386803,0.05833333238065907,0.06102564558386803,77254,2023-05-29 00:00:00+10:00
0.061923078761432535,0.06282051652669907,0.05923077215205179,0.06282051652669907,401131,2023-05-30 00:00:00+10:00
0.06371794843043259,0.07269230519827354,0.06371794843043259,0.07179486751556396,1046256,2023-05-31 00:00:00+10:00
0.07358974624902775,0.09871794902361355,0.07358974624902775,0.08974359184503555,2352761,2023-06-01 00:00:00+10:00
0.09423076693064125,0.1570512804465416,0.09423076693064125,0.11217948794364929,2127157,2023-06-02 00:00:00+10:00
0.1166666631820874,0.1166666631820874,0.08974359169220314,0.11217948794364929,928850,2023-06-05 00:00:00+10:00
0.1121794895674938,0.1121794895674938,0.09871795028448105,0.09871795028448105,256074,2023-06-06 00:00:00+10:00
0.0987179488554979,0.11217948794364929,0.09423076693064125,0.11217948794364929,284114,2023-06-07 00:00:00+10:00
0.10769230872392654,0.11217949076149716,0.10769230872392654,0.10769230872392654,542910,2023-06-08 00:00:00+10:00
0.10769230281636556,0.11666665971279144,0.10320512771136178,0.11666665971279144,857503,2023-06-09 00:00:00+10:00
0.11666666611264909,0.11666666611264909,0.0942307692976334,0.10769230872392654,288851,2023-06-13 00:00:00+10:00
0.10769230872392654,0.10769230872392654,0.0942307692976334,0.10769230872392654,223907,2023-06-14 00:00:00+10:00
0.10769230872392654,0.11217949076149716,0.10769230872392654,0.10769230872392654,467768,2023-06-15 00:00:00+10:00
0.10769230872392654,0.11217949076149716,0.10769230872392654,0.10769230872392654,169100,2023-06-16 00:00:00+10:00
0.10769230281636556,0.11666665971279144,0.10769230281636556,0.11666665971279144,335416,2023-06-19 00:00:00+10:00
0.11217948460778766,0.12115384819063188,0.11217948460778766,0.11666665971279144,368319,2023-06-20 00:00:00+10:00
0.11666666514683292,0.12564102914768058,0.11666666514683292,0.12115385383367538,480946,2023-06-21 00:00:00+10:00
0.12564102329563565,0.12564102329563565,0.11666665971279144,0.11666665971279144,67362,2023-06-22 00:00:00+10:00
0.11666666514683292,0.12115385383367538,0.11666666514683292,0.12115385383367538,80455,2023-06-23 00:00:00+10:00
0.12564102329563565,0.12564102329563565,0.11666665971279144,0.11666665971279144,638386,2023-06-26 00:00:00+10:00
0.11666666514683292,0.12115385383367538,0.11666666514683292,0.12115385383367538,257599,2023-06-27 00:00:00+10:00
0.11666665971279144,0.12115384819063188,0.11217948460778766,0.11666665971279144,349691,2023-06-28 00:00:00+10:00
0.11217948460778766,0.11666665971279144,0.11217948460778766,0.11666665971279144,197934,2023-06-29 00:00:00+10:00
0.1166666631820874,0.12115385179336258,0.11217948794364929,0.11217948794364929,321875,2023-06-30 00:00:00+10:00
0.11666666514683292,0.12115385383367538,0.11666666514683292,0.12115385383367538,2855,2023-07-03 00:00:00+10:00
0.12115384819063188,0.12115384819063188,0.11666665971279144,0.11666665971279144,48177,2023-07-04 00:00:00+10:00
0.12115385383367538,0.12115385383367538,0.11666666514683292,0.12115385383367538,199476,2023-07-05 00:00:00+10:00
0.12115384819063188,0.12115384819063188,0.11666665971279144,0.11666665971279144,176595,2023-07-06 00:00:00+10:00
0.11666666514683292,0.12115385383367538,0.11217948983282774,0.12115385383367538,384449,2023-07-07 00:00:00+10:00
0.12115385179336258,0.12115385179336258,0.11217948794364929,0.11217948794364929,29077,2023-07-10 00:00:00+10:00
0.11666665971279144,0.12115384819063188,0.11666665971279144,0.11666665971279144,29886,2023-07-11 00:00:00+10:00
0.11666666514683292,0.12115385383367538,0.11666666514683292,0.12115385383367538,22604,2023-07-12 00:00:00+10:00
0.12115384819063188,0.12115384819063188,0.11666665971279144,0.11666665971279144,124370,2023-07-13 00:00:00+10:00
0.11666665971279144,0.12115384819063188,0.11666665971279144,0.11666665971279144,196113,2023-07-14 00:00:00+10:00
0.12115384819063188,0.12115384819063188,0.11666665971279144,0.11666665971279144,36094,2023-07-17 00:00:00+10:00
0.1166666631820874,0.1166666631820874,0.11217948794364929,0.11217948794364929,1082922,2023-07-18 00:00:00+10:00
0.11666666514683292,0.12115385383367538,0.11666666514683292,0.12115385383367538,44703,2023-07-19 00:00:00+10:00
0.12115384819063188,0.12115384819063188,0.11666665971279144,0.11666665971279144,51558,2023-07-20 00:00:00+10:00
0.11666666514683292,0.12115385383367538,0.11666666514683292,0.12115385383367538,22072,2023-07-21 00:00:00+10:00
0.11666665971279144,0.12115384819063188,0.11666665971279144,0.11666665971279144,161758,2023-07-24 00:00:00+10:00
0.11666665971279144,0.12115384819063188,0.11666665971279144,0.11666665971279144,65402,2023-07-25 00:00:00+10:00
0.11666665971279144,0.12115384819063188,0.11666665971279144,0.11666665971279144,100591,2023-07-26 00:00:00+10:00
0.12115384819063188,0.12115384819063188,0.11666665971279144,0.11666665971279144,2541,2023-07-27 00:00:00+10:00
0.11666666514683292,0.12115385383367538,0.11666666514683292,0.12115385383367538,372109,2023-07-28 00:00:00+10:00
0.12115384819063188,0.12115384819063188,0.11666665971279144,0.11666665971279144,256746,2023-07-31 00:00:00+10:00
0.11666666514683292,0.12115385383367538,0.11666666514683292,0.12115385383367538,22633,2023-08-01 00:00:00+10:00
0.12115384819063188,0.12115384819063188,0.11666665971279144,0.11666665971279144,175051,2023-08-02 00:00:00+10:00
0.12115384819063188,0.12115384819063188,0.11666665971279144,0.11666665971279144,6225,2023-08-03 00:00:00+10:00
0.11666666514683292,0.12115385383367538,0.11666666514683292,0.12115385383367538,56018,2023-08-04 00:00:00+10:00
0.12115384819063188,0.12115384819063188,0.11666665971279144,0.11666665971279144,43752,2023-08-07 00:00:00+10:00
0.12115385408238882,0.12115385408238882,0.11666666538633473,0.11891025304794312,29075,2023-08-08 00:00:00+10:00
0.12115385408238882,0.12115385408238882,0.11666666538633473,0.11891025304794312,20880,2023-08-09 00:00:00+10:00
0.11666665971279144,0.11891024726529333,0.11666665971279144,0.11666665971279144,108095,2023-08-10 00:00:00+10:00
0.11666665971279144,0.12115384819063188,0.11666665971279144,0.11666665971279144,44289,2023-08-11 00:00:00+10:00
0.12115384819063188,0.12115384819063188,0.11666665971279144,0.11666665971279144,107228,2023-08-14 00:00:00+10:00
0.11666665971279144,0.11666665971279144,0.11217948460778766,0.11666665971279144,45938,2023-08-15 00:00:00+10:00
0.11217948794364929,0.1166666631820874,0.11217948794364929,0.11217948794364929,99946,2023-08-16 00:00:00+10:00
0.11666665971279144,0.11666665971279144,0.11666665971279144,0.11666665971279144,48,2023-08-17 00:00:00+10:00
0.11217948794364929,0.1166666631820874,0.11217948794364929,0.11217948794364929,234310,2023-08-18 00:00:00+10:00
0.11217948460778766,0.11666665971279144,0.11217948460778766,0.11666665971279144,251072,2023-08-21 00:00:00+10:00
0.11666666514683292,0.12115385383367538,0.11217948983282774,0.12115385383367538,42880,2023-08-22 00:00:00+10:00
0.12115385759990317,0.12564103305339813,0.11666666877357051,0.12564103305339813,580578,2023-08-23 00:00:00+10:00
0.12564102914768058,0.12564102914768058,0.12115385383367538,0.12115385383367538,122815,2023-08-24 00:00:00+10:00
0.11666666877357051,0.12564103305339813,0.11666666877357051,0.12564103305339813,162533,2023-08-25 00:00:00+10:00
0.12115384752933771,0.12115384752933771,0.08974358853366628,0.0942307636141777,1335436,2023-08-28 00:00:00+10:00
0.09423076829467059,0.10769230757768333,0.08974359299127876,0.09871795028448105,842928,2023-08-29 00:00:00+10:00
0.09871794763483199,0.10769230468715714,0.09871794763483199,0.1032051295042038,108817,2023-08-30 00:00:00+10:00
0.1032051295042038,0.1032051295042038,0.1032051295042038,0.1032051295042038,113702,2023-08-31 00:00:00+10:00
0.09423076829467059,0.09871795028448105,0.08974359299127876,0.09871795028448105,210716,2023-09-01 00:00:00+10:00
0.0888461541212522,0.09647436140057368,0.0888461541212522,0.08974359184503555,88303,2023-09-04 00:00:00+10:00
0.08974359299127876,0.09871795028448105,0.08884615525603294,0.09871795028448105,7828,2023-09-05 00:00:00+10:00
0.09871794902361355,0.09871794902361355,0.08974359184503555,0.08974359184503555,70284,2023-09-06 00:00:00+10:00
0.09423076709111528,0.09871794902361355,0.08974359184503555,0.08974359184503555,52642,2023-09-07 00:00:00+10:00
0.08974359184503555,0.08974359184503555,0.08974359184503555,0.08974359184503555,17508,2023-09-08 00:00:00+10:00
0.08974359184503555,0.08974359184503555,0.08974359184503555,0.08974359184503555,230509,2023-09-11 00:00:00+10:00
0.08974358853366628,0.0942307636141777,0.08884615084299669,0.0942307636141777,157062,2023-09-12 00:00:00+10:00
0.09423076709111528,0.09423076709111528,0.08974359184503555,0.08974359184503555,45458,2023-09-13 00:00:00+10:00
0.0897435904440717,0.0897435904440717,0.08076923340559006,0.08076923340559006,108268,2023-09-14 00:00:00+10:00
0.0807692322782409,0.08974358919146155,0.0807692322782409,0.08166666328907013,210496,2023-09-15 00:00:00+10:00
0.08435897416411299,0.11217949076149716,0.08435897416411299,0.10769230872392654,851246,2023-09-18 00:00:00+10:00
0.11217948655652894,0.11217948655652894,0.1032051295042038,0.1032051295042038,145197,2023-09-19 00:00:00+10:00
0.10320512771136178,0.11666665971279144,0.09871794591993968,0.11666665971279144,297195,2023-09-20 00:00:00+10:00
0.11666666611264909,0.11666666611264909,0.10320513337277462,0.10769230872392654,199439,2023-09-21 00:00:00+10:00
0.10769230757768333,0.10769230757768333,0.09871795028448105,0.09871795028448105,88100,2023-09-22 00:00:00+10:00
0.0987179488554979,0.11217948794364929,0.0987179488554979,0.11217948794364929,54495,2023-09-25 00:00:00+10:00
0.11217949076149716,0.11666666611264909,0.10320513337277462,0.10769230872392654,218623,2023-09-26 00:00:00+10:00
0.10769230872392654,0.10769230872392654,0.10769230872392654,0.10769230872392654,17400,2023-09-27 00:00:00+10:00
0.10769230468715714,0.10769230468715714,0.1032051295042038,0.1032051295042038,64894,2023-09-28 00:00:00+10:00
0.10320513078035454,0.11217948794364929,0.10320513078035454,0.11217948794364929,184158,2023-09-29 00:00:00+10:00
0.11217948983282774,0.12115385383367538,0.11217948983282774,0.12115385383367538,72739,2023-10-02 00:00:00+11:00
0.1211538548366384,0.1211538548366384,0.10769230872392654,0.10769230872392654,263235,2023-10-03 00:00:00+11:00
0.10769230601879265,0.11217948794364929,0.10320513078035454,0.11217948794364929,80564,2023-10-04 00:00:00+11:00
0.1166666631820874,0.1166666631820874,0.11217948794364929,0.11217948794364929,49257,2023-10-05 00:00:00+11:00
0.11217949076149716,0.11442307843707313,0.10769230872392654,0.10769230872392654,237003,2023-10-06 00:00:00+11:00
0.10769230601879265,0.12115385179336258,0.10769230601879265,0.11217948794364929,280510,2023-10-09 00:00:00+11:00
0.11217948794364929,0.11217948794364929,0.11217948794364929,0.11217948794364929,131197,2023-10-10 00:00:00+11:00
0.1166666631820874,0.1166666631820874,0.11217948794364929,0.11217948794364929,137932,2023-10-11 00:00:00+11:00
0.11666665971279144,0.11666665971279144,0.10320512771136178,0.11666665971279144,157785,2023-10-12 00:00:00+11:00
0.1166666631820874,0.1166666631820874,0.10320513078035454,0.11217948794364929,128644,2023-10-13 00:00:00+11:00
0.10769230872392654,0.11217949076149716,0.10320513337277462,0.10769230872392654,23995,2023-10-16 00:00:00+11:00
0.10769230757768333,0.10769230757768333,0.09871795028448105,0.09871795028448105,81924,2023-10-17 00:00:00+11:00
0.09871794538110742,0.09871794538110742,0.08974358853366628,0.0942307636141777,18039,2023-10-18 00:00:00+11:00
0.09871794763483199,0.1032051295042038,0.09423076576546019,0.1032051295042038,474148,2023-10-19 00:00:00+11:00
0.09871795028448105,0.09871795028448105,0.09423076829467059,0.09871795028448105,70806,2023-10-20 00:00:00+11:00
0.09871795028448105,0.10096153793617696,0.09423076829467059,0.09871795028448105,58797,2023-10-23 00:00:00+11:00
0.1032051295042038,0.1032051295042038,0.09871794763483199,0.1032051295042038,193919,2023-10-24 00:00:00+11:00
0.10320513227429151,0.10320513227429151,0.09423076829467059,0.09871795028448105,118725,2023-10-25 00:00:00+11:00
0.09871795028448105,0.09871795028448105,0.09871795028448105,0.09871795028448105,0,2023-10-26 00:00:00+11:00
0.21089744654935438,0.29166667143954716,0.21089744654935438,0.2737179696559906,34029854,2023-10-27 00:00:00+11:00
0.2826923081785926,0.2826923081785926,0.24230770418693973,0.24679487943649292,9128154,2023-10-30 00:00:00+11:00
0.2512820588112112,0.2512820588112112,0.23333333077266946,0.23782050609588623,3080996,2023-10-31 00:00:00+11:00
0.237820505607671,0.25128205829536115,0.237820505607671,0.24230770766735077,1244480,2023-11-01 00:00:00+11:00
0.24230771519980634,0.25128206610679626,0.24230771519980634,0.25128206610679626,1001353,2023-11-02 00:00:00+11:00
0.2467948906533013,0.25128206610679626,0.24230771519980634,0.25128206610679626,1069244,2023-11-03 00:00:00+11:00
0.24230770766735077,0.24679488298135596,0.237820505607671,0.24230770766735077,993762,2023-11-06 00:00:00+11:00
0.237820505607671,0.24230770766735077,0.237820505607671,0.24230770766735077,64333,2023-11-07 00:00:00+11:00
0.24230770766735077,0.24230770766735077,0.237820505607671,0.24230770766735077,1037180,2023-11-08 00:00:00+11:00
0.24230769638126376,0.24679487148626753,0.2288461443205791,0.23333331942558289,1495035,2023-11-09 00:00:00+11:00
0.2288461443205791,0.23333331942558289,0.2288461443205791,0.23333331942558289,811654,2023-11-10 00:00:00+11:00
0.23333333004587645,0.23333333004587645,0.21987180411815643,0.21987180411815643,1766435,2023-11-13 00:00:00+11:00
0.2288461511257367,0.2288461511257367,0.22435897588729858,0.22435897588729858,1282590,2023-11-14 00:00:00+11:00
0.23333331942558289,0.23782049453058665,0.22435896921557533,0.23333331942558289,717092,2023-11-15 00:00:00+11:00
0.23782049453058665,0.24230769638126376,0.22660255676807722,0.23333331942558289,1109748,2023-11-16 00:00:00+11:00
0.23782049453058665,0.24230769638126376,0.23333331942558289,0.23333331942558289,613950,2023-11-17 00:00:00+11:00
0.22884614765644073,0.23333332282685348,0.22435897248602796,0.22884614765644073,530517,2023-11-20 00:00:00+11:00
0.2288461511257367,0.2333333263641748,0.22435897588729858,0.22435897588729858,327464,2023-11-21 00:00:00+11:00
0.2288461511257367,0.2288461511257367,0.22435897588729858,0.22435897588729858,193615,2023-11-22 00:00:00+11:00
0.22435897588729858,0.2333333263641748,0.22435897588729858,0.22435897588729858,454754,2023-11-23 00:00:00+11:00
0.22435897588729858,0.2288461511257367,0.22435897588729858,0.22435897588729858,139926,2023-11-24 00:00:00+11:00
0.22435897942739644,0.22660256708201643,0.21987180411815643,0.21987180411815643,290551,2023-11-27 00:00:00+11:00
0.21987180411815643,0.22435897942739644,0.21987180411815643,0.21987180411815643,168996,2023-11-28 00:00:00+11:00
0.22435896948134385,0.22435896948134385,0.21089743077754974,0.21089743077754974,892241,2023-11-29 00:00:00+11:00
0.2108974367991472,0.22435897588729858,0.2108974367991472,0.22435897588729858,461420,2023-11-30 00:00:00+11:00
0.2153846174478531,0.2198718061718424,0.21089744209670117,0.2153846174478531,185135,2023-12-01 00:00:00+11:00
0.21089743649669987,0.21538461172870293,0.21089743649669987,0.21314102411270142,67945,2023-12-04 00:00:00+11:00
0.21089743077754974,0.2153846058878689,0.21089743077754974,0.21089743077754974,111067,2023-12-05 00:00:00+11:00
0.21089743077754974,0.21762820681586514,0.21089743077754974,0.21089743077754974,248524,2023-12-06 00:00:00+11:00
0.2153846174478531,0.2153846174478531,0.20641026674554924,0.2153846174478531,1986730,2023-12-07 00:00:00+11:00
0.22884614765644073,0.23333332282685348,0.22435897248602796,0.22884614765644073,802582,2023-12-08 00:00:00+11:00
0.2288461443205791,0.23333331942558289,0.22435896921557533,0.23333331942558289,288455,2023-12-11 00:00:00+11:00
0.22435897248602796,0.22884614765644073,0.22435897248602796,0.22884614765644073,83510,2023-12-12 00:00:00+11:00
0.2288461511257367,0.2288461511257367,0.21987180064886047,0.22435897588729858,399715,2023-12-13 00:00:00+11:00
0.22884615473663644,0.22884615473663644,0.21987180411815643,0.21987180411815643,223797,2023-12-14 00:00:00+11:00
0.21987180064886047,0.2288461511257367,0.21987180064886047,0.22435897588729858,147300,2023-12-15 00:00:00+11:00
0.22435897942739644,0.22435897942739644,0.21987180411815643,0.21987180411815643,560899,2023-12-18 00:00:00+11:00
0.22435897588729858,0.22435897588729858,0.22435897588729858,0.22435897588729858,851890,2023-12-19 00:00:00+11:00
0.22435896921557533,0.23333331942558289,0.22435896921557533,0.23333331942558289,774272,2023-12-20 00:00:00+11:00
0.2288461511257367,0.2288461511257367,0.2153846120375853,0.22435897588729858,2472858,2023-12-21 00:00:00+11:00
0.23333331942558289,0.23782049453058665,0.22435896921557533,0.23333331942558289,813862,2023-12-22 00:00:00+11:00
0.23333332282685348,0.23333332282685348,0.22435897248602796,0.22884614765644073,308018,2023-12-27 00:00:00+11:00
0.2288461511257367,0.2288461511257367,0.22435897588729858,0.22435897588729858,701576,2023-12-28 00:00:00+11:00
0.22435897248602796,0.22884614765644073,0.21987179731561518,0.22884614765644073,160499,2023-12-29 00:00:00+11:00
0.22884615473663644,0.22884615473663644,0.21987180411815643,0.21987180411815643,228467,2024-01-02 00:00:00+11:00
0.21987180064886047,0.22435897588729858,0.21987180064886047,0.22435897588729858,95884,2024-01-03 00:00:00+11:00
0.22435897942739644,0.22435897942739644,0.21538461543607917,0.21987180411815643,238240,2024-01-04 00:00:00+11:00
0.22435896948134385,0.22435896948134385,0.21089743077754974,0.21089743077754974,124846,2024-01-05 00:00:00+11:00
0.21089743077754974,0.2153846058878689,0.20641025566723062,0.21089743077754974,674372,2024-01-08 00:00:00+11:00
0.21089744371499186,0.21089744371499186,0.19294872879981995,0.19294872879981995,502188,2024-01-09 00:00:00+11:00
0.20192307045261734,0.21089743419136095,0.20192307045261734,0.2064102590084076,820336,2024-01-10 00:00:00+11:00
0.21089743419136095,0.21538460937431428,0.2064102590084076,0.2064102590084076,1301290,2024-01-11 00:00:00+11:00
0.21089743616064732,0.21538461138550033,0.20192307233810425,0.20192307233810425,1830410,2024-01-12 00:00:00+11:00
0.21089743616064732,0.21089743616064732,0.20192307233810425,0.20192307233810425,183348,2024-01-15 00:00:00+11:00
0.20641026832940826,0.21538461910057546,0.19294872879981995,0.19294872879981995,2892785,2024-01-16 00:00:00+11:00
0.19743589431587943,0.19743589431587943,0.1794871802979368,0.18397435545921326,3446811,2024-01-17 00:00:00+11:00
0.1794871856886491,0.18397436098469325,0.17051282172372362,0.17499999701976776,4394559,2024-01-18 00:00:00+11:00
0.17948718940117764,0.18397436479003487,0.1705128252506256,0.1705128252506256,1711026,2024-01-19 00:00:00+11:00
0.17499998874822945,0.17948717720501964,0.16602563858032227,0.16602563858032227,2779573,2024-01-22 00:00:00+11:00
0.17051282172372362,0.18397436098469325,0.1660256464276795,0.17499999701976776,676767,2024-01-23 00:00:00+11:00
0.1850000023841858,0.1899999976158142,0.16500000655651093,0.1899999976158142,383194,2024-01-24 00:00:00+11:00
0.1850000023841858,0.1899999976158142,0.17000000178813934,0.17499999701976776,598782,2024-01-25 00:00:00+11:00
0.18000000715255737,0.1899999976158142,0.17499999701976776,0.1850000023841858,926557,2024-01-29 00:00:00+11:00
0.1899999976158142,0.1899999976158142,0.17499999701976776,0.17499999701976776,160802,2024-01-30 00:00:00+11:00
0.17499999701976776,0.1899999976158142,0.17499999701976776,0.1850000023841858,137690,2024-01-31 00:00:00+11:00
0.1850000023841858,0.1850000023841858,0.17499999701976776,0.18000000715255737,215706,2024-02-01 00:00:00+11:00
0.1850000023841858,0.1850000023841858,0.18000000715255737,0.18000000715255737,263484,2024-02-02 00:00:00+11:00
0.18000000715255737,0.18000000715255737,0.17499999701976776,0.17499999701976776,238429,2024-02-05 00:00:00+11:00
0.17499999701976776,0.1850000023841858,0.17499999701976776,0.18000000715255737,602012,2024-02-06 00:00:00+11:00
0.17499999701976776,0.1850000023841858,0.17499999701976776,0.17499999701976776,352609,2024-02-07 00:00:00+11:00
0.17499999701976776,0.18000000715255737,0.17000000178813934,0.18000000715255737,349296,2024-02-08 00:00:00+11:00
0.18000000715255737,0.1850000023841858,0.17499999701976776,0.17499999701976776,485261,2024-02-09 00:00:00+11:00
0.18000000715255737,0.1850000023841858,0.17499999701976776,0.17499999701976776,327939,2024-02-12 00:00:00+11:00
0.17499999701976776,0.18000000715255737,0.17499999701976776,0.17499999701976776,1191138,2024-02-13 00:00:00+11:00
0.18000000715255737,0.18000000715255737,0.17000000178813934,0.18000000715255737,484203,2024-02-14 00:00:00+11:00
0.18000000715255737,0.18000000715255737,0.17000000178813934,0.18000000715255737,262530,2024-02-15 00:00:00+11:00
0.18000000715255737,0.18000000715255737,0.17000000178813934,0.17499999701976776,51857,2024-02-16 00:00:00+11:00
0.17499999701976776,0.18000000715255737,0.17499999701976776,0.17499999701976776,220125,2024-02-19 00:00:00+11:00
0.17000000178813934,0.17499999701976776,0.17000000178813934,0.17000000178813934,390620,2024-02-20 00:00:00+11:00
0.16500000655651093,0.16500000655651093,0.13500000536441803,0.14499999582767487,6489673,2024-02-21 00:00:00+11:00
0.14000000059604645,0.15000000596046448,0.14000000059604645,0.14000000059604645,935135,2024-02-22 00:00:00+11:00
0.14000000059604645,0.14499999582767487,0.14000000059604645,0.14000000059604645,1501222,2024-02-23 00:00:00+11:00
0.14000000059604645,0.14000000059604645,0.13500000536441803,0.14000000059604645,1094544,2024-02-26 00:00:00+11:00
0.14000000059604645,0.14000000059604645,0.11500000208616257,0.14000000059604645,1538881,2024-02-27 00:00:00+11:00
0.13500000536441803,0.14000000059604645,0.12999999523162842,0.13500000536441803,718867,2024-02-28 00:00:00+11:00
0.13500000536441803,0.15000000596046448,0.13500000536441803,0.15000000596046448,458506,2024-02-29 00:00:00+11:00
0.15000000596046448,0.15000000596046448,0.14000000059604645,0.15000000596046448,197048,2024-03-01 00:00:00+11:00
0.14499999582767487,0.15000000596046448,0.14000000059604645,0.14000000059604645,1650847,2024-03-04 00:00:00+11:00
0.14000000059604645,0.15000000596046448,0.13500000536441803,0.15000000596046448,751860,2024-03-05 00:00:00+11:00
0.14000000059604645,0.15000000596046448,0.14000000059604645,0.15000000596046448,641869,2024-03-06 00:00:00+11:00
0.15000000596046448,0.15000000596046448,0.14499999582767487,0.14499999582767487,176990,2024-03-07 00:00:00+11:00
0.14499999582767487,0.14499999582767487,0.14000000059604645,0.14000000059604645,601790,2024-03-08 00:00:00+11:00
0.15000000596046448,0.1550000011920929,0.14249999821186066,0.15000000596046448,2665282,2024-03-11 00:00:00+11:00
0.15000000596046448,0.1599999964237213,0.14499999582767487,0.1550000011920929,833196,2024-03-12 00:00:00+11:00
0.1550000011920929,0.16500000655651093,0.1550000011920929,0.1599999964237213,480679,2024-03-13 00:00:00+11:00
0.1550000011920929,0.1599999964237213,0.1550000011920929,0.1550000011920929,174279,2024-03-14 00:00:00+11:00
0.1599999964237213,0.16249999403953552,0.1599999964237213,0.1599999964237213,29665,2024-03-15 00:00:00+11:00
0.1599999964237213,0.16249999403953552,0.1574999988079071,0.1599999964237213,33458,2024-03-18 00:00:00+11:00
0.1550000011920929,0.1550000011920929,0.15000000596046448,0.15000000596046448,1202140,2024-03-19 00:00:00+11:00
0.16500000655651093,0.17499999701976776,0.16500000655651093,0.17000000178813934,1208588,2024-03-20 00:00:00+11:00
0.17000000178813934,0.18000000715255737,0.17000000178813934,0.17499999701976776,4284567,2024-03-21 00:00:00+11:00
0.17499999701976776,0.18000000715255737,0.17499999701976776,0.17749999463558197,359477,2024-03-22 00:00:00+11:00
0.17499999701976776,0.18000000715255737,0.17000000178813934,0.17000000178813934,632084,2024-03-25 00:00:00+11:00
0.17000000178813934,0.17499999701976776,0.17000000178813934,0.17249999940395355,150359,2024-03-26 00:00:00+11:00
0.17499999701976776,0.17499999701976776,0.17000000178813934,0.17000000178813934,63670,2024-03-27 00:00:00+11:00
0.17499999701976776,0.17499999701976776,0.16500000655651093,0.17499999701976776,505071,2024-03-28 00:00:00+11:00
0.17000000178813934,0.18000000715255737,0.17000000178813934,0.17499999701976776,3039021,2024-04-02 00:00:00+11:00
0.17499999701976776,0.18000000715255737,0.17499999701976776,0.17499999701976776,666637,2024-04-03 00:00:00+11:00
0.18000000715255737,0.18000000715255737,0.17499999701976776,0.17499999701976776,147186,2024-04-04 00:00:00+11:00
0.18000000715255737,0.18000000715255737,0.16500000655651093,0.16500000655651093,723212,2024-04-05 00:00:00+11:00
0.17000000178813934,0.17000000178813934,0.16500000655651093,0.16500000655651093,424251,2024-04-08 00:00:00+10:00
0.17000000178813934,0.17000000178813934,0.16500000655651093,0.16500000655651093,117830,2024-04-09 00:00:00+10:00
0.16500000655651093,0.16500000655651093,0.1599999964237213,0.16500000655651093,1724548,2024-04-10 00:00:00+10:00
0.16500000655651093,0.16500000655651093,0.1599999964237213,0.1599999964237213,202518,2024-04-11 00:00:00+10:00
0.1599999964237213,0.16500000655651093,0.1599999964237213,0.1599999964237213,114816,2024-04-12 00:00:00+10:00
0.1599999964237213,0.16249999403953552,0.1599999964237213,0.1599999964237213,25585,2024-04-15 00:00:00+10:00
0.1599999964237213,0.16500000655651093,0.1550000011920929,0.1550000011920929,335868,2024-04-16 00:00:00+10:00
0.1599999964237213,0.1599999964237213,0.1550000011920929,0.1599999964237213,35650,2024-04-17 00:00:00+10:00
0.1599999964237213,0.1599999964237213,0.15000000596046448,0.15000000596046448,145235,2024-04-18 00:00:00+10:00
0.15000000596046448,0.1599999964237213,0.15000000596046448,0.15000000596046448,167055,2024-04-19 00:00:00+10:00
0.1550000011920929,0.1550000011920929,0.15000000596046448,0.1550000011920929,1017144,2024-04-22 00:00:00+10:00
0.15000000596046448,0.1550000011920929,0.15000000596046448,0.15000000596046448,26324,2024-04-23 00:00:00+10:00
0.15000000596046448,0.1599999964237213,0.15000000596046448,0.1550000011920929,49436,2024-04-24 00:00:00+10:00
0.1550000011920929,0.1550000011920929,0.15000000596046448,0.15000000596046448,288454,2024-04-26 00:00:00+10:00
0.15000000596046448,0.1550000011920929,0.15000000596046448,0.15000000596046448,228894,2024-04-29 00:00:00+10:00
0.15000000596046448,0.1550000011920929,0.15000000596046448,0.1550000011920929,18905,2024-04-30 00:00:00+10:00
0.15000000596046448,0.1599999964237213,0.15000000596046448,0.15000000596046448,328503,2024-05-01 00:00:00+10:00
0.16500000655651093,0.17000000178813934,0.15000000596046448,0.15000000596046448,1430755,2024-05-02 00:00:00+10:00
0.15000000596046448,0.1599999964237213,0.15000000596046448,0.1550000011920929,286806,2024-05-03 00:00:00+10:00
0.1550000011920929,0.1599999964237213,0.15000000596046448,0.1599999964237213,652805,2024-05-06 00:00:00+10:00
0.1599999964237213,0.1599999964237213,0.1550000011920929,0.1550000011920929,55738,2024-05-07 00:00:00+10:00
0.1550000011920929,0.1599999964237213,0.1550000011920929,0.1550000011920929,42249,2024-05-08 00:00:00+10:00
0.1550000011920929,0.1599999964237213,0.1550000011920929,0.1550000011920929,75048,2024-05-09 00:00:00+10:00
0.1599999964237213,0.17000000178813934,0.1599999964237213,0.17000000178813934,249505,2024-05-10 00:00:00+10:00
0.17000000178813934,0.18000000715255737,0.1599999964237213,0.17499999701976776,585443,2024-05-13 00:00:00+10:00
0.18000000715255737,0.18000000715255737,0.1599999964237213,0.17000000178813934,179200,2024-05-14 00:00:00+10:00
0.17000000178813934,0.17000000178813934,0.1599999964237213,0.1599999964237213,550240,2024-05-15 00:00:00+10:00
0.16500000655651093,0.16500000655651093,0.1550000011920929,0.1550000011920929,153581,2024-05-16 00:00:00+10:00
0.1599999964237213,0.1599999964237213,0.1550000011920929,0.1550000011920929,14377,2024-05-17 00:00:00+10:00
0.1550000011920929,0.17000000178813934,0.1550000011920929,0.16500000655651093,279623,2024-05-20 00:00:00+10:00
0.16500000655651093,0.16500000655651093,0.1599999964237213,0.1599999964237213,392508,2024-05-21 00:00:00+10:00
0.1599999964237213,0.1599999964237213,0.1550000011920929,0.1550000011920929,406279,2024-05-22 00:00:00+10:00
0.1599999964237213,0.1599999964237213,0.1550000011920929,0.1550000011920929,344024,2024-05-23 00:00:00+10:00
0.1550000011920929,0.16500000655651093,0.1550000011920929,0.16500000655651093,323146,2024-05-24 00:00:00+10:00
0.16500000655651093,0.17000000178813934,0.1599999964237213,0.17000000178813934,288455,2024-05-27 00:00:00+10:00
0.17000000178813934,0.17499999701976776,0.16500000655651093,0.17000000178813934,790633,2024-05-28 00:00:00+10:00
0.17499999701976776,0.1899999976158142,0.17499999701976776,0.1850000023841858,2667583,2024-05-29 00:00:00+10:00
0.18000000715255737,0.18000000715255737,0.1599999964237213,0.1599999964237213,1129923,2024-05-30 00:00:00+10:00
0.1599999964237213,0.16500000655651093,0.15000000596046448,0.1550000011920929,1156085,2024-05-31 00:00:00+10:00
0.1550000011920929,0.1599999964237213,0.1550000011920929,0.1550000011920929,900384,2024-06-03 00:00:00+10:00
0.1550000011920929,0.1599999964237213,0.1550000011920929,0.1599999964237213,423238,2024-06-04 00:00:00+10:00
0.1550000011920929,0.16500000655651093,0.15000000596046448,0.16500000655651093,676873,2024-06-05 00:00:00+10:00
0.1599999964237213,0.16500000655651093,0.1550000011920929,0.16500000655651093,507889,2024-06-06 00:00:00+10:00
0.1599999964237213,0.16500000655651093,0.1599999964237213,0.1599999964237213,394178,2024-06-07 00:00:00+10:00
0.1599999964237213,0.1599999964237213,0.1550000011920929,0.1550000011920929,1507642,2024-06-11 00:00:00+10:00
0.1599999964237213,0.1599999964237213,0.1550000011920929,0.1599999964237213,26411,2024-06-12 00:00:00+10:00
0.1599999964237213,0.1599999964237213,0.1574999988079071,0.1599999964237213,1196573,2024-06-13 00:00:00+10:00
0.1550000011920929,0.16500000655651093,0.1550000011920929,0.1599999964237213,493540,2024-06-14 00:00:00+10:00
0.1550000011920929,0.1599999964237213,0.1550000011920929,0.1550000011920929,359915,2024-06-17 00:00:00+10:00
0.1550000011920929,0.1599999964237213,0.1550000011920929,0.1550000011920929,257393,2024-06-18 00:00:00+10:00
0.1550000011920929,0.1599999964237213,0.1550000011920929,0.1550000011920929,318999,2024-06-19 00:00:00+10:00
0.1550000011920929,0.1550000011920929,0.15000000596046448,0.1550000011920929,455775,2024-06-20 00:00:00+10:00
0.1550000011920929,0.1599999964237213,0.15000000596046448,0.1599999964237213,985731,2024-06-21 00:00:00+10:00
0.1599999964237213,0.1599999964237213,0.1550000011920929,0.1550000011920929,315668,2024-06-24 00:00:00+10:00
0.1550000011920929,0.1599999964237213,0.1550000011920929,0.1550000011920929,540845,2024-06-25 00:00:00+10:00
0.1550000011920929,0.1550000011920929,0.15000000596046448,0.1550000011920929,229752,2024-06-26 00:00:00+10:00
0.15000000596046448,0.1599999964237213,0.14000000059604645,0.1550000011920929,784717,2024-06-27 00:00:00+10:00
0.14499999582767487,0.1525000035762787,0.14000000059604645,0.15000000596046448,19447744,2024-06-28 00:00:00+10:00
0.15000000596046448,0.1550000011920929,0.15000000596046448,0.15000000596046448,6471919,2024-07-01 00:00:00+10:00
0.15000000596046448,0.1550000011920929,0.15000000596046448,0.15000000596046448,2560869,2024-07-02 00:00:00+10:00
0.1550000011920929,0.1550000011920929,0.15000000596046448,0.15000000596046448,341394,2024-07-03 00:00:00+10:00
0.15000000596046448,0.1525000035762787,0.15000000596046448,0.15000000596046448,1220102,2024-07-04 00:00:00+10:00
0.1550000011920929,0.1550000011920929,0.15000000596046448,0.15000000596046448,446668,2024-07-05 00:00:00+10:00
0.1550000011920929,0.1550000011920929,0.15000000596046448,0.1550000011920929,139601,2024-07-08 00:00:00+10:00
0.15000000596046448,0.1550000011920929,0.15000000596046448,0.15000000596046448,1175553,2024-07-09 00:00:00+10:00
0.1550000011920929,0.1550000011920929,0.15000000596046448,0.15000000596046448,205705,2024-07-10 00:00:00+10:00
0.15000000596046448,0.1550000011920929,0.15000000596046448,0.15000000596046448,416089,2024-07-11 00:00:00+10:00
0.15000000596046448,0.1525000035762787,0.15000000596046448,0.15000000596046448,577734,2024-07-12 00:00:00+10:00
0.1550000011920929,0.1550000011920929,0.15000000596046448,0.15000000596046448,501448,2024-07-15 00:00:00+10:00
0.15000000596046448,0.1550000011920929,0.15000000596046448,0.1550000011920929,376991,2024-07-16 00:00:00+10:00
0.15000000596046448,0.1525000035762787,0.15000000596046448,0.15000000596046448,221322,2024-07-17 00:00:00+10:00
0.15000000596046448,0.1550000011920929,0.15000000596046448,0.1550000011920929,188437,2024-07-18 00:00:00+10:00
0.1550000011920929,0.1550000011920929,0.15000000596046448,0.15000000596046448,358914,2024-07-19 00:00:00+10:00
0.15000000596046448,0.1525000035762787,0.15000000596046448,0.15000000596046448,426869,2024-07-22 00:00:00+10:00
0.1550000011920929,0.1550000011920929,0.15000000596046448,0.15000000596046448,1622323,2024-07-23 00:00:00+10:00
0.15000000596046448,0.1525000035762787,0.15000000596046448,0.15000000596046448,202807,2024-07-24 00:00:00+10:00
0.15000000596046448,0.1525000035762787,0.15000000596046448,0.15000000596046448,499440,2024-07-25 00:00:00+10:00
0.1550000011920929,0.1550000011920929,0.15000000596046448,0.1550000011920929,261003,2024-07-26 00:00:00+10:00
0.15000000596046448,0.1525000035762787,0.15000000596046448,0.15000000596046448,372099,2024-07-29 00:00:00+10:00
0.15000000596046448,0.1525000035762787,0.15000000596046448,0.15000000596046448,228034,2024-07-30 00:00:00+10:00
0.15000000596046448,0.1550000011920929,0.15000000596046448,0.1550000011920929,204987,2024-07-31 00:00:00+10:00
0.15000000596046448,0.1525000035762787,0.15000000596046448,0.15000000596046448,417189,2024-08-01 00:00:00+10:00
0.15000000596046448,0.1550000011920929,0.15000000596046448,0.1550000011920929,145635,2024-08-02 00:00:00+10:00
0.15000000596046448,0.1525000035762787,0.15000000596046448,0.15000000596046448,2196528,2024-08-05 00:00:00+10:00
0.15000000596046448,0.1525000035762787,0.15000000596046448,0.15000000596046448,430018,2024-08-06 00:00:00+10:00
0.15000000596046448,0.1525000035762787,0.15000000596046448,0.15000000596046448,532269,2024-08-07 00:00:00+10:00
0.15000000596046448,0.1525000035762787,0.15000000596046448,0.15000000596046448,2306835,2024-08-08 00:00:00+10:00
0.15000000596046448,0.1550000011920929,0.14499999582767487,0.14499999582767487,389458,2024-08-09 00:00:00+10:00
0.14499999582767487,0.1550000011920929,0.14499999582767487,0.15000000596046448,1151896,2024-08-12 00:00:00+10:00
0.14499999582767487,0.1550000011920929,0.14499999582767487,0.1550000011920929,518206,2024-08-13 00:00:00+10:00
0.15000000596046448,0.15000000596046448,0.14499999582767487,0.15000000596046448,45074,2024-08-14 00:00:00+10:00
0.15000000596046448,0.15000000596046448,0.14499999582767487,0.15000000596046448,478203,2024-08-15 00:00:00+10:00
0.14499999582767487,0.1525000035762787,0.14499999582767487,0.14499999582767487,56643,2024-08-16 00:00:00+10:00
0.15000000596046448,0.1550000011920929,0.15000000596046448,0.1550000011920929,832950,2024-08-19 00:00:00+10:00
0.15000000596046448,0.1525000035762787,0.14749999344348907,0.14749999344348907,38018,2024-08-20 00:00:00+10:00
0.14499999582767487,0.14749999344348907,0.14499999582767487,0.14749999344348907,31058,2024-08-21 00:00:00+10:00
0.15000000596046448,0.15000000596046448,0.14499999582767487,0.14749999344348907,50260,2024-08-22 00:00:00+10:00
0.14499999582767487,0.15000000596046448,0.14499999582767487,0.15000000596046448,1543556,2024-08-23 00:00:00+10:00
0.14499999582767487,0.15000000596046448,0.14499999582767487,0.15000000596046448,45593,2024-08-26 00:00:00+10:00
0.15000000596046448,0.15000000596046448,0.14499999582767487,0.14499999582767487,85984,2024-08-27 00:00:00+10:00
0.14499999582767487,0.14749999344348907,0.14499999582767487,0.14499999582767487,39790,2024-08-28 00:00:00+10:00
0.14499999582767487,0.15000000596046448,0.14499999582767487,0.15000000596046448,206920,2024-08-29 00:00:00+10:00
0.15000000596046448,0.15000000596046448,0.14499999582767487,0.14499999582767487,98943,2024-08-30 00:00:00+10:00
0.14499999582767487,0.15000000596046448,0.14499999582767487,0.14499999582767487,270185,2024-09-02 00:00:00+10:00
0.14499999582767487,0.15000000596046448,0.14000000059604645,0.14000000059604645,1144425,2024-09-03 00:00:00+10:00
0.14499999582767487,0.14499999582767487,0.14249999821186066,0.14249999821186066,176610,2024-09-04 00:00:00+10:00
0.14000000059604645,0.14249999821186066,0.13750000298023224,0.14000000059604645,999566,2024-09-05 00:00:00+10:00
0.14499999582767487,0.14499999582767487,0.14000000059604645,0.14000000059604645,121910,2024-09-06 00:00:00+10:00
0.14000000059604645,0.14249999821186066,0.13500000536441803,0.13500000536441803,2645902,2024-09-09 00:00:00+10:00
0.14000000059604645,0.14000000059604645,0.13750000298023224,0.14000000059604645,307452,2024-09-10 00:00:00+10:00
0.14000000059604645,0.14000000059604645,0.13500000536441803,0.14000000059604645,789549,2024-09-11 00:00:00+10:00
0.13500000536441803,0.14249999821186066,0.13500000536441803,0.14000000059604645,942658,2024-09-12 00:00:00+10:00
0.14000000059604645,0.14000000059604645,0.13750000298023224,0.13750000298023224,28342,2024-09-13 00:00:00+10:00
0.13500000536441803,0.14000000059604645,0.13500000536441803,0.14000000059604645,242338,2024-09-16 00:00:00+10:00
0.14000000059604645,0.14499999582767487,0.14000000059604645,0.14000000059604645,101268,2024-09-17 00:00:00+10:00
0.14000000059604645,0.14499999582767487,0.14000000059604645,0.14249999821186066,64976,2024-09-18 00:00:00+10:00
0.14499999582767487,0.14499999582767487,0.14000000059604645,0.14000000059604645,29083,2024-09-19 00:00:00+10:00
0.14000000059604645,0.15000000596046448,0.14000000059604645,0.14499999582767487,1843654,2024-09-20 00:00:00+10:00
0.14499999582767487,0.15000000596046448,0.14499999582767487,0.15000000596046448,3907,2024-09-23 00:00:00+10:00
0.15000000596046448,0.15000000596046448,0.14499999582767487,0.15000000596046448,540546,2024-09-24 00:00:00+10:00
0.15000000596046448,0.15000000596046448,0.14749999344348907,0.15000000596046448,700176,2024-09-25 00:00:00+10:00
0.15000000596046448,0.15000000596046448,0.14499999582767487,0.14499999582767487,124690,2024-09-26 00:00:00+10:00
0.14499999582767487,0.14749999344348907,0.14499999582767487,0.14499999582767487,99820,2024-09-27 00:00:00+10:00
0.15000000596046448,0.15000000596046448,0.14499999582767487,0.14749999344348907,3893,2024-09-30 00:00:00+10:00
0.14499999582767487,0.14749999344348907,0.14499999582767487,0.14749999344348907,62083,2024-10-01 00:00:00+10:00
0.14499999582767487,0.14749999344348907,0.14499999582767487,0.14749999344348907,397085,2024-10-02 00:00:00+10:00
0.15000000596046448,0.15000000596046448,0.14499999582767487,0.14499999582767487,10894,2024-10-03 00:00:00+10:00
0.15000000596046448,0.15000000596046448,0.14499999582767487,0.14499999582767487,109415,2024-10-04 00:00:00+10:00
0.14499999582767487,0.14749999344348907,0.14499999582767487,0.14749999344348907,20302,2024-10-07 00:00:00+11:00
0.14749999344348907,0.15000000596046448,0.14499999582767487,0.14499999582767487,1122164,2024-10-08 00:00:00+11:00
0.14499999582767487,0.15000000596046448,0.14499999582767487,0.14499999582767487,37758,2024-10-09 00:00:00+11:00
0.14749999344348907,0.14749999344348907,0.14499999582767487,0.14749999344348907,8002,2024-10-10 00:00:00+11:00
0.14749999344348907,0.14749999344348907,0.14499999582767487,0.14499999582767487,15142,2024-10-11 00:00:00+11:00
0.14499999582767487,0.14749999344348907,0.14499999582767487,0.14749999344348907,22579,2024-10-14 00:00:00+11:00
0.14499999582767487,0.15000000596046448,0.14499999582767487,0.15000000596046448,2576035,2024-10-15 00:00:00+11:00
0.15000000596046448,0.15000000596046448,0.14499999582767487,0.14749999344348907,29407,2024-10-16 00:00:00+11:00
0.15000000596046448,0.15000000596046448,0.14499999582767487,0.15000000596046448,25381,2024-10-17 00:00:00+11:00
0.14499999582767487,0.15000000596046448,0.14499999582767487,0.14499999582767487,639184,2024-10-18 00:00:00+11:00
0.14499999582767487,0.14749999344348907,0.14499999582767487,0.14749999344348907,28839,2024-10-21 00:00:00+11:00
0.14499999582767487,0.14749999344348907,0.14000000059604645,0.14000000059604645,1421123,2024-10-22 00:00:00+11:00
0.14000000059604645,0.14499999582767487,0.14000000059604645,0.14249999821186066,20647,2024-10-23 00:00:00+11:00
0.14249999821186066,0.14249999821186066,0.14000000059604645,0.14249999821186066,7966,2024-10-24 00:00:00+11:00
0.14000000059604645,0.14249999821186066,0.14000000059604645,0.14000000059604645,728716,2024-10-25 00:00:00+11:00
0.14000000059604645,0.14249999821186066,0.14000000059604645,0.14000000059604645,160186,2024-10-28 00:00:00+11:00
0.14000000059604645,0.14249999821186066,0.14000000059604645,0.14000000059604645,1237485,2024-10-29 00:00:00+11:00
0.14000000059604645,0.14249999821186066,0.14000000059604645,0.14000000059604645,443364,2024-10-30 00:00:00+11:00
0.14000000059604645,0.14249999821186066,0.14000000059604645,0.14000000059604645,162473,2024-10-31 00:00:00+11:00
0.14000000059604645,0.14249999821186066,0.14000000059604645,0.14000000059604645,1919418,2024-11-01 00:00:00+11:00
0.14000000059604645,0.14499999582767487,0.14000000059604645,0.14000000059604645,824004,2024-11-04 00:00:00+11:00
0.14499999582767487,0.14499999582767487,0.14000000059604645,0.14000000059604645,149400,2024-11-05 00:00:00+11:00
0.14499999582767487,0.14499999582767487,0.14000000059604645,0.14000000059604645,522721,2024-11-06 00:00:00+11:00
0.14499999582767487,0.14499999582767487,0.14000000059604645,0.14000000059604645,342785,2024-11-07 00:00:00+11:00
0.14000000059604645,0.14499999582767487,0.14000000059604645,0.14499999582767487,195807,2024-11-08 00:00:00+11:00
0.14000000059604645,0.14499999582767487,0.14000000059604645,0.14499999582767487,378089,2024-11-11 00:00:00+11:00
0.14000000059604645,0.15000000596046448,0.14000000059604645,0.15000000596046448,257978,2024-11-12 00:00:00+11:00
0.14000000059604645,0.15000000596046448,0.14000000059604645,0.14499999582767487,85393,2024-11-13 00:00:00+11:00
0.14249999821186066,0.14749999344348907,0.14249999821186066,0.14499999582767487,75044,2024-11-14 00:00:00+11:00
0.14249999821186066,0.15000000596046448,0.14249999821186066,0.14499999582767487,108603,2024-11-15 00:00:00+11:00
0.15000000596046448,0.15000000596046448,0.14249999821186066,0.14749999344348907,157328,2024-11-18 00:00:00+11:00
0.14499999582767487,0.14749999344348907,0.14000000059604645,0.14499999582767487,48076,2024-11-19 00:00:00+11:00
0.14499999582767487,0.14749999344348907,0.14249999821186066,0.14499999582767487,518512,2024-11-20 00:00:00+11:00
0.14000000059604645,0.14749999344348907,0.14000000059604645,0.14499999582767487,164982,2024-11-21 00:00:00+11:00
0.15000000596046448,0.15000000596046448,0.14000000059604645,0.14499999582767487,142686,2024-11-22 00:00:00+11:00
0.14000000059604645,0.14749999344348907,0.14000000059604645,0.14499999582767487,171360,2024-11-25 00:00:00+11:00
0.14000000059604645,0.15000000596046448,0.14000000059604645,0.15000000596046448,74813,2024-11-26 00:00:00+11:00
0.15000000596046448,0.15000000596046448,0.14499999582767487,0.14499999582767487,64249,2024-11-27 00:00:00+11:00
0.14000000059604645,0.1550000011920929,0.14000000059604645,0.1550000011920929,2986860,2024-11-28 00:00:00+11:00
0.1550000011920929,0.1550000011920929,0.15000000596046448,0.15000000596046448,1392232,2024-11-29 00:00:00+11:00
0.1550000011920929,0.1599999964237213,0.15000000596046448,0.15000000596046448,1810221,2024-12-02 00:00:00+11:00
0.1550000011920929,0.1599999964237213,0.1550000011920929,0.1550000011920929,676163,2024-12-03 00:00:00+11:00
0.1599999964237213,0.17000000178813934,0.1599999964237213,0.16500000655651093,736541,2024-12-04 00:00:00+11:00
0.17000000178813934,0.17000000178813934,0.16500000655651093,0.17000000178813934,1299269,2024-12-05 00:00:00+11:00
0.17000000178813934,0.17499999701976776,0.16500000655651093,0.17000000178813934,3946677,2024-12-06 00:00:00+11:00
0.17000000178813934,0.17749999463558197,0.17000000178813934,0.17499999701976776,582300,2024-12-09 00:00:00+11:00
0.17000000178813934,0.18000000715255737,0.17000000178813934,0.17499999701976776,518683,2024-12-10 00:00:00+11:00
0.17499999701976776,0.18000000715255737,0.17499999701976776,0.17499999701976776,61278,2024-12-11 00:00:00+11:00
0.17499999701976776,0.17749999463558197,0.17499999701976776,0.17499999701976776,79234,2024-12-12 00:00:00+11:00
0.17499999701976776,0.17749999463558197,0.17499999701976776,0.17499999701976776,686303,2024-12-13 00:00:00+11:00
0.17499999701976776,0.18000000715255737,0.17499999701976776,0.17499999701976776,685814,2024-12-16 00:00:00+11:00
0.17499999701976776,0.18000000715255737,0.17499999701976776,0.18000000715255737,136729,2024-12-17 00:00:00+11:00
0.18000000715255737,0.18000000715255737,0.16500000655651093,0.18000000715255737,2520662,2024-12-18 00:00:00+11:00
0.18000000715255737,0.18000000715255737,0.17499999701976776,0.18000000715255737,150858,2024-12-19 00:00:00+11:00
0.16500000655651093,0.16500000655651093,0.1550000011920929,0.16500000655651093,2211307,2024-12-20 00:00:00+11:00
0.16500000655651093,0.17000000178813934,0.1599999964237213,0.17000000178813934,1101959,2024-12-23 00:00:00+11:00
0.17000000178813934,0.17000000178813934,0.16500000655651093,0.17000000178813934,75399,2024-12-24 00:00:00+11:00
0.16500000655651093,0.17000000178813934,0.16500000655651093,0.16500000655651093,710547,2024-12-27 00:00:00+11:00
0.16500000655651093,0.17000000178813934,0.16500000655651093,0.16500000655651093,157384,2024-12-30 00:00:00+11:00
