Open,High,Low,Close,Volume,Date
0.07999999821186066,0.07999999821186066,0.07999999821186066,0.07999999821186066,0,2020-01-02 00:00:00+11:00
0.07999999821186066,0.07999999821186066,0.07999999821186066,0.07999999821186066,0,2020-01-03 00:00:00+11:00
0.07999999821186066,0.07999999821186066,0.07999999821186066,0.07999999821186066,0,2020-01-06 00:00:00+11:00
0.09000000357627869,0.09000000357627869,0.09000000357627869,0.09000000357627869,20000,2020-01-07 00:00:00+11:00
0.09000000357627869,0.09000000357627869,0.09000000357627869,0.09000000357627869,53000,2020-01-08 00:00:00+11:00
0.09000000357627869,0.09000000357627869,0.09000000357627869,0.09000000357627869,61000,2020-01-09 00:00:00+11:00
0.09099999815225601,0.09099999815225601,0.09099999815225601,0.09099999815225601,1000,2020-01-10 00:00:00+11:00
0.09000000357627869,0.09000000357627869,0.09000000357627869,0.09000000357627869,40000,2020-01-13 00:00:00+11:00
0.09000000357627869,0.09000000357627869,0.09000000357627869,0.09000000357627869,10000,2020-01-14 00:00:00+11:00
0.09000000357627869,0.09000000357627869,0.09000000357627869,0.09000000357627869,0,2020-01-15 00:00:00+11:00
0.09200000017881393,0.09200000017881393,0.09099999815225601,0.09099999815225601,101664,2020-01-16 00:00:00+11:00
0.09099999815225601,0.09099999815225601,0.09099999815225601,0.09099999815225601,0,2020-01-17 00:00:00+11:00
0.09099999815225601,0.09099999815225601,0.09099999815225601,0.09099999815225601,0,2020-01-20 00:00:00+11:00
0.09099999815225601,0.09099999815225601,0.09099999815225601,0.09099999815225601,0,2020-01-21 00:00:00+11:00
0.09600000083446503,0.09600000083446503,0.09600000083446503,0.09600000083446503,2000,2020-01-22 00:00:00+11:00
0.09600000083446503,0.09600000083446503,0.09600000083446503,0.09600000083446503,0,2020-01-23 00:00:00+11:00
0.09600000083446503,0.09600000083446503,0.09600000083446503,0.09600000083446503,0,2020-01-24 00:00:00+11:00
0.09600000083446503,0.09600000083446503,0.09600000083446503,0.09600000083446503,0,2020-01-28 00:00:00+11:00
0.09600000083446503,0.09600000083446503,0.09600000083446503,0.09600000083446503,0,2020-01-29 00:00:00+11:00
0.09600000083446503,0.09600000083446503,0.09600000083446503,0.09600000083446503,0,2020-01-30 00:00:00+11:00
0.13500000536441803,0.14000000059604645,0.13500000536441803,0.14000000059604645,25172,2020-01-31 00:00:00+11:00
0.14000000059604645,0.14499999582767487,0.14000000059604645,0.14499999582767487,61824,2020-02-03 00:00:00+11:00
0.13500000536441803,0.14000000059604645,0.13500000536441803,0.14000000059604645,67346,2020-02-04 00:00:00+11:00
0.14499999582767487,0.15000000596046448,0.14000000059604645,0.15000000596046448,103500,2020-02-05 00:00:00+11:00
0.14499999582767487,0.14499999582767487,0.14000000059604645,0.14000000059604645,41925,2020-02-06 00:00:00+11:00
0.14000000059604645,0.14000000059604645,0.14000000059604645,0.14000000059604645,0,2020-02-07 00:00:00+11:00
0.11999999731779099,0.125,0.11999999731779099,0.125,25410,2020-02-10 00:00:00+11:00
0.125,0.125,0.125,0.125,0,2020-02-11 00:00:00+11:00
0.125,0.125,0.11999999731779099,0.11999999731779099,56590,2020-02-12 00:00:00+11:00
0.125,0.12999999523162842,0.125,0.12999999523162842,25000,2020-02-13 00:00:00+11:00
0.125,0.125,0.11999999731779099,0.11999999731779099,3500,2020-02-14 00:00:00+11:00
0.11999999731779099,0.11999999731779099,0.11999999731779099,0.11999999731779099,0,2020-02-17 00:00:00+11:00
0.12999999523162842,0.12999999523162842,0.12999999523162842,0.12999999523162842,10000,2020-02-18 00:00:00+11:00
0.12999999523162842,0.12999999523162842,0.12999999523162842,0.12999999523162842,51809,2020-02-19 00:00:00+11:00
0.11999999731779099,0.11999999731779099,0.11999999731779099,0.11999999731779099,3000,2020-02-20 00:00:00+11:00
0.11999999731779099,0.11999999731779099,0.10000000149011612,0.10000000149011612,32000,2020-02-21 00:00:00+11:00
0.10000000149011612,0.10000000149011612,0.10000000149011612,0.10000000149011612,53900,2020-02-24 00:00:00+11:00
0.10000000149011612,0.10000000149011612,0.10000000149011612,0.10000000149011612,3664,2020-02-25 00:00:00+11:00
0.10999999940395355,0.10999999940395355,0.10999999940395355,0.10999999940395355,8000,2020-02-26 00:00:00+11:00
0.10999999940395355,0.10999999940395355,0.10999999940395355,0.10999999940395355,0,2020-02-27 00:00:00+11:00
0.10999999940395355,0.10999999940395355,0.10000000149011612,0.10000000149011612,240699,2020-02-28 00:00:00+11:00
0.10000000149011612,0.10000000149011612,0.10000000149011612,0.10000000149011612,0,2020-03-02 00:00:00+11:00
0.10000000149011612,0.10499999672174454,0.10000000149011612,0.10000000149011612,77945,2020-03-03 00:00:00+11:00
0.10000000149011612,0.10000000149011612,0.10000000149011612,0.10000000149011612,0,2020-03-04 00:00:00+11:00
0.10000000149011612,0.10000000149011612,0.10000000149011612,0.10000000149011612,0,2020-03-05 00:00:00+11:00
0.10499999672174454,0.10499999672174454,0.10000000149011612,0.10000000149011612,75000,2020-03-06 00:00:00+11:00
0.10000000149011612,0.10000000149011612,0.10000000149011612,0.10000000149011612,0,2020-03-09 00:00:00+11:00
0.09000000357627869,0.10000000149011612,0.07999999821186066,0.10000000149011612,89500,2020-03-10 00:00:00+11:00
0.10000000149011612,0.10499999672174454,0.10000000149011612,0.10000000149011612,39540,2020-03-11 00:00:00+11:00
0.09399999678134918,0.0949999988079071,0.09399999678134918,0.0949999988079071,19591,2020-03-12 00:00:00+11:00
0.09399999678134918,0.09399999678134918,0.08699999749660492,0.08699999749660492,43500,2020-03-13 00:00:00+11:00
0.07999999821186066,0.07999999821186066,0.07999999821186066,0.07999999821186066,20000,2020-03-16 00:00:00+11:00
0.07999999821186066,0.07999999821186066,0.07999999821186066,0.07999999821186066,85500,2020-03-17 00:00:00+11:00
0.07999999821186066,0.07999999821186066,0.07999999821186066,0.07999999821186066,0,2020-03-18 00:00:00+11:00
0.07999999821186066,0.07999999821186066,0.07999999821186066,0.07999999821186066,0,2020-03-19 00:00:00+11:00
0.07999999821186066,0.07999999821186066,0.07999999821186066,0.07999999821186066,0,2020-03-20 00:00:00+11:00
0.07500000298023224,0.07500000298023224,0.07500000298023224,0.07500000298023224,10000,2020-03-23 00:00:00+11:00
0.054999999701976776,0.07500000298023224,0.054999999701976776,0.07500000298023224,2305,2020-03-24 00:00:00+11:00
0.07500000298023224,0.07500000298023224,0.07500000298023224,0.07500000298023224,9000,2020-03-25 00:00:00+11:00
0.07500000298023224,0.07500000298023224,0.07500000298023224,0.07500000298023224,0,2020-03-26 00:00:00+11:00
0.07500000298023224,0.07500000298023224,0.07500000298023224,0.07500000298023224,40000,2020-03-27 00:00:00+11:00
0.07500000298023224,0.07500000298023224,0.07500000298023224,0.07500000298023224,0,2020-03-30 00:00:00+11:00
0.07999999821186066,0.07999999821186066,0.07999999821186066,0.07999999821186066,10700,2020-03-31 00:00:00+11:00
0.07999999821186066,0.07999999821186066,0.07999999821186066,0.07999999821186066,0,2020-04-01 00:00:00+11:00
0.07999999821186066,0.07999999821186066,0.07999999821186066,0.07999999821186066,0,2020-04-02 00:00:00+11:00
0.07999999821186066,0.07999999821186066,0.07999999821186066,0.07999999821186066,0,2020-04-03 00:00:00+11:00
0.10000000149011612,0.10000000149011612,0.10000000149011612,0.10000000149011612,256,2020-04-06 00:00:00+10:00
0.10000000149011612,0.10000000149011612,0.10000000149011612,0.10000000149011612,9744,2020-04-07 00:00:00+10:00
0.10000000149011612,0.10000000149011612,0.10000000149011612,0.10000000149011612,0,2020-04-08 00:00:00+10:00
0.10000000149011612,0.10000000149011612,0.10000000149011612,0.10000000149011612,0,2020-04-09 00:00:00+10:00
0.10000000149011612,0.10000000149011612,0.10000000149011612,0.10000000149011612,0,2020-04-14 00:00:00+10:00
0.10000000149011612,0.10000000149011612,0.10000000149011612,0.10000000149011612,0,2020-04-15 00:00:00+10:00
0.10000000149011612,0.10000000149011612,0.10000000149011612,0.10000000149011612,6000,2020-04-16 00:00:00+10:00
0.10000000149011612,0.10000000149011612,0.10000000149011612,0.10000000149011612,0,2020-04-17 00:00:00+10:00
0.10499999672174454,0.10499999672174454,0.10499999672174454,0.10499999672174454,25000,2020-04-20 00:00:00+10:00
0.0989999994635582,0.0989999994635582,0.0989999994635582,0.0989999994635582,5000,2020-04-21 00:00:00+10:00
0.0989999994635582,0.0989999994635582,0.0989999994635582,0.0989999994635582,0,2020-04-22 00:00:00+10:00
0.10000000149011612,0.10000000149011612,0.10000000149011612,0.10000000149011612,17000,2020-04-23 00:00:00+10:00
0.10000000149011612,0.10000000149011612,0.10000000149011612,0.10000000149011612,0,2020-04-24 00:00:00+10:00
0.10000000149011612,0.10000000149011612,0.10000000149011612,0.10000000149011612,0,2020-04-27 00:00:00+10:00
0.0989999994635582,0.10000000149011612,0.0989999994635582,0.10000000149011612,28000,2020-04-28 00:00:00+10:00
0.10000000149011612,0.10000000149011612,0.10000000149011612,0.10000000149011612,5000,2020-04-29 00:00:00+10:00
0.0989999994635582,0.0989999994635582,0.09799999743700027,0.09799999743700027,30000,2020-04-30 00:00:00+10:00
0.09799999743700027,0.09799999743700027,0.09799999743700027,0.09799999743700027,0,2020-05-01 00:00:00+10:00
0.09799999743700027,0.09799999743700027,0.09799999743700027,0.09799999743700027,1699,2020-05-04 00:00:00+10:00
0.0989999994635582,0.10000000149011612,0.0989999994635582,0.10000000149011612,23301,2020-05-05 00:00:00+10:00
0.10000000149011612,0.10000000149011612,0.10000000149011612,0.10000000149011612,0,2020-05-06 00:00:00+10:00
0.10000000149011612,0.10000000149011612,0.10000000149011612,0.10000000149011612,0,2020-05-07 00:00:00+10:00
0.10000000149011612,0.10000000149011612,0.10000000149011612,0.10000000149011612,0,2020-05-08 00:00:00+10:00
0.10000000149011612,0.10000000149011612,0.10000000149011612,0.10000000149011612,33664,2020-05-11 00:00:00+10:00
0.10000000149011612,0.10000000149011612,0.0989999994635582,0.0989999994635582,92000,2020-05-12 00:00:00+10:00
0.0989999994635582,0.0989999994635582,0.0989999994635582,0.0989999994635582,0,2020-05-13 00:00:00+10:00
0.0989999994635582,0.0989999994635582,0.0989999994635582,0.0989999994635582,0,2020-05-14 00:00:00+10:00
0.0949999988079071,0.0989999994635582,0.0949999988079071,0.0989999994635582,2000,2020-05-15 00:00:00+10:00
0.0989999994635582,0.0989999994635582,0.0989999994635582,0.0989999994635582,10000,2020-05-18 00:00:00+10:00
0.0989999994635582,0.0989999994635582,0.0989999994635582,0.0989999994635582,0,2020-05-19 00:00:00+10:00
0.0989999994635582,0.0989999994635582,0.0989999994635582,0.0989999994635582,0,2020-05-20 00:00:00+10:00
0.0989999994635582,0.0989999994635582,0.0989999994635582,0.0989999994635582,0,2020-05-21 00:00:00+10:00
0.0989999994635582,0.0989999994635582,0.0989999994635582,0.0989999994635582,0,2020-05-22 00:00:00+10:00
0.0989999994635582,0.0989999994635582,0.0989999994635582,0.0989999994635582,0,2020-05-25 00:00:00+10:00
0.0989999994635582,0.0989999994635582,0.0989999994635582,0.0989999994635582,0,2020-05-26 00:00:00+10:00
0.0989999994635582,0.0989999994635582,0.0989999994635582,0.0989999994635582,0,2020-05-27 00:00:00+10:00
0.0989999994635582,0.0989999994635582,0.0989999994635582,0.0989999994635582,0,2020-05-28 00:00:00+10:00
0.0989999994635582,0.0989999994635582,0.0989999994635582,0.0989999994635582,0,2020-05-29 00:00:00+10:00
0.0989999994635582,0.0989999994635582,0.0989999994635582,0.0989999994635582,0,2020-06-01 00:00:00+10:00
0.0989999994635582,0.0989999994635582,0.0989999994635582,0.0989999994635582,0,2020-06-02 00:00:00+10:00
0.09000000357627869,0.0949999988079071,0.09000000357627869,0.0949999988079071,58352,2020-06-03 00:00:00+10:00
0.0949999988079071,0.10000000149011612,0.0949999988079071,0.10000000149011612,116000,2020-06-04 00:00:00+10:00
0.10000000149011612,0.10000000149011612,0.10000000149011612,0.10000000149011612,160875,2020-06-05 00:00:00+10:00
0.10000000149011612,0.10000000149011612,0.09700000286102295,0.10000000149011612,37803,2020-06-09 00:00:00+10:00
0.0989999994635582,0.0989999994635582,0.09000000357627869,0.09000000357627869,40900,2020-06-10 00:00:00+10:00
0.09000000357627869,0.09000000357627869,0.09000000357627869,0.09000000357627869,0,2020-06-11 00:00:00+10:00
0.09000000357627869,0.09000000357627869,0.09000000357627869,0.09000000357627869,29860,2020-06-12 00:00:00+10:00
0.09000000357627869,0.09000000357627869,0.09000000357627869,0.09000000357627869,25000,2020-06-15 00:00:00+10:00
0.10000000149011612,0.10000000149011612,0.10000000149011612,0.10000000149011612,10000,2020-06-16 00:00:00+10:00
0.10000000149011612,0.10000000149011612,0.10000000149011612,0.10000000149011612,30000,2020-06-17 00:00:00+10:00
0.10000000149011612,0.10000000149011612,0.10000000149011612,0.10000000149011612,0,2020-06-18 00:00:00+10:00
0.10000000149011612,0.10000000149011612,0.10000000149011612,0.10000000149011612,0,2020-06-19 00:00:00+10:00
0.10000000149011612,0.10000000149011612,0.10000000149011612,0.10000000149011612,25000,2020-06-22 00:00:00+10:00
0.10000000149011612,0.10000000149011612,0.10000000149011612,0.10000000149011612,531922,2020-06-23 00:00:00+10:00
0.10000000149011612,0.10000000149011612,0.10000000149011612,0.10000000149011612,0,2020-06-24 00:00:00+10:00
0.10000000149011612,0.10000000149011612,0.10000000149011612,0.10000000149011612,0,2020-06-25 00:00:00+10:00
0.10000000149011612,0.10000000149011612,0.10000000149011612,0.10000000149011612,0,2020-06-26 00:00:00+10:00
0.10000000149011612,0.10000000149011612,0.10000000149011612,0.10000000149011612,58400,2020-06-29 00:00:00+10:00
0.10000000149011612,0.10000000149011612,0.10000000149011612,0.10000000149011612,108674,2020-06-30 00:00:00+10:00
0.10000000149011612,0.10000000149011612,0.10000000149011612,0.10000000149011612,0,2020-07-01 00:00:00+10:00
0.09000000357627869,0.09000000357627869,0.08900000154972076,0.09000000357627869,58389,2020-07-02 00:00:00+10:00
0.09000000357627869,0.09000000357627869,0.09000000357627869,0.09000000357627869,0,2020-07-03 00:00:00+10:00
0.09000000357627869,0.09000000357627869,0.09000000357627869,0.09000000357627869,25000,2020-07-06 00:00:00+10:00
0.09000000357627869,0.09000000357627869,0.09000000357627869,0.09000000357627869,0,2020-07-07 00:00:00+10:00
0.09000000357627869,0.09000000357627869,0.09000000357627869,0.09000000357627869,1000,2020-07-08 00:00:00+10:00
0.09000000357627869,0.09000000357627869,0.09000000357627869,0.09000000357627869,0,2020-07-09 00:00:00+10:00
0.09000000357627869,0.09000000357627869,0.09000000357627869,0.09000000357627869,0,2020-07-10 00:00:00+10:00
0.0949999988079071,0.10000000149011612,0.09000000357627869,0.09000000357627869,34700,2020-07-13 00:00:00+10:00
0.09000000357627869,0.09000000357627869,0.09000000357627869,0.09000000357627869,0,2020-07-14 00:00:00+10:00
0.09000000357627869,0.09000000357627869,0.09000000357627869,0.09000000357627869,15172,2020-07-15 00:00:00+10:00
0.0989999994635582,0.10000000149011612,0.0989999994635582,0.10000000149011612,200217,2020-07-16 00:00:00+10:00
0.10999999940395355,0.11500000208616257,0.10999999940395355,0.11500000208616257,22300,2020-07-17 00:00:00+10:00
0.11999999731779099,0.11999999731779099,0.11999999731779099,0.11999999731779099,10000,2020-07-20 00:00:00+10:00
0.125,0.13500000536441803,0.125,0.12999999523162842,100000,2020-07-21 00:00:00+10:00
0.10999999940395355,0.125,0.10999999940395355,0.11999999731779099,194236,2020-07-22 00:00:00+10:00
0.11999999731779099,0.15000000596046448,0.11999999731779099,0.15000000596046448,177691,2020-07-23 00:00:00+10:00
0.15000000596046448,0.1599999964237213,0.15000000596046448,0.15000000596046448,142124,2020-07-24 00:00:00+10:00
0.16500000655651093,0.16500000655651093,0.14499999582767487,0.15000000596046448,104096,2020-07-27 00:00:00+10:00
0.15000000596046448,0.15000000596046448,0.15000000596046448,0.15000000596046448,24000,2020-07-28 00:00:00+10:00
0.15000000596046448,0.15000000596046448,0.14000000059604645,0.14000000059604645,121900,2020-07-29 00:00:00+10:00
0.14000000059604645,0.14000000059604645,0.14000000059604645,0.14000000059604645,192606,2020-07-30 00:00:00+10:00
0.14000000059604645,0.14000000059604645,0.14000000059604645,0.14000000059604645,0,2020-07-31 00:00:00+10:00
0.14499999582767487,0.14499999582767487,0.14499999582767487,0.14499999582767487,5099,2020-08-03 00:00:00+10:00
0.14000000059604645,0.14499999582767487,0.14000000059604645,0.14000000059604645,218587,2020-08-04 00:00:00+10:00
0.14000000059604645,0.14000000059604645,0.14000000059604645,0.14000000059604645,3571,2020-08-05 00:00:00+10:00
0.14000000059604645,0.14000000059604645,0.14000000059604645,0.14000000059604645,40000,2020-08-06 00:00:00+10:00
0.14000000059604645,0.14000000059604645,0.14000000059604645,0.14000000059604645,0,2020-08-07 00:00:00+10:00
0.14000000059604645,0.14000000059604645,0.14000000059604645,0.14000000059604645,0,2020-08-10 00:00:00+10:00
0.14000000059604645,0.14000000059604645,0.14000000059604645,0.14000000059604645,0,2020-08-11 00:00:00+10:00
0.11999999731779099,0.11999999731779099,0.11999999731779099,0.11999999731779099,20000,2020-08-12 00:00:00+10:00
0.11999999731779099,0.11999999731779099,0.11999999731779099,0.11999999731779099,0,2020-08-13 00:00:00+10:00
0.11999999731779099,0.11999999731779099,0.11999999731779099,0.11999999731779099,8298,2020-08-14 00:00:00+10:00
0.11999999731779099,0.12999999523162842,0.11999999731779099,0.11999999731779099,74729,2020-08-17 00:00:00+10:00
0.11999999731779099,0.12999999523162842,0.11999999731779099,0.11999999731779099,25454,2020-08-18 00:00:00+10:00
0.12999999523162842,0.12999999523162842,0.12999999523162842,0.12999999523162842,4000,2020-08-19 00:00:00+10:00
0.10999999940395355,0.12999999523162842,0.10999999940395355,0.12999999523162842,17445,2020-08-20 00:00:00+10:00
0.12999999523162842,0.12999999523162842,0.12999999523162842,0.12999999523162842,0,2020-08-21 00:00:00+10:00
0.12999999523162842,0.12999999523162842,0.12999999523162842,0.12999999523162842,0,2020-08-24 00:00:00+10:00
0.12999999523162842,0.12999999523162842,0.12999999523162842,0.12999999523162842,0,2020-08-25 00:00:00+10:00
0.11500000208616257,0.11500000208616257,0.11500000208616257,0.11500000208616257,5000,2020-08-26 00:00:00+10:00
0.11500000208616257,0.11500000208616257,0.11500000208616257,0.11500000208616257,15454,2020-08-27 00:00:00+10:00
0.11500000208616257,0.11500000208616257,0.10999999940395355,0.11500000208616257,29144,2020-08-28 00:00:00+10:00
0.11500000208616257,0.11500000208616257,0.11500000208616257,0.11500000208616257,0,2020-08-31 00:00:00+10:00
0.11500000208616257,0.11500000208616257,0.10999999940395355,0.10999999940395355,91833,2020-09-01 00:00:00+10:00
0.10499999672174454,0.10499999672174454,0.10499999672174454,0.10499999672174454,2000,2020-09-02 00:00:00+10:00
0.10999999940395355,0.10999999940395355,0.10999999940395355,0.10999999940395355,20000,2020-09-03 00:00:00+10:00
0.10499999672174454,0.10499999672174454,0.10499999672174454,0.10499999672174454,47500,2020-09-04 00:00:00+10:00
0.10999999940395355,0.10999999940395355,0.10499999672174454,0.10499999672174454,2464,2020-09-07 00:00:00+10:00
0.10499999672174454,0.10499999672174454,0.10499999672174454,0.10499999672174454,36552,2020-09-08 00:00:00+10:00
0.10999999940395355,0.12999999523162842,0.10999999940395355,0.12999999523162842,71089,2020-09-09 00:00:00+10:00
0.12999999523162842,0.1599999964237213,0.12999999523162842,0.1599999964237213,224321,2020-09-10 00:00:00+10:00
0.1599999964237213,0.1599999964237213,0.15000000596046448,0.15000000596046448,182125,2020-09-11 00:00:00+10:00
0.15000000596046448,0.15000000596046448,0.15000000596046448,0.15000000596046448,6191,2020-09-14 00:00:00+10:00
0.14000000059604645,0.15000000596046448,0.14000000059604645,0.14000000059604645,71399,2020-09-15 00:00:00+10:00
0.12999999523162842,0.12999999523162842,0.12999999523162842,0.12999999523162842,4000,2020-09-16 00:00:00+10:00
0.14000000059604645,0.14000000059604645,0.14000000059604645,0.14000000059604645,72000,2020-09-17 00:00:00+10:00
0.11999999731779099,0.11999999731779099,0.11999999731779099,0.11999999731779099,40300,2020-09-18 00:00:00+10:00
0.11999999731779099,0.11999999731779099,0.11500000208616257,0.11500000208616257,106364,2020-09-21 00:00:00+10:00
0.11500000208616257,0.11999999731779099,0.11500000208616257,0.11999999731779099,41000,2020-09-22 00:00:00+10:00
0.125,0.125,0.125,0.125,64444,2020-09-23 00:00:00+10:00
0.125,0.125,0.125,0.125,0,2020-09-24 00:00:00+10:00
0.125,0.125,0.125,0.125,0,2020-09-25 00:00:00+10:00
0.125,0.125,0.125,0.125,0,2020-09-28 00:00:00+10:00
0.125,0.125,0.125,0.125,5000,2020-09-29 00:00:00+10:00
0.125,0.125,0.125,0.125,4000,2020-09-30 00:00:00+10:00
0.14000000059604645,0.15000000596046448,0.14000000059604645,0.14000000059604645,202000,2020-10-01 00:00:00+10:00
0.14000000059604645,0.14000000059604645,0.14000000059604645,0.14000000059604645,0,2020-10-02 00:00:00+10:00
0.15000000596046448,0.15000000596046448,0.14000000059604645,0.15000000596046448,121200,2020-10-05 00:00:00+11:00
0.14499999582767487,0.14499999582767487,0.14499999582767487,0.14499999582767487,15000,2020-10-06 00:00:00+11:00
0.14499999582767487,0.14499999582767487,0.14000000059604645,0.14000000059604645,40175,2020-10-07 00:00:00+11:00
0.14000000059604645,0.14000000059604645,0.14000000059604645,0.14000000059604645,5000,2020-10-08 00:00:00+11:00
0.14000000059604645,0.14000000059604645,0.13500000536441803,0.13500000536441803,302119,2020-10-09 00:00:00+11:00
0.13500000536441803,0.14000000059604645,0.13500000536441803,0.13500000536441803,56409,2020-10-12 00:00:00+11:00
0.13500000536441803,0.14000000059604645,0.13500000536441803,0.14000000059604645,60150,2020-10-13 00:00:00+11:00
0.13500000536441803,0.13500000536441803,0.13500000536441803,0.13500000536441803,622,2020-10-14 00:00:00+11:00
0.14000000059604645,0.14000000059604645,0.13500000536441803,0.13500000536441803,88680,2020-10-15 00:00:00+11:00
0.14000000059604645,0.14000000059604645,0.11999999731779099,0.13500000536441803,108560,2020-10-16 00:00:00+11:00
0.13500000536441803,0.14000000059604645,0.13500000536441803,0.14000000059604645,28520,2020-10-19 00:00:00+11:00
0.14000000059604645,0.14000000059604645,0.12999999523162842,0.14000000059604645,654380,2020-10-20 00:00:00+11:00
0.14000000059604645,0.15000000596046448,0.14000000059604645,0.14000000059604645,258765,2020-10-21 00:00:00+11:00
0.15000000596046448,0.28999999165534973,0.15000000596046448,0.26499998569488525,1539800,2020-10-22 00:00:00+11:00
0.28999999165534973,0.35499998927116394,0.25,0.25,469167,2020-10-23 00:00:00+11:00
0.2750000059604645,0.2750000059604645,0.20000000298023224,0.20000000298023224,177958,2020-10-26 00:00:00+11:00
0.1899999976158142,0.1899999976158142,0.15000000596046448,0.15000000596046448,275207,2020-10-27 00:00:00+11:00
0.1599999964237213,0.1599999964237213,0.15000000596046448,0.15000000596046448,178195,2020-10-28 00:00:00+11:00
0.15000000596046448,0.15000000596046448,0.15000000596046448,0.15000000596046448,166646,2020-10-29 00:00:00+11:00
0.15000000596046448,0.15000000596046448,0.14499999582767487,0.14499999582767487,178468,2020-10-30 00:00:00+11:00
0.14000000059604645,0.14000000059604645,0.125,0.125,96999,2020-11-02 00:00:00+11:00
0.125,0.12999999523162842,0.125,0.125,124919,2020-11-03 00:00:00+11:00
0.125,0.125,0.125,0.125,109200,2020-11-04 00:00:00+11:00
0.12999999523162842,0.12999999523162842,0.12999999523162842,0.12999999523162842,10010,2020-11-05 00:00:00+11:00
0.12999999523162842,0.12999999523162842,0.12999999523162842,0.12999999523162842,62010,2020-11-06 00:00:00+11:00
0.12999999523162842,0.12999999523162842,0.125,0.125,93270,2020-11-09 00:00:00+11:00
0.125,0.125,0.125,0.125,0,2020-11-10 00:00:00+11:00
0.12999999523162842,0.12999999523162842,0.12999999523162842,0.12999999523162842,100000,2020-11-11 00:00:00+11:00
0.12999999523162842,0.12999999523162842,0.12999999523162842,0.12999999523162842,0,2020-11-12 00:00:00+11:00
0.12999999523162842,0.12999999523162842,0.12999999523162842,0.12999999523162842,0,2020-11-13 00:00:00+11:00
0.12999999523162842,0.12999999523162842,0.12999999523162842,0.12999999523162842,0,2020-11-16 00:00:00+11:00
0.14000000059604645,0.17000000178813934,0.14000000059604645,0.17000000178813934,168078,2020-11-17 00:00:00+11:00
0.20000000298023224,0.20000000298023224,0.17499999701976776,0.18000000715255737,550849,2020-11-18 00:00:00+11:00
0.19499999284744263,0.2199999988079071,0.19499999284744263,0.19499999284744263,98605,2020-11-19 00:00:00+11:00
0.20999999344348907,0.3100000023841858,0.17000000178813934,0.17000000178813934,823198,2020-11-20 00:00:00+11:00
0.1850000023841858,0.2199999988079071,0.18000000715255737,0.20000000298023224,116913,2020-11-23 00:00:00+11:00
0.20000000298023224,0.20000000298023224,0.1850000023841858,0.19499999284744263,71837,2020-11-24 00:00:00+11:00
0.20000000298023224,0.2199999988079071,0.19499999284744263,0.19499999284744263,56274,2020-11-25 00:00:00+11:00
0.20000000298023224,0.20000000298023224,0.1899999976158142,0.1899999976158142,17823,2020-11-26 00:00:00+11:00
0.20000000298023224,0.20999999344348907,0.1899999976158142,0.1899999976158142,51810,2020-11-27 00:00:00+11:00
0.18000000715255737,0.18000000715255737,0.17499999701976776,0.17499999701976776,26000,2020-11-30 00:00:00+11:00
0.17499999701976776,0.17499999701976776,0.17499999701976776,0.17499999701976776,0,2020-12-01 00:00:00+11:00
0.17499999701976776,0.1899999976158142,0.17499999701976776,0.1899999976158142,22991,2020-12-02 00:00:00+11:00
0.1899999976158142,0.1899999976158142,0.1899999976158142,0.1899999976158142,17878,2020-12-03 00:00:00+11:00
0.1899999976158142,0.1899999976158142,0.1899999976158142,0.1899999976158142,19526,2020-12-04 00:00:00+11:00
0.18000000715255737,0.18000000715255737,0.1550000011920929,0.1550000011920929,225497,2020-12-07 00:00:00+11:00
0.16500000655651093,0.16500000655651093,0.1599999964237213,0.16500000655651093,86699,2020-12-08 00:00:00+11:00
0.1850000023841858,0.1850000023841858,0.16500000655651093,0.17000000178813934,25275,2020-12-09 00:00:00+11:00
0.17000000178813934,0.17000000178813934,0.17000000178813934,0.17000000178813934,10000,2020-12-10 00:00:00+11:00
0.17499999701976776,0.1899999976158142,0.17499999701976776,0.18000000715255737,42619,2020-12-11 00:00:00+11:00
0.1899999976158142,0.20000000298023224,0.1850000023841858,0.1850000023841858,141081,2020-12-14 00:00:00+11:00
0.1899999976158142,0.1899999976158142,0.1850000023841858,0.1850000023841858,18018,2020-12-15 00:00:00+11:00
0.18000000715255737,0.18000000715255737,0.18000000715255737,0.18000000715255737,15555,2020-12-16 00:00:00+11:00
0.17000000178813934,0.18000000715255737,0.1599999964237213,0.18000000715255737,22080,2020-12-17 00:00:00+11:00
0.18000000715255737,0.18000000715255737,0.1599999964237213,0.1599999964237213,21408,2020-12-18 00:00:00+11:00
0.16500000655651093,0.16500000655651093,0.15000000596046448,0.15000000596046448,202938,2020-12-21 00:00:00+11:00
0.15000000596046448,0.17000000178813934,0.15000000596046448,0.1550000011920929,230969,2020-12-22 00:00:00+11:00
0.1550000011920929,0.1550000011920929,0.1550000011920929,0.1550000011920929,0,2020-12-23 00:00:00+11:00
0.1550000011920929,0.1550000011920929,0.1550000011920929,0.1550000011920929,0,2020-12-24 00:00:00+11:00
0.1550000011920929,0.1599999964237213,0.1550000011920929,0.1599999964237213,18403,2020-12-29 00:00:00+11:00
0.1550000011920929,0.1550000011920929,0.1550000011920929,0.1550000011920929,6680,2020-12-30 00:00:00+11:00
0.16500000655651093,0.16500000655651093,0.1599999964237213,0.16500000655651093,28846,2020-12-31 00:00:00+11:00
0.1599999964237213,0.1599999964237213,0.1599999964237213,0.1599999964237213,19578,2021-01-04 00:00:00+11:00
0.1599999964237213,0.1599999964237213,0.1550000011920929,0.1550000011920929,98964,2021-01-05 00:00:00+11:00
0.1599999964237213,0.1599999964237213,0.1599999964237213,0.1599999964237213,4000,2021-01-06 00:00:00+11:00
0.1599999964237213,0.1599999964237213,0.1550000011920929,0.1550000011920929,16000,2021-01-07 00:00:00+11:00
0.1550000011920929,0.1550000011920929,0.1550000011920929,0.1550000011920929,76433,2021-01-08 00:00:00+11:00
0.1550000011920929,0.1550000011920929,0.15000000596046448,0.15000000596046448,42920,2021-01-11 00:00:00+11:00
0.15000000596046448,0.15000000596046448,0.15000000596046448,0.15000000596046448,8539,2021-01-12 00:00:00+11:00
0.15000000596046448,0.15000000596046448,0.15000000596046448,0.15000000596046448,25240,2021-01-13 00:00:00+11:00
0.15000000596046448,0.15000000596046448,0.15000000596046448,0.15000000596046448,3900,2021-01-14 00:00:00+11:00
0.15000000596046448,0.15000000596046448,0.15000000596046448,0.15000000596046448,31000,2021-01-15 00:00:00+11:00
0.15000000596046448,0.15000000596046448,0.15000000596046448,0.15000000596046448,11500,2021-01-18 00:00:00+11:00
0.15000000596046448,0.1550000011920929,0.15000000596046448,0.1550000011920929,27915,2021-01-19 00:00:00+11:00
0.1550000011920929,0.1550000011920929,0.15000000596046448,0.15000000596046448,26260,2021-01-20 00:00:00+11:00
0.1550000011920929,0.1550000011920929,0.15000000596046448,0.15000000596046448,115848,2021-01-21 00:00:00+11:00
0.1550000011920929,0.17000000178813934,0.15000000596046448,0.16750000417232513,60148,2021-01-22 00:00:00+11:00
0.17000000178813934,0.17499999701976776,0.16500000655651093,0.17000000178813934,198177,2021-01-25 00:00:00+11:00
0.16500000655651093,0.18000000715255737,0.16500000655651093,0.17000000178813934,113415,2021-01-27 00:00:00+11:00
0.17000000178813934,0.17000000178813934,0.15000000596046448,0.17000000178813934,138222,2021-01-28 00:00:00+11:00
0.17000000178813934,0.17000000178813934,0.17000000178813934,0.17000000178813934,58047,2021-01-29 00:00:00+11:00
0.17000000178813934,0.17000000178813934,0.17000000178813934,0.17000000178813934,7999,2021-02-01 00:00:00+11:00
0.17000000178813934,0.17000000178813934,0.17000000178813934,0.17000000178813934,95000,2021-02-02 00:00:00+11:00
0.1550000011920929,0.16500000655651093,0.1550000011920929,0.1550000011920929,68022,2021-02-03 00:00:00+11:00
0.1550000011920929,0.18000000715255737,0.1550000011920929,0.1599999964237213,20171,2021-02-04 00:00:00+11:00
0.1599999964237213,0.1599999964237213,0.1599999964237213,0.1599999964237213,195408,2021-02-05 00:00:00+11:00
0.1599999964237213,0.17499999701976776,0.1599999964237213,0.17000000178813934,33468,2021-02-08 00:00:00+11:00
0.16500000655651093,0.17000000178813934,0.16500000655651093,0.17000000178813934,183489,2021-02-09 00:00:00+11:00
0.17000000178813934,0.17000000178813934,0.17000000178813934,0.17000000178813934,96343,2021-02-10 00:00:00+11:00
0.17000000178813934,0.17000000178813934,0.1550000011920929,0.16500000655651093,57751,2021-02-11 00:00:00+11:00
0.16500000655651093,0.18000000715255737,0.16500000655651093,0.18000000715255737,36697,2021-02-12 00:00:00+11:00
0.18000000715255737,0.1899999976158142,0.17499999701976776,0.1899999976158142,375008,2021-02-15 00:00:00+11:00
0.1899999976158142,0.1899999976158142,0.18000000715255737,0.1899999976158142,250312,2021-02-16 00:00:00+11:00
0.1899999976158142,0.20000000298023224,0.1850000023841858,0.1899999976158142,152381,2021-02-17 00:00:00+11:00
0.1899999976158142,0.1899999976158142,0.1850000023841858,0.1850000023841858,71600,2021-02-18 00:00:00+11:00
0.1899999976158142,0.1899999976158142,0.1850000023841858,0.1850000023841858,168272,2021-02-19 00:00:00+11:00
0.1850000023841858,0.1899999976158142,0.1850000023841858,0.1850000023841858,181346,2021-02-22 00:00:00+11:00
0.18000000715255737,0.1899999976158142,0.16500000655651093,0.1850000023841858,232580,2021-02-23 00:00:00+11:00
0.1850000023841858,0.1899999976158142,0.1850000023841858,0.1899999976158142,114922,2021-02-24 00:00:00+11:00
0.1899999976158142,0.1899999976158142,0.17499999701976776,0.17499999701976776,379502,2021-02-25 00:00:00+11:00
0.17499999701976776,0.18000000715255737,0.17499999701976776,0.17499999701976776,59555,2021-02-26 00:00:00+11:00
0.17499999701976776,0.17499999701976776,0.17499999701976776,0.17499999701976776,33682,2021-03-01 00:00:00+11:00
0.1850000023841858,0.1899999976158142,0.1850000023841858,0.1899999976158142,15000,2021-03-02 00:00:00+11:00
0.1899999976158142,0.1899999976158142,0.1899999976158142,0.1899999976158142,314278,2021-03-03 00:00:00+11:00
0.1899999976158142,0.1899999976158142,0.1899999976158142,0.1899999976158142,0,2021-03-04 00:00:00+11:00
0.1850000023841858,0.1850000023841858,0.18000000715255737,0.18000000715255737,21308,2021-03-05 00:00:00+11:00
0.17499999701976776,0.18000000715255737,0.17499999701976776,0.18000000715255737,24500,2021-03-08 00:00:00+11:00
0.17499999701976776,0.17499999701976776,0.17499999701976776,0.17499999701976776,20008,2021-03-09 00:00:00+11:00
0.17499999701976776,0.17499999701976776,0.17499999701976776,0.17499999701976776,0,2021-03-10 00:00:00+11:00
0.17499999701976776,0.17499999701976776,0.17499999701976776,0.17499999701976776,0,2021-03-11 00:00:00+11:00
0.17499999701976776,0.17499999701976776,0.17499999701976776,0.17499999701976776,0,2021-03-12 00:00:00+11:00
0.18000000715255737,0.1850000023841858,0.18000000715255737,0.1850000023841858,81089,2021-03-15 00:00:00+11:00
0.1850000023841858,0.1899999976158142,0.1850000023841858,0.1899999976158142,171646,2021-03-16 00:00:00+11:00
0.1899999976158142,0.1899999976158142,0.18000000715255737,0.18000000715255737,965481,2021-03-17 00:00:00+11:00
0.1899999976158142,0.1899999976158142,0.1899999976158142,0.1899999976158142,25000,2021-03-18 00:00:00+11:00
0.19499999284744263,0.2150000035762787,0.19499999284744263,0.2150000035762787,92365,2021-03-19 00:00:00+11:00
0.2199999988079071,0.2199999988079071,0.20000000298023224,0.20000000298023224,164101,2021-03-22 00:00:00+11:00
0.20000000298023224,0.20000000298023224,0.19499999284744263,0.20000000298023224,372149,2021-03-23 00:00:00+11:00
0.20000000298023224,0.20000000298023224,0.20000000298023224,0.20000000298023224,15001,2021-03-24 00:00:00+11:00
0.20499999821186066,0.20499999821186066,0.20499999821186066,0.20499999821186066,91292,2021-03-25 00:00:00+11:00
0.20499999821186066,0.20999999344348907,0.20499999821186066,0.20999999344348907,90560,2021-03-26 00:00:00+11:00
0.20999999344348907,0.2150000035762787,0.20999999344348907,0.20999999344348907,75095,2021-03-29 00:00:00+11:00
0.2150000035762787,0.2150000035762787,0.2150000035762787,0.2150000035762787,67647,2021-03-30 00:00:00+11:00
0.2199999988079071,0.2199999988079071,0.2150000035762787,0.2150000035762787,25560,2021-03-31 00:00:00+11:00
0.2150000035762787,0.23999999463558197,0.2150000035762787,0.22499999403953552,29000,2021-04-01 00:00:00+11:00
0.22499999403953552,0.22499999403953552,0.2150000035762787,0.2150000035762787,17383,2021-04-06 00:00:00+10:00
0.2150000035762787,0.2150000035762787,0.2150000035762787,0.2150000035762787,3200,2021-04-07 00:00:00+10:00
0.2150000035762787,0.2150000035762787,0.2150000035762787,0.2150000035762787,0,2021-04-08 00:00:00+10:00
0.2150000035762787,0.2150000035762787,0.2150000035762787,0.2150000035762787,7000,2021-04-09 00:00:00+10:00
0.2150000035762787,0.2150000035762787,0.20499999821186066,0.20499999821186066,55000,2021-04-12 00:00:00+10:00
0.20499999821186066,0.20499999821186066,0.19499999284744263,0.19499999284744263,10010,2021-04-13 00:00:00+10:00
0.1899999976158142,0.1899999976158142,0.1899999976158142,0.1899999976158142,25366,2021-04-14 00:00:00+10:00
0.19499999284744263,0.19499999284744263,0.19499999284744263,0.19499999284744263,2630,2021-04-15 00:00:00+10:00
0.1899999976158142,0.1899999976158142,0.1899999976158142,0.1899999976158142,49634,2021-04-16 00:00:00+10:00
0.18000000715255737,0.1850000023841858,0.18000000715255737,0.1850000023841858,39973,2021-04-19 00:00:00+10:00
0.18000000715255737,0.18000000715255737,0.18000000715255737,0.18000000715255737,35625,2021-04-20 00:00:00+10:00
0.18000000715255737,0.18000000715255737,0.18000000715255737,0.18000000715255737,0,2021-04-21 00:00:00+10:00
0.18000000715255737,0.18000000715255737,0.18000000715255737,0.18000000715255737,0,2021-04-22 00:00:00+10:00
0.1899999976158142,0.1899999976158142,0.1850000023841858,0.1850000023841858,20000,2021-04-23 00:00:00+10:00
0.20000000298023224,0.20000000298023224,0.20000000298023224,0.20000000298023224,4999,2021-04-26 00:00:00+10:00
0.20999999344348907,0.20999999344348907,0.20000000298023224,0.20000000298023224,43000,2021-04-27 00:00:00+10:00
0.20000000298023224,0.20000000298023224,0.17000000178813934,0.18000000715255737,169178,2021-04-28 00:00:00+10:00
0.18000000715255737,0.18000000715255737,0.18000000715255737,0.18000000715255737,17600,2021-04-29 00:00:00+10:00
0.1850000023841858,0.1850000023841858,0.1850000023841858,0.1850000023841858,1,2021-04-30 00:00:00+10:00
0.1850000023841858,0.1850000023841858,0.1850000023841858,0.1850000023841858,0,2021-05-03 00:00:00+10:00
0.1899999976158142,0.1899999976158142,0.1899999976158142,0.1899999976158142,15999,2021-05-04 00:00:00+10:00
0.1850000023841858,0.1850000023841858,0.1850000023841858,0.1850000023841858,10000,2021-05-05 00:00:00+10:00
0.18000000715255737,0.18000000715255737,0.17000000178813934,0.18000000715255737,51573,2021-05-06 00:00:00+10:00
0.1899999976158142,0.1899999976158142,0.1850000023841858,0.1899999976158142,37531,2021-05-07 00:00:00+10:00
0.1899999976158142,0.1899999976158142,0.17000000178813934,0.17499999701976776,7900,2021-05-10 00:00:00+10:00
0.17499999701976776,0.17499999701976776,0.17000000178813934,0.17000000178813934,3695,2021-05-11 00:00:00+10:00
0.17000000178813934,0.17000000178813934,0.17000000178813934,0.17000000178813934,0,2021-05-12 00:00:00+10:00
0.18000000715255737,0.18000000715255737,0.18000000715255737,0.18000000715255737,2097,2021-05-13 00:00:00+10:00
0.17000000178813934,0.17000000178813934,0.15000000596046448,0.16500000655651093,140140,2021-05-14 00:00:00+10:00
0.16500000655651093,0.16500000655651093,0.15000000596046448,0.15000000596046448,30000,2021-05-17 00:00:00+10:00
0.15000000596046448,0.15000000596046448,0.15000000596046448,0.15000000596046448,0,2021-05-18 00:00:00+10:00
0.16500000655651093,0.16500000655651093,0.1599999964237213,0.1599999964237213,15500,2021-05-19 00:00:00+10:00
0.16500000655651093,0.16500000655651093,0.16500000655651093,0.16500000655651093,9200,2021-05-20 00:00:00+10:00
0.16500000655651093,0.16500000655651093,0.16500000655651093,0.16500000655651093,0,2021-05-21 00:00:00+10:00
0.16500000655651093,0.16500000655651093,0.16500000655651093,0.16500000655651093,0,2021-05-24 00:00:00+10:00
0.16500000655651093,0.17000000178813934,0.15000000596046448,0.1550000011920929,124053,2021-05-25 00:00:00+10:00
0.1599999964237213,0.1599999964237213,0.1599999964237213,0.1599999964237213,1000,2021-05-26 00:00:00+10:00
0.1599999964237213,0.1599999964237213,0.1550000011920929,0.1550000011920929,36915,2021-05-27 00:00:00+10:00
0.1599999964237213,0.18000000715255737,0.1599999964237213,0.18000000715255737,145673,2021-05-28 00:00:00+10:00
0.1899999976158142,0.2150000035762787,0.17000000178813934,0.17000000178813934,357988,2021-05-31 00:00:00+10:00
0.17000000178813934,0.17000000178813934,0.17000000178813934,0.17000000178813934,3300,2021-06-01 00:00:00+10:00
0.17000000178813934,0.17000000178813934,0.17000000178813934,0.17000000178813934,0,2021-06-02 00:00:00+10:00
0.17499999701976776,0.17499999701976776,0.17000000178813934,0.17499999701976776,39906,2021-06-03 00:00:00+10:00
0.17499999701976776,0.1850000023841858,0.17000000178813934,0.17000000178813934,17549,2021-06-04 00:00:00+10:00
0.17000000178813934,0.17499999701976776,0.1599999964237213,0.17000000178813934,86374,2021-06-07 00:00:00+10:00
0.17000000178813934,0.17499999701976776,0.17000000178813934,0.17499999701976776,18080,2021-06-08 00:00:00+10:00
0.17499999701976776,0.20000000298023224,0.17499999701976776,0.19499999284744263,448860,2021-06-09 00:00:00+10:00
0.1899999976158142,0.2150000035762787,0.1899999976158142,0.19499999284744263,322079,2021-06-10 00:00:00+10:00
0.20999999344348907,0.20999999344348907,0.20000000298023224,0.20000000298023224,256337,2021-06-11 00:00:00+10:00
0.2150000035762787,0.23000000417232513,0.2150000035762787,0.23000000417232513,358118,2021-06-15 00:00:00+10:00
0.23999999463558197,0.30000001192092896,0.23999999463558197,0.30000001192092896,922302,2021-06-16 00:00:00+10:00
0.30000001192092896,0.30000001192092896,0.23999999463558197,0.25,607600,2021-06-17 00:00:00+10:00
0.25,0.2800000011920929,0.25,0.2750000059604645,34778,2021-06-18 00:00:00+10:00
0.28999999165534973,0.29499998688697815,0.2750000059604645,0.2750000059604645,152645,2021-06-21 00:00:00+10:00
0.2750000059604645,0.2750000059604645,0.2750000059604645,0.2750000059604645,140225,2021-06-22 00:00:00+10:00
0.2800000011920929,0.29499998688697815,0.2800000011920929,0.28999999165534973,86067,2021-06-23 00:00:00+10:00
0.28999999165534973,0.30000001192092896,0.28999999165534973,0.28999999165534973,149957,2021-06-24 00:00:00+10:00
0.28999999165534973,0.28999999165534973,0.27000001072883606,0.2750000059604645,149806,2021-06-25 00:00:00+10:00
0.2849999964237213,0.30000001192092896,0.2849999964237213,0.29499998688697815,95423,2021-06-28 00:00:00+10:00
0.29499998688697815,0.3199999928474426,0.29499998688697815,0.3199999928474426,487974,2021-06-29 00:00:00+10:00
0.3199999928474426,0.3199999928474426,0.29499998688697815,0.30000001192092896,140170,2021-06-30 00:00:00+10:00
0.30000001192092896,0.30000001192092896,0.30000001192092896,0.30000001192092896,2567,2021-07-01 00:00:00+10:00
0.30000001192092896,0.30000001192092896,0.30000001192092896,0.30000001192092896,36769,2021-07-02 00:00:00+10:00
0.30000001192092896,0.3199999928474426,0.30000001192092896,0.3199999928474426,100147,2021-07-05 00:00:00+10:00
0.3199999928474426,0.3199999928474426,0.28999999165534973,0.30000001192092896,173871,2021-07-06 00:00:00+10:00
0.3100000023841858,0.3100000023841858,0.30000001192092896,0.30000001192092896,78748,2021-07-07 00:00:00+10:00
0.29499998688697815,0.30000001192092896,0.29499998688697815,0.30000001192092896,196610,2021-07-08 00:00:00+10:00
0.28999999165534973,0.30000001192092896,0.28999999165534973,0.30000001192092896,41498,2021-07-09 00:00:00+10:00
0.30000001192092896,0.3100000023841858,0.30000001192092896,0.30000001192092896,31667,2021-07-12 00:00:00+10:00
0.29499998688697815,0.30000001192092896,0.28999999165534973,0.29499998688697815,14300,2021-07-13 00:00:00+10:00
0.29499998688697815,0.29499998688697815,0.2800000011920929,0.2800000011920929,131621,2021-07-14 00:00:00+10:00
0.28999999165534973,0.28999999165534973,0.2750000059604645,0.2750000059604645,78965,2021-07-15 00:00:00+10:00
0.2750000059604645,0.2750000059604645,0.24500000476837158,0.27000001072883606,182165,2021-07-16 00:00:00+10:00
0.27000001072883606,0.27000001072883606,0.24500000476837158,0.24500000476837158,160817,2021-07-19 00:00:00+10:00
0.24500000476837158,0.24500000476837158,0.22499999403953552,0.23499999940395355,51046,2021-07-20 00:00:00+10:00
0.23499999940395355,0.2549999952316284,0.23499999940395355,0.23999999463558197,97807,2021-07-21 00:00:00+10:00
0.25999999046325684,0.25999999046325684,0.25,0.25999999046325684,25226,2021-07-22 00:00:00+10:00
0.25999999046325684,0.25999999046325684,0.2549999952316284,0.2549999952316284,35622,2021-07-23 00:00:00+10:00
0.2549999952316284,0.2549999952316284,0.2549999952316284,0.2549999952316284,3000,2021-07-26 00:00:00+10:00
0.2549999952316284,0.2549999952316284,0.25,0.25,16000,2021-07-27 00:00:00+10:00
0.25,0.25999999046325684,0.25,0.25,87000,2021-07-28 00:00:00+10:00
0.25,0.25,0.23000000417232513,0.25,494000,2021-07-29 00:00:00+10:00
0.23000000417232513,0.25,0.23000000417232513,0.25,8590,2021-07-30 00:00:00+10:00
0.2549999952316284,0.25999999046325684,0.2549999952316284,0.25999999046325684,1732,2021-08-02 00:00:00+10:00
0.27000001072883606,0.27000001072883606,0.23000000417232513,0.24500000476837158,59345,2021-08-03 00:00:00+10:00
0.25,0.25,0.25,0.25,30000,2021-08-04 00:00:00+10:00
0.2750000059604645,0.2750000059604645,0.25,0.25,18500,2021-08-05 00:00:00+10:00
0.25,0.25,0.25,0.25,42773,2021-08-06 00:00:00+10:00
0.25,0.25,0.25,0.25,74743,2021-08-09 00:00:00+10:00
0.23999999463558197,0.25,0.23999999463558197,0.23999999463558197,33168,2021-08-10 00:00:00+10:00
0.23999999463558197,0.24500000476837158,0.23999999463558197,0.23999999463558197,58802,2021-08-11 00:00:00+10:00
0.23499999940395355,0.24500000476837158,0.23499999940395355,0.23499999940395355,110892,2021-08-12 00:00:00+10:00
0.23999999463558197,0.23999999463558197,0.23999999463558197,0.23999999463558197,24479,2021-08-13 00:00:00+10:00
0.23000000417232513,0.23000000417232513,0.2199999988079071,0.22499999403953552,99183,2021-08-16 00:00:00+10:00
0.22499999403953552,0.22499999403953552,0.2199999988079071,0.22499999403953552,24933,2021-08-17 00:00:00+10:00
0.23000000417232513,0.25,0.23000000417232513,0.23999999463558197,34891,2021-08-18 00:00:00+10:00
0.24500000476837158,0.25,0.23999999463558197,0.23999999463558197,13459,2021-08-19 00:00:00+10:00
0.23999999463558197,0.23999999463558197,0.23999999463558197,0.23999999463558197,0,2021-08-20 00:00:00+10:00
0.23999999463558197,0.23999999463558197,0.23999999463558197,0.23999999463558197,876,2021-08-23 00:00:00+10:00
0.23999999463558197,0.23999999463558197,0.23999999463558197,0.23999999463558197,2517,2021-08-24 00:00:00+10:00
0.23000000417232513,0.23000000417232513,0.23000000417232513,0.23000000417232513,10700,2021-08-25 00:00:00+10:00
0.23000000417232513,0.23000000417232513,0.23000000417232513,0.23000000417232513,109383,2021-08-26 00:00:00+10:00
0.23000000417232513,0.24500000476837158,0.23000000417232513,0.23000000417232513,58010,2021-08-27 00:00:00+10:00
0.22499999403953552,0.22499999403953552,0.22499999403953552,0.22499999403953552,31092,2021-08-30 00:00:00+10:00
0.2199999988079071,0.23999999463558197,0.2199999988079071,0.23999999463558197,12111,2021-08-31 00:00:00+10:00
0.23999999463558197,0.23999999463558197,0.2199999988079071,0.23999999463558197,23000,2021-09-01 00:00:00+10:00
0.23999999463558197,0.23999999463558197,0.23999999463558197,0.23999999463558197,25035,2021-09-02 00:00:00+10:00
0.23999999463558197,0.23999999463558197,0.23999999463558197,0.23999999463558197,0,2021-09-03 00:00:00+10:00
0.23499999940395355,0.23499999940395355,0.23499999940395355,0.23499999940395355,7000,2021-09-06 00:00:00+10:00
0.22499999403953552,0.23000000417232513,0.2199999988079071,0.22499999403953552,108001,2021-09-07 00:00:00+10:00
0.2199999988079071,0.2199999988079071,0.2199999988079071,0.2199999988079071,2000,2021-09-08 00:00:00+10:00
0.22499999403953552,0.22499999403953552,0.22499999403953552,0.22499999403953552,500,2021-09-09 00:00:00+10:00
0.22499999403953552,0.23499999940395355,0.22499999403953552,0.23499999940395355,5710,2021-09-10 00:00:00+10:00
0.2199999988079071,0.23000000417232513,0.2150000035762787,0.23000000417232513,76812,2021-09-13 00:00:00+10:00
0.23000000417232513,0.23000000417232513,0.2199999988079071,0.23000000417232513,36672,2021-09-14 00:00:00+10:00
0.23999999463558197,0.24500000476837158,0.23999999463558197,0.24500000476837158,4250,2021-09-15 00:00:00+10:00
0.23999999463558197,0.23999999463558197,0.23000000417232513,0.23000000417232513,20042,2021-09-16 00:00:00+10:00
0.23000000417232513,0.23499999940395355,0.23000000417232513,0.23499999940395355,12000,2021-09-17 00:00:00+10:00
0.23499999940395355,0.23499999940395355,0.23499999940395355,0.23499999940395355,1000,2021-09-20 00:00:00+10:00
0.23999999463558197,0.23999999463558197,0.23999999463558197,0.23999999463558197,900,2021-09-21 00:00:00+10:00
0.23999999463558197,0.23999999463558197,0.23999999463558197,0.23999999463558197,32000,2021-09-22 00:00:00+10:00
0.23999999463558197,0.25,0.23999999463558197,0.25,125591,2021-09-23 00:00:00+10:00
0.25,0.25999999046325684,0.25,0.25999999046325684,141829,2021-09-24 00:00:00+10:00
0.26499998569488525,0.27000001072883606,0.26499998569488525,0.26499998569488525,79449,2021-09-27 00:00:00+10:00
0.26499998569488525,0.27000001072883606,0.26499998569488525,0.26499998569488525,26892,2021-09-28 00:00:00+10:00
0.26499998569488525,0.26499998569488525,0.25999999046325684,0.26499998569488525,86298,2021-09-29 00:00:00+10:00
0.25999999046325684,0.2750000059604645,0.25999999046325684,0.27000001072883606,55999,2021-09-30 00:00:00+10:00
0.2800000011920929,0.2800000011920929,0.2800000011920929,0.2800000011920929,23500,2021-10-01 00:00:00+10:00
0.2849999964237213,0.2849999964237213,0.2849999964237213,0.2849999964237213,75632,2021-10-04 00:00:00+11:00
0.2849999964237213,0.2849999964237213,0.2800000011920929,0.2800000011920929,85050,2021-10-05 00:00:00+11:00
0.2800000011920929,0.2849999964237213,0.2800000011920929,0.2800000011920929,10700,2021-10-06 00:00:00+11:00
0.2849999964237213,0.2849999964237213,0.27000001072883606,0.27000001072883606,63059,2021-10-07 00:00:00+11:00
0.27000001072883606,0.27000001072883606,0.27000001072883606,0.27000001072883606,3,2021-10-08 00:00:00+11:00
0.2750000059604645,0.2750000059604645,0.2750000059604645,0.2750000059604645,1000,2021-10-11 00:00:00+11:00
0.2750000059604645,0.2800000011920929,0.2750000059604645,0.2800000011920929,4978,2021-10-12 00:00:00+11:00
0.2800000011920929,0.2800000011920929,0.2750000059604645,0.2750000059604645,2894,2021-10-13 00:00:00+11:00
0.2750000059604645,0.2800000011920929,0.2750000059604645,0.2800000011920929,79019,2021-10-14 00:00:00+11:00
0.2800000011920929,0.2800000011920929,0.2800000011920929,0.2800000011920929,28500,2021-10-15 00:00:00+11:00
0.2800000011920929,0.29499998688697815,0.2750000059604645,0.2750000059604645,141667,2021-10-18 00:00:00+11:00
0.2750000059604645,0.2849999964237213,0.2750000059604645,0.2849999964237213,8150,2021-10-19 00:00:00+11:00
0.2849999964237213,0.30000001192092896,0.2800000011920929,0.29499998688697815,94639,2021-10-20 00:00:00+11:00
0.29499998688697815,0.30000001192092896,0.28999999165534973,0.28999999165534973,139014,2021-10-21 00:00:00+11:00
0.3100000023841858,0.3100000023841858,0.30000001192092896,0.30000001192092896,9500,2021-10-22 00:00:00+11:00
0.29499998688697815,0.29499998688697815,0.29499998688697815,0.29499998688697815,7796,2021-10-25 00:00:00+11:00
0.29499998688697815,0.29499998688697815,0.2849999964237213,0.2849999964237213,13913,2021-10-26 00:00:00+11:00
0.29499998688697815,0.29499998688697815,0.29499998688697815,0.29499998688697815,21681,2021-10-27 00:00:00+11:00
0.29499998688697815,0.29499998688697815,0.28999999165534973,0.28999999165534973,22780,2021-10-28 00:00:00+11:00
0.28999999165534973,0.28999999165534973,0.28999999165534973,0.28999999165534973,0,2021-10-29 00:00:00+11:00
0.30000001192092896,0.30000001192092896,0.30000001192092896,0.30000001192092896,6314,2021-11-01 00:00:00+11:00
0.30000001192092896,0.30000001192092896,0.28999999165534973,0.28999999165534973,45744,2021-11-02 00:00:00+11:00
0.28999999165534973,0.28999999165534973,0.2800000011920929,0.2800000011920929,25361,2021-11-03 00:00:00+11:00
0.2800000011920929,0.2800000011920929,0.2800000011920929,0.2800000011920929,22385,2021-11-04 00:00:00+11:00
0.2800000011920929,0.2800000011920929,0.2800000011920929,0.2800000011920929,16848,2021-11-05 00:00:00+11:00
0.2800000011920929,0.2800000011920929,0.2549999952316284,0.2549999952316284,107899,2021-11-08 00:00:00+11:00
0.25999999046325684,0.25999999046325684,0.2549999952316284,0.25999999046325684,35171,2021-11-09 00:00:00+11:00
0.25999999046325684,0.26499998569488525,0.2549999952316284,0.26499998569488525,70232,2021-11-10 00:00:00+11:00
0.26499998569488525,0.26499998569488525,0.26499998569488525,0.26499998569488525,0,2021-11-11 00:00:00+11:00
0.26499998569488525,0.26499998569488525,0.25,0.2549999952316284,43105,2021-11-12 00:00:00+11:00
0.2549999952316284,0.26499998569488525,0.2549999952316284,0.26499998569488525,55698,2021-11-15 00:00:00+11:00
0.26499998569488525,0.2800000011920929,0.24500000476837158,0.26499998569488525,73600,2021-11-16 00:00:00+11:00
0.26499998569488525,0.26499998569488525,0.26499998569488525,0.26499998569488525,0,2021-11-17 00:00:00+11:00
0.27000001072883606,0.27000001072883606,0.27000001072883606,0.27000001072883606,7876,2021-11-18 00:00:00+11:00
0.27000001072883606,0.27000001072883606,0.26499998569488525,0.26499998569488525,42910,2021-11-19 00:00:00+11:00
0.26499998569488525,0.2750000059604645,0.26499998569488525,0.2750000059604645,120000,2021-11-22 00:00:00+11:00
0.27000001072883606,0.2750000059604645,0.27000001072883606,0.2750000059604645,106000,2021-11-23 00:00:00+11:00
0.2750000059604645,0.2800000011920929,0.2750000059604645,0.2800000011920929,322840,2021-11-24 00:00:00+11:00
0.2800000011920929,0.2849999964237213,0.2750000059604645,0.2849999964237213,107837,2021-11-25 00:00:00+11:00
0.2849999964237213,0.2849999964237213,0.2800000011920929,0.2800000011920929,4296,2021-11-26 00:00:00+11:00
0.2800000011920929,0.2800000011920929,0.2800000011920929,0.2800000011920929,4295,2021-11-29 00:00:00+11:00
0.2800000011920929,0.2800000011920929,0.24500000476837158,0.25,117819,2021-11-30 00:00:00+11:00
0.25,0.25,0.23000000417232513,0.23999999463558197,35790,2021-12-01 00:00:00+11:00
0.23999999463558197,0.23999999463558197,0.23999999463558197,0.23999999463558197,53473,2021-12-02 00:00:00+11:00
0.25,0.2549999952316284,0.23999999463558197,0.23999999463558197,94937,2021-12-03 00:00:00+11:00
0.23999999463558197,0.23999999463558197,0.23000000417232513,0.23000000417232513,179556,2021-12-06 00:00:00+11:00
0.23000000417232513,0.23000000417232513,0.22499999403953552,0.22499999403953552,30000,2021-12-07 00:00:00+11:00
0.22499999403953552,0.22499999403953552,0.22499999403953552,0.22499999403953552,0,2021-12-08 00:00:00+11:00
0.22499999403953552,0.23999999463558197,0.22499999403953552,0.22499999403953552,22561,2021-12-09 00:00:00+11:00
0.22499999403953552,0.22499999403953552,0.22499999403953552,0.22499999403953552,0,2021-12-10 00:00:00+11:00
0.23000000417232513,0.23499999940395355,0.23000000417232513,0.23000000417232513,17500,2021-12-13 00:00:00+11:00
0.23000000417232513,0.23000000417232513,0.23000000417232513,0.23000000417232513,0,2021-12-14 00:00:00+11:00
0.23000000417232513,0.23000000417232513,0.23000000417232513,0.23000000417232513,0,2021-12-15 00:00:00+11:00
0.23499999940395355,0.23499999940395355,0.23000000417232513,0.23000000417232513,22000,2021-12-16 00:00:00+11:00
0.23000000417232513,0.23000000417232513,0.23000000417232513,0.23000000417232513,0,2021-12-17 00:00:00+11:00
0.23000000417232513,0.23000000417232513,0.23000000417232513,0.23000000417232513,0,2021-12-20 00:00:00+11:00
0.22499999403953552,0.23000000417232513,0.22499999403953552,0.22499999403953552,21173,2021-12-21 00:00:00+11:00
0.22499999403953552,0.22499999403953552,0.22499999403953552,0.22499999403953552,0,2021-12-22 00:00:00+11:00
0.22499999403953552,0.22499999403953552,0.22499999403953552,0.22499999403953552,9200,2021-12-23 00:00:00+11:00
0.22499999403953552,0.22499999403953552,0.22499999403953552,0.22499999403953552,0,2021-12-24 00:00:00+11:00
0.22499999403953552,0.22499999403953552,0.2199999988079071,0.2199999988079071,8527,2021-12-29 00:00:00+11:00
0.2199999988079071,0.2199999988079071,0.2199999988079071,0.2199999988079071,800,2021-12-30 00:00:00+11:00
0.2199999988079071,0.2199999988079071,0.2199999988079071,0.2199999988079071,10097,2021-12-31 00:00:00+11:00
0.2199999988079071,0.22499999403953552,0.2199999988079071,0.22499999403953552,9335,2022-01-04 00:00:00+11:00
0.2199999988079071,0.2199999988079071,0.2199999988079071,0.2199999988079071,6000,2022-01-05 00:00:00+11:00
0.2199999988079071,0.2199999988079071,0.20999999344348907,0.20999999344348907,28581,2022-01-06 00:00:00+11:00
0.20999999344348907,0.20999999344348907,0.20999999344348907,0.20999999344348907,7400,2022-01-07 00:00:00+11:00
0.20999999344348907,0.20999999344348907,0.20999999344348907,0.20999999344348907,0,2022-01-10 00:00:00+11:00
0.20499999821186066,0.20499999821186066,0.20499999821186066,0.20499999821186066,1000,2022-01-11 00:00:00+11:00
0.20499999821186066,0.20499999821186066,0.20499999821186066,0.20499999821186066,0,2022-01-12 00:00:00+11:00
0.20499999821186066,0.20499999821186066,0.20499999821186066,0.20499999821186066,12000,2022-01-13 00:00:00+11:00
0.20499999821186066,0.20499999821186066,0.20000000298023224,0.20499999821186066,9440,2022-01-14 00:00:00+11:00
0.2199999988079071,0.2199999988079071,0.2199999988079071,0.2199999988079071,1136,2022-01-17 00:00:00+11:00
0.2199999988079071,0.2199999988079071,0.2199999988079071,0.2199999988079071,0,2022-01-18 00:00:00+11:00
0.20999999344348907,0.20999999344348907,0.20000000298023224,0.20000000298023224,19501,2022-01-19 00:00:00+11:00
0.20000000298023224,0.20000000298023224,0.17000000178813934,0.18000000715255737,63872,2022-01-20 00:00:00+11:00
0.18000000715255737,0.18000000715255737,0.18000000715255737,0.18000000715255737,16000,2022-01-21 00:00:00+11:00
0.17499999701976776,0.18000000715255737,0.17499999701976776,0.18000000715255737,40011,2022-01-24 00:00:00+11:00
0.18000000715255737,0.18000000715255737,0.17499999701976776,0.17499999701976776,7900,2022-01-25 00:00:00+11:00
0.17499999701976776,0.17499999701976776,0.17000000178813934,0.17000000178813934,16450,2022-01-27 00:00:00+11:00
0.17000000178813934,0.17000000178813934,0.17000000178813934,0.17000000178813934,10000,2022-01-28 00:00:00+11:00
0.17499999701976776,0.18000000715255737,0.16500000655651093,0.17499999701976776,64956,2022-01-31 00:00:00+11:00
0.17499999701976776,0.17499999701976776,0.17499999701976776,0.17499999701976776,15500,2022-02-01 00:00:00+11:00
0.18000000715255737,0.18000000715255737,0.16500000655651093,0.16500000655651093,2102,2022-02-02 00:00:00+11:00
0.18000000715255737,0.18000000715255737,0.18000000715255737,0.18000000715255737,6353,2022-02-03 00:00:00+11:00
0.18000000715255737,0.18000000715255737,0.18000000715255737,0.18000000715255737,0,2022-02-04 00:00:00+11:00
0.18000000715255737,0.18000000715255737,0.18000000715255737,0.18000000715255737,20,2022-02-07 00:00:00+11:00
0.16500000655651093,0.16500000655651093,0.1599999964237213,0.1599999964237213,24815,2022-02-08 00:00:00+11:00
0.16500000655651093,0.16500000655651093,0.16500000655651093,0.16500000655651093,3048,2022-02-09 00:00:00+11:00
0.16500000655651093,0.16500000655651093,0.16500000655651093,0.16500000655651093,5000,2022-02-10 00:00:00+11:00
0.17000000178813934,0.17000000178813934,0.16500000655651093,0.16500000655651093,4000,2022-02-11 00:00:00+11:00
0.17000000178813934,0.17000000178813934,0.17000000178813934,0.17000000178813934,15735,2022-02-14 00:00:00+11:00
0.16500000655651093,0.16500000655651093,0.16500000655651093,0.16500000655651093,72619,2022-02-15 00:00:00+11:00
0.17000000178813934,0.17000000178813934,0.17000000178813934,0.17000000178813934,5022,2022-02-16 00:00:00+11:00
0.17000000178813934,0.17000000178813934,0.17000000178813934,0.17000000178813934,13283,2022-02-17 00:00:00+11:00
0.17000000178813934,0.17000000178813934,0.17000000178813934,0.17000000178813934,0,2022-02-18 00:00:00+11:00
0.17000000178813934,0.17000000178813934,0.17000000178813934,0.17000000178813934,0,2022-02-21 00:00:00+11:00
0.16500000655651093,0.16500000655651093,0.16500000655651093,0.16500000655651093,12454,2022-02-22 00:00:00+11:00
0.16500000655651093,0.16500000655651093,0.16500000655651093,0.16500000655651093,0,2022-02-23 00:00:00+11:00
0.16500000655651093,0.16500000655651093,0.16500000655651093,0.16500000655651093,20000,2022-02-24 00:00:00+11:00
0.1599999964237213,0.1599999964237213,0.1599999964237213,0.1599999964237213,4500,2022-02-25 00:00:00+11:00
0.1599999964237213,0.1599999964237213,0.1599999964237213,0.1599999964237213,0,2022-02-28 00:00:00+11:00
0.1599999964237213,0.1599999964237213,0.1599999964237213,0.1599999964237213,3000,2022-03-01 00:00:00+11:00
0.1599999964237213,0.1599999964237213,0.1599999964237213,0.1599999964237213,0,2022-03-02 00:00:00+11:00
0.1599999964237213,0.1599999964237213,0.1599999964237213,0.1599999964237213,0,2022-03-03 00:00:00+11:00
0.1599999964237213,0.1599999964237213,0.1599999964237213,0.1599999964237213,1500,2022-03-04 00:00:00+11:00
0.1599999964237213,0.1599999964237213,0.1599999964237213,0.1599999964237213,0,2022-03-07 00:00:00+11:00
0.1599999964237213,0.1599999964237213,0.1550000011920929,0.1550000011920929,30051,2022-03-08 00:00:00+11:00
0.1550000011920929,0.1550000011920929,0.15000000596046448,0.15000000596046448,2042,2022-03-09 00:00:00+11:00
0.15000000596046448,0.15000000596046448,0.15000000596046448,0.15000000596046448,5000,2022-03-10 00:00:00+11:00
0.15000000596046448,0.15000000596046448,0.15000000596046448,0.15000000596046448,0,2022-03-11 00:00:00+11:00
0.15000000596046448,0.15000000596046448,0.15000000596046448,0.15000000596046448,0,2022-03-14 00:00:00+11:00
0.15000000596046448,0.15000000596046448,0.15000000596046448,0.15000000596046448,0,2022-03-15 00:00:00+11:00
0.15000000596046448,0.15000000596046448,0.14499999582767487,0.14499999582767487,77288,2022-03-16 00:00:00+11:00
0.14000000059604645,0.14000000059604645,0.12999999523162842,0.12999999523162842,21008,2022-03-17 00:00:00+11:00
0.14000000059604645,0.14000000059604645,0.12999999523162842,0.13500000536441803,7300,2022-03-18 00:00:00+11:00
0.13500000536441803,0.13500000536441803,0.13500000536441803,0.13500000536441803,14340,2022-03-21 00:00:00+11:00
0.12999999523162842,0.12999999523162842,0.12999999523162842,0.12999999523162842,25992,2022-03-22 00:00:00+11:00
0.12999999523162842,0.13500000536441803,0.12999999523162842,0.12999999523162842,163065,2022-03-23 00:00:00+11:00
0.12999999523162842,0.12999999523162842,0.125,0.125,11752,2022-03-24 00:00:00+11:00
0.125,0.125,0.125,0.125,1000,2022-03-25 00:00:00+11:00
0.125,0.125,0.125,0.125,0,2022-03-28 00:00:00+11:00
0.125,0.125,0.11749999970197678,0.11749999970197678,95702,2022-03-29 00:00:00+11:00
0.11500000208616257,0.11500000208616257,0.11500000208616257,0.11500000208616257,12860,2022-03-30 00:00:00+11:00
0.11500000208616257,0.11500000208616257,0.11500000208616257,0.11500000208616257,8957,2022-03-31 00:00:00+11:00
0.11500000208616257,0.11500000208616257,0.11500000208616257,0.11500000208616257,0,2022-04-01 00:00:00+11:00
0.11500000208616257,0.12999999523162842,0.10499999672174454,0.10999999940395355,42402,2022-04-04 00:00:00+10:00
0.10999999940395355,0.10999999940395355,0.10999999940395355,0.10999999940395355,1209,2022-04-05 00:00:00+10:00
0.10999999940395355,0.10999999940395355,0.10999999940395355,0.10999999940395355,2500,2022-04-06 00:00:00+10:00
0.10999999940395355,0.10999999940395355,0.10999999940395355,0.10999999940395355,0,2022-04-07 00:00:00+10:00
0.10999999940395355,0.10999999940395355,0.10999999940395355,0.10999999940395355,0,2022-04-08 00:00:00+10:00
0.10999999940395355,0.10999999940395355,0.10999999940395355,0.10999999940395355,37,2022-04-11 00:00:00+10:00
0.10999999940395355,0.10999999940395355,0.10999999940395355,0.10999999940395355,0,2022-04-12 00:00:00+10:00
0.10999999940395355,0.10999999940395355,0.10999999940395355,0.10999999940395355,0,2022-04-13 00:00:00+10:00
0.10999999940395355,0.10999999940395355,0.10999999940395355,0.10999999940395355,0,2022-04-14 00:00:00+10:00
0.11999999731779099,0.12999999523162842,0.11999999731779099,0.12999999523162842,8000,2022-04-19 00:00:00+10:00
0.12999999523162842,0.12999999523162842,0.10499999672174454,0.12999999523162842,60656,2022-04-20 00:00:00+10:00
0.12999999523162842,0.12999999523162842,0.12999999523162842,0.12999999523162842,0,2022-04-21 00:00:00+10:00
0.12999999523162842,0.12999999523162842,0.12999999523162842,0.12999999523162842,0,2022-04-22 00:00:00+10:00
0.11500000208616257,0.11500000208616257,0.11500000208616257,0.11500000208616257,3381,2022-04-26 00:00:00+10:00
0.11500000208616257,0.11500000208616257,0.11500000208616257,0.11500000208616257,0,2022-04-27 00:00:00+10:00
0.11500000208616257,0.11500000208616257,0.11500000208616257,0.11500000208616257,0,2022-04-28 00:00:00+10:00
0.11500000208616257,0.11500000208616257,0.11500000208616257,0.11500000208616257,0,2022-04-29 00:00:00+10:00
0.11500000208616257,0.11500000208616257,0.11500000208616257,0.11500000208616257,0,2022-05-02 00:00:00+10:00
0.11500000208616257,0.11500000208616257,0.11500000208616257,0.11500000208616257,0,2022-05-03 00:00:00+10:00
0.11500000208616257,0.11500000208616257,0.11500000208616257,0.11500000208616257,0,2022-05-04 00:00:00+10:00
0.11999999731779099,0.11999999731779099,0.11999999731779099,0.11999999731779099,5000,2022-05-05 00:00:00+10:00
0.11999999731779099,0.11999999731779099,0.11999999731779099,0.11999999731779099,4000,2022-05-06 00:00:00+10:00
0.11999999731779099,0.11999999731779099,0.11999999731779099,0.11999999731779099,40861,2022-05-09 00:00:00+10:00
0.11999999731779099,0.11999999731779099,0.11999999731779099,0.11999999731779099,0,2022-05-10 00:00:00+10:00
0.11999999731779099,0.11999999731779099,0.11999999731779099,0.11999999731779099,0,2022-05-11 00:00:00+10:00
0.11999999731779099,0.11999999731779099,0.11999999731779099,0.11999999731779099,18546,2022-05-12 00:00:00+10:00
0.11500000208616257,0.11500000208616257,0.11500000208616257,0.11500000208616257,10,2022-05-13 00:00:00+10:00
0.11500000208616257,0.11500000208616257,0.11500000208616257,0.11500000208616257,0,2022-05-16 00:00:00+10:00
0.11500000208616257,0.11500000208616257,0.11500000208616257,0.11500000208616257,0,2022-05-17 00:00:00+10:00
0.10999999940395355,0.10999999940395355,0.10999999940395355,0.10999999940395355,13000,2022-05-18 00:00:00+10:00
0.10499999672174454,0.10499999672174454,0.10499999672174454,0.10499999672174454,23831,2022-05-19 00:00:00+10:00
0.10000000149011612,0.10000000149011612,0.10000000149011612,0.10000000149011612,1000,2022-05-20 00:00:00+10:00
0.10000000149011612,0.10000000149011612,0.09099999815225601,0.09099999815225601,41771,2022-05-23 00:00:00+10:00
0.09099999815225601,0.09099999815225601,0.09099999815225601,0.09099999815225601,6644,2022-05-24 00:00:00+10:00
0.09099999815225601,0.09099999815225601,0.09099999815225601,0.09099999815225601,0,2022-05-25 00:00:00+10:00
0.09200000017881393,0.09200000017881393,0.09099999815225601,0.09099999815225601,60000,2022-05-26 00:00:00+10:00
0.09099999815225601,0.09099999815225601,0.09099999815225601,0.09099999815225601,0,2022-05-27 00:00:00+10:00
0.09000000357627869,0.09000000357627869,0.09000000357627869,0.09000000357627869,20010,2022-05-30 00:00:00+10:00
0.09000000357627869,0.09000000357627869,0.08799999952316284,0.08799999952316284,1500,2022-05-31 00:00:00+10:00
0.08900000154972076,0.08900000154972076,0.08900000154972076,0.08900000154972076,3500,2022-06-01 00:00:00+10:00
0.08900000154972076,0.08900000154972076,0.08900000154972076,0.08900000154972076,11495,2022-06-02 00:00:00+10:00
0.08900000154972076,0.08900000154972076,0.08900000154972076,0.08900000154972076,0,2022-06-03 00:00:00+10:00
0.08900000154972076,0.08900000154972076,0.08900000154972076,0.08900000154972076,0,2022-06-06 00:00:00+10:00
0.08900000154972076,0.08900000154972076,0.08900000154972076,0.08900000154972076,0,2022-06-07 00:00:00+10:00
0.09000000357627869,0.09000000357627869,0.09000000357627869,0.09000000357627869,100000,2022-06-08 00:00:00+10:00
0.09099999815225601,0.09099999815225601,0.09099999815225601,0.09099999815225601,134,2022-06-09 00:00:00+10:00
0.09099999815225601,0.09099999815225601,0.09099999815225601,0.09099999815225601,0,2022-06-10 00:00:00+10:00
0.09099999815225601,0.09099999815225601,0.09099999815225601,0.09099999815225601,0,2022-06-14 00:00:00+10:00
0.11999999731779099,0.11999999731779099,0.11999999731779099,0.11999999731779099,1000,2022-06-15 00:00:00+10:00
0.11999999731779099,0.11999999731779099,0.11999999731779099,0.11999999731779099,0,2022-06-16 00:00:00+10:00
0.10000000149011612,0.10000000149011612,0.10000000149011612,0.10000000149011612,2200,2022-06-17 00:00:00+10:00
0.10000000149011612,0.10000000149011612,0.10000000149011612,0.10000000149011612,0,2022-06-20 00:00:00+10:00
0.10000000149011612,0.10000000149011612,0.10000000149011612,0.10000000149011612,0,2022-06-21 00:00:00+10:00
0.10499999672174454,0.10499999672174454,0.10000000149011612,0.10000000149011612,5598,2022-06-22 00:00:00+10:00
0.10000000149011612,0.10000000149011612,0.10000000149011612,0.10000000149011612,0,2022-06-23 00:00:00+10:00
0.09000000357627869,0.09099999815225601,0.09000000357627869,0.09000000357627869,30000,2022-06-24 00:00:00+10:00
0.09000000357627869,0.09000000357627869,0.08500000089406967,0.08500000089406967,11314,2022-06-27 00:00:00+10:00
0.10499999672174454,0.10499999672174454,0.10499999672174454,0.10499999672174454,900,2022-06-28 00:00:00+10:00
0.10000000149011612,0.10000000149011612,0.10000000149011612,0.10000000149011612,1500,2022-06-29 00:00:00+10:00
0.10000000149011612,0.10000000149011612,0.08100000023841858,0.08100000023841858,97296,2022-06-30 00:00:00+10:00
0.08100000023841858,0.08100000023841858,0.08100000023841858,0.08100000023841858,0,2022-07-01 00:00:00+10:00
0.08100000023841858,0.08100000023841858,0.08100000023841858,0.08100000023841858,0,2022-07-04 00:00:00+10:00
0.08100000023841858,0.08100000023841858,0.08100000023841858,0.08100000023841858,0,2022-07-05 00:00:00+10:00
0.08100000023841858,0.08100000023841858,0.08100000023841858,0.08100000023841858,0,2022-07-06 00:00:00+10:00
0.08100000023841858,0.08100000023841858,0.08100000023841858,0.08100000023841858,10000,2022-07-07 00:00:00+10:00
0.08100000023841858,0.08100000023841858,0.08100000023841858,0.08100000023841858,0,2022-07-08 00:00:00+10:00
0.08100000023841858,0.08100000023841858,0.08100000023841858,0.08100000023841858,0,2022-07-11 00:00:00+10:00
0.08100000023841858,0.08100000023841858,0.08100000023841858,0.08100000023841858,0,2022-07-12 00:00:00+10:00
0.08299999684095383,0.08299999684095383,0.08100000023841858,0.08100000023841858,5495,2022-07-13 00:00:00+10:00
0.08100000023841858,0.08100000023841858,0.07999999821186066,0.07999999821186066,16100,2022-07-14 00:00:00+10:00
0.07999999821186066,0.07999999821186066,0.07999999821186066,0.07999999821186066,10000,2022-07-15 00:00:00+10:00
0.07999999821186066,0.07999999821186066,0.07999999821186066,0.07999999821186066,100,2022-07-18 00:00:00+10:00
0.07999999821186066,0.07999999821186066,0.07999999821186066,0.07999999821186066,5000,2022-07-19 00:00:00+10:00
0.07999999821186066,0.07999999821186066,0.07999999821186066,0.07999999821186066,0,2022-07-20 00:00:00+10:00
0.07999999821186066,0.07999999821186066,0.07999999821186066,0.07999999821186066,0,2022-07-21 00:00:00+10:00
0.07999999821186066,0.07999999821186066,0.07999999821186066,0.07999999821186066,0,2022-07-22 00:00:00+10:00
0.07999999821186066,0.07999999821186066,0.07999999821186066,0.07999999821186066,0,2022-07-25 00:00:00+10:00
0.07999999821186066,0.07999999821186066,0.07999999821186066,0.07999999821186066,0,2022-07-26 00:00:00+10:00
0.07999999821186066,0.07999999821186066,0.07999999821186066,0.07999999821186066,0,2022-07-27 00:00:00+10:00
0.07999999821186066,0.07999999821186066,0.07999999821186066,0.07999999821186066,0,2022-07-28 00:00:00+10:00
0.07999999821186066,0.07999999821186066,0.07999999821186066,0.07999999821186066,0,2022-07-29 00:00:00+10:00
0.07999999821186066,0.07999999821186066,0.07999999821186066,0.07999999821186066,0,2022-08-01 00:00:00+10:00
0.07999999821186066,0.07999999821186066,0.07999999821186066,0.07999999821186066,0,2022-08-02 00:00:00+10:00
0.07999999821186066,0.07999999821186066,0.07999999821186066,0.07999999821186066,10000,2022-08-03 00:00:00+10:00
0.07999999821186066,0.07999999821186066,0.07999999821186066,0.07999999821186066,0,2022-08-04 00:00:00+10:00
0.08100000023841858,0.08100000023841858,0.08100000023841858,0.08100000023841858,5000,2022-08-05 00:00:00+10:00
0.08100000023841858,0.08100000023841858,0.08100000023841858,0.08100000023841858,6000,2022-08-08 00:00:00+10:00
0.08100000023841858,0.08100000023841858,0.08100000023841858,0.08100000023841858,0,2022-08-09 00:00:00+10:00
0.08100000023841858,0.08100000023841858,0.08100000023841858,0.08100000023841858,0,2022-08-10 00:00:00+10:00
0.08100000023841858,0.08100000023841858,0.08100000023841858,0.08100000023841858,0,2022-08-11 00:00:00+10:00
0.08100000023841858,0.08100000023841858,0.08100000023841858,0.08100000023841858,0,2022-08-12 00:00:00+10:00
0.08100000023841858,0.08100000023841858,0.08100000023841858,0.08100000023841858,0,2022-08-15 00:00:00+10:00
0.0820000022649765,0.0820000022649765,0.0820000022649765,0.0820000022649765,134,2022-08-16 00:00:00+10:00
0.0820000022649765,0.0820000022649765,0.0820000022649765,0.0820000022649765,90520,2022-08-17 00:00:00+10:00
0.0820000022649765,0.0820000022649765,0.0820000022649765,0.0820000022649765,3067,2022-08-18 00:00:00+10:00
0.0820000022649765,0.0820000022649765,0.0820000022649765,0.0820000022649765,45000,2022-08-19 00:00:00+10:00
0.0820000022649765,0.0820000022649765,0.0820000022649765,0.0820000022649765,0,2022-08-22 00:00:00+10:00
0.0820000022649765,0.0820000022649765,0.0820000022649765,0.0820000022649765,5000,2022-08-23 00:00:00+10:00
0.0820000022649765,0.0820000022649765,0.0820000022649765,0.0820000022649765,0,2022-08-24 00:00:00+10:00
0.08100000023841858,0.08100000023841858,0.07999999821186066,0.07999999821186066,59338,2022-08-25 00:00:00+10:00
0.07999999821186066,0.07999999821186066,0.07999999821186066,0.07999999821186066,7000,2022-08-26 00:00:00+10:00
0.07999999821186066,0.07999999821186066,0.07999999821186066,0.07999999821186066,11000,2022-08-29 00:00:00+10:00
0.07500000298023224,0.07500000298023224,0.07100000232458115,0.07199999690055847,63662,2022-08-30 00:00:00+10:00
0.07199999690055847,0.07199999690055847,0.07199999690055847,0.07199999690055847,10000,2022-08-31 00:00:00+10:00
0.07199999690055847,0.07199999690055847,0.07199999690055847,0.07199999690055847,0,2022-09-01 00:00:00+10:00
0.0729999989271164,0.0729999989271164,0.0729999989271164,0.0729999989271164,41118,2022-09-02 00:00:00+10:00
0.0729999989271164,0.0729999989271164,0.0729999989271164,0.0729999989271164,0,2022-09-05 00:00:00+10:00
0.0729999989271164,0.0729999989271164,0.0729999989271164,0.0729999989271164,0,2022-09-06 00:00:00+10:00
0.0729999989271164,0.0729999989271164,0.0729999989271164,0.0729999989271164,0,2022-09-07 00:00:00+10:00
0.0729999989271164,0.0729999989271164,0.0729999989271164,0.0729999989271164,0,2022-09-08 00:00:00+10:00
0.0729999989271164,0.0729999989271164,0.0729999989271164,0.0729999989271164,5000,2022-09-09 00:00:00+10:00
0.0729999989271164,0.0729999989271164,0.0729999989271164,0.0729999989271164,0,2022-09-12 00:00:00+10:00
0.0729999989271164,0.0729999989271164,0.0729999989271164,0.0729999989271164,0,2022-09-13 00:00:00+10:00
0.0729999989271164,0.0729999989271164,0.0729999989271164,0.0729999989271164,3000,2022-09-14 00:00:00+10:00
0.0729999989271164,0.0729999989271164,0.0729999989271164,0.0729999989271164,0,2022-09-15 00:00:00+10:00
0.0729999989271164,0.0729999989271164,0.0729999989271164,0.0729999989271164,0,2022-09-16 00:00:00+10:00
0.0729999989271164,0.0729999989271164,0.0729999989271164,0.0729999989271164,0,2022-09-19 00:00:00+10:00
0.0729999989271164,0.0729999989271164,0.0729999989271164,0.0729999989271164,2727,2022-09-20 00:00:00+10:00
0.0729999989271164,0.0729999989271164,0.0729999989271164,0.0729999989271164,0,2022-09-21 00:00:00+10:00
0.0729999989271164,0.0729999989271164,0.0729999989271164,0.0729999989271164,0,2022-09-23 00:00:00+10:00
0.0729999989271164,0.0729999989271164,0.0729999989271164,0.0729999989271164,0,2022-09-26 00:00:00+10:00
0.0729999989271164,0.0729999989271164,0.0729999989271164,0.0729999989271164,0,2022-09-27 00:00:00+10:00
0.06499999761581421,0.06499999761581421,0.06499999761581421,0.06499999761581421,18560,2022-09-28 00:00:00+10:00
0.06700000166893005,0.06700000166893005,0.06700000166893005,0.06700000166893005,10000,2022-09-29 00:00:00+10:00
0.06700000166893005,0.06700000166893005,0.06700000166893005,0.06700000166893005,0,2022-09-30 00:00:00+10:00
0.06700000166893005,0.06700000166893005,0.06700000166893005,0.06700000166893005,0,2022-10-03 00:00:00+11:00
0.06700000166893005,0.06700000166893005,0.06700000166893005,0.06700000166893005,0,2022-10-04 00:00:00+11:00
0.06499999761581421,0.06499999761581421,0.06499999761581421,0.06499999761581421,5000,2022-10-05 00:00:00+11:00
0.06499999761581421,0.06499999761581421,0.06499999761581421,0.06499999761581421,0,2022-10-06 00:00:00+11:00
0.06499999761581421,0.06499999761581421,0.06499999761581421,0.06499999761581421,0,2022-10-07 00:00:00+11:00
0.06499999761581421,0.06499999761581421,0.06499999761581421,0.06499999761581421,0,2022-10-10 00:00:00+11:00
0.06499999761581421,0.06499999761581421,0.06499999761581421,0.06499999761581421,0,2022-10-11 00:00:00+11:00
0.06499999761581421,0.06499999761581421,0.06499999761581421,0.06499999761581421,0,2022-10-12 00:00:00+11:00
0.06499999761581421,0.06499999761581421,0.06499999761581421,0.06499999761581421,0,2022-10-13 00:00:00+11:00
0.06499999761581421,0.06499999761581421,0.06499999761581421,0.06499999761581421,0,2022-10-14 00:00:00+11:00
0.061000000685453415,0.061000000685453415,0.061000000685453415,0.061000000685453415,7500,2022-10-17 00:00:00+11:00
0.061000000685453415,0.061000000685453415,0.061000000685453415,0.061000000685453415,43836,2022-10-18 00:00:00+11:00
0.061000000685453415,0.061000000685453415,0.061000000685453415,0.061000000685453415,0,2022-10-19 00:00:00+11:00
0.061000000685453415,0.061000000685453415,0.061000000685453415,0.061000000685453415,20000,2022-10-20 00:00:00+11:00
0.061000000685453415,0.061000000685453415,0.061000000685453415,0.061000000685453415,3000,2022-10-21 00:00:00+11:00
0.061000000685453415,0.061000000685453415,0.061000000685453415,0.061000000685453415,0,2022-10-24 00:00:00+11:00
0.061000000685453415,0.061000000685453415,0.061000000685453415,0.061000000685453415,100,2022-10-25 00:00:00+11:00
0.061000000685453415,0.061000000685453415,0.061000000685453415,0.061000000685453415,0,2022-10-26 00:00:00+11:00
0.061000000685453415,0.061000000685453415,0.05999999865889549,0.05999999865889549,35140,2022-10-27 00:00:00+11:00
0.05999999865889549,0.05999999865889549,0.05999999865889549,0.05999999865889549,0,2022-10-28 00:00:00+11:00
0.05999999865889549,0.05999999865889549,0.05999999865889549,0.05999999865889549,0,2022-10-31 00:00:00+11:00
0.05999999865889549,0.05999999865889549,0.05999999865889549,0.05999999865889549,680,2022-11-01 00:00:00+11:00
0.05999999865889549,0.05999999865889549,0.05999999865889549,0.05999999865889549,0,2022-11-02 00:00:00+11:00
0.05999999865889549,0.05999999865889549,0.05999999865889549,0.05999999865889549,0,2022-11-03 00:00:00+11:00
0.05999999865889549,0.05999999865889549,0.05999999865889549,0.05999999865889549,0,2022-11-04 00:00:00+11:00
0.05999999865889549,0.05999999865889549,0.05999999865889549,0.05999999865889549,0,2022-11-07 00:00:00+11:00
0.05999999865889549,0.05999999865889549,0.05999999865889549,0.05999999865889549,0,2022-11-08 00:00:00+11:00
0.05999999865889549,0.05999999865889549,0.05999999865889549,0.05999999865889549,2000,2022-11-09 00:00:00+11:00
0.05999999865889549,0.05999999865889549,0.05999999865889549,0.05999999865889549,0,2022-11-10 00:00:00+11:00
0.05999999865889549,0.05999999865889549,0.05999999865889549,0.05999999865889549,53410,2022-11-11 00:00:00+11:00
0.05999999865889549,0.05999999865889549,0.05999999865889549,0.05999999865889549,75999,2022-11-14 00:00:00+11:00
0.05999999865889549,0.05999999865889549,0.05999999865889549,0.05999999865889549,0,2022-11-15 00:00:00+11:00
0.05999999865889549,0.05999999865889549,0.05999999865889549,0.05999999865889549,3000,2022-11-16 00:00:00+11:00
0.05999999865889549,0.05999999865889549,0.05999999865889549,0.05999999865889549,17000,2022-11-17 00:00:00+11:00
0.05900000035762787,0.05900000035762787,0.05900000035762787,0.05900000035762787,3000,2022-11-18 00:00:00+11:00
0.05900000035762787,0.05900000035762787,0.05900000035762787,0.05900000035762787,0,2022-11-21 00:00:00+11:00
0.0560000017285347,0.0560000017285347,0.0560000017285347,0.0560000017285347,10000,2022-11-22 00:00:00+11:00
0.0560000017285347,0.0560000017285347,0.054999999701976776,0.054999999701976776,107856,2022-11-23 00:00:00+11:00
0.054999999701976776,0.054999999701976776,0.054999999701976776,0.054999999701976776,0,2022-11-24 00:00:00+11:00
0.054999999701976776,0.054999999701976776,0.054999999701976776,0.054999999701976776,0,2022-11-25 00:00:00+11:00
0.054999999701976776,0.054999999701976776,0.054999999701976776,0.054999999701976776,0,2022-11-28 00:00:00+11:00
0.0560000017285347,0.0560000017285347,0.054999999701976776,0.054999999701976776,53589,2022-11-29 00:00:00+11:00
0.054999999701976776,0.054999999701976776,0.054999999701976776,0.054999999701976776,105303,2022-11-30 00:00:00+11:00
0.05299999937415123,0.05299999937415123,0.05299999937415123,0.05299999937415123,20500,2022-12-01 00:00:00+11:00
0.05299999937415123,0.054999999701976776,0.05299999937415123,0.054999999701976776,31152,2022-12-02 00:00:00+11:00
0.054999999701976776,0.054999999701976776,0.054999999701976776,0.054999999701976776,0,2022-12-05 00:00:00+11:00
0.054999999701976776,0.054999999701976776,0.054999999701976776,0.054999999701976776,0,2022-12-06 00:00:00+11:00
0.054999999701976776,0.054999999701976776,0.054999999701976776,0.054999999701976776,0,2022-12-07 00:00:00+11:00
0.054999999701976776,0.054999999701976776,0.054999999701976776,0.054999999701976776,20000,2022-12-08 00:00:00+11:00
0.054999999701976776,0.054999999701976776,0.054999999701976776,0.054999999701976776,0,2022-12-09 00:00:00+11:00
0.054999999701976776,0.054999999701976776,0.054999999701976776,0.054999999701976776,0,2022-12-12 00:00:00+11:00
0.054999999701976776,0.054999999701976776,0.054999999701976776,0.054999999701976776,0,2022-12-13 00:00:00+11:00
0.054999999701976776,0.054999999701976776,0.054999999701976776,0.054999999701976776,858,2022-12-14 00:00:00+11:00
0.054999999701976776,0.054999999701976776,0.054999999701976776,0.054999999701976776,0,2022-12-15 00:00:00+11:00
0.054999999701976776,0.054999999701976776,0.054999999701976776,0.054999999701976776,20000,2022-12-16 00:00:00+11:00
0.054999999701976776,0.054999999701976776,0.054999999701976776,0.054999999701976776,0,2022-12-19 00:00:00+11:00
0.054999999701976776,0.054999999701976776,0.054999999701976776,0.054999999701976776,0,2022-12-20 00:00:00+11:00
0.0560000017285347,0.0560000017285347,0.054999999701976776,0.054999999701976776,13000,2022-12-21 00:00:00+11:00
0.054999999701976776,0.054999999701976776,0.054999999701976776,0.054999999701976776,0,2022-12-22 00:00:00+11:00
0.05000000074505806,0.05000000074505806,0.05000000074505806,0.05000000074505806,50000,2022-12-23 00:00:00+11:00
0.05000000074505806,0.05000000074505806,0.05000000074505806,0.05000000074505806,12000,2022-12-28 00:00:00+11:00
0.05000000074505806,0.05000000074505806,0.05000000074505806,0.05000000074505806,996,2022-12-29 00:00:00+11:00
0.05000000074505806,0.05000000074505806,0.05000000074505806,0.05000000074505806,0,2022-12-30 00:00:00+11:00
0.05000000074505806,0.05000000074505806,0.05000000074505806,0.05000000074505806,20000,2023-01-03 00:00:00+11:00
0.05000000074505806,0.05000000074505806,0.05000000074505806,0.05000000074505806,0,2023-01-04 00:00:00+11:00
0.05000000074505806,0.05000000074505806,0.05000000074505806,0.05000000074505806,200002,2023-01-05 00:00:00+11:00
0.05000000074505806,0.05000000074505806,0.05000000074505806,0.05000000074505806,0,2023-01-06 00:00:00+11:00
0.04899999871850014,0.05000000074505806,0.04899999871850014,0.05000000074505806,21000,2023-01-09 00:00:00+11:00
0.05000000074505806,0.05000000074505806,0.05000000074505806,0.05000000074505806,4000,2023-01-10 00:00:00+11:00
0.05000000074505806,0.05000000074505806,0.05000000074505806,0.05000000074505806,1000,2023-01-11 00:00:00+11:00
0.05000000074505806,0.05000000074505806,0.05000000074505806,0.05000000074505806,170000,2023-01-12 00:00:00+11:00
0.05000000074505806,0.05000000074505806,0.04500000178813934,0.04500000178813934,136595,2023-01-13 00:00:00+11:00
0.04500000178813934,0.04500000178813934,0.04500000178813934,0.04500000178813934,0,2023-01-16 00:00:00+11:00
0.04600000008940697,0.04600000008940697,0.04600000008940697,0.04600000008940697,74319,2023-01-17 00:00:00+11:00
0.04600000008940697,0.04600000008940697,0.04600000008940697,0.04600000008940697,22596,2023-01-18 00:00:00+11:00
0.04699999839067459,0.04699999839067459,0.04600000008940697,0.04600000008940697,2064,2023-01-19 00:00:00+11:00
0.04600000008940697,0.04600000008940697,0.04600000008940697,0.04600000008940697,0,2023-01-20 00:00:00+11:00
0.04600000008940697,0.04600000008940697,0.04600000008940697,0.04600000008940697,0,2023-01-23 00:00:00+11:00
0.04600000008940697,0.04600000008940697,0.04600000008940697,0.04600000008940697,0,2023-01-24 00:00:00+11:00
0.04699999839067459,0.04800000041723251,0.04699999839067459,0.04800000041723251,23659,2023-01-25 00:00:00+11:00
0.04899999871850014,0.04899999871850014,0.04800000041723251,0.04800000041723251,154878,2023-01-27 00:00:00+11:00
0.04800000041723251,0.04800000041723251,0.04800000041723251,0.04800000041723251,0,2023-01-30 00:00:00+11:00
0.04800000041723251,0.04800000041723251,0.04800000041723251,0.04800000041723251,0,2023-01-31 00:00:00+11:00
0.04800000041723251,0.04800000041723251,0.04800000041723251,0.04800000041723251,0,2023-02-01 00:00:00+11:00
0.04600000008940697,0.04600000008940697,0.04600000008940697,0.04600000008940697,5500,2023-02-02 00:00:00+11:00
0.04699999839067459,0.04699999839067459,0.04699999839067459,0.04699999839067459,76573,2023-02-03 00:00:00+11:00
0.04699999839067459,0.04699999839067459,0.04600000008940697,0.04600000008940697,60730,2023-02-06 00:00:00+11:00
0.04600000008940697,0.04600000008940697,0.04600000008940697,0.04600000008940697,400,2023-02-07 00:00:00+11:00
0.04600000008940697,0.04600000008940697,0.04500000178813934,0.04500000178813934,30000,2023-02-08 00:00:00+11:00
0.04500000178813934,0.04500000178813934,0.04500000178813934,0.04500000178813934,0,2023-02-09 00:00:00+11:00
0.04500000178813934,0.04500000178813934,0.04500000178813934,0.04500000178813934,4722,2023-02-10 00:00:00+11:00
0.04500000178813934,0.04500000178813934,0.04500000178813934,0.04500000178813934,0,2023-02-13 00:00:00+11:00
0.04500000178813934,0.04500000178813934,0.04500000178813934,0.04500000178813934,0,2023-02-14 00:00:00+11:00
0.04399999976158142,0.04399999976158142,0.04399999976158142,0.04399999976158142,22727,2023-02-15 00:00:00+11:00
0.04399999976158142,0.04399999976158142,0.04399999976158142,0.04399999976158142,0,2023-02-16 00:00:00+11:00
0.04399999976158142,0.04500000178813934,0.04399999976158142,0.04500000178813934,378589,2023-02-17 00:00:00+11:00
0.04100000113248825,0.04100000113248825,0.039000000804662704,0.039000000804662704,75930,2023-02-20 00:00:00+11:00
0.03700000047683716,0.03999999910593033,0.03700000047683716,0.03999999910593033,37137,2023-02-21 00:00:00+11:00
0.041999999433755875,0.041999999433755875,0.03500000014901161,0.03500000014901161,442742,2023-02-22 00:00:00+11:00
0.03500000014901161,0.03500000014901161,0.03400000184774399,0.03500000014901161,331538,2023-02-23 00:00:00+11:00
0.029999999329447746,0.029999999329447746,0.029999999329447746,0.029999999329447746,58999,2023-02-24 00:00:00+11:00
0.029999999329447746,0.029999999329447746,0.029999999329447746,0.029999999329447746,30975,2023-02-27 00:00:00+11:00
0.029999999329447746,0.03500000014901161,0.029999999329447746,0.03500000014901161,50000,2023-02-28 00:00:00+11:00
0.029999999329447746,0.029999999329447746,0.028999999165534973,0.028999999165534973,126772,2023-03-01 00:00:00+11:00
0.029999999329447746,0.029999999329447746,0.029999999329447746,0.029999999329447746,57000,2023-03-02 00:00:00+11:00
0.029999999329447746,0.029999999329447746,0.029999999329447746,0.029999999329447746,0,2023-03-03 00:00:00+11:00
0.029999999329447746,0.029999999329447746,0.029999999329447746,0.029999999329447746,5000,2023-03-06 00:00:00+11:00
0.028999999165534973,0.028999999165534973,0.02500000037252903,0.02500000037252903,60000,2023-03-07 00:00:00+11:00
0.026000000536441803,0.026000000536441803,0.023000000044703484,0.023000000044703484,183914,2023-03-08 00:00:00+11:00
0.024000000208616257,0.024000000208616257,0.024000000208616257,0.024000000208616257,67918,2023-03-09 00:00:00+11:00
0.024000000208616257,0.024000000208616257,0.024000000208616257,0.024000000208616257,0,2023-03-10 00:00:00+11:00
0.023000000044703484,0.023000000044703484,0.019999999552965164,0.019999999552965164,86843,2023-03-13 00:00:00+11:00
0.020999999716877937,0.020999999716877937,0.019999999552965164,0.019999999552965164,579657,2023-03-14 00:00:00+11:00
0.020999999716877937,0.020999999716877937,0.020999999716877937,0.020999999716877937,1199,2023-03-15 00:00:00+11:00
0.020999999716877937,0.020999999716877937,0.020999999716877937,0.020999999716877937,0,2023-03-16 00:00:00+11:00
0.02199999988079071,0.02199999988079071,0.02199999988079071,0.02199999988079071,50000,2023-03-17 00:00:00+11:00
0.024000000208616257,0.024000000208616257,0.024000000208616257,0.024000000208616257,29000,2023-03-20 00:00:00+11:00
0.024000000208616257,0.024000000208616257,0.024000000208616257,0.024000000208616257,0,2023-03-21 00:00:00+11:00
0.024000000208616257,0.024000000208616257,0.024000000208616257,0.024000000208616257,0,2023-03-22 00:00:00+11:00
0.026000000536441803,0.026000000536441803,0.026000000536441803,0.026000000536441803,33000,2023-03-23 00:00:00+11:00
0.026000000536441803,0.026000000536441803,0.026000000536441803,0.026000000536441803,0,2023-03-24 00:00:00+11:00
0.026000000536441803,0.026000000536441803,0.026000000536441803,0.026000000536441803,0,2023-03-27 00:00:00+11:00
0.026000000536441803,0.026000000536441803,0.026000000536441803,0.026000000536441803,0,2023-03-28 00:00:00+11:00
0.026000000536441803,0.026000000536441803,0.026000000536441803,0.026000000536441803,0,2023-03-29 00:00:00+11:00
0.023000000044703484,0.023000000044703484,0.023000000044703484,0.023000000044703484,20000,2023-03-30 00:00:00+11:00
0.023000000044703484,0.023000000044703484,0.023000000044703484,0.023000000044703484,0,2023-03-31 00:00:00+11:00
0.020999999716877937,0.020999999716877937,0.020999999716877937,0.020999999716877937,93659,2023-04-03 00:00:00+10:00
0.020999999716877937,0.020999999716877937,0.020999999716877937,0.020999999716877937,0,2023-04-04 00:00:00+10:00
0.020999999716877937,0.020999999716877937,0.020999999716877937,0.020999999716877937,0,2023-04-05 00:00:00+10:00
0.020999999716877937,0.020999999716877937,0.020999999716877937,0.020999999716877937,0,2023-04-06 00:00:00+10:00
0.020999999716877937,0.020999999716877937,0.020999999716877937,0.020999999716877937,0,2023-04-11 00:00:00+10:00
0.020999999716877937,0.020999999716877937,0.020999999716877937,0.020999999716877937,15000,2023-04-12 00:00:00+10:00
0.020999999716877937,0.020999999716877937,0.020999999716877937,0.020999999716877937,0,2023-04-13 00:00:00+10:00
0.020999999716877937,0.020999999716877937,0.020999999716877937,0.020999999716877937,0,2023-04-14 00:00:00+10:00
0.02199999988079071,0.023000000044703484,0.02199999988079071,0.023000000044703484,29000,2023-04-17 00:00:00+10:00
0.02500000037252903,0.02500000037252903,0.02500000037252903,0.02500000037252903,1000,2023-04-18 00:00:00+10:00
0.032999999821186066,0.03799999877810478,0.032999999821186066,0.03799999877810478,147323,2023-04-19 00:00:00+10:00
0.03999999910593033,0.03999999910593033,0.03999999910593033,0.03999999910593033,20000,2023-04-20 00:00:00+10:00
0.05299999937415123,0.06599999964237213,0.05299999937415123,0.06599999964237213,101973,2023-04-21 00:00:00+10:00
0.06599999964237213,0.06599999964237213,0.06599999964237213,0.06599999964237213,0,2023-04-24 00:00:00+10:00
0.04500000178813934,0.04500000178813934,0.04500000178813934,0.04500000178813934,8962,2023-04-26 00:00:00+10:00
0.04500000178813934,0.04600000008940697,0.04500000178813934,0.04600000008940697,20075,2023-04-27 00:00:00+10:00
0.04600000008940697,0.04600000008940697,0.04600000008940697,0.04600000008940697,164,2023-04-28 00:00:00+10:00
0.04600000008940697,0.04600000008940697,0.04600000008940697,0.04600000008940697,0,2023-05-01 00:00:00+10:00
0.04800000041723251,0.04800000041723251,0.04800000041723251,0.04800000041723251,35914,2023-05-02 00:00:00+10:00
0.04600000008940697,0.04600000008940697,0.0430000014603138,0.0430000014603138,25836,2023-05-03 00:00:00+10:00
0.0430000014603138,0.0430000014603138,0.0430000014603138,0.0430000014603138,0,2023-05-04 00:00:00+10:00
0.0430000014603138,0.0430000014603138,0.0430000014603138,0.0430000014603138,0,2023-05-05 00:00:00+10:00
0.04500000178813934,0.04500000178813934,0.04500000178813934,0.04500000178813934,2111,2023-05-08 00:00:00+10:00
0.04500000178813934,0.04500000178813934,0.04500000178813934,0.04500000178813934,0,2023-05-09 00:00:00+10:00
0.04500000178813934,0.04500000178813934,0.04500000178813934,0.04500000178813934,0,2023-05-10 00:00:00+10:00
0.04500000178813934,0.04500000178813934,0.04500000178813934,0.04500000178813934,2200,2023-05-11 00:00:00+10:00
0.04800000041723251,0.04800000041723251,0.04800000041723251,0.04800000041723251,22800,2023-05-12 00:00:00+10:00
0.04800000041723251,0.04800000041723251,0.04800000041723251,0.04800000041723251,0,2023-05-15 00:00:00+10:00
0.04800000041723251,0.04800000041723251,0.04800000041723251,0.04800000041723251,0,2023-05-16 00:00:00+10:00
0.04800000041723251,0.04800000041723251,0.04800000041723251,0.04800000041723251,0,2023-05-17 00:00:00+10:00
0.04800000041723251,0.04800000041723251,0.04800000041723251,0.04800000041723251,1000,2023-05-18 00:00:00+10:00
0.04800000041723251,0.04800000041723251,0.04800000041723251,0.04800000041723251,0,2023-05-19 00:00:00+10:00
0.04500000178813934,0.04500000178813934,0.04500000178813934,0.04500000178813934,4100,2023-05-22 00:00:00+10:00
0.04500000178813934,0.04500000178813934,0.04500000178813934,0.04500000178813934,900,2023-05-23 00:00:00+10:00
0.04500000178813934,0.04500000178813934,0.04500000178813934,0.04500000178813934,0,2023-05-24 00:00:00+10:00
0.04500000178813934,0.04500000178813934,0.04500000178813934,0.04500000178813934,0,2023-05-25 00:00:00+10:00
0.04500000178813934,0.04500000178813934,0.04500000178813934,0.04500000178813934,0,2023-05-26 00:00:00+10:00
0.04500000178813934,0.04500000178813934,0.04500000178813934,0.04500000178813934,0,2023-05-29 00:00:00+10:00
0.04500000178813934,0.04500000178813934,0.04500000178813934,0.04500000178813934,0,2023-05-30 00:00:00+10:00
0.04500000178813934,0.04500000178813934,0.04500000178813934,0.04500000178813934,0,2023-05-31 00:00:00+10:00
0.04500000178813934,0.04500000178813934,0.04500000178813934,0.04500000178813934,0,2023-06-01 00:00:00+10:00
0.04500000178813934,0.04500000178813934,0.04500000178813934,0.04500000178813934,0,2023-06-02 00:00:00+10:00
0.04500000178813934,0.04500000178813934,0.04500000178813934,0.04500000178813934,500,2023-06-05 00:00:00+10:00
0.04500000178813934,0.04500000178813934,0.04500000178813934,0.04500000178813934,0,2023-06-06 00:00:00+10:00
0.04500000178813934,0.04500000178813934,0.04500000178813934,0.04500000178813934,0,2023-06-07 00:00:00+10:00
0.03999999910593033,0.03999999910593033,0.03999999910593033,0.03999999910593033,15000,2023-06-08 00:00:00+10:00
0.035999998450279236,0.035999998450279236,0.035999998450279236,0.035999998450279236,7500,2023-06-09 00:00:00+10:00
0.035999998450279236,0.035999998450279236,0.035999998450279236,0.035999998450279236,0,2023-06-13 00:00:00+10:00
0.03500000014901161,0.03500000014901161,0.029999999329447746,0.029999999329447746,2000,2023-06-14 00:00:00+10:00
0.029999999329447746,0.029999999329447746,0.029999999329447746,0.029999999329447746,19090,2023-06-15 00:00:00+10:00
0.029999999329447746,0.029999999329447746,0.029999999329447746,0.029999999329447746,42000,2023-06-16 00:00:00+10:00
0.029999999329447746,0.03999999910593033,0.019999999552965164,0.032999999821186066,311048,2023-06-19 00:00:00+10:00
0.032999999821186066,0.032999999821186066,0.032999999821186066,0.032999999821186066,10000,2023-06-20 00:00:00+10:00
0.032999999821186066,0.032999999821186066,0.032999999821186066,0.032999999821186066,0,2023-06-21 00:00:00+10:00
0.032999999821186066,0.032999999821186066,0.032999999821186066,0.032999999821186066,0,2023-06-22 00:00:00+10:00
0.032999999821186066,0.032999999821186066,0.032999999821186066,0.032999999821186066,0,2023-06-23 00:00:00+10:00
0.03200000151991844,0.03200000151991844,0.03200000151991844,0.03200000151991844,5000,2023-06-26 00:00:00+10:00
0.029999999329447746,0.029999999329447746,0.029999999329447746,0.029999999329447746,8050,2023-06-27 00:00:00+10:00
0.029999999329447746,0.029999999329447746,0.029999999329447746,0.029999999329447746,15000,2023-06-28 00:00:00+10:00
0.029999999329447746,0.029999999329447746,0.029999999329447746,0.029999999329447746,0,2023-06-29 00:00:00+10:00
0.029999999329447746,0.029999999329447746,0.029999999329447746,0.029999999329447746,11473,2023-06-30 00:00:00+10:00
0.029999999329447746,0.029999999329447746,0.029999999329447746,0.029999999329447746,29477,2023-07-03 00:00:00+10:00
0.02500000037252903,0.02500000037252903,0.02199999988079071,0.02199999988079071,281195,2023-07-04 00:00:00+10:00
0.02199999988079071,0.02199999988079071,0.02199999988079071,0.02199999988079071,2440,2023-07-05 00:00:00+10:00
0.024000000208616257,0.02500000037252903,0.024000000208616257,0.02500000037252903,19800,2023-07-06 00:00:00+10:00
0.02500000037252903,0.02500000037252903,0.02500000037252903,0.02500000037252903,5199,2023-07-07 00:00:00+10:00
0.02500000037252903,0.02500000037252903,0.02500000037252903,0.02500000037252903,40,2023-07-10 00:00:00+10:00
0.02500000037252903,0.02500000037252903,0.02500000037252903,0.02500000037252903,10000,2023-07-11 00:00:00+10:00
0.026000000536441803,0.026000000536441803,0.026000000536441803,0.026000000536441803,5310,2023-07-12 00:00:00+10:00
0.026000000536441803,0.026000000536441803,0.026000000536441803,0.026000000536441803,2578,2023-07-13 00:00:00+10:00
0.026000000536441803,0.026000000536441803,0.026000000536441803,0.026000000536441803,0,2023-07-14 00:00:00+10:00
0.026000000536441803,0.026000000536441803,0.026000000536441803,0.026000000536441803,0,2023-07-17 00:00:00+10:00
0.026000000536441803,0.026000000536441803,0.026000000536441803,0.026000000536441803,0,2023-07-18 00:00:00+10:00
0.026000000536441803,0.026000000536441803,0.026000000536441803,0.026000000536441803,0,2023-07-19 00:00:00+10:00
0.024000000208616257,0.024000000208616257,0.024000000208616257,0.024000000208616257,3792,2023-07-20 00:00:00+10:00
0.024000000208616257,0.024000000208616257,0.024000000208616257,0.024000000208616257,10000,2023-07-21 00:00:00+10:00
0.024000000208616257,0.024000000208616257,0.024000000208616257,0.024000000208616257,103336,2023-07-24 00:00:00+10:00
0.024000000208616257,0.026000000536441803,0.024000000208616257,0.026000000536441803,2878,2023-07-25 00:00:00+10:00
0.028999999165534973,0.028999999165534973,0.028999999165534973,0.028999999165534973,50000,2023-07-26 00:00:00+10:00
0.028999999165534973,0.028999999165534973,0.02800000086426735,0.02800000086426735,3040,2023-07-27 00:00:00+10:00
0.02500000037252903,0.02500000037252903,0.02199999988079071,0.02199999988079071,282198,2023-07-28 00:00:00+10:00
0.023000000044703484,0.023000000044703484,0.02199999988079071,0.02199999988079071,15594,2023-07-31 00:00:00+10:00
0.02199999988079071,0.02199999988079071,0.02199999988079071,0.02199999988079071,1649,2023-08-01 00:00:00+10:00
0.02199999988079071,0.02199999988079071,0.02199999988079071,0.02199999988079071,4551,2023-08-02 00:00:00+10:00
0.02199999988079071,0.02199999988079071,0.02199999988079071,0.02199999988079071,0,2023-08-03 00:00:00+10:00
0.02199999988079071,0.02500000037252903,0.02199999988079071,0.02500000037252903,33297,2023-08-04 00:00:00+10:00
0.02500000037252903,0.026000000536441803,0.02500000037252903,0.026000000536441803,3787,2023-08-07 00:00:00+10:00
0.023000000044703484,0.023000000044703484,0.023000000044703484,0.023000000044703484,14611,2023-08-08 00:00:00+10:00
0.02500000037252903,0.02500000037252903,0.023000000044703484,0.023000000044703484,31000,2023-08-09 00:00:00+10:00
0.024000000208616257,0.024000000208616257,0.024000000208616257,0.024000000208616257,4000,2023-08-10 00:00:00+10:00
0.023000000044703484,0.02500000037252903,0.023000000044703484,0.02500000037252903,10530,2023-08-11 00:00:00+10:00
0.027000000700354576,0.027000000700354576,0.024000000208616257,0.024000000208616257,37032,2023-08-14 00:00:00+10:00
0.024000000208616257,0.024000000208616257,0.024000000208616257,0.024000000208616257,0,2023-08-15 00:00:00+10:00
0.026000000536441803,0.026000000536441803,0.026000000536441803,0.026000000536441803,4038,2023-08-16 00:00:00+10:00
0.026000000536441803,0.026000000536441803,0.026000000536441803,0.026000000536441803,0,2023-08-17 00:00:00+10:00
0.02800000086426735,0.028999999165534973,0.02800000086426735,0.028999999165534973,10852,2023-08-18 00:00:00+10:00
0.028999999165534973,0.028999999165534973,0.028999999165534973,0.028999999165534973,0,2023-08-21 00:00:00+10:00
0.028999999165534973,0.028999999165534973,0.028999999165534973,0.028999999165534973,0,2023-08-22 00:00:00+10:00
0.026000000536441803,0.026000000536441803,0.026000000536441803,0.026000000536441803,1469,2023-08-23 00:00:00+10:00
0.026000000536441803,0.026000000536441803,0.026000000536441803,0.026000000536441803,8928,2023-08-24 00:00:00+10:00
0.026000000536441803,0.026000000536441803,0.026000000536441803,0.026000000536441803,0,2023-08-25 00:00:00+10:00
0.02500000037252903,0.02500000037252903,0.02500000037252903,0.02500000037252903,1963,2023-08-28 00:00:00+10:00
0.02500000037252903,0.02500000037252903,0.02500000037252903,0.02500000037252903,0,2023-08-29 00:00:00+10:00
0.024000000208616257,0.024000000208616257,0.023000000044703484,0.023000000044703484,14537,2023-08-30 00:00:00+10:00
0.02500000037252903,0.02500000037252903,0.023000000044703484,0.023000000044703484,14000,2023-08-31 00:00:00+10:00
0.023000000044703484,0.023000000044703484,0.023000000044703484,0.023000000044703484,0,2023-09-01 00:00:00+10:00
0.02500000037252903,0.02500000037252903,0.02500000037252903,0.02500000037252903,20040,2023-09-04 00:00:00+10:00
0.024000000208616257,0.026000000536441803,0.023000000044703484,0.026000000536441803,18271,2023-09-05 00:00:00+10:00
0.026000000536441803,0.026000000536441803,0.026000000536441803,0.026000000536441803,0,2023-09-06 00:00:00+10:00
0.023000000044703484,0.023000000044703484,0.023000000044703484,0.023000000044703484,82142,2023-09-07 00:00:00+10:00
0.023000000044703484,0.023000000044703484,0.023000000044703484,0.023000000044703484,93040,2023-09-08 00:00:00+10:00
0.023000000044703484,0.023000000044703484,0.019999999552965164,0.019999999552965164,115357,2023-09-11 00:00:00+10:00
0.019999999552965164,0.019999999552965164,0.019999999552965164,0.019999999552965164,214015,2023-09-12 00:00:00+10:00
0.019999999552965164,0.019999999552965164,0.019999999552965164,0.019999999552965164,0,2023-09-13 00:00:00+10:00
0.023000000044703484,0.023000000044703484,0.023000000044703484,0.023000000044703484,10000,2023-09-14 00:00:00+10:00
0.023000000044703484,0.023000000044703484,0.023000000044703484,0.023000000044703484,10000,2023-09-15 00:00:00+10:00
0.023000000044703484,0.023000000044703484,0.023000000044703484,0.023000000044703484,406,2023-09-18 00:00:00+10:00
0.023000000044703484,0.023000000044703484,0.019999999552965164,0.019999999552965164,42034,2023-09-19 00:00:00+10:00
0.019999999552965164,0.019999999552965164,0.019999999552965164,0.019999999552965164,5000,2023-09-20 00:00:00+10:00
0.019999999552965164,0.019999999552965164,0.019999999552965164,0.019999999552965164,0,2023-09-21 00:00:00+10:00
0.02199999988079071,0.02199999988079071,0.02199999988079071,0.02199999988079071,27500,2023-09-22 00:00:00+10:00
0.019999999552965164,0.023000000044703484,0.019999999552965164,0.023000000044703484,48108,2023-09-25 00:00:00+10:00
0.023000000044703484,0.024000000208616257,0.023000000044703484,0.024000000208616257,9500,2023-09-26 00:00:00+10:00
0.02500000037252903,0.02500000037252903,0.02500000037252903,0.02500000037252903,12355,2023-09-27 00:00:00+10:00
0.026000000536441803,0.028999999165534973,0.026000000536441803,0.028999999165534973,50000,2023-09-28 00:00:00+10:00
0.028999999165534973,0.028999999165534973,0.028999999165534973,0.028999999165534973,0,2023-09-29 00:00:00+10:00
0.028999999165534973,0.028999999165534973,0.028999999165534973,0.028999999165534973,0,2023-10-02 00:00:00+11:00
0.02500000037252903,0.02500000037252903,0.02500000037252903,0.02500000037252903,76945,2023-10-03 00:00:00+11:00
0.02500000037252903,0.02500000037252903,0.02500000037252903,0.02500000037252903,0,2023-10-04 00:00:00+11:00
0.02500000037252903,0.02500000037252903,0.02500000037252903,0.02500000037252903,0,2023-10-05 00:00:00+11:00
0.02500000037252903,0.02500000037252903,0.02500000037252903,0.02500000037252903,0,2023-10-06 00:00:00+11:00
0.02500000037252903,0.02500000037252903,0.02500000037252903,0.02500000037252903,0,2023-10-09 00:00:00+11:00
0.02500000037252903,0.02500000037252903,0.02500000037252903,0.02500000037252903,0,2023-10-10 00:00:00+11:00
0.02500000037252903,0.02500000037252903,0.02500000037252903,0.02500000037252903,0,2023-10-11 00:00:00+11:00
0.02500000037252903,0.02500000037252903,0.02500000037252903,0.02500000037252903,0,2023-10-12 00:00:00+11:00
0.02500000037252903,0.02500000037252903,0.02500000037252903,0.02500000037252903,0,2023-10-13 00:00:00+11:00
0.02500000037252903,0.02500000037252903,0.02500000037252903,0.02500000037252903,0,2023-10-16 00:00:00+11:00
0.02500000037252903,0.02500000037252903,0.02500000037252903,0.02500000037252903,0,2023-10-17 00:00:00+11:00
0.02500000037252903,0.02500000037252903,0.02500000037252903,0.02500000037252903,0,2023-10-18 00:00:00+11:00
0.02500000037252903,0.02500000037252903,0.02500000037252903,0.02500000037252903,0,2023-10-19 00:00:00+11:00
0.019999999552965164,0.019999999552965164,0.019999999552965164,0.019999999552965164,29,2023-10-20 00:00:00+11:00
0.01899999938905239,0.01899999938905239,0.017999999225139618,0.017999999225139618,192145,2023-10-23 00:00:00+11:00
0.017999999225139618,0.017999999225139618,0.017999999225139618,0.017999999225139618,0,2023-10-24 00:00:00+11:00
0.017999999225139618,0.019999999552965164,0.017999999225139618,0.019999999552965164,54550,2023-10-25 00:00:00+11:00
0.019999999552965164,0.019999999552965164,0.019999999552965164,0.019999999552965164,0,2023-10-26 00:00:00+11:00
0.019999999552965164,0.019999999552965164,0.019999999552965164,0.019999999552965164,0,2023-10-27 00:00:00+11:00
0.019999999552965164,0.019999999552965164,0.019999999552965164,0.019999999552965164,50,2023-10-30 00:00:00+11:00
0.019999999552965164,0.019999999552965164,0.019999999552965164,0.019999999552965164,0,2023-10-31 00:00:00+11:00
0.019999999552965164,0.019999999552965164,0.019999999552965164,0.019999999552965164,0,2023-11-01 00:00:00+11:00
0.01600000075995922,0.017000000923871994,0.01600000075995922,0.017000000923871994,192032,2023-11-02 00:00:00+11:00
0.009999999776482582,0.009999999776482582,0.008999999612569809,0.008999999612569809,160343,2023-11-03 00:00:00+11:00
0.009999999776482582,0.012000000104308128,0.009999999776482582,0.012000000104308128,30522,2023-11-06 00:00:00+11:00
0.014000000432133675,0.014000000432133675,0.014000000432133675,0.014000000432133675,7915,2023-11-07 00:00:00+11:00
0.014000000432133675,0.014000000432133675,0.012000000104308128,0.012000000104308128,43500,2023-11-08 00:00:00+11:00
0.012000000104308128,0.012000000104308128,0.010999999940395355,0.012000000104308128,118891,2023-11-09 00:00:00+11:00
0.012000000104308128,0.012000000104308128,0.012000000104308128,0.012000000104308128,0,2023-11-10 00:00:00+11:00
0.012000000104308128,0.012000000104308128,0.012000000104308128,0.012000000104308128,0,2023-11-13 00:00:00+11:00
0.012000000104308128,0.012000000104308128,0.012000000104308128,0.012000000104308128,0,2023-11-14 00:00:00+11:00
0.012000000104308128,0.012000000104308128,0.012000000104308128,0.012000000104308128,9840,2023-11-15 00:00:00+11:00
0.012000000104308128,0.012000000104308128,0.012000000104308128,0.012000000104308128,24247,2023-11-16 00:00:00+11:00
0.012000000104308128,0.012000000104308128,0.012000000104308128,0.012000000104308128,0,2023-11-17 00:00:00+11:00
0.012000000104308128,0.012000000104308128,0.009999999776482582,0.009999999776482582,20082,2023-11-20 00:00:00+11:00
0.009999999776482582,0.009999999776482582,0.009999999776482582,0.009999999776482582,24918,2023-11-21 00:00:00+11:00
0.009999999776482582,0.009999999776482582,0.009999999776482582,0.009999999776482582,0,2023-11-22 00:00:00+11:00
0.009999999776482582,0.009999999776482582,0.009999999776482582,0.009999999776482582,0,2023-11-23 00:00:00+11:00
0.009999999776482582,0.009999999776482582,0.009999999776482582,0.009999999776482582,0,2023-11-24 00:00:00+11:00
0.009999999776482582,0.009999999776482582,0.009999999776482582,0.009999999776482582,0,2023-11-27 00:00:00+11:00
0.009999999776482582,0.009999999776482582,0.009999999776482582,0.009999999776482582,22400,2023-11-28 00:00:00+11:00
0.009999999776482582,0.009999999776482582,0.009999999776482582,0.009999999776482582,3452,2023-11-29 00:00:00+11:00
0.009999999776482582,0.009999999776482582,0.009999999776482582,0.009999999776482582,6000,2023-11-30 00:00:00+11:00
0.012000000104308128,0.014000000432133675,0.012000000104308128,0.014000000432133675,8277,2023-12-01 00:00:00+11:00
0.014000000432133675,0.014000000432133675,0.014000000432133675,0.014000000432133675,0,2023-12-04 00:00:00+11:00
0.014000000432133675,0.014000000432133675,0.014000000432133675,0.014000000432133675,0,2023-12-05 00:00:00+11:00
0.014000000432133675,0.019999999552965164,0.014000000432133675,0.019999999552965164,164609,2023-12-06 00:00:00+11:00
0.019999999552965164,0.02199999988079071,0.019999999552965164,0.02199999988079071,69641,2023-12-07 00:00:00+11:00
0.019999999552965164,0.019999999552965164,0.017000000923871994,0.017000000923871994,43279,2023-12-08 00:00:00+11:00
0.017000000923871994,0.017000000923871994,0.017000000923871994,0.017000000923871994,0,2023-12-11 00:00:00+11:00
0.017000000923871994,0.017000000923871994,0.017000000923871994,0.017000000923871994,0,2023-12-12 00:00:00+11:00
0.017000000923871994,0.017000000923871994,0.017000000923871994,0.017000000923871994,0,2023-12-13 00:00:00+11:00
0.017000000923871994,0.017000000923871994,0.017000000923871994,0.017000000923871994,0,2023-12-14 00:00:00+11:00
0.017000000923871994,0.017000000923871994,0.017000000923871994,0.017000000923871994,0,2023-12-15 00:00:00+11:00
0.017999999225139618,0.017999999225139618,0.017999999225139618,0.017999999225139618,55,2023-12-18 00:00:00+11:00
0.017999999225139618,0.017999999225139618,0.017999999225139618,0.017999999225139618,0,2023-12-19 00:00:00+11:00
0.017000000923871994,0.017000000923871994,0.017000000923871994,0.017000000923871994,2926,2023-12-20 00:00:00+11:00
0.017000000923871994,0.017000000923871994,0.017000000923871994,0.017000000923871994,0,2023-12-21 00:00:00+11:00
0.017000000923871994,0.017000000923871994,0.017000000923871994,0.017000000923871994,0,2023-12-22 00:00:00+11:00
0.017000000923871994,0.017000000923871994,0.017000000923871994,0.017000000923871994,0,2023-12-27 00:00:00+11:00
0.017000000923871994,0.017000000923871994,0.017000000923871994,0.017000000923871994,0,2023-12-28 00:00:00+11:00
0.017000000923871994,0.017000000923871994,0.017000000923871994,0.017000000923871994,0,2023-12-29 00:00:00+11:00
0.017000000923871994,0.017000000923871994,0.017000000923871994,0.017000000923871994,0,2024-01-02 00:00:00+11:00
0.017000000923871994,0.017000000923871994,0.017000000923871994,0.017000000923871994,0,2024-01-03 00:00:00+11:00
0.017000000923871994,0.017000000923871994,0.017000000923871994,0.017000000923871994,0,2024-01-04 00:00:00+11:00
0.017000000923871994,0.017000000923871994,0.017000000923871994,0.017000000923871994,0,2024-01-05 00:00:00+11:00
0.017000000923871994,0.017000000923871994,0.017000000923871994,0.017000000923871994,0,2024-01-08 00:00:00+11:00
0.017000000923871994,0.017000000923871994,0.017000000923871994,0.017000000923871994,0,2024-01-09 00:00:00+11:00
0.017000000923871994,0.017000000923871994,0.017000000923871994,0.017000000923871994,0,2024-01-10 00:00:00+11:00
0.017000000923871994,0.017000000923871994,0.017000000923871994,0.017000000923871994,0,2024-01-11 00:00:00+11:00
0.017000000923871994,0.017000000923871994,0.017000000923871994,0.017000000923871994,0,2024-01-12 00:00:00+11:00
0.017000000923871994,0.017000000923871994,0.017000000923871994,0.017000000923871994,0,2024-01-15 00:00:00+11:00
0.012000000104308128,0.012000000104308128,0.012000000104308128,0.012000000104308128,63145,2024-01-16 00:00:00+11:00
0.012000000104308128,0.012000000104308128,0.012000000104308128,0.012000000104308128,0,2024-01-17 00:00:00+11:00
0.012000000104308128,0.012000000104308128,0.012000000104308128,0.012000000104308128,39258,2024-01-18 00:00:00+11:00
0.012000000104308128,0.012000000104308128,0.010999999940395355,0.010999999940395355,25083,2024-01-19 00:00:00+11:00
0.010999999940395355,0.010999999940395355,0.010999999940395355,0.010999999940395355,40462,2024-01-22 00:00:00+11:00
0.009999999776482582,0.009999999776482582,0.009999999776482582,0.009999999776482582,3000,2024-01-23 00:00:00+11:00
0.009999999776482582,0.009999999776482582,0.009999999776482582,0.009999999776482582,20999,2024-01-24 00:00:00+11:00
0.009999999776482582,0.009999999776482582,0.009999999776482582,0.009999999776482582,22500,2024-01-25 00:00:00+11:00
0.009999999776482582,0.010999999940395355,0.009999999776482582,0.010999999940395355,104780,2024-01-29 00:00:00+11:00
0.009999999776482582,0.009999999776482582,0.009999999776482582,0.009999999776482582,97799,2024-01-30 00:00:00+11:00
0.009999999776482582,0.009999999776482582,0.009999999776482582,0.009999999776482582,0,2024-01-31 00:00:00+11:00
0.009999999776482582,0.009999999776482582,0.009999999776482582,0.009999999776482582,0,2024-02-01 00:00:00+11:00
0.009999999776482582,0.009999999776482582,0.009999999776482582,0.009999999776482582,0,2024-02-02 00:00:00+11:00
0.009999999776482582,0.009999999776482582,0.009999999776482582,0.009999999776482582,15000,2024-02-05 00:00:00+11:00
0.009999999776482582,0.009999999776482582,0.009999999776482582,0.009999999776482582,33634,2024-02-06 00:00:00+11:00
0.009999999776482582,0.009999999776482582,0.009999999776482582,0.009999999776482582,6500,2024-02-07 00:00:00+11:00
0.009999999776482582,0.009999999776482582,0.009999999776482582,0.009999999776482582,9954,2024-02-08 00:00:00+11:00
0.009999999776482582,0.009999999776482582,0.009999999776482582,0.009999999776482582,10000,2024-02-09 00:00:00+11:00
0.009999999776482582,0.009999999776482582,0.009999999776482582,0.009999999776482582,90900,2024-02-12 00:00:00+11:00
0.009999999776482582,0.009999999776482582,0.009999999776482582,0.009999999776482582,0,2024-02-13 00:00:00+11:00
0.008999999612569809,0.008999999612569809,0.008999999612569809,0.008999999612569809,6500,2024-02-14 00:00:00+11:00
0.008999999612569809,0.008999999612569809,0.008999999612569809,0.008999999612569809,0,2024-02-15 00:00:00+11:00
0.008999999612569809,0.008999999612569809,0.008999999612569809,0.008999999612569809,20000,2024-02-16 00:00:00+11:00
0.008999999612569809,0.008999999612569809,0.008999999612569809,0.008999999612569809,0,2024-02-19 00:00:00+11:00
0.008999999612569809,0.008999999612569809,0.008999999612569809,0.008999999612569809,0,2024-02-20 00:00:00+11:00
0.008999999612569809,0.008999999612569809,0.008999999612569809,0.008999999612569809,11207,2024-02-21 00:00:00+11:00
0.008999999612569809,0.008999999612569809,0.008999999612569809,0.008999999612569809,73869,2024-02-22 00:00:00+11:00
0.008999999612569809,0.008999999612569809,0.008999999612569809,0.008999999612569809,0,2024-02-23 00:00:00+11:00
0.008999999612569809,0.008999999612569809,0.00800000037997961,0.00800000037997961,26837,2024-02-26 00:00:00+11:00
0.00800000037997961,0.00800000037997961,0.00800000037997961,0.00800000037997961,31000,2024-02-27 00:00:00+11:00
0.00800000037997961,0.00800000037997961,0.00800000037997961,0.00800000037997961,32000,2024-02-28 00:00:00+11:00
0.00800000037997961,0.00800000037997961,0.00800000037997961,0.00800000037997961,0,2024-02-29 00:00:00+11:00
0.00800000037997961,0.00800000037997961,0.00800000037997961,0.00800000037997961,0,2024-03-01 00:00:00+11:00
0.00800000037997961,0.00800000037997961,0.00800000037997961,0.00800000037997961,7100,2024-03-04 00:00:00+11:00
0.008999999612569809,0.008999999612569809,0.008999999612569809,0.008999999612569809,4171,2024-03-05 00:00:00+11:00
0.00800000037997961,0.00800000037997961,0.00800000037997961,0.00800000037997961,116524,2024-03-06 00:00:00+11:00
0.00800000037997961,0.00800000037997961,0.00800000037997961,0.00800000037997961,0,2024-03-07 00:00:00+11:00
0.00800000037997961,0.00800000037997961,0.00800000037997961,0.00800000037997961,34,2024-03-08 00:00:00+11:00
0.00800000037997961,0.00800000037997961,0.00800000037997961,0.00800000037997961,54000,2024-03-11 00:00:00+11:00
0.00800000037997961,0.00800000037997961,0.00800000037997961,0.00800000037997961,13000,2024-03-12 00:00:00+11:00
0.00800000037997961,0.00800000037997961,0.00800000037997961,0.00800000037997961,0,2024-03-13 00:00:00+11:00
0.00800000037997961,0.00800000037997961,0.00800000037997961,0.00800000037997961,0,2024-03-14 00:00:00+11:00
0.00800000037997961,0.010999999940395355,0.00800000037997961,0.010999999940395355,40928,2024-03-15 00:00:00+11:00
0.010999999940395355,0.010999999940395355,0.010999999940395355,0.010999999940395355,0,2024-03-18 00:00:00+11:00
0.009999999776482582,0.010999999940395355,0.009999999776482582,0.010999999940395355,14983,2024-03-19 00:00:00+11:00
0.010999999940395355,0.010999999940395355,0.010999999940395355,0.010999999940395355,42767,2024-03-20 00:00:00+11:00
0.010999999940395355,0.010999999940395355,0.010999999940395355,0.010999999940395355,0,2024-03-21 00:00:00+11:00
0.010999999940395355,0.010999999940395355,0.010999999940395355,0.010999999940395355,0,2024-03-22 00:00:00+11:00
0.009999999776482582,0.009999999776482582,0.009999999776482582,0.009999999776482582,51143,2024-03-25 00:00:00+11:00
0.009999999776482582,0.009999999776482582,0.009999999776482582,0.009999999776482582,1107,2024-03-26 00:00:00+11:00
0.009999999776482582,0.009999999776482582,0.009999999776482582,0.009999999776482582,0,2024-03-27 00:00:00+11:00
0.009999999776482582,0.009999999776482582,0.009999999776482582,0.009999999776482582,97412,2024-03-28 00:00:00+11:00
0.009999999776482582,0.009999999776482582,0.009999999776482582,0.009999999776482582,3300,2024-04-02 00:00:00+11:00
0.009999999776482582,0.009999999776482582,0.009999999776482582,0.009999999776482582,0,2024-04-03 00:00:00+11:00
0.009999999776482582,0.009999999776482582,0.009999999776482582,0.009999999776482582,0,2024-04-04 00:00:00+11:00
0.009999999776482582,0.009999999776482582,0.009999999776482582,0.009999999776482582,3893,2024-04-05 00:00:00+11:00
0.009999999776482582,0.009999999776482582,0.009999999776482582,0.009999999776482582,1836,2024-04-08 00:00:00+10:00
0.009999999776482582,0.010999999940395355,0.009999999776482582,0.010999999940395355,509053,2024-04-09 00:00:00+10:00
0.010999999940395355,0.010999999940395355,0.010999999940395355,0.010999999940395355,0,2024-04-10 00:00:00+10:00
0.008999999612569809,0.010999999940395355,0.008999999612569809,0.010999999940395355,18591,2024-04-11 00:00:00+10:00
0.009999999776482582,0.009999999776482582,0.009999999776482582,0.009999999776482582,139665,2024-04-12 00:00:00+10:00
0.009999999776482582,0.009999999776482582,0.009999999776482582,0.009999999776482582,249,2024-04-15 00:00:00+10:00
0.009999999776482582,0.009999999776482582,0.009999999776482582,0.009999999776482582,0,2024-04-16 00:00:00+10:00
0.009999999776482582,0.009999999776482582,0.009999999776482582,0.009999999776482582,0,2024-04-17 00:00:00+10:00
0.009999999776482582,0.009999999776482582,0.009999999776482582,0.009999999776482582,0,2024-04-18 00:00:00+10:00
0.012000000104308128,0.012000000104308128,0.012000000104308128,0.012000000104308128,8416,2024-04-19 00:00:00+10:00
0.012000000104308128,0.012000000104308128,0.012000000104308128,0.012000000104308128,0,2024-04-22 00:00:00+10:00
0.012000000104308128,0.012000000104308128,0.012000000104308128,0.012000000104308128,0,2024-04-23 00:00:00+10:00
0.012000000104308128,0.012000000104308128,0.012000000104308128,0.012000000104308128,0,2024-04-24 00:00:00+10:00
0.012000000104308128,0.012000000104308128,0.012000000104308128,0.012000000104308128,0,2024-04-26 00:00:00+10:00
0.012000000104308128,0.012000000104308128,0.012000000104308128,0.012000000104308128,0,2024-04-29 00:00:00+10:00
0.009999999776482582,0.009999999776482582,0.009999999776482582,0.009999999776482582,84400,2024-04-30 00:00:00+10:00
0.010999999940395355,0.010999999940395355,0.010999999940395355,0.010999999940395355,3000,2024-05-01 00:00:00+10:00
0.010999999940395355,0.010999999940395355,0.010999999940395355,0.010999999940395355,1000,2024-05-02 00:00:00+10:00
0.012000000104308128,0.012000000104308128,0.012000000104308128,0.012000000104308128,8416,2024-05-03 00:00:00+10:00
0.012000000104308128,0.012000000104308128,0.012000000104308128,0.012000000104308128,0,2024-05-06 00:00:00+10:00
0.012000000104308128,0.012000000104308128,0.012000000104308128,0.012000000104308128,0,2024-05-07 00:00:00+10:00
0.012000000104308128,0.012000000104308128,0.012000000104308128,0.012000000104308128,0,2024-05-08 00:00:00+10:00
0.012000000104308128,0.012000000104308128,0.012000000104308128,0.012000000104308128,0,2024-05-09 00:00:00+10:00
0.012000000104308128,0.012000000104308128,0.012000000104308128,0.012000000104308128,0,2024-05-10 00:00:00+10:00
0.012000000104308128,0.012000000104308128,0.012000000104308128,0.012000000104308128,0,2024-05-13 00:00:00+10:00
0.012000000104308128,0.012000000104308128,0.012000000104308128,0.012000000104308128,0,2024-05-14 00:00:00+10:00
0.012000000104308128,0.012000000104308128,0.012000000104308128,0.012000000104308128,0,2024-05-15 00:00:00+10:00
0.010999999940395355,0.010999999940395355,0.010999999940395355,0.010999999940395355,26800,2024-05-16 00:00:00+10:00
0.009999999776482582,0.009999999776482582,0.009999999776482582,0.009999999776482582,8000,2024-05-17 00:00:00+10:00
0.009999999776482582,0.009999999776482582,0.009999999776482582,0.009999999776482582,0,2024-05-20 00:00:00+10:00
0.009999999776482582,0.009999999776482582,0.009999999776482582,0.009999999776482582,2000,2024-05-21 00:00:00+10:00
0.009999999776482582,0.009999999776482582,0.009999999776482582,0.009999999776482582,0,2024-05-22 00:00:00+10:00
0.009999999776482582,0.009999999776482582,0.009999999776482582,0.009999999776482582,93543,2024-05-23 00:00:00+10:00
0.009999999776482582,0.009999999776482582,0.009999999776482582,0.009999999776482582,13000,2024-05-24 00:00:00+10:00
0.009999999776482582,0.009999999776482582,0.009999999776482582,0.009999999776482582,0,2024-05-27 00:00:00+10:00
0.009999999776482582,0.009999999776482582,0.009999999776482582,0.009999999776482582,0,2024-05-28 00:00:00+10:00
0.009999999776482582,0.014999999664723873,0.009999999776482582,0.014999999664723873,96064,2024-05-29 00:00:00+10:00
0.014999999664723873,0.014999999664723873,0.014999999664723873,0.014999999664723873,0,2024-05-30 00:00:00+10:00
0.014999999664723873,0.014999999664723873,0.014999999664723873,0.014999999664723873,0,2024-05-31 00:00:00+10:00
0.014999999664723873,0.014999999664723873,0.014999999664723873,0.014999999664723873,0,2024-06-03 00:00:00+10:00
0.014999999664723873,0.014999999664723873,0.014999999664723873,0.014999999664723873,0,2024-06-04 00:00:00+10:00
0.009999999776482582,0.009999999776482582,0.009999999776482582,0.009999999776482582,140000,2024-06-05 00:00:00+10:00
0.009999999776482582,0.009999999776482582,0.009999999776482582,0.009999999776482582,0,2024-06-06 00:00:00+10:00
0.009999999776482582,0.009999999776482582,0.009999999776482582,0.009999999776482582,7700,2024-06-07 00:00:00+10:00
0.009999999776482582,0.009999999776482582,0.009999999776482582,0.009999999776482582,100,2024-06-11 00:00:00+10:00
0.009999999776482582,0.009999999776482582,0.009999999776482582,0.009999999776482582,0,2024-06-12 00:00:00+10:00
0.009999999776482582,0.009999999776482582,0.009999999776482582,0.009999999776482582,0,2024-06-13 00:00:00+10:00
0.009999999776482582,0.009999999776482582,0.009999999776482582,0.009999999776482582,10000,2024-06-14 00:00:00+10:00
0.009999999776482582,0.009999999776482582,0.009999999776482582,0.009999999776482582,40000,2024-06-17 00:00:00+10:00
0.009999999776482582,0.009999999776482582,0.009999999776482582,0.009999999776482582,10498,2024-06-18 00:00:00+10:00
0.009999999776482582,0.009999999776482582,0.009999999776482582,0.009999999776482582,12000,2024-06-19 00:00:00+10:00
0.009999999776482582,0.009999999776482582,0.009999999776482582,0.009999999776482582,0,2024-06-20 00:00:00+10:00
0.012000000104308128,0.012000000104308128,0.012000000104308128,0.012000000104308128,5,2024-06-21 00:00:00+10:00
0.012000000104308128,0.012000000104308128,0.012000000104308128,0.012000000104308128,0,2024-06-24 00:00:00+10:00
0.012000000104308128,0.012000000104308128,0.012000000104308128,0.012000000104308128,0,2024-06-25 00:00:00+10:00
0.012000000104308128,0.012000000104308128,0.012000000104308128,0.012000000104308128,0,2024-06-26 00:00:00+10:00
0.012000000104308128,0.012000000104308128,0.012000000104308128,0.012000000104308128,0,2024-06-27 00:00:00+10:00
0.012000000104308128,0.012000000104308128,0.012000000104308128,0.012000000104308128,0,2024-06-28 00:00:00+10:00
0.012000000104308128,0.012000000104308128,0.012000000104308128,0.012000000104308128,0,2024-07-01 00:00:00+10:00
0.012000000104308128,0.012000000104308128,0.012000000104308128,0.012000000104308128,0,2024-07-02 00:00:00+10:00
0.012000000104308128,0.012000000104308128,0.012000000104308128,0.012000000104308128,0,2024-07-03 00:00:00+10:00
0.012000000104308128,0.012000000104308128,0.012000000104308128,0.012000000104308128,0,2024-07-04 00:00:00+10:00
0.012000000104308128,0.012000000104308128,0.012000000104308128,0.012000000104308128,0,2024-07-05 00:00:00+10:00
0.012000000104308128,0.012000000104308128,0.012000000104308128,0.012000000104308128,0,2024-07-08 00:00:00+10:00
0.012000000104308128,0.012000000104308128,0.012000000104308128,0.012000000104308128,0,2024-07-09 00:00:00+10:00
0.012000000104308128,0.012000000104308128,0.012000000104308128,0.012000000104308128,0,2024-07-10 00:00:00+10:00
0.012000000104308128,0.012000000104308128,0.012000000104308128,0.012000000104308128,0,2024-07-11 00:00:00+10:00
0.012000000104308128,0.012000000104308128,0.012000000104308128,0.012000000104308128,0,2024-07-12 00:00:00+10:00
0.012000000104308128,0.012000000104308128,0.012000000104308128,0.012000000104308128,0,2024-07-15 00:00:00+10:00
0.012000000104308128,0.012000000104308128,0.012000000104308128,0.012000000104308128,0,2024-07-16 00:00:00+10:00
0.012000000104308128,0.012000000104308128,0.012000000104308128,0.012000000104308128,0,2024-07-17 00:00:00+10:00
0.012000000104308128,0.012000000104308128,0.012000000104308128,0.012000000104308128,0,2024-07-18 00:00:00+10:00
0.012000000104308128,0.012000000104308128,0.012000000104308128,0.012000000104308128,0,2024-07-19 00:00:00+10:00
0.012000000104308128,0.012000000104308128,0.012000000104308128,0.012000000104308128,0,2024-07-22 00:00:00+10:00
0.012000000104308128,0.012000000104308128,0.012000000104308128,0.012000000104308128,0,2024-07-23 00:00:00+10:00
0.012000000104308128,0.012000000104308128,0.012000000104308128,0.012000000104308128,0,2024-07-24 00:00:00+10:00
0.012000000104308128,0.012000000104308128,0.012000000104308128,0.012000000104308128,0,2024-07-25 00:00:00+10:00
0.012000000104308128,0.012000000104308128,0.012000000104308128,0.012000000104308128,28,2024-07-26 00:00:00+10:00
0.009999999776482582,0.012000000104308128,0.009999999776482582,0.012000000104308128,297742,2024-07-29 00:00:00+10:00
0.012000000104308128,0.012000000104308128,0.012000000104308128,0.012000000104308128,0,2024-07-30 00:00:00+10:00
0.012000000104308128,0.012000000104308128,0.012000000104308128,0.012000000104308128,41667,2024-07-31 00:00:00+10:00
0.012000000104308128,0.012000000104308128,0.012000000104308128,0.012000000104308128,0,2024-08-01 00:00:00+10:00
0.012000000104308128,0.012000000104308128,0.012000000104308128,0.012000000104308128,0,2024-08-02 00:00:00+10:00
0.008999999612569809,0.008999999612569809,0.008999999612569809,0.008999999612569809,53022,2024-08-05 00:00:00+10:00
0.008999999612569809,0.008999999612569809,0.008999999612569809,0.008999999612569809,0,2024-08-06 00:00:00+10:00
0.008999999612569809,0.008999999612569809,0.008999999612569809,0.008999999612569809,0,2024-08-07 00:00:00+10:00
0.008999999612569809,0.008999999612569809,0.008999999612569809,0.008999999612569809,6607,2024-08-08 00:00:00+10:00
0.008999999612569809,0.008999999612569809,0.008999999612569809,0.008999999612569809,0,2024-08-09 00:00:00+10:00
0.008999999612569809,0.008999999612569809,0.008999999612569809,0.008999999612569809,0,2024-08-12 00:00:00+10:00
0.008999999612569809,0.008999999612569809,0.008999999612569809,0.008999999612569809,0,2024-08-13 00:00:00+10:00
0.008999999612569809,0.008999999612569809,0.008999999612569809,0.008999999612569809,53000,2024-08-14 00:00:00+10:00
0.008999999612569809,0.008999999612569809,0.008999999612569809,0.008999999612569809,0,2024-08-15 00:00:00+10:00
0.008999999612569809,0.008999999612569809,0.007000000216066837,0.007000000216066837,86040,2024-08-16 00:00:00+10:00
0.00800000037997961,0.00800000037997961,0.00800000037997961,0.00800000037997961,3,2024-08-19 00:00:00+10:00
0.00800000037997961,0.00800000037997961,0.00800000037997961,0.00800000037997961,0,2024-08-20 00:00:00+10:00
0.00800000037997961,0.00800000037997961,0.00800000037997961,0.00800000037997961,100000,2024-08-21 00:00:00+10:00
0.00800000037997961,0.00800000037997961,0.00800000037997961,0.00800000037997961,8000,2024-08-22 00:00:00+10:00
0.00800000037997961,0.00800000037997961,0.00800000037997961,0.00800000037997961,0,2024-08-23 00:00:00+10:00
0.00800000037997961,0.00800000037997961,0.00800000037997961,0.00800000037997961,0,2024-08-26 00:00:00+10:00
0.00800000037997961,0.00800000037997961,0.00800000037997961,0.00800000037997961,0,2024-08-27 00:00:00+10:00
0.00800000037997961,0.00800000037997961,0.00800000037997961,0.00800000037997961,0,2024-08-28 00:00:00+10:00
0.00800000037997961,0.00800000037997961,0.00800000037997961,0.00800000037997961,0,2024-08-29 00:00:00+10:00
0.00800000037997961,0.00800000037997961,0.00800000037997961,0.00800000037997961,0,2024-08-30 00:00:00+10:00
0.00800000037997961,0.00800000037997961,0.00800000037997961,0.00800000037997961,20000,2024-09-02 00:00:00+10:00
0.00800000037997961,0.00800000037997961,0.00800000037997961,0.00800000037997961,0,2024-09-03 00:00:00+10:00
0.00800000037997961,0.00800000037997961,0.00800000037997961,0.00800000037997961,0,2024-09-04 00:00:00+10:00
0.00800000037997961,0.00800000037997961,0.00800000037997961,0.00800000037997961,0,2024-09-05 00:00:00+10:00
0.00800000037997961,0.00800000037997961,0.00800000037997961,0.00800000037997961,0,2024-09-06 00:00:00+10:00
0.00800000037997961,0.00800000037997961,0.00800000037997961,0.00800000037997961,0,2024-09-09 00:00:00+10:00
0.00800000037997961,0.00800000037997961,0.00800000037997961,0.00800000037997961,31100,2024-09-10 00:00:00+10:00
0.00800000037997961,0.00800000037997961,0.00800000037997961,0.00800000037997961,0,2024-09-11 00:00:00+10:00
0.00800000037997961,0.00800000037997961,0.00800000037997961,0.00800000037997961,13400,2024-09-12 00:00:00+10:00
0.00800000037997961,0.00800000037997961,0.00800000037997961,0.00800000037997961,0,2024-09-13 00:00:00+10:00
0.00800000037997961,0.00800000037997961,0.00800000037997961,0.00800000037997961,0,2024-09-16 00:00:00+10:00
0.00800000037997961,0.00800000037997961,0.00800000037997961,0.00800000037997961,446500,2024-09-17 00:00:00+10:00
0.00800000037997961,0.00800000037997961,0.00800000037997961,0.00800000037997961,0,2024-09-18 00:00:00+10:00
0.00800000037997961,0.00800000037997961,0.00800000037997961,0.00800000037997961,522396,2024-09-19 00:00:00+10:00
0.00800000037997961,0.00800000037997961,0.00800000037997961,0.00800000037997961,262662,2024-09-20 00:00:00+10:00
0.00800000037997961,0.00800000037997961,0.00800000037997961,0.00800000037997961,0,2024-09-23 00:00:00+10:00
0.00800000037997961,0.00800000037997961,0.00800000037997961,0.00800000037997961,0,2024-09-24 00:00:00+10:00
0.00800000037997961,0.00800000037997961,0.007000000216066837,0.007000000216066837,356144,2024-09-25 00:00:00+10:00
0.007000000216066837,0.007000000216066837,0.007000000216066837,0.007000000216066837,600,2024-09-26 00:00:00+10:00
0.007000000216066837,0.007000000216066837,0.007000000216066837,0.007000000216066837,12360,2024-09-27 00:00:00+10:00
0.007000000216066837,0.007000000216066837,0.007000000216066837,0.007000000216066837,14000,2024-09-30 00:00:00+10:00
0.007000000216066837,0.007000000216066837,0.007000000216066837,0.007000000216066837,61667,2024-10-01 00:00:00+10:00
0.007000000216066837,0.007000000216066837,0.007000000216066837,0.007000000216066837,0,2024-10-02 00:00:00+10:00
0.007000000216066837,0.007000000216066837,0.007000000216066837,0.007000000216066837,0,2024-10-03 00:00:00+10:00
0.00800000037997961,0.00800000037997961,0.00800000037997961,0.00800000037997961,68082,2024-10-04 00:00:00+10:00
0.00800000037997961,0.00800000037997961,0.00800000037997961,0.00800000037997961,0,2024-10-07 00:00:00+11:00
0.00800000037997961,0.00800000037997961,0.00800000037997961,0.00800000037997961,0,2024-10-08 00:00:00+11:00
0.00800000037997961,0.00800000037997961,0.00800000037997961,0.00800000037997961,0,2024-10-09 00:00:00+11:00
0.00800000037997961,0.00800000037997961,0.00800000037997961,0.00800000037997961,0,2024-10-10 00:00:00+11:00
0.00800000037997961,0.00800000037997961,0.00800000037997961,0.00800000037997961,0,2024-10-11 00:00:00+11:00
0.00800000037997961,0.00800000037997961,0.00800000037997961,0.00800000037997961,0,2024-10-14 00:00:00+11:00
0.00800000037997961,0.00800000037997961,0.00800000037997961,0.00800000037997961,0,2024-10-15 00:00:00+11:00
0.00800000037997961,0.00800000037997961,0.00800000037997961,0.00800000037997961,0,2024-10-16 00:00:00+11:00
0.00800000037997961,0.00800000037997961,0.00800000037997961,0.00800000037997961,0,2024-10-17 00:00:00+11:00
0.00800000037997961,0.00800000037997961,0.00800000037997961,0.00800000037997961,0,2024-10-18 00:00:00+11:00
0.00800000037997961,0.00800000037997961,0.00800000037997961,0.00800000037997961,0,2024-10-21 00:00:00+11:00
0.00800000037997961,0.00800000037997961,0.00800000037997961,0.00800000037997961,0,2024-10-22 00:00:00+11:00
0.00800000037997961,0.00800000037997961,0.00800000037997961,0.00800000037997961,0,2024-10-23 00:00:00+11:00
0.00800000037997961,0.00800000037997961,0.00800000037997961,0.00800000037997961,41500,2024-10-24 00:00:00+11:00
0.00800000037997961,0.00800000037997961,0.00800000037997961,0.00800000037997961,10000,2024-10-25 00:00:00+11:00
0.00800000037997961,0.00800000037997961,0.00800000037997961,0.00800000037997961,101040,2024-10-28 00:00:00+11:00
0.00800000037997961,0.00800000037997961,0.00800000037997961,0.00800000037997961,0,2024-10-29 00:00:00+11:00
0.00800000037997961,0.00800000037997961,0.00800000037997961,0.00800000037997961,1000,2024-10-30 00:00:00+11:00
0.00800000037997961,0.00800000037997961,0.00800000037997961,0.00800000037997961,0,2024-10-31 00:00:00+11:00
0.00800000037997961,0.00800000037997961,0.00800000037997961,0.00800000037997961,0,2024-11-01 00:00:00+11:00
0.00800000037997961,0.00800000037997961,0.006000000052154064,0.006000000052154064,474800,2024-11-04 00:00:00+11:00
0.00800000037997961,0.00800000037997961,0.00800000037997961,0.00800000037997961,142000,2024-11-05 00:00:00+11:00
0.00800000037997961,0.00800000037997961,0.00800000037997961,0.00800000037997961,0,2024-11-06 00:00:00+11:00
0.00800000037997961,0.00800000037997961,0.00800000037997961,0.00800000037997961,2100,2024-11-07 00:00:00+11:00
0.00800000037997961,0.00800000037997961,0.00800000037997961,0.00800000037997961,12000,2024-11-08 00:00:00+11:00
0.00800000037997961,0.00800000037997961,0.00800000037997961,0.00800000037997961,52000,2024-11-11 00:00:00+11:00
0.00800000037997961,0.00800000037997961,0.00800000037997961,0.00800000037997961,6328,2024-11-12 00:00:00+11:00
0.008999999612569809,0.013000000268220901,0.008999999612569809,0.013000000268220901,79861,2024-11-13 00:00:00+11:00
0.013000000268220901,0.013000000268220901,0.010999999940395355,0.010999999940395355,10324,2024-11-14 00:00:00+11:00
0.010999999940395355,0.010999999940395355,0.010999999940395355,0.010999999940395355,0,2024-11-15 00:00:00+11:00
0.010999999940395355,0.010999999940395355,0.010999999940395355,0.010999999940395355,0,2024-11-18 00:00:00+11:00
0.010999999940395355,0.010999999940395355,0.010999999940395355,0.010999999940395355,0,2024-11-19 00:00:00+11:00
0.010999999940395355,0.010999999940395355,0.010999999940395355,0.010999999940395355,0,2024-11-20 00:00:00+11:00
0.009999999776482582,0.010999999940395355,0.009999999776482582,0.010999999940395355,11020,2024-11-21 00:00:00+11:00
0.010999999940395355,0.010999999940395355,0.010999999940395355,0.010999999940395355,0,2024-11-22 00:00:00+11:00
0.00800000037997961,0.00800000037997961,0.00800000037997961,0.00800000037997961,3000,2024-11-25 00:00:00+11:00
0.009999999776482582,0.009999999776482582,0.009999999776482582,0.009999999776482582,222441,2024-11-26 00:00:00+11:00
0.009999999776482582,0.009999999776482582,0.009999999776482582,0.009999999776482582,0,2024-11-27 00:00:00+11:00
0.009999999776482582,0.009999999776482582,0.009999999776482582,0.009999999776482582,0,2024-11-28 00:00:00+11:00
0.010999999940395355,0.010999999940395355,0.010999999940395355,0.010999999940395355,9891,2024-11-29 00:00:00+11:00
0.010999999940395355,0.010999999940395355,0.010999999940395355,0.010999999940395355,8,2024-12-02 00:00:00+11:00
0.009999999776482582,0.009999999776482582,0.009999999776482582,0.009999999776482582,200001,2024-12-03 00:00:00+11:00
0.009999999776482582,0.009999999776482582,0.009999999776482582,0.009999999776482582,1800,2024-12-04 00:00:00+11:00
0.009999999776482582,0.009999999776482582,0.009999999776482582,0.009999999776482582,0,2024-12-05 00:00:00+11:00
0.009999999776482582,0.009999999776482582,0.009999999776482582,0.009999999776482582,0,2024-12-06 00:00:00+11:00
0.009999999776482582,0.009999999776482582,0.009999999776482582,0.009999999776482582,0,2024-12-09 00:00:00+11:00
0.009999999776482582,0.009999999776482582,0.009999999776482582,0.009999999776482582,0,2024-12-10 00:00:00+11:00
0.009999999776482582,0.009999999776482582,0.009999999776482582,0.009999999776482582,10000,2024-12-11 00:00:00+11:00
0.009999999776482582,0.009999999776482582,0.009999999776482582,0.009999999776482582,9,2024-12-12 00:00:00+11:00
0.008999999612569809,0.008999999612569809,0.008999999612569809,0.008999999612569809,30000,2024-12-13 00:00:00+11:00
0.008999999612569809,0.008999999612569809,0.008999999612569809,0.008999999612569809,30009,2024-12-16 00:00:00+11:00
0.008999999612569809,0.008999999612569809,0.008999999612569809,0.008999999612569809,40823,2024-12-17 00:00:00+11:00
0.008999999612569809,0.008999999612569809,0.008999999612569809,0.008999999612569809,0,2024-12-18 00:00:00+11:00
0.008999999612569809,0.008999999612569809,0.008999999612569809,0.008999999612569809,84500,2024-12-19 00:00:00+11:00
0.009999999776482582,0.009999999776482582,0.008999999612569809,0.008999999612569809,362344,2024-12-20 00:00:00+11:00
0.009999999776482582,0.009999999776482582,0.009999999776482582,0.009999999776482582,154796,2024-12-23 00:00:00+11:00
0.009999999776482582,0.009999999776482582,0.009999999776482582,0.009999999776482582,175000,2024-12-24 00:00:00+11:00
0.009999999776482582,0.009999999776482582,0.009999999776482582,0.009999999776482582,39121,2024-12-27 00:00:00+11:00
0.009999999776482582,0.010999999940395355,0.009999999776482582,0.010999999940395355,138037,2024-12-30 00:00:00+11:00
