Open,High,Low,Close,Volume,Date
69.45698893900807,69.83904748755329,69.01255178493471,69.82345581054688,5639200,2020-01-02 00:00:00-05:00
68.7474500594123,69.69870303360427,68.53692968830092,69.16069793701172,5988500,2020-01-03 00:00:00-05:00
68.78644111306897,69.87804303083767,68.59931122534493,69.70650482177734,6786600,2020-01-06 00:00:00-05:00
69.3400348247105,69.8156613109325,68.81762735582785,69.30884552001953,7242500,2020-01-07 00:00:00-05:00
69.51157342717349,70.22111077954393,69.29325424182872,69.80006408691406,7696800,2020-01-08 00:00:00-05:00
70.18213314478983,70.35367135828785,69.43360762577734,70.33807373046875,7518000,2020-01-09 00:00:00-05:00
70.35368492263541,70.40046591760816,69.26208276616353,69.44141387939453,8581400,2020-01-10 00:00:00-05:00
69.7844629598139,69.7844629598139,68.55251235360525,69.02033996582031,9292200,2020-01-13 00:00:00-05:00
68.83070118290264,69.88963820094993,68.56991751101906,69.6999740600586,8876900,2020-01-14 00:00:00-05:00
69.68416533489933,71.02758638275773,69.68416533489933,70.53763580322266,8490100,2020-01-15 00:00:00-05:00
70.57714464044078,70.96437103738431,70.26894797617771,70.53763580322266,7073200,2020-01-16 00:00:00-05:00
70.43489514306764,70.5455295269322,69.37596431775785,69.54191589355469,10122300,2020-01-17 00:00:00-05:00
69.28905177101073,69.96076240141296,69.20212387458095,69.53402709960938,13552000,2020-01-21 00:00:00-05:00
69.56562176706973,69.67625614992734,68.87020478494736,68.91761779785156,6438900,2020-01-22 00:00:00-05:00
68.7911773885577,68.8069797156356,67.16326035995067,67.38452911376953,12266800,2020-01-23 00:00:00-05:00
67.510980589127,67.55049545562075,65.40101694739973,66.01741027832031,13215400,2020-01-24 00:00:00-05:00
67.21068245206392,67.90609942838279,66.38091855843484,66.39672088623047,13832000,2020-01-27 00:00:00-05:00
67.16326248335352,67.16326248335352,66.09642751278608,66.19915771484375,8614400,2020-01-28 00:00:00-05:00
66.22288788177862,66.38093531612012,65.69341631557597,65.74873352050781,5703200,2020-01-29 00:00:00-05:00
65.25875795081937,65.42470950228012,64.15240824529356,64.62655639648438,10870000,2020-01-30 00:00:00-05:00
64.43690330972005,64.57914836895604,63.54392412231269,64.02597045898438,13870100,2020-01-31 00:00:00-05:00
64.25515512032455,65.27457722610974,63.94695844056652,65.03750610351562,10143700,2020-02-03 00:00:00-05:00
66.05691773463434,66.94199887513916,66.05691773463434,66.66541290283203,8251500,2020-02-04 00:00:00-05:00
67.21856851955106,68.86228765445027,67.07632347847091,68.45925903320312,10020600,2020-02-05 00:00:00-05:00
69.45498937796167,69.51030657097839,68.13527489519001,68.89391326904297,7769700,2020-02-06 00:00:00-05:00
70.91695312613918,73.47736457205825,70.2373384122483,72.93209075927734,19090300,2020-02-07 00:00:00-05:00
72.98741129370121,75.46879311916382,72.78984900804896,74.87610626220703,13998300,2020-02-10 00:00:00-05:00
75.27913183704186,76.71738497474507,75.08156955972481,75.8639144897461,10682800,2020-02-11 00:00:00-05:00
75.84810874750538,77.33377483559639,75.63473812129536,77.27845764160156,10591000,2020-02-12 00:00:00-05:00
76.53563938927611,76.93866819878843,75.25543945066093,75.35026550292969,10613000,2020-02-13 00:00:00-05:00
75.25542355039391,75.31074074557084,74.10165457249443,74.32292938232422,11175800,2020-02-14 00:00:00-05:00
74.02262510959555,74.67853325074472,73.69862614280434,73.97521209716797,9406300,2020-02-18 00:00:00-05:00
74.10164105867408,74.90769836039206,73.50895434881362,74.39403533935547,6349100,2020-02-19 00:00:00-05:00
74.22809468356044,74.5916085288245,73.16915780464181,74.46517181396484,5446200,2020-02-20 00:00:00-05:00
74.2518116779191,75.48459846024525,73.79346570993326,75.04206085205078,6676000,2020-02-21 00:00:00-05:00
72.83724779994198,74.18067469743843,72.82144547299036,73.60379028320312,10705100,2020-02-24 00:00:00-05:00
73.7460416181865,73.85667600362689,69.62884476252101,70.47441101074219,11366400,2020-02-25 00:00:00-05:00
70.03188789163421,72.05492396103006,69.69208048662259,69.86593627929688,9786900,2020-02-26 00:00:00-05:00
68.11156211284586,70.68776946927147,66.53896228788713,67.50306701660156,14184100,2020-02-27 00:00:00-05:00
65.42473532319548,67.73226165771484,64.46853446599648,67.73226165771484,18450000,2020-02-28 00:00:00-05:00
67.96142428894974,70.15831587688646,66.02531635748323,70.08719635009766,12171100,2020-03-02 00:00:00-05:00
70.67989379526267,71.8336569595617,67.69275263946996,69.2021255493164,12660900,2020-03-03 00:00:00-05:00
70.54552796637901,72.59227608084014,70.2926485189795,72.5053482055664,16590400,2020-03-04 00:00:00-05:00
71.169829895621,72.47374207758521,70.67197514794246,71.6044692993164,9688400,2020-03-05 00:00:00-05:00
70.11879899943129,70.93275453468185,68.95713196208472,70.1899185180664,12664600,2020-03-06 00:00:00-05:00
66.380915543485,69.02034429135485,65.14022486318234,67.38452911376953,15806200,2020-03-09 00:00:00-04:00
69.69206131412797,69.715767819494,66.19125799920528,69.17049407958984,12965800,2020-03-10 00:00:00-04:00
67.80335231385062,68.46715843989453,66.04109476264719,67.0526123046875,10382200,2020-03-11 00:00:00-04:00
62.31113329415969,64.23934280978118,60.89658684136934,62.12147521972656,19935700,2020-03-12 00:00:00-04:00
65.87515976972982,68.2142961802408,63.76519630192345,67.46356201171875,21867700,2020-03-13 00:00:00-04:00
62.429676075842785,64.9426683413264,58.14652759459067,58.691795349121094,20916000,2020-03-16 00:00:00-04:00
59.8297631032685,61.41026142123873,55.309536949214014,57.7039909362793,23205000,2020-03-17 00:00:00-04:00
55.31743405294325,56.41587976109338,51.121213484817545,56.13138961791992,23712800,2020-03-18 00:00:00-04:00
54.60619564286868,59.15012663968464,51.626960059508406,56.15508270263672,19739900,2020-03-19 00:00:00-04:00
57.68818247578399,57.68818247578399,52.79653877214848,54.38494110107422,18844500,2020-03-20 00:00:00-04:00
53.2469846799883,53.53937903115916,49.430082915892264,50.9710693359375,19219000,2020-03-23 00:00:00-04:00
53.86337954043391,56.75568800338362,53.0178072470234,53.33390808105469,18376300,2020-03-24 00:00:00-04:00
53.67372685625385,55.85481644365676,51.80084001879897,53.665828704833984,20017300,2020-03-25 00:00:00-04:00
54.38492936441936,58.72339416180258,54.33751635946981,58.344078063964844,15979400,2020-03-26 00:00:00-04:00
56.605535162211815,59.3160895434178,55.878507510414444,57.42739486694336,12293300,2020-03-27 00:00:00-04:00
58.099114022676346,60.2485926445358,58.059605183216,59.458343505859375,10671600,2020-03-30 00:00:00-04:00
59.58477091607743,61.57619557984034,58.82613266182866,60.209068298339844,20474400,2020-03-31 00:00:00-04:00
56.99277546481785,58.47053763585748,56.447501578023584,58.02009582519531,12948000,2020-04-01 00:00:00-04:00
57.51432626397324,59.6638046958199,56.47119773429729,59.37141036987305,8077800,2020-04-02 00:00:00-04:00
58.99209339120128,59.61639087057598,57.33257157506595,57.98057556152344,8062700,2020-04-03 00:00:00-04:00
59.85346776097283,61.054649821763476,58.50214246442518,59.8455696105957,10266500,2020-04-06 00:00:00-04:00
61.93973651642577,62.0977899902074,59.46625843569783,59.5768928527832,11591700,2020-04-07 00:00:00-04:00
60.4066384811122,62.413871764020136,59.09482218216287,62.08196258544922,12218500,2020-04-08 00:00:00-04:00
62.081974729612405,63.28315688038119,62.081974729612405,63.02237319946289,9425900,2020-04-09 00:00:00-04:00
63.74148320738563,64.2709485569498,62.160985307226746,63.456993103027344,9293500,2020-04-13 00:00:00-04:00
64.66006346095911,66.4485980720728,64.39539044419797,65.87113189697266,11072700,2020-04-14 00:00:00-04:00
64.57184877558134,66.60099663602645,63.85803801326767,65.62251281738281,8977300,2020-04-15 00:00:00-04:00
66.3523440366684,67.14635680334257,65.43000276032883,65.65457153320312,10326900,2020-04-16 00:00:00-04:00
67.37092353069924,68.00453176009418,66.1678713247939,66.92980194091797,10734800,2020-04-17 00:00:00-04:00
67.00199416368552,68.4376373236183,66.27213949060219,67.36290740966797,9126300,2020-04-20 00:00:00-04:00
66.17590685990686,66.5448422105501,64.17883538578158,64.45153045654297,9627500,2020-04-21 00:00:00-04:00
65.14929496139546,66.12777235948104,64.7482775277563,65.34178161621094,7033300,2020-04-22 00:00:00-04:00
65.91121931765252,67.2345779455767,65.734770684724,65.79893493652344,7869600,2020-04-23 00:00:00-04:00
66.46462384364789,67.10624799064611,66.04756233501132,67.04208374023438,6770700,2020-04-24 00:00:00-04:00
67.39498574045636,68.10879624915233,67.19447703309143,67.92433166503906,9209700,2020-04-27 00:00:00-04:00
68.73438203237426,68.95093486171581,66.06361071646938,66.37640380859375,8341000,2020-04-28 00:00:00-04:00
67.14635415314677,67.9724490146322,65.87913770589734,67.17843627929688,8231700,2020-04-29 00:00:00-04:00
66.54480850296592,66.77739925993262,65.14927008020378,65.92723846435547,15535800,2020-04-30 00:00:00-04:00
65.72674891018424,67.55539338020562,64.56380090668597,66.44055938720703,12705300,2020-05-01 00:00:00-04:00
65.94330456091012,66.44056223826318,65.06106747360103,65.65457153320312,6833000,2020-05-04 00:00:00-04:00
66.52878248756106,69.3599703981533,66.24807153864674,68.46971130371094,10927000,2020-05-05 00:00:00-04:00
69.19957723386013,70.69938485231694,68.37348218185326,68.50982666015625,17042600,2020-05-06 00:00:00-04:00
69.39204725397575,69.64869814170183,67.0180250127496,67.54737091064453,11941800,2020-05-07 00:00:00-04:00
67.70777191950963,67.90026466462982,66.12776248779195,67.33883666992188,20188100,2020-05-08 00:00:00-04:00
68.23713999953745,70.94801612572188,67.35490271389506,70.4988784790039,19219800,2020-05-11 00:00:00-04:00
72.18315809875081,73.9716990417984,70.95604539011879,72.55209350585938,23492300,2020-05-12 00:00:00-04:00
72.77666485174692,73.97971752804862,70.3625435536786,71.27686309814453,23562600,2020-05-13 00:00:00-04:00
70.27428932867127,72.56810927927454,70.12190076302429,72.135009765625,13379500,2020-05-14 00:00:00-04:00
72.19115680165635,73.10547601884006,71.71795306979311,72.75257873535156,14071200,2020-05-15 00:00:00-04:00
73.78719903219209,75.11857969099897,73.23379308135794,73.36212158203125,16300200,2020-05-18 00:00:00-04:00
73.19372563263894,73.50651883507841,71.83026227829859,73.14559936523438,9892500,2020-05-19 00:00:00-04:00
73.89145885335046,74.22029603593654,72.1029247986782,73.1375503540039,10661500,2020-05-20 00:00:00-04:00
73.20974659559411,74.69350997534735,72.46385387444757,74.60528564453125,10393200,2020-05-21 00:00:00-04:00
74.48499440239951,74.59727881551359,73.57067497044679,73.86742401123047,5507000,2020-05-22 00:00:00-04:00
74.95015245743873,75.04639883994655,72.43176357936566,72.75257873535156,11869800,2020-05-26 00:00:00-04:00
72.61624423694168,72.98517957523488,71.028212362597,72.16710662841797,12529500,2020-05-27 00:00:00-04:00
72.88089617503068,73.13754703702708,72.18312377567834,72.20718383789062,8765900,2020-05-28 00:00:00-04:00
72.98517294200227,74.5010183520437,71.86232290370184,74.32456970214844,13758800,2020-05-29 00:00:00-04:00
73.82731221113859,74.63736302391027,72.73654429871051,72.74456024169922,8486500,2020-06-01 00:00:00-04:00
72.96111549245262,73.54659754006475,72.22324485645677,73.01725769042969,9413300,2020-06-02 00:00:00-04:00
73.36214682328885,73.38620689568337,71.86233908059852,72.89696502685547,8588400,2020-06-03 00:00:00-04:00
72.40771215178584,74.97422758681985,72.38365208304855,74.62133026123047,9525700,2020-06-04 00:00:00-04:00
74.99026221786382,76.62641412781117,74.43685618564969,75.2709732055664,9630100,2020-06-05 00:00:00-04:00
74.51705130503404,76.20132305047143,74.43684293507647,75.86446380615234,6621400,2020-06-08 00:00:00-04:00
76.15322253646532,77.52470780245183,76.00084004394361,77.13170623779297,9555900,2020-06-09 00:00:00-04:00
77.78935854423203,79.68216128355265,77.63697608337372,77.71717834472656,11138300,2020-06-10 00:00:00-04:00
76.74671488158067,77.7091542304761,73.81126446508132,73.99573516845703,12584800,2020-06-11 00:00:00-04:00
75.18274684085054,75.98478170914777,73.00923308204992,74.15614318847656,8010100,2020-06-12 00:00:00-04:00
73.20171701721353,75.4153348847956,72.80872165968141,74.65340423583984,7120200,2020-06-15 00:00:00-04:00
76.08104036982934,77.15576432958605,74.9742342758803,77.0434799194336,9366100,2020-06-16 00:00:00-04:00
77.67707868473794,77.87758740933408,76.40986207672056,76.78681945800781,6212200,2020-06-17 00:00:00-04:00
76.64245676980153,77.35626737558827,76.40184995966094,77.17982482910156,4571600,2020-06-18 00:00:00-04:00
78.37485343100427,78.75982676628306,76.79484365815547,77.5647964477539,9210900,2020-06-19 00:00:00-04:00
77.50864391518596,78.03798982942686,76.85097561263939,78.01392364501953,6004300,2020-06-22 00:00:00-04:00
78.93626437589018,79.48164829037573,77.83748060454366,78.04600524902344,6715600,2020-06-23 00:00:00-04:00
77.36427342352678,77.92570143571847,75.67197956397476,76.30558776855469,9025100,2020-06-24 00:00:00-04:00
76.33767140801734,77.85351666863656,75.64792100043995,77.78935241699219,6411700,2020-06-25 00:00:00-04:00
77.70916527548644,77.82144967818219,76.22540185211467,77.09961700439453,14568400,2020-06-26 00:00:00-04:00
77.39634857851505,78.0620388483297,76.73868036903431,77.34822845458984,6676400,2020-06-29 00:00:00-04:00
76.97127829650213,79.30519630866,76.85899391758264,78.7437744140625,8112500,2020-06-30 00:00:00-04:00
79.00043110619757,79.93079445027278,78.19839627263211,79.51373291015625,6522900,2020-07-01 00:00:00-04:00
79.76236593317208,80.19546550029379,78.48713341806965,79.30520629882812,6158800,2020-07-02 00:00:00-04:00
79.91474166260717,80.04307015920358,78.55930098274516,79.40946197509766,7039000,2020-07-06 00:00:00-04:00
79.14478997641807,80.75688154950421,79.04854360283218,79.6821517944336,6345600,2020-07-07 00:00:00-04:00
80.00298737906932,80.6606558024865,79.04054787325337,79.62602996826172,6154400,2020-07-08 00:00:00-04:00
79.4656347815251,80.02705687285737,77.64501177855556,78.55131530761719,5817300,2020-07-09 00:00:00-04:00
78.64753303918333,78.86408586875488,77.28407628329775,77.6610336303711,6202500,2020-07-10 00:00:00-04:00
78.08611179510704,79.8505859792934,77.73321451065371,78.48712921142578,8507400,2020-07-13 00:00:00-04:00
78.72256328376206,80.45174593268045,77.88638567146268,80.26502990722656,6765600,2020-07-14 00:00:00-04:00
81.18238147502889,81.57205963134766,80.22442912587458,81.57205963134766,5661600,2020-07-15 00:00:00-04:00
80.93073086100705,81.36911653348135,80.21632182717107,81.11744689941406,4269200,2020-07-16 00:00:00-04:00
81.41783072193199,82.22153475774462,81.11745360843251,81.85621643066406,6890900,2020-07-17 00:00:00-04:00
81.7993707647724,82.19716270683925,80.58163502096738,80.80894470214844,4823300,2020-07-20 00:00:00-04:00
81.02813216814114,81.02813216814114,78.88491781386098,79.07164001464844,8239000,2020-07-21 00:00:00-04:00
79.39635761027584,79.78602950440582,78.69006878579603,79.31517028808594,4441800,2020-07-22 00:00:00-04:00
79.75357400261673,80.3056144733,79.1122324121373,79.58309173583984,5127200,2020-07-23 00:00:00-04:00
79.599328535859,79.71298337588551,78.30852543309479,78.83621215820312,5169400,2020-07-24 00:00:00-04:00
78.21922663687558,79.46943610797362,78.14616546343045,78.8768081665039,5030700,2020-07-27 00:00:00-04:00
78.74692719840915,79.25026030302676,78.30854149962455,78.5114974975586,5941800,2020-07-28 00:00:00-04:00
78.64139579080299,79.07166153447562,78.45467353919794,78.75505065917969,5512000,2020-07-29 00:00:00-04:00
78.18675716976621,78.53584169158079,77.45612062088784,77.96756744384766,6411500,2020-07-30 00:00:00-04:00
77.56164819079612,78.94986617410677,75.94612052980524,77.05020141601562,14613000,2020-07-31 00:00:00-04:00
77.27752273181342,78.88493066247271,77.17198165576426,77.88639068603516,6919000,2020-08-03 00:00:00-04:00
77.87015346651543,77.95945459842747,76.36016039165338,76.54688262939453,7865100,2020-08-04 00:00:00-04:00
76.69300952266363,76.96091291257093,75.60516220927876,75.70258331298828,6918900,2020-08-05 00:00:00-04:00
75.75940348749775,76.0273068517524,74.50919398136739,75.1505355834961,7269300,2020-08-06 00:00:00-04:00
75.247953480488,75.49961688812328,74.85015534062818,75.4346694946289,5226600,2020-08-07 00:00:00-04:00
75.19924809592051,76.04354572288432,74.80957607961416,74.99629211425781,7623600,2020-08-10 00:00:00-04:00
74.93946286870259,75.73505302275402,74.79333431770232,75.23171997070312,7208400,2020-08-11 00:00:00-04:00
75.86493871402647,77.5941275334188,75.7675238129168,77.53730010986328,7705600,2020-08-12 00:00:00-04:00
77.23692549510451,77.52918259514966,76.31956671612797,76.86348724365234,6004200,2020-08-13 00:00:00-04:00
77.43176291940618,77.66719259841804,76.74983380259248,77.18009948730469,5488100,2020-08-14 00:00:00-04:00
77.35869176400765,78.95798566413247,77.33433804065129,78.21922302246094,7251400,2020-08-17 00:00:00-04:00
78.43841764639772,78.50335884305207,77.24503567152188,77.65094757080078,4557400,2020-08-18 00:00:00-04:00
78.83620193104669,79.0878653022116,77.81330230978124,78.0162582397461,7672000,2020-08-19 00:00:00-04:00
77.52105893595458,77.95944456517815,76.86348358898152,77.28562927246094,6798000,2020-08-20 00:00:00-04:00
77.28562252401842,77.38304360880298,76.57121981677034,77.00960540771484,5269000,2020-08-21 00:00:00-04:00
77.04208995396579,77.31810710914618,76.45757575037804,76.72547912597656,4103600,2020-08-24 00:00:00-04:00
76.48192037906416,76.95277967524844,76.23837695235528,76.36014556884766,6710000,2020-08-25 00:00:00-04:00
75.90553956316197,76.64430233296802,75.45092013172761,76.59558868408203,5682800,2020-08-26 00:00:00-04:00
76.57932350518425,77.17195127886687,76.04351694338854,76.55496978759766,5271500,2020-08-27 00:00:00-04:00
76.73360770330129,76.83914879546742,75.92990361523972,76.44947052001953,4938300,2020-08-28 00:00:00-04:00
76.40885541547297,77.94320184433793,76.3195543053296,77.74835968017578,9932300,2020-08-31 00:00:00-04:00
77.54541060325758,77.87014137855395,74.1113992227112,74.88262939453125,15783600,2020-09-01 00:00:00-04:00
74.74463194558464,76.50628845691325,74.60662335851657,76.27085876464844,9139200,2020-09-02 00:00:00-04:00
76.21402942472969,76.56311396744485,73.9490398839116,74.58226776123047,8921900,2020-09-03 00:00:00-04:00
74.75275004575762,75.60516146839338,73.535014133085,74.58226776123047,9444800,2020-09-04 00:00:00-04:00
74.29810393339136,74.57412721820025,72.61762908516823,73.24273681640625,8563900,2020-09-08 00:00:00-04:00
73.76231898555226,75.036882242419,73.4781818633956,74.38742065429688,5373500,2020-09-09 00:00:00-04:00
73.93277924147738,74.20880250203251,72.64198261648622,72.77999114990234,10403600,2020-09-10 00:00:00-04:00
72.90990354279558,73.34016922508917,72.28480185589683,72.82060241699219,8385800,2020-09-11 00:00:00-04:00
73.10476145261045,74.08706785383742,72.62578202093087,73.46195983886719,5212300,2020-09-14 00:00:00-04:00
74.20070180696734,74.67156113076504,73.583713941085,73.80290985107422,3851300,2020-09-15 00:00:00-04:00
73.89219592217135,74.09515186220489,72.812475028423,72.88553619384766,6304400,2020-09-16 00:00:00-04:00
72.49585868531665,73.72170800941728,72.39843761184794,72.76375579833984,5604700,2020-09-17 00:00:00-04:00
72.65010940209933,73.47005316615214,72.13866264294852,73.1534423828125,10076300,2020-09-18 00:00:00-04:00
72.36596445124795,72.60139406856426,70.76667076398691,72.32537078857422,7328300,2020-09-21 00:00:00-04:00
72.1711390406818,72.21172651556196,71.38366894206074,71.9275894165039,5306100,2020-09-22 00:00:00-04:00
72.25233316412199,72.47152291027962,70.72610633376705,70.74234008789062,6253000,2020-09-23 00:00:00-04:00
70.62867469314578,70.62867469314578,69.26481038235674,69.74378967285156,9980800,2020-09-24 00:00:00-04:00
69.81685596229241,70.51502501741332,69.37847030951475,70.00357818603516,9935600,2020-09-25 00:00:00-04:00
70.86409226136696,71.60284861539871,70.52312779027538,70.85597229003906,6306900,2020-09-28 00:00:00-04:00
70.71797754690422,70.85598611779454,70.06851597584162,70.53937530517578,5508900,2020-09-29 00:00:00-04:00
70.6286852180845,71.7977137140311,70.47443668216783,71.10765838623047,8209300,2020-09-30 00:00:00-04:00
71.57851778407486,71.57851778407486,70.40949548169196,70.74234008789062,8777300,2020-10-01 00:00:00-04:00
70.22277463671122,70.91282378456965,69.85745632129367,69.9142837524414,5554300,2020-10-02 00:00:00-04:00
70.21463873802485,71.58662294221718,69.98732906498746,71.3836669921875,5984200,2020-10-05 00:00:00-04:00
71.41613389258002,71.48919505465179,69.581410544633,69.7275390625,8743800,2020-10-06 00:00:00-04:00
69.94675972848992,70.87223860510505,69.84121864312417,70.68551635742188,5899700,2020-10-07 00:00:00-04:00
70.84786618054838,71.91135965854191,70.56372906571217,70.90469360351562,5535100,2020-10-08 00:00:00-04:00
70.96152173755802,72.00876899508098,70.91280809754655,71.19694519042969,6005800,2020-10-09 00:00:00-04:00
71.5785044246025,71.92758891349665,70.88845541922312,71.70027923583984,7314900,2020-10-12 00:00:00-04:00
71.44861877512885,72.0899603598972,71.01023315286729,71.302490234375,7851700,2020-10-13 00:00:00-04:00
71.45059280741853,71.68099794785653,70.68531500349565,70.82520294189453,5863900,2020-10-14 00:00:00-04:00
70.28211355921559,70.55365891643996,69.91181416252253,70.13399505615234,6190900,2020-10-15 00:00:00-04:00
70.67709241179146,71.71392193856111,70.57012037827893,70.98978424072266,5358500,2020-10-16 00:00:00-04:00
71.25311696104335,71.41769659109072,69.22883459699285,69.376953125,10288000,2020-10-19 00:00:00-04:00
69.27820493838023,69.80484714755893,68.64458441047844,69.32757568359375,6932100,2020-10-20 00:00:00-04:00
68.7762389238502,69.2370492258704,67.93689869880541,68.20845031738281,9776900,2020-10-21 00:00:00-04:00
68.31543805396053,69.85422463503095,68.23315137797233,69.376953125,8080100,2020-10-22 00:00:00-04:00
69.64850816363963,70.06817839290319,69.0724951258828,69.40164184570312,4238700,2020-10-23 00:00:00-04:00
69.19592589442215,69.38519091921646,68.14264126444924,69.05603790283203,7986300,2020-10-26 00:00:00-04:00
69.12185584954844,69.33580620884722,68.03565550874978,68.06034088134766,6705600,2020-10-27 00:00:00-04:00
66.9412122816566,67.64888879671163,66.02781599543601,66.23353576660156,11480200,2020-10-28 00:00:00-04:00
66.24178012400344,66.95768733700177,65.09797846013274,66.38166809082031,8876700,2020-10-29 00:00:00-04:00
68.46355147597325,70.88281849363815,68.29897813627066,70.02702331542969,18089100,2020-10-30 00:00:00-04:00
70.79230932054762,72.85773824237184,70.76762394459321,72.61910247802734,10781400,2020-11-02 00:00:00-05:00
73.35145274216832,73.55717254597249,71.94433003751624,72.38045501708984,8518800,2020-11-03 00:00:00-05:00
76.64298377781071,80.22250777040608,76.25622947063917,77.76210021972656,25849000,2020-11-04 00:00:00-05:00
78.46976499345323,78.60142240753315,76.52776948072888,77.0955581665039,8013000,2020-11-05 00:00:00-05:00
76.51133625974926,77.06266400062708,75.46627581198223,76.40435791015625,7006900,2020-11-06 00:00:00-05:00
78.7824666367405,79.77814988961246,77.90198598978289,78.27228546142578,11028900,2020-11-09 00:00:00-05:00
79.00464272143373,81.5720220990142,78.69194457195965,81.35807800292969,12267200,2020-11-10 00:00:00-05:00
81.58848909409527,82.18096323266339,80.45291156914931,80.76560974121094,9476500,2020-11-11 00:00:00-05:00
80.23074736721394,80.43646723225808,79.22683342130702,80.31303405761719,7646600,2020-11-12 00:00:00-05:00
80.15667201322744,81.9176331336024,80.14844146273862,81.49796295166016,6888600,2020-11-13 00:00:00-05:00
82.25500575985093,82.73227721234275,80.91371489654135,80.93840026855469,8611300,2020-11-16 00:00:00-05:00
81.76952687445834,82.50188902599922,81.25110884313803,81.63786315917969,11593500,2020-11-17 00:00:00-05:00
82.28794193993738,82.52657772493181,81.20174135745307,81.23465728759766,8880600,2020-11-18 00:00:00-05:00
81.26755583378747,82.41135747983607,81.12766159107984,82.01637268066406,7550300,2020-11-19 00:00:00-05:00
82.24677919910599,83.79379621972672,81.15235455898639,82.97914123535156,9682500,2020-11-20 00:00:00-05:00
83.88432071667171,84.55908151460032,83.16841344110911,84.0818099975586,7541500,2020-11-23 00:00:00-05:00
84.65782807246207,86.25421607333043,84.41096802612674,85.54653930664062,9322200,2020-11-24 00:00:00-05:00
85.43133428963664,85.95797657400321,85.07749591625867,85.74402618408203,6368100,2020-11-25 00:00:00-05:00
86.3858681236486,87.06062887077557,85.82630997153814,86.31180572509766,4418800,2020-11-27 00:00:00-05:00
86.5010724851135,86.7479325031598,85.29143893466745,86.05671691894531,20726500,2020-11-30 00:00:00-05:00
86.4434755987301,87.53790032959867,85.61236572265625,85.61236572265625,7623500,2020-12-01 00:00:00-05:00
85.579440063907,86.71501114311121,85.01988193544325,86.39408874511719,5492200,2020-12-02 00:00:00-05:00
86.40232011101592,86.97833306719454,85.8263071548373,86.18836975097656,4693600,2020-12-03 00:00:00-05:00
86.4187717597381,88.3031659015619,86.4187717597381,88.27848052978516,7235800,2020-12-04 00:00:00-05:00
88.08100295482087,88.22089093214818,86.36941246659075,87.09354400634766,6532500,2020-12-07 00:00:00-05:00
86.97834089072346,89.15897232623522,86.89605421502075,88.61587524414062,6688200,2020-12-08 00:00:00-05:00
88.78868029968132,89.81727945450137,88.56649936652042,89.42229461669922,7350700,2020-12-09 00:00:00-05:00
89.74322967314131,89.75146022539738,87.77654831475735,88.45130920410156,6285700,2020-12-10 00:00:00-05:00
88.05632357597763,88.39370085474494,86.87960581994955,87.50498962402344,5205200,2020-12-11 00:00:00-05:00
88.40192926011719,88.92857154448376,85.65350895288735,85.74402618408203,8272700,2020-12-14 00:00:00-05:00
86.76439793226524,86.77262220529418,84.19701218125829,84.60845184326172,12101000,2020-12-15 00:00:00-05:00
84.34513306017028,86.73971497320636,83.85140670762743,86.10609436035156,9182100,2020-12-16 00:00:00-05:00
86.2871203516042,86.81376257969987,85.66996090198548,86.31180572509766,6360600,2020-12-17 00:00:00-05:00
86.42701670563837,86.4517020815269,84.92114599572564,85.94974517822266,13906800,2020-12-18 00:00:00-05:00
84.55908740754332,85.51362423007764,83.56340410450748,85.3408203125,6664600,2020-12-21 00:00:00-05:00
85.09395979325242,85.16801592405993,83.94192740436583,84.59200286865234,4002900,2020-12-22 00:00:00-05:00
84.80594977867997,85.52185712373887,84.68252288993848,84.98698425292969,3659100,2020-12-23 00:00:00-05:00
84.84708686638413,85.07749207062092,84.42741665691229,84.97052001953125,1378600,2020-12-24 00:00:00-05:00
85.29144884421666,85.48070758556737,84.5261707710253,85.12686920166016,3948900,2020-12-28 00:00:00-05:00
85.53828951941375,86.7067827436908,85.53828951941375,86.15544891357422,5096400,2020-12-29 00:00:00-05:00
86.49286189708062,87.41448916681665,86.48463134449158,86.62451934814453,5328400,2020-12-30 00:00:00-05:00
86.61627507601978,88.2784884651287,86.27889155655643,88.17151641845703,6148100,2020-12-31 00:00:00-05:00
88.19621702551254,88.3361050210299,85.4642575855459,86.7397232055664,9523400,2021-01-04 00:00:00-05:00
86.73969951186093,88.0645292484395,86.09784846208682,87.63663482666016,6823800,2021-01-05 00:00:00-05:00
86.19661674873913,88.20444448437524,85.72757574404547,86.87960815429688,11017500,2021-01-06 00:00:00-05:00
87.31572951052522,88.09746239235923,86.8713739021527,87.80945587158203,8196000,2021-01-07 00:00:00-05:00
87.9164253060256,88.48421405724399,87.0277203938604,88.270263671875,5345900,2021-01-08 00:00:00-05:00
88.10568454094327,90.15465219685247,88.10568454094327,89.71029663085938,6334200,2021-01-11 00:00:00-05:00
89.87488293582211,91.15857270318868,89.79259625705498,90.335693359375,6106900,2021-01-12 00:00:00-05:00
90.35217307912056,93.32276862462764,90.26988010532571,92.53279876708984,9821300,2021-01-13 00:00:00-05:00
92.15814445759985,93.81483116732196,91.15914269469565,92.932373046875,8268800,2021-01-14 00:00:00-05:00
92.57440351840458,92.874105341104,91.14250257289481,92.00830078125,9196200,2021-01-15 00:00:00-05:00
92.61602258200121,93.49847433771882,91.79184582238761,93.39025115966797,7723800,2021-01-19 00:00:00-05:00
93.99798044560525,94.15615180372237,92.79917328114891,93.75655364990234,6554600,2021-01-20 00:00:00-05:00
93.76488508183432,93.86478780772582,92.20810730022644,92.62435913085938,5417000,2021-01-21 00:00:00-05:00
92.11652632129194,92.90740221538248,91.14249861555976,92.29135131835938,5185500,2021-01-22 00:00:00-05:00
91.35062084949367,92.59937622252066,90.91771543000527,91.99164581298828,6928200,2021-01-25 00:00:00-05:00
92.65765210232288,92.65765210232288,90.37658769277398,90.5763931274414,5554600,2021-01-26 00:00:00-05:00
88.4784716530635,88.82812160142805,85.4065316816519,85.57303619384766,11887900,2021-01-27 00:00:00-05:00
86.5803706314651,87.52942418603631,85.83944296783491,86.75519561767578,8534300,2021-01-28 00:00:00-05:00
86.5803591190432,86.98828403262713,84.75717452434574,85.31495666503906,9380400,2021-01-29 00:00:00-05:00
85.74787298005633,86.48880069477381,84.79881936004743,85.16512298583984,7518200,2021-02-01 00:00:00-05:00
85.64797207716144,86.83845253476039,85.33162298094237,86.13915252685547,10481300,2021-02-02 00:00:00-05:00
88.41188477691385,89.55241705992228,86.58870610887695,89.03626251220703,12101900,2021-02-03 00:00:00-05:00
88.96965570127156,90.6429832453785,87.62099767849325,90.35160827636719,9077800,2021-02-04 00:00:00-05:00
91.26737566823678,91.80017751249356,90.27670061330568,90.51812744140625,7251000,2021-02-05 00:00:00-05:00
90.65132191221775,90.72625054347385,88.08720914665463,88.94468688964844,9199100,2021-02-08 00:00:00-05:00
88.24539635898371,88.66164822860156,87.5044685391839,87.74589538574219,5506900,2021-02-09 00:00:00-05:00
88.2287260703316,88.35359651745331,86.34726633189126,86.62199401855469,7446000,2021-02-10 00:00:00-05:00
87.05489077538992,87.14646666854597,86.01426139997812,86.37223815917969,5090100,2021-02-11 00:00:00-05:00
86.38057545861615,87.05490134326232,85.87274775364855,86.9466781616211,3738400,2021-02-12 00:00:00-05:00
87.6876204986207,88.40357422346776,86.59703627970282,86.74688720703125,5637300,2021-02-16 00:00:00-05:00
87.16313977506246,88.86977499710551,86.70526652508715,88.48682403564453,6940400,2021-02-17 00:00:00-05:00
87.6792753721029,88.75320573509686,87.58769947166556,88.29532623291016,5386600,2021-02-18 00:00:00-05:00
88.4368667255987,88.828138111111,87.337962146854,87.42121124267578,6702400,2021-02-19 00:00:00-05:00
87.12984192781863,89.64400035439799,86.77186507603257,89.12784576416016,10272500,2021-02-22 00:00:00-05:00
89.05291781276128,89.57739283370796,88.21208733503816,88.47016143798828,7058600,2021-02-23 00:00:00-05:00
88.24538080848977,91.1091951992825,87.91237810117693,90.48481750488281,7626200,2021-02-24 00:00:00-05:00
90.31000350407317,90.99265627897448,89.13617024701773,89.35262298583984,6237600,2021-02-25 00:00:00-05:00
89.6439833985786,90.39323787123767,87.71257539766746,89.69393157958984,9250000,2021-02-26 00:00:00-05:00
90.35161297891676,90.91771567024479,89.96866209235637,90.25171661376953,4709500,2021-03-01 00:00:00-05:00
90.6180107577576,91.05923662599076,89.7522062977443,89.78550720214844,5487000,2021-03-02 00:00:00-05:00
88.96134074630201,89.1944407525841,87.79583436339271,88.83646392822266,7218700,2021-03-03 00:00:00-05:00
88.66163682681606,89.70226636703691,87.37125365634276,87.95401000976562,7503700,2021-03-04 00:00:00-05:00
88.25371703768116,89.06956708855866,86.63865786339439,88.82814025878906,7277800,2021-03-05 00:00:00-05:00
88.95299537552792,90.04357925099015,88.07887053431487,88.33694458007812,6049400,2021-03-08 00:00:00-05:00
88.64498682751338,90.48481903596286,88.61168592106877,88.90306091308594,6857500,2021-03-09 00:00:00-05:00
89.40256503473697,90.21009457855448,89.11951684698579,89.91039276123047,5762600,2021-03-10 00:00:00-05:00
90.01861617280376,90.43486799218479,89.36093753600187,89.80216979980469,4671400,2021-03-11 00:00:00-05:00
89.74388640573423,90.39323816699736,89.38590962048684,90.09353637695312,5341200,2021-03-12 00:00:00-05:00
90.46816322364516,91.87509631735705,90.21008914430091,91.7918472290039,6642200,2021-03-15 00:00:00-04:00
91.53377621934155,92.47450943390282,91.49215484663021,92.27470397949219,5570200,2021-03-16 00:00:00-04:00
86.38057108203313,87.48779598864365,85.58136842737144,87.44617462158203,19445600,2021-03-17 00:00:00-04:00
86.5803640979224,87.4045407854352,86.09751054301685,86.38888549804688,8675100,2021-03-18 00:00:00-04:00
86.52209752611239,86.93834931708734,85.68126712992348,86.09751892089844,10899100,2021-03-19 00:00:00-04:00
86.16411490199398,88.57837639660063,85.64796042956841,88.16212463378906,7627200,2021-03-22 00:00:00-04:00
87.72091827601635,88.19544513701761,87.0049645767514,87.2796859741211,6111600,2021-03-23 00:00:00-04:00
87.26301367517462,87.68759222428565,85.78948532449152,85.79780578613281,9420100,2021-03-24 00:00:00-04:00
85.66461880649427,86.70524827121967,84.95699204078065,86.48046875,6281500,2021-03-25 00:00:00-04:00
86.4721462449596,88.34527923722345,86.44716580313772,88.22872924804688,6596900,2021-03-26 00:00:00-04:00
88.04559688582862,89.07789973990864,87.82081732029943,88.8531265258789,5472700,2021-03-29 00:00:00-04:00
88.96133591148937,89.10286000025506,88.13715911935554,88.90306091308594,5354100,2021-03-30 00:00:00-04:00
88.97797830256667,90.89273903323837,88.91138284483316,90.09353637695312,9048000,2021-03-31 00:00:00-04:00
90.67630262021116,90.72625716185895,89.3442979537564,90.34329986572266,5091700,2021-04-01 00:00:00-04:00
90.80949344290866,90.80949344290866,87.74587996680746,88.36193084716797,10584400,2021-04-05 00:00:00-04:00
88.12050285835548,88.4784796525696,87.31297336781444,87.7292251586914,8522500,2021-04-06 00:00:00-04:00
87.85408547343765,88.35358625841926,86.7218803066809,87.58768463134766,8037300,2021-04-07 00:00:00-04:00
87.74587857482086,89.01128122136535,87.70425085523459,88.32862854003906,5881800,2021-04-08 00:00:00-04:00
88.57007001589119,89.67730148476586,88.28702180059953,89.52745056152344,5977500,2021-04-09 00:00:00-04:00
89.76054581042699,90.38492356546655,89.37759488284928,90.11852264404297,5647500,2021-04-12 00:00:00-04:00
89.93535866790252,90.21008636735942,89.10285510700146,90.09353637695312,6165100,2021-04-13 00:00:00-04:00
89.50369450704845,89.8828734650762,88.96441462381092,89.23405456542969,7766700,2021-04-14 00:00:00-04:00
89.30988064989475,90.11880041012024,88.998113309362,90.06824493408203,5730500,2021-04-15 00:00:00-04:00
90.57384192569772,91.46702961055516,90.27892419289196,90.92774963378906,8207700,2021-04-16 00:00:00-04:00
90.97827543601971,91.61867261023666,90.26204505327931,91.5175552368164,4542900,2021-04-19 00:00:00-04:00
91.10468920756817,92.31806579354856,91.04570566817137,91.87147521972656,5411800,2021-04-20 00:00:00-04:00
92.51186897944393,93.90220255905139,92.14111164388903,93.36292266845703,6181100,2021-04-21 00:00:00-04:00
93.2365234736594,93.60727436432997,92.3601920824618,92.73094940185547,5046000,2021-04-22 00:00:00-04:00
92.44447058814917,94.18027758209921,92.30965381060878,93.85165405273438,4611000,2021-04-23 00:00:00-04:00
94.00332173146472,94.40778489910072,93.40505825147788,93.86007690429688,5202300,2021-04-26 00:00:00-04:00
93.74211310330682,94.24768725901802,93.17755540324139,93.90221405029297,3522900,2021-04-27 00:00:00-04:00
94.1044451834244,94.85438159592073,93.80109939536698,94.31510162353516,5116000,2021-04-28 00:00:00-04:00
94.69427701438268,94.88808376049421,92.96689812892376,93.43876647949219,6766700,2021-04-29 00:00:00-04:00
93.92747342113547,94.635275814937,92.78150213036096,93.95275115966797,10575400,2021-04-30 00:00:00-04:00
94.71111604552944,96.98620252965786,94.02858495731253,96.6323013305664,9138200,2021-05-03 00:00:00-04:00
96.58176634018533,97.69403207949522,95.25884416215216,95.9750747680664,8151400,2021-05-04 00:00:00-04:00
96.3205432738534,97.98051695840374,96.01719750262978,97.5592041015625,7021400,2021-05-05 00:00:00-04:00
96.90194401018269,97.8962424754361,96.19414159189543,97.81198120117188,5803800,2021-05-06 00:00:00-04:00
98.06477214032421,98.52821882549355,96.86824524426252,97.53392028808594,6808200,2021-05-07 00:00:00-04:00
98.06477893039944,98.75573176330622,97.71930572830809,97.92996215820312,7093300,2021-05-10 00:00:00-04:00
97.30641763740691,98.22487655492357,96.3795242342127,96.80926513671875,5784600,2021-05-11 00:00:00-04:00
96.77556626827693,97.74458716818918,96.43009305311911,96.86825561523438,6208300,2021-05-12 00:00:00-04:00
97.36540704554729,98.75573437666739,96.91038837348601,98.25016021728516,6558200,2021-05-13 00:00:00-04:00
98.89055286529225,99.08435317659685,98.06477684899205,98.1069107055664,6268500,2021-05-14 00:00:00-04:00
98.39339707016717,99.18546726048265,98.21644645017143,98.49451446533203,6183200,2021-05-17 00:00:00-04:00
97.83728826289368,99.34558931054417,97.17161306787082,98.76417541503906,8174900,2021-05-18 00:00:00-04:00
98.13219681624187,98.16590261863082,96.379533664363,97.61819458007812,6433600,2021-05-19 00:00:00-04:00
97.18843493201133,98.87368615479265,97.00306269763291,98.67988586425781,5526100,2021-05-20 00:00:00-04:00
99.02535857384052,99.66575583564173,97.79512595822452,97.84568786621094,5577800,2021-05-21 00:00:00-04:00
98.24172624665668,98.4271049273079,97.39910055549583,97.66874694824219,4821300,2021-05-24 00:00:00-04:00
97.71930189806443,97.74457964006518,96.21942920459716,96.53119659423828,6574200,2021-05-25 00:00:00-04:00
96.50590985262399,96.68286045885166,95.8570909631225,96.64915466308594,5802600,2021-05-26 00:00:00-04:00
97.00306934996956,97.07047451767372,94.39092463254266,94.64371490478516,26406000,2021-05-27 00:00:00-04:00
95.4947612021319,96.46378193204951,95.09872613983072,95.38521575927734,7104300,2021-05-28 00:00:00-04:00
95.80655129672061,96.05091355120874,94.40779580569765,94.55104064941406,6846200,2021-06-01 00:00:00-04:00
94.71954577344741,94.93020217120487,93.40504547990922,93.86849212646484,8100700,2021-06-02 00:00:00-04:00
93.63258160928855,94.71956966736693,93.23654645300519,94.55104064941406,6286100,2021-06-03 00:00:00-04:00
94.71111973623607,95.30938314717228,94.50889139012094,94.67741394042969,4255400,2021-06-04 00:00:00-04:00
94.97234551205372,96.15202282296846,94.65215004813402,95.22513580322266,5570100,2021-06-07 00:00:00-04:00
94.94706431880131,95.2925375135404,94.22240570108646,94.66056823730469,4114200,2021-06-08 00:00:00-04:00
95.11559066361811,96.41323506711724,94.99762357500221,96.05933380126953,4884000,2021-06-09 00:00:00-04:00
96.36268889927314,98.578792482558,96.18573824923669,97.94682312011719,6263800,2021-06-10 00:00:00-04:00
97.94681989408991,98.04793730309092,96.79242667777027,97.25586700439453,4471400,2021-06-11 00:00:00-04:00
96.96096084424464,97.3064405447158,96.21945237585156,97.23902893066406,4427600,2021-06-14 00:00:00-04:00
97.20529852175011,97.69402295684493,96.49748961079835,97.60133361816406,3590500,2021-06-15 00:00:00-04:00
97.92996269605541,98.1911746133682,97.04520311414733,97.34854888916016,6670200,2021-06-16 00:00:00-04:00
96.88511485225233,97.65190096784305,96.08461650534609,96.81770324707031,4172300,2021-06-17 00:00:00-04:00
95.75598020583412,96.22784852177942,95.25883414849513,95.31781768798828,7415400,2021-06-18 00:00:00-04:00
95.79812219651181,97.11261629040933,95.0229016318339,96.67445373535156,4666100,2021-06-21 00:00:00-04:00
96.47220405685826,97.13787905860421,95.95820192169649,96.64915466308594,4359900,2021-06-22 00:00:00-04:00
96.52278052706357,96.92723727982548,96.01719994302492,96.05933380126953,3837300,2021-06-23 00:00:00-04:00
96.41323660453169,97.90468777952502,96.27841982770265,96.68287658691406,7712300,2021-06-24 00:00:00-04:00
95.13243276857733,95.71384006864123,94.49203550416856,95.19984436035156,11709400,2021-06-25 00:00:00-04:00
95.43578980712063,96.15202037556986,95.08188212274747,95.21670532226562,5141800,2021-06-28 00:00:00-04:00
94.92177160619137,95.00603287732245,94.0454402432376,94.6268539428711,5795100,2021-06-29 00:00:00-04:00
94.55102367864953,95.14928712037059,94.06229925739338,94.9133529663086,5042600,2021-06-30 00:00:00-04:00
95.17456785441112,96.52277408354719,95.12401237087184,96.27841186523438,5306900,2021-07-01 00:00:00-04:00
96.49746580485865,97.31481353773721,95.96661407414882,97.04517364501953,5719500,2021-07-02 00:00:00-04:00
97.04520741634747,97.66032705092738,96.70815582597729,97.51708221435547,7172100,2021-07-06 00:00:00-04:00
97.6687387026631,98.56191980269611,97.1631581876706,98.37654113769531,6695100,2021-07-07 00:00:00-04:00
97.54234371534648,98.42709676041959,97.47493212275329,98.03948974609375,3948800,2021-07-08 00:00:00-04:00
97.99738032546361,98.86528384619352,97.83727937082332,98.23331451416016,4823400,2021-07-09 00:00:00-04:00
98.41867524101019,99.72474109814057,98.26700237187056,99.11804962158203,8148400,2021-07-12 00:00:00-04:00
99.08436510705963,99.5056780086365,98.32600702720103,99.35401153564453,6540300,2021-07-13 00:00:00-04:00
99.5755161320141,100.15488962193032,99.16654393308806,99.99300384521484,6543400,2021-07-14 00:00:00-04:00
99.5244034355396,100.10377700050057,98.6212647756038,99.83965301513672,4544600,2021-07-15 00:00:00-04:00
100.46162053754435,100.81946716093994,99.61811656760686,100.11228942871094,6826100,2021-07-16 00:00:00-04:00
99.40511996422454,99.68628797758906,96.90870240699226,98.34009552001953,6762000,2021-07-19 00:00:00-04:00
98.45085943603542,100.30826227417502,98.37417429801852,98.87686920166016,5581400,2021-07-20 00:00:00-04:00
99.37955174490885,99.74592038175861,98.65533648612939,99.6777572631836,4133800,2021-07-21 00:00:00-04:00
99.37955867700106,100.46162713358127,99.16655379189082,100.14637756347656,6257000,2021-07-22 00:00:00-04:00
100.52127198239579,101.10916106691153,100.17194083762554,100.7001953125,4411100,2021-07-23 00:00:00-04:00
100.64907380489409,100.93876385139284,99.91633642306007,100.35939025878906,3730100,2021-07-26 00:00:00-04:00
100.3593773008246,100.79390906427103,99.48179825924726,100.50421905517578,3773100,2021-07-27 00:00:00-04:00
100.22304936739492,101.33067729459273,99.94188787852157,101.00691223144531,5650400,2021-07-28 00:00:00-04:00
101.41586072945749,101.50106136315175,100.66608605239965,101.279541015625,4632200,2021-07-29 00:00:00-04:00
101.39032440604542,101.51812863604763,98.93651049165409,99.08987426757812,9017200,2021-07-30 00:00:00-04:00
99.59255649358624,99.89076201149696,98.33157130345154,98.36564636230469,9245500,2021-08-02 00:00:00-04:00
98.55309124287639,99.0983831875627,97.88851709156448,99.0472640991211,5902700,2021-08-03 00:00:00-04:00
98.6468107945944,99.27730336693264,97.90555803399442,98.05039978027344,4602000,2021-08-04 00:00:00-04:00
98.09300342981997,98.4593720775807,97.51362990546329,98.08448791503906,5132400,2021-08-05 00:00:00-04:00
98.20376629212852,98.45085271938096,97.49658856934317,97.51362609863281,5340400,2021-08-06 00:00:00-04:00
97.62439686334102,98.14412928366029,96.90869709585505,97.18134307861328,5277900,2021-08-09 00:00:00-04:00
97.3006258713851,98.00780362790131,96.2100419338335,97.8288803100586,5120800,2021-08-10 00:00:00-04:00
98.11857280865557,98.27193008463729,96.74682083674472,96.89166259765625,6840400,2021-08-11 00:00:00-04:00
97.0961565015976,98.60423489075214,97.05355942022565,98.52754974365234,4863600,2021-08-12 00:00:00-04:00
98.68090433148713,99.48180479113304,98.57865964502382,99.24324035644531,4416400,2021-08-13 00:00:00-04:00
99.68628363640862,101.06655759613116,99.43919719606609,100.88763427734375,8180500,2021-08-16 00:00:00-04:00
100.60645966703021,102.02080859422368,100.53829654995296,101.95265197753906,6551700,2021-08-17 00:00:00-04:00
101.53516689054791,102.17418154472247,99.8396498282482,99.9333724975586,5586900,2021-08-18 00:00:00-04:00
99.01317847527146,101.35623193841685,99.01317847527146,100.47865295410156,6145200,2021-08-19 00:00:00-04:00
100.62351383976193,101.79078303630993,100.24010761847208,101.23696899414062,4112500,2021-08-20 00:00:00-04:00
102.07194267668388,102.62575017294482,101.57776978733754,101.69705200195312,4748300,2021-08-23 00:00:00-04:00
102.0037699737013,102.0037699737013,100.89614208442191,101.96968841552734,3831500,2021-08-24 00:00:00-04:00
102.12306903966093,103.43517999424704,101.2795714618533,102.58316040039062,5241100,2021-08-25 00:00:00-04:00
102.97508863351734,103.30737575508985,102.37015550192652,102.58316040039062,5035400,2021-08-26 00:00:00-04:00
102.53201341335635,102.78762183834344,101.74815711063796,101.88448333740234,4279900,2021-08-27 00:00:00-04:00
102.10601211164425,103.00915718733312,101.85041016600586,102.72798919677734,3260900,2021-08-30 00:00:00-04:00
102.94953259741678,103.23921614902024,102.26791429892391,102.90692901611328,6021800,2021-08-31 00:00:00-04:00
103.09436848461274,103.54593781890388,90.39927552816438,95.65623474121094,50943200,2021-09-01 00:00:00-04:00
96.74681734827716,96.90869663388527,94.42080124052727,95.44322204589844,14719200,2021-09-02 00:00:00-04:00
94.72754913766023,95.48584613967495,94.59122286744017,95.1024398803711,5364800,2021-09-03 00:00:00-04:00
94.10554939560518,95.05981355770453,92.29075023505874,92.89568328857422,12694200,2021-09-07 00:00:00-04:00
92.06922970981059,94.48896859143483,91.77954618546318,94.02887725830078,10823200,2021-09-08 00:00:00-04:00
93.24502076954703,93.50062273194655,91.33649231491901,91.39613342285156,10337100,2021-09-09 00:00:00-04:00
91.5750584446887,92.29075170234708,90.62079426741793,90.89344024658203,7620100,2021-09-10 00:00:00-04:00
91.49836522580544,92.67414968824596,91.00419240085809,91.5750503540039,7398900,2021-09-13 00:00:00-04:00
92.00958246316581,92.07774558213278,90.52707037779474,90.72303771972656,6102700,2021-09-14 00:00:00-04:00
90.81675268516359,92.69972144453563,90.33962385947261,91.82213592529297,7444300,2021-09-15 00:00:00-04:00
92.2226005798736,92.6571324002055,90.7656478297659,92.0862808227539,5821800,2021-09-16 00:00:00-04:00
91.59210331841471,92.23111799272924,91.25129419203495,91.78807067871094,14157200,2021-09-17 00:00:00-04:00
90.39926825711035,91.5835748500336,89.93917694397288,90.65487670898438,7103400,2021-09-20 00:00:00-04:00
90.52708061204619,91.51542644762307,90.48447703277722,91.29389953613281,6400400,2021-09-21 00:00:00-04:00
91.17460914613531,91.66026000448082,90.25442651967238,90.66339874267578,6319100,2021-09-22 00:00:00-04:00
91.15756690377849,92.24815085265453,90.86788338628025,91.47281646728516,5847800,2021-09-23 00:00:00-04:00
91.05533720514947,92.06072059551714,90.68896851627667,91.22573852539062,5836100,2021-09-24 00:00:00-04:00
91.27686889633266,92.56342047437346,91.18314620850485,91.7795639038086,4969600,2021-09-27 00:00:00-04:00
91.69433567717064,92.54635512836029,91.20016283538644,91.45576477050781,6445600,2021-09-28 00:00:00-04:00
91.89031283835902,93.36430961099862,91.57506974565575,92.73381042480469,6270100,2021-09-29 00:00:00-04:00
93.04052966237795,94.07999452442155,91.83066349524886,91.9073486328125,7886400,2021-09-30 00:00:00-04:00
92.23109943152652,93.45800943942473,91.05531500755214,92.94679260253906,8611500,2021-10-01 00:00:00-04:00
92.73379947784714,93.89254652060303,91.75398225085773,92.64008331298828,9779200,2021-10-04 00:00:00-04:00
93.20240468155608,94.2163098807043,92.95531826746145,93.30464935302734,7146900,2021-10-05 00:00:00-04:00
93.1257389585144,93.4409820302169,92.14591518074032,93.14277648925781,5710300,2021-10-06 00:00:00-04:00
93.5347047383001,95.24726584620863,93.34725939808014,94.46340942382812,7842600,2021-10-07 00:00:00-04:00
94.6167483731269,95.21315929877917,94.26741733067944,94.72750854492188,5019800,2021-10-08 00:00:00-04:00
94.69345142501477,94.91497832615522,93.96071409849834,94.01183319091797,4613800,2021-10-11 00:00:00-04:00
93.82438644168336,93.94366864753476,92.15442905937104,92.50375366210938,6305800,2021-10-12 00:00:00-04:00
92.52079224543051,92.90420491180052,92.0181038722429,92.46967315673828,5471100,2021-10-13 00:00:00-04:00
93.09919107053263,93.9874094289002,92.96121866087567,93.91842651367188,7289500,2021-10-14 00:00:00-04:00
94.12537844504668,94.82387890932861,94.06501428861736,94.28060150146484,4634500,2021-10-15 00:00:00-04:00
93.98739769756065,93.98739769756065,92.34893359499263,92.64213562011719,7949400,2021-10-18 00:00:00-04:00
92.91810828145417,93.19405970877396,92.15061816862092,92.6594009399414,4614900,2021-10-19 00:00:00-04:00
92.70251059219751,94.09089290507714,92.70251059219751,93.48725128173828,5626800,2021-10-20 00:00:00-04:00
93.48725692888799,93.9529195926207,92.40069536204342,93.78907775878906,4811800,2021-10-21 00:00:00-04:00
93.71146280687452,94.18575738124582,93.40101664532251,94.11676788330078,4614400,2021-10-22 00:00:00-04:00
94.0650137635377,94.1167525889884,92.91808821858348,93.56484985351562,5697400,2021-10-25 00:00:00-04:00
93.83218916913407,94.49620155931622,93.30615577194578,94.41858673095703,5047400,2021-10-26 00:00:00-04:00
94.49620211806285,94.6169304480461,93.28028690711662,93.47863006591797,4875300,2021-10-27 00:00:00-04:00
93.47000117109472,94.77214991393618,93.3061527669914,94.57380676269531,5193300,2021-10-28 00:00:00-04:00
96.66068214884916,99.10113104178724,96.08290998215634,98.88554382324219,16545000,2021-10-29 00:00:00-04:00
99.38571462794391,99.79101967953251,97.93696815588267,99.00627899169922,7096800,2021-11-01 00:00:00-04:00
99.38572675335966,101.48986051404628,99.30811849785944,100.48953247070312,10357800,2021-11-02 00:00:00-04:00
100.4895240825717,101.4208625460393,100.23944209261093,101.38636779785156,6186900,2021-11-03 00:00:00-04:00
101.38637118016277,101.515724845382,100.31706026747182,100.94657135009766,4912200,2021-11-04 00:00:00-04:00
100.66200203776224,101.17078479163072,99.60130986898444,101.05005645751953,4635800,2021-11-05 00:00:00-04:00
101.06729049642173,101.28287772579056,99.84275661261488,100.08421325683594,7015000,2021-11-08 00:00:00-05:00
100.2394521568842,100.54127300982985,99.5237074425277,99.69617462158203,3146800,2021-11-09 00:00:00-05:00
99.51506762851152,100.98105817474774,99.50644229705361,100.67923736572266,4981100,2021-11-10 00:00:00-05:00
100.84307724791506,101.3173651708281,100.28254917610907,100.57574462890625,3120900,2021-11-11 00:00:00-05:00
101.2397754878516,101.2397754878516,100.40329589219095,100.86896514892578,2740300,2021-11-12 00:00:00-05:00
100.85171774656098,101.5847196950138,100.22220663077577,100.7568588256836,3941000,2021-11-15 00:00:00-05:00
100.55850935191123,101.30012995877203,100.32567145623156,100.39466094970703,3476400,2021-11-16 00:00:00-05:00
100.54988593360486,101.42948554415288,100.24806511790715,101.19664764404297,4361500,2021-11-17 00:00:00-05:00
101.24839463374002,102.07624884650745,100.58438224964918,100.95519256591797,3160300,2021-11-18 00:00:00-05:00
101.4381131624713,101.58471749650967,99.9117582872794,100.23944854736328,5885800,2021-11-19 00:00:00-05:00
99.9893602277944,101.18802476721662,99.17875667156963,99.73065948486328,3975800,2021-11-22 00:00:00-05:00
100.51539524152867,102.9041056061387,100.16183558007556,102.51604461669922,8948300,2021-11-23 00:00:00-05:00
102.34356854618265,102.82648182875985,101.82616051782138,102.32632446289062,5792800,2021-11-24 00:00:00-05:00
101.42086498039758,101.85203947429292,99.88588483480228,100.47228240966797,5016700,2021-11-26 00:00:00-05:00
100.74824132579775,101.68819863447641,100.53265406279426,100.79998016357422,4372500,2021-11-29 00:00:00-05:00
100.61888047876063,100.71373939405551,99.2563674947076,99.41159057617188,8172100,2021-11-30 00:00:00-05:00
99.84277779639041,102.60229886532262,99.6961800283238,99.95488739013672,6287500,2021-12-01 00:00:00-05:00
100.2480561756347,101.4122258347376,99.68752809408151,100.78271484375,4919800,2021-12-02 00:00:00-05:00
101.53295034453318,102.61951172259533,100.89481404658534,102.49015808105469,6428100,2021-12-03 00:00:00-05:00
103.16280817158287,105.59463208063809,102.80062317174928,104.64604949951172,8939900,2021-12-06 00:00:00-05:00
105.18932451667486,105.32729692316327,104.34421967733269,104.78401947021484,6123300,2021-12-07 00:00:00-05:00
105.17207540928341,105.58600579327073,104.12863398658236,105.09446716308594,5278100,2021-12-08 00:00:00-05:00
105.38767161529886,107.32795688582341,105.29281269795936,107.06063079833984,8082300,2021-12-09 00:00:00-05:00
106.6898331464038,108.66461340159378,106.6898331464038,108.19894409179688,7059500,2021-12-10 00:00:00-05:00
107.96608259645305,110.15644965176745,107.96608259645305,109.09576416015625,7834200,2021-12-13 00:00:00-05:00
108.39726380464813,110.25131542150739,108.12131239510633,109.76840209960938,6381400,2021-12-14 00:00:00-05:00
110.59626353568756,112.77800553755957,110.03573534812652,112.3037109375,9585600,2021-12-15 00:00:00-05:00
112.19159527134245,114.93385841130892,112.02774687774702,113.64033508300781,9569000,2021-12-16 00:00:00-05:00
112.82974841103646,112.9849780849743,111.56209423388775,111.7000732421875,12631100,2021-12-17 00:00:00-05:00
110.82045955413291,113.30402875710607,110.57900289922172,112.84698486328125,7119200,2021-12-20 00:00:00-05:00
113.16603847159121,113.26952928365334,111.37235124384165,112.0622329711914,6085900,2021-12-21 00:00:00-05:00
112.02778795628852,114.33025874593045,111.91567834937263,113.87321472167969,7070900,2021-12-22 00:00:00-05:00
114.1146390609421,115.35642366438934,113.97666006980333,114.77001953125,5702300,2021-12-23 00:00:00-05:00
114.85627354694515,115.96869804600598,114.83040412778577,115.90834045410156,4436800,2021-12-27 00:00:00-05:00
116.02903884765907,116.64129915426847,115.33053839384317,115.89105987548828,4237200,2021-12-28 00:00:00-05:00
116.08077743497249,117.16733223219506,115.62373360419164,116.7275390625,5594300,2021-12-29 00:00:00-05:00
117.0638539608195,117.99519227852119,116.9603763116523,117.21907043457031,6354300,2021-12-30 00:00:00-05:00
117.31394963570479,117.46056054193052,116.6758198108687,116.76204681396484,3963400,2021-12-31 00:00:00-05:00
116.77067812225525,117.02075353586449,115.13220717107356,116.779296875,6839800,2022-01-03 00:00:00-05:00
116.70168960621024,117.46917967578204,115.88246070293268,116.55509185791016,6298300,2022-01-04 00:00:00-05:00
116.41711895364706,119.13351313253806,116.41711895364706,117.1673583984375,7724900,2022-01-05 00:00:00-05:00
117.62441010880586,117.84862929262327,116.55510566316396,116.61546325683594,4667000,2022-01-06 00:00:00-05:00
116.63272464855461,117.1415074982467,115.66689779376235,116.31365966796875,8630300,2022-01-07 00:00:00-05:00
116.48608589894913,118.05555398597362,116.04629271619818,117.61576080322266,9794400,2022-01-10 00:00:00-05:00
117.15012480372349,118.21942921436694,116.24465566105751,118.11595153808594,7159400,2022-01-11 00:00:00-05:00
117.72787703317348,118.47811637517717,117.30532132969088,118.39187622070312,6589300,2022-01-12 00:00:00-05:00
117.62516417882816,117.72971562593807,115.79543408473508,116.33564758300781,8386400,2022-01-13 00:00:00-05:00
116.18751873834523,118.54001916323342,115.2639322858111,118.3831787109375,10484500,2022-01-14 00:00:00-05:00
118.06949694206442,120.22160242060158,117.8691022778318,119.1760482788086,12341900,2022-01-18 00:00:00-05:00
118.85368258729179,119.80339357099545,117.48573927549016,117.8081283569336,6196700,2022-01-19 00:00:00-05:00
117.18950735433953,117.45089924906291,115.66473681255444,115.90869903564453,6612800,2022-01-20 00:00:00-05:00
115.93482292104065,116.97166889166594,114.72372013991905,114.99382019042969,7583000,2022-01-21 00:00:00-05:00
115.7257247465454,116.10037623951679,111.75259751386123,115.15066528320312,13733800,2022-01-24 00:00:00-05:00
114.56690768930532,117.03268109408219,113.95698883194773,115.96097564697266,10296500,2022-01-25 00:00:00-05:00
116.13523241207987,118.0433759736881,115.73444302627512,116.95425415039062,8040300,2022-01-26 00:00:00-05:00
118.0607651502144,120.50039985658682,117.93878407964276,118.47027587890625,8869100,2022-01-27 00:00:00-05:00
118.48770674027027,120.22157959696692,117.27660420775291,120.16930389404297,8014400,2022-01-28 00:00:00-05:00
119.21091245981849,119.515858562135,118.16534498061112,119.27189636230469,10300000,2022-01-31 00:00:00-05:00
119.69012023116305,120.09963107497404,118.5312930875004,119.36774444580078,7413900,2022-02-01 00:00:00-05:00
117.98238621095244,121.4675758725776,115.92612377879584,120.77924346923828,11363100,2022-02-02 00:00:00-05:00
121.5459761705697,123.47154909802849,121.1451735534944,122.61766815185547,10272700,2022-02-03 00:00:00-05:00
122.11233253636208,124.42127876030673,121.31074047620065,122.54798126220703,6921500,2022-02-04 00:00:00-05:00
123.00106243403187,124.60424659051547,122.26917574889077,124.18602752685547,9597800,2022-02-07 00:00:00-05:00
123.75035492946414,125.11829807727645,123.07074409645604,125.03987121582031,7559500,2022-02-08 00:00:00-05:00
125.44940158847605,125.44940158847605,124.45612303946669,124.76979064941406,5989100,2022-02-09 00:00:00-05:00
124.7261940889721,125.832745301928,123.99430760108629,124.34283447265625,7333400,2022-02-10 00:00:00-05:00
124.47355646695763,125.12702956615523,123.32343743079662,123.73294830322266,6475200,2022-02-11 00:00:00-05:00
123.53255889064084,124.76109156044772,121.4937259247559,124.59554290771484,9931900,2022-02-14 00:00:00-05:00
124.90049377106031,126.73893190757383,124.76979117764498,126.12901306152344,9530100,2022-02-15 00:00:00-05:00
126.11158105251126,128.27239472070056,125.60622700282447,127.09613800048828,8028900,2022-02-16 00:00:00-05:00
126.16384700228984,126.74761457616493,125.10086327226617,126.31196594238281,5486600,2022-02-17 00:00:00-05:00
126.0680328476479,126.97417636513536,124.91791380762552,125.49297332763672,7585900,2022-02-18 00:00:00-05:00
123.07076747066384,127.51438987961774,123.07076747066384,126.82605743408203,11576800,2022-02-22 00:00:00-05:00
127.40112536377954,129.25699334924798,126.65180895933669,127.87162017822266,9271000,2022-02-23 00:00:00-05:00
125.12702261329315,126.94803102441692,125.00504150668542,126.57337951660156,12070200,2022-02-24 00:00:00-05:00
127.32269393902571,131.00827823646515,127.25298855129164,130.29380798339844,8320700,2022-02-25 00:00:00-05:00
127.77577046962796,129.02173278276913,127.0003162421283,128.7516326904297,11090600,2022-02-28 00:00:00-05:00
128.6644856125987,130.25896145185067,127.39239885228396,128.68191528320312,7489900,2022-03-01 00:00:00-05:00
128.69062633117883,131.78373483251752,128.2724072919805,130.31996154785156,8247200,2022-03-02 00:00:00-05:00
130.52906559034136,131.3829333473859,129.6926275044449,131.05184936523438,5408400,2022-03-03 00:00:00-05:00
129.47482041055858,131.28710760328497,129.03917163837627,131.18255615234375,5389500,2022-03-04 00:00:00-05:00
129.82329668467193,131.34806694774693,129.11754800438217,130.2153778076172,7137700,2022-03-07 00:00:00-05:00
129.82333152419287,130.5987857914322,127.52310658468954,128.21142578125,8817500,2022-03-08 00:00:00-05:00
129.1785448496866,130.79045032162543,128.74289615942672,129.68389892578125,5368900,2022-03-09 00:00:00-05:00
129.01301635446063,130.47678964975978,128.6906272660164,129.971435546875,4635700,2022-03-10 00:00:00-05:00
130.1195726013578,131.0431458748607,129.80590495234307,129.8756103515625,5171400,2022-03-11 00:00:00-05:00
131.33066643016193,133.28237758628921,129.8407551732729,132.52435302734375,8647200,2022-03-14 00:00:00-04:00
132.66374990755176,136.29705881441026,132.57662813626303,135.81785583496094,8384300,2022-03-15 00:00:00-04:00
136.3580234974591,136.63684500694907,133.7615613413051,135.9659423828125,7178900,2022-03-16 00:00:00-04:00
136.9418059616284,138.19647630083242,136.1053679321209,138.17904663085938,7227900,2022-03-17 00:00:00-04:00
137.66497142667092,138.9196416478768,136.91565522761417,138.7105255126953,9912800,2022-03-18 00:00:00-04:00
139.3639910565455,140.23528829765544,138.52755315024683,139.4511260986328,5825000,2022-03-21 00:00:00-04:00
139.4511496238951,139.66897397091935,137.6824169896539,139.41629028320312,5756600,2022-03-22 00:00:00-04:00
139.41630462299895,140.4357210765322,137.97866910274695,138.03094482421875,6300600,2022-03-23 00:00:00-04:00
138.72797714914677,140.0436314754478,138.40560135609968,139.65155029296875,4638100,2022-03-24 00:00:00-04:00
139.88679536522505,141.13274422233155,139.6079738253467,140.56640625,5129400,2022-03-25 00:00:00-04:00
139.9390888500111,141.1763296767077,138.99808597584516,141.12405395507812,4516500,2022-03-28 00:00:00-04:00
142.01273823211346,142.26540857535346,140.5315223267698,141.30697631835938,6154100,2022-03-29 00:00:00-04:00
140.90619437824225,143.19771043337485,140.90619437824225,142.6749267578125,5151800,2022-03-30 00:00:00-04:00
141.96047438746817,143.4678284128463,141.2373092685172,141.2460174560547,8670100,2022-03-31 00:00:00-04:00
141.28085873584865,142.08246399031324,139.49470982008904,141.74264526367188,5703300,2022-04-01 00:00:00-04:00
141.58579786482517,142.75333294566326,140.6796546082641,141.05430603027344,6892400,2022-04-04 00:00:00-04:00
141.05431099269205,144.60049717477438,141.01074347128974,142.39610290527344,6683300,2022-04-05 00:00:00-04:00
143.31970474153482,147.484504977633,142.71850744765186,147.17083740234375,8810800,2022-04-06 00:00:00-04:00
146.0904447488463,152.11982162725354,145.97717182371355,150.97842407226562,7469000,2022-04-07 00:00:00-04:00
150.7344509448178,153.26992958213265,150.29880224266515,152.44219970703125,7204200,2022-04-08 00:00:00-04:00
152.3899293530578,152.51191047279772,147.52810094132073,147.9724578857422,8163200,2022-04-11 00:00:00-04:00
147.51937413388657,148.60849598331276,144.8183599242763,145.7767791748047,8279700,2022-04-12 00:00:00-04:00
144.9859382984285,144.9859382984285,137.47302790501314,139.66978454589844,18312600,2022-04-13 00:00:00-04:00
138.70323148638107,143.99301227461382,137.7981687458588,142.6222381591797,11074800,2022-04-14 00:00:00-04:00
142.3146766410422,143.04398798799141,139.49403544221428,140.03004455566406,6500200,2022-04-18 00:00:00-04:00
140.94389729912467,141.03177292580511,135.06538793329653,137.38516235351562,9359900,2022-04-19 00:00:00-04:00
137.3939475625139,138.92289500785202,136.6558405508079,137.6927032470703,6250000,2022-04-20 00:00:00-04:00
137.95631464253648,140.92633385977592,136.5064606480036,139.2919464111328,7903300,2022-04-21 00:00:00-04:00
138.2023321368153,139.11619027177187,135.61894456659772,136.1901092529297,7938300,2022-04-22 00:00:00-04:00
136.05832048065324,137.6399879946965,134.30091511125826,137.3412322998047,6932600,2022-04-25 00:00:00-04:00
137.46425008761003,140.32003381180206,136.91945871384306,137.23577880859375,6787800,2022-04-26 00:00:00-04:00
137.56966087188528,140.1530483599657,135.812255876776,138.50108337402344,6039100,2022-04-27 00:00:00-04:00
139.15133371970836,139.22163153132982,135.6189457813662,137.34999084472656,7465000,2022-04-28 00:00:00-04:00
131.41875931648204,131.68237277928463,122.95684894893827,129.0638427734375,25155900,2022-04-29 00:00:00-04:00
128.86172811663397,130.83880892351817,126.04110034059073,129.93374633789062,9690800,2022-05-02 00:00:00-04:00
130.09194180330593,132.4556542912809,130.00406616716708,131.4539337158203,6163400,2022-05-03 00:00:00-04:00
130.20615068855156,133.88791689341863,129.68771934913877,133.20252990722656,5791500,2022-05-04 00:00:00-04:00
134.23940727671908,134.72269641466187,131.84053939418618,133.72096252441406,6869300,2022-05-05 00:00:00-04:00
131.52419314072213,134.8984211713067,130.9354640327032,134.2921142578125,6145600,2022-05-06 00:00:00-04:00
133.2288898506046,134.91599730873415,130.86517760614123,132.64895629882812,6969000,2022-05-09 00:00:00-04:00
132.92134705541434,135.78591272609023,132.25352449331413,133.64187622070312,6525200,2022-05-10 00:00:00-04:00
132.70165119728546,135.98798986449862,132.63135339050874,133.5276336669922,5630000,2022-05-11 00:00:00-04:00
134.77540306673131,135.6277456233466,131.93718414161816,135.57501220703125,6914800,2022-05-12 00:00:00-04:00
134.81054630185588,135.6628888649972,133.47491464498438,134.88084411621094,6398500,2022-05-13 00:00:00-04:00
135.25869831118706,137.85966416683632,134.67876472721287,136.61190795898438,6565600,2022-05-16 00:00:00-04:00
136.5328116297435,136.89306949872173,134.30969516750793,136.00558471679688,6032200,2022-05-17 00:00:00-04:00
136.0143666802531,136.8139892472605,133.3431167321945,133.9406280517578,6498100,2022-05-18 00:00:00-04:00
132.85982810395453,133.9142685238396,131.17272075055092,133.31675720214844,5994800,2022-05-19 00:00:00-04:00
133.85274953700144,134.89840762682823,129.88101059841142,132.69285583496094,6746400,2022-05-20 00:00:00-04:00
133.25525547625477,133.56280677608575,129.33624904903377,130.07435607910156,6886400,2022-05-23 00:00:00-04:00
129.1956579661379,132.991660097028,128.826604438069,131.0233612060547,6367200,2022-05-24 00:00:00-04:00
132.12170434732937,134.43269614134684,131.6208375020212,133.5276336669922,5042600,2022-05-25 00:00:00-04:00
133.23769714796433,134.5030312045628,132.148100953018,132.3062744140625,6659300,2022-05-26 00:00:00-04:00
131.38360070246426,131.8493119518102,129.8282935333252,131.8053741455078,8405000,2022-05-27 00:00:00-04:00
130.61034070890415,130.82123413841765,128.8792956894643,129.494384765625,11227800,2022-05-31 00:00:00-04:00
129.86346056246919,129.95133619187507,126.81437465957653,128.30816650390625,5597900,2022-06-01 00:00:00-04:00
128.86173984925605,129.23080676579548,125.56660487109977,128.94961547851562,5998900,2022-06-02 00:00:00-04:00
128.94958062435478,130.23249206191468,128.94958062435478,129.31863403320312,4891800,2022-06-03 00:00:00-04:00
129.16926259425452,129.8898050526982,127.99180450687808,128.7562713623047,3912400,2022-06-06 00:00:00-04:00
129.0989921724309,131.2342465913923,128.17635170517448,131.04971313476562,4991200,2022-06-07 00:00:00-04:00
130.83882625626595,131.67360454499783,130.26767486623382,131.14637756347656,4835200,2022-06-08 00:00:00-04:00
131.55935261131444,132.26231736364028,127.67548877943764,127.78971099853516,5642900,2022-06-09 00:00:00-04:00
126.83193592808212,127.08676720230511,124.90757499987095,125.83021545410156,5464700,2022-06-10 00:00:00-04:00
123.77403892779023,124.83727488871695,121.94633605620642,122.50870513916016,5997000,2022-06-13 00:00:00-04:00
122.52630063034577,123.59831894445958,119.78475263120282,120.92705535888672,5861800,2022-06-14 00:00:00-04:00
120.00440114342126,122.21872168421007,119.70563211762413,121.34001922607422,5981800,2022-06-15 00:00:00-04:00
119.97803219078978,122.39446404041827,119.29264532062093,122.27144622802734,6963400,2022-06-16 00:00:00-04:00
120.90949240611525,122.60538211850873,120.54922109455005,121.50700378417969,10429900,2022-06-17 00:00:00-04:00
122.9744371824902,126.50682570451296,122.75476151285092,126.06747436523438,7160500,2022-06-21 00:00:00-04:00
126.28714671527663,131.89327394764865,126.19048888685855,129.66136169433594,7995700,2022-06-22 00:00:00-04:00
130.68063346547746,132.5083362267772,129.64375757038454,131.32208251953125,7795000,2022-06-23 00:00:00-04:00
132.58748620063514,134.21309200428786,131.47152971159818,133.86160278320312,8527600,2022-06-24 00:00:00-04:00
134.44151157865494,136.59433048770575,134.2218359061408,134.5645294189453,5377300,2022-06-27 00:00:00-04:00
134.59090440425462,136.3043721589514,133.0268145145375,133.99339294433594,5735700,2022-06-28 00:00:00-04:00
135.2323285890957,137.6224008011081,134.749052871822,135.44322204589844,6140900,2022-06-29 00:00:00-04:00
134.59088974400854,135.35535679561778,132.5698708705306,134.5821075439453,7289500,2022-06-30 00:00:00-04:00
134.5118032343807,135.19719022855926,133.088309232308,135.14447021484375,4620000,2022-07-01 00:00:00-04:00
133.47491707899272,135.36413567840071,131.50663187290704,135.25868225097656,5478800,2022-07-05 00:00:00-04:00
135.85620639281944,136.1901176636677,133.29039646887634,134.02850341796875,5113600,2022-07-06 00:00:00-04:00
131.98113769605928,134.07245433079936,131.81418204431935,133.56280517578125,6516100,2022-07-07 00:00:00-04:00
133.56278983961352,136.41857317499998,133.37825640152698,134.3096923828125,4078400,2022-07-08 00:00:00-04:00
133.80883564557107,135.7595565600397,133.80883564557107,134.6436004638672,4491000,2022-07-11 00:00:00-04:00
134.44150402452294,135.82107360620586,133.61552139701067,133.96701049804688,5319500,2022-07-12 00:00:00-04:00
133.56282579747358,135.17085353280396,132.9477365181523,133.6946258544922,5221200,2022-07-13 00:00:00-04:00
132.05378112998406,133.93405094225713,131.69901783710873,133.4285125732422,7576900,2022-07-14 00:00:00-04:00
134.670212055681,136.47066234989947,134.30657084485665,136.24893188476562,4873000,2022-07-15 00:00:00-04:00
136.40859741276816,137.002833490021,132.05380742869707,132.65692138671875,6838400,2022-07-18 00:00:00-04:00
133.0382577386076,133.2422459444684,131.973954383369,132.8076629638672,5647100,2022-07-19 00:00:00-04:00
132.6214196067575,133.43738606296827,130.6790586417832,130.98948669433594,5315700,2022-07-20 00:00:00-04:00
130.59039926445726,131.12254434082715,129.50835334914288,131.042724609375,4066800,2022-07-21 00:00:00-04:00
131.68130493164062,132.408573903969,130.89194492589067,131.68130493164062,3639700,2022-07-22 00:00:00-04:00
131.74337781331235,133.8719985699427,131.716771238023,133.23341369628906,4347000,2022-07-25 00:00:00-04:00
134.05822777417717,136.19571260988891,133.33095891860793,133.8098907470703,4900600,2022-07-26 00:00:00-04:00
132.59481195093846,134.36865558907812,132.08926001805926,134.0582275390625,4145800,2022-07-27 00:00:00-04:00
134.31545906290037,135.17577441650533,130.04048887007124,132.81655883789062,6572300,2022-07-28 00:00:00-04:00
128.9939010184125,129.75665426198557,123.32647159776114,127.28213500976562,17754700,2022-07-29 00:00:00-04:00
125.50831243734852,126.68792018121141,123.41517622468315,124.36418914794922,8523900,2022-08-01 00:00:00-04:00
125.215631240185,126.68792488797821,124.25776746774721,124.51496887207031,5197100,2022-08-02 00:00:00-04:00
125.69456343368027,126.84756452488602,124.74555057501493,125.23336029052734,5474200,2022-08-03 00:00:00-04:00
126.02273008147664,126.45732668641011,123.00720102145472,123.21118927001953,7071700,2022-08-04 00:00:00-04:00
123.3264943710982,124.08924775552053,122.35087485613208,122.43069458007812,5371100,2022-08-05 00:00:00-04:00
122.43067356268897,124.87858627697489,122.19121443195823,124.47059631347656,4854600,2022-08-08 00:00:00-04:00
124.77217040933111,126.15577998585292,124.06264369319229,124.39080047607422,3819700,2022-08-09 00:00:00-04:00
124.97614001369536,125.10917285537481,123.28211631843774,125.00274658203125,4075300,2022-08-10 00:00:00-04:00
124.3730291247756,126.71450192647272,123.86749078123663,126.01383972167969,5972800,2022-08-11 00:00:00-04:00
125.84535423245158,126.90965785976147,124.408545012251,126.4750747680664,5208700,2022-08-12 00:00:00-04:00
126.92738617091926,127.07816126103208,124.54156423517126,126.20010375976562,4513200,2022-08-15 00:00:00-04:00
126.04047727920104,127.69901697428088,126.01387070370225,126.43072509765625,3852300,2022-08-16 00:00:00-04:00
125.42847817277446,126.61695012578583,124.65686054457868,125.44622039794922,3605200,2022-08-17 00:00:00-04:00
125.49055128765937,125.57037098952736,124.00939373070067,125.31315612792969,3525200,2022-08-18 00:00:00-04:00
125.74779208561115,127.14913038055379,125.46398410099313,125.80988311767578,4530700,2022-08-19 00:00:00-04:00
125.91628311019748,126.52826128876896,124.13357524799744,124.47059631347656,4023500,2022-08-22 00:00:00-04:00
123.85864021550702,124.92295734190141,122.79433662246707,123.29988861083984,3768100,2022-08-23 00:00:00-04:00
123.32649725971157,123.69013849956671,122.12914723905863,122.3154067993164,5018900,2022-08-24 00:00:00-04:00
123.07813221012223,123.77879442185541,122.10251289418838,123.5748062133789,3301200,2022-08-25 00:00:00-04:00
123.18456863709959,124.03601952237668,120.8430956192785,120.93179321289062,3838800,2022-08-26 00:00:00-04:00
120.79874163368635,121.25994474062395,119.52157212730658,120.3641586303711,3835800,2022-08-29 00:00:00-04:00
119.85861831483643,121.05596822614903,119.63688785224917,120.22225952148438,4337100,2022-08-30 00:00:00-04:00
120.34641842226686,120.65683292507163,118.99829352812657,119.25550842285156,5789600,2022-08-31 00:00:00-04:00
119.41515671677438,122.91849529924163,118.93622487496012,122.79432678222656,4521000,2022-09-01 00:00:00-04:00
122.9805834738769,123.63689696287818,120.4528508598741,120.86970520019531,3601600,2022-09-02 00:00:00-04:00
121.77439951371497,123.59259241306243,120.83426431113163,122.03160095214844,4810600,2022-09-06 00:00:00-04:00
121.99607759485833,123.31758221292799,120.03597476266393,123.02490997314453,4141700,2022-09-07 00:00:00-04:00
123.8497687102088,124.6746130821555,122.97171119168883,124.63026428222656,3988300,2022-09-08 00:00:00-04:00
124.52382558504749,126.09368108996452,124.25775984976814,125.4284896850586,4427000,2022-09-09 00:00:00-04:00
125.06486085086814,126.71453623969224,124.45289606578535,126.1557846069336,4938400,2022-09-12 00:00:00-04:00
124.65688152040447,125.88082459636391,121.94290254614661,122.86529541015625,6195900,2022-09-13 00:00:00-04:00
123.43290861353505,124.55930311927594,122.63468438533151,123.76994323730469,4673600,2022-09-14 00:00:00-04:00
124.16017726121008,127.62803092358624,123.62801881241322,126.39521026611328,6416900,2022-09-15 00:00:00-04:00
127.18460961522,128.4706573442157,125.37529468664502,127.76998138427734,13887500,2022-09-16 00:00:00-04:00
127.3974311155291,127.5925549701584,125.43732822433512,126.52825164794922,5042500,2022-09-19 00:00:00-04:00
125.783248024755,126.37748396826272,124.49720067137295,125.73889923095703,4532900,2022-09-20 00:00:00-04:00
126.0759331691345,127.38858722621289,124.42625801813871,124.44400024414062,5076100,2022-09-21 00:00:00-04:00
124.35529138291955,128.1247084221467,124.1690318804247,126.83866119384766,6161000,2022-09-22 00:00:00-04:00
126.00498223297679,127.20231850125933,125.01162064889796,126.88302612304688,5751600,2022-09-23 00:00:00-04:00
126.01386626414592,126.65245112032851,124.26662902339,125.24224853515625,5697800,2022-09-26 00:00:00-04:00
126.46615946428321,129.08257572108346,125.31315857032098,125.69454193115234,5598000,2022-09-27 00:00:00-04:00
127.91191239892801,128.88753216844842,126.49283155841793,128.2489471435547,5226700,2022-09-28 00:00:00-04:00
128.4706219782145,128.82538526784884,125.7921144814136,126.58147430419922,5509400,2022-09-29 00:00:00-04:00
126.12027152857961,126.22671134242799,118.92733551574146,119.03377532958984,15359000,2022-09-30 00:00:00-04:00
120.51495497789229,123.1047653636769,120.00940298682093,122.67904663085938,7437500,2022-10-03 00:00:00-04:00
123.46841707569935,126.58150841111025,122.18236935421213,125.9340591430664,6612300,2022-10-04 00:00:00-04:00
125.47284513386457,128.1336108944752,125.1535527012571,127.12252044677734,4777900,2022-10-05 00:00:00-04:00
126.64355878859067,126.82095397656326,124.0803553092788,124.42625427246094,5124800,2022-10-06 00:00:00-04:00
123.29101301495345,124.21341940380717,121.9961145716555,123.06928253173828,4648800,2022-10-07 00:00:00-04:00
123.30876620551447,123.8054403667357,121.39301141221326,122.67018127441406,3830800,2022-10-10 00:00:00-04:00
122.41295231779993,127.43291948985714,122.41295231779993,125.50830078125,5675100,2022-10-11 00:00:00-04:00
125.62362270500327,126.88305023243954,124.10698023697475,124.15132904052734,4528000,2022-10-12 00:00:00-04:00
122.4759162549835,128.28164728480363,122.0906657200535,128.0487060546875,5066200,2022-10-13 00:00:00-04:00
127.76195561721018,129.44632546731341,127.4125370858054,128.0665740966797,5290500,2022-10-14 00:00:00-04:00
127.80679204139507,129.84954943577455,127.31403229033423,129.3836669921875,4016200,2022-10-17 00:00:00-04:00
130.11834647441847,130.691751864321,128.595239689152,129.5539093017578,3540400,2022-10-18 00:00:00-04:00
129.7330607348788,130.31542051300508,127.50214894574458,128.23683166503906,3333300,2022-10-19 00:00:00-04:00
128.26370999372608,129.0521336528902,127.60965917612745,128.05763244628906,3880100,2022-10-20 00:00:00-04:00
128.42499649897624,132.38507926634432,127.60968172217825,131.75791931152344,5419400,2022-10-21 00:00:00-04:00
133.23623491712658,135.76279741010634,133.2272667009739,135.18939208984375,5139700,2022-10-24 00:00:00-04:00
132.62697605601994,134.92956541401315,131.96397064068168,134.23072814941406,5229400,2022-10-25 00:00:00-04:00
135.29688823437456,136.98127218088513,135.01914698171802,136.64080810546875,4727900,2022-10-26 00:00:00-04:00
137.76074270540332,137.96682026418964,136.23763623718378,137.52780151367188,6850400,2022-10-27 00:00:00-04:00
130.7455042372485,133.47814459181353,127.52905864713449,132.25070190429688,10812200,2022-10-28 00:00:00-04:00
130.0645848118769,131.50705959022983,129.0880061597974,131.16659545898438,8604800,2022-10-31 00:00:00-04:00
131.39953324472046,132.33131170485424,129.50908534874853,131.62351989746094,6351200,2022-11-01 00:00:00-04:00
131.7310448512962,132.6717916393903,129.44637798622819,129.4822235107422,5345000,2022-11-02 00:00:00-04:00
129.01629748997036,130.28853989413608,128.14722828124906,129.39259338378906,3850700,2022-11-03 00:00:00-04:00
130.22582401087698,130.4318878697008,128.19202170969987,130.16310119628906,4623700,2022-11-04 00:00:00-04:00
130.16310631685255,133.3168418220968,129.64345570676252,132.68968200683594,4304000,2022-11-07 00:00:00-05:00
133.34375318330578,135.85240675619173,132.5642839046007,133.07496643066406,4637500,2022-11-08 00:00:00-05:00
133.12869756253076,134.90268161439084,131.73997764474282,132.25962829589844,4573700,2022-11-09 00:00:00-05:00
134.98330519247938,134.98330519247938,132.37609755351838,134.14111328125,5607700,2022-11-10 00:00:00-05:00
133.97981279779728,134.85785007466671,130.58418210514785,134.53530883789062,6786400,2022-11-11 00:00:00-05:00
135.2700148227391,138.4595825545393,135.2700148227391,135.95094299316406,7077100,2022-11-14 00:00:00-05:00
137.42923310576833,137.4561104070871,134.3561431724827,137.1156463623047,5909500,2022-11-15 00:00:00-05:00
137.47400988277437,140.3858355150089,135.49396243759008,136.06736755371094,7358700,2022-11-16 00:00:00-05:00
135.26106133280737,137.14255468956802,134.36511471931382,136.32723999023438,5069500,2022-11-17 00:00:00-05:00
137.6801176385466,139.44513360162546,137.6801176385466,138.8538055419922,5691100,2022-11-18 00:00:00-05:00
139.23010175100984,142.1240192281425,138.3610324204984,140.76217651367188,6492100,2022-11-21 00:00:00-05:00
141.28181992471235,143.2439451436298,141.1653424933059,143.16329956054688,5351100,2022-11-22 00:00:00-05:00
143.30664424955188,144.19363623280194,142.2942339704319,142.80491638183594,3221100,2022-11-23 00:00:00-05:00
142.98410902486023,144.02341032129684,142.67053592975137,143.010986328125,1661900,2022-11-25 00:00:00-05:00
143.3514516412999,144.00548881151659,141.40724921894193,141.94480895996094,3902800,2022-11-28 00:00:00-05:00
141.83730894870118,142.84076480055768,140.85177585735946,141.73875427246094,3689000,2022-11-29 00:00:00-05:00
142.26733411109134,144.4086456298828,140.17979086424734,144.4086456298828,12342500,2022-11-30 00:00:00-05:00
144.24740837552008,146.21848824022808,143.33353897903282,144.81185913085938,5827800,2022-12-01 00:00:00-05:00
143.99653019754464,146.72020168648294,143.80837540731702,146.630615234375,4304900,2022-12-02 00:00:00-05:00
145.9407383391115,148.00141821395638,145.9407383391115,146.88148498535156,4859400,2022-12-05 00:00:00-05:00
146.96214376993188,147.28468514559168,144.74019966597683,146.6844024658203,5480400,2022-12-06 00:00:00-05:00
146.65751403046002,148.30605263828843,146.2722498496495,148.1895751953125,4637800,2022-12-07 00:00:00-05:00
148.18955132071684,148.93318858479284,147.186095576932,148.71817016601562,4274400,2022-12-08 00:00:00-05:00
149.40801651895546,150.2950083752094,145.86903097846002,146.093017578125,4644800,2022-12-09 00:00:00-05:00
146.2274567112528,148.27021395092282,145.81531524276537,148.11790466308594,4109400,2022-12-12 00:00:00-05:00
149.57826838908198,150.07104170800665,147.5355114225025,147.6430206298828,5050400,2022-12-13 00:00:00-05:00
147.47282356387092,148.7092206404032,145.88699417079198,147.7057647705078,4485400,2022-12-14 00:00:00-05:00
146.83669809872723,147.48178078997643,145.09855938458702,146.12890625,5268300,2022-12-15 00:00:00-05:00
145.18813674342735,146.3259926551974,143.781494140625,143.781494140625,18905500,2022-12-16 00:00:00-05:00
144.05030373720655,145.34942366753464,143.4052210445775,144.68643188476562,4033400,2022-12-19 00:00:00-05:00
144.79393292811525,145.0089650371947,143.41418115693816,143.87110900878906,4221000,2022-12-20 00:00:00-05:00
144.65055387150989,145.79736425168912,143.6739755068516,145.33148193359375,3707200,2022-12-21 00:00:00-05:00
145.02687078945374,146.38871344016871,144.72225222856198,146.2812042236328,3606000,2022-12-22 00:00:00-05:00
146.38872476708536,146.77398894124917,145.4390234913744,146.12890625,2685100,2022-12-23 00:00:00-05:00
146.4783230574465,146.76501887713553,144.94624826725564,146.0303497314453,2669200,2022-12-27 00:00:00-05:00
146.66648438169,147.55347661081535,145.24193229002495,145.3494415283203,2944500,2022-12-28 00:00:00-05:00
146.00346741755087,146.8277366685927,145.31358469127542,145.64508056640625,3112500,2022-12-29 00:00:00-05:00
145.34938193432538,145.9048780035752,143.19016148116208,144.7938995361328,3680400,2022-12-30 00:00:00-05:00
145.17920865045986,146.05724632855723,144.07719795084049,145.4838409423828,4937500,2023-01-03 00:00:00-05:00
145.5017224502842,147.1861064339346,144.70433052269527,146.65750122070312,4440400,2023-01-04 00:00:00-05:00
146.1199304114874,147.37426387728854,145.44797044907764,146.4783172607422,3516000,2023-01-05 00:00:00-05:00
147.68783495947665,150.6175841831909,147.04275231074948,149.21990966796875,5099100,2023-01-06 00:00:00-05:00
148.63753467249748,148.97799875340638,144.1398926078402,144.83872985839844,7833000,2023-01-09 00:00:00-05:00
145.3494293363793,145.51966139677643,141.82836536692506,143.0289306640625,5936200,2023-01-10 00:00:00-05:00
142.65262659278474,142.76013581595942,138.92548525070603,140.81593322753906,7492000,2023-01-11 00:00:00-05:00
140.19186759276616,140.42702317648997,137.22522788585246,137.67745971679688,7665100,2023-01-12 00:00:00-05:00
137.5598494364735,139.11552774962715,136.88150181623854,138.92559814453125,6019300,2023-01-13 00:00:00-05:00
139.10648718137244,140.28229247569507,138.00304062219465,138.22915649414062,8507000,2023-01-17 00:00:00-05:00
137.58698517077775,137.85832698486072,134.82838249715178,134.94595336914062,6190800,2023-01-18 00:00:00-05:00
134.719824229906,136.1579177616652,133.2545978995111,134.5027618408203,7169900,2023-01-19 00:00:00-05:00
135.1539733245707,135.4072357999031,133.09179766171204,135.29869079589844,7059000,2023-01-20 00:00:00-05:00
135.54293856992678,136.05847573258006,133.90586138524108,134.35809326171875,7616400,2023-01-23 00:00:00-05:00
133.93298626240255,134.64750651247476,132.44966634743705,133.5802459716797,5171400,2023-01-24 00:00:00-05:00
133.2998651843872,133.84253512646998,132.50393270810736,133.67068481445312,5744300,2023-01-25 00:00:00-05:00
133.78825707580805,134.49373759565094,133.05564375143425,133.31793212890625,4577800,2023-01-26 00:00:00-05:00
133.23651265955996,133.57115972990235,132.0607073786312,132.30491638183594,4591500,2023-01-27 00:00:00-05:00
131.9341210659253,133.0647007385983,131.38239763361997,131.73513793945312,4573400,2023-01-30 00:00:00-05:00
131.71706271595156,133.7249733814229,130.61361581687194,133.634521484375,5628700,2023-01-31 00:00:00-05:00
132.62149315365386,133.3541064121569,131.37332905337848,132.5943603515625,5439900,2023-02-01 00:00:00-05:00
131.98834906396178,131.98834906396178,129.7362438305248,131.0024871826172,6160800,2023-02-02 00:00:00-05:00
131.97933996074383,132.77527242410198,130.87589315509572,131.328125,6553000,2023-02-03 00:00:00-05:00
131.81651327521,132.3501434191277,130.9753550576121,131.16529846191406,4297000,2023-02-06 00:00:00-05:00
130.76735206737058,131.5632844707068,129.9352471916189,131.2738494873047,5401900,2023-02-07 00:00:00-05:00
131.51805299716602,132.368250973872,130.66785502046005,130.7944793701172,5753800,2023-02-08 00:00:00-05:00
134.31283868586422,139.01604643856618,133.77015502935225,134.4937286376953,12216900,2023-02-09 00:00:00-05:00
135.38916219302578,138.54573141065825,134.5570573144025,137.52369689941406,8956700,2023-02-10 00:00:00-05:00
137.49657246794422,139.08842357603018,136.80917123864077,139.04319763183594,5602600,2023-02-13 00:00:00-05:00
139.21505388011107,139.28741263370566,137.26140893612052,138.01211547851562,4662800,2023-02-14 00:00:00-05:00
138.03922634917507,138.82611904382722,136.42024262297153,136.62826538085938,5648100,2023-02-15 00:00:00-05:00
134.8645727314302,136.12177662798004,134.52087213491362,135.24444580078125,3757500,2023-02-16 00:00:00-05:00
134.90072564293968,136.92672885338385,134.4123214248866,136.8543701171875,4562400,2023-02-17 00:00:00-05:00
135.50674578713523,138.401026602692,135.50674578713523,137.4784698486328,8466100,2023-02-21 00:00:00-05:00
136.57398730382045,137.61411479930342,135.8866000182073,136.2755126953125,6041700,2023-02-22 00:00:00-05:00
136.48354406689188,138.89847388838254,134.9188259909118,137.54177856445312,5993300,2023-02-23 00:00:00-05:00
136.8453541754664,138.36484649597105,136.49261390099068,138.1206512451172,5621100,2023-02-24 00:00:00-05:00
138.61807747815095,139.96573312409367,138.47337380020537,139.54063415527344,6828800,2023-02-27 00:00:00-05:00
139.25122460032736,139.6220441946678,138.03923286429765,139.1969451904297,7561700,2023-02-28 00:00:00-05:00
138.1658532272005,140.7164471789449,137.81311297866344,140.43606567382812,5485800,2023-03-01 00:00:00-05:00
140.39984331358104,140.88826125587167,139.47730062439317,139.6310577392578,4567800,2023-03-02 00:00:00-05:00
139.58585571615689,141.25006526900987,139.29642076730352,141.15057373046875,4851200,2023-03-03 00:00:00-05:00
140.90635500997533,141.5123576672602,139.77577569581504,140.44508361816406,4051900,2023-03-06 00:00:00-05:00
140.70739220701245,140.79783027568678,137.5236768478989,138.31959533691406,4606900,2023-03-07 00:00:00-05:00
138.19298168910586,139.05223311458917,134.34901154716852,135.30775451660156,5860100,2023-03-08 00:00:00-05:00
135.73284695449686,136.49259299840105,132.5672246372114,133.272705078125,5350200,2023-03-09 00:00:00-05:00
133.71591576348263,136.24841699103024,133.38126859662484,135.4072723388672,6825500,2023-03-10 00:00:00-05:00
134.76509287074617,138.67238272477732,134.76509287074617,137.43325805664062,7653800,2023-03-13 00:00:00-04:00
137.43322917020717,139.2783424804689,136.9900508778446,139.15171813964844,6644100,2023-03-14 00:00:00-04:00
137.64127863979434,139.63110981191218,137.23427273677777,139.3416748046875,6304600,2023-03-15 00:00:00-04:00
138.56381677499564,141.02395880032873,137.93973470077984,140.46319580078125,6331200,2023-03-16 00:00:00-04:00
140.89733487284212,141.1596370386531,137.36993244415478,139.4863739013672,42756400,2023-03-17 00:00:00-04:00
139.75773090279824,141.40384761450275,139.70346529047023,141.20486450195312,4408200,2023-03-20 00:00:00-04:00
141.675155202553,142.04598853177475,140.2822875526941,141.79273986816406,4675700,2023-03-21 00:00:00-04:00
140.80690447605815,141.89227197448454,138.93467176321258,138.9889373779297,4376900,2023-03-22 00:00:00-04:00
139.37784227219757,141.54854932936493,139.30548353015615,140.46319580078125,4584000,2023-03-23 00:00:00-04:00
140.44508965345923,143.33937006188097,139.8210076370616,142.92332458496094,4678700,2023-03-24 00:00:00-04:00
143.65596260973768,143.93634413195048,142.34449308269907,142.48919677734375,3887800,2023-03-27 00:00:00-04:00
142.72434184491917,143.44791539896156,142.4077741022076,143.13134765625,3532500,2023-03-28 00:00:00-04:00
143.79161334716525,144.44282821645146,141.42192322899635,142.90524291992188,3959900,2023-03-29 00:00:00-04:00
142.91431468645422,143.38463970902467,142.38068437679993,142.83291625976562,3635800,2023-03-30 00:00:00-04:00
143.29416538822696,144.3252671690148,142.66104361135518,144.1443634033203,4957300,2023-03-31 00:00:00-04:00
143.13135568473604,145.13926585434746,142.71529638249345,145.0940399169922,4389400,2023-04-03 00:00:00-04:00
145.17543701127653,146.27888362788158,144.28906661140334,144.5151824951172,4224400,2023-04-04 00:00:00-04:00
144.71417052778233,146.2246230265438,143.81874662927493,145.437744140625,5743000,2023-04-05 00:00:00-04:00
145.43775639447344,146.69496030481844,145.27494576238234,146.11610412597656,5498300,2023-04-06 00:00:00-04:00
146.2608290281091,146.57738303823,144.90413349639496,145.8719024658203,3309500,2023-04-10 00:00:00-04:00
146.0618481265907,147.05674991764855,145.79050625593098,145.9623565673828,2875800,2023-04-11 00:00:00-04:00
146.63161764012415,147.86168854743732,146.16130655866448,146.84869384765625,4005000,2023-04-12 00:00:00-04:00
146.95824706163503,148.6560261251806,146.5474969827732,148.5008544921875,3868500,2023-04-13 00:00:00-04:00
148.45519113478682,148.7837939361822,146.8943243461641,147.49676513671875,3473100,2023-04-14 00:00:00-04:00
147.7979932945104,148.05357171702133,146.63875363870625,147.12252807617188,4354100,2023-04-17 00:00:00-04:00
146.95821707657313,147.16815348684872,144.5941099706647,145.6711883544922,4996200,2023-04-18 00:00:00-04:00
144.83143839821528,147.35985402674862,144.69452636676965,147.14991760253906,4826900,2023-04-19 00:00:00-04:00
147.12254194735857,147.6610951786926,146.57487981661959,147.6337127685547,3808100,2023-04-20 00:00:00-04:00
148.40956422879324,148.95724026276227,147.88928453170482,148.24526977539062,4812100,2023-04-21 00:00:00-04:00
148.39130865219377,150.02518596191277,148.1722354676592,149.7696075439453,4728900,2023-04-24 00:00:00-04:00
150.43593444467786,151.70470369506847,150.14385079628946,150.51808166503906,5506200,2023-04-25 00:00:00-04:00
148.49170179248694,149.02111821007747,146.50183925931688,147.68846130371094,5192000,2023-04-26 00:00:00-04:00
140.45007432768162,140.45007432768162,134.325301282189,135.8861541748047,17063000,2023-04-27 00:00:00-04:00
135.0646917390493,138.18641232177566,134.58091718233337,137.93995666503906,7123800,2023-04-28 00:00:00-04:00
137.6843468583413,141.21683070803425,137.6661012049432,140.30404663085938,5601000,2023-05-01 00:00:00-04:00
140.15799702968502,141.4997907296532,138.01294888946936,138.3963165283203,5135600,2023-05-02 00:00:00-04:00
137.89430603864204,138.29591935876775,135.50280213254928,136.2330322265625,6815300,2023-05-03 00:00:00-04:00
136.0048235624861,136.0048235624861,133.58595139917725,134.5078582763672,5694300,2023-05-04 00:00:00-04:00
135.58491480079502,136.35166386445025,134.30702290799806,135.11940002441406,4447700,2023-05-05 00:00:00-04:00
135.22894234433593,135.27458432936308,133.94192750563124,134.58999633789062,3689500,2023-05-08 00:00:00-04:00
134.55351008737432,135.5119361962313,133.5129367506674,134.0240936279297,4201600,2023-05-09 00:00:00-04:00
133.74114055562126,134.1610134743634,132.490616771064,133.6498565673828,4127300,2023-05-10 00:00:00-04:00
134.44393863984772,134.69953095345173,132.5271007476483,133.80499267578125,4300400,2023-05-11 00:00:00-04:00
133.98758975008303,134.72695666902715,133.33039792432473,134.31619262695312,3526500,2023-05-12 00:00:00-04:00
134.79080098947415,135.91352132118934,132.95611030808809,133.80499267578125,4391800,2023-05-15 00:00:00-04:00
133.13867778009822,134.12448619354274,130.73805134935893,130.79281616210938,4685400,2023-05-16 00:00:00-04:00
130.54640526334373,131.00279738110177,128.26444467455354,130.84762573242188,5482000,2023-05-17 00:00:00-04:00
130.1721512602107,131.03929343757596,129.59709277518755,130.9297637939453,4791200,2023-05-18 00:00:00-04:00
131.31312143530874,133.0839248211864,131.25835661768036,132.4541015625,5610300,2023-05-19 00:00:00-04:00
132.7826989977842,133.8689142631855,131.24009170006164,132.2624053955078,3867300,2023-05-22 00:00:00-04:00
131.85166299939698,132.18940259392966,129.92568795417577,130.08999633789062,5121900,2023-05-23 00:00:00-04:00
130.15385811806885,130.473338066925,128.64777019455272,128.83944702148438,4143500,2023-05-24 00:00:00-04:00
127.81716511982796,127.97233675604569,126.2015332528841,126.53013610839844,6986600,2023-05-25 00:00:00-04:00
126.62140147975708,127.65285188836143,125.14269581133448,125.56256866455078,7590300,2023-05-26 00:00:00-04:00
123.67311823699187,124.90536837050557,123.45404504686564,124.5402603149414,7671500,2023-05-30 00:00:00-04:00
124.70456254617092,126.6122919503244,123.92870439766962,125.92770385742188,12579100,2023-05-31 00:00:00-04:00
123.46318565766555,123.46318565766555,119.66601397770577,121.80192565917969,11895600,2023-06-01 00:00:00-04:00
122.04839717718806,125.02406903709009,121.85670634226958,124.93278503417969,6661600,2023-06-02 00:00:00-04:00
125.05141133763922,126.24715618107726,124.40332855203125,124.92362213134766,4276200,2023-06-05 00:00:00-04:00
125.48041909105999,125.54430672927326,122.88811584285196,123.61833190917969,4359900,2023-06-06 00:00:00-04:00
123.13454896271494,125.10616563228828,122.55036779335741,124.59500885009766,4645200,2023-06-07 00:00:00-04:00
125.05142358272244,125.86380088683406,124.13863946897995,125.63560485839844,4714200,2023-06-08 00:00:00-04:00
125.56258019968715,127.05042275898094,125.12444772582636,126.12850189208984,4359500,2023-06-09 00:00:00-04:00
127.40639897841879,127.48854619995106,124.96926724377363,125.71774291992188,4888500,2023-06-12 00:00:00-04:00
125.51693941253595,126.39321829664357,125.23397856362025,126.2471694946289,4229100,2023-06-13 00:00:00-04:00
126.7035641576743,127.12345099009664,124.21166735702482,124.34857940673828,6128300,2023-06-14 00:00:00-04:00
124.82321042441757,124.90535764066581,123.64572520759093,124.03821563720703,6614900,2023-06-15 00:00:00-04:00
124.77757473524937,126.80395640615394,124.58589788766542,126.54837799072266,14616000,2023-06-16 00:00:00-04:00
125.14270583199308,126.83134806223993,124.7410785990323,125.79991149902344,4868800,2023-06-20 00:00:00-04:00
124.82321533154864,125.44390178268516,122.93374571568874,124.92362213134766,5828400,2023-06-21 00:00:00-04:00
125.18834164359288,125.87292976179258,124.0382386190905,125.42567443847656,4826900,2023-06-22 00:00:00-04:00
125.32524389007065,126.59401307173681,123.83740153799529,124.06559753417969,7395600,2023-06-23 00:00:00-04:00
124.27554438689884,124.27554438689884,122.03010339555078,123.18020629882812,6468100,2023-06-26 00:00:00-04:00
123.11632580473507,123.11632580473507,120.96215473767543,121.0351791381836,7839900,2023-06-27 00:00:00-04:00
121.03518697875276,121.55546671510383,119.53822149131395,120.9530258178711,6911900,2023-06-28 00:00:00-04:00
120.8252345590483,122.23092996228824,120.60617527499703,121.6102294921875,4947600,2023-06-29 00:00:00-04:00
121.82930521524347,124.07474649093527,121.21774148802719,122.97940826416016,8711300,2023-06-30 00:00:00-04:00
122.31309350176282,123.61836833653646,121.53722129268539,123.23500061035156,2674600,2023-07-03 00:00:00-04:00
123.3901447138724,125.85467286156845,122.897247441121,125.61734008789062,6903300,2023-07-05 00:00:00-04:00
125.48954610986031,126.21977612856463,124.5402568351301,125.27960968017578,6091000,2023-07-06 00:00:00-04:00
125.18833923645016,125.64473130647437,123.5453389267475,123.6822509765625,6873200,2023-07-07 00:00:00-04:00
123.60007448005081,124.2207608628839,122.36781061157455,122.76031494140625,5153300,2023-07-10 00:00:00-04:00
122.31304680982487,123.9195415150462,122.02094926634237,123.74612426757812,5144800,2023-07-11 00:00:00-04:00
123.97435274320203,124.68632328207106,123.03417223368923,123.20760345458984,4944100,2023-07-12 00:00:00-04:00
122.68152225991044,123.76133145488335,122.4692584554838,123.29064178466797,4631800,2023-07-13 00:00:00-04:00
124.34276321897502,126.08704997057794,123.77979161753771,125.52407836914062,5544100,2023-07-14 00:00:00-04:00
125.3487533376929,125.72713304957463,124.18588597797181,124.43507385253906,4033000,2023-07-17 00:00:00-04:00
124.40735849562788,127.26835006552409,124.32430058451675,126.05012512207031,5392800,2023-07-18 00:00:00-04:00
126.65926484767576,127.41603829587723,126.39161498153538,127.0653305053711,4784200,2023-07-19 00:00:00-04:00
128.13588383632631,131.71675295230136,127.8682480901052,131.2276153564453,7009800,2023-07-20 00:00:00-04:00
131.23686294301962,133.06420776369066,130.99691312451165,132.65814208984375,5654300,2023-07-21 00:00:00-04:00
132.0674765103856,133.29492558725536,131.82751262394584,132.14129638671875,4468700,2023-07-24 00:00:00-04:00
131.42142557956893,131.91056320678862,130.42470239826656,130.71080017089844,4778200,2023-07-25 00:00:00-04:00
130.5262105069092,131.3106839661844,129.6863791836981,130.95997619628906,5006800,2023-07-26 00:00:00-04:00
133.34106380103185,139.69986692514536,133.34106380103185,137.37416076660156,13664400,2023-07-27 00:00:00-04:00
138.361648132602,140.05978666633922,137.10649919845156,139.21995544433594,8000300,2023-07-28 00:00:00-04:00
138.83234146278684,138.8969514555679,136.2389853532436,138.04788208007812,9109200,2023-07-31 00:00:00-04:00
138.43551897810693,139.2384404818154,136.44204412504877,137.08807373046875,4409600,2023-08-01 00:00:00-04:00
136.69119027075322,138.96153828511308,136.69119027075322,137.86328125,5756400,2023-08-02 00:00:00-04:00
137.47568841664432,137.8448441215529,136.7558108520139,137.55874633789062,4674300,2023-08-03 00:00:00-04:00
137.48490503381402,138.96155593931726,135.81445232242535,136.3404998779297,4231200,2023-08-04 00:00:00-04:00
136.58971498961586,139.24768151740005,136.40513711016183,138.74008178710938,3800600,2023-08-07 00:00:00-04:00
139.1553797210478,140.0505971854968,137.43877875732375,138.08480834960938,4013400,2023-08-08 00:00:00-04:00
138.8877368578649,140.33668786386536,138.3524511993614,139.14614868164062,3737100,2023-08-09 00:00:00-04:00
139.54296349045669,141.05652420191902,138.96154404019995,139.76446533203125,3275800,2023-08-10 00:00:00-04:00
140.23515439578244,141.66565733518843,140.02289057867426,140.44741821289062,3454800,2023-08-11 00:00:00-04:00
141.2226645238562,141.333408411622,139.8844575779355,140.53048706054688,2570900,2023-08-14 00:00:00-04:00
139.8844889306766,141.11193818155695,139.1646112516909,140.39207458496094,3636300,2023-08-15 00:00:00-04:00
140.8258105459687,141.75795188758406,139.70910544403168,139.86599731445312,3214900,2023-08-16 00:00:00-04:00
139.50604273751986,140.19822009606915,138.3616377683933,138.4539337158203,5285700,2023-08-17 00:00:00-04:00
138.70312712404075,139.2937846572586,137.7248519048724,138.564697265625,4050900,2023-08-18 00:00:00-04:00
138.16784152632027,138.75849899930333,137.40183019563548,138.58314514160156,3944800,2023-08-21 00:00:00-04:00
138.43547701264131,138.43547701264131,136.56198468366102,136.81117248535156,3209300,2023-08-22 00:00:00-04:00
137.20802867726138,137.51258844894744,134.68850667089586,135.74061584472656,5414800,2023-08-23 00:00:00-04:00
135.5929531475127,136.42357457920505,135.0669055815892,135.3253173828125,3986300,2023-08-24 00:00:00-04:00
135.68523602353503,136.28511748656976,134.92844861981916,135.38067626953125,3275100,2023-08-25 00:00:00-04:00
135.7498606262495,136.65431611689095,135.45453885478247,136.0636444091797,2806900,2023-08-28 00:00:00-04:00
136.5804735048805,137.4295429073678,135.20534242691983,136.2113037109375,3419100,2023-08-29 00:00:00-04:00
136.70041785920156,137.32799935979364,135.57447482546795,136.885009765625,3486400,2023-08-30 00:00:00-04:00
136.949612439111,137.24494823808462,135.54679555875836,135.62986755371094,4110700,2023-08-31 00:00:00-04:00
135.99901093710997,137.41105165275548,135.99901093710997,136.7742462158203,3357800,2023-09-01 00:00:00-04:00
137.05115950081517,137.4757012753179,134.61469500631844,134.83619689941406,3911100,2023-09-05 00:00:00-04:00
134.83618461883287,134.85463254645242,132.6581321567922,134.3839569091797,5304300,2023-09-06 00:00:00-04:00
134.88231277044986,137.5125928300191,134.6239009709173,137.42953491210938,5142100,2023-09-07 00:00:00-04:00
137.5125896269522,138.21399105471912,136.77426418160536,137.5310516357422,4339800,2023-09-08 00:00:00-04:00
137.38339892019087,137.89099860013948,136.977319176232,137.5495147705078,2911600,2023-09-11 00:00:00-04:00
137.9740588837747,138.0663548571205,136.23899597806928,137.7617950439453,2424800,2023-09-12 00:00:00-04:00
137.90021610822467,140.65046413302107,137.55874637696786,139.50607299804688,5953700,2023-09-13 00:00:00-04:00
140.29053906845357,142.7639274733962,140.09673724293376,141.7948760986328,6336900,2023-09-14 00:00:00-04:00
141.00119426896978,142.77316728231298,140.21672066843811,140.39207458496094,8868300,2023-09-15 00:00:00-04:00
141.27803419227618,142.09941753887833,140.37359293118743,142.0717315673828,2967600,2023-09-18 00:00:00-04:00
142.02560409241943,142.71778164451368,139.91216149627581,141.6564483642578,3509700,2023-09-19 00:00:00-04:00
142.18245447244195,142.93924180134255,141.54564905724123,141.76715087890625,2744800,2023-09-20 00:00:00-04:00
141.83175423786273,142.91156335320744,140.8904031316219,141.6010284423828,3660300,2023-09-21 00:00:00-04:00
142.0348211082666,142.0348211082666,140.7612240507432,140.96426391601562,3049200,2023-09-22 00:00:00-04:00
140.6873813387438,142.81006174572752,139.967517891163,142.72698974609375,3740000,2023-09-25 00:00:00-04:00
142.4962810415249,142.6808729896565,141.50878171448548,142.0440673828125,3936300,2023-09-26 00:00:00-04:00
141.97944169576277,142.12710960499538,139.92137125948605,141.32418823242188,3621300,2023-09-27 00:00:00-04:00
141.7948743156364,141.9702282104938,139.69987970623623,140.5120391845703,3697400,2023-09-28 00:00:00-04:00
140.70585789998177,140.7704538148367,137.35571406733823,137.56797790527344,5581600,2023-09-29 00:00:00-04:00
137.02345917166272,137.3833909087483,135.40837833661945,136.82041931152344,3827800,2023-10-02 00:00:00-04:00
136.43281422649923,136.58048215342706,134.14401768867242,136.0636444091797,4580900,2023-10-03 00:00:00-04:00
135.26995683399608,136.66353588531894,135.02999293950904,136.30360412597656,3159600,2023-10-04 00:00:00-04:00
136.5250819375357,138.00173288865003,135.74984652527488,136.08209228515625,3599500,2023-10-05 00:00:00-04:00
135.19609192020408,137.81713357187104,134.85460816755113,136.81117248535156,5370100,2023-10-06 00:00:00-04:00
136.83890021410585,138.20479339440055,135.8144768082875,137.6141357421875,2903300,2023-10-09 00:00:00-04:00
137.87250811732508,138.0293999710208,136.62658316769094,137.4110565185547,3729000,2023-10-10 00:00:00-04:00
137.6325989143769,138.80467618133414,137.30035310205776,137.82640075683594,3189800,2023-10-11 00:00:00-04:00
138.07804896946416,138.516156371265,137.03404139204767,138.23651123046875,4554400,2023-10-12 00:00:00-04:00
138.84241201328243,139.50423844308222,137.34166429482664,137.9196014404297,4304700,2023-10-13 00:00:00-04:00
138.16196058905692,139.35510010762923,136.95017426519115,137.2391357421875,3704400,2023-10-16 00:00:00-04:00
137.33235589626898,139.5042464597965,137.1645630948889,139.0568084716797,5372400,2023-10-17 00:00:00-04:00
139.14069286555548,139.45761739608275,138.2737943281214,139.15000915527344,4910500,2023-10-18 00:00:00-04:00
138.46954283916767,138.46954283916767,133.60376587651882,135.64515686035156,6147100,2023-10-19 00:00:00-04:00
135.4214452008735,137.50011567686852,135.4214452008735,136.30697631835938,4223800,2023-10-20 00:00:00-04:00
136.2417367732931,136.48408832142752,134.41473409065833,134.9087677001953,3903300,2023-10-23 00:00:00-04:00
135.30025905811434,136.99676248773267,135.25366338727167,136.3815460205078,3362900,2023-10-24 00:00:00-04:00
136.1951424301931,136.9315276719582,134.99268661878435,135.40281677246094,5461500,2023-10-25 00:00:00-04:00
135.02996873039785,136.0459991791172,134.44271524932827,135.34689331054688,5569400,2023-10-26 00:00:00-04:00
129.35321809456102,133.29617077192145,126.79914648524073,129.50234985351562,9427200,2023-10-27 00:00:00-04:00
131.12430693153993,135.82230676081565,131.12430693153993,132.2615203857422,9258500,2023-10-30 00:00:00-04:00
132.44793756088444,132.5691204664031,130.20147389146814,131.5996856689453,10394000,2023-10-31 00:00:00-04:00
132.23354785447162,133.95801472016856,132.1310117561327,132.80215454101562,4207800,2023-11-01 00:00:00-04:00
131.7208561478123,134.0139295048166,130.97514042550677,133.5385284423828,4066800,2023-11-02 00:00:00-04:00
134.18169512668499,134.18169512668499,131.32934592070856,131.82337951660156,5414500,2023-11-03 00:00:00-04:00
132.2614962664344,132.70891999889542,131.41324447648265,131.61831665039062,4377000,2023-11-06 00:00:00-05:00
131.91661385236236,132.53181617513945,131.0310826426479,132.51318359375,5024400,2023-11-07 00:00:00-05:00
133.70632064564992,134.12578129279967,132.28946220185952,132.39199829101562,5299100,2023-11-08 00:00:00-05:00
131.43187294128208,131.99116319632645,126.63135277496212,128.6727294921875,14970300,2023-11-09 00:00:00-05:00
129.2413662573901,129.9031927398393,127.14404864556074,129.18544006347656,4586400,2023-11-10 00:00:00-05:00
129.18543050601204,129.7167577555723,128.10414342586236,129.23204040527344,4454700,2023-11-13 00:00:00-05:00
129.50234915263567,130.59296669686407,128.5981854202867,128.69139099121094,4509200,2023-11-14 00:00:00-05:00
128.86852036549234,128.86852036549234,127.05084787770068,128.26263427734375,6473200,2023-11-15 00:00:00-05:00
128.89646911621094,129.39983327116806,127.74993955512197,128.89646911621094,5257000,2023-11-16 00:00:00-05:00
128.9710415460082,129.45575889446016,128.05754726201138,128.9151153564453,4332300,2023-11-17 00:00:00-05:00
128.19738469977813,129.27867196106308,127.83385018199142,128.92445373535156,4490000,2023-11-20 00:00:00-05:00
129.31594848632812,129.9032020110231,128.47702707106077,129.31594848632812,4690800,2023-11-21 00:00:00-05:00
129.6235377104023,130.350606622795,128.94307869718233,129.07357788085938,3428500,2023-11-22 00:00:00-05:00
130.49977458981894,130.57434759638616,129.06428332760348,129.26002502441406,1636500,2023-11-24 00:00:00-05:00
129.2879700499988,129.9218334055351,128.4397182201441,129.65150451660156,5529400,2023-11-27 00:00:00-05:00
129.61421518318087,130.18282178970176,128.5608912506069,128.7100372314453,5347200,2023-11-28 00:00:00-05:00
128.65410827288895,129.65149177365436,128.3092064217123,129.10153198242188,3996500,2023-11-29 00:00:00-05:00
128.644787043829,133.01653104299177,128.644787043829,132.72756958007812,9297400,2023-11-30 00:00:00-05:00
132.86740271407842,134.3215549591276,132.62505111824333,133.67837524414062,4903400,2023-12-01 00:00:00-05:00
133.67835823556015,135.61721342558909,133.54785905081513,134.36813354492188,4845300,2023-12-04 00:00:00-05:00
134.3308676073336,135.23504570049406,132.97926572501865,134.75965881347656,3961700,2023-12-05 00:00:00-05:00
134.964692821073,137.0899874446447,134.90876663527908,136.44680786132812,4978800,2023-12-06 00:00:00-05:00
137.62131627991644,138.31110583860394,135.34688964011193,137.92892456054688,7225100,2023-12-07 00:00:00-05:00
138.02212649564902,139.88640851994083,137.95686979759412,139.15000915527344,5695200,2023-12-08 00:00:00-05:00
140.44567782635505,142.34725336458428,140.4177147352054,140.9770050048828,6343500,2023-12-11 00:00:00-05:00
141.43375130847676,143.16753415409462,139.9796136102185,142.84129333496094,5882200,2023-12-12 00:00:00-05:00
142.5989431274163,144.26748368058455,142.36590784974936,143.82937622070312,8104500,2023-12-13 00:00:00-05:00
143.88530825499683,144.63102401848454,142.3938767280214,144.37002563476562,7869600,2023-12-14 00:00:00-05:00
144.23951574950206,145.3114723014948,142.72012123858107,143.58700561523438,15203000,2023-12-15 00:00:00-05:00
142.61758144311625,143.87597755695182,141.45240512413653,143.0090789794922,5379600,2023-12-18 00:00:00-05:00
143.1675493687917,143.997154386005,142.10490907457077,143.1768798828125,5476700,2023-12-19 00:00:00-05:00
143.54041172905187,143.74548390694736,141.25665467733802,141.396484375,4716400,2023-12-20 00:00:00-05:00
141.7320474374533,142.53368929773723,141.0236111468087,142.2353973388672,4036100,2023-12-21 00:00:00-05:00
142.8879076966952,144.9106664672819,142.7014823151851,144.4259490966797,3373400,2023-12-22 00:00:00-05:00
143.78278258958494,144.7428869043414,143.67093019511893,144.12767028808594,2073400,2023-12-26 00:00:00-05:00
143.59634677468983,144.45391492452987,143.2887384888757,144.37002563476562,3747400,2023-12-27 00:00:00-05:00
144.71489559044167,145.06911373498318,144.0530691977473,144.2488250732422,2601200,2023-12-28 00:00:00-05:00
144.0530599243263,144.6776068937106,143.9318912695282,144.45388793945312,3712000,2023-12-29 00:00:00-05:00
144.38861632616795,149.27303964774077,144.2674476838887,148.97476196289062,8059900,2024-01-02 00:00:00-05:00
149.69251875495627,150.7738057211803,148.99341300972668,149.57135009765625,5301400,2024-01-03 00:00:00-05:00
149.43153871352314,151.277174124404,148.61124998720075,150.50350952148438,8332200,2024-01-04 00:00:00-05:00
150.38232759271503,151.96696464146984,149.7111848529268,151.13735961914062,5607600,2024-01-05 00:00:00-05:00
151.17464602894705,151.72462012137,148.93751294127958,150.4755401611328,6001600,2024-01-08 00:00:00-05:00
150.47554858670745,152.3771246187105,149.92558868683588,151.29583740234375,4454000,2024-01-09 00:00:00-05:00
151.2585244944518,153.8778384363695,150.8949900723234,153.7007293701172,6609900,2024-01-10 00:00:00-05:00
153.10418413924424,153.9151423896072,152.02289698986345,152.66607666015625,4591500,2024-01-11 00:00:00-05:00
153.15540675573516,153.67298550294782,152.61900304701336,152.82603454589844,4971400,2024-01-12 00:00:00-05:00
152.4308049210939,152.7319468849038,151.52740774814256,151.9602813720703,4747700,2024-01-16 00:00:00-05:00
152.214376813947,153.3436305243354,151.99793998960556,152.48727416992188,4423100,2024-01-17 00:00:00-05:00
151.65914874287083,154.01176641004403,151.50857776595447,153.67298889160156,5074300,2024-01-18 00:00:00-05:00
154.2470191857266,155.15041627608855,153.01424989746394,155.0563201904297,5863000,2024-01-19 00:00:00-05:00
154.74577868513165,155.6962310331467,154.10585922645464,155.6397705078125,4864000,2024-01-22 00:00:00-05:00
154.7551850845495,157.65361173259402,154.38817730803433,157.62538146972656,5784700,2024-01-23 00:00:00-05:00
157.8794618429785,158.04884341336856,154.3881710967021,154.5387420654297,5422200,2024-01-24 00:00:00-05:00
154.33169296504516,155.47036604218047,153.57885256653915,155.39508056640625,4465800,2024-01-25 00:00:00-05:00
155.5268352442652,156.0820495049641,153.8611781029315,154.70811462402344,4654300,2024-01-26 00:00:00-05:00
156.07265810024774,156.9289999978655,154.03057337720983,154.2470245361328,4704100,2024-01-29 00:00:00-05:00
154.53874917859088,155.253939774109,153.6353376838808,155.19747924804688,3819600,2024-01-30 00:00:00-05:00
155.97853376489843,156.0820495049641,154.28464636347746,154.70811462402344,4993900,2024-01-31 00:00:00-05:00
154.04941029435955,157.7947738021873,153.08013291187578,157.7100830078125,5584400,2024-02-01 00:00:00-05:00
159.43221055164489,162.66000982639702,155.48922059372956,158.72642517089844,7870400,2024-02-02 00:00:00-05:00
159.8274264687974,162.92347928399585,158.5193716523175,161.16371154785156,6486700,2024-02-05 00:00:00-05:00
161.5307190695058,163.70454979901135,159.7615603942375,163.07403564453125,7037400,2024-02-06 00:00:00-05:00
163.75161031545468,165.21023627793778,163.1022998400949,164.69265747070312,6409100,2024-02-07 00:00:00-05:00
164.07156231308937,165.53959344404967,164.02450708776604,164.48561096191406,5709100,2024-02-08 00:00:00-05:00
164.74911612644738,165.0596490209464,162.8481970395859,163.81747436523438,3502700,2024-02-09 00:00:00-05:00
163.30929855582505,164.45737710427684,162.07652921918543,162.8670196533203,3477100,2024-02-12 00:00:00-05:00
164.17507332016837,164.87143894156821,161.83186101548068,163.07403564453125,5480400,2024-02-13 00:00:00-05:00
162.85759612376825,164.55148364347352,162.49999365870877,164.13742065429688,4348500,2024-02-14 00:00:00-05:00
163.76100577103998,166.32065480370747,163.56337957958374,166.1794891357422,5276200,2024-02-15 00:00:00-05:00
166.46180951651348,168.3721338496247,165.6901584142941,167.0264434814453,6689900,2024-02-16 00:00:00-05:00
165.464323581717,168.14629936756654,165.17260126009649,165.3890380859375,5484100,2024-02-20 00:00:00-05:00
165.8971855951425,166.21715251956863,163.27167052550647,164.8149871826172,3818500,2024-02-21 00:00:00-05:00
164.47621415359464,166.88529247846427,162.93289745427256,166.330078125,4852300,2024-02-22 00:00:00-05:00
166.80999368427294,168.36272992087223,166.57473192350685,167.591064453125,3941800,2024-02-23 00:00:00-05:00
168.29686124592897,169.19085312613623,167.50638512190818,168.2686309814453,4327400,2024-02-26 00:00:00-05:00
168.23097205641233,168.94616258942636,166.54648992683462,168.43800354003906,3888500,2024-02-27 00:00:00-05:00
169.24732099404935,169.28495655872,166.46181535354313,167.50637817382812,4331300,2024-02-28 00:00:00-05:00
167.3840391574211,167.52520483465474,165.0502464247281,165.6713409423828,7485700,2024-02-29 00:00:00-05:00
165.67135179875197,168.62623924273214,165.38903478502345,168.3627471923828,4028700,2024-03-01 00:00:00-05:00
167.8357603737536,169.3696574221816,165.88778593388815,166.61239624023438,4723600,2024-03-04 00:00:00-05:00
167.30876287018506,169.0026505754817,167.30876287018506,168.59800720214844,5309800,2024-03-05 00:00:00-05:00
167.88279758562953,171.42114388607104,167.60049494186174,170.385986328125,6047100,2024-03-06 00:00:00-05:00
171.44937268168843,171.66580949313598,168.955589262269,169.9248809814453,6125200,2024-03-07 00:00:00-05:00
169.14379039827216,171.40229742051392,168.1462685315573,168.30625915527344,6195600,2024-03-08 00:00:00-05:00
167.89220467364797,170.5741801032717,167.73222840107994,169.040283203125,5134800,2024-03-11 00:00:00-04:00
169.12498827972328,172.10810590451808,169.09675801507532,170.25424194335938,5391100,2024-03-12 00:00:00-04:00
171.7410773709512,171.75048267161856,168.8426508900206,169.2567138671875,5987900,2024-03-13 00:00:00-04:00
169.53904805232378,171.3082068263376,168.12747741006604,170.51773071289062,6999400,2024-03-14 00:00:00-04:00
169.23789198698907,169.9342719484665,167.0734809773725,167.39344787597656,20957800,2024-03-15 00:00:00-04:00
168.45683292312108,169.27555364846958,167.10173718725525,167.96749877929688,8569000,2024-03-18 00:00:00-04:00
167.68515655341955,169.32256903927737,167.68515655341955,169.06849670410156,7625600,2024-03-19 00:00:00-04:00
168.65445819616218,168.66386349760106,165.37019872990783,165.8783721923828,7326600,2024-03-20 00:00:00-04:00
166.3865333659653,167.26171462478928,165.51136646638034,167.03585815429688,5743600,2024-03-21 00:00:00-04:00
166.78176155943243,168.4380135266446,166.35829326662954,167.92984008789062,4084400,2024-03-22 00:00:00-04:00
168.44742021079745,168.63562674700654,167.6287138807068,168.005126953125,4366400,2024-03-25 00:00:00-04:00
168.66385626650572,169.17202970719387,167.86397490133098,168.626220703125,4392400,2024-03-26 00:00:00-04:00
169.2002709561139,169.9342865432242,168.26862916051738,169.7178497314453,5073500,2024-03-27 00:00:00-04:00
170.32952749037088,171.55289160938716,169.67079738297423,171.36468505859375,5418700,2024-03-28 00:00:00-04:00
171.15765072660943,171.17646132991146,168.6732869630223,170.10366821289062,3502100,2024-04-01 00:00:00-04:00
168.81441681840352,170.35773328803953,167.98629088276166,170.03778076171875,4523800,2024-04-02 00:00:00-04:00
170.0660496748373,170.89417579869516,166.1889398390311,166.8759002685547,5893000,2024-04-03 00:00:00-04:00
167.17700965704893,167.22406488335795,157.57833221880614,158.00180053710938,10539000,2024-04-04 00:00:00-04:00
158.09590274586398,160.95667942986714,157.42775302928982,159.97799682617188,7030100,2024-04-05 00:00:00-04:00
159.2345958040772,161.831880788887,158.47233554490597,159.78981018066406,4745000,2024-04-08 00:00:00-04:00
159.7238932601583,160.49555864413858,157.53125216472836,160.10972595214844,5933200,2024-04-09 00:00:00-04:00
158.65113775648513,159.94038213401774,157.49365376663684,159.06520080566406,3231700,2024-04-10 00:00:00-04:00
159.2251630169261,159.38513929737,157.37129912113684,157.6442108154297,3307000,2024-04-11 00:00:00-04:00
156.20046962262933,156.20046962262933,151.97370388207742,154.1393280029297,7029400,2024-04-12 00:00:00-04:00
156.26695854934172,156.43792200226574,153.39845095021758,153.55992126464844,5433700,2024-04-15 00:00:00-04:00
154.04431961509198,155.52607521934195,153.94934475790086,154.38626098632812,4881300,2024-04-16 00:00:00-04:00
155.9154934395853,156.47590740639546,155.04164650807047,156.01048278808594,4792200,2024-04-17 00:00:00-04:00
156.68487115247166,159.0404591447912,156.18144500136498,156.39991760253906,4480100,2024-04-18 00:00:00-04:00
156.7418629840727,158.24260485842672,155.0606500403545,158.0621337890625,5532400,2024-04-19 00:00:00-04:00
159.2684236582404,161.08261310082835,158.546553832502,159.4678955078125,5580700,2024-04-22 00:00:00-04:00
160.13276961266791,161.82347570809188,159.7813351020481,161.0351104736328,4084100,2024-04-23 00:00:00-04:00
160.0663138837501,160.62671346016108,158.37560752191678,159.38243103027344,4074700,2024-04-24 00:00:00-04:00
159.2494287385622,160.7976507999111,157.2642759555196,158.89797973632812,5503700,2024-04-25 00:00:00-04:00
158.70801997302522,159.0594689851011,149.74156998288677,151.6127471923828,10721700,2024-04-26 00:00:00-04:00
151.58422955632838,153.44591333641785,150.60590024379985,153.41741943359375,6219000,2024-04-29 00:00:00-04:00
153.18000719639525,154.8707135807122,151.67926505316083,154.4812774658203,5484800,2024-04-30 00:00:00-04:00
153.95884113255298,155.4785838129635,153.05650025689565,153.60740661621094,5176400,2024-05-01 00:00:00-04:00
154.03481883125275,154.29127847028448,150.18798221913394,152.7430419921875,5904300,2024-05-02 00:00:00-04:00
153.07548989878663,156.01047806247374,152.67656073517918,155.57354736328125,5849900,2024-05-03 00:00:00-04:00
156.1624732756474,156.37143826551056,152.9235304261087,154.56674194335938,5834600,2024-05-06 00:00:00-04:00
155.1651163320322,155.76351729044376,153.7688570912975,154.395751953125,5301700,2024-05-07 00:00:00-04:00
154.00634757115688,154.728217428148,151.85021664548384,152.401123046875,5906700,2024-05-08 00:00:00-04:00
152.7430432080048,153.2274685848473,151.99267954610715,152.35360717773438,3570000,2024-05-09 00:00:00-04:00
152.64806337365346,153.3414392023178,152.30612202782712,152.68605041503906,3509500,2024-05-10 00:00:00-04:00
153.18948364257812,154.4147796767226,152.73356661499324,153.18948364257812,3505900,2024-05-13 00:00:00-04:00
153.54090504823654,154.11081215400017,151.7077294629304,153.48391723632812,4025000,2024-05-14 00:00:00-04:00
154.16779490675896,156.17194835536205,153.74986497535897,155.57354736328125,5261300,2024-05-15 00:00:00-04:00
155.25062328728833,156.65637589330228,154.0443280376193,156.10548400878906,4642000,2024-05-16 00:00:00-04:00
157.09331049867728,158.13813546395772,156.23846424951415,158.07164001464844,5152200,2024-05-17 00:00:00-04:00
157.68217485966383,158.0716108652121,156.16244686436144,156.30491638183594,3058700,2024-05-20 00:00:00-04:00
157.07428417310166,157.39723924195297,154.3482610617563,154.75668334960938,3645200,2024-05-21 00:00:00-04:00
153.4649248775961,153.81635936599292,151.19480417541158,151.60324096679688,6904900,2024-05-22 00:00:00-04:00
151.05234605811768,152.01167474411676,149.8460508538695,150.3209686279297,5672900,2024-05-23 00:00:00-04:00
150.4159567032822,150.81488589090563,148.51628562316665,149.18116760253906,3691700,2024-05-24 00:00:00-04:00
148.50679804106986,148.50679804106986,146.22718396364579,147.54745483398438,5533500,2024-05-28 00:00:00-04:00
147.12002902600523,148.53528922528866,145.9707216235436,147.02503967285156,4254500,2024-05-29 00:00:00-04:00
146.89205015344575,148.58275613650943,145.87573373351694,148.46878051757812,4311100,2024-05-30 00:00:00-04:00
148.79171824514566,153.5314023837306,148.36429518901537,153.15147399902344,15664400,2024-05-31 00:00:00-04:00
151.9736732312131,155.00365066019464,150.86236748491052,152.15414428710938,4467800,2024-06-03 00:00:00-04:00
152.1541560109092,154.64272046395104,151.75522682713958,154.00633239746094,4215500,2024-06-04 00:00:00-04:00
154.72820247738417,157.65369765726106,154.02533345893337,157.1407928466797,5100500,2024-06-05 00:00:00-04:00
157.1882745920179,160.40821620322805,156.10546275355802,160.11376953125,5186700,2024-06-06 00:00:00-04:00
160.522198151887,161.79497423279636,159.37289082946984,160.92112731933594,3781700,2024-06-07 00:00:00-04:00
160.5221998543227,162.18441198299172,159.2779176655105,161.90896606445312,4247500,2024-06-10 00:00:00-04:00
161.70948254597405,162.07991778528856,159.02144653009145,159.2873992919922,3790200,2024-06-11 00:00:00-04:00
159.45840783849422,160.08528833006193,156.75137053578612,157.75819396972656,4725600,2024-06-12 00:00:00-04:00
157.67268431199315,158.527530417554,156.72284886433053,158.20458984375,3690800,2024-06-13 00:00:00-04:00
158.1191351274567,160.7501838248145,157.67271123137047,160.13278198242188,4377600,2024-06-14 00:00:00-04:00
159.95228731962646,161.85195825925786,158.96446480808734,161.16807556152344,4076000,2024-06-17 00:00:00-04:00
161.8899622975599,164.33103195619515,161.34854911459053,162.76380920410156,4250900,2024-06-18 00:00:00-04:00
162.5928381384355,164.14107468134713,161.49103994487706,163.4951934814453,5847500,2024-06-20 00:00:00-04:00
164.03660138627637,164.2550595110335,161.08261215960485,161.8424835205078,12228100,2024-06-21 00:00:00-04:00
162.54536438496564,164.71098830715198,162.1369275567132,164.07460021972656,6249900,2024-06-24 00:00:00-04:00
163.46670149517072,164.71098372803272,162.06093446709662,162.18441772460938,4844600,2024-06-25 00:00:00-04:00
161.74747199004165,163.7041451864454,161.61449560711506,162.5643310546875,5576100,2024-06-26 00:00:00-04:00
162.69730521743426,162.95376484291398,159.33489415598058,160.5126953125,5382000,2024-06-27 00:00:00-04:00
161.46252448524743,163.20072500237487,160.56967689240554,162.915771484375,24463400,2024-06-28 00:00:00-04:00
162.67834706304137,165.15741855561907,161.03512104192768,161.823486328125,5194500,2024-07-01 00:00:00-04:00
160.1707636136468,160.1707636136468,157.15027921330804,157.63470458984375,5965500,2024-07-02 00:00:00-04:00
157.75817789164475,158.71752104168982,155.31710814405227,155.6210479736328,3527600,2024-07-03 00:00:00-04:00
156.45691775460693,158.91698842616515,155.4216004517514,158.86000061035156,5978300,2024-07-05 00:00:00-04:00
158.18559699247288,159.30641041333786,157.3117500760955,158.16661071777344,3500200,2024-07-08 00:00:00-04:00
158.64154355324703,160.07579006979367,156.58989521010184,159.619873046875,4224600,2024-07-09 00:00:00-04:00
159.04994872224043,159.999784205196,157.77717265348141,159.70533752441406,3887800,2024-07-10 00:00:00-04:00
159.11644467153275,161.80448083609113,158.95497437811483,161.3865509033203,3689500,2024-07-11 00:00:00-04:00
162.07042427249255,163.0202597037451,161.37703397247446,161.73797607421875,4133500,2024-07-12 00:00:00-04:00
161.91053969111195,163.31003054015002,160.48227855612606,161.06700134277344,2395100,2024-07-15 00:00:00-04:00
161.61339450034353,162.81159578036838,160.32891161203176,162.1885223388672,3829500,2024-07-16 00:00:00-04:00
162.48566787148596,168.45751336003855,162.48566787148596,168.00698852539062,6983200,2024-07-17 00:00:00-04:00
167.22096073758374,169.35854763654154,163.64553236259087,164.04812622070312,5957800,2024-07-18 00:00:00-04:00
166.4732628631351,166.645811423768,164.12479168055447,165.17921447753906,4293600,2024-07-19 00:00:00-04:00
166.1378104705279,167.489370453319,164.87250284657583,166.41578674316406,4066900,2024-07-22 00:00:00-04:00
166.13780650496983,167.35516849493422,165.61059500757386,165.97483825683594,2933800,2024-07-23 00:00:00-04:00
166.02275739222472,169.28187347226708,165.7831171492722,168.9080352783203,6117700,2024-07-24 00:00:00-04:00
169.66530440141145,178.39779607741337,164.680789909265,174.62106323242188,9442200,2024-07-25 00:00:00-04:00
175.84800641094677,179.10712247352424,174.56353822595946,177.48715209960938,6948800,2024-07-26 00:00:00-04:00
176.4135582938521,178.4169618805521,173.04901448200738,174.4005889892578,5458500,2024-07-29 00:00:00-04:00
175.982211849669,179.9314931464207,175.03324581322858,179.04002380371094,6032200,2024-07-30 00:00:00-04:00
178.66618612250394,179.73018942898275,175.84801441202066,177.64053344726562,6473900,2024-07-31 00:00:00-04:00
179.9889917317819,183.05638381333688,179.03043079214103,181.84860229492188,6595500,2024-08-01 00:00:00-04:00
183.0659695212042,185.87456076241548,178.73328447814075,181.4459991455078,6303900,2024-08-02 00:00:00-04:00
179.68225637363895,181.44600510180086,175.4549988568377,176.72030639648438,6459300,2024-08-05 00:00:00-04:00
177.74596323685324,180.03693812018557,175.4933536116992,178.01437377929688,4273200,2024-08-06 00:00:00-04:00
180.11361483450298,181.73358534375436,178.27317937991282,179.73977661132812,6351000,2024-08-07 00:00:00-04:00
179.1742065789105,182.80716068021485,179.1742065789105,182.50999450683594,5744600,2024-08-08 00:00:00-04:00
182.87426143820673,183.09472636679868,180.30532504875706,182.05947875976562,3206500,2024-08-09 00:00:00-04:00
182.20327072099138,182.6729708612781,179.9218909345697,182.2991180419922,4808300,2024-08-12 00:00:00-04:00
182.6633841630715,183.986203040515,181.5322891892716,183.3056182861328,3477300,2024-08-13 00:00:00-04:00
183.08515155377165,185.3377757611771,182.57711539235342,185.0022735595703,4153400,2024-08-14 00:00:00-04:00
186.4305236998703,186.9098041729906,183.36311697071687,185.38568115234375,4719900,2024-08-15 00:00:00-04:00
185.8457990291339,186.2004618951275,184.3025153364755,185.86495971679688,3674900,2024-08-16 00:00:00-04:00
185.38569097391803,189.00905037255168,185.33777462525086,188.71189880371094,4309300,2024-08-19 00:00:00-04:00
188.9515184928946,189.29660099933366,186.08543078460193,188.02171325683594,3631800,2024-08-20 00:00:00-04:00
188.29971935115074,189.16241837385263,187.56162330858513,188.385986328125,4250400,2024-08-21 00:00:00-04:00
188.84608339007784,189.35411951241915,187.25488336378115,188.23260498046875,3676700,2024-08-22 00:00:00-04:00
189.0761525367553,189.77589795389778,188.09841624571365,189.3637237548828,4720300,2024-08-23 00:00:00-04:00
189.37329289352488,189.76630638082779,187.94504648458724,189.25827026367188,4182300,2024-08-26 00:00:00-04:00
189.78548240371194,190.082633949595,187.09191392393316,187.80125427246094,2504500,2024-08-27 00:00:00-04:00
187.41786320134332,188.09843336549147,185.98960195142067,187.30282592773438,3910200,2024-08-28 00:00:00-04:00
187.87794594395135,188.29971510161323,185.81704575485176,187.0919189453125,4538300,2024-08-29 00:00:00-04:00
187.15903753113395,188.35723879573789,186.12378988333853,188.17510986328125,3820800,2024-08-30 00:00:00-04:00
188.01215234213672,191.66426738057137,187.97381633811682,189.4979248046875,4872400,2024-09-03 00:00:00-04:00
190.4468949896065,191.59717990607353,188.2997276820261,188.84609985351562,4214300,2024-09-04 00:00:00-04:00
188.79817840645993,188.96113201904754,184.19708274426364,184.86807250976562,5902800,2024-09-05 00:00:00-04:00
185.45278743929066,186.67016393643044,184.83930901875584,185.38568115234375,4312600,2024-09-06 00:00:00-04:00
186.89063758405902,188.46267702422864,185.90332093345444,188.28054809570312,3606900,2024-09-09 00:00:00-04:00
187.9929642626296,191.204149217644,184.91599187877216,191.08912658691406,6333300,2024-09-10 00:00:00-04:00
189.48831694019233,189.48831694019233,185.40485265861102,186.5263671875,4909300,2024-09-11 00:00:00-04:00
186.7085274058996,186.98651831203387,183.34398325515903,185.9800262451172,4165200,2024-09-12 00:00:00-04:00
185.82663768901799,186.52638312979403,183.86158469633767,186.16213989257812,2718100,2024-09-13 00:00:00-04:00
187.70540696540624,188.0313141688762,186.4017635250474,187.61912536621094,3235700,2024-09-16 00:00:00-04:00
186.72768748033295,187.9546444017466,183.8711797688993,185.43362426757812,3534100,2024-09-17 00:00:00-04:00
185.1268768414955,187.4753481915298,183.83281373715056,184.9447479248047,3236800,2024-09-18 00:00:00-04:00
185.4144439489423,186.11420399770333,184.00537276008126,185.59657287597656,3929300,2024-09-19 00:00:00-04:00
185.0022644872528,185.78829149179478,184.16832113609973,185.45278930664062,11661200,2024-09-20 00:00:00-04:00
185.67324921991295,186.2483916285176,184.23540782488035,185.79786682128906,3178000,2024-09-23 00:00:00-04:00
184.95434282147903,187.12070005175886,183.65069927080378,185.4911346435547,4286500,2024-09-24 00:00:00-04:00
185.96085912266346,186.5072459871889,183.04683972464088,183.3343963623047,5589300,2024-09-25 00:00:00-04:00
182.22244740322583,184.87765077589947,181.76232760364246,183.94784545898438,6215700,2024-09-26 00:00:00-04:00
184.61885753326163,188.00257674964283,182.38540861079107,186.7180938720703,4891900,2024-09-27 00:00:00-04:00
186.77559514870018,189.43079828125266,186.31547539072739,189.29660034179688,4550200,2024-09-30 00:00:00-04:00
189.45956676930334,190.72487424970615,188.28054089091302,188.7981719970703,3924600,2024-10-01 00:00:00-04:00
187.5520519170438,188.83652016823896,186.3921866519327,188.6639862060547,2946900,2024-10-02 00:00:00-04:00
188.7119087162747,188.8844573105723,186.67018363137257,187.3507537841797,3453800,2024-10-03 00:00:00-04:00
187.01524670252365,187.53286317850805,185.0501938349087,186.23880004882812,4749700,2024-10-04 00:00:00-04:00
186.36342240345522,187.00565649945696,184.84889431266075,185.5869903564453,5033800,2024-10-07 00:00:00-04:00
186.28672861918812,186.91938234671662,184.28333977516036,185.0118408203125,4419000,2024-10-08 00:00:00-04:00
184.8584885463807,186.8139464856294,183.99577489921364,186.67974853515625,4478900,2024-10-09 00:00:00-04:00
186.47843997706957,186.74685049827866,185.27065845078536,186.29632568359375,3562500,2024-10-10 00:00:00-04:00
186.91937632814088,187.14943621069244,185.55822159928775,186.1429443359375,2973000,2024-10-11 00:00:00-04:00
186.1908900850298,188.20385936783705,185.63492296126023,187.54244995117188,3623900,2024-10-14 00:00:00-04:00
188.1511621424978,189.6198140019948,184.75975064932965,185.3781280517578,6553500,2024-10-15 00:00:00-04:00
184.0157495513267,184.58581319054528,182.3538576168107,184.02542114257812,5576000,2024-10-16 00:00:00-04:00
184.10271092216882,185.14622552227428,182.0929954811655,182.19927978515625,4419000,2024-10-17 00:00:00-04:00
182.58576123334888,183.28143763765542,181.80312896432397,182.47947692871094,5607900,2024-10-18 00:00:00-04:00
182.3345548586906,182.9819175503576,179.60981975262223,180.23785400390625,4496500,2024-10-21 00:00:00-04:00
180.02531956871684,182.71139808401384,179.9383489492441,182.38287353515625,4210400,2024-10-22 00:00:00-04:00
182.32488190385317,182.87563187604857,181.16542612530722,181.5325927734375,4266700,2024-10-23 00:00:00-04:00
182.06399838163213,184.03508646133204,181.81278763328137,183.24278259277344,6741800,2024-10-24 00:00:00-04:00
183.27177800410206,183.46503292934764,180.84658202239066,181.5036163330078,4017400,2024-10-25 00:00:00-04:00
181.73549497306016,183.71623997046137,181.18475972845152,183.2717742919922,5383700,2024-10-28 00:00:00-04:00
184.0544177837856,184.70178047655352,182.15097184303323,183.04954528808594,6131500,2024-10-29 00:00:00-04:00
185.14622897985703,195.51373300685665,182.1799547475423,194.69244384765625,10396400,2024-10-30 00:00:00-04:00
195.1465722958846,200.3158318223143,194.6151507498426,196.9823760986328,8829300,2024-10-31 00:00:00-04:00
197.46547637703205,197.8133145808659,195.4847462024604,196.67318725585938,4493900,2024-11-01 00:00:00-04:00
196.90507862178814,197.3398874540444,193.45569645641552,193.69725036621094,3531800,2024-11-04 00:00:00-05:00
193.71657929621713,195.58136840777135,191.648878412879,194.86636352539062,5109300,2024-11-05 00:00:00-05:00
198.8374986258268,199.1853368259406,194.06440602326518,194.40257263183594,7194800,2024-11-06 00:00:00-05:00
195.12723845002043,195.48474824924398,192.48947397690893,193.7358856201172,4520200,2024-11-07 00:00:00-05:00
194.3639311797562,195.06926443073013,192.7406813257507,192.760009765625,4596900,2024-11-08 00:00:00-05:00
172.53711859391925,172.53711859391925,166.86542326521527,168.53697204589844,20760300,2024-11-11 00:00:00-05:00
170.063608874344,170.6626725944103,165.25185913264843,165.30982971191406,10557000,2024-11-12 00:00:00-05:00
165.87023029964732,166.80746061120487,163.91847065933072,164.59483337402344,8483500,2024-11-13 00:00:00-05:00
164.25666500432857,165.82192968240219,162.89429736208163,163.899169921875,8442500,2024-11-14 00:00:00-05:00
163.89914837325358,163.89914837325358,159.15502648700337,159.41590881347656,11265400,2024-11-15 00:00:00-05:00
160.02461718664347,161.10678864507094,159.23232808970428,160.66232299804688,8336900,2024-11-18 00:00:00-05:00
159.68645220426694,161.4546284756651,158.27577097776015,160.94253540039062,5246000,2024-11-19 00:00:00-05:00
161.27104130070774,162.23725685257594,160.05360026965505,162.09231567382812,7135600,2024-11-20 00:00:00-05:00
162.89429088365569,166.6335554284133,161.28071253727424,165.92820739746094,6847700,2024-11-21 00:00:00-05:00
168.45003926124463,172.81733829273804,167.6384216228988,170.97186279296875,11328600,2024-11-22 00:00:00-05:00
171.03948286457398,174.10238442604683,170.77860053479014,171.078125,12465000,2024-11-25 00:00:00-05:00
171.1071329561731,175.51307414242396,170.70132413567964,175.0203094482422,6947500,2024-11-26 00:00:00-05:00
175.0202843448985,178.01555845076354,174.77873045711192,176.89474487304688,5271500,2024-11-27 00:00:00-05:00
176.95272866246881,177.3392090144789,176.33435125328438,176.74981689453125,2710700,2024-11-29 00:00:00-05:00
176.12179300963953,176.52760182613494,172.81733715250712,175.6290283203125,3936600,2024-12-02 00:00:00-05:00
176.12179586704121,177.31023704486492,175.34882036167437,175.36814880371094,4107600,2024-12-03 00:00:00-05:00
174.01542174426294,174.35358833164616,169.9669763403704,170.49839782714844,6125500,2024-12-04 00:00:00-05:00
169.06840175931265,170.7496222128766,167.66739208631606,170.21820068359375,5444200,2024-12-05 00:00:00-05:00
170.05396548373452,170.76897041891803,168.27613211024675,170.237548828125,4839600,2024-12-06 00:00:00-05:00
169.65780385054066,172.11199987810824,168.4886911605931,170.60470581054688,4394500,2024-12-09 00:00:00-05:00
169.59982256923132,170.9428616593878,167.95725900291677,169.73509216308594,4089600,2024-12-10 00:00:00-05:00
170.0152978645537,170.05394000023801,167.9669108345753,168.47900390625,9492200,2024-12-11 00:00:00-05:00
169.0007744609629,169.96699006283,166.17942667270455,167.33888244628906,4999500,2024-12-12 00:00:00-05:00
167.39684571592124,169.01042393140642,166.5658997448585,167.51278686523438,5471600,2024-12-13 00:00:00-05:00
165.87023088221363,167.48380917085103,164.76874568396437,165.8315887451172,8157900,2024-12-16 00:00:00-05:00
164.8170572353862,170.53705176329578,164.45956218466682,169.45489501953125,7664700,2024-12-17 00:00:00-05:00
170.082940656261,170.53706319380328,166.98139665837869,167.1746368408203,5471600,2024-12-18 00:00:00-05:00
167.0876487473335,168.0055653186464,164.58515399979885,165.7252960205078,6110500,2024-12-19 00:00:00-05:00
165.9861819703839,170.82693186927548,164.89436829852818,169.6481475830078,18950900,2024-12-20 00:00:00-05:00
169.36793061773162,172.6144157112682,168.73023950937724,172.3632049560547,6945600,2024-12-23 00:00:00-05:00
172.38252871793227,174.08306286618915,171.83177874921046,173.91880798339844,2692800,2024-12-24 00:00:00-05:00
172.9719317636509,174.25700036199925,172.59510824558492,173.14584350585938,2759300,2024-12-26 00:00:00-05:00
171.90907684970296,173.59029729215828,171.30035630715741,171.99603271484375,2745400,2024-12-27 00:00:00-05:00
171.03949628235566,171.34867761985694,169.58050123399707,170.2471923828125,3405700,2024-12-30 00:00:00-05:00
