Open,High,Low,Close,Volume,Date
0.4904367923736572,0.4904367923736572,0.4904367923736572,0.4904367923736572,43690,2020-01-02 00:00:00+11:00
0.4904367923736572,0.4904367923736572,0.4904367923736572,0.4904367923736572,0,2020-01-03 00:00:00+11:00
0.49497786927336557,0.49497786927336557,0.4904367923736572,0.4904367923736572,92000,2020-01-06 00:00:00+11:00
0.4995189607143402,0.4995189607143402,0.49043680665053724,0.4995189607143402,10340,2020-01-07 00:00:00+11:00
0.5086010694503784,0.5086010694503784,0.5086010694503784,0.5086010694503784,5357,2020-01-08 00:00:00+11:00
0.5086010694503784,0.5086010694503784,0.5086010694503784,0.5086010694503784,9698,2020-01-09 00:00:00+11:00
0.5086010694503784,0.5086010694503784,0.5086010694503784,0.5086010694503784,0,2020-01-10 00:00:00+11:00
0.49497786927336557,0.49497786927336557,0.4904367923736572,0.4904367923736572,56077,2020-01-13 00:00:00+11:00
0.4904368000754985,0.49497787704652013,0.48589572310447693,0.48589572310447693,50537,2020-01-14 00:00:00+11:00
0.48589572310447693,0.48589572310447693,0.48589572310447693,0.48589572310447693,0,2020-01-15 00:00:00+11:00
0.4995189607143402,0.4995189607143402,0.49043680665053724,0.4995189607143402,77466,2020-01-16 00:00:00+11:00
0.5040599928231887,0.5086010694503784,0.5040599928231887,0.5086010694503784,14739,2020-01-17 00:00:00+11:00
0.5040600299835205,0.5040600299835205,0.5040600299835205,0.5040600299835205,442,2020-01-20 00:00:00+11:00
0.5086010694503784,0.5086010694503784,0.4949778395688093,0.5086010694503784,41760,2020-01-21 00:00:00+11:00
0.5086010694503784,0.5086010694503784,0.5086010694503784,0.5086010694503784,0,2020-01-22 00:00:00+11:00
0.5086010694503784,0.5086010694503784,0.5086010694503784,0.5086010694503784,0,2020-01-23 00:00:00+11:00
0.4949778836824387,0.4995189607143402,0.4949778836824387,0.4995189607143402,17304,2020-01-24 00:00:00+11:00
0.4949778836824387,0.4995189607143402,0.4813545984528259,0.4995189607143402,126814,2020-01-28 00:00:00+11:00
0.4995189607143402,0.4995189607143402,0.4995189607143402,0.4995189607143402,0,2020-01-29 00:00:00+11:00
0.4995189607143402,0.4995189607143402,0.4995189607143402,0.4995189607143402,0,2020-01-30 00:00:00+11:00
0.4995189607143402,0.4995189607143402,0.4995189607143402,0.4995189607143402,0,2020-01-31 00:00:00+11:00
0.47681350274399503,0.47681350274399503,0.47227242588996887,0.47227242588996887,10900,2020-02-03 00:00:00+11:00
0.47227242588996887,0.47227242588996887,0.47227242588996887,0.47227242588996887,1463,2020-02-04 00:00:00+11:00
0.4813545984528259,0.4995189607143402,0.4813545984528259,0.4995189607143402,38400,2020-02-05 00:00:00+11:00
0.4995189607143402,0.4995189607143402,0.4995189607143402,0.4995189607143402,1600,2020-02-06 00:00:00+11:00
0.48589572310447693,0.48589572310447693,0.48589572310447693,0.48589572310447693,3738,2020-02-07 00:00:00+11:00
0.4722724264485123,0.4722724264485123,0.4541081190109253,0.4541081190109253,60100,2020-02-10 00:00:00+11:00
0.45410812667781053,0.45410812667781053,0.36782758369170465,0.449567049741745,122817,2020-02-11 00:00:00+11:00
0.4541081322782336,0.48135459423065186,0.4541081322782336,0.48135459423065186,7765,2020-02-12 00:00:00+11:00
0.4631902873516083,0.4631902873516083,0.45410813334611133,0.4631902873516083,37888,2020-02-13 00:00:00+11:00
0.4631902873516083,0.4631902873516083,0.4631902873516083,0.4631902873516083,0,2020-02-14 00:00:00+11:00
0.45410813450116266,0.45410813450116266,0.4450259804725647,0.4450259804725647,25540,2020-02-17 00:00:00+11:00
0.4450259804725647,0.4450259804725647,0.4423013126104221,0.4450259804725647,53653,2020-02-18 00:00:00+11:00
0.43594375986072803,0.43594375986072803,0.43140268325805664,0.43140268325805664,38126,2020-02-19 00:00:00+11:00
0.42686162913412923,0.42686162913412923,0.37236865289854226,0.41777947545051575,345595,2020-02-20 00:00:00+11:00
0.42413698083723883,0.4268616214800768,0.42232054471969604,0.42232054471969604,69326,2020-02-21 00:00:00+11:00
0.42232058141309203,0.42232058141309203,0.39961516857147217,0.39961516857147217,278343,2020-02-24 00:00:00+11:00
0.3814508318901062,0.3905330132432442,0.3814508318901062,0.3814508318901062,119595,2020-02-25 00:00:00+11:00
0.3814508318901062,0.3814508318901062,0.3814508318901062,0.3814508318901062,0,2020-02-26 00:00:00+11:00
0.3814508318901062,0.3814508318901062,0.3814508318901062,0.3814508318901062,13023,2020-02-27 00:00:00+11:00
0.37690972558392855,0.37690972558392855,0.3542043145583286,0.36328649520874023,246580,2020-02-28 00:00:00+11:00
0.363286487779062,0.3769097178756376,0.363286487779062,0.36782756447792053,359990,2020-03-02 00:00:00+11:00
0.36782756447792053,0.36782756447792053,0.36782756447792053,0.36782756447792053,0,2020-03-03 00:00:00+11:00
0.3905329905222391,0.3905329905222391,0.3769097328186035,0.3769097328186035,76755,2020-03-04 00:00:00+11:00
0.38691119512333166,0.38691119512333166,0.38503298163414,0.38503298163414,9415,2020-03-05 00:00:00+11:00
0.37564195537849676,0.37564195537849676,0.35216432791968333,0.3615553677082062,76673,2020-03-06 00:00:00+11:00
0.3662509024143219,0.3662509024143219,0.3662509024143219,0.3662509024143219,12501,2020-03-09 00:00:00+11:00
0.3521643280982971,0.3521643280982971,0.3521643280982971,0.3521643280982971,2487,2020-03-10 00:00:00+11:00
0.3568598479949401,0.3568598479949401,0.3521643280982971,0.3521643280982971,48973,2020-03-11 00:00:00+11:00
0.3380777655176583,0.3380777655176583,0.295818030834198,0.295818030834198,3333,2020-03-12 00:00:00+11:00
0.2958180323468162,0.3146001398563385,0.2958180323468162,0.3146001398563385,34388,2020-03-13 00:00:00+11:00
0.3146001398563385,0.3146001398563385,0.3146001398563385,0.3146001398563385,2000,2020-03-16 00:00:00+11:00
0.3521643280982971,0.3521643280982971,0.3521643280982971,0.3521643280982971,1360,2020-03-17 00:00:00+11:00
0.3474687933921814,0.3474687933921814,0.3474687933921814,0.3474687933921814,1466,2020-03-18 00:00:00+11:00
0.31929567450391183,0.31929567450391183,0.29112252593040466,0.29112252593040466,87939,2020-03-19 00:00:00+11:00
0.28642698751047746,0.28642698751047746,0.23477621376514435,0.23477621376514435,56682,2020-03-20 00:00:00+11:00
0.22538517472500277,0.22538517472500277,0.20190756022930145,0.20190756022930145,33982,2020-03-23 00:00:00+11:00
0.19721201062202454,0.19721201062202454,0.19721201062202454,0.19721201062202454,6777,2020-03-24 00:00:00+11:00
0.1972120261351582,0.20190756022930145,0.1972120261351582,0.20190756022930145,25000,2020-03-25 00:00:00+11:00
0.20190756022930145,0.20190756022930145,0.20190756022930145,0.20190756022930145,0,2020-03-26 00:00:00+11:00
0.20190755994058088,0.20660308003425598,0.20190755994058088,0.20660308003425598,44934,2020-03-27 00:00:00+11:00
0.20660308030647823,0.20660308030647823,0.18782098591327667,0.18782098591327667,7000,2020-03-30 00:00:00+11:00
0.19721201062202454,0.19721201062202454,0.19721201062202454,0.19721201062202454,6000,2020-03-31 00:00:00+11:00
0.19721201062202454,0.19721201062202454,0.19721201062202454,0.19721201062202454,136123,2020-04-01 00:00:00+11:00
0.19721201062202454,0.19721201062202454,0.19721201062202454,0.19721201062202454,4100,2020-04-02 00:00:00+11:00
0.19721201062202454,0.19721201062202454,0.19721201062202454,0.19721201062202454,14,2020-04-03 00:00:00+11:00
0.19721201062202454,0.19721201062202454,0.19721201062202454,0.19721201062202454,0,2020-04-06 00:00:00+10:00
0.23008069396018982,0.23008069396018982,0.23008069396018982,0.23008069396018982,10000,2020-04-07 00:00:00+10:00
0.23947174847126007,0.23947174847126007,0.23947174847126007,0.23947174847126007,14870,2020-04-08 00:00:00+10:00
0.25355833614756534,0.25355833614756534,0.24886278808116913,0.24886278808116913,40000,2020-04-09 00:00:00+10:00
0.26294935008779347,0.2817314565181732,0.2582538304770747,0.2817314565181732,7000,2020-04-14 00:00:00+10:00
0.2911224957396108,0.2958180153503296,0.2817314565181732,0.2817314565181732,42944,2020-04-15 00:00:00+10:00
0.29112252593040466,0.31929567450391183,0.29112252593040466,0.29112252593040466,7415,2020-04-16 00:00:00+10:00
0.29112252546373796,0.3286867141723633,0.29112252546373796,0.3286867141723633,19910,2020-04-17 00:00:00+10:00
0.3286867141723633,0.3286867141723633,0.3286867141723633,0.3286867141723633,0,2020-04-20 00:00:00+10:00
0.2911224957396108,0.2911224957396108,0.2817314565181732,0.2817314565181732,18110,2020-04-21 00:00:00+10:00
0.29581804545179435,0.3005135655403137,0.29581804545179435,0.3005135655403137,90966,2020-04-22 00:00:00+10:00
0.3005135655403137,0.3005135655403137,0.3005135655403137,0.3005135655403137,13966,2020-04-23 00:00:00+10:00
0.3005135655403137,0.3005135655403137,0.3005135655403137,0.3005135655403137,0,2020-04-24 00:00:00+10:00
0.3005135655403137,0.3005135655403137,0.3005135655403137,0.3005135655403137,0,2020-04-27 00:00:00+10:00
0.3005135655403137,0.3005135655403137,0.3005135655403137,0.3005135655403137,0,2020-04-28 00:00:00+10:00
0.295818030834198,0.295818030834198,0.295818030834198,0.295818030834198,3078,2020-04-29 00:00:00+10:00
0.295818030834198,0.295818030834198,0.295818030834198,0.295818030834198,1600,2020-04-30 00:00:00+10:00
0.29112252593040466,0.29112252593040466,0.29112252593040466,0.29112252593040466,11134,2020-05-01 00:00:00+10:00
0.29112252593040466,0.29112252593040466,0.29112252593040466,0.29112252593040466,0,2020-05-04 00:00:00+10:00
0.29112252593040466,0.29112252593040466,0.29112252593040466,0.29112252593040466,0,2020-05-05 00:00:00+10:00
0.291122525363275,0.3005135655403137,0.291122525363275,0.3005135655403137,2600,2020-05-06 00:00:00+10:00
0.2911224933843704,0.2911224933843704,0.2723403871059418,0.2723403871059418,24238,2020-05-07 00:00:00+10:00
0.26764488220214844,0.2770359218623097,0.25355832271190654,0.26764488220214844,46367,2020-05-08 00:00:00+10:00
0.2723403919282229,0.3099046051502228,0.2723403919282229,0.3099046051502228,76687,2020-05-11 00:00:00+10:00
0.30990461828652144,0.30990461828652144,0.30520907044410706,0.30520907044410706,48011,2020-05-12 00:00:00+10:00
0.2817314565181732,0.2817314565181732,0.2817314565181732,0.2817314565181732,46367,2020-05-13 00:00:00+10:00
0.2723404020322291,0.2723404020322291,0.26764488220214844,0.26764488220214844,57615,2020-05-14 00:00:00+10:00
0.26764488220214844,0.26764488220214844,0.26764488220214844,0.26764488220214844,0,2020-05-15 00:00:00+10:00
0.26764488220214844,0.26764488220214844,0.26764488220214844,0.26764488220214844,27730,2020-05-18 00:00:00+10:00
0.2629493772983551,0.2676448973949763,0.2629493772983551,0.2629493772983551,8133,2020-05-19 00:00:00+10:00
0.267644882254228,0.267644882254228,0.2582538425922394,0.2582538425922394,64439,2020-05-20 00:00:00+10:00
0.2582538562264542,0.2582538562264542,0.24886278808116913,0.24886278808116913,109458,2020-05-21 00:00:00+10:00
0.25355833768844604,0.26294937790329337,0.24886278959351488,0.25355833768844604,72406,2020-05-22 00:00:00+10:00
0.25355833768844604,0.25355833768844604,0.25355833768844604,0.25355833768844604,0,2020-05-25 00:00:00+10:00
0.2535583364320356,0.2535583364320356,0.2441672682762146,0.2441672682762146,24000,2020-05-26 00:00:00+10:00
0.23947173356244633,0.24416725335974832,0.23477621376514435,0.23477621376514435,109840,2020-05-27 00:00:00+10:00
0.23195889349051146,0.23477621376514435,0.23195889349051146,0.23477621376514435,21996,2020-05-28 00:00:00+10:00
0.23008070823750837,0.23008070823750837,0.2253851741552353,0.2253851741552353,50190,2020-05-29 00:00:00+10:00
0.2253851741552353,0.2253851741552353,0.2253851741552353,0.2253851741552353,1000,2020-06-01 00:00:00+10:00
0.2253851741552353,0.2253851741552353,0.2253851741552353,0.2253851741552353,0,2020-06-02 00:00:00+10:00
0.2253851744448334,0.2253851744448334,0.22068965435028076,0.22068965435028076,32994,2020-06-03 00:00:00+10:00
0.22068965435028076,0.22068965435028076,0.22068965435028076,0.22068965435028076,21212,2020-06-04 00:00:00+10:00
0.22538515919798563,0.22538515919798563,0.21599411964416504,0.21599411964416504,66339,2020-06-05 00:00:00+10:00
0.23477622891953553,0.23477622891953553,0.20190756022930145,0.20190756022930145,171451,2020-06-09 00:00:00+10:00
0.20190756022930145,0.20190756022930145,0.20190756022930145,0.20190756022930145,0,2020-06-10 00:00:00+10:00
0.20660307961545252,0.2441672682762146,0.20660307961545252,0.2441672682762146,150220,2020-06-11 00:00:00+10:00
0.2441672682762146,0.2441672682762146,0.2441672682762146,0.2441672682762146,0,2020-06-12 00:00:00+10:00
0.2441672682762146,0.2441672682762146,0.2441672682762146,0.2441672682762146,6016,2020-06-15 00:00:00+10:00
0.25825385779586973,0.25825385779586973,0.25355833768844604,0.25355833768844604,229164,2020-06-16 00:00:00+10:00
0.2394717484145471,0.2394717484145471,0.2253851741552353,0.2253851741552353,50000,2020-06-17 00:00:00+10:00
0.2441672682762146,0.24886278836037143,0.2441672682762146,0.2441672682762146,65996,2020-06-18 00:00:00+10:00
0.23477621376514435,0.23477621376514435,0.23477621376514435,0.23477621376514435,15046,2020-06-19 00:00:00+10:00
0.23477621376514435,0.23477621376514435,0.23477621376514435,0.23477621376514435,20000,2020-06-22 00:00:00+10:00
0.23477621376514435,0.23477621376514435,0.23477621376514435,0.23477621376514435,0,2020-06-23 00:00:00+10:00
0.23477622838162868,0.23947174847126007,0.23477622838162868,0.23947174847126007,6000,2020-06-24 00:00:00+10:00
0.23477621375733562,0.23477621375733562,0.23008069396018982,0.23008069396018982,33612,2020-06-25 00:00:00+10:00
0.23477621376514435,0.23477621376514435,0.23477621376514435,0.23477621376514435,71800,2020-06-26 00:00:00+10:00
0.22538517440271005,0.22538517440271005,0.20660308003425598,0.20660308003425598,144223,2020-06-29 00:00:00+10:00
0.2159941342557281,0.22068965435028076,0.2159941342557281,0.22068965435028076,17171,2020-06-30 00:00:00+10:00
0.2253851744448334,0.23477622862769246,0.22068965435028076,0.22068965435028076,58104,2020-07-01 00:00:00+10:00
0.22068965435028076,0.22068965435028076,0.22068965435028076,0.22068965435028076,0,2020-07-02 00:00:00+10:00
0.23008069396784236,0.23477621376514435,0.22068964037948557,0.23477621376514435,10230,2020-07-03 00:00:00+10:00
0.23477621376514435,0.23477621376514435,0.23477621376514435,0.23477621376514435,2040,2020-07-06 00:00:00+10:00
0.2253851744448334,0.2253851744448334,0.22068965435028076,0.22068965435028076,16162,2020-07-07 00:00:00+10:00
0.23008070802374408,0.2441672682762146,0.23008070802374408,0.2441672682762146,142538,2020-07-08 00:00:00+10:00
0.23477621376514435,0.23947173356244633,0.23477621376514435,0.23477621376514435,21150,2020-07-09 00:00:00+10:00
0.23477621376514435,0.23477621376514435,0.23477621376514435,0.23477621376514435,500,2020-07-10 00:00:00+10:00
0.23477621376514435,0.23477621376514435,0.23477621376514435,0.23477621376514435,132837,2020-07-13 00:00:00+10:00
0.23477621376514435,0.23477621376514435,0.23477621376514435,0.23477621376514435,12700,2020-07-14 00:00:00+10:00
0.23477621376514435,0.23477621376514435,0.23477621376514435,0.23477621376514435,740,2020-07-15 00:00:00+10:00
0.23477621376514435,0.23477621376514435,0.23477621376514435,0.23477621376514435,0,2020-07-16 00:00:00+10:00
0.22538516017678756,0.23477621376514435,0.22538516017678756,0.23477621376514435,25960,2020-07-17 00:00:00+10:00
0.23477622862769246,0.23477622862769246,0.22068965435028076,0.22068965435028076,39253,2020-07-20 00:00:00+10:00
0.22068965435028076,0.22068965435028076,0.22068965435028076,0.22068965435028076,0,2020-07-21 00:00:00+10:00
0.22068965435028076,0.22068965435028076,0.22068965435028076,0.22068965435028076,0,2020-07-22 00:00:00+10:00
0.22068965435028076,0.22068965435028076,0.22068965435028076,0.22068965435028076,6633,2020-07-23 00:00:00+10:00
0.2253851741552353,0.2253851741552353,0.2253851741552353,0.2253851741552353,11708,2020-07-24 00:00:00+10:00
0.2253851741552353,0.2253851741552353,0.2253851741552353,0.2253851741552353,4500,2020-07-27 00:00:00+10:00
0.2253851741552353,0.2253851741552353,0.2253851741552353,0.2253851741552353,0,2020-07-28 00:00:00+10:00
0.2253851741552353,0.2253851741552353,0.21599413397819656,0.2253851741552353,14599,2020-07-29 00:00:00+10:00
0.2253851741552353,0.2253851741552353,0.2253851741552353,0.2253851741552353,0,2020-07-30 00:00:00+10:00
0.2253851741552353,0.2253851741552353,0.2253851741552353,0.2253851741552353,0,2020-07-31 00:00:00+10:00
0.2253851744448334,0.2394717487222451,0.22068965435028076,0.22068965435028076,63856,2020-08-03 00:00:00+10:00
0.2253851741552353,0.2253851741552353,0.21129859989592348,0.2253851741552353,60041,2020-08-04 00:00:00+10:00
0.20660306609659168,0.21599411964416504,0.19721201254901832,0.21599411964416504,61369,2020-08-05 00:00:00+10:00
0.21599411964416504,0.21599411964416504,0.21599411964416504,0.21599411964416504,2125,2020-08-06 00:00:00+10:00
0.18782097299519773,0.21599411964416504,0.18782097299519773,0.21599411964416504,17619,2020-08-07 00:00:00+10:00
0.21599411964416504,0.21599411964416504,0.21599411964416504,0.21599411964416504,0,2020-08-10 00:00:00+10:00
0.21599411964416504,0.21599411964416504,0.21599411964416504,0.21599411964416504,0,2020-08-11 00:00:00+10:00
0.21599411964416504,0.21599411964416504,0.21599411964416504,0.21599411964416504,0,2020-08-12 00:00:00+10:00
0.21599411964416504,0.21599411964416504,0.21599411964416504,0.21599411964416504,0,2020-08-13 00:00:00+10:00
0.20660308003425598,0.20660308003425598,0.20660308003425598,0.20660308003425598,410,2020-08-14 00:00:00+10:00
0.21599413397819656,0.2253851741552353,0.21599413397819656,0.2253851741552353,41476,2020-08-17 00:00:00+10:00
0.2300806929686487,0.2300806929686487,0.21599411964416504,0.21599411964416504,24145,2020-08-18 00:00:00+10:00
0.21599411964416504,0.21599411964416504,0.21599411964416504,0.21599411964416504,10869,2020-08-19 00:00:00+10:00
0.19721201340547,0.23477621376514435,0.19721201340547,0.23477621376514435,96530,2020-08-20 00:00:00+10:00
0.24416726856089147,0.24886278865052286,0.23008070829199728,0.23947174847126007,1221361,2020-08-21 00:00:00+10:00
0.23947174819205774,0.2441672682762146,0.22538517394583354,0.2441672682762146,146179,2020-08-24 00:00:00+10:00
0.25355833768844604,0.25355833768844604,0.24886278959351488,0.25355833768844604,19490,2020-08-25 00:00:00+10:00
0.25355832276124507,0.2582538425922394,0.25355832276124507,0.2582538425922394,33354,2020-08-26 00:00:00+10:00
0.2629493763053431,0.2629493763053431,0.23947174792339138,0.24886278808116913,82555,2020-08-27 00:00:00+10:00
0.24886278808116913,0.24886278808116913,0.24886278808116913,0.24886278808116913,0,2020-08-28 00:00:00+10:00
0.24886278959351488,0.25355833768844604,0.24886278959351488,0.25355833768844604,29083,2020-08-31 00:00:00+10:00
0.24416726800228025,0.24886278808116913,0.24416726800228025,0.24886278808116913,75543,2020-09-01 00:00:00+10:00
0.24886278959351488,0.25355833768844604,0.2441672694860912,0.25355833768844604,106318,2020-09-02 00:00:00+10:00
0.25355833672766165,0.25355833672766165,0.23947174847126007,0.23947174847126007,92526,2020-09-03 00:00:00+10:00
0.25355832276124507,0.2629493624232337,0.25355832276124507,0.2582538425922394,51300,2020-09-04 00:00:00+10:00
0.2582538572017339,0.2817314856723474,0.2582538572017339,0.2629493772983551,434816,2020-09-07 00:00:00+10:00
0.27703593758821876,0.27703593758821876,0.2629493772983551,0.2629493772983551,242140,2020-09-08 00:00:00+10:00
0.2629493772983551,0.2629493772983551,0.2629493772983551,0.2629493772983551,17000,2020-09-09 00:00:00+10:00
0.2770359218623097,0.2770359218623097,0.2582538425419872,0.26764488220214844,110539,2020-09-10 00:00:00+10:00
0.26764488215359966,0.2770359218120575,0.2582538424951419,0.2770359218120575,121432,2020-09-11 00:00:00+10:00
0.2770359218120575,0.2770359218120575,0.2770359218120575,0.2770359218120575,150887,2020-09-14 00:00:00+10:00
0.2770359089199499,0.2911224957396108,0.2770359089199499,0.2817314565181732,132617,2020-09-15 00:00:00+10:00
0.2817314565181732,0.2817314565181732,0.2770359089199499,0.2817314565181732,276049,2020-09-16 00:00:00+10:00
0.2754838764667511,0.2804032266912509,0.2754838764667511,0.2754838764667511,25316,2020-09-17 00:00:00+10:00
0.2804032268543395,0.2804032268543395,0.26564517617225647,0.26564517617225647,21131,2020-09-18 00:00:00+10:00
0.2705645263996175,0.2705645263996175,0.26564517617225647,0.26564517617225647,66972,2020-09-21 00:00:00+10:00
0.2705645262422513,0.2804032266912509,0.2705645262422513,0.2754838764667511,374473,2020-09-22 00:00:00+10:00
0.2705645260606749,0.2705645260606749,0.25580644607543945,0.25580644607543945,72518,2020-09-23 00:00:00+10:00
0.26072579662325523,0.26564517617225647,0.26072579662325523,0.26564517617225647,60000,2020-09-24 00:00:00+10:00
0.26564517617225647,0.26564517617225647,0.26564517617225647,0.26564517617225647,0,2020-09-25 00:00:00+10:00
0.26072579629663784,0.26072579629663784,0.25580644607543945,0.25580644607543945,72724,2020-09-28 00:00:00+10:00
0.2656451758394765,0.2656451758394765,0.25580644607543945,0.25580644607543945,266607,2020-09-29 00:00:00+10:00
0.26564517617225647,0.26564517617225647,0.26564517617225647,0.26564517617225647,12400,2020-09-30 00:00:00+10:00
0.2558064463958942,0.26564517617225647,0.2558064463958942,0.26564517617225647,20846,2020-10-01 00:00:00+10:00
0.2656451759992109,0.2656451759992109,0.24596774578094482,0.24596774578094482,157339,2020-10-02 00:00:00+10:00
0.24596774578094482,0.24596774578094482,0.24596774578094482,0.24596774578094482,0,2020-10-05 00:00:00+11:00
0.25580644600288366,0.26072579622268677,0.25580644600288366,0.26072579622268677,415000,2020-10-06 00:00:00+11:00
0.25088709578308055,0.26072579622268677,0.2459677455632774,0.26072579622268677,35037,2020-10-07 00:00:00+11:00
0.2656451758394765,0.2656451758394765,0.25580644607543945,0.25580644607543945,3778,2020-10-08 00:00:00+11:00
0.2656451760935994,0.2705645263195038,0.250887096094246,0.2705645263195038,489350,2020-10-09 00:00:00+11:00
0.26072579662325523,0.2705645263996175,0.26072579662325523,0.26564517617225647,281808,2020-10-12 00:00:00+11:00
0.25580644607543945,0.25580644607543945,0.25580644607543945,0.25580644607543945,5200,2020-10-13 00:00:00+11:00
0.2558064463958942,0.26564517617225647,0.2558064463958942,0.26564517617225647,64949,2020-10-14 00:00:00+11:00
0.25580644607543945,0.2656451758394765,0.25580644607543945,0.25580644607543945,58111,2020-10-15 00:00:00+11:00
0.2558064461508406,0.2558064461508406,0.25088709592819214,0.25088709592819214,42803,2020-10-16 00:00:00+11:00
0.25088709578308055,0.26072579622268677,0.25088709578308055,0.26072579622268677,32144,2020-10-19 00:00:00+11:00
0.25580644622925774,0.25580644622925774,0.24596774578094482,0.24596774578094482,598024,2020-10-20 00:00:00+11:00
0.24596774585942355,0.24596774585942355,0.2410483956336975,0.2410483956336975,173845,2020-10-21 00:00:00+11:00
0.25088709592819214,0.25088709592819214,0.25088709592819214,0.25088709592819214,4000,2020-10-22 00:00:00+11:00
0.25088709592819214,0.25088709592819214,0.25088709592819214,0.25088709592819214,0,2020-10-23 00:00:00+11:00
0.2508870960851496,0.2508870960851496,0.2410483956336975,0.2410483956336975,126626,2020-10-26 00:00:00+11:00
0.2508870960851496,0.2508870960851496,0.2410483956336975,0.2410483956336975,61107,2020-10-27 00:00:00+11:00
0.2459677456330426,0.25580644607543945,0.2459677456330426,0.25580644607543945,8719,2020-10-28 00:00:00+11:00
0.25580644622925774,0.2607257964534142,0.24596774578094482,0.24596774578094482,73621,2020-10-29 00:00:00+11:00
0.2459677457055437,0.25088709592819214,0.2459677457055437,0.25088709592819214,361,2020-10-30 00:00:00+11:00
0.25088709592819214,0.25088709592819214,0.25088709592819214,0.25088709592819214,0,2020-11-02 00:00:00+11:00
0.26072579622268677,0.26072579622268677,0.26072579622268677,0.26072579622268677,5000,2020-11-03 00:00:00+11:00
0.26072579622268677,0.26072579622268677,0.26072579622268677,0.26072579622268677,15913,2020-11-04 00:00:00+11:00
0.26072579622268677,0.26072579622268677,0.26072579622268677,0.26072579622268677,0,2020-11-05 00:00:00+11:00
0.26564517617225647,0.26564517617225647,0.26564517617225647,0.26564517617225647,2037,2020-11-06 00:00:00+11:00
0.26564517594456494,0.2804032266139984,0.26564517594456494,0.2804032266139984,257887,2020-11-09 00:00:00+11:00
0.28532257701234837,0.32959678769111633,0.28532257701234837,0.32959678769111633,38223,2020-11-10 00:00:00+11:00
0.3148387073731009,0.3197580575942993,0.3148387073731009,0.3197580575942993,6916,2020-11-11 00:00:00+11:00
0.3197580576694059,0.32467743721340003,0.314838707447052,0.314838707447052,35616,2020-11-12 00:00:00+11:00
0.31975805784170924,0.33451613783836365,0.3148387076167045,0.33451613783836365,116821,2020-11-13 00:00:00+11:00
0.33451613783836365,0.33451613783836365,0.33451613783836365,0.33451613783836365,0,2020-11-16 00:00:00+11:00
0.32467743745718863,0.32467743745718863,0.30008065700531006,0.30008065700531006,51465,2020-11-17 00:00:00+11:00
0.30500000731278476,0.30500000731278476,0.2754838766269785,0.29516130685806274,129935,2020-11-18 00:00:00+11:00
0.3000806567799903,0.314838707447052,0.3000806567799903,0.314838707447052,18620,2020-11-19 00:00:00+11:00
0.314838707447052,0.314838707447052,0.314838707447052,0.314838707447052,0,2020-11-20 00:00:00+11:00
0.32959678743575394,0.32959678743575394,0.314838707447052,0.314838707447052,11000,2020-11-23 00:00:00+11:00
0.3295967875378553,0.34927418843336655,0.3246774373139775,0.33943548798561096,66307,2020-11-24 00:00:00+11:00
0.3492741884032071,0.42306452971992314,0.3492741884032071,0.4033870995044708,257061,2020-11-25 00:00:00+11:00
0.3984677490983946,0.40338709931959305,0.3837096691131592,0.3837096691131592,64565,2020-11-26 00:00:00+11:00
0.3837096691131592,0.3935483988771962,0.3837096691131592,0.3837096691131592,11054,2020-11-27 00:00:00+11:00
0.38862904898461803,0.3935483992099762,0.38862904898461803,0.3935483992099762,24620,2020-11-30 00:00:00+11:00
0.3837096691131592,0.3837096691131592,0.3837096691131592,0.3837096691131592,15550,2020-12-01 00:00:00+11:00
0.3935483990575648,0.4033870995044708,0.3935483990575648,0.4033870995044708,65890,2020-12-02 00:00:00+11:00
0.4033870995044708,0.4033870995044708,0.4033870995044708,0.4033870995044708,15245,2020-12-03 00:00:00+11:00
0.4033870995044708,0.4033870995044708,0.4033870995044708,0.4033870995044708,0,2020-12-04 00:00:00+11:00
0.37387096881866455,0.3886290488097383,0.3591129181492311,0.37387096881866455,32000,2020-12-07 00:00:00+11:00
0.3886290490627289,0.3886290490627289,0.3886290490627289,0.3886290490627289,2534,2020-12-08 00:00:00+11:00
0.3886290490627289,0.3886290490627289,0.3886290490627289,0.3886290490627289,0,2020-12-09 00:00:00+11:00
0.3886290490627289,0.3886290490627289,0.3886290490627289,0.3886290490627289,0,2020-12-10 00:00:00+11:00
0.3886290490627289,0.3886290490627289,0.3886290490627289,0.3886290490627289,0,2020-12-11 00:00:00+11:00
0.3837096695082404,0.3837096695082404,0.3591129183769226,0.3591129183769226,33288,2020-12-14 00:00:00+11:00
0.3591129184570363,0.3591129184570363,0.34435483845331305,0.3541935682296753,84923,2020-12-15 00:00:00+11:00
0.3541935682296753,0.3541935682296753,0.3541935682296753,0.3541935682296753,13888,2020-12-16 00:00:00+11:00
0.3492741883556414,0.3492741883556414,0.3443548381328583,0.3443548381328583,11238,2020-12-17 00:00:00+11:00
0.33451613783836365,0.3443548382883731,0.3295967876133589,0.33451613783836365,49753,2020-12-18 00:00:00+11:00
0.34927418868067406,0.3541935682296753,0.34927418868067406,0.3541935682296753,16990,2020-12-21 00:00:00+11:00
0.37387096881866455,0.37387096881866455,0.37387096881866455,0.37387096881866455,92574,2020-12-22 00:00:00+11:00
0.37387096881866455,0.37387096881866455,0.37387096881866455,0.37387096881866455,0,2020-12-23 00:00:00+11:00
0.3541935682296753,0.3541935682296753,0.3541935682296753,0.3541935682296753,2500,2020-12-24 00:00:00+11:00
0.3541935679000647,0.3541935679000647,0.3443548381328583,0.3443548381328583,23025,2020-12-29 00:00:00+11:00
0.3443548381328583,0.3443548381328583,0.3443548381328583,0.3443548381328583,5000,2020-12-30 00:00:00+11:00
0.3443548381328583,0.3443548381328583,0.3443548381328583,0.3443548381328583,0,2020-12-31 00:00:00+11:00
0.3689516185684139,0.3689516185684139,0.3443548381328583,0.3443548381328583,30900,2021-01-04 00:00:00+11:00
0.3541935682296753,0.3541935682296753,0.3541935682296753,0.3541935682296753,19997,2021-01-05 00:00:00+11:00
0.35419356794830037,0.41322579995137687,0.35419356794830037,0.4033870995044708,108419,2021-01-06 00:00:00+11:00
0.4033870995044708,0.4033870995044708,0.4033870995044708,0.4033870995044708,10000,2021-01-07 00:00:00+11:00
0.4033870996606925,0.4033870996606925,0.3935483992099762,0.3935483992099762,14780,2021-01-08 00:00:00+11:00
0.3935483992099762,0.3935483992099762,0.3935483992099762,0.3935483992099762,0,2021-01-11 00:00:00+11:00
0.3935483992099762,0.3935483992099762,0.3935483992099762,0.3935483992099762,0,2021-01-12 00:00:00+11:00
0.3935483992099762,0.3935483992099762,0.3935483992099762,0.3935483992099762,225,2021-01-13 00:00:00+11:00
0.3935483992099762,0.3935483992099762,0.3935483992099762,0.3935483992099762,0,2021-01-14 00:00:00+11:00
0.3935483992099762,0.3935483992099762,0.3935483992099762,0.3935483992099762,0,2021-01-15 00:00:00+11:00
0.37879031896591187,0.37879031896591187,0.37879031896591187,0.37879031896591187,845,2021-01-18 00:00:00+11:00
0.37879031896591187,0.37879031896591187,0.37879031896591187,0.37879031896591187,0,2021-01-19 00:00:00+11:00
0.3935483992099762,0.3935483992099762,0.3935483992099762,0.3935483992099762,900,2021-01-20 00:00:00+11:00
0.3935483992099762,0.3935483992099762,0.3935483992099762,0.3935483992099762,0,2021-01-21 00:00:00+11:00
0.3935483992099762,0.3935483992099762,0.3935483992099762,0.3935483992099762,0,2021-01-22 00:00:00+11:00
0.3787903190418091,0.3787903190418091,0.37387096881866455,0.37387096881866455,14100,2021-01-25 00:00:00+11:00
0.37387096897456146,0.37387096897456146,0.3640322685241699,0.3640322685241699,23514,2021-01-27 00:00:00+11:00
0.37387096881866455,0.37387096881866455,0.36403226837237557,0.37387096881866455,82248,2021-01-28 00:00:00+11:00
0.36895161867141724,0.36895161867141724,0.36895161867141724,0.36895161867141724,9847,2021-01-29 00:00:00+11:00
0.37879031896591187,0.37879031896591187,0.37879031896591187,0.37879031896591187,5229,2021-02-01 00:00:00+11:00
0.37387096881866455,0.37387096881866455,0.37387096881866455,0.37387096881866455,1318,2021-02-02 00:00:00+11:00
0.37387096881866455,0.37387096881866455,0.37387096881866455,0.37387096881866455,0,2021-02-03 00:00:00+11:00
0.37387096881866455,0.37387096881866455,0.37387096881866455,0.37387096881866455,0,2021-02-04 00:00:00+11:00
0.37387096881866455,0.37387096881866455,0.37387096881866455,0.37387096881866455,0,2021-02-05 00:00:00+11:00
0.37387096881866455,0.3935483990328828,0.36403226837237557,0.37387096881866455,183555,2021-02-08 00:00:00+11:00
0.37387096881866455,0.37387096881866455,0.37387096881866455,0.37387096881866455,0,2021-02-09 00:00:00+11:00
0.37387096881866455,0.37387096881866455,0.37387096881866455,0.37387096881866455,14645,2021-02-10 00:00:00+11:00
0.37387096881866455,0.37387096881866455,0.37387096881866455,0.37387096881866455,0,2021-02-11 00:00:00+11:00
0.3689516187350369,0.3689516187350369,0.29024192717004066,0.33451613783836365,82995,2021-02-12 00:00:00+11:00
0.3197580575535635,0.3197580575535635,0.2754838762467779,0.29024192690849304,668856,2021-02-15 00:00:00+11:00
0.3000806569277807,0.3050000071525574,0.3000806569277807,0.3050000071525574,96252,2021-02-16 00:00:00+11:00
0.30991935737733406,0.3246774373733044,0.3050000071525574,0.3050000071525574,28284,2021-02-17 00:00:00+11:00
0.30500000723135773,0.30500000723135773,0.30008065700531006,0.30008065700531006,37235,2021-02-18 00:00:00+11:00
0.3000806569277807,0.3050000071525574,0.3000806569277807,0.3050000071525574,1033,2021-02-19 00:00:00+11:00
0.3050000071525574,0.3050000071525574,0.3050000071525574,0.3050000071525574,1108,2021-02-22 00:00:00+11:00
0.3050000071525574,0.3050000071525574,0.3050000071525574,0.3050000071525574,0,2021-02-23 00:00:00+11:00
0.3050000071525574,0.3050000071525574,0.3050000071525574,0.3050000071525574,35942,2021-02-24 00:00:00+11:00
0.30500000731278476,0.30500000731278476,0.29516130685806274,0.29516130685806274,2417,2021-02-25 00:00:00+11:00
0.3050000071525574,0.3050000071525574,0.3050000071525574,0.3050000071525574,35875,2021-02-26 00:00:00+11:00
0.29516130685806274,0.29516130685806274,0.29516130685806274,0.29516130685806274,2000,2021-03-01 00:00:00+11:00
0.3050000071525574,0.3050000071525574,0.3050000071525574,0.3050000071525574,20182,2021-03-02 00:00:00+11:00
0.3050000071525574,0.3050000071525574,0.3050000071525574,0.3050000071525574,37004,2021-03-03 00:00:00+11:00
0.3100000023841858,0.3100000023841858,0.3100000023841858,0.3100000023841858,0,2021-03-04 00:00:00+11:00
0.3050000071525574,0.3050000071525574,0.2800000011920929,0.2800000011920929,202169,2021-03-05 00:00:00+11:00
0.28999999165534973,0.28999999165534973,0.27000001072883606,0.27000001072883606,203000,2021-03-08 00:00:00+11:00
0.27000001072883606,0.27000001072883606,0.27000001072883606,0.27000001072883606,0,2021-03-09 00:00:00+11:00
0.26499998569488525,0.26499998569488525,0.25999999046325684,0.25999999046325684,22500,2021-03-10 00:00:00+11:00
0.25999999046325684,0.25999999046325684,0.25999999046325684,0.25999999046325684,0,2021-03-11 00:00:00+11:00
0.27000001072883606,0.27000001072883606,0.27000001072883606,0.27000001072883606,589,2021-03-12 00:00:00+11:00
0.27000001072883606,0.27000001072883606,0.27000001072883606,0.27000001072883606,3300,2021-03-15 00:00:00+11:00
0.27000001072883606,0.27000001072883606,0.27000001072883606,0.27000001072883606,1600,2021-03-16 00:00:00+11:00
0.27000001072883606,0.27000001072883606,0.27000001072883606,0.27000001072883606,0,2021-03-17 00:00:00+11:00
0.27000001072883606,0.27000001072883606,0.27000001072883606,0.27000001072883606,92070,2021-03-18 00:00:00+11:00
0.27000001072883606,0.27000001072883606,0.27000001072883606,0.27000001072883606,0,2021-03-19 00:00:00+11:00
0.27000001072883606,0.27000001072883606,0.27000001072883606,0.27000001072883606,0,2021-03-22 00:00:00+11:00
0.27000001072883606,0.27000001072883606,0.27000001072883606,0.27000001072883606,0,2021-03-23 00:00:00+11:00
0.27000001072883606,0.27000001072883606,0.27000001072883606,0.27000001072883606,0,2021-03-24 00:00:00+11:00
0.27000001072883606,0.27000001072883606,0.27000001072883606,0.27000001072883606,0,2021-03-25 00:00:00+11:00
0.28999999165534973,0.28999999165534973,0.28999999165534973,0.28999999165534973,13447,2021-03-26 00:00:00+11:00
0.28999999165534973,0.28999999165534973,0.28999999165534973,0.28999999165534973,0,2021-03-29 00:00:00+11:00
0.28999999165534973,0.28999999165534973,0.28999999165534973,0.28999999165534973,0,2021-03-30 00:00:00+11:00
0.28999999165534973,0.28999999165534973,0.2800000011920929,0.2800000011920929,3200,2021-03-31 00:00:00+11:00
0.3050000071525574,0.3050000071525574,0.2849999964237213,0.2849999964237213,38146,2021-04-01 00:00:00+11:00
0.2849999964237213,0.2849999964237213,0.2849999964237213,0.2849999964237213,0,2021-04-06 00:00:00+10:00
0.2849999964237213,0.2849999964237213,0.2849999964237213,0.2849999964237213,32946,2021-04-07 00:00:00+10:00
0.2849999964237213,0.2849999964237213,0.2849999964237213,0.2849999964237213,0,2021-04-08 00:00:00+10:00
0.2849999964237213,0.2849999964237213,0.2849999964237213,0.2849999964237213,0,2021-04-09 00:00:00+10:00
0.28999999165534973,0.29499998688697815,0.28999999165534973,0.29499998688697815,18103,2021-04-12 00:00:00+10:00
0.29499998688697815,0.29499998688697815,0.29499998688697815,0.29499998688697815,17000,2021-04-13 00:00:00+10:00
0.29499998688697815,0.29499998688697815,0.29499998688697815,0.29499998688697815,0,2021-04-14 00:00:00+10:00
0.29499998688697815,0.29499998688697815,0.29499998688697815,0.29499998688697815,0,2021-04-15 00:00:00+10:00
0.30000001192092896,0.3149999976158142,0.30000001192092896,0.3149999976158142,209234,2021-04-16 00:00:00+10:00
0.3149999976158142,0.3149999976158142,0.3149999976158142,0.3149999976158142,1600,2021-04-19 00:00:00+10:00
0.3149999976158142,0.33500000834465027,0.3149999976158142,0.33500000834465027,25500,2021-04-20 00:00:00+10:00
0.3400000035762787,0.3400000035762787,0.3400000035762787,0.3400000035762787,8000,2021-04-21 00:00:00+10:00
0.3400000035762787,0.3400000035762787,0.3400000035762787,0.3400000035762787,0,2021-04-22 00:00:00+10:00
0.3199999928474426,0.3199999928474426,0.3199999928474426,0.3199999928474426,10000,2021-04-23 00:00:00+10:00
0.3199999928474426,0.3199999928474426,0.3199999928474426,0.3199999928474426,0,2021-04-26 00:00:00+10:00
0.3199999928474426,0.3199999928474426,0.3199999928474426,0.3199999928474426,17125,2021-04-27 00:00:00+10:00
0.3199999928474426,0.3199999928474426,0.3050000071525574,0.3050000071525574,1171,2021-04-28 00:00:00+10:00
0.3050000071525574,0.3050000071525574,0.3050000071525574,0.3050000071525574,0,2021-04-29 00:00:00+10:00
0.3100000023841858,0.3100000023841858,0.3050000071525574,0.3050000071525574,2,2021-04-30 00:00:00+10:00
0.3050000071525574,0.3050000071525574,0.30000001192092896,0.30000001192092896,47020,2021-05-03 00:00:00+10:00
0.30000001192092896,0.30000001192092896,0.30000001192092896,0.30000001192092896,0,2021-05-04 00:00:00+10:00
0.30000001192092896,0.30000001192092896,0.30000001192092896,0.30000001192092896,0,2021-05-05 00:00:00+10:00
0.30000001192092896,0.30000001192092896,0.30000001192092896,0.30000001192092896,0,2021-05-06 00:00:00+10:00
0.30000001192092896,0.30000001192092896,0.30000001192092896,0.30000001192092896,8000,2021-05-07 00:00:00+10:00
0.30000001192092896,0.30000001192092896,0.30000001192092896,0.30000001192092896,499,2021-05-10 00:00:00+10:00
0.29499998688697815,0.29499998688697815,0.28999999165534973,0.28999999165534973,5380,2021-05-11 00:00:00+10:00
0.28999999165534973,0.28999999165534973,0.28999999165534973,0.28999999165534973,0,2021-05-12 00:00:00+10:00
0.28999999165534973,0.28999999165534973,0.28999999165534973,0.28999999165534973,0,2021-05-13 00:00:00+10:00
0.28999999165534973,0.28999999165534973,0.28999999165534973,0.28999999165534973,0,2021-05-14 00:00:00+10:00
0.28999999165534973,0.28999999165534973,0.28999999165534973,0.28999999165534973,24575,2021-05-17 00:00:00+10:00
0.2800000011920929,0.2800000011920929,0.2800000011920929,0.2800000011920929,20000,2021-05-18 00:00:00+10:00
0.2800000011920929,0.2800000011920929,0.2800000011920929,0.2800000011920929,0,2021-05-19 00:00:00+10:00
0.2800000011920929,0.2800000011920929,0.2800000011920929,0.2800000011920929,0,2021-05-20 00:00:00+10:00
0.2849999964237213,0.2849999964237213,0.2849999964237213,0.2849999964237213,80425,2021-05-21 00:00:00+10:00
0.2849999964237213,0.2849999964237213,0.2849999964237213,0.2849999964237213,0,2021-05-24 00:00:00+10:00
0.2849999964237213,0.2849999964237213,0.2849999964237213,0.2849999964237213,0,2021-05-25 00:00:00+10:00
0.2849999964237213,0.2849999964237213,0.2849999964237213,0.2849999964237213,0,2021-05-26 00:00:00+10:00
0.2849999964237213,0.2849999964237213,0.2849999964237213,0.2849999964237213,0,2021-05-27 00:00:00+10:00
0.2849999964237213,0.2849999964237213,0.2849999964237213,0.2849999964237213,0,2021-05-28 00:00:00+10:00
0.2849999964237213,0.2849999964237213,0.2849999964237213,0.2849999964237213,0,2021-05-31 00:00:00+10:00
0.2849999964237213,0.2849999964237213,0.2849999964237213,0.2849999964237213,0,2021-06-01 00:00:00+10:00
0.2849999964237213,0.2849999964237213,0.2849999964237213,0.2849999964237213,0,2021-06-02 00:00:00+10:00
0.2849999964237213,0.2849999964237213,0.2849999964237213,0.2849999964237213,0,2021-06-03 00:00:00+10:00
0.28999999165534973,0.28999999165534973,0.2849999964237213,0.2849999964237213,7084,2021-06-04 00:00:00+10:00
0.2849999964237213,0.2849999964237213,0.2849999964237213,0.2849999964237213,0,2021-06-07 00:00:00+10:00
0.2849999964237213,0.2849999964237213,0.2750000059604645,0.2750000059604645,30000,2021-06-08 00:00:00+10:00
0.2750000059604645,0.2750000059604645,0.2750000059604645,0.2750000059604645,0,2021-06-09 00:00:00+10:00
0.2750000059604645,0.2750000059604645,0.2750000059604645,0.2750000059604645,1000,2021-06-10 00:00:00+10:00
0.2750000059604645,0.2750000059604645,0.2750000059604645,0.2750000059604645,1580,2021-06-11 00:00:00+10:00
0.2849999964237213,0.2849999964237213,0.27000001072883606,0.27000001072883606,133406,2021-06-15 00:00:00+10:00
0.2849999964237213,0.2849999964237213,0.2849999964237213,0.2849999964237213,67000,2021-06-16 00:00:00+10:00
0.2800000011920929,0.2849999964237213,0.2800000011920929,0.2849999964237213,12076,2021-06-17 00:00:00+10:00
0.28999999165534973,0.28999999165534973,0.28999999165534973,0.28999999165534973,5459,2021-06-18 00:00:00+10:00
0.26499998569488525,0.26499998569488525,0.26499998569488525,0.26499998569488525,30000,2021-06-21 00:00:00+10:00
0.2800000011920929,0.2849999964237213,0.2800000011920929,0.2849999964237213,6373,2021-06-22 00:00:00+10:00
0.2849999964237213,0.2849999964237213,0.2849999964237213,0.2849999964237213,0,2021-06-23 00:00:00+10:00
0.2800000011920929,0.2800000011920929,0.25999999046325684,0.2750000059604645,18374,2021-06-24 00:00:00+10:00
0.2800000011920929,0.2800000011920929,0.2750000059604645,0.2800000011920929,63671,2021-06-25 00:00:00+10:00
0.2750000059604645,0.2800000011920929,0.25999999046325684,0.2800000011920929,51733,2021-06-28 00:00:00+10:00
0.25999999046325684,0.25999999046325684,0.25,0.25,559335,2021-06-29 00:00:00+10:00
0.24500000476837158,0.25,0.24500000476837158,0.24500000476837158,88870,2021-06-30 00:00:00+10:00
0.25999999046325684,0.26499998569488525,0.25999999046325684,0.26499998569488525,7504,2021-07-01 00:00:00+10:00
0.25999999046325684,0.25999999046325684,0.25999999046325684,0.25999999046325684,10660,2021-07-02 00:00:00+10:00
0.25999999046325684,0.25999999046325684,0.25999999046325684,0.25999999046325684,0,2021-07-05 00:00:00+10:00
0.25999999046325684,0.25999999046325684,0.25999999046325684,0.25999999046325684,10000,2021-07-06 00:00:00+10:00
0.25999999046325684,0.25999999046325684,0.2549999952316284,0.2549999952316284,31909,2021-07-07 00:00:00+10:00
0.25,0.25,0.25,0.25,500,2021-07-08 00:00:00+10:00
0.2574999928474426,0.2574999928474426,0.25,0.25,20734,2021-07-09 00:00:00+10:00
0.25999999046325684,0.25999999046325684,0.25999999046325684,0.25999999046325684,2010,2021-07-12 00:00:00+10:00
0.25999999046325684,0.25999999046325684,0.25999999046325684,0.25999999046325684,0,2021-07-13 00:00:00+10:00
0.2549999952316284,0.26499998569488525,0.2549999952316284,0.26499998569488525,2010,2021-07-14 00:00:00+10:00
0.26499998569488525,0.26499998569488525,0.26499998569488525,0.26499998569488525,0,2021-07-15 00:00:00+10:00
0.2549999952316284,0.2549999952316284,0.25,0.25,25019,2021-07-16 00:00:00+10:00
0.2549999952316284,0.2549999952316284,0.22499999403953552,0.23999999463558197,100409,2021-07-19 00:00:00+10:00
0.23999999463558197,0.23999999463558197,0.23999999463558197,0.23999999463558197,0,2021-07-20 00:00:00+10:00
0.23999999463558197,0.23999999463558197,0.23999999463558197,0.23999999463558197,0,2021-07-21 00:00:00+10:00
0.24500000476837158,0.24500000476837158,0.24500000476837158,0.24500000476837158,16192,2021-07-22 00:00:00+10:00
0.23999999463558197,0.23999999463558197,0.23999999463558197,0.23999999463558197,14073,2021-07-23 00:00:00+10:00
0.23999999463558197,0.23999999463558197,0.23999999463558197,0.23999999463558197,0,2021-07-26 00:00:00+10:00
0.23999999463558197,0.23999999463558197,0.23999999463558197,0.23999999463558197,0,2021-07-27 00:00:00+10:00
0.23999999463558197,0.23999999463558197,0.23999999463558197,0.23999999463558197,13183,2021-07-28 00:00:00+10:00
0.23999999463558197,0.23999999463558197,0.23999999463558197,0.23999999463558197,0,2021-07-29 00:00:00+10:00
0.23999999463558197,0.23999999463558197,0.23999999463558197,0.23999999463558197,0,2021-07-30 00:00:00+10:00
0.24500000476837158,0.24500000476837158,0.24500000476837158,0.24500000476837158,9639,2021-08-02 00:00:00+10:00
0.24500000476837158,0.24500000476837158,0.23999999463558197,0.23999999463558197,17455,2021-08-03 00:00:00+10:00
0.23999999463558197,0.23999999463558197,0.23999999463558197,0.23999999463558197,0,2021-08-04 00:00:00+10:00
0.23999999463558197,0.23999999463558197,0.23999999463558197,0.23999999463558197,50020,2021-08-05 00:00:00+10:00
0.24500000476837158,0.24500000476837158,0.24500000476837158,0.24500000476837158,5582,2021-08-06 00:00:00+10:00
0.24500000476837158,0.24500000476837158,0.24500000476837158,0.24500000476837158,0,2021-08-09 00:00:00+10:00
0.24500000476837158,0.24500000476837158,0.24500000476837158,0.24500000476837158,20000,2021-08-10 00:00:00+10:00
0.24500000476837158,0.24500000476837158,0.24500000476837158,0.24500000476837158,0,2021-08-11 00:00:00+10:00
0.23999999463558197,0.25,0.23999999463558197,0.25,23518,2021-08-12 00:00:00+10:00
0.25,0.25,0.25,0.25,8715,2021-08-13 00:00:00+10:00
0.25,0.25,0.25,0.25,4010,2021-08-16 00:00:00+10:00
0.25,0.25,0.25,0.25,0,2021-08-17 00:00:00+10:00
0.23999999463558197,0.24500000476837158,0.23999999463558197,0.24500000476837158,4795,2021-08-18 00:00:00+10:00
0.25,0.25,0.25,0.25,19376,2021-08-19 00:00:00+10:00
0.25,0.25,0.25,0.25,0,2021-08-20 00:00:00+10:00
0.25999999046325684,0.25999999046325684,0.22499999403953552,0.25,344123,2021-08-23 00:00:00+10:00
0.25,0.25,0.25,0.25,0,2021-08-24 00:00:00+10:00
0.25,0.25,0.25,0.25,0,2021-08-25 00:00:00+10:00
0.25,0.25,0.2150000035762787,0.2150000035762787,138103,2021-08-26 00:00:00+10:00
0.2150000035762787,0.22499999403953552,0.20000000298023224,0.20499999821186066,310996,2021-08-27 00:00:00+10:00
0.20999999344348907,0.20999999344348907,0.20999999344348907,0.20999999344348907,72356,2021-08-30 00:00:00+10:00
0.2150000035762787,0.2150000035762787,0.2150000035762787,0.2150000035762787,13453,2021-08-31 00:00:00+10:00
0.2150000035762787,0.2150000035762787,0.20000000298023224,0.20000000298023224,90547,2021-09-01 00:00:00+10:00
0.20000000298023224,0.20000000298023224,0.20000000298023224,0.20000000298023224,0,2021-09-02 00:00:00+10:00
0.20000000298023224,0.20000000298023224,0.20000000298023224,0.20000000298023224,0,2021-09-03 00:00:00+10:00
0.20999999344348907,0.20999999344348907,0.20499999821186066,0.20499999821186066,22489,2021-09-06 00:00:00+10:00
0.23499999940395355,0.23499999940395355,0.23499999940395355,0.23499999940395355,24855,2021-09-07 00:00:00+10:00
0.2199999988079071,0.23000000417232513,0.20000000298023224,0.23000000417232513,333207,2021-09-08 00:00:00+10:00
0.23000000417232513,0.23000000417232513,0.23000000417232513,0.23000000417232513,33365,2021-09-09 00:00:00+10:00
0.23000000417232513,0.23000000417232513,0.23000000417232513,0.23000000417232513,0,2021-09-10 00:00:00+10:00
0.23000000417232513,0.23000000417232513,0.23000000417232513,0.23000000417232513,0,2021-09-13 00:00:00+10:00
0.23000000417232513,0.23000000417232513,0.23000000417232513,0.23000000417232513,0,2021-09-14 00:00:00+10:00
0.23000000417232513,0.23000000417232513,0.23000000417232513,0.23000000417232513,433,2021-09-15 00:00:00+10:00
0.23000000417232513,0.23000000417232513,0.23000000417232513,0.23000000417232513,44,2021-09-16 00:00:00+10:00
0.23000000417232513,0.23000000417232513,0.23000000417232513,0.23000000417232513,13000,2021-09-17 00:00:00+10:00
0.23000000417232513,0.23000000417232513,0.2150000035762787,0.2150000035762787,1754,2021-09-20 00:00:00+10:00
0.2150000035762787,0.2150000035762787,0.2150000035762787,0.2150000035762787,0,2021-09-21 00:00:00+10:00
0.22499999403953552,0.22499999403953552,0.22499999403953552,0.22499999403953552,2250,2021-09-22 00:00:00+10:00
0.22499999403953552,0.23000000417232513,0.22499999403953552,0.23000000417232513,64217,2021-09-23 00:00:00+10:00
0.22499999403953552,0.23000000417232513,0.22499999403953552,0.23000000417232513,16442,2021-09-24 00:00:00+10:00
0.23000000417232513,0.23000000417232513,0.23000000417232513,0.23000000417232513,0,2021-09-27 00:00:00+10:00
0.24500000476837158,0.2549999952316284,0.24500000476837158,0.25,17105,2021-09-28 00:00:00+10:00
0.23999999463558197,0.23999999463558197,0.23999999463558197,0.23999999463558197,395,2021-09-29 00:00:00+10:00
0.23999999463558197,0.23999999463558197,0.23999999463558197,0.23999999463558197,2518,2021-09-30 00:00:00+10:00
0.23999999463558197,0.23999999463558197,0.23999999463558197,0.23999999463558197,48311,2021-10-01 00:00:00+10:00
0.23999999463558197,0.23999999463558197,0.23999999463558197,0.23999999463558197,0,2021-10-04 00:00:00+11:00
0.25,0.2849999964237213,0.25,0.2849999964237213,325362,2021-10-05 00:00:00+11:00
0.2800000011920929,0.28999999165534973,0.27000001072883606,0.28999999165534973,125171,2021-10-06 00:00:00+11:00
0.27000001072883606,0.27000001072883606,0.25999999046325684,0.26499998569488525,44368,2021-10-07 00:00:00+11:00
0.26499998569488525,0.26499998569488525,0.26499998569488525,0.26499998569488525,0,2021-10-08 00:00:00+11:00
0.27000001072883606,0.28999999165534973,0.27000001072883606,0.2750000059604645,6021,2021-10-11 00:00:00+11:00
0.2750000059604645,0.2750000059604645,0.2750000059604645,0.2750000059604645,0,2021-10-12 00:00:00+11:00
0.2800000011920929,0.28999999165534973,0.2750000059604645,0.2750000059604645,30778,2021-10-13 00:00:00+11:00
0.2750000059604645,0.2750000059604645,0.2750000059604645,0.2750000059604645,0,2021-10-14 00:00:00+11:00
0.2800000011920929,0.2800000011920929,0.2800000011920929,0.2800000011920929,4,2021-10-15 00:00:00+11:00
0.2800000011920929,0.2800000011920929,0.2800000011920929,0.2800000011920929,4960,2021-10-18 00:00:00+11:00
0.2800000011920929,0.2800000011920929,0.2800000011920929,0.2800000011920929,4044,2021-10-19 00:00:00+11:00
0.2800000011920929,0.2800000011920929,0.2750000059604645,0.2750000059604645,1920,2021-10-20 00:00:00+11:00
0.2750000059604645,0.2750000059604645,0.2750000059604645,0.2750000059604645,25908,2021-10-21 00:00:00+11:00
0.2800000011920929,0.28999999165534973,0.27000001072883606,0.28999999165534973,99592,2021-10-22 00:00:00+11:00
0.2849999964237213,0.2849999964237213,0.2849999964237213,0.2849999964237213,11,2021-10-25 00:00:00+11:00
0.2849999964237213,0.2849999964237213,0.2849999964237213,0.2849999964237213,0,2021-10-26 00:00:00+11:00
0.2849999964237213,0.28999999165534973,0.2849999964237213,0.28999999165534973,55632,2021-10-27 00:00:00+11:00
0.27000001072883606,0.27000001072883606,0.25999999046325684,0.25999999046325684,20051,2021-10-28 00:00:00+11:00
0.25999999046325684,0.25999999046325684,0.25999999046325684,0.25999999046325684,0,2021-10-29 00:00:00+11:00
0.25999999046325684,0.25999999046325684,0.25999999046325684,0.25999999046325684,0,2021-11-01 00:00:00+11:00
0.2849999964237213,0.29499998688697815,0.2849999964237213,0.28999999165534973,60780,2021-11-02 00:00:00+11:00
0.28999999165534973,0.29499998688697815,0.28999999165534973,0.29499998688697815,15874,2021-11-03 00:00:00+11:00
0.28999999165534973,0.28999999165534973,0.2849999964237213,0.2849999964237213,37302,2021-11-04 00:00:00+11:00
0.2849999964237213,0.2849999964237213,0.2849999964237213,0.2849999964237213,0,2021-11-05 00:00:00+11:00
0.2849999964237213,0.2849999964237213,0.2849999964237213,0.2849999964237213,2438,2021-11-08 00:00:00+11:00
0.2849999964237213,0.2849999964237213,0.23499999940395355,0.23499999940395355,103733,2021-11-09 00:00:00+11:00
0.25999999046325684,0.25999999046325684,0.25999999046325684,0.25999999046325684,11513,2021-11-10 00:00:00+11:00
0.25999999046325684,0.25999999046325684,0.25999999046325684,0.25999999046325684,12000,2021-11-11 00:00:00+11:00
0.25999999046325684,0.25999999046325684,0.25,0.25,178331,2021-11-12 00:00:00+11:00
0.25,0.25,0.25,0.25,0,2021-11-15 00:00:00+11:00
0.2549999952316284,0.2549999952316284,0.2549999952316284,0.2549999952316284,16687,2021-11-16 00:00:00+11:00
0.2549999952316284,0.2549999952316284,0.2549999952316284,0.2549999952316284,20000,2021-11-17 00:00:00+11:00
0.2549999952316284,0.2549999952316284,0.2549999952316284,0.2549999952316284,92626,2021-11-18 00:00:00+11:00
0.2549999952316284,0.2549999952316284,0.2549999952316284,0.2549999952316284,0,2021-11-19 00:00:00+11:00
0.2849999964237213,0.3050000071525574,0.2849999964237213,0.30000001192092896,73714,2021-11-22 00:00:00+11:00
0.28999999165534973,0.30000001192092896,0.28999999165534973,0.29499998688697815,51579,2021-11-23 00:00:00+11:00
0.29499998688697815,0.29499998688697815,0.29499998688697815,0.29499998688697815,0,2021-11-24 00:00:00+11:00
0.30000001192092896,0.30000001192092896,0.30000001192092896,0.30000001192092896,45000,2021-11-25 00:00:00+11:00
0.30000001192092896,0.30000001192092896,0.30000001192092896,0.30000001192092896,51000,2021-11-26 00:00:00+11:00
0.26499998569488525,0.27000001072883606,0.26499998569488525,0.27000001072883606,91278,2021-11-29 00:00:00+11:00
0.27000001072883606,0.27000001072883606,0.27000001072883606,0.27000001072883606,100149,2021-11-30 00:00:00+11:00
0.27000001072883606,0.27000001072883606,0.27000001072883606,0.27000001072883606,0,2021-12-01 00:00:00+11:00
0.29499998688697815,0.29499998688697815,0.27000001072883606,0.27000001072883606,39629,2021-12-02 00:00:00+11:00
0.27000001072883606,0.27000001072883606,0.27000001072883606,0.27000001072883606,0,2021-12-03 00:00:00+11:00
0.2800000011920929,0.2800000011920929,0.2800000011920929,0.2800000011920929,22200,2021-12-06 00:00:00+11:00
0.2849999964237213,0.2849999964237213,0.2750000059604645,0.2750000059604645,14615,2021-12-07 00:00:00+11:00
0.2800000011920929,0.2800000011920929,0.2549999952316284,0.2549999952316284,272806,2021-12-08 00:00:00+11:00
0.25999999046325684,0.25999999046325684,0.25999999046325684,0.25999999046325684,2750,2021-12-09 00:00:00+11:00
0.25999999046325684,0.25999999046325684,0.25999999046325684,0.25999999046325684,0,2021-12-10 00:00:00+11:00
0.25999999046325684,0.25999999046325684,0.25999999046325684,0.25999999046325684,0,2021-12-13 00:00:00+11:00
0.25999999046325684,0.25999999046325684,0.25999999046325684,0.25999999046325684,0,2021-12-14 00:00:00+11:00
0.25999999046325684,0.25999999046325684,0.25999999046325684,0.25999999046325684,0,2021-12-15 00:00:00+11:00
0.25999999046325684,0.25999999046325684,0.25999999046325684,0.25999999046325684,0,2021-12-16 00:00:00+11:00
0.2800000011920929,0.2800000011920929,0.2800000011920929,0.2800000011920929,4332,2021-12-17 00:00:00+11:00
0.25999999046325684,0.25999999046325684,0.2549999952316284,0.25999999046325684,352993,2021-12-20 00:00:00+11:00
0.25999999046325684,0.25999999046325684,0.23000000417232513,0.23000000417232513,185092,2021-12-21 00:00:00+11:00
0.23000000417232513,0.23000000417232513,0.23000000417232513,0.23000000417232513,0,2021-12-22 00:00:00+11:00
0.25,0.2549999952316284,0.24500000476837158,0.24500000476837158,12500,2021-12-23 00:00:00+11:00
0.24500000476837158,0.24500000476837158,0.24500000476837158,0.24500000476837158,0,2021-12-24 00:00:00+11:00
0.24500000476837158,0.24500000476837158,0.24500000476837158,0.24500000476837158,0,2021-12-29 00:00:00+11:00
0.25999999046325684,0.2750000059604645,0.25999999046325684,0.2750000059604645,54686,2021-12-30 00:00:00+11:00
0.2750000059604645,0.2750000059604645,0.27000001072883606,0.2750000059604645,185196,2021-12-31 00:00:00+11:00
0.2750000059604645,0.2750000059604645,0.2750000059604645,0.2750000059604645,36863,2022-01-04 00:00:00+11:00
0.2750000059604645,0.2750000059604645,0.2750000059604645,0.2750000059604645,0,2022-01-05 00:00:00+11:00
0.2750000059604645,0.2750000059604645,0.2750000059604645,0.2750000059604645,0,2022-01-06 00:00:00+11:00
0.2750000059604645,0.2750000059604645,0.2750000059604645,0.2750000059604645,0,2022-01-07 00:00:00+11:00
0.25,0.25,0.25,0.25,3428,2022-01-10 00:00:00+11:00
0.25999999046325684,0.25999999046325684,0.25999999046325684,0.25999999046325684,156,2022-01-11 00:00:00+11:00
0.25999999046325684,0.25999999046325684,0.25999999046325684,0.25999999046325684,0,2022-01-12 00:00:00+11:00
0.25999999046325684,0.25999999046325684,0.25999999046325684,0.25999999046325684,0,2022-01-13 00:00:00+11:00
0.25999999046325684,0.25999999046325684,0.25999999046325684,0.25999999046325684,0,2022-01-14 00:00:00+11:00
0.25999999046325684,0.25999999046325684,0.25999999046325684,0.25999999046325684,0,2022-01-17 00:00:00+11:00
0.25999999046325684,0.25999999046325684,0.25999999046325684,0.25999999046325684,0,2022-01-18 00:00:00+11:00
0.26499998569488525,0.27000001072883606,0.26499998569488525,0.27000001072883606,3500,2022-01-19 00:00:00+11:00
0.25,0.2549999952316284,0.25,0.2549999952316284,21607,2022-01-20 00:00:00+11:00
0.2549999952316284,0.2549999952316284,0.2549999952316284,0.2549999952316284,0,2022-01-21 00:00:00+11:00
0.23499999940395355,0.24500000476837158,0.23499999940395355,0.24500000476837158,91554,2022-01-24 00:00:00+11:00
0.25,0.25,0.23499999940395355,0.23499999940395355,45943,2022-01-25 00:00:00+11:00
0.23499999940395355,0.23499999940395355,0.2199999988079071,0.2199999988079071,87000,2022-01-27 00:00:00+11:00
0.2199999988079071,0.2199999988079071,0.2199999988079071,0.2199999988079071,0,2022-01-28 00:00:00+11:00
0.2199999988079071,0.2199999988079071,0.2199999988079071,0.2199999988079071,0,2022-01-31 00:00:00+11:00
0.2199999988079071,0.2199999988079071,0.2199999988079071,0.2199999988079071,0,2022-02-01 00:00:00+11:00
0.2199999988079071,0.2199999988079071,0.2199999988079071,0.2199999988079071,0,2022-02-02 00:00:00+11:00
0.2199999988079071,0.2199999988079071,0.2199999988079071,0.2199999988079071,0,2022-02-03 00:00:00+11:00
0.2199999988079071,0.2199999988079071,0.2199999988079071,0.2199999988079071,0,2022-02-04 00:00:00+11:00
0.2199999988079071,0.2199999988079071,0.2199999988079071,0.2199999988079071,0,2022-02-07 00:00:00+11:00
0.25,0.25,0.25,0.25,29991,2022-02-08 00:00:00+11:00
0.2750000059604645,0.2800000011920929,0.2750000059604645,0.2750000059604645,79277,2022-02-09 00:00:00+11:00
0.2750000059604645,0.2750000059604645,0.2750000059604645,0.2750000059604645,30000,2022-02-10 00:00:00+11:00
0.2750000059604645,0.2750000059604645,0.2750000059604645,0.2750000059604645,0,2022-02-11 00:00:00+11:00
0.2800000011920929,0.2800000011920929,0.2800000011920929,0.2800000011920929,25991,2022-02-14 00:00:00+11:00
0.2750000059604645,0.2750000059604645,0.25,0.25,33648,2022-02-15 00:00:00+11:00
0.25,0.25,0.25,0.25,0,2022-02-16 00:00:00+11:00
0.25,0.25,0.25,0.25,0,2022-02-17 00:00:00+11:00
0.25,0.25,0.25,0.25,25600,2022-02-18 00:00:00+11:00
0.2549999952316284,0.2549999952316284,0.2549999952316284,0.2549999952316284,4000,2022-02-21 00:00:00+11:00
0.2549999952316284,0.2549999952316284,0.2549999952316284,0.2549999952316284,0,2022-02-22 00:00:00+11:00
0.2549999952316284,0.2549999952316284,0.2549999952316284,0.2549999952316284,0,2022-02-23 00:00:00+11:00
0.2549999952316284,0.2549999952316284,0.2549999952316284,0.2549999952316284,0,2022-02-24 00:00:00+11:00
0.25999999046325684,0.25999999046325684,0.25999999046325684,0.25999999046325684,7980,2022-02-25 00:00:00+11:00
0.25999999046325684,0.25999999046325684,0.25999999046325684,0.25999999046325684,0,2022-02-28 00:00:00+11:00
0.25999999046325684,0.25999999046325684,0.25999999046325684,0.25999999046325684,0,2022-03-01 00:00:00+11:00
0.26499998569488525,0.26499998569488525,0.25999999046325684,0.25999999046325684,500,2022-03-02 00:00:00+11:00
0.25999999046325684,0.25999999046325684,0.25999999046325684,0.25999999046325684,12195,2022-03-03 00:00:00+11:00
0.25999999046325684,0.25999999046325684,0.25999999046325684,0.25999999046325684,500,2022-03-04 00:00:00+11:00
0.25999999046325684,0.25999999046325684,0.25999999046325684,0.25999999046325684,10012,2022-03-07 00:00:00+11:00
0.25999999046325684,0.25999999046325684,0.25999999046325684,0.25999999046325684,38768,2022-03-08 00:00:00+11:00
0.25999999046325684,0.25999999046325684,0.25999999046325684,0.25999999046325684,24888,2022-03-09 00:00:00+11:00
0.25999999046325684,0.25999999046325684,0.25999999046325684,0.25999999046325684,0,2022-03-10 00:00:00+11:00
0.25999999046325684,0.25999999046325684,0.25999999046325684,0.25999999046325684,0,2022-03-11 00:00:00+11:00
0.2800000011920929,0.2800000011920929,0.27000001072883606,0.2800000011920929,38344,2022-03-14 00:00:00+11:00
0.2800000011920929,0.2800000011920929,0.2800000011920929,0.2800000011920929,1800,2022-03-15 00:00:00+11:00
0.2800000011920929,0.2800000011920929,0.2800000011920929,0.2800000011920929,0,2022-03-16 00:00:00+11:00
0.2800000011920929,0.2800000011920929,0.2800000011920929,0.2800000011920929,15000,2022-03-17 00:00:00+11:00
0.2800000011920929,0.2800000011920929,0.2800000011920929,0.2800000011920929,0,2022-03-18 00:00:00+11:00
0.2800000011920929,0.2800000011920929,0.2800000011920929,0.2800000011920929,0,2022-03-21 00:00:00+11:00
0.2750000059604645,0.2750000059604645,0.2750000059604645,0.2750000059604645,3800,2022-03-22 00:00:00+11:00
0.2750000059604645,0.2800000011920929,0.2750000059604645,0.2800000011920929,321017,2022-03-23 00:00:00+11:00
0.2800000011920929,0.2800000011920929,0.2800000011920929,0.2800000011920929,0,2022-03-24 00:00:00+11:00
0.2800000011920929,0.2800000011920929,0.2800000011920929,0.2800000011920929,85000,2022-03-25 00:00:00+11:00
0.2800000011920929,0.2800000011920929,0.2800000011920929,0.2800000011920929,176200,2022-03-28 00:00:00+11:00
0.2750000059604645,0.2750000059604645,0.2750000059604645,0.2750000059604645,11600,2022-03-29 00:00:00+11:00
0.2750000059604645,0.2750000059604645,0.2750000059604645,0.2750000059604645,0,2022-03-30 00:00:00+11:00
0.2750000059604645,0.2750000059604645,0.2750000059604645,0.2750000059604645,0,2022-03-31 00:00:00+11:00
0.27000001072883606,0.27000001072883606,0.25,0.2549999952316284,298900,2022-04-01 00:00:00+11:00
0.24500000476837158,0.24500000476837158,0.24500000476837158,0.24500000476837158,2240,2022-04-04 00:00:00+10:00
0.24500000476837158,0.24500000476837158,0.24500000476837158,0.24500000476837158,0,2022-04-05 00:00:00+10:00
0.2549999952316284,0.2549999952316284,0.2549999952316284,0.2549999952316284,9000,2022-04-06 00:00:00+10:00
0.2549999952316284,0.2549999952316284,0.25,0.25,48799,2022-04-07 00:00:00+10:00
0.2549999952316284,0.25999999046325684,0.2549999952316284,0.25999999046325684,9004,2022-04-08 00:00:00+10:00
0.26499998569488525,0.26499998569488525,0.25999999046325684,0.25999999046325684,25019,2022-04-11 00:00:00+10:00
0.25999999046325684,0.25999999046325684,0.25,0.2549999952316284,258591,2022-04-12 00:00:00+10:00
0.2549999952316284,0.2549999952316284,0.2549999952316284,0.2549999952316284,0,2022-04-13 00:00:00+10:00
0.2549999952316284,0.2549999952316284,0.25,0.25,100000,2022-04-14 00:00:00+10:00
0.25,0.25,0.25,0.25,0,2022-04-19 00:00:00+10:00
0.25,0.25,0.25,0.25,0,2022-04-20 00:00:00+10:00
0.25,0.25,0.25,0.25,0,2022-04-21 00:00:00+10:00
0.25,0.25,0.25,0.25,0,2022-04-22 00:00:00+10:00
0.25,0.25,0.25,0.25,0,2022-04-26 00:00:00+10:00
0.25999999046325684,0.25999999046325684,0.25999999046325684,0.25999999046325684,9633,2022-04-27 00:00:00+10:00
0.2800000011920929,0.2849999964237213,0.2775000035762787,0.2849999964237213,124337,2022-04-28 00:00:00+10:00
0.26499998569488525,0.2750000059604645,0.26499998569488525,0.26499998569488525,852351,2022-04-29 00:00:00+10:00
0.27000001072883606,0.2800000011920929,0.27000001072883606,0.2800000011920929,76900,2022-05-02 00:00:00+10:00
0.2800000011920929,0.2800000011920929,0.2800000011920929,0.2800000011920929,0,2022-05-03 00:00:00+10:00
0.2800000011920929,0.2800000011920929,0.2800000011920929,0.2800000011920929,0,2022-05-04 00:00:00+10:00
0.2800000011920929,0.2800000011920929,0.2800000011920929,0.2800000011920929,0,2022-05-05 00:00:00+10:00
0.2750000059604645,0.2750000059604645,0.27000001072883606,0.27000001072883606,57267,2022-05-06 00:00:00+10:00
0.27000001072883606,0.27000001072883606,0.27000001072883606,0.27000001072883606,0,2022-05-09 00:00:00+10:00
0.27000001072883606,0.27000001072883606,0.27000001072883606,0.27000001072883606,0,2022-05-10 00:00:00+10:00
0.26499998569488525,0.26499998569488525,0.26499998569488525,0.26499998569488525,25000,2022-05-11 00:00:00+10:00
0.26499998569488525,0.26499998569488525,0.26499998569488525,0.26499998569488525,64619,2022-05-12 00:00:00+10:00
0.2750000059604645,0.2750000059604645,0.2750000059604645,0.2750000059604645,152654,2022-05-13 00:00:00+10:00
0.2750000059604645,0.2750000059604645,0.2750000059604645,0.2750000059604645,15000,2022-05-16 00:00:00+10:00
0.2750000059604645,0.2750000059604645,0.2750000059604645,0.2750000059604645,0,2022-05-17 00:00:00+10:00
0.2750000059604645,0.2750000059604645,0.2750000059604645,0.2750000059604645,0,2022-05-18 00:00:00+10:00
0.2800000011920929,0.2849999964237213,0.2800000011920929,0.2849999964237213,87500,2022-05-19 00:00:00+10:00
0.2849999964237213,0.2849999964237213,0.2849999964237213,0.2849999964237213,40000,2022-05-20 00:00:00+10:00
0.2849999964237213,0.2849999964237213,0.2849999964237213,0.2849999964237213,0,2022-05-23 00:00:00+10:00
0.2849999964237213,0.2849999964237213,0.2849999964237213,0.2849999964237213,0,2022-05-24 00:00:00+10:00
0.2849999964237213,0.2849999964237213,0.2800000011920929,0.2800000011920929,251411,2022-05-25 00:00:00+10:00
0.2800000011920929,0.2800000011920929,0.2800000011920929,0.2800000011920929,0,2022-05-26 00:00:00+10:00
0.2800000011920929,0.3050000071525574,0.2800000011920929,0.3050000071525574,179640,2022-05-27 00:00:00+10:00
0.30000001192092896,0.30000001192092896,0.2849999964237213,0.2849999964237213,51965,2022-05-30 00:00:00+10:00
0.2849999964237213,0.2849999964237213,0.2849999964237213,0.2849999964237213,13000,2022-05-31 00:00:00+10:00
0.2849999964237213,0.2849999964237213,0.2849999964237213,0.2849999964237213,0,2022-06-01 00:00:00+10:00
0.2849999964237213,0.2849999964237213,0.2849999964237213,0.2849999964237213,87000,2022-06-02 00:00:00+10:00
0.2800000011920929,0.2800000011920929,0.2800000011920929,0.2800000011920929,126782,2022-06-03 00:00:00+10:00
0.2800000011920929,0.2800000011920929,0.2800000011920929,0.2800000011920929,100000,2022-06-06 00:00:00+10:00
0.2800000011920929,0.2800000011920929,0.2800000011920929,0.2800000011920929,0,2022-06-07 00:00:00+10:00
0.2800000011920929,0.2800000011920929,0.2800000011920929,0.2800000011920929,12975,2022-06-08 00:00:00+10:00
0.2849999964237213,0.2849999964237213,0.2800000011920929,0.2849999964237213,81266,2022-06-09 00:00:00+10:00
0.2849999964237213,0.2849999964237213,0.2849999964237213,0.2849999964237213,0,2022-06-10 00:00:00+10:00
0.2800000011920929,0.28999999165534973,0.2800000011920929,0.28999999165534973,183537,2022-06-14 00:00:00+10:00
0.28999999165534973,0.28999999165534973,0.28999999165534973,0.28999999165534973,0,2022-06-15 00:00:00+10:00
0.2849999964237213,0.30000001192092896,0.2800000011920929,0.30000001192092896,114299,2022-06-16 00:00:00+10:00
0.30000001192092896,0.30000001192092896,0.30000001192092896,0.30000001192092896,0,2022-06-17 00:00:00+10:00
0.30000001192092896,0.30000001192092896,0.30000001192092896,0.30000001192092896,0,2022-06-20 00:00:00+10:00
0.2750000059604645,0.2849999964237213,0.2750000059604645,0.2849999964237213,63032,2022-06-21 00:00:00+10:00
0.2849999964237213,0.2849999964237213,0.2849999964237213,0.2849999964237213,0,2022-06-22 00:00:00+10:00
0.2800000011920929,0.2800000011920929,0.2750000059604645,0.2800000011920929,906,2022-06-23 00:00:00+10:00
0.2800000011920929,0.2800000011920929,0.2800000011920929,0.2800000011920929,0,2022-06-24 00:00:00+10:00
0.27000001072883606,0.2800000011920929,0.27000001072883606,0.2800000011920929,179095,2022-06-27 00:00:00+10:00
0.2800000011920929,0.2800000011920929,0.2800000011920929,0.2800000011920929,0,2022-06-28 00:00:00+10:00
0.2800000011920929,0.2800000011920929,0.2750000059604645,0.2750000059604645,22120,2022-06-29 00:00:00+10:00
0.2750000059604645,0.2750000059604645,0.26499998569488525,0.26499998569488525,18632,2022-06-30 00:00:00+10:00
0.2800000011920929,0.2800000011920929,0.2800000011920929,0.2800000011920929,39747,2022-07-01 00:00:00+10:00
0.27000001072883606,0.2800000011920929,0.27000001072883606,0.2750000059604645,217365,2022-07-04 00:00:00+10:00
0.2750000059604645,0.2750000059604645,0.2750000059604645,0.2750000059604645,2807,2022-07-05 00:00:00+10:00
0.2750000059604645,0.2750000059604645,0.2750000059604645,0.2750000059604645,0,2022-07-06 00:00:00+10:00
0.2849999964237213,0.2849999964237213,0.2800000011920929,0.2800000011920929,290730,2022-07-07 00:00:00+10:00
0.2800000011920929,0.2800000011920929,0.2800000011920929,0.2800000011920929,0,2022-07-08 00:00:00+10:00
0.2800000011920929,0.2800000011920929,0.2800000011920929,0.2800000011920929,0,2022-07-11 00:00:00+10:00
0.2800000011920929,0.2800000011920929,0.2800000011920929,0.2800000011920929,0,2022-07-12 00:00:00+10:00
0.2800000011920929,0.2800000011920929,0.2800000011920929,0.2800000011920929,0,2022-07-13 00:00:00+10:00
0.2800000011920929,0.2800000011920929,0.2800000011920929,0.2800000011920929,0,2022-07-14 00:00:00+10:00
0.2800000011920929,0.2800000011920929,0.2800000011920929,0.2800000011920929,0,2022-07-15 00:00:00+10:00
0.2800000011920929,0.2800000011920929,0.2800000011920929,0.2800000011920929,0,2022-07-18 00:00:00+10:00
0.2800000011920929,0.2800000011920929,0.2800000011920929,0.2800000011920929,0,2022-07-19 00:00:00+10:00
0.2800000011920929,0.2800000011920929,0.2800000011920929,0.2800000011920929,0,2022-07-20 00:00:00+10:00
0.2849999964237213,0.2849999964237213,0.2849999964237213,0.2849999964237213,19360,2022-07-21 00:00:00+10:00
0.2800000011920929,0.2800000011920929,0.2800000011920929,0.2800000011920929,14256,2022-07-22 00:00:00+10:00
0.2849999964237213,0.2849999964237213,0.2849999964237213,0.2849999964237213,20193,2022-07-25 00:00:00+10:00
0.2849999964237213,0.2849999964237213,0.2849999964237213,0.2849999964237213,0,2022-07-26 00:00:00+10:00
0.2849999964237213,0.2849999964237213,0.2849999964237213,0.2849999964237213,0,2022-07-27 00:00:00+10:00
0.30000001192092896,0.32499998807907104,0.30000001192092896,0.3199999928474426,94748,2022-07-28 00:00:00+10:00
0.3199999928474426,0.33500000834465027,0.3199999928474426,0.33500000834465027,205754,2022-07-29 00:00:00+10:00
0.3400000035762787,0.3400000035762787,0.33500000834465027,0.33500000834465027,101324,2022-08-01 00:00:00+10:00
0.33000001311302185,0.33000001311302185,0.33000001311302185,0.33000001311302185,12947,2022-08-02 00:00:00+10:00
0.33000001311302185,0.33000001311302185,0.33000001311302185,0.33000001311302185,20286,2022-08-03 00:00:00+10:00
0.33000001311302185,0.33000001311302185,0.33000001311302185,0.33000001311302185,0,2022-08-04 00:00:00+10:00
0.33000001311302185,0.33000001311302185,0.33000001311302185,0.33000001311302185,0,2022-08-05 00:00:00+10:00
0.32499998807907104,0.3400000035762787,0.32499998807907104,0.3400000035762787,150710,2022-08-08 00:00:00+10:00
0.3400000035762787,0.3400000035762787,0.3400000035762787,0.3400000035762787,19610,2022-08-09 00:00:00+10:00
0.3400000035762787,0.3400000035762787,0.3400000035762787,0.3400000035762787,0,2022-08-10 00:00:00+10:00
0.3499999940395355,0.3499999940395355,0.3499999940395355,0.3499999940395355,30000,2022-08-11 00:00:00+10:00
0.3499999940395355,0.3499999940395355,0.3100000023841858,0.3100000023841858,67843,2022-08-12 00:00:00+10:00
0.32499998807907104,0.32499998807907104,0.32499998807907104,0.32499998807907104,5000,2022-08-15 00:00:00+10:00
0.3199999928474426,0.3199999928474426,0.29499998688697815,0.29499998688697815,345345,2022-08-16 00:00:00+10:00
0.29499998688697815,0.29499998688697815,0.29499998688697815,0.29499998688697815,0,2022-08-17 00:00:00+10:00
0.30000001192092896,0.30000001192092896,0.28999999165534973,0.28999999165534973,22000,2022-08-18 00:00:00+10:00
0.29499998688697815,0.29499998688697815,0.29499998688697815,0.29499998688697815,753,2022-08-19 00:00:00+10:00
0.29499998688697815,0.30000001192092896,0.28999999165534973,0.28999999165534973,26356,2022-08-22 00:00:00+10:00
0.28999999165534973,0.28999999165534973,0.28999999165534973,0.28999999165534973,0,2022-08-23 00:00:00+10:00
0.28999999165534973,0.28999999165534973,0.28999999165534973,0.28999999165534973,0,2022-08-24 00:00:00+10:00
0.28999999165534973,0.28999999165534973,0.28999999165534973,0.28999999165534973,0,2022-08-25 00:00:00+10:00
0.30000001192092896,0.30000001192092896,0.30000001192092896,0.30000001192092896,125776,2022-08-26 00:00:00+10:00
0.30000001192092896,0.30000001192092896,0.30000001192092896,0.30000001192092896,7000,2022-08-29 00:00:00+10:00
0.30000001192092896,0.30000001192092896,0.30000001192092896,0.30000001192092896,0,2022-08-30 00:00:00+10:00
0.28999999165534973,0.28999999165534973,0.28999999165534973,0.28999999165534973,41865,2022-08-31 00:00:00+10:00
0.28999999165534973,0.28999999165534973,0.2849999964237213,0.2849999964237213,42182,2022-09-01 00:00:00+10:00
0.2849999964237213,0.2849999964237213,0.2849999964237213,0.2849999964237213,11022,2022-09-02 00:00:00+10:00
0.2849999964237213,0.2849999964237213,0.2849999964237213,0.2849999964237213,21799,2022-09-05 00:00:00+10:00
0.28999999165534973,0.28999999165534973,0.28999999165534973,0.28999999165534973,14000,2022-09-06 00:00:00+10:00
0.28999999165534973,0.28999999165534973,0.28999999165534973,0.28999999165534973,0,2022-09-07 00:00:00+10:00
0.28999999165534973,0.28999999165534973,0.28999999165534973,0.28999999165534973,0,2022-09-08 00:00:00+10:00
0.2874999940395355,0.2874999940395355,0.2849999964237213,0.2849999964237213,12001,2022-09-09 00:00:00+10:00
0.2849999964237213,0.3100000023841858,0.2849999964237213,0.3100000023841858,623436,2022-09-12 00:00:00+10:00
0.3100000023841858,0.3100000023841858,0.3100000023841858,0.3100000023841858,200000,2022-09-13 00:00:00+10:00
0.3100000023841858,0.3199999928474426,0.3100000023841858,0.3199999928474426,100401,2022-09-14 00:00:00+10:00
0.32499998807907104,0.33500000834465027,0.32499998807907104,0.33500000834465027,12962,2022-09-15 00:00:00+10:00
0.3199999928474426,0.3449999988079071,0.3100000023841858,0.3449999988079071,125030,2022-09-16 00:00:00+10:00
0.3449999988079071,0.3700000047683716,0.3449999988079071,0.3700000047683716,699677,2022-09-19 00:00:00+10:00
0.375,0.3799999952316284,0.35499998927116394,0.3700000047683716,181475,2022-09-20 00:00:00+10:00
0.3449999988079071,0.3499999940395355,0.3449999988079071,0.3499999940395355,89966,2022-09-21 00:00:00+10:00
0.3499999940395355,0.3499999940395355,0.3400000035762787,0.3400000035762787,128914,2022-09-23 00:00:00+10:00
0.3400000035762787,0.3400000035762787,0.3400000035762787,0.3400000035762787,698,2022-09-26 00:00:00+10:00
0.3400000035762787,0.3400000035762787,0.3400000035762787,0.3400000035762787,0,2022-09-27 00:00:00+10:00
0.33500000834465027,0.33500000834465027,0.33500000834465027,0.33500000834465027,21495,2022-09-28 00:00:00+10:00
0.33500000834465027,0.33500000834465027,0.33500000834465027,0.33500000834465027,0,2022-09-29 00:00:00+10:00
0.32499998807907104,0.32499998807907104,0.32499998807907104,0.32499998807907104,433,2022-09-30 00:00:00+10:00
0.33000001311302185,0.33000001311302185,0.30000001192092896,0.30000001192092896,5174,2022-10-03 00:00:00+11:00
0.30000001192092896,0.30000001192092896,0.30000001192092896,0.30000001192092896,0,2022-10-04 00:00:00+11:00
0.3149999976158142,0.3149999976158142,0.3149999976158142,0.3149999976158142,10000,2022-10-05 00:00:00+11:00
0.3149999976158142,0.3149999976158142,0.3149999976158142,0.3149999976158142,0,2022-10-06 00:00:00+11:00
0.3149999976158142,0.3149999976158142,0.3149999976158142,0.3149999976158142,0,2022-10-07 00:00:00+11:00
0.3199999928474426,0.3199999928474426,0.3199999928474426,0.3199999928474426,2115,2022-10-10 00:00:00+11:00
0.3400000035762787,0.3400000035762787,0.3400000035762787,0.3400000035762787,10000,2022-10-11 00:00:00+11:00
0.3400000035762787,0.3499999940395355,0.3400000035762787,0.3499999940395355,200500,2022-10-12 00:00:00+11:00
0.3499999940395355,0.3499999940395355,0.3499999940395355,0.3499999940395355,100001,2022-10-13 00:00:00+11:00
0.3499999940395355,0.3499999940395355,0.3499999940395355,0.3499999940395355,75000,2022-10-14 00:00:00+11:00
0.35499998927116394,0.35499998927116394,0.3499999940395355,0.3499999940395355,33618,2022-10-17 00:00:00+11:00
0.36500000953674316,0.36500000953674316,0.36500000953674316,0.36500000953674316,103000,2022-10-18 00:00:00+11:00
0.3700000047683716,0.3700000047683716,0.3700000047683716,0.3700000047683716,30669,2022-10-19 00:00:00+11:00
0.3700000047683716,0.3700000047683716,0.3700000047683716,0.3700000047683716,42600,2022-10-20 00:00:00+11:00
0.375,0.4000000059604645,0.3700000047683716,0.4000000059604645,320970,2022-10-21 00:00:00+11:00
0.4099999964237213,0.4399999976158142,0.4099999964237213,0.4300000071525574,228074,2022-10-24 00:00:00+11:00
0.4399999976158142,0.4449999928474426,0.4300000071525574,0.4375,219069,2022-10-25 00:00:00+11:00
0.4300000071525574,0.4300000071525574,0.4300000071525574,0.4300000071525574,6000,2022-10-26 00:00:00+11:00
0.4399999976158142,0.4399999976158142,0.4399999976158142,0.4399999976158142,106757,2022-10-27 00:00:00+11:00
0.4399999976158142,0.45500001311302185,0.4000000059604645,0.41999998688697815,290698,2022-10-28 00:00:00+11:00
0.44999998807907104,0.45500001311302185,0.4350000023841858,0.4350000023841858,12846,2022-10-31 00:00:00+11:00
0.4350000023841858,0.4350000023841858,0.4350000023841858,0.4350000023841858,0,2022-11-01 00:00:00+11:00
0.4000000059604645,0.4000000059604645,0.4000000059604645,0.4000000059604645,6441,2022-11-02 00:00:00+11:00
0.4099999964237213,0.4099999964237213,0.4099999964237213,0.4099999964237213,2350,2022-11-03 00:00:00+11:00
0.39500001072883606,0.39500001072883606,0.38999998569488525,0.38999998569488525,8250,2022-11-04 00:00:00+11:00
0.38999998569488525,0.38999998569488525,0.38499999046325684,0.38499999046325684,30837,2022-11-07 00:00:00+11:00
0.38999998569488525,0.38999998569488525,0.38499999046325684,0.38499999046325684,19640,2022-11-08 00:00:00+11:00
0.38499999046325684,0.38499999046325684,0.38499999046325684,0.38499999046325684,0,2022-11-09 00:00:00+11:00
0.38499999046325684,0.38499999046325684,0.38499999046325684,0.38499999046325684,0,2022-11-10 00:00:00+11:00
0.3799999952316284,0.38999998569488525,0.3799999952316284,0.38999998569488525,361740,2022-11-11 00:00:00+11:00
0.4050000011920929,0.4099999964237213,0.4050000011920929,0.4099999964237213,4500,2022-11-14 00:00:00+11:00
0.4300000071525574,0.4399999976158142,0.4300000071525574,0.4399999976158142,12000,2022-11-15 00:00:00+11:00
0.42500001192092896,0.42500001192092896,0.41999998688697815,0.41999998688697815,22506,2022-11-16 00:00:00+11:00
0.41999998688697815,0.41999998688697815,0.41999998688697815,0.41999998688697815,0,2022-11-17 00:00:00+11:00
0.41999998688697815,0.41999998688697815,0.41999998688697815,0.41999998688697815,0,2022-11-18 00:00:00+11:00
0.42500001192092896,0.42500001192092896,0.4000000059604645,0.4000000059604645,3735,2022-11-21 00:00:00+11:00
0.4000000059604645,0.4000000059604645,0.4000000059604645,0.4000000059604645,0,2022-11-22 00:00:00+11:00
0.4000000059604645,0.4000000059604645,0.4000000059604645,0.4000000059604645,0,2022-11-23 00:00:00+11:00
0.4000000059604645,0.4000000059604645,0.4000000059604645,0.4000000059604645,1800,2022-11-24 00:00:00+11:00
0.4000000059604645,0.4000000059604645,0.4000000059604645,0.4000000059604645,314,2022-11-25 00:00:00+11:00
0.4000000059604645,0.4000000059604645,0.4000000059604645,0.4000000059604645,2820,2022-11-28 00:00:00+11:00
0.4000000059604645,0.4000000059604645,0.4000000059604645,0.4000000059604645,13000,2022-11-29 00:00:00+11:00
0.4099999964237213,0.4099999964237213,0.4000000059604645,0.4000000059604645,143284,2022-11-30 00:00:00+11:00
0.4000000059604645,0.4000000059604645,0.38999998569488525,0.39500001072883606,752933,2022-12-01 00:00:00+11:00
0.39500001072883606,0.39500001072883606,0.39500001072883606,0.39500001072883606,0,2022-12-02 00:00:00+11:00
0.4000000059604645,0.4000000059604645,0.3799999952316284,0.3799999952316284,138228,2022-12-05 00:00:00+11:00
0.3799999952316284,0.3799999952316284,0.3799999952316284,0.3799999952316284,0,2022-12-06 00:00:00+11:00
0.3799999952316284,0.3799999952316284,0.3799999952316284,0.3799999952316284,0,2022-12-07 00:00:00+11:00
0.3799999952316284,0.3799999952316284,0.3799999952316284,0.3799999952316284,0,2022-12-08 00:00:00+11:00
0.3799999952316284,0.3799999952316284,0.3799999952316284,0.3799999952316284,0,2022-12-09 00:00:00+11:00
0.4099999964237213,0.4099999964237213,0.4099999964237213,0.4099999964237213,4000,2022-12-12 00:00:00+11:00
0.38499999046325684,0.38499999046325684,0.38499999046325684,0.38499999046325684,6494,2022-12-13 00:00:00+11:00
0.38499999046325684,0.38499999046325684,0.38499999046325684,0.38499999046325684,0,2022-12-14 00:00:00+11:00
0.38499999046325684,0.38499999046325684,0.38499999046325684,0.38499999046325684,0,2022-12-15 00:00:00+11:00
0.38499999046325684,0.38499999046325684,0.38499999046325684,0.38499999046325684,0,2022-12-16 00:00:00+11:00
0.38499999046325684,0.38499999046325684,0.38499999046325684,0.38499999046325684,0,2022-12-19 00:00:00+11:00
0.38499999046325684,0.38499999046325684,0.38499999046325684,0.38499999046325684,9617,2022-12-20 00:00:00+11:00
0.38499999046325684,0.38499999046325684,0.38499999046325684,0.38499999046325684,112,2022-12-21 00:00:00+11:00
0.38499999046325684,0.38499999046325684,0.38499999046325684,0.38499999046325684,657818,2022-12-22 00:00:00+11:00
0.38499999046325684,0.38499999046325684,0.38499999046325684,0.38499999046325684,0,2022-12-23 00:00:00+11:00
0.4000000059604645,0.4000000059604645,0.4000000059604645,0.4000000059604645,7312,2022-12-28 00:00:00+11:00
0.4000000059604645,0.4000000059604645,0.4000000059604645,0.4000000059604645,0,2022-12-29 00:00:00+11:00
0.38999998569488525,0.4000000059604645,0.38999998569488525,0.4000000059604645,41297,2022-12-30 00:00:00+11:00
0.4000000059604645,0.4000000059604645,0.4000000059604645,0.4000000059604645,0,2023-01-03 00:00:00+11:00
0.4099999964237213,0.4099999964237213,0.4000000059604645,0.4000000059604645,27513,2023-01-04 00:00:00+11:00
0.4000000059604645,0.4000000059604645,0.4000000059604645,0.4000000059604645,0,2023-01-05 00:00:00+11:00
0.4099999964237213,0.4099999964237213,0.4099999964237213,0.4099999964237213,12500,2023-01-06 00:00:00+11:00
0.4099999964237213,0.4099999964237213,0.4099999964237213,0.4099999964237213,0,2023-01-09 00:00:00+11:00
0.4099999964237213,0.41499999165534973,0.4099999964237213,0.41499999165534973,12195,2023-01-10 00:00:00+11:00
0.41499999165534973,0.41499999165534973,0.41499999165534973,0.41499999165534973,24,2023-01-11 00:00:00+11:00
0.41499999165534973,0.41499999165534973,0.41499999165534973,0.41499999165534973,0,2023-01-12 00:00:00+11:00
0.41499999165534973,0.41499999165534973,0.41499999165534973,0.41499999165534973,0,2023-01-13 00:00:00+11:00
0.41499999165534973,0.41499999165534973,0.41499999165534973,0.41499999165534973,0,2023-01-16 00:00:00+11:00
0.4099999964237213,0.41499999165534973,0.4099999964237213,0.41499999165534973,2883,2023-01-17 00:00:00+11:00
0.41499999165534973,0.41499999165534973,0.41499999165534973,0.41499999165534973,0,2023-01-18 00:00:00+11:00
0.4050000011920929,0.4050000011920929,0.4050000011920929,0.4050000011920929,24,2023-01-19 00:00:00+11:00
0.4050000011920929,0.4050000011920929,0.4050000011920929,0.4050000011920929,0,2023-01-20 00:00:00+11:00
0.41499999165534973,0.41499999165534973,0.41499999165534973,0.41499999165534973,3500,2023-01-23 00:00:00+11:00
0.41499999165534973,0.41499999165534973,0.41499999165534973,0.41499999165534973,0,2023-01-24 00:00:00+11:00
0.41499999165534973,0.41499999165534973,0.4050000011920929,0.4050000011920929,13876,2023-01-25 00:00:00+11:00
0.4050000011920929,0.4050000011920929,0.4050000011920929,0.4050000011920929,0,2023-01-27 00:00:00+11:00
0.41999998688697815,0.4399999976158142,0.41999998688697815,0.4399999976158142,25975,2023-01-30 00:00:00+11:00
0.4399999976158142,0.46000000834465027,0.4399999976158142,0.44999998807907104,135389,2023-01-31 00:00:00+11:00
0.4399999976158142,0.44999998807907104,0.4399999976158142,0.44999998807907104,2351,2023-02-01 00:00:00+11:00
0.44999998807907104,0.44999998807907104,0.44999998807907104,0.44999998807907104,17544,2023-02-02 00:00:00+11:00
0.44999998807907104,0.46000000834465027,0.44999998807907104,0.44999998807907104,125160,2023-02-03 00:00:00+11:00
0.44999998807907104,0.44999998807907104,0.44999998807907104,0.44999998807907104,10000,2023-02-06 00:00:00+11:00
0.44999998807907104,0.44999998807907104,0.44999998807907104,0.44999998807907104,5855,2023-02-07 00:00:00+11:00
0.44999998807907104,0.44999998807907104,0.44999998807907104,0.44999998807907104,0,2023-02-08 00:00:00+11:00
0.46000000834465027,0.46000000834465027,0.44999998807907104,0.44999998807907104,24671,2023-02-09 00:00:00+11:00
0.44999998807907104,0.44999998807907104,0.44999998807907104,0.44999998807907104,0,2023-02-10 00:00:00+11:00
0.44999998807907104,0.46000000834465027,0.44999998807907104,0.46000000834465027,11715,2023-02-13 00:00:00+11:00
0.46000000834465027,0.4650000035762787,0.46000000834465027,0.46000000834465027,83310,2023-02-14 00:00:00+11:00
0.46000000834465027,0.46000000834465027,0.46000000834465027,0.46000000834465027,15062,2023-02-15 00:00:00+11:00
0.44999998807907104,0.46000000834465027,0.44999998807907104,0.44999998807907104,21029,2023-02-16 00:00:00+11:00
0.44999998807907104,0.44999998807907104,0.44999998807907104,0.44999998807907104,47537,2023-02-17 00:00:00+11:00
0.4300000071525574,0.4300000071525574,0.41499999165534973,0.41999998688697815,36444,2023-02-20 00:00:00+11:00
0.4000000059604645,0.4000000059604645,0.3400000035762787,0.36500000953674316,439986,2023-02-21 00:00:00+11:00
0.3400000035762787,0.3400000035762787,0.3050000071525574,0.32499998807907104,227772,2023-02-22 00:00:00+11:00
0.33000001311302185,0.33500000834465027,0.33000001311302185,0.33000001311302185,123629,2023-02-23 00:00:00+11:00
0.3400000035762787,0.3449999988079071,0.3400000035762787,0.3449999988079071,33714,2023-02-24 00:00:00+11:00
0.33000001311302185,0.33000001311302185,0.33000001311302185,0.33000001311302185,12706,2023-02-27 00:00:00+11:00
0.33000001311302185,0.33000001311302185,0.33000001311302185,0.33000001311302185,0,2023-02-28 00:00:00+11:00
0.33500000834465027,0.33500000834465027,0.33500000834465027,0.33500000834465027,83696,2023-03-01 00:00:00+11:00
0.3400000035762787,0.3400000035762787,0.3400000035762787,0.3400000035762787,99578,2023-03-02 00:00:00+11:00
0.33500000834465027,0.3400000035762787,0.33500000834465027,0.3400000035762787,20136,2023-03-03 00:00:00+11:00
0.3400000035762787,0.3400000035762787,0.3400000035762787,0.3400000035762787,0,2023-03-06 00:00:00+11:00
0.3400000035762787,0.3400000035762787,0.32499998807907104,0.32499998807907104,3218,2023-03-07 00:00:00+11:00
0.32499998807907104,0.32499998807907104,0.32499998807907104,0.32499998807907104,2379,2023-03-08 00:00:00+11:00
0.32499998807907104,0.32499998807907104,0.32499998807907104,0.32499998807907104,0,2023-03-09 00:00:00+11:00
0.32499998807907104,0.32499998807907104,0.32499998807907104,0.32499998807907104,376,2023-03-10 00:00:00+11:00
0.32499998807907104,0.32499998807907104,0.32499998807907104,0.32499998807907104,0,2023-03-13 00:00:00+11:00
0.32499998807907104,0.32499998807907104,0.32499998807907104,0.32499998807907104,0,2023-03-14 00:00:00+11:00
0.32499998807907104,0.32499998807907104,0.32499998807907104,0.32499998807907104,0,2023-03-15 00:00:00+11:00
0.32499998807907104,0.32499998807907104,0.32499998807907104,0.32499998807907104,0,2023-03-16 00:00:00+11:00
0.32499998807907104,0.32499998807907104,0.32499998807907104,0.32499998807907104,0,2023-03-17 00:00:00+11:00
0.33500000834465027,0.33500000834465027,0.33500000834465027,0.33500000834465027,15000,2023-03-20 00:00:00+11:00
0.33500000834465027,0.33500000834465027,0.33500000834465027,0.33500000834465027,0,2023-03-21 00:00:00+11:00
0.33500000834465027,0.33500000834465027,0.33500000834465027,0.33500000834465027,0,2023-03-22 00:00:00+11:00
0.33500000834465027,0.33500000834465027,0.33500000834465027,0.33500000834465027,0,2023-03-23 00:00:00+11:00
0.32499998807907104,0.32499998807907104,0.32499998807907104,0.32499998807907104,21151,2023-03-24 00:00:00+11:00
0.3199999928474426,0.3199999928474426,0.3199999928474426,0.3199999928474426,80478,2023-03-27 00:00:00+11:00
0.32499998807907104,0.32499998807907104,0.32499998807907104,0.32499998807907104,9049,2023-03-28 00:00:00+11:00
0.32499998807907104,0.32499998807907104,0.32499998807907104,0.32499998807907104,0,2023-03-29 00:00:00+11:00
0.33000001311302185,0.33000001311302185,0.3199999928474426,0.3199999928474426,36105,2023-03-30 00:00:00+11:00
0.3199999928474426,0.3199999928474426,0.3199999928474426,0.3199999928474426,0,2023-03-31 00:00:00+11:00
0.3199999928474426,0.3199999928474426,0.3199999928474426,0.3199999928474426,305,2023-04-03 00:00:00+10:00
0.33000001311302185,0.33000001311302185,0.33000001311302185,0.33000001311302185,1853,2023-04-04 00:00:00+10:00
0.33000001311302185,0.33000001311302185,0.33000001311302185,0.33000001311302185,0,2023-04-05 00:00:00+10:00
0.33000001311302185,0.33000001311302185,0.33000001311302185,0.33000001311302185,0,2023-04-06 00:00:00+10:00
0.33000001311302185,0.33000001311302185,0.33000001311302185,0.33000001311302185,304,2023-04-11 00:00:00+10:00
0.33500000834465027,0.33500000834465027,0.33500000834465027,0.33500000834465027,16891,2023-04-12 00:00:00+10:00
0.3199999928474426,0.3199999928474426,0.3199999928474426,0.3199999928474426,5000,2023-04-13 00:00:00+10:00
0.3199999928474426,0.3199999928474426,0.3199999928474426,0.3199999928474426,0,2023-04-14 00:00:00+10:00
0.33000001311302185,0.33000001311302185,0.32499998807907104,0.33000001311302185,55817,2023-04-17 00:00:00+10:00
0.33000001311302185,0.33000001311302185,0.33000001311302185,0.33000001311302185,1522,2023-04-18 00:00:00+10:00
0.33000001311302185,0.33000001311302185,0.33000001311302185,0.33000001311302185,0,2023-04-19 00:00:00+10:00
0.3400000035762787,0.3499999940395355,0.3400000035762787,0.3499999940395355,25622,2023-04-20 00:00:00+10:00
0.3499999940395355,0.3499999940395355,0.3499999940395355,0.3499999940395355,208,2023-04-21 00:00:00+10:00
0.3499999940395355,0.3499999940395355,0.3499999940395355,0.3499999940395355,0,2023-04-24 00:00:00+10:00
0.3499999940395355,0.3499999940395355,0.3499999940395355,0.3499999940395355,0,2023-04-26 00:00:00+10:00
0.33000001311302185,0.33000001311302185,0.33000001311302185,0.33000001311302185,4000,2023-04-27 00:00:00+10:00
0.33000001311302185,0.33000001311302185,0.33000001311302185,0.33000001311302185,0,2023-04-28 00:00:00+10:00
0.33500000834465027,0.33500000834465027,0.33000001311302185,0.33000001311302185,10286,2023-05-01 00:00:00+10:00
0.33000001311302185,0.33000001311302185,0.33000001311302185,0.33000001311302185,3202,2023-05-02 00:00:00+10:00
0.33000001311302185,0.33000001311302185,0.33000001311302185,0.33000001311302185,0,2023-05-03 00:00:00+10:00
0.33000001311302185,0.33000001311302185,0.33000001311302185,0.33000001311302185,0,2023-05-04 00:00:00+10:00
0.33000001311302185,0.33000001311302185,0.33000001311302185,0.33000001311302185,19,2023-05-05 00:00:00+10:00
0.33000001311302185,0.33000001311302185,0.33000001311302185,0.33000001311302185,500000,2023-05-08 00:00:00+10:00
0.33000001311302185,0.33000001311302185,0.33000001311302185,0.33000001311302185,0,2023-05-09 00:00:00+10:00
0.33000001311302185,0.33000001311302185,0.33000001311302185,0.33000001311302185,0,2023-05-10 00:00:00+10:00
0.33000001311302185,0.33000001311302185,0.33000001311302185,0.33000001311302185,0,2023-05-11 00:00:00+10:00
0.33000001311302185,0.33000001311302185,0.33000001311302185,0.33000001311302185,3200,2023-05-12 00:00:00+10:00
0.3449999988079071,0.3499999940395355,0.3449999988079071,0.3499999940395355,72862,2023-05-15 00:00:00+10:00
0.3499999940395355,0.3499999940395355,0.3499999940395355,0.3499999940395355,0,2023-05-16 00:00:00+10:00
0.3499999940395355,0.3499999940395355,0.3499999940395355,0.3499999940395355,0,2023-05-17 00:00:00+10:00
0.3449999988079071,0.3499999940395355,0.3449999988079071,0.3499999940395355,44720,2023-05-18 00:00:00+10:00
0.3499999940395355,0.3499999940395355,0.3499999940395355,0.3499999940395355,0,2023-05-19 00:00:00+10:00
0.3449999988079071,0.3449999988079071,0.3449999988079071,0.3449999988079071,8002,2023-05-22 00:00:00+10:00
0.3449999988079071,0.3449999988079071,0.3449999988079071,0.3449999988079071,0,2023-05-23 00:00:00+10:00
0.3449999988079071,0.3449999988079071,0.3449999988079071,0.3449999988079071,0,2023-05-24 00:00:00+10:00
0.3449999988079071,0.3449999988079071,0.3449999988079071,0.3449999988079071,0,2023-05-25 00:00:00+10:00
0.3449999988079071,0.3499999940395355,0.3449999988079071,0.3499999940395355,113887,2023-05-26 00:00:00+10:00
0.33000001311302185,0.33000001311302185,0.33000001311302185,0.33000001311302185,1516,2023-05-29 00:00:00+10:00
0.33000001311302185,0.33000001311302185,0.33000001311302185,0.33000001311302185,0,2023-05-30 00:00:00+10:00
0.33000001311302185,0.33000001311302185,0.33000001311302185,0.33000001311302185,0,2023-05-31 00:00:00+10:00
0.33000001311302185,0.33000001311302185,0.33000001311302185,0.33000001311302185,0,2023-06-01 00:00:00+10:00
0.33000001311302185,0.33000001311302185,0.33000001311302185,0.33000001311302185,0,2023-06-02 00:00:00+10:00
0.33000001311302185,0.33000001311302185,0.33000001311302185,0.33000001311302185,0,2023-06-05 00:00:00+10:00
0.33500000834465027,0.3400000035762787,0.33500000834465027,0.3400000035762787,44578,2023-06-06 00:00:00+10:00
0.33500000834465027,0.33500000834465027,0.33500000834465027,0.33500000834465027,38,2023-06-07 00:00:00+10:00
0.33500000834465027,0.33500000834465027,0.33500000834465027,0.33500000834465027,0,2023-06-08 00:00:00+10:00
0.3400000035762787,0.3400000035762787,0.3400000035762787,0.3400000035762787,1283,2023-06-09 00:00:00+10:00
0.3499999940395355,0.35499998927116394,0.3499999940395355,0.35499998927116394,32246,2023-06-13 00:00:00+10:00
0.36250001192092896,0.36250001192092896,0.36250001192092896,0.36250001192092896,28,2023-06-14 00:00:00+10:00
0.36250001192092896,0.36250001192092896,0.36250001192092896,0.36250001192092896,0,2023-06-15 00:00:00+10:00
0.36250001192092896,0.36250001192092896,0.36250001192092896,0.36250001192092896,0,2023-06-16 00:00:00+10:00
0.35499998927116394,0.35499998927116394,0.35499998927116394,0.35499998927116394,28,2023-06-19 00:00:00+10:00
0.36000001430511475,0.36000001430511475,0.36000001430511475,0.36000001430511475,22042,2023-06-20 00:00:00+10:00
0.3799999952316284,0.38499999046325684,0.3799999952316284,0.38499999046325684,38394,2023-06-21 00:00:00+10:00
0.38499999046325684,0.38499999046325684,0.38499999046325684,0.38499999046325684,2104,2023-06-22 00:00:00+10:00
0.38999998569488525,0.4000000059604645,0.38999998569488525,0.4000000059604645,35634,2023-06-23 00:00:00+10:00
0.4000000059604645,0.4000000059604645,0.4000000059604645,0.4000000059604645,0,2023-06-26 00:00:00+10:00
0.4050000011920929,0.4050000011920929,0.4050000011920929,0.4050000011920929,4000,2023-06-27 00:00:00+10:00
0.4300000071525574,0.4300000071525574,0.4300000071525574,0.4300000071525574,232558,2023-06-28 00:00:00+10:00
0.41999998688697815,0.41999998688697815,0.4000000059604645,0.4000000059604645,53644,2023-06-29 00:00:00+10:00
0.4000000059604645,0.4000000059604645,0.4000000059604645,0.4000000059604645,1200,2023-06-30 00:00:00+10:00
0.4000000059604645,0.4000000059604645,0.4000000059604645,0.4000000059604645,0,2023-07-03 00:00:00+10:00
0.4000000059604645,0.4000000059604645,0.4000000059604645,0.4000000059604645,16300,2023-07-04 00:00:00+10:00
0.4099999964237213,0.4099999964237213,0.4099999964237213,0.4099999964237213,472,2023-07-05 00:00:00+10:00
0.4000000059604645,0.4000000059604645,0.4000000059604645,0.4000000059604645,20,2023-07-06 00:00:00+10:00
0.4000000059604645,0.4000000059604645,0.4000000059604645,0.4000000059604645,0,2023-07-07 00:00:00+10:00
0.38999998569488525,0.4000000059604645,0.38999998569488525,0.4000000059604645,6527,2023-07-10 00:00:00+10:00
0.4000000059604645,0.4000000059604645,0.4000000059604645,0.4000000059604645,33871,2023-07-11 00:00:00+10:00
0.38749998807907104,0.4000000059604645,0.38749998807907104,0.4000000059604645,6524,2023-07-12 00:00:00+10:00
0.4000000059604645,0.4000000059604645,0.4000000059604645,0.4000000059604645,0,2023-07-13 00:00:00+10:00
0.4000000059604645,0.4000000059604645,0.4000000059604645,0.4000000059604645,0,2023-07-14 00:00:00+10:00
0.4000000059604645,0.4000000059604645,0.4000000059604645,0.4000000059604645,0,2023-07-17 00:00:00+10:00
0.4000000059604645,0.4099999964237213,0.4000000059604645,0.4099999964237213,29859,2023-07-18 00:00:00+10:00
0.4099999964237213,0.4099999964237213,0.4099999964237213,0.4099999964237213,1240,2023-07-19 00:00:00+10:00
0.4099999964237213,0.4099999964237213,0.4099999964237213,0.4099999964237213,0,2023-07-20 00:00:00+10:00
0.4099999964237213,0.4099999964237213,0.4099999964237213,0.4099999964237213,0,2023-07-21 00:00:00+10:00
0.4000000059604645,0.4099999964237213,0.4000000059604645,0.4099999964237213,10276,2023-07-24 00:00:00+10:00
0.4000000059604645,0.4000000059604645,0.4000000059604645,0.4000000059604645,137,2023-07-25 00:00:00+10:00
0.4000000059604645,0.4000000059604645,0.4000000059604645,0.4000000059604645,0,2023-07-26 00:00:00+10:00
0.38999998569488525,0.38999998569488525,0.3799999952316284,0.3799999952316284,30741,2023-07-27 00:00:00+10:00
0.3799999952316284,0.38999998569488525,0.3799999952316284,0.38999998569488525,67183,2023-07-28 00:00:00+10:00
0.38999998569488525,0.4000000059604645,0.38999998569488525,0.4000000059604645,32822,2023-07-31 00:00:00+10:00
0.38999998569488525,0.39500001072883606,0.38999998569488525,0.39500001072883606,129405,2023-08-01 00:00:00+10:00
0.39500001072883606,0.39500001072883606,0.39500001072883606,0.39500001072883606,0,2023-08-02 00:00:00+10:00
0.39500001072883606,0.39500001072883606,0.39500001072883606,0.39500001072883606,0,2023-08-03 00:00:00+10:00
0.39500001072883606,0.39500001072883606,0.39500001072883606,0.39500001072883606,0,2023-08-04 00:00:00+10:00
0.375,0.375,0.36500000953674316,0.36500000953674316,66249,2023-08-07 00:00:00+10:00
0.36500000953674316,0.36500000953674316,0.36500000953674316,0.36500000953674316,0,2023-08-08 00:00:00+10:00
0.36500000953674316,0.36500000953674316,0.36500000953674316,0.36500000953674316,0,2023-08-09 00:00:00+10:00
0.36500000953674316,0.36500000953674316,0.36500000953674316,0.36500000953674316,0,2023-08-10 00:00:00+10:00
0.36500000953674316,0.36500000953674316,0.36500000953674316,0.36500000953674316,0,2023-08-11 00:00:00+10:00
0.36500000953674316,0.36500000953674316,0.36500000953674316,0.36500000953674316,0,2023-08-14 00:00:00+10:00
0.36500000953674316,0.36500000953674316,0.36500000953674316,0.36500000953674316,0,2023-08-15 00:00:00+10:00
0.36500000953674316,0.36500000953674316,0.36500000953674316,0.36500000953674316,0,2023-08-16 00:00:00+10:00
0.36000001430511475,0.36000001430511475,0.35499998927116394,0.35499998927116394,36285,2023-08-17 00:00:00+10:00
0.35499998927116394,0.35499998927116394,0.35499998927116394,0.35499998927116394,0,2023-08-18 00:00:00+10:00
0.35499998927116394,0.35499998927116394,0.35499998927116394,0.35499998927116394,50100,2023-08-21 00:00:00+10:00
0.35499998927116394,0.36000001430511475,0.32499998807907104,0.32499998807907104,27068,2023-08-22 00:00:00+10:00
0.3100000023841858,0.3100000023841858,0.2549999952316284,0.26499998569488525,160123,2023-08-23 00:00:00+10:00
0.25999999046325684,0.26499998569488525,0.24250000715255737,0.25,64689,2023-08-24 00:00:00+10:00
0.24250000715255737,0.25,0.24250000715255737,0.25,27465,2023-08-25 00:00:00+10:00
0.25,0.25,0.25,0.25,33082,2023-08-28 00:00:00+10:00
0.24500000476837158,0.24500000476837158,0.23999999463558197,0.23999999463558197,34890,2023-08-29 00:00:00+10:00
0.23999999463558197,0.23999999463558197,0.23999999463558197,0.23999999463558197,7688,2023-08-30 00:00:00+10:00
0.23000000417232513,0.2800000011920929,0.23000000417232513,0.2800000011920929,119665,2023-08-31 00:00:00+10:00
0.2800000011920929,0.2800000011920929,0.2549999952316284,0.2549999952316284,105530,2023-09-01 00:00:00+10:00
0.2800000011920929,0.2800000011920929,0.27000001072883606,0.27000001072883606,5807,2023-09-04 00:00:00+10:00
0.27000001072883606,0.2849999964237213,0.27000001072883606,0.2800000011920929,73131,2023-09-05 00:00:00+10:00
0.2800000011920929,0.2800000011920929,0.2800000011920929,0.2800000011920929,0,2023-09-06 00:00:00+10:00
0.2800000011920929,0.2800000011920929,0.2800000011920929,0.2800000011920929,0,2023-09-07 00:00:00+10:00
0.2800000011920929,0.2800000011920929,0.2800000011920929,0.2800000011920929,0,2023-09-08 00:00:00+10:00
0.2800000011920929,0.2800000011920929,0.2800000011920929,0.2800000011920929,0,2023-09-11 00:00:00+10:00
0.2800000011920929,0.2800000011920929,0.2800000011920929,0.2800000011920929,0,2023-09-12 00:00:00+10:00
0.2800000011920929,0.2800000011920929,0.2800000011920929,0.2800000011920929,0,2023-09-13 00:00:00+10:00
0.2750000059604645,0.2800000011920929,0.2750000059604645,0.2800000011920929,37501,2023-09-14 00:00:00+10:00
0.2800000011920929,0.2800000011920929,0.2800000011920929,0.2800000011920929,0,2023-09-15 00:00:00+10:00
0.2849999964237213,0.2849999964237213,0.2800000011920929,0.2800000011920929,265869,2023-09-18 00:00:00+10:00
0.2800000011920929,0.2800000011920929,0.2800000011920929,0.2800000011920929,0,2023-09-19 00:00:00+10:00
0.2800000011920929,0.2800000011920929,0.2800000011920929,0.2800000011920929,0,2023-09-20 00:00:00+10:00
0.2800000011920929,0.2800000011920929,0.2800000011920929,0.2800000011920929,0,2023-09-21 00:00:00+10:00
0.2800000011920929,0.2800000011920929,0.2800000011920929,0.2800000011920929,0,2023-09-22 00:00:00+10:00
0.2800000011920929,0.30000001192092896,0.2800000011920929,0.30000001192092896,122130,2023-09-25 00:00:00+10:00
0.30000001192092896,0.30000001192092896,0.30000001192092896,0.30000001192092896,0,2023-09-26 00:00:00+10:00
0.29499998688697815,0.30000001192092896,0.29499998688697815,0.30000001192092896,3333,2023-09-27 00:00:00+10:00
0.30000001192092896,0.30000001192092896,0.30000001192092896,0.30000001192092896,0,2023-09-28 00:00:00+10:00
0.3100000023841858,0.3100000023841858,0.3100000023841858,0.3100000023841858,3000,2023-09-29 00:00:00+10:00
0.3100000023841858,0.3100000023841858,0.3100000023841858,0.3100000023841858,0,2023-10-02 00:00:00+11:00
0.3100000023841858,0.3100000023841858,0.3100000023841858,0.3100000023841858,319,2023-10-03 00:00:00+11:00
0.3050000071525574,0.3050000071525574,0.27000001072883606,0.30000001192092896,49264,2023-10-04 00:00:00+11:00
0.30000001192092896,0.30000001192092896,0.30000001192092896,0.30000001192092896,0,2023-10-05 00:00:00+11:00
0.30000001192092896,0.30000001192092896,0.30000001192092896,0.30000001192092896,0,2023-10-06 00:00:00+11:00
0.30000001192092896,0.30000001192092896,0.30000001192092896,0.30000001192092896,0,2023-10-09 00:00:00+11:00
0.27000001072883606,0.27000001072883606,0.27000001072883606,0.27000001072883606,42506,2023-10-10 00:00:00+11:00
0.27000001072883606,0.27000001072883606,0.27000001072883606,0.27000001072883606,0,2023-10-11 00:00:00+11:00
0.27000001072883606,0.27000001072883606,0.27000001072883606,0.27000001072883606,0,2023-10-12 00:00:00+11:00
0.27000001072883606,0.27000001072883606,0.27000001072883606,0.27000001072883606,0,2023-10-13 00:00:00+11:00
0.28999999165534973,0.28999999165534973,0.28999999165534973,0.28999999165534973,840,2023-10-16 00:00:00+11:00
0.30000001192092896,0.30000001192092896,0.30000001192092896,0.30000001192092896,8582,2023-10-17 00:00:00+11:00
0.30000001192092896,0.30000001192092896,0.30000001192092896,0.30000001192092896,4310,2023-10-18 00:00:00+11:00
0.30000001192092896,0.30000001192092896,0.30000001192092896,0.30000001192092896,36277,2023-10-19 00:00:00+11:00
0.30000001192092896,0.30000001192092896,0.30000001192092896,0.30000001192092896,0,2023-10-20 00:00:00+11:00
0.30000001192092896,0.30000001192092896,0.30000001192092896,0.30000001192092896,0,2023-10-23 00:00:00+11:00
0.30000001192092896,0.30000001192092896,0.30000001192092896,0.30000001192092896,0,2023-10-24 00:00:00+11:00
0.30000001192092896,0.30000001192092896,0.30000001192092896,0.30000001192092896,0,2023-10-25 00:00:00+11:00
0.30000001192092896,0.30000001192092896,0.30000001192092896,0.30000001192092896,0,2023-10-26 00:00:00+11:00
0.29499998688697815,0.29499998688697815,0.29499998688697815,0.29499998688697815,3355,2023-10-27 00:00:00+11:00
0.2874999940395355,0.2874999940395355,0.2874999940395355,0.2874999940395355,1865,2023-10-30 00:00:00+11:00
0.2800000011920929,0.2800000011920929,0.2800000011920929,0.2800000011920929,3570,2023-10-31 00:00:00+11:00
0.2800000011920929,0.2800000011920929,0.2800000011920929,0.2800000011920929,0,2023-11-01 00:00:00+11:00
0.2800000011920929,0.2800000011920929,0.2800000011920929,0.2800000011920929,0,2023-11-02 00:00:00+11:00
0.2800000011920929,0.2800000011920929,0.2800000011920929,0.2800000011920929,0,2023-11-03 00:00:00+11:00
0.2800000011920929,0.2800000011920929,0.2800000011920929,0.2800000011920929,0,2023-11-06 00:00:00+11:00
0.2800000011920929,0.2800000011920929,0.2800000011920929,0.2800000011920929,0,2023-11-07 00:00:00+11:00
0.2549999952316284,0.2549999952316284,0.2549999952316284,0.2549999952316284,11134,2023-11-08 00:00:00+11:00
0.2549999952316284,0.2549999952316284,0.2549999952316284,0.2549999952316284,0,2023-11-09 00:00:00+11:00
0.2549999952316284,0.2549999952316284,0.2549999952316284,0.2549999952316284,0,2023-11-10 00:00:00+11:00
0.2549999952316284,0.2549999952316284,0.2549999952316284,0.2549999952316284,0,2023-11-13 00:00:00+11:00
0.2549999952316284,0.2549999952316284,0.2549999952316284,0.2549999952316284,0,2023-11-14 00:00:00+11:00
0.2549999952316284,0.2549999952316284,0.2549999952316284,0.2549999952316284,0,2023-11-15 00:00:00+11:00
0.27000001072883606,0.2750000059604645,0.27000001072883606,0.27000001072883606,42681,2023-11-16 00:00:00+11:00
0.25999999046325684,0.25999999046325684,0.24500000476837158,0.24500000476837158,157518,2023-11-17 00:00:00+11:00
0.24500000476837158,0.24500000476837158,0.24500000476837158,0.24500000476837158,0,2023-11-20 00:00:00+11:00
0.24500000476837158,0.24500000476837158,0.24500000476837158,0.24500000476837158,0,2023-11-21 00:00:00+11:00
0.24500000476837158,0.24500000476837158,0.24500000476837158,0.24500000476837158,0,2023-11-22 00:00:00+11:00
0.24500000476837158,0.24500000476837158,0.24500000476837158,0.24500000476837158,0,2023-11-23 00:00:00+11:00
0.24500000476837158,0.24500000476837158,0.24500000476837158,0.24500000476837158,0,2023-11-24 00:00:00+11:00
0.24500000476837158,0.24500000476837158,0.24500000476837158,0.24500000476837158,0,2023-11-27 00:00:00+11:00
0.24500000476837158,0.24500000476837158,0.24500000476837158,0.24500000476837158,0,2023-11-28 00:00:00+11:00
0.27000001072883606,0.2750000059604645,0.26499998569488525,0.2750000059604645,23594,2023-11-29 00:00:00+11:00
0.27000001072883606,0.27000001072883606,0.27000001072883606,0.27000001072883606,51500,2023-11-30 00:00:00+11:00
0.27000001072883606,0.27000001072883606,0.27000001072883606,0.27000001072883606,0,2023-12-01 00:00:00+11:00
0.27000001072883606,0.27000001072883606,0.27000001072883606,0.27000001072883606,0,2023-12-04 00:00:00+11:00
0.30000001192092896,0.30000001192092896,0.30000001192092896,0.30000001192092896,33770,2023-12-05 00:00:00+11:00
0.30000001192092896,0.30000001192092896,0.29499998688697815,0.29499998688697815,1685,2023-12-06 00:00:00+11:00
0.29499998688697815,0.29499998688697815,0.29499998688697815,0.29499998688697815,0,2023-12-07 00:00:00+11:00
0.30000001192092896,0.3050000071525574,0.30000001192092896,0.3050000071525574,20750,2023-12-08 00:00:00+11:00
0.3050000071525574,0.3050000071525574,0.28999999165534973,0.28999999165534973,111823,2023-12-11 00:00:00+11:00
0.2800000011920929,0.2800000011920929,0.27000001072883606,0.27000001072883606,338872,2023-12-12 00:00:00+11:00
0.27000001072883606,0.27000001072883606,0.27000001072883606,0.27000001072883606,0,2023-12-13 00:00:00+11:00
0.27000001072883606,0.27000001072883606,0.27000001072883606,0.27000001072883606,0,2023-12-14 00:00:00+11:00
0.27000001072883606,0.27000001072883606,0.27000001072883606,0.27000001072883606,0,2023-12-15 00:00:00+11:00
0.27000001072883606,0.27000001072883606,0.27000001072883606,0.27000001072883606,0,2023-12-18 00:00:00+11:00
0.27000001072883606,0.27000001072883606,0.27000001072883606,0.27000001072883606,0,2023-12-19 00:00:00+11:00
0.27000001072883606,0.27000001072883606,0.27000001072883606,0.27000001072883606,0,2023-12-20 00:00:00+11:00
0.27000001072883606,0.27000001072883606,0.27000001072883606,0.27000001072883606,0,2023-12-21 00:00:00+11:00
0.27000001072883606,0.27000001072883606,0.27000001072883606,0.27000001072883606,0,2023-12-22 00:00:00+11:00
0.2800000011920929,0.2800000011920929,0.2800000011920929,0.2800000011920929,84000,2023-12-27 00:00:00+11:00
0.2800000011920929,0.2800000011920929,0.27000001072883606,0.27000001072883606,55286,2023-12-28 00:00:00+11:00
0.27000001072883606,0.27000001072883606,0.27000001072883606,0.27000001072883606,0,2023-12-29 00:00:00+11:00
0.27000001072883606,0.27000001072883606,0.27000001072883606,0.27000001072883606,0,2024-01-02 00:00:00+11:00
0.27000001072883606,0.27000001072883606,0.27000001072883606,0.27000001072883606,0,2024-01-03 00:00:00+11:00
0.27000001072883606,0.27000001072883606,0.27000001072883606,0.27000001072883606,0,2024-01-04 00:00:00+11:00
0.2750000059604645,0.2750000059604645,0.2750000059604645,0.2750000059604645,7450,2024-01-05 00:00:00+11:00
0.2750000059604645,0.2750000059604645,0.2750000059604645,0.2750000059604645,808,2024-01-08 00:00:00+11:00
0.2750000059604645,0.2750000059604645,0.2750000059604645,0.2750000059604645,0,2024-01-09 00:00:00+11:00
0.2750000059604645,0.2750000059604645,0.2750000059604645,0.2750000059604645,0,2024-01-10 00:00:00+11:00
0.2750000059604645,0.2750000059604645,0.2750000059604645,0.2750000059604645,0,2024-01-11 00:00:00+11:00
0.2750000059604645,0.2750000059604645,0.2750000059604645,0.2750000059604645,0,2024-01-12 00:00:00+11:00
0.2750000059604645,0.2750000059604645,0.2750000059604645,0.2750000059604645,10000,2024-01-15 00:00:00+11:00
0.2750000059604645,0.2750000059604645,0.2750000059604645,0.2750000059604645,0,2024-01-16 00:00:00+11:00
0.27000001072883606,0.27000001072883606,0.26750001311302185,0.26750001311302185,76300,2024-01-17 00:00:00+11:00
0.26750001311302185,0.26750001311302185,0.26750001311302185,0.26750001311302185,0,2024-01-18 00:00:00+11:00
0.2750000059604645,0.2750000059604645,0.27000001072883606,0.27000001072883606,100000,2024-01-19 00:00:00+11:00
0.27000001072883606,0.27000001072883606,0.27000001072883606,0.27000001072883606,3571,2024-01-22 00:00:00+11:00
0.27000001072883606,0.27000001072883606,0.27000001072883606,0.27000001072883606,0,2024-01-23 00:00:00+11:00
0.27000001072883606,0.27000001072883606,0.27000001072883606,0.27000001072883606,0,2024-01-24 00:00:00+11:00
0.27000001072883606,0.27000001072883606,0.27000001072883606,0.27000001072883606,83005,2024-01-25 00:00:00+11:00
0.27000001072883606,0.27000001072883606,0.27000001072883606,0.27000001072883606,0,2024-01-29 00:00:00+11:00
0.27000001072883606,0.27000001072883606,0.27000001072883606,0.27000001072883606,25000,2024-01-30 00:00:00+11:00
0.27000001072883606,0.27000001072883606,0.27000001072883606,0.27000001072883606,0,2024-01-31 00:00:00+11:00
0.27000001072883606,0.27000001072883606,0.27000001072883606,0.27000001072883606,0,2024-02-01 00:00:00+11:00
0.27000001072883606,0.27000001072883606,0.27000001072883606,0.27000001072883606,0,2024-02-02 00:00:00+11:00
0.27000001072883606,0.27000001072883606,0.27000001072883606,0.27000001072883606,0,2024-02-05 00:00:00+11:00
0.27000001072883606,0.27000001072883606,0.27000001072883606,0.27000001072883606,0,2024-02-06 00:00:00+11:00
0.27000001072883606,0.27000001072883606,0.27000001072883606,0.27000001072883606,0,2024-02-07 00:00:00+11:00
0.27000001072883606,0.27000001072883606,0.27000001072883606,0.27000001072883606,0,2024-02-08 00:00:00+11:00
0.27000001072883606,0.27000001072883606,0.27000001072883606,0.27000001072883606,0,2024-02-09 00:00:00+11:00
0.27000001072883606,0.27000001072883606,0.27000001072883606,0.27000001072883606,16500,2024-02-12 00:00:00+11:00
0.27000001072883606,0.27000001072883606,0.27000001072883606,0.27000001072883606,0,2024-02-13 00:00:00+11:00
0.27000001072883606,0.27000001072883606,0.25999999046325684,0.25999999046325684,30000,2024-02-14 00:00:00+11:00
0.25999999046325684,0.25999999046325684,0.25999999046325684,0.25999999046325684,0,2024-02-15 00:00:00+11:00
0.25999999046325684,0.25999999046325684,0.25999999046325684,0.25999999046325684,0,2024-02-16 00:00:00+11:00
0.25999999046325684,0.25999999046325684,0.25999999046325684,0.25999999046325684,0,2024-02-19 00:00:00+11:00
0.25999999046325684,0.25999999046325684,0.25999999046325684,0.25999999046325684,7,2024-02-20 00:00:00+11:00
0.25999999046325684,0.25999999046325684,0.25999999046325684,0.25999999046325684,0,2024-02-21 00:00:00+11:00
0.25999999046325684,0.25999999046325684,0.25999999046325684,0.25999999046325684,1500,2024-02-22 00:00:00+11:00
0.25999999046325684,0.25999999046325684,0.25999999046325684,0.25999999046325684,3784,2024-02-23 00:00:00+11:00
0.26499998569488525,0.26499998569488525,0.24500000476837158,0.24500000476837158,21923,2024-02-26 00:00:00+11:00
0.24500000476837158,0.24500000476837158,0.24500000476837158,0.24500000476837158,0,2024-02-27 00:00:00+11:00
0.24500000476837158,0.24500000476837158,0.24500000476837158,0.24500000476837158,2077,2024-02-28 00:00:00+11:00
0.22499999403953552,0.22499999403953552,0.2199999988079071,0.2199999988079071,237064,2024-02-29 00:00:00+11:00
0.2199999988079071,0.2199999988079071,0.20499999821186066,0.20499999821186066,58218,2024-03-01 00:00:00+11:00
0.20499999821186066,0.20499999821186066,0.19499999284744263,0.19499999284744263,273499,2024-03-04 00:00:00+11:00
0.1899999976158142,0.19499999284744263,0.16500000655651093,0.19499999284744263,391244,2024-03-05 00:00:00+11:00
0.20000000298023224,0.20000000298023224,0.20000000298023224,0.20000000298023224,60000,2024-03-06 00:00:00+11:00
0.20000000298023224,0.20000000298023224,0.20000000298023224,0.20000000298023224,0,2024-03-07 00:00:00+11:00
0.19499999284744263,0.19499999284744263,0.1850000023841858,0.1850000023841858,151341,2024-03-08 00:00:00+11:00
0.18000000715255737,0.18000000715255737,0.18000000715255737,0.18000000715255737,1,2024-03-11 00:00:00+11:00
0.18000000715255737,0.18000000715255737,0.18000000715255737,0.18000000715255737,0,2024-03-12 00:00:00+11:00
0.19499999284744263,0.19499999284744263,0.19499999284744263,0.19499999284744263,4998,2024-03-13 00:00:00+11:00
0.19499999284744263,0.19499999284744263,0.19499999284744263,0.19499999284744263,0,2024-03-14 00:00:00+11:00
0.19499999284744263,0.19499999284744263,0.19499999284744263,0.19499999284744263,0,2024-03-15 00:00:00+11:00
0.19499999284744263,0.19499999284744263,0.19499999284744263,0.19499999284744263,0,2024-03-18 00:00:00+11:00
0.19499999284744263,0.19499999284744263,0.19499999284744263,0.19499999284744263,0,2024-03-19 00:00:00+11:00
0.19499999284744263,0.20999999344348907,0.19499999284744263,0.20000000298023224,274720,2024-03-20 00:00:00+11:00
0.24500000476837158,0.24500000476837158,0.24500000476837158,0.24500000476837158,4004,2024-03-21 00:00:00+11:00
0.24500000476837158,0.24500000476837158,0.24500000476837158,0.24500000476837158,0,2024-03-22 00:00:00+11:00
0.20499999821186066,0.20499999821186066,0.18000000715255737,0.1899999976158142,93425,2024-03-25 00:00:00+11:00
0.20000000298023224,0.20000000298023224,0.20000000298023224,0.20000000298023224,22302,2024-03-26 00:00:00+11:00
0.20000000298023224,0.20000000298023224,0.20000000298023224,0.20000000298023224,0,2024-03-27 00:00:00+11:00
0.20000000298023224,0.20000000298023224,0.20000000298023224,0.20000000298023224,14017,2024-03-28 00:00:00+11:00
0.20000000298023224,0.20000000298023224,0.20000000298023224,0.20000000298023224,0,2024-04-02 00:00:00+11:00
0.20000000298023224,0.20000000298023224,0.20000000298023224,0.20000000298023224,12500,2024-04-03 00:00:00+11:00
0.20000000298023224,0.20000000298023224,0.20000000298023224,0.20000000298023224,0,2024-04-04 00:00:00+11:00
0.20000000298023224,0.20000000298023224,0.20000000298023224,0.20000000298023224,0,2024-04-05 00:00:00+11:00
0.20000000298023224,0.20000000298023224,0.20000000298023224,0.20000000298023224,143483,2024-04-08 00:00:00+10:00
0.20000000298023224,0.20000000298023224,0.20000000298023224,0.20000000298023224,0,2024-04-09 00:00:00+10:00
0.20000000298023224,0.20000000298023224,0.20000000298023224,0.20000000298023224,0,2024-04-10 00:00:00+10:00
0.20000000298023224,0.20000000298023224,0.20000000298023224,0.20000000298023224,0,2024-04-11 00:00:00+10:00
0.20000000298023224,0.20000000298023224,0.20000000298023224,0.20000000298023224,0,2024-04-12 00:00:00+10:00
0.1899999976158142,0.1899999976158142,0.1899999976158142,0.1899999976158142,52128,2024-04-15 00:00:00+10:00
0.1899999976158142,0.1899999976158142,0.1899999976158142,0.1899999976158142,0,2024-04-16 00:00:00+10:00
0.1899999976158142,0.1899999976158142,0.1899999976158142,0.1899999976158142,17048,2024-04-17 00:00:00+10:00
0.1899999976158142,0.1899999976158142,0.1899999976158142,0.1899999976158142,0,2024-04-18 00:00:00+10:00
0.1899999976158142,0.1899999976158142,0.1899999976158142,0.1899999976158142,0,2024-04-19 00:00:00+10:00
0.1899999976158142,0.1899999976158142,0.1899999976158142,0.1899999976158142,2842,2024-04-22 00:00:00+10:00
0.1899999976158142,0.1899999976158142,0.1899999976158142,0.1899999976158142,0,2024-04-23 00:00:00+10:00
0.18000000715255737,0.1899999976158142,0.18000000715255737,0.1899999976158142,40317,2024-04-24 00:00:00+10:00
0.1899999976158142,0.1899999976158142,0.1899999976158142,0.1899999976158142,0,2024-04-26 00:00:00+10:00
0.1899999976158142,0.1899999976158142,0.1899999976158142,0.1899999976158142,6346,2024-04-29 00:00:00+10:00
0.1899999976158142,0.1899999976158142,0.1899999976158142,0.1899999976158142,0,2024-04-30 00:00:00+10:00
0.1899999976158142,0.1899999976158142,0.1899999976158142,0.1899999976158142,0,2024-05-01 00:00:00+10:00
0.1899999976158142,0.1899999976158142,0.1899999976158142,0.1899999976158142,0,2024-05-02 00:00:00+10:00
0.1850000023841858,0.1850000023841858,0.1850000023841858,0.1850000023841858,44000,2024-05-03 00:00:00+10:00
0.1850000023841858,0.1850000023841858,0.1850000023841858,0.1850000023841858,197403,2024-05-06 00:00:00+10:00
0.1850000023841858,0.1850000023841858,0.1850000023841858,0.1850000023841858,0,2024-05-07 00:00:00+10:00
0.1850000023841858,0.1850000023841858,0.1850000023841858,0.1850000023841858,0,2024-05-08 00:00:00+10:00
0.18000000715255737,0.18000000715255737,0.18000000715255737,0.18000000715255737,38789,2024-05-09 00:00:00+10:00
0.1850000023841858,0.1850000023841858,0.1850000023841858,0.1850000023841858,5000,2024-05-10 00:00:00+10:00
0.1850000023841858,0.1850000023841858,0.1850000023841858,0.1850000023841858,0,2024-05-13 00:00:00+10:00
0.18000000715255737,0.18000000715255737,0.18000000715255737,0.18000000715255737,10532,2024-05-14 00:00:00+10:00
0.18000000715255737,0.18000000715255737,0.18000000715255737,0.18000000715255737,0,2024-05-15 00:00:00+10:00
0.18000000715255737,0.18000000715255737,0.18000000715255737,0.18000000715255737,0,2024-05-16 00:00:00+10:00
0.18000000715255737,0.18000000715255737,0.18000000715255737,0.18000000715255737,0,2024-05-17 00:00:00+10:00
0.18000000715255737,0.18000000715255737,0.18000000715255737,0.18000000715255737,0,2024-05-20 00:00:00+10:00
0.18000000715255737,0.18000000715255737,0.18000000715255737,0.18000000715255737,0,2024-05-21 00:00:00+10:00
0.15000000596046448,0.15000000596046448,0.15000000596046448,0.15000000596046448,48159,2024-05-22 00:00:00+10:00
0.15000000596046448,0.15000000596046448,0.15000000596046448,0.15000000596046448,0,2024-05-23 00:00:00+10:00
0.15000000596046448,0.15000000596046448,0.15000000596046448,0.15000000596046448,0,2024-05-24 00:00:00+10:00
0.15000000596046448,0.15000000596046448,0.15000000596046448,0.15000000596046448,1589,2024-05-27 00:00:00+10:00
0.15000000596046448,0.15000000596046448,0.15000000596046448,0.15000000596046448,0,2024-05-28 00:00:00+10:00
0.15000000596046448,0.15000000596046448,0.15000000596046448,0.15000000596046448,0,2024-05-29 00:00:00+10:00
0.15000000596046448,0.15000000596046448,0.15000000596046448,0.15000000596046448,0,2024-05-30 00:00:00+10:00
0.17499999701976776,0.17499999701976776,0.17499999701976776,0.17499999701976776,100000,2024-05-31 00:00:00+10:00
0.17499999701976776,0.17499999701976776,0.17499999701976776,0.17499999701976776,0,2024-06-03 00:00:00+10:00
0.17499999701976776,0.17499999701976776,0.17499999701976776,0.17499999701976776,0,2024-06-04 00:00:00+10:00
0.17000000178813934,0.1850000023841858,0.17000000178813934,0.1850000023841858,4038,2024-06-05 00:00:00+10:00
0.1850000023841858,0.1850000023841858,0.1850000023841858,0.1850000023841858,0,2024-06-06 00:00:00+10:00
0.1850000023841858,0.1850000023841858,0.1850000023841858,0.1850000023841858,0,2024-06-07 00:00:00+10:00
0.1850000023841858,0.1850000023841858,0.1850000023841858,0.1850000023841858,0,2024-06-11 00:00:00+10:00
0.1850000023841858,0.1850000023841858,0.1850000023841858,0.1850000023841858,0,2024-06-12 00:00:00+10:00
0.1850000023841858,0.1850000023841858,0.1850000023841858,0.1850000023841858,0,2024-06-13 00:00:00+10:00
0.18000000715255737,0.18000000715255737,0.18000000715255737,0.18000000715255737,5000,2024-06-14 00:00:00+10:00
0.18000000715255737,0.18000000715255737,0.18000000715255737,0.18000000715255737,0,2024-06-17 00:00:00+10:00
0.18000000715255737,0.18000000715255737,0.18000000715255737,0.18000000715255737,0,2024-06-18 00:00:00+10:00
0.18000000715255737,0.18000000715255737,0.18000000715255737,0.18000000715255737,0,2024-06-19 00:00:00+10:00
0.18000000715255737,0.18000000715255737,0.18000000715255737,0.18000000715255737,0,2024-06-20 00:00:00+10:00
0.18000000715255737,0.18000000715255737,0.18000000715255737,0.18000000715255737,0,2024-06-21 00:00:00+10:00
0.18000000715255737,0.18000000715255737,0.18000000715255737,0.18000000715255737,0,2024-06-24 00:00:00+10:00
0.18000000715255737,0.18000000715255737,0.18000000715255737,0.18000000715255737,0,2024-06-25 00:00:00+10:00
0.17000000178813934,0.17000000178813934,0.17000000178813934,0.17000000178813934,5000,2024-06-26 00:00:00+10:00
0.17000000178813934,0.17000000178813934,0.17000000178813934,0.17000000178813934,5000,2024-06-27 00:00:00+10:00
0.17000000178813934,0.17000000178813934,0.17000000178813934,0.17000000178813934,9852,2024-06-28 00:00:00+10:00
0.17000000178813934,0.17000000178813934,0.17000000178813934,0.17000000178813934,0,2024-07-01 00:00:00+10:00
0.17000000178813934,0.17000000178813934,0.17000000178813934,0.17000000178813934,0,2024-07-02 00:00:00+10:00
0.17000000178813934,0.17000000178813934,0.17000000178813934,0.17000000178813934,0,2024-07-03 00:00:00+10:00
0.17000000178813934,0.17000000178813934,0.17000000178813934,0.17000000178813934,0,2024-07-04 00:00:00+10:00
0.16500000655651093,0.17000000178813934,0.16500000655651093,0.17000000178813934,8036,2024-07-05 00:00:00+10:00
0.17000000178813934,0.17000000178813934,0.17000000178813934,0.17000000178813934,0,2024-07-08 00:00:00+10:00
0.17000000178813934,0.17000000178813934,0.17000000178813934,0.17000000178813934,0,2024-07-09 00:00:00+10:00
0.17000000178813934,0.17000000178813934,0.17000000178813934,0.17000000178813934,0,2024-07-10 00:00:00+10:00
0.17000000178813934,0.17000000178813934,0.17000000178813934,0.17000000178813934,0,2024-07-11 00:00:00+10:00
0.17000000178813934,0.17000000178813934,0.17000000178813934,0.17000000178813934,0,2024-07-12 00:00:00+10:00
0.17000000178813934,0.17000000178813934,0.17000000178813934,0.17000000178813934,0,2024-07-15 00:00:00+10:00
0.17000000178813934,0.17000000178813934,0.17000000178813934,0.17000000178813934,58,2024-07-16 00:00:00+10:00
0.17000000178813934,0.17000000178813934,0.17000000178813934,0.17000000178813934,0,2024-07-17 00:00:00+10:00
0.17000000178813934,0.17000000178813934,0.17000000178813934,0.17000000178813934,4117,2024-07-18 00:00:00+10:00
0.17000000178813934,0.17000000178813934,0.17000000178813934,0.17000000178813934,0,2024-07-19 00:00:00+10:00
0.17000000178813934,0.17000000178813934,0.17000000178813934,0.17000000178813934,0,2024-07-22 00:00:00+10:00
0.17000000178813934,0.17000000178813934,0.17000000178813934,0.17000000178813934,0,2024-07-23 00:00:00+10:00
0.17000000178813934,0.17000000178813934,0.17000000178813934,0.17000000178813934,58,2024-07-24 00:00:00+10:00
0.17000000178813934,0.17000000178813934,0.17000000178813934,0.17000000178813934,1,2024-07-25 00:00:00+10:00
0.17000000178813934,0.17000000178813934,0.17000000178813934,0.17000000178813934,0,2024-07-26 00:00:00+10:00
0.17000000178813934,0.17000000178813934,0.17000000178813934,0.17000000178813934,0,2024-07-29 00:00:00+10:00
0.17000000178813934,0.17000000178813934,0.17000000178813934,0.17000000178813934,0,2024-07-30 00:00:00+10:00
0.17000000178813934,0.17000000178813934,0.17000000178813934,0.17000000178813934,0,2024-07-31 00:00:00+10:00
0.17000000178813934,0.17000000178813934,0.17000000178813934,0.17000000178813934,0,2024-08-01 00:00:00+10:00
0.17000000178813934,0.17000000178813934,0.17000000178813934,0.17000000178813934,0,2024-08-02 00:00:00+10:00
0.17000000178813934,0.17000000178813934,0.17000000178813934,0.17000000178813934,0,2024-08-05 00:00:00+10:00
0.17000000178813934,0.17000000178813934,0.17000000178813934,0.17000000178813934,0,2024-08-06 00:00:00+10:00
0.17000000178813934,0.17000000178813934,0.17000000178813934,0.17000000178813934,0,2024-08-07 00:00:00+10:00
0.16500000655651093,0.16500000655651093,0.15000000596046448,0.15000000596046448,253,2024-08-08 00:00:00+10:00
0.15000000596046448,0.15000000596046448,0.15000000596046448,0.15000000596046448,0,2024-08-09 00:00:00+10:00
0.15000000596046448,0.15000000596046448,0.15000000596046448,0.15000000596046448,0,2024-08-12 00:00:00+10:00
0.15000000596046448,0.15000000596046448,0.15000000596046448,0.15000000596046448,0,2024-08-13 00:00:00+10:00
0.15000000596046448,0.15000000596046448,0.15000000596046448,0.15000000596046448,0,2024-08-14 00:00:00+10:00
0.15000000596046448,0.15000000596046448,0.15000000596046448,0.15000000596046448,0,2024-08-15 00:00:00+10:00
0.15000000596046448,0.15000000596046448,0.15000000596046448,0.15000000596046448,0,2024-08-16 00:00:00+10:00
0.15000000596046448,0.15000000596046448,0.15000000596046448,0.15000000596046448,0,2024-08-19 00:00:00+10:00
0.15000000596046448,0.15000000596046448,0.15000000596046448,0.15000000596046448,0,2024-08-20 00:00:00+10:00
0.15000000596046448,0.15000000596046448,0.15000000596046448,0.15000000596046448,0,2024-08-21 00:00:00+10:00
0.15000000596046448,0.15000000596046448,0.15000000596046448,0.15000000596046448,0,2024-08-22 00:00:00+10:00
0.1550000011920929,0.1550000011920929,0.12999999523162842,0.12999999523162842,39551,2024-08-23 00:00:00+10:00
0.11500000208616257,0.11500000208616257,0.11500000208616257,0.11500000208616257,8694,2024-08-26 00:00:00+10:00
0.11500000208616257,0.11500000208616257,0.11500000208616257,0.11500000208616257,0,2024-08-27 00:00:00+10:00
0.10499999672174454,0.10499999672174454,0.10000000149011612,0.10000000149011612,14522,2024-08-28 00:00:00+10:00
0.0949999988079071,0.0949999988079071,0.09099999815225601,0.09099999815225601,20984,2024-08-29 00:00:00+10:00
0.09200000017881393,0.09200000017881393,0.09200000017881393,0.09200000017881393,4640,2024-08-30 00:00:00+10:00
0.09200000017881393,0.09200000017881393,0.09200000017881393,0.09200000017881393,0,2024-09-02 00:00:00+10:00
0.09200000017881393,0.09200000017881393,0.09200000017881393,0.09200000017881393,0,2024-09-03 00:00:00+10:00
0.10000000149011612,0.10000000149011612,0.10000000149011612,0.10000000149011612,177230,2024-09-04 00:00:00+10:00
0.10000000149011612,0.10000000149011612,0.10000000149011612,0.10000000149011612,59773,2024-09-05 00:00:00+10:00
0.10000000149011612,0.10000000149011612,0.10000000149011612,0.10000000149011612,0,2024-09-06 00:00:00+10:00
0.10000000149011612,0.10000000149011612,0.10000000149011612,0.10000000149011612,8400,2024-09-09 00:00:00+10:00
0.10000000149011612,0.10000000149011612,0.10000000149011612,0.10000000149011612,0,2024-09-10 00:00:00+10:00
0.10499999672174454,0.125,0.10499999672174454,0.125,10669,2024-09-11 00:00:00+10:00
0.125,0.125,0.125,0.125,0,2024-09-12 00:00:00+10:00
0.125,0.125,0.125,0.125,0,2024-09-13 00:00:00+10:00
0.125,0.125,0.125,0.125,0,2024-09-16 00:00:00+10:00
0.125,0.125,0.125,0.125,0,2024-09-17 00:00:00+10:00
0.10999999940395355,0.10999999940395355,0.10999999940395355,0.10999999940395355,5400,2024-09-18 00:00:00+10:00
0.10999999940395355,0.125,0.10999999940395355,0.125,14780,2024-09-19 00:00:00+10:00
0.14000000059604645,0.14000000059604645,0.14000000059604645,0.14000000059604645,4041,2024-09-20 00:00:00+10:00
0.14000000059604645,0.14000000059604645,0.14000000059604645,0.14000000059604645,0,2024-09-23 00:00:00+10:00
0.14000000059604645,0.14000000059604645,0.14000000059604645,0.14000000059604645,0,2024-09-24 00:00:00+10:00
0.14000000059604645,0.14000000059604645,0.14000000059604645,0.14000000059604645,0,2024-09-25 00:00:00+10:00
0.14000000059604645,0.14000000059604645,0.14000000059604645,0.14000000059604645,0,2024-09-26 00:00:00+10:00
0.14000000059604645,0.14000000059604645,0.14000000059604645,0.14000000059604645,0,2024-09-27 00:00:00+10:00
0.14000000059604645,0.14000000059604645,0.14000000059604645,0.14000000059604645,0,2024-09-30 00:00:00+10:00
0.14000000059604645,0.14000000059604645,0.14000000059604645,0.14000000059604645,0,2024-10-01 00:00:00+10:00
0.14000000059604645,0.14000000059604645,0.14000000059604645,0.14000000059604645,0,2024-10-02 00:00:00+10:00
0.125,0.125,0.125,0.125,1,2024-10-03 00:00:00+10:00
0.125,0.125,0.125,0.125,0,2024-10-04 00:00:00+10:00
0.125,0.125,0.125,0.125,0,2024-10-07 00:00:00+11:00
0.125,0.125,0.125,0.125,0,2024-10-08 00:00:00+11:00
0.125,0.125,0.125,0.125,0,2024-10-09 00:00:00+11:00
0.125,0.125,0.125,0.125,0,2024-10-10 00:00:00+11:00
0.11500000208616257,0.11500000208616257,0.11500000208616257,0.11500000208616257,754,2024-10-11 00:00:00+11:00
0.11500000208616257,0.11500000208616257,0.11500000208616257,0.11500000208616257,0,2024-10-14 00:00:00+11:00
0.11500000208616257,0.11500000208616257,0.11500000208616257,0.11500000208616257,0,2024-10-15 00:00:00+11:00
0.11500000208616257,0.11500000208616257,0.11500000208616257,0.11500000208616257,0,2024-10-16 00:00:00+11:00
0.11500000208616257,0.11500000208616257,0.11500000208616257,0.11500000208616257,1,2024-10-17 00:00:00+11:00
0.11500000208616257,0.11500000208616257,0.11500000208616257,0.11500000208616257,0,2024-10-18 00:00:00+11:00
0.11500000208616257,0.11500000208616257,0.11500000208616257,0.11500000208616257,0,2024-10-21 00:00:00+11:00
0.11500000208616257,0.11500000208616257,0.11500000208616257,0.11500000208616257,0,2024-10-22 00:00:00+11:00
0.125,0.15000000596046448,0.11749999970197678,0.15000000596046448,69876,2024-10-23 00:00:00+11:00
0.1599999964237213,0.17000000178813934,0.1599999964237213,0.17000000178813934,13976,2024-10-24 00:00:00+11:00
0.17000000178813934,0.17000000178813934,0.17000000178813934,0.17000000178813934,0,2024-10-25 00:00:00+11:00
0.17000000178813934,0.17000000178813934,0.17000000178813934,0.17000000178813934,0,2024-10-28 00:00:00+11:00
0.17000000178813934,0.17000000178813934,0.17000000178813934,0.17000000178813934,0,2024-10-29 00:00:00+11:00
0.17000000178813934,0.17000000178813934,0.17000000178813934,0.17000000178813934,376,2024-10-30 00:00:00+11:00
0.17000000178813934,0.17000000178813934,0.17000000178813934,0.17000000178813934,1,2024-10-31 00:00:00+11:00
0.17000000178813934,0.17000000178813934,0.17000000178813934,0.17000000178813934,0,2024-11-01 00:00:00+11:00
0.17000000178813934,0.17000000178813934,0.17000000178813934,0.17000000178813934,0,2024-11-04 00:00:00+11:00
0.17000000178813934,0.17000000178813934,0.17000000178813934,0.17000000178813934,0,2024-11-05 00:00:00+11:00
0.17000000178813934,0.17000000178813934,0.17000000178813934,0.17000000178813934,0,2024-11-06 00:00:00+11:00
0.17000000178813934,0.17000000178813934,0.17000000178813934,0.17000000178813934,0,2024-11-07 00:00:00+11:00
0.10499999672174454,0.10499999672174454,0.10499999672174454,0.10499999672174454,3550,2024-11-08 00:00:00+11:00
0.10999999940395355,0.10999999940395355,0.10999999940395355,0.10999999940395355,27334,2024-11-11 00:00:00+11:00
0.10999999940395355,0.10999999940395355,0.10999999940395355,0.10999999940395355,0,2024-11-12 00:00:00+11:00
0.10999999940395355,0.10999999940395355,0.10999999940395355,0.10999999940395355,0,2024-11-13 00:00:00+11:00
0.10999999940395355,0.10999999940395355,0.10999999940395355,0.10999999940395355,0,2024-11-14 00:00:00+11:00
0.10999999940395355,0.10999999940395355,0.10999999940395355,0.10999999940395355,0,2024-11-15 00:00:00+11:00
0.10999999940395355,0.10999999940395355,0.10999999940395355,0.10999999940395355,0,2024-11-18 00:00:00+11:00
0.10999999940395355,0.10999999940395355,0.10999999940395355,0.10999999940395355,0,2024-11-19 00:00:00+11:00
0.10999999940395355,0.10999999940395355,0.10999999940395355,0.10999999940395355,0,2024-11-20 00:00:00+11:00
0.10999999940395355,0.10999999940395355,0.10999999940395355,0.10999999940395355,0,2024-11-21 00:00:00+11:00
0.10999999940395355,0.10999999940395355,0.10999999940395355,0.10999999940395355,0,2024-11-22 00:00:00+11:00
0.12999999523162842,0.12999999523162842,0.12999999523162842,0.12999999523162842,301,2024-11-25 00:00:00+11:00
0.12999999523162842,0.14000000059604645,0.12999999523162842,0.14000000059604645,51716,2024-11-26 00:00:00+11:00
0.125,0.125,0.125,0.125,1000,2024-11-27 00:00:00+11:00
0.13500000536441803,0.13500000536441803,0.13500000536441803,0.13500000536441803,10001,2024-11-28 00:00:00+11:00
0.13500000536441803,0.13500000536441803,0.13500000536441803,0.13500000536441803,0,2024-11-29 00:00:00+11:00
0.125,0.125,0.11999999731779099,0.11999999731779099,45966,2024-12-02 00:00:00+11:00
0.125,0.125,0.125,0.125,4000,2024-12-03 00:00:00+11:00
0.11999999731779099,0.11999999731779099,0.11999999731779099,0.11999999731779099,483,2024-12-04 00:00:00+11:00
0.11999999731779099,0.11999999731779099,0.11999999731779099,0.11999999731779099,0,2024-12-05 00:00:00+11:00
0.12999999523162842,0.12999999523162842,0.12999999523162842,0.12999999523162842,3000,2024-12-06 00:00:00+11:00
0.12999999523162842,0.12999999523162842,0.12999999523162842,0.12999999523162842,0,2024-12-09 00:00:00+11:00
0.12999999523162842,0.12999999523162842,0.12999999523162842,0.12999999523162842,753,2024-12-10 00:00:00+11:00
0.12999999523162842,0.12999999523162842,0.12999999523162842,0.12999999523162842,0,2024-12-11 00:00:00+11:00
0.12999999523162842,0.12999999523162842,0.12999999523162842,0.12999999523162842,0,2024-12-12 00:00:00+11:00
0.12999999523162842,0.12999999523162842,0.11500000208616257,0.11999999731779099,92308,2024-12-13 00:00:00+11:00
0.11999999731779099,0.11999999731779099,0.11999999731779099,0.11999999731779099,0,2024-12-16 00:00:00+11:00
0.11999999731779099,0.11999999731779099,0.11999999731779099,0.11999999731779099,0,2024-12-17 00:00:00+11:00
0.11999999731779099,0.11999999731779099,0.11999999731779099,0.11999999731779099,0,2024-12-18 00:00:00+11:00
0.11999999731779099,0.11999999731779099,0.11999999731779099,0.11999999731779099,0,2024-12-19 00:00:00+11:00
0.11999999731779099,0.11999999731779099,0.11999999731779099,0.11999999731779099,0,2024-12-20 00:00:00+11:00
0.11999999731779099,0.11999999731779099,0.11999999731779099,0.11999999731779099,0,2024-12-23 00:00:00+11:00
0.11999999731779099,0.11999999731779099,0.11999999731779099,0.11999999731779099,0,2024-12-24 00:00:00+11:00
0.11999999731779099,0.11999999731779099,0.11999999731779099,0.11999999731779099,4168,2024-12-27 00:00:00+11:00
0.11999999731779099,0.11999999731779099,0.11999999731779099,0.11999999731779099,328,2024-12-30 00:00:00+11:00
