Open,High,Low,Close,Volume,Date
30.668729064854297,30.937678104106876,30.616676760795176,30.920326232910156,37614200,2020-01-02 00:00:00-05:00
30.347735950667353,30.495225241067292,30.1568686252787,30.278331756591797,50357900,2020-01-03 00:00:00-05:00
29.85321590384052,30.27832854450837,29.818512155718334,30.234947204589844,42185000,2020-01-06 00:00:00-05:00
30.10481169830403,30.29567568494103,29.95732243048349,30.035404205322266,34149000,2020-01-07 00:00:00-05:00
29.99202895175954,30.529923834007164,29.974677076908748,30.339059829711914,45311600,2020-01-08 00:00:00-05:00
30.62535671414813,30.65138618052998,30.313029593819113,30.391111373901367,39861600,2020-01-09 00:00:00-05:00
30.365086495566047,30.425816403794634,30.070111237227845,30.13951873779297,39730400,2020-01-10 00:00:00-05:00
30.226271755571872,30.42581333527465,30.070108204581622,30.417139053344727,37956100,2020-01-13 00:00:00-05:00
30.625357856997457,30.946359271744836,30.46052000824216,30.642709732055664,66719300,2020-01-14 00:00:00-05:00
30.165546229518082,30.18289810542658,29.79248917131518,30.078786849975586,74745500,2020-01-15 00:00:00-05:00
30.278329240539755,30.35641102084381,30.01805443317179,30.12216567993164,50368500,2020-01-16 00:00:00-05:00
30.295671199411725,30.321700660191716,30.018047887651985,30.113481521606445,54156100,2020-01-17 00:00:00-05:00
29.861879872318674,29.94863921265894,29.688367810699017,29.723068237304688,50811000,2020-01-21 00:00:00-05:00
29.81850399180392,29.887911469045438,29.69704421616193,29.809829711914062,38879700,2020-01-22 00:00:00-05:00
29.575589751887545,29.723075703216207,29.26326266727242,29.60161590576172,45717100,2020-01-23 00:00:00-05:00
29.60161403458722,29.618965905916912,28.86417770549614,29.09842300415039,47797200,2020-01-24 00:00:00-05:00
28.256878217673044,28.742720733948182,28.170122162049196,28.499797821044922,57096200,2020-01-27 00:00:00-05:00
28.647290338336195,29.055051127015684,28.58656043060075,28.838157653808594,38834600,2020-01-28 00:00:00-05:00
28.91623558600008,29.01166592149683,28.612582778226123,28.638608932495117,37414700,2020-01-29 00:00:00-05:00
28.369664930942275,29.081075207482797,28.343635465535122,29.046371459960938,50542800,2020-01-30 00:00:00-05:00
28.690668272806008,28.777424337979003,28.32628882764134,28.482452392578125,54845300,2020-01-31 00:00:00-05:00
28.629936602209817,28.976967460594672,28.560529106720228,28.603910446166992,48485500,2020-02-03 00:00:00-05:00
29.115773397037636,29.41074857560201,29.089743936599294,29.16782569885254,45061600,2020-02-04 00:00:00-05:00
29.584261049336025,30.200240874988197,29.55823489808697,30.113481521606445,54604800,2020-02-05 00:00:00-05:00
30.313032210442426,30.373762121356208,30.018056939061804,30.078786849975586,39511500,2020-02-06 00:00:00-05:00
29.77512860609156,30.070103791389183,29.705724432243805,30.02672576904297,31263000,2020-02-07 00:00:00-05:00
29.879240733951708,30.096134185791016,29.82718842361039,30.096134185791016,24373800,2020-02-10 00:00:00-05:00
30.234948700033275,30.39978985700104,30.156866917662157,30.165544509887695,32476300,2020-02-11 00:00:00-05:00
30.434488345719434,30.755489702407132,30.174213576454154,30.295673370361328,36656700,2020-02-12 00:00:00-05:00
30.156861365609235,30.391106669596663,29.974671676796056,30.286998748779297,31775100,2020-02-13 00:00:00-05:00
30.260976670447274,30.33038085716007,30.10481311342901,30.234947204589844,26447700,2020-02-14 00:00:00-05:00
30.165543134943185,30.217598757328485,29.506185156189115,29.73175621032715,40318000,2020-02-18 00:00:00-05:00
29.887920339019466,30.234947899623993,29.853216590099517,30.12216567993164,29632100,2020-02-19 00:00:00-05:00
29.896593934227468,30.434492101526633,29.896593934227468,30.234947204589844,42604100,2020-02-20 00:00:00-05:00
29.957315636756285,30.052749263198038,29.61896245903056,29.809829711914062,46675500,2020-02-21 00:00:00-05:00
28.786097867866847,28.812124021839537,28.213499313748734,28.395689010620117,79159600,2020-02-24 00:00:00-05:00
28.360980003203764,28.42170989089235,26.75597015509574,26.964187622070312,91586800,2020-02-25 00:00:00-05:00
27.233142093640453,27.415333459084078,26.513055878301063,26.57378578186035,80012800,2020-02-26 00:00:00-05:00
25.63680189948041,26.287482167535906,25.081555266931343,25.27242088317871,121148300,2020-02-27 00:00:00-05:00
24.292064198276453,24.942744489301713,24.031792743772566,24.72585105895996,171198800,2020-02-28 00:00:00-05:00
24.595720359587435,25.489320416216042,23.806228244136,25.48064613342285,147776300,2020-03-02 00:00:00-05:00
25.480642677724745,25.810319986429302,23.96238856087596,24.075172424316406,138698500,2020-03-03 00:00:00-05:00
24.508955183419893,24.656442767528432,23.77151726287719,24.630414962768555,111239800,2020-03-04 00:00:00-05:00
23.783503673581514,23.879546255900713,23.05009152663776,23.381874084472656,110878700,2020-03-05 00:00:00-05:00
22.238097210749082,22.88419800736078,21.915047645105293,22.447643280029297,119121200,2020-03-06 00:00:00-05:00
19.40922722850586,20.509345593505014,18.780588876502563,19.147294998168945,145196000,2020-03-09 00:00:00-04:00
20.299794824711352,20.67523215673852,18.850433262925634,20.61411476135254,134863600,2020-03-10 00:00:00-04:00
19.941820861133102,20.919702556189737,19.43541742414773,19.793392181396484,127347000,2020-03-11 00:00:00-04:00
17.977323205253118,19.968013295018544,17.59315459172139,17.907474517822266,139552600,2020-03-12 00:00:00-04:00
19.37430260405288,21.1729079243231,18.75439391844421,21.094327926635742,128357400,2020-03-13 00:00:00-04:00
17.33122634948619,18.972671707971244,17.095486351600073,17.84636116027832,121688800,2020-03-16 00:00:00-04:00
18.387683937792968,19.810853226436,17.488382300076804,19.19094467163086,120065700,2020-03-17 00:00:00-04:00
17.697927829239813,18.309103406300633,17.20025574074097,18.151945114135742,148272500,2020-03-18 00:00:00-04:00
17.68919681022857,18.990129628626637,16.589078756041662,18.509920120239258,122461300,2020-03-19 00:00:00-04:00
18.99886369932426,19.068712395577045,17.078022054386288,17.17406463623047,150910400,2020-03-20 00:00:00-04:00
16.816090520181714,17.17406531070138,15.672317449626783,15.785820960998535,181898500,2020-03-23 00:00:00-04:00
16.95578894570966,18.466268193860696,16.5978141334964,18.361495971679688,147882400,2020-03-24 00:00:00-04:00
18.95520691226265,19.295720758065507,17.820165200451136,18.422611236572266,146991300,2020-03-25 00:00:00-04:00
18.605966872209702,20.03786788427099,18.48373204953449,19.837051391601562,116111400,2020-03-26 00:00:00-04:00
18.929011969360044,19.38302925490092,18.422608586356457,18.859163284301758,91522800,2020-03-27 00:00:00-04:00
18.902819985528144,19.513997290134263,18.571039114526425,19.24333381652832,80449100,2020-03-30 00:00:00-04:00
19.05125238276824,19.63623591752868,18.300377547466173,18.536117553710938,95213700,2020-03-31 00:00:00-04:00
17.401068970170638,17.76777495025885,17.034362990082425,17.261371612548828,83961300,2020-04-01 00:00:00-04:00
17.156597322259437,18.15194305147707,17.104211230823925,17.959857940673828,70007400,2020-04-02 00:00:00-04:00
17.81143383593728,18.108291205313257,17.182795582430405,17.488384246826172,68293500,2020-04-03 00:00:00-04:00
18.36149347839161,18.85916562948413,18.16940832160206,18.675811767578125,97766200,2020-04-06 00:00:00-04:00
19.90689480427044,19.976743493693967,19.077441825531572,19.330642700195312,94560300,2020-04-07 00:00:00-04:00
19.566383951955192,20.605384733344838,19.566383951955192,20.47441864013672,81212300,2020-04-08 00:00:00-04:00
21.015747981948408,22.107134991109202,20.998285390123975,21.70550537109375,125275700,2020-04-09 00:00:00-04:00
21.635653667473417,21.696771065055323,20.762544181276617,20.88477897644043,83164700,2020-04-13 00:00:00-04:00
21.391182020863646,21.522148108334715,20.168829095593413,20.718887329101562,88991100,2020-04-14 00:00:00-04:00
19.348108023667614,19.775931515023537,19.129830630200853,19.37430191040039,99082200,2020-04-15 00:00:00-04:00
19.339378860575412,19.391764974493046,18.413883076516,18.702009201049805,89213300,2020-04-16 00:00:00-04:00
19.505263582880477,20.43075905466648,19.479069702097526,20.325986862182617,92800300,2020-04-17 00:00:00-04:00
19.70607779157904,20.195018561996243,19.3655656774897,19.644960403442383,74446300,2020-04-20 00:00:00-04:00
19.121095481062834,19.531457963885728,18.77185205496549,18.894086837768555,78871300,2020-04-21 00:00:00-04:00
19.34810867104315,19.409226076806895,18.990133867005998,19.033788681030273,49669500,2020-04-22 00:00:00-04:00
19.17348609283391,19.548923488777692,19.07744516887287,19.094907760620117,50614800,2020-04-23 00:00:00-04:00
19.304450765036137,19.47034036401746,18.920282134921845,19.365568161010742,47633500,2020-04-24 00:00:00-04:00
19.662427348507492,20.649040401385474,19.601309946823587,20.491880416870117,66916700,2020-04-27 00:00:00-04:00
21.347525923130686,21.661844180997463,20.82365993958732,20.858583450317383,65504900,2020-04-28 00:00:00-04:00
21.749157954028252,21.923780523708768,21.39991447999147,21.63565444946289,73493900,2020-04-29 00:00:00-04:00
21.137980776845595,21.286409462539698,20.823662480623693,20.99828338623047,55244100,2020-04-30 00:00:00-04:00
20.413297439153,20.48314612590837,19.915625337855467,20.151365280151367,51772600,2020-05-01 00:00:00-04:00
19.81958621666219,20.072787104422876,19.583846253167476,20.020401000976562,45886100,2020-05-04 00:00:00-04:00
20.50061181041738,20.53553699173232,19.749738730713464,19.7846622467041,45691900,2020-05-05 00:00:00-04:00
20.081518884415274,20.1513675791394,19.4092241568679,19.51399803161621,53874600,2020-05-06 00:00:00-04:00
19.784660175834695,20.404568756694374,19.74100536908469,19.94182014465332,51884300,2020-05-07 00:00:00-04:00
20.49187802319147,20.62284577187198,20.299794545290347,20.57918930053711,45181000,2020-05-08 00:00:00-04:00
20.177561885458918,20.186293180647272,19.69735064204517,19.714813232421875,68951800,2020-05-11 00:00:00-04:00
19.828318295436016,19.92436088472147,19.07744516887287,19.094907760620117,69588700,2020-05-12 00:00:00-04:00
18.911551676237345,18.990131664627256,18.09082827823394,18.2217960357666,112113400,2020-05-13 00:00:00-04:00
17.715390278029936,19.02505435974564,17.549499028055227,18.955204010009766,88359100,2020-05-14 00:00:00-04:00
18.68454388935476,18.946477751480455,18.53611520041416,18.71946907043457,64484000,2020-05-15 00:00:00-04:00
19.575114958372392,20.133904502664276,19.26952630184119,20.020401000976562,86589400,2020-05-18 00:00:00-04:00
19.78465784076269,20.08151515453389,19.374297043643182,19.39175796508789,62179000,2020-05-19 00:00:00-04:00
19.80212443176831,20.08151921526798,19.767199251168716,20.002939224243164,59789500,2020-05-20 00:00:00-04:00
19.9156254934742,20.317256694448933,19.889433276563803,19.994205474853516,57726000,2020-05-21 00:00:00-04:00
20.02040222460705,20.037864815264523,19.610039670778,19.7846622467041,48107000,2020-05-22 00:00:00-04:00
20.736351832912494,21.478495284207906,20.692697021499242,21.199100494384766,119485500,2020-05-26 00:00:00-04:00
22.76196967012101,22.84928097340677,21.801548664626853,22.68338966369629,117672700,2020-05-27 00:00:00-04:00
22.770698492517898,22.823084602666782,21.644387965032653,21.70550537109375,84340800,2020-05-28 00:00:00-04:00
21.321336588139012,21.749160094096467,21.007016597915406,21.059404373168945,113811100,2020-05-29 00:00:00-04:00
21.19910040228714,21.714235168282215,20.998283940815416,21.487226486206055,58375500,2020-06-01 00:00:00-04:00
21.792810068907333,22.16824738156723,21.44356663805767,21.688037872314453,71118100,2020-06-02 00:00:00-04:00
22.26429232704975,22.823081876079797,22.16824974881363,22.692115783691406,86744600,2020-06-03 00:00:00-04:00
22.604198795608898,23.5889021220501,22.48111150865569,23.54494285583496,94545300,2020-06-04 00:00:00-04:00
25.452800418986293,25.50555186602018,24.512056498075395,24.71427345275879,118767900,2020-06-05 00:00:00-04:00
25.1362901954923,25.40884131458245,24.74065012186274,25.092330932617188,79598500,2020-06-08 00:00:00-04:00
24.371384361920285,25.092328615851674,24.2219205342311,24.810983657836914,77773400,2020-06-09 00:00:00-04:00
24.59118963991282,24.70548642210425,23.307560206885842,23.386688232421875,90415300,2020-06-10 00:00:00-04:00
21.962384556437087,22.586616546172138,20.819426842641928,21.039226531982422,149875500,2020-06-11 00:00:00-04:00
22.006344478942164,22.023927178799926,21.135937950790368,21.786544799804688,73729700,2020-06-12 00:00:00-04:00
20.889763071911432,22.129433209122386,20.828219426040313,22.111848831176758,76538900,2020-06-15 00:00:00-04:00
23.01742124456217,23.070172694751097,21.85687927877557,22.683324813842773,96796500,2020-06-16 00:00:00-04:00
22.77124757415819,22.77124757415819,21.909633190856837,21.979969024658203,58349500,2020-06-17 00:00:00-04:00
21.716209020269897,22.41077513595827,21.610704436184605,22.01513671875,53419000,2020-06-18 00:00:00-04:00
22.36681437395564,22.410773636168532,21.53157497640387,22.199766159057617,127563600,2020-06-19 00:00:00-04:00
21.883252555596965,22.00634149956746,21.637078021532467,21.645870208740234,55484300,2020-06-22 00:00:00-04:00
21.988758872782412,22.34043800435275,21.768959205933655,21.79533576965332,46108300,2020-06-23 00:00:00-04:00
21.575531999934277,21.575531999934277,20.819420753138736,20.9337158203125,75437100,2020-06-24 00:00:00-04:00
20.837013605330984,21.777756115078773,20.705132435080273,21.733795166015625,65031900,2020-06-25 00:00:00-04:00
21.1798941020475,21.197478476258535,20.239151881953923,20.35344696044922,118139200,2020-06-26 00:00:00-04:00
20.58203558912398,20.960091191095305,20.309484539050352,20.564451217651367,66269200,2020-06-29 00:00:00-04:00
20.397407640347648,21.021637824572327,20.30948744733254,20.880966186523438,61716200,2020-06-30 00:00:00-04:00
21.12714237865866,21.162309449680276,20.42378251190611,20.450159072875977,57379900,2020-07-01 00:00:00-04:00
20.960096299246118,21.091975763554906,20.414992389314527,20.476537704467773,56000200,2020-07-02 00:00:00-04:00
20.94250955743755,21.171101385651422,20.625997537304773,20.801837921142578,59589000,2020-07-06 00:00:00-04:00
20.555664512766988,20.564456700847593,20.13364954652829,20.230361938476562,60645800,2020-07-07 00:00:00-04:00
20.24794276033761,20.388614391057178,19.957807312361243,20.309486389160156,52922600,2020-07-08 00:00:00-04:00
20.168815784086007,20.36223886692703,19.685255561576145,20.019351959228516,79385900,2020-07-09 00:00:00-04:00
19.966599597915632,21.144725867685562,19.940224712896086,21.118350982666016,81142900,2020-07-10 00:00:00-04:00
21.42607065278382,21.549157920352762,20.977679164862074,21.26781463623047,73598100,2020-07-13 00:00:00-04:00
21.004056298419798,21.23264816047746,20.617210079803847,21.22385597229004,67423100,2020-07-14 00:00:00-04:00
21.768959926326303,21.865672319560506,21.3469449544763,21.62828826904297,57384400,2020-07-15 00:00:00-04:00
20.8809704873471,21.29419329960935,20.696339553231585,21.039226531982422,78067100,2020-07-16 00:00:00-04:00
20.995266257695796,21.08318647162434,20.397412492246616,20.414995193481445,66659100,2020-07-17 00:00:00-04:00
20.388617497798116,20.83700901789274,20.318281671720825,20.731504440307617,61114000,2020-07-20 00:00:00-04:00
20.845799806217812,21.52278318930657,20.828217107168303,21.47003173828125,75499300,2020-07-21 00:00:00-04:00
21.311770280463605,21.39089827531801,21.074386295900393,21.373313903808594,52193700,2020-07-22 00:00:00-04:00
21.557952351582696,21.66345525564131,21.19748102166199,21.575536727905273,61047600,2020-07-23 00:00:00-04:00
21.593116306485157,21.830500321716098,21.33814959441125,21.408485412597656,50217600,2020-07-24 00:00:00-04:00
21.294191800850978,21.338152741788083,20.995264110232377,21.22385597229004,54721300,2020-07-27 00:00:00-04:00
21.215061338670377,21.59311700245936,21.171102079738827,21.417278289794922,48406500,2020-07-28 00:00:00-04:00
21.417281217571684,22.234936290203876,21.267817369058935,22.21735191345215,71393500,2020-07-29 00:00:00-04:00
21.73378985854553,21.936006820976427,21.40848729961198,21.83929443359375,61755900,2020-07-30 00:00:00-04:00
21.91842688962366,21.936011268519998,21.505202370253055,21.874465942382812,61955800,2020-07-31 00:00:00-04:00
22.0063410809257,22.252515610307054,21.707413429301308,21.971172332763672,58284000,2020-08-03 00:00:00-04:00
21.94479714919608,22.032717348182008,21.856878627148472,21.988758087158203,37985300,2020-08-04 00:00:00-04:00
22.26131135355072,22.498695410751438,22.199767711373898,22.32285499572754,51322600,2020-08-05 00:00:00-04:00
22.37560196675386,22.5690250284831,22.226138158210077,22.393184661865234,51999700,2020-08-06 00:00:00-04:00
22.278897642840796,23.026216955433842,22.20856180618137,22.955881118774414,63354500,2020-08-07 00:00:00-04:00
23.131715161861862,23.571314470706497,23.04379496470528,23.35151481628418,64051100,2020-08-10 00:00:00-04:00
23.984537997614776,24.397760728782888,23.544938705204274,23.668025970458984,81441000,2020-08-11 00:00:00-04:00
24.16037938897231,24.239507404540387,23.21963706715006,23.500980377197266,61971300,2020-08-12 00:00:00-04:00
23.289974571096185,23.44823061362376,22.982254674730182,23.166887283325195,55955500,2020-08-13 00:00:00-04:00
22.91191713357063,23.43943667701157,22.788829854978488,23.272388458251953,50931900,2020-08-14 00:00:00-04:00
23.13171147603473,23.219631659182035,22.718488795261823,22.771240234375,57518700,2020-08-17 00:00:00-04:00
22.74486959736525,22.85037249527791,22.38439661150506,22.445941925048828,45850100,2020-08-18 00:00:00-04:00
22.560233009670114,22.92949644075413,22.32284901605796,22.4195613861084,59856000,2020-08-19 00:00:00-04:00
22.120639713670418,22.270103563503536,21.997552429197903,22.067888259887695,49403700,2020-08-20 00:00:00-04:00
21.962379455566406,22.358019475265376,21.892043638390827,21.962379455566406,55010700,2020-08-21 00:00:00-04:00
22.173388282555422,22.59540488872563,22.015133941797142,22.586612701416016,54579500,2020-08-24 00:00:00-04:00
22.894333943029498,23.026213406824425,22.621781150656506,22.85916519165039,57304700,2020-08-25 00:00:00-04:00
22.80641509953392,22.80641509953392,22.454735949493838,22.472318649291992,39478000,2020-08-26 00:00:00-04:00
22.41077122136838,23.052585771374723,22.36681196389218,22.903121948242188,52934800,2020-08-27 00:00:00-04:00
23.210843094202243,23.27238672892512,22.850371796306856,23.122922897338867,46466400,2020-08-28 00:00:00-04:00
22.93829120534029,22.98225046379303,22.586612106903704,22.630571365356445,49416200,2020-08-31 00:00:00-04:00
22.489903359206217,22.771246683406254,22.331647320109074,22.604198455810547,46109200,2020-09-01 00:00:00-04:00
22.445943777317737,22.99983822941313,22.410775023819124,22.876750946044922,57300900,2020-09-02 00:00:00-04:00
23.195465333377637,23.56730109391214,22.54032476926751,22.717390060424805,86192500,2020-09-03 00:00:00-04:00
23.24858226361144,23.691243765153274,22.841332804110753,23.49647331237793,99621400,2020-09-04 00:00:00-04:00
23.142346121309878,23.30170455518838,22.478353772562702,22.558032989501953,74978600,2020-09-08 00:00:00-04:00
22.699685997999765,22.770511785488846,22.336703626040734,22.5845947265625,53822700,2020-09-09 00:00:00-04:00
22.752805024263626,22.921015202475814,22.203903942894794,22.257022857666016,56609600,2020-09-10 00:00:00-04:00
22.32784594612381,22.64656277353403,22.212754696569927,22.57573699951172,47708300,2020-09-11 00:00:00-04:00
22.726241868538178,23.009544963233125,22.61115061955072,22.797067642211914,47802400,2020-09-14 00:00:00-04:00
22.8147800895317,22.867899010627895,22.301292682615017,22.380971908569336,63820200,2020-09-15 00:00:00-04:00
22.38096352837557,22.93871621259417,22.177337977947726,22.66426658630371,64598600,2020-09-16 00:00:00-04:00
22.248169496485225,22.55803292946655,22.221610883322732,22.442941665649414,48862000,2020-09-17 00:00:00-04:00
22.265875608951987,22.64656481181786,22.221610129436336,22.318994522094727,94055800,2020-09-18 00:00:00-04:00
21.752385327288295,21.938304030989855,21.274311796634926,21.66385269165039,75218600,2020-09-21 00:00:00-04:00
21.486791945373064,21.77894849951078,21.079542443127277,21.19463539123535,68665300,2020-09-22 00:00:00-04:00
21.336284676661577,21.477936221830515,20.592613220214844,20.592613220214844,59950300,2020-09-23 00:00:00-04:00
20.698852749261295,21.08839537505138,20.31816524547481,20.663440704345703,53570700,2020-09-24 00:00:00-04:00
20.610322808540143,20.849358767206763,20.477522989856663,20.796239852905273,42111300,2020-09-25 00:00:00-04:00
21.14151769336453,21.522206947112984,21.061840157310694,21.327436447143555,47996900,2020-09-28 00:00:00-04:00
21.230047364304923,21.23890079786906,20.831652985637426,21.044130325317383,45695200,2020-09-29 00:00:00-04:00
21.05298672250026,21.531060381923414,21.044133287689828,21.327436447143555,56226100,2020-09-30 00:00:00-04:00
21.486789614994034,21.610734294634174,21.123807320088243,21.336284637451172,44782200,2020-10-01 00:00:00-04:00
20.929039904888167,21.62844604333375,20.86706755107552,21.433673858642578,51682100,2020-10-02 00:00:00-04:00
21.708119207208977,21.876329352429373,21.584172845559788,21.79665184020996,44396800,2020-10-05 00:00:00-04:00
22.062250098636056,22.301287723342767,21.495643896622827,21.5753231048584,67541100,2020-10-06 00:00:00-04:00
21.80550941260409,22.230465826880422,21.77895079763805,22.026840209960938,47648000,2020-10-07 00:00:00-04:00
22.0888153073815,22.398677087594738,21.964868906676145,22.345558166503906,52080600,2020-10-08 00:00:00-04:00
22.43409061561509,22.566888761398534,22.168494324048204,22.451797485351562,44511500,2020-10-09 00:00:00-04:00
22.398672276358294,22.86789409629527,22.345553366677407,22.735095977783203,48362900,2020-10-12 00:00:00-04:00
22.699685553640958,22.73509929100224,21.991427692614693,22.08881378173828,61186900,2020-10-13 00:00:00-04:00
21.557618564062615,21.77009591273506,20.884772782289943,20.911333084106445,127409500,2020-10-14 00:00:00-04:00
20.884775560382945,21.424823282149976,20.787389462721325,21.380556106567383,66832400,2020-10-15 00:00:00-04:00
21.424819735022744,21.55761786254408,21.194635525963186,21.46023178100586,58357700,2020-10-16 00:00:00-04:00
21.51335193936868,21.53105880769492,20.973305964377616,20.99986457824707,51377900,2020-10-19 00:00:00-04:00
21.150369499507907,21.672710292760794,21.141516065379225,21.371700286865234,62476400,2020-10-20 00:00:00-04:00
21.44252579876452,21.54876531833861,21.256608750284713,21.292020797729492,41564900,2020-10-21 00:00:00-04:00
21.2920217797276,22.053400254034052,21.247756296225113,22.017988204956055,55402000,2020-10-22 00:00:00-04:00
22.345558067211922,22.36326493703687,21.876336148571042,22.04454803466797,51007400,2020-10-23 00:00:00-04:00
21.66385413965381,21.76124021422671,21.380551037572307,21.725828170776367,59450200,2020-10-26 00:00:00-04:00
21.50450047461229,21.593031440159635,21.07954407233336,21.114957809448242,55009300,2020-10-27 00:00:00-04:00
20.72541692128868,20.94674773137388,20.46867405967228,20.778535842895508,81942500,2020-10-28 00:00:00-04:00
20.681141501033075,21.026416858562893,20.468664228044016,20.840499877929688,57490400,2020-10-29 00:00:00-04:00
20.796236146343162,21.106099520343875,20.574905406145447,20.982154846191406,66453400,2020-10-30 00:00:00-04:00
21.15037254669879,21.477942902174334,20.778536702822297,21.318584442138672,59756400,2020-11-02 00:00:00-05:00
21.761239341320838,22.079956162687726,21.69926700130386,21.858625411987305,65106200,2020-11-03 00:00:00-05:00
21.1503697969878,21.371700587458143,20.6014703822485,20.964452743530273,88845500,2020-11-04 00:00:00-05:00
21.159221471803455,21.94716016862053,21.12380942635515,21.78780174255371,74722600,2020-11-05 00:00:00-05:00
22.071104494034575,22.097663105524738,21.451377667094544,21.52220344543457,55454500,2020-11-06 00:00:00-05:00
23.549595805984588,25.028085513829957,23.283997851441303,24.576570510864258,178378800,2020-11-09 00:00:00-05:00
24.337534008621777,24.576571672422364,24.06308429571367,24.488039016723633,77694600,2020-11-10 00:00:00-05:00
24.567713282946027,24.58542014823848,24.009960535190697,24.204730987548828,48360900,2020-11-11 00:00:00-05:00
23.762072497565573,23.815191411553382,23.292850639583733,23.629274368286133,67912600,2020-11-12 00:00:00-05:00
23.797481353361544,24.08963787405325,23.691243539629795,23.90372085571289,52421000,2020-11-13 00:00:00-05:00
24.66510261359376,24.78904730978433,24.06308262303411,24.417211532592773,57396700,2020-11-16 00:00:00-05:00
24.125055437729948,24.43491887281926,23.91257808788524,24.39065170288086,46402300,2020-11-17 00:00:00-05:00
24.461476523291683,24.727074466607803,23.868309978424755,23.886016845703125,54416700,2020-11-18 00:00:00-05:00
23.841751366127006,23.91257714662068,23.593860290089253,23.886016845703125,46423000,2020-11-19 00:00:00-05:00
23.673537530748177,23.85945624443288,23.57615145745525,23.735509872436523,40538000,2020-11-20 00:00:00-05:00
24.00110926006846,24.364091588095114,23.956842092858032,24.248998641967773,45421200,2020-11-23 00:00:00-05:00
24.727075283872203,25.66551732858512,24.7182218499404,25.65666389465332,80387800,2020-11-24 00:00:00-05:00
25.41762483744691,25.709783075165383,25.21400093414594,25.700929641723633,57249900,2020-11-25 00:00:00-05:00
25.64780903278043,25.762901978866207,25.50615747499775,25.665515899658203,25971600,2020-11-27 00:00:00-05:00
25.4264788586353,25.550425241065128,24.877579481516783,24.93069839477539,63567900,2020-11-30 00:00:00-05:00
25.4441849882165,25.70978292404859,25.382212643108268,25.399919509887695,50255100,2020-12-01 00:00:00-05:00
25.39991897861784,25.833727073921576,25.258267424584776,25.727487564086914,45257500,2020-12-02 00:00:00-05:00
25.780942993642796,25.923477439703664,25.504781017648316,25.75421714782715,54013700,2020-12-03 00:00:00-05:00
26.01255755823784,26.217450577911467,25.83438868078161,26.09273338317871,66188200,2020-12-04 00:00:00-05:00
25.745301976567056,25.96801220421754,25.558226200929862,25.914562225341797,42197800,2020-12-07 00:00:00-05:00
25.709676988043462,25.96802004658288,25.629501145944577,25.772035598754883,33869100,2020-12-08 00:00:00-05:00
26.05709666496109,26.05709666496109,25.61167620914979,25.656217575073242,54886300,2020-12-09 00:00:00-05:00
25.504779479428862,25.95020002129146,25.362245041964393,25.932384490966797,58859600,2020-12-10 00:00:00-05:00
25.549321335855225,25.611679936881917,25.210800788646857,25.45132827758789,40538400,2020-12-11 00:00:00-05:00
25.76311950631579,25.798752259604992,25.06826297616215,25.139530181884766,40267100,2020-12-14 00:00:00-05:00
25.255346000823796,25.67404071402302,25.166261549315884,25.513689041137695,43672700,2020-12-15 00:00:00-05:00
25.656218608591757,25.674035835336554,25.33551702290674,25.584951400756836,42463200,2020-12-16 00:00:00-05:00
25.57604548620853,25.763122988481076,25.415695526017775,25.682947158813477,43182700,2020-12-17 00:00:00-05:00
25.736395399628687,25.9234728892102,25.451326557546693,25.5404109954834,82817200,2020-12-18 00:00:00-05:00
25.923476434638378,26.71632447250595,25.59386447893644,26.493614196777344,93397400,2020-12-21 00:00:00-05:00
26.529240274985057,26.529240274985057,25.98582683016398,26.021459579467773,39054300,2020-12-22 00:00:00-05:00
26.18181664734393,27.037024897466793,26.128366662693868,26.769771575927734,52537200,2020-12-23 00:00:00-05:00
26.965760043152397,26.965760043152397,26.493613656543303,26.689598083496094,22632300,2020-12-24 00:00:00-05:00
26.930124100990252,27.21519296054663,26.716322456322967,26.841039657592773,32861200,2020-12-28 00:00:00-05:00
26.87666907713534,26.947936278666877,26.66286747254073,26.734134674072266,33291900,2020-12-29 00:00:00-05:00
26.725231856107275,26.921216278026716,26.671781868155513,26.707414627075195,26370100,2020-12-30 00:00:00-05:00
26.73413505766419,27.072653845010162,26.636142016973242,27.001386642456055,28716000,2020-12-31 00:00:00-05:00
27.135015223478412,27.233008274239964,26.502518948203004,26.751955032348633,51483900,2021-01-04 00:00:00-05:00
26.87667232073926,27.20628422956681,26.64505346302288,26.95684814453125,48507000,2021-01-05 00:00:00-05:00
28.417829115327947,29.059234058736664,27.936775832557526,28.640541076660156,107002800,2021-01-06 00:00:00-05:00
29.67391803570422,29.950076599670997,29.255221634478357,29.273038864135742,74358500,2021-01-07 00:00:00-05:00
29.326486696527343,29.397755614043152,28.604907597269445,28.97905921936035,44641400,2021-01-08 00:00:00-05:00
28.587087845246767,29.513563301462046,28.417827579371984,29.460111618041992,51868200,2021-01-11 00:00:00-05:00
29.771908686716024,30.261874022787303,29.57592595057671,29.9857120513916,68166200,2021-01-12 00:00:00-05:00
29.780812938072046,30.0035231733862,29.477926882113252,29.807537078857422,43172800,2021-01-13 00:00:00-05:00
29.82535517775127,30.618203094931182,29.77190349632876,30.279685974121094,48483500,2021-01-14 00:00:00-05:00
29.656095948666255,29.958982006653855,29.130499653872732,29.406658172607422,57684300,2021-01-15 00:00:00-05:00
28.952334066200653,29.932257859894957,28.6850824314012,29.192861557006836,78130200,2021-01-19 00:00:00-05:00
29.183952729801305,29.2106802734447,28.649449432980518,28.80980110168457,53920000,2021-01-20 00:00:00-05:00
28.809805986214627,28.93452321673193,28.266392283283807,28.302026748657227,49626600,2021-01-21 00:00:00-05:00
27.93677665170237,28.284204127176086,27.838783589740242,28.106035232543945,45314500,2021-01-22 00:00:00-05:00
27.85659709855698,27.883321239781417,27.23300774977443,27.758604049682617,48078400,2021-01-25 00:00:00-05:00
27.972410066107766,27.999135910671715,27.53589813309718,27.562623977661133,36373000,2021-01-26 00:00:00-05:00
27.001389035075327,27.108290697951215,26.431251364122026,26.57378578186035,63809200,2021-01-27 00:00:00-05:00
27.099380297919545,27.39335772751738,26.653959847065604,27.010295867919922,51223300,2021-01-28 00:00:00-05:00
27.08156963519672,27.170654086785586,26.359988805701583,26.41343879699707,64019100,2021-01-29 00:00:00-05:00
26.60942394908163,26.760867001454773,26.34217060417016,26.689598083496094,40985300,2021-02-01 00:00:00-05:00
27.241914571945813,27.79423667590493,27.206281819608158,27.642793655395508,53527000,2021-02-02 00:00:00-05:00
27.535897415046076,28.266386822633024,27.509171571179053,28.132761001586914,49404900,2021-02-03 00:00:00-05:00
28.328747782725706,28.979061411960554,28.31093225114332,28.95233726501465,51751900,2021-02-04 00:00:00-05:00
29.29975885929077,29.31757608642442,28.791979779991813,28.83652114868164,42008800,2021-02-05 00:00:00-05:00
28.88997325080271,29.647186724422763,28.863249108857357,29.477928161621094,46014100,2021-02-08 00:00:00-05:00
29.371023859284115,29.415565222046613,29.032503385370465,29.353206634521484,35868600,2021-02-09 00:00:00-05:00
29.50465533187431,29.771906973624077,29.273038148568247,29.37993812561035,45031900,2021-02-10 00:00:00-05:00
29.371031240150582,29.673917340653492,28.99687622268746,29.290855407714844,29479900,2021-02-11 00:00:00-05:00
29.39774959146614,29.7986286746438,29.31757377483061,29.727359771728516,37468300,2021-02-12 00:00:00-05:00
30.2707748027957,30.787464180358594,30.021340426476232,30.52911949157715,52802600,2021-02-16 00:00:00-05:00
30.324228888147264,30.787466622549736,30.10151863497043,30.653839111328125,45455300,2021-02-17 00:00:00-05:00
30.34205403156056,30.867650502102364,30.306419566166962,30.457860946655273,37541700,2021-02-18 00:00:00-05:00
30.466767201416083,30.938911910938153,30.448949971094034,30.7696533203125,54514100,2021-02-19 00:00:00-05:00
30.689475154396245,31.402147321757056,30.65384069645597,31.313064575195312,56783400,2021-02-22 00:00:00-05:00
31.553593057241827,31.972289500526113,31.30415861356068,31.64267921447754,67440700,2021-02-23 00:00:00-05:00
31.838664239423824,32.533519249913546,31.71394362369168,32.4088020324707,58139500,2021-02-24 00:00:00-05:00
32.92548450881493,32.98784311067228,31.856474565377784,32.00791931152344,74762000,2021-02-25 00:00:00-05:00
31.829743440387713,32.096995018061584,30.894361219385083,30.921085357666016,70933300,2021-02-26 00:00:00-05:00
31.6426703248945,32.11481493158811,31.393235951288588,31.883197784423828,45901700,2021-03-01 00:00:00-05:00
31.758480353678255,32.01682163937638,31.624852855536666,31.65157699584961,41167400,2021-03-02 00:00:00-05:00
32.043551760083474,32.93439275737653,31.927741478914538,32.444427490234375,66047000,2021-03-03 00:00:00-05:00
32.354900319519935,33.008443839753554,32.15794078199263,32.67719650268555,96512800,2021-03-04 00:00:00-05:00
33.15168186521133,33.661982949980604,32.381752954109054,33.062156677246094,74292300,2021-03-05 00:00:00-05:00
33.465042687266994,33.77838440856864,32.963692518015726,33.24122619628906,65335500,2021-03-08 00:00:00-05:00
32.7219706395172,33.26808342963108,32.059475731801314,32.51605987548828,63946000,2021-03-09 00:00:00-05:00
32.713008835608655,33.599319948178014,32.56081189380159,33.456077575683594,53365600,2021-03-10 00:00:00-05:00
33.36655567176148,33.832094282177536,32.99054227231595,33.339698791503906,45834000,2021-03-11 00:00:00-05:00
33.94848297368365,34.18125403173107,33.64409583113766,33.96638870239258,46069600,2021-03-12 00:00:00-05:00
34.046960894369974,34.082772349810774,33.321797705119764,33.796287536621094,50131600,2021-03-15 00:00:00-04:00
33.50084013996576,33.76942257636954,33.09797331569518,33.69779968261719,50300400,2021-03-16 00:00:00-04:00
34.020092949947056,34.34238911379437,33.420266634583534,33.9753303527832,63796000,2021-03-17 00:00:00-04:00
34.47668399746927,35.783774643638544,34.39610993993259,34.86164855957031,95439700,2021-03-18 00:00:00-04:00
34.279728876170324,34.84374388070229,33.599324944272645,34.494590759277344,106252700,2021-03-19 00:00:00-04:00
34.09171923863857,34.36029826358319,33.48293829400806,33.71570587158203,54701300,2021-03-22 00:00:00-04:00
33.44713414166834,33.858955630748795,32.92787828704386,33.03531265258789,49838000,2021-03-23 00:00:00-04:00
33.31284289232247,33.832098746946954,33.026358081208386,33.03531265258789,43896800,2021-03-24 00:00:00-04:00
33.00844515426605,33.79627992058218,32.79358330037739,33.71570587158203,47517900,2021-03-25 00:00:00-04:00
34.33344777409705,34.7005066765377,34.091728973243455,34.62888717651367,66846000,2021-03-26 00:00:00-04:00
34.06486310360145,34.584118908355116,33.8947638305794,34.29763412475586,45680000,2021-03-29 00:00:00-04:00
34.58412914533264,35.32719820550327,34.58412914533264,34.90642547607422,56705900,2021-03-30 00:00:00-04:00
34.57516050089451,34.90641126999496,34.43191812499105,34.6378288269043,49270000,2021-03-31 00:00:00-04:00
34.76317436217751,35.38090656508366,34.66469457290953,35.35404968261719,65587000,2021-04-01 00:00:00-04:00
35.810634206851105,36.06130755344523,35.45252649871531,35.6315803527832,50328500,2021-04-05 00:00:00-04:00
35.38984633174523,35.94491343532151,35.32717801604583,35.53308868408203,42590100,2021-04-06 00:00:00-04:00
35.6047229279738,35.944924904007124,35.443574803282665,35.85539627075195,43136400,2021-04-07 00:00:00-04:00
35.63157843729338,35.676341044611945,35.112326045095585,35.54205322265625,45285900,2021-04-08 00:00:00-04:00
35.73006242099171,35.971784627117394,35.37195469002733,35.80168533325195,45872900,2021-04-09 00:00:00-04:00
35.80167341605655,36.15082645918266,35.67633336132269,35.864341735839844,45544600,2021-04-12 00:00:00-04:00
35.64053263464478,35.649483789947546,35.0944199516401,35.20185089111328,46770400,2021-04-13 00:00:00-04:00
34.89746070260407,36.10607158961594,34.84374352479198,35.70320129394531,52023800,2021-04-14 00:00:00-04:00
35.56890150687322,35.66738126827193,34.0648550413607,34.68259048461914,118128900,2021-04-15 00:00:00-04:00
35.1928944691934,35.291370823458834,34.8347868376496,35.049652099609375,60633400,2021-04-16 00:00:00-04:00
35.264517849238196,35.30032929938944,34.94222162821273,35.06755828857422,42321100,2021-04-19 00:00:00-04:00
34.915367318865,34.915367318865,33.921621702593484,34.09172439575195,50834100,2021-04-20 00:00:00-04:00
33.796286748971646,34.71840950648709,33.491896215155634,34.664695739746094,37851800,2021-04-21 00:00:00-04:00
34.69154888938213,34.709454614758094,34.17229309898304,34.3423957824707,48093400,2021-04-22 00:00:00-04:00
34.306574851105076,35.21974610191689,34.217049664133455,35.07650375366211,48674100,2021-04-23 00:00:00-04:00
35.22871155836128,35.67634450530447,35.16604321900271,35.28242874145508,34699800,2021-04-26 00:00:00-04:00
35.51519287918701,35.73900933065202,35.37195048685612,35.70320129394531,34304800,2021-04-27 00:00:00-04:00
35.747961059687185,36.00758894238974,35.703198455985856,35.837486267089844,34084400,2021-04-28 00:00:00-04:00
36.303020893992596,36.8222766026854,36.22244685006328,36.80437088012695,44008700,2021-04-29 00:00:00-04:00
36.56265170235503,36.61636887437036,36.23140434617967,36.285118103027344,39203400,2021-04-30 00:00:00-04:00
36.58950756291418,36.750655659309594,36.18663732192562,36.31197738647461,41940500,2021-05-03 00:00:00-04:00
36.025486538639555,36.777509722716694,35.613661798069295,36.70588684082031,53880000,2021-05-04 00:00:00-04:00
36.884946831193815,37.20724302357542,36.49102774487516,37.05504608154297,37471100,2021-05-05 00:00:00-04:00
37.13562526638967,37.65488107375619,36.920763385193055,37.61011505126953,39044400,2021-05-06 00:00:00-04:00
36.822281663157966,37.824978358059525,36.80437593813874,37.76231002807617,39249200,2021-05-07 00:00:00-04:00
38.04879387979213,38.44270957520488,37.628017889914865,37.64592361450195,41271500,2021-05-10 00:00:00-04:00
37.19828842935975,37.90554913826087,37.01028345565213,37.21619415283203,42964700,2021-05-11 00:00:00-04:00
37.941362086168056,38.10251018862606,36.741705887407164,36.867042541503906,47533000,2021-05-12 00:00:00-04:00
36.580556301500266,37.68173268019559,36.50893340768226,37.457916259765625,42026100,2021-05-13 00:00:00-04:00
37.65488663004891,38.0308966852104,37.52954652982654,37.923465728759766,30932600,2021-05-14 00:00:00-04:00
37.81602000672144,38.36212914762752,37.74439712027443,38.26365280151367,32656400,2021-05-17 00:00:00-04:00
38.2278442996271,38.451660714244156,37.7264943014246,37.74440002441406,37880300,2021-05-18 00:00:00-04:00
37.28781792139825,37.601159551594485,36.98342744556435,37.574302673339844,42672800,2021-05-19 00:00:00-04:00
37.51163583770237,37.7175465478936,37.117716726755866,37.48477554321289,36871100,2021-05-20 00:00:00-04:00
37.61906474378748,38.13831706865477,37.502679247716294,37.959266662597656,40243800,2021-05-21 00:00:00-04:00
38.120409981001934,38.299460364611384,37.82497070074547,38.1651725769043,31390800,2021-05-24 00:00:00-04:00
38.2188960732733,38.72919731007528,37.53849556259334,37.61011505126953,52657700,2021-05-25 00:00:00-04:00
37.61907242212014,37.82498316324781,37.296776161166136,37.63697814941406,41332800,2021-05-26 00:00:00-04:00
38.0308947405116,38.36214216481113,37.70859847247168,38.093563079833984,52981100,2021-05-27 00:00:00-04:00
38.19204340187734,38.23680601413021,37.6459306529545,37.950321197509766,38509700,2021-05-28 00:00:00-04:00
38.45165734782179,38.74709321336397,38.29050927019254,38.42479705810547,42890700,2021-06-01 00:00:00-04:00
38.58594943393117,38.64861775830477,38.138316594024,38.44270706176758,34180500,2021-06-02 00:00:00-04:00
38.451703624040796,39.09900952189235,38.37079038680935,38.88323974609375,46981200,2021-06-03 00:00:00-04:00
38.87425610420228,39.00910923124143,38.50565206969043,38.90122604370117,37192600,2021-06-04 00:00:00-04:00
38.90121010852004,39.00909325186791,38.712413750275445,38.766353607177734,28401900,2021-06-07 00:00:00-04:00
38.53261323108276,38.87424724826815,38.14602818179127,38.550594329833984,41871400,2021-06-08 00:00:00-04:00
38.18198709899318,38.41573450358947,37.85833420836476,38.0471305847168,42366300,2021-06-09 00:00:00-04:00
38.442709954847935,38.62251752318823,37.41781127371564,37.480743408203125,40123600,2021-06-10 00:00:00-04:00
37.58862822158639,37.660549187780006,37.31891516711446,37.63357925415039,31203600,2021-06-11 00:00:00-04:00
37.62458402888622,37.6785273214441,36.91434953936436,37.184059143066406,36050700,2021-06-14 00:00:00-04:00
37.112130926649044,37.363862836421376,36.77050039763635,37.21102523803711,39247900,2021-06-15 00:00:00-04:00
37.112136717791245,37.750453710117256,36.5637252178215,37.417808532714844,63859100,2021-06-16 00:00:00-04:00
37.777419956655024,37.84934091397799,35.70964184785282,35.78156280517578,80728200,2021-06-17 00:00:00-04:00
35.071329036398126,35.33204982509147,34.603834185040036,34.86455154418945,102774200,2021-06-18 00:00:00-04:00
35.17022539954486,35.76358797702259,35.08931216490953,35.73661804199219,48119400,2021-06-21 00:00:00-04:00
35.85348924074382,36.19511980925015,35.314066597052616,35.93440246582031,44113200,2021-06-22 00:00:00-04:00
36.105223559223745,36.33897100841813,36.024310321128716,36.14118576049805,32039900,2021-06-23 00:00:00-04:00
36.356946671345,36.869395959454515,36.12319925711095,36.70757293701172,37161800,2021-06-24 00:00:00-04:00
37.103147883327544,37.60660835189108,36.71656284005523,37.417808532714844,53178800,2021-06-25 00:00:00-04:00
37.27396702642895,37.381853628405615,36.95031407958737,37.36387252807617,34416500,2021-06-28 00:00:00-04:00
37.42679966142799,37.7144903691536,36.635648500410674,36.761512756347656,38519600,2021-06-29 00:00:00-04:00
36.64463722214157,37.18405986962946,36.60867845594404,37.06718444824219,29159800,2021-06-30 00:00:00-04:00
37.36387114482978,37.48973541293206,37.04920704502999,37.345890045166016,28045100,2021-07-01 00:00:00-04:00
37.19305119141154,37.282956686777965,36.95031149823816,36.99526596069336,28980800,2021-07-02 00:00:00-04:00
36.68959808482128,36.752530223579825,35.84450348513038,36.02431106567383,47578700,2021-07-06 00:00:00-04:00
35.57479157272152,35.961376646029876,35.38599516842046,35.73661804199219,43499900,2021-07-07 00:00:00-04:00
34.720706183107595,35.27810995815073,34.59484192085396,34.86455154418945,52793100,2021-07-08 00:00:00-04:00
35.64671825993183,36.177148736684536,35.42195964146958,35.99734115600586,43887200,2021-07-09 00:00:00-04:00
35.77257817821068,36.689593641332294,35.63772165174953,36.527767181396484,42624500,2021-07-12 00:00:00-04:00
36.392914472664366,36.392914472664366,35.583785517649126,35.835514068603516,54338100,2021-07-13 00:00:00-04:00
35.16123626324556,35.55681016832813,33.974511118453776,34.93647766113281,105651700,2021-07-14 00:00:00-04:00
34.51393041655341,35.359024956013954,34.450998282280054,34.909507751464844,54697300,2021-07-15 00:00:00-04:00
35.26012453188881,35.32305665529204,33.79469773790605,34.09137725830078,60469700,2021-07-16 00:00:00-04:00
33.03950946381657,33.4890265993787,32.82373972974757,33.20133590698242,83251500,2021-07-19 00:00:00-04:00
33.138404906044606,34.271186617073056,32.91364633064229,33.88460159301758,59462900,2021-07-20 00:00:00-04:00
34.20825459292421,34.85556038947832,34.145322465986304,34.57685852050781,49907400,2021-07-21 00:00:00-04:00
34.4869611815729,34.52292338175719,33.875617496616684,34.12734603881836,52715600,2021-07-22 00:00:00-04:00
34.34310997172152,34.40604209657287,33.76772858476995,33.893592834472656,48659400,2021-07-23 00:00:00-04:00
33.8576346285255,34.379076215336205,33.8576346285255,34.280181884765625,32258000,2021-07-26 00:00:00-04:00
33.91158107015268,34.37907940284866,33.67783018903253,34.145328521728516,39121400,2021-07-27 00:00:00-04:00
34.33412175268122,34.61282364523977,33.938547859942894,34.280181884765625,43331100,2021-07-28 00:00:00-04:00
34.65777514244165,35.04436020555202,34.49594867743991,34.77465057373047,43039100,2021-07-29 00:00:00-04:00
34.6218068126097,34.9095009224226,34.208251888415255,34.48695373535156,46210100,2021-07-30 00:00:00-04:00
34.52292338175719,35.01739163088655,34.082395003360084,34.12734603881836,49894000,2021-08-02 00:00:00-04:00
34.2172434053775,34.7296926327829,33.758734035882135,34.65776824951172,39680600,2021-08-03 00:00:00-04:00
34.190278050266556,34.855565033084375,34.037443844354335,34.40604782104492,42289800,2021-08-04 00:00:00-04:00
34.67576364612843,35.11629210148647,34.657782542894964,35.08032989501953,34754500,2021-08-05 00:00:00-04:00
35.48488968739576,36.32998080833486,35.48488968739576,36.09623336791992,58022300,2021-08-06 00:00:00-04:00
36.006335463690945,36.82445682204313,35.78157681107172,36.56373596191406,56340100,2021-08-09 00:00:00-04:00
36.59969192666431,37.417813145470674,36.48281991650932,37.24699783325195,44987300,2021-08-10 00:00:00-04:00
37.399832491071955,37.93026296428991,37.291949315201414,37.71449661254883,58458200,2021-08-11 00:00:00-04:00
37.96621569489343,38.02015898414396,37.55266076593646,37.89429473876953,37400100,2021-08-12 00:00:00-04:00
37.840354739078286,37.96621899539442,37.246992223913836,37.42679977416992,41344900,2021-08-13 00:00:00-04:00
37.00425265981631,37.13011691652127,36.50978446724234,37.12112808227539,38599100,2021-08-16 00:00:00-04:00
36.90534869589044,37.3728468340747,36.518763762960056,36.94131088256836,43526900,2021-08-17 00:00:00-04:00
36.653638313082205,37.336903048997186,36.55474396574902,36.6716194152832,50342500,2021-08-18 00:00:00-04:00
36.06925857174907,36.56372679767007,35.97036424065607,36.1321907043457,51883900,2021-08-19 00:00:00-04:00
36.04228546879631,36.38391946538717,35.880459019334516,36.29401397705078,40415000,2021-08-20 00:00:00-04:00
36.52776292931617,36.950306699255876,36.500789569437465,36.77949142456055,35364500,2021-08-23 00:00:00-04:00
36.95031615942933,37.47175780970123,36.89637628494906,37.29195022583008,35579300,2021-08-24 00:00:00-04:00
37.453766450415564,38.16400432593523,37.345883301457974,37.89429473876953,51219900,2021-08-25 00:00:00-04:00
38.20896133526742,38.51463316313132,37.77742524232027,37.795406341552734,41184500,2021-08-26 00:00:00-04:00
37.86733641795049,38.343827088370944,37.70550991547484,38.199981689453125,46468600,2021-08-27 00:00:00-04:00
38.32583797636963,38.32583797636963,37.42680356360638,37.453773498535156,44855600,2021-08-30 00:00:00-04:00
37.46276264244128,37.82237778232826,37.1840641670958,37.53468704223633,54654600,2021-08-31 00:00:00-04:00
37.53468376306793,37.561653695862816,36.88737793964004,37.03122329711914,52361900,2021-09-01 00:00:00-04:00
37.14869158775363,37.4920762210021,36.72397910576521,37.06736373901367,44538900,2021-09-02 00:00:00-04:00
37.0673666564728,37.220984023340286,36.76012847561981,37.09447479248047,41812400,2021-09-03 00:00:00-04:00
37.27520820658451,37.81739167437837,37.211953583579174,37.338462829589844,43748600,2021-09-07 00:00:00-04:00
37.121593399305006,37.49208626568808,36.76013543092796,36.85049819946289,36064400,2021-09-08 00:00:00-04:00
36.742066015097926,37.365577456022876,36.651703237150194,36.98604965209961,36266400,2021-09-09 00:00:00-04:00
37.24810476091513,37.365575677231156,36.362536480132704,36.389644622802734,40514700,2021-09-10 00:00:00-04:00
36.687844598319245,37.0131560994095,36.461934216686444,36.99508285522461,42036300,2021-09-13 00:00:00-04:00
37.16677405016779,37.32942978801594,35.83842000678076,36.001075744628906,53820400,2021-09-14 00:00:00-04:00
35.901674349661576,36.45289618500681,35.84745462176713,36.27216720581055,52358200,2021-09-15 00:00:00-04:00
36.579411459060246,36.87761484090064,36.32639291479745,36.552303314208984,42922000,2021-09-16 00:00:00-04:00
36.45289447208914,36.751094343699805,36.217949223157056,36.597476959228516,92746000,2021-09-17 00:00:00-04:00
35.5854028358872,35.65769236257428,34.66368810257557,35.3414192199707,67566200,2021-09-20 00:00:00-04:00
35.48599868714548,35.78419856080769,35.187795366364846,35.35948944091797,38271100,2021-09-21 00:00:00-04:00
35.91974759229306,36.61555192157158,35.91974759229306,36.27216720581055,46261400,2021-09-22 00:00:00-04:00
36.83242653312469,37.844507509060044,36.733028862328524,37.672813415527344,49779800,2021-09-23 00:00:00-04:00
37.69992473671209,38.26018150528808,37.636670107056034,38.07945251464844,39042300,2021-09-24 00:00:00-04:00
38.56741204061019,39.245143034603416,38.53126556028888,39.091522216796875,49755400,2021-09-27 00:00:00-04:00
39.245143240742024,39.796365003624075,38.910796913808916,39.00115966796875,60781200,2021-09-28 00:00:00-04:00
39.019231416311676,39.14574064614556,38.62163048724546,38.919830322265625,44260200,2021-09-29 00:00:00-04:00
39.17285624631887,39.17285624631887,38.160778767678494,38.359580993652344,47410800,2021-09-30 00:00:00-04:00
38.386684274534176,39.24514424959291,38.30535641485244,38.928871154785156,40987100,2021-10-01 00:00:00-04:00
38.955981251318484,39.82347616680266,38.91983476806038,39.163818359375,48273400,2021-10-04 00:00:00-04:00
39.55239454329949,40.43796292669915,39.46202831206325,39.95903396606445,54070700,2021-10-05 00:00:00-04:00
39.624669739334166,40.022274118625376,39.35357803798344,39.97709274291992,47031700,2021-10-06 00:00:00-04:00
40.4741015396418,40.54639106343812,39.78733210442456,39.86865997314453,46258800,2021-10-07 00:00:00-04:00
39.82348310203564,40.49217937029002,39.68793548977142,40.067466735839844,39389400,2021-10-08 00:00:00-04:00
40.302410018750244,40.492177355903486,39.5343161131144,39.561424255371094,36283500,2021-10-11 00:00:00-04:00
39.46202199755694,39.76022534224072,39.100567471807786,39.34455108642578,36898300,2021-10-12 00:00:00-04:00
39.353578432209176,39.434906288140894,38.251138376056744,38.98308563232422,43908000,2021-10-13 00:00:00-04:00
40.09456974805449,40.754227585936675,39.2903294175833,40.72711944580078,82201000,2021-10-14 00:00:00-04:00
41.35966818123853,42.172943390459835,40.98917533715453,41.901851654052734,64264900,2021-10-15 00:00:00-04:00
41.82956446813213,42.37174797121369,41.59461575557645,41.820526123046875,49542500,2021-10-18 00:00:00-04:00
42.01932827842169,42.13680263450082,41.74823652733947,42.00125503540039,32515500,2021-10-19 00:00:00-04:00
42.01028773162801,42.688018741762924,41.612683332859895,42.55247116088867,40411000,2021-10-20 00:00:00-04:00
42.56151174850038,42.90489647140893,42.118729359727574,42.31753158569336,36848600,2021-10-21 00:00:00-04:00
42.46211485983285,43.031406512960665,42.46211485983285,42.98622512817383,36225600,2021-10-22 00:00:00-04:00
43.194063702443536,43.356719450818396,42.65188017260653,42.9320068359375,31679500,2021-10-25 00:00:00-04:00
43.06755417184036,43.763358547275736,42.86875193682488,43.338645935058594,35674800,2021-10-26 00:00:00-04:00
42.90489468947155,43.52840603530663,42.4982553564841,42.507293701171875,45790800,2021-10-27 00:00:00-04:00
43.00429281012095,43.37478563285015,42.74223598628077,43.17598342895508,37209600,2021-10-28 00:00:00-04:00
43.14887529101239,43.492259975798895,42.94103819017584,43.17598342895508,31756200,2021-10-29 00:00:00-04:00
43.46515291908481,43.52840754562,42.724167196428006,43.23924255371094,36937200,2021-11-01 00:00:00-04:00
42.98622730661038,43.754321228267834,42.78742506693105,43.266357421875,36283400,2021-11-02 00:00:00-04:00
43.19406160047513,43.99830195768112,43.02237096204285,43.709136962890625,42553000,2021-11-03 00:00:00-04:00
43.51034156149523,43.51034156149523,42.36271639120623,42.76935577392578,47646300,2021-11-04 00:00:00-04:00
43.013333866842714,43.21213609920751,42.308494602449315,42.44404220581055,38271200,2021-11-05 00:00:00-04:00
42.787423875366926,43.19406324196907,42.697061103730356,42.77838897705078,33815500,2021-11-08 00:00:00-05:00
42.154871940752706,42.79645649605852,41.93799649186937,42.362709045410156,36900300,2021-11-09 00:00:00-05:00
42.245238110045655,42.94104244551241,42.15487534320316,42.678985595703125,39385600,2021-11-10 00:00:00-05:00
42.75127706798441,43.275387302108726,42.480181882724494,42.91393280029297,31194800,2021-11-11 00:00:00-05:00
42.93199199722572,42.95006523492276,42.25426109561621,42.389808654785156,44268500,2021-11-12 00:00:00-05:00
42.70609076975534,42.823565116185115,42.38078276344869,42.516326904296875,35335500,2021-11-15 00:00:00-05:00
42.63379307159885,42.72415581482856,42.1910073566908,42.54343032836914,35120800,2021-11-16 00:00:00-05:00
42.543444932871715,42.651880951395306,41.97414980316483,42.02836608886719,32963700,2021-11-17 00:00:00-05:00
42.209086135766,42.29945233797625,41.75726546606921,41.856666564941406,30639000,2021-11-18 00:00:00-05:00
41.29640985787175,41.35966447579576,40.5102428585889,41.02531814575195,48429500,2021-11-19 00:00:00-05:00
42.21813057595075,42.35367472816182,41.48617974438387,41.820526123046875,53697100,2021-11-22 00:00:00-05:00
42.353667198708834,43.058509763953346,42.17293824743798,42.9229621887207,49362900,2021-11-23 00:00:00-05:00
42.85066849949858,43.35670886501408,42.66090465509951,43.040435791015625,40060000,2021-11-24 00:00:00-05:00
41.13375210436289,41.60364599075801,40.437947894534624,41.350624084472656,55110100,2021-11-26 00:00:00-05:00
41.9470266978969,42.200048601150876,40.81747509426394,41.19700622558594,50231100,2021-11-29 00:00:00-05:00
40.44698608545931,40.86266373424613,40.085531606793786,40.184932708740234,77193600,2021-11-30 00:00:00-05:00
40.862672687664514,41.29642022537249,39.58853821842263,39.61564636230469,60601600,2021-12-01 00:00:00-05:00
40.251235749030144,41.31358337318838,39.951597108138216,40.759708404541016,57821400,2021-12-02 00:00:00-05:00
40.85958774660427,40.9231468282244,39.5883991867814,39.83355712890625,74605300,2021-12-03 00:00:00-05:00
40.46007519762617,40.75063200455584,39.91527858685026,40.087799072265625,48193100,2021-12-06 00:00:00-05:00
40.460071158879316,40.77786655232665,40.342031385437444,40.59626770019531,40740800,2021-12-07 00:00:00-05:00
40.56903373594834,40.67799167423525,40.03331896578125,40.09687805175781,50560300,2021-12-08 00:00:00-05:00
39.86987853110405,40.61443075933893,39.6338024314948,40.396514892578125,37316700,2021-12-09 00:00:00-05:00
40.59628033331618,40.7052417567286,40.01516659662764,40.423763275146484,37700200,2021-12-10 00:00:00-05:00
40.19675628973607,40.31479607284877,39.39772335312059,39.57024383544922,38653900,2021-12-13 00:00:00-05:00
39.57932894288334,40.69615748868176,39.52484823441358,40.069644927978516,47099400,2021-12-14 00:00:00-05:00
40.28755396627449,40.360194898517115,39.60656081319617,39.897117614746094,60057100,2021-12-15 00:00:00-05:00
40.58718447976992,41.1864581957951,40.0333096054402,40.859580993652344,69487200,2021-12-16 00:00:00-05:00
40.40558554949592,40.58718437953894,39.606552775532364,39.84263229370117,124242400,2021-12-17 00:00:00-05:00
39.28876045784019,39.37047976449114,38.7712060036208,39.188880920410156,56455200,2021-12-20 00:00:00-05:00
39.53392300749288,40.38743317180271,39.53392300749288,40.124114990234375,47845600,2021-12-21 00:00:00-05:00
40.02423803735716,40.47823345903112,39.842639175945536,40.205833435058594,35715700,2021-12-22 00:00:00-05:00
40.569033982121276,40.923149881485344,40.314797636672296,40.33295440673828,34053500,2021-12-23 00:00:00-05:00
40.45098790691887,40.69614582922866,40.23307206289453,40.53270721435547,33879200,2021-12-27 00:00:00-05:00
40.378358846253185,40.932233882571865,40.33295652756953,40.587196350097656,32492400,2021-12-28 00:00:00-05:00
40.72339151199925,40.96854947686013,40.49639378124405,40.52363586425781,25294900,2021-12-29 00:00:00-05:00
40.6325822357262,40.95037758281232,40.38742434066997,40.432823181152344,23852200,2021-12-30 00:00:00-05:00
40.42375350999566,40.605352374769836,40.20583417952461,40.396514892578125,24253900,2021-12-31 00:00:00-05:00
40.941312363009246,42.21250108746544,40.84143280361061,41.93102264404297,58587900,2022-01-03 00:00:00-05:00
42.73005768680679,43.97400438638178,42.71189745117005,43.57448959350586,74606700,2022-01-04 00:00:00-05:00
43.71067871094594,43.91951618958784,42.82084809875907,42.83900833129883,57791600,2022-01-05 00:00:00-05:00
43.56539911265753,43.72883773729695,42.84808553381898,43.70159912109375,52040900,2022-01-06 00:00:00-05:00
43.719757929768534,44.77302710775949,43.63803862010932,44.65498733520508,59082600,2022-01-07 00:00:00-05:00
45.3178244159397,45.472184665761965,43.8922790198138,44.42799377441406,66839500,2022-01-10 00:00:00-05:00
44.48246866267445,44.718544735213804,44.1646698198328,44.68222427368164,40454400,2022-01-11 00:00:00-05:00
44.64590055625216,44.83658123353529,44.20098705791391,44.36442565917969,41378000,2022-01-12 00:00:00-05:00
44.41890661890355,44.936464542238774,44.15559192913111,44.27362823486328,46337500,2022-01-13 00:00:00-05:00
43.14772282957544,43.79239546027769,42.8480842057868,43.50183868408203,72953300,2022-01-14 00:00:00-05:00
43.447360045385345,43.5109191267036,41.81297723602571,42.00365447998047,65877400,2022-01-18 00:00:00-05:00
43.9376820664344,44.110202565869244,42.085379673951834,42.16709899902344,84451800,2022-01-19 00:00:00-05:00
42.3940947815433,42.72097206673403,41.4588652429113,41.540584564208984,46265300,2022-01-20 00:00:00-05:00
41.377136882506015,41.785733399733836,40.55086546487186,40.78694152832031,71303600,2022-01-21 00:00:00-05:00
39.860796837645495,40.57810692520787,38.671327662638575,40.45098876953125,90672700,2022-01-24 00:00:00-05:00
40.21491391614698,41.37714104773755,39.797238973695386,41.250022888183594,73555300,2022-01-25 00:00:00-05:00
41.567823111365804,42.18525721260926,41.09566741843196,41.67678451538086,63735800,2022-01-26 00:00:00-05:00
42.10353614958907,42.44857365394128,40.94130893119466,41.286346435546875,63402400,2022-01-27 00:00:00-05:00
41.15923128332764,41.66770399678932,40.36019828025998,41.64954376220703,51048300,2022-01-28 00:00:00-05:00
41.33174947834092,42.01274270762523,41.05935287936933,41.89470291137695,44793700,2022-01-31 00:00:00-05:00
41.958253264450384,42.76636450738316,41.67677833840546,42.62108612060547,40326600,2022-02-01 00:00:00-05:00
42.421330637382304,42.63924648638107,42.03997270606952,42.575687408447266,41125600,2022-02-02 00:00:00-05:00
42.87532206138604,42.93888113343603,42.0853676566911,42.15800857543945,35879900,2022-02-03 00:00:00-05:00
42.748205335182945,44.21006750453016,42.38500765681372,43.837791442871094,60297100,2022-02-04 00:00:00-05:00
44.09203698760703,44.27363238690521,43.57448247944473,44.046634674072266,44824800,2022-02-07 00:00:00-05:00
44.62775233025513,45.41770341172756,44.43707161648432,44.83658981323242,49560500,2022-02-08 00:00:00-05:00
44.69130752921643,45.20886199937426,44.51878706335717,44.745784759521484,33861100,2022-02-09 00:00:00-05:00
45.108984345816424,45.49942067664812,44.27363098785902,44.536949157714844,47082800,2022-02-10 00:00:00-05:00
44.15559763802868,44.891068036948774,43.12956696975149,43.510921478271484,61056000,2022-02-11 00:00:00-05:00
43.60172334440613,43.75608013450922,42.62109151183219,43.05692672729492,44791900,2022-02-14 00:00:00-05:00
43.58355671542359,43.919512328599545,43.193120409417794,43.392879486083984,42397600,2022-02-15 00:00:00-05:00
43.07509134987927,43.80148691337427,42.957055014965476,43.29301071166992,36664600,2022-02-16 00:00:00-05:00
42.67557038708537,42.93888856757275,41.72218067756275,41.831138610839844,49442400,2022-02-17 00:00:00-05:00
41.831137939447515,42.25789474485618,41.51334252927736,41.731258392333984,37856500,2022-02-18 00:00:00-05:00
41.013937970925454,41.749411679741364,40.89590167461803,41.36805725097656,51905600,2022-02-22 00:00:00-05:00
41.722179256357684,41.86745765034853,40.46915094336782,40.659828186035156,45704900,2022-02-23 00:00:00-05:00
39.04360864074457,39.66104272890434,38.18101659431162,39.588401794433594,80484800,2022-02-24 00:00:00-05:00
39.77907111156448,41.17737406215215,39.615632519570816,40.87773895263672,68530700,2022-02-25 00:00:00-05:00
39.697358802273286,40.18767120083946,39.44311902347637,40.13319396972656,69955300,2022-02-28 00:00:00-05:00
39.68828480231024,39.715526886963374,38.072061970459515,38.5623779296875,74895600,2022-03-01 00:00:00-05:00
38.80752646517897,39.533918377793036,38.69856508050446,39.188880920410156,70834600,2022-03-02 00:00:00-05:00
39.31662182765978,39.69071811201851,38.51368218782445,38.7691650390625,48733800,2022-03-03 00:00:00-05:00
37.80199514430709,37.811117917642,36.789196752474936,37.36402893066406,75572800,2022-03-04 00:00:00-05:00
36.4333426119101,36.59758034641038,34.8639613625276,34.98257827758789,109779000,2022-03-07 00:00:00-05:00
35.64864413591332,36.18697804029076,34.82745564427157,35.21067810058594,76553800,2022-03-08 00:00:00-05:00
36.780070335859904,37.966229148727926,36.643204384871176,37.446144104003906,78207900,2022-03-09 00:00:00-05:00
36.761818564477814,37.847609396271864,36.59758082781714,37.10853958129883,48804400,2022-03-10 00:00:00-05:00
37.446149419556704,37.75637593594212,36.76182652876355,36.79832458496094,43946600,2022-03-11 00:00:00-05:00
37.31840036199361,38.48631002279007,37.31840036199361,37.59212875366211,54262400,2022-03-14 00:00:00-04:00
37.646867581932796,38.121331691781215,37.29102036970771,37.86585235595703,41395300,2022-03-15 00:00:00-04:00
38.541054692767204,39.280120956173256,38.249073815109426,39.0520133972168,59477600,2022-03-16 00:00:00-04:00
38.69616557484512,39.270997589271644,38.166957856033534,39.261871337890625,50260200,2022-03-17 00:00:00-04:00
39.01551779106852,39.170632750789736,38.55930264464017,39.14326095581055,74470600,2022-03-18 00:00:00-04:00
39.55385804131252,39.6268541469634,38.78741633520781,39.08852005004883,47106400,2022-03-21 00:00:00-04:00
39.982700791407716,40.72177068585022,39.87321011540929,40.31117630004883,52360600,2022-03-22 00:00:00-04:00
39.89145577941857,40.15605793405997,39.26187661403616,39.31662368774414,48539300,2022-03-23 00:00:00-04:00
39.58122114806735,39.62684195974554,39.13412884007352,39.29836654663086,30360800,2022-03-24 00:00:00-04:00
39.67246617188113,40.38416064086806,39.535603725115635,39.90057373046875,38968100,2022-03-25 00:00:00-04:00
39.88233210915076,39.918830160652625,39.0793958599843,39.73634338378906,37428600,2022-03-28 00:00:00-04:00
40.37504475288111,40.50278445056318,39.33487466530342,39.6359748840332,46355800,2022-03-29 00:00:00-04:00
39.63598435828401,39.827597431254404,39.0064084918,39.23451614379883,36601800,2022-03-30 00:00:00-04:00
39.08851834871323,39.13413917243642,37.5921330544597,37.610382080078125,67902500,2022-03-31 00:00:00-04:00
38.039226418164745,38.084850727833015,36.816569404882664,37.31840896606445,61929200,2022-04-01 00:00:00-04:00
36.93518294004075,37.53738687729945,36.64320548443931,37.25453567504883,53761700,2022-04-04 00:00:00-04:00
36.89869032289158,37.19066782149961,36.533720189954714,36.624961853027344,51781700,2022-04-05 00:00:00-04:00
36.259985905638864,36.506339052560406,35.90413512316666,36.223487854003906,54159800,2022-04-06 00:00:00-04:00
36.3968354639889,36.478954310707294,35.44790734205292,35.94062042236328,54585000,2022-04-07 00:00:00-04:00
36.031875513381955,36.58845509480452,35.87676054626922,36.196109771728516,41018900,2022-04-08 00:00:00-04:00
36.02275145423656,36.8621892247134,35.94063257974042,36.12311935424805,34198700,2022-04-11 00:00:00-04:00
36.104864542772795,36.57020591722659,35.4479136520828,35.739891052246094,42855300,2022-04-12 00:00:00-04:00
35.128566255553274,35.59390417316886,35.00082657152724,35.4205436706543,45484200,2022-04-13 00:00:00-04:00
35.11943628614794,35.55740231903537,34.143132871237526,34.279998779296875,79032000,2022-04-14 00:00:00-04:00
34.14314592498975,35.86764240714691,33.960662618669,35.44792175292969,80080300,2022-04-18 00:00:00-04:00
35.77639434896809,36.38772451323938,35.68515270326583,36.1048698425293,53714200,2022-04-19 00:00:00-04:00
36.63408124947356,36.834813566783616,36.14136800757074,36.186988830566406,47064300,2022-04-20 00:00:00-04:00
36.49721574157235,36.68882528886063,35.2380608239073,35.50266647338867,46245900,2022-04-21 00:00:00-04:00
35.4114234139649,35.44791798296019,34.21613839306798,34.2708854675293,50409800,2022-04-22 00:00:00-04:00
33.659551198276894,34.12489257262501,32.783618997985954,34.0245246887207,64301100,2022-04-25 00:00:00-04:00
33.65043634926734,34.252640313818425,33.23071569225308,33.25809097290039,44809900,2022-04-26 00:00:00-04:00
33.093848694802325,33.67780355276974,33.00260357284148,33.075599670410156,39824900,2022-04-27 00:00:00-04:00
33.51356701017723,33.71430280501101,32.993481978694845,33.58656311035156,39567800,2022-04-28 00:00:00-04:00
33.5318076308485,33.878532058482705,32.42776799726918,32.55550765991211,47385200,2022-04-29 00:00:00-04:00
32.87485567249171,33.10296319945742,32.300027210602266,32.975223541259766,46652200,2022-05-02 00:00:00-04:00
33.157719223612204,34.33475521633804,33.148596451550745,33.8785400390625,48926000,2022-05-03 00:00:00-04:00
34.09752572360889,35.35668074805603,34.015406842000466,35.23806381225586,57860300,2022-05-04 00:00:00-04:00
34.717981632900866,34.86397038126095,33.64131330850289,34.25264358520508,48860600,2022-05-05 00:00:00-04:00
34.097520869781036,34.325628455039,33.40407534208083,34.17051696777344,50440100,2022-05-06 00:00:00-04:00
33.64130812949812,33.814672134431056,32.902241727485595,33.18509292602539,51242000,2022-05-09 00:00:00-04:00
33.53181714755572,33.87854167359425,32.09930170024786,32.628509521484375,60235300,2022-05-10 00:00:00-04:00
32.75625047129354,33.68692635151814,32.4003997163306,32.45514678955078,54969300,2022-05-11 00:00:00-04:00
31.944182907009363,32.32740543857211,31.25986018981799,31.998929977416992,61231500,2022-05-12 00:00:00-04:00
32.41865498465472,32.60114178322393,31.716083072583274,32.090179443359375,49117900,2022-05-13 00:00:00-04:00
31.935064014255854,32.090175511615136,31.39672993878971,31.761703491210938,39076500,2022-05-16 00:00:00-04:00
32.50076575091577,33.048226009861565,32.32740524993785,32.8383674621582,42635600,2022-05-17 00:00:00-04:00
32.500761715493994,32.56463154901054,31.570082523423682,31.825565338134766,47396900,2022-05-18 00:00:00-04:00
31.287242613298503,31.789078691093714,31.250744558021655,31.433231353759766,47002700,2022-05-19 00:00:00-04:00
31.752573041539648,31.91681077035852,30.07370118744859,30.89488983154297,62406500,2022-05-20 00:00:00-04:00
31.71607600673345,33.08472147012028,31.624834368099158,32.72887420654297,69081900,2022-05-23 00:00:00-04:00
32.3639032921323,32.81099218219787,31.898561898061253,32.528141021728516,46146700,2022-05-24 00:00:00-04:00
32.391273518156694,33.093845220594126,32.19966400312243,32.701499938964844,49343400,2022-05-25 00:00:00-04:00
33.30370505221153,33.613931485074374,33.15771634737285,33.45881652832031,60201200,2022-05-26 00:00:00-04:00
33.65956222335756,33.80555097122419,33.37671098222951,33.77817916870117,43365600,2022-05-27 00:00:00-04:00
33.59568123412094,34.243505870627224,33.404071718643614,33.942405700683594,71609200,2022-05-31 00:00:00-04:00
34.17963728124359,34.188763533158976,33.002601390618786,33.45881652832031,35237900,2022-06-01 00:00:00-04:00
33.41293979720126,33.688244836726625,33.10092648555425,33.67906951904297,35341900,2022-06-02 00:00:00-04:00
33.477166314870075,33.66070411333614,33.155977793073724,33.211036682128906,25235200,2022-06-03 00:00:00-04:00
33.679069599583286,34.14708781782628,33.12845601852231,33.17434310913086,40394000,2022-06-06 00:00:00-04:00
32.944916266934875,33.41293440857971,32.7980867028215,33.357872009277344,29152200,2022-06-07 00:00:00-04:00
32.96327087718738,33.13763341233962,32.59619867295395,32.93574142456055,33590600,2022-06-08 00:00:00-04:00
32.79808901504272,32.889856186323186,31.66015718742169,31.66933250427246,49419000,2022-06-09 00:00:00-04:00
30.907654074351132,31.23802148024428,30.301981663778047,30.439632415771484,49318200,2022-06-10 00:00:00-04:00
29.723839144692057,30.07256068949944,29.12734379213334,29.384296417236328,61216600,2022-06-13 00:00:00-04:00
29.29252818612811,29.916553004024863,28.65932455066393,28.870391845703125,49349800,2022-06-14 00:00:00-04:00
29.347587462866922,29.81560911744841,28.833683975026112,29.41182518005371,51540100,2022-06-15 00:00:00-04:00
28.90710020550858,29.365943065913477,28.319781904301223,29.228290557861328,61363400,2022-06-16 00:00:00-04:00
29.393468563242703,29.8981984423453,29.035571740382853,29.292524337768555,80470300,2022-06-17 00:00:00-04:00
30.182685292296828,30.549761011241394,29.93490970711327,30.145977020263672,53537200,2022-06-21 00:00:00-04:00
29.723840333539293,30.22856678658087,29.659602612280906,29.916553497314453,38305600,2022-06-22 00:00:00-04:00
29.71466660677718,29.7421960600203,28.686857760597043,29.439361572265625,44091500,2022-06-23 00:00:00-04:00
28.677676896690187,30.072559521028356,28.659322763393146,29.65042495727539,79504700,2022-06-24 00:00:00-04:00
29.751365779626113,29.916549469391363,29.28334765908643,29.6871280670166,47900300,2022-06-27 00:00:00-04:00
30.12762395374344,30.742471707561936,29.540302150688312,29.60453987121582,49863800,2022-06-28 00:00:00-04:00
29.577009539197988,29.76972269504309,29.053928972936642,29.23746681213379,35149700,2022-06-29 00:00:00-04:00
28.60426274127622,28.952982529836603,28.11788870031512,28.567554473876953,46312300,2022-06-30 00:00:00-04:00
28.429902476167754,29.063106097265862,28.10871213211239,28.962160110473633,40236100,2022-07-01 00:00:00-04:00
28.264716823907968,28.668498992919922,27.943528252320952,28.668498992919922,47411800,2022-07-05 00:00:00-04:00
28.457434231970065,28.67767859352676,28.11788974727021,28.429903030395508,35933700,2022-07-06 00:00:00-04:00
28.90709940171755,29.375117566011816,28.87956820073401,29.23746681213379,40137900,2022-07-07 00:00:00-04:00
29.37511769088055,29.59536379899198,28.96216017645139,29.173229217529297,31153800,2022-07-08 00:00:00-04:00
28.952983700343957,29.173229812950574,28.714386953988885,28.870391845703125,29311900,2022-07-11 00:00:00-04:00
28.466612195333305,29.393473256350063,28.429903925411594,28.77862548828125,39527000,2022-07-12 00:00:00-04:00
28.512495137421965,28.585909925258058,27.897645632914703,28.301427841186523,44153700,2022-07-13 00:00:00-04:00
27.613163400275994,27.732461773487806,27.22773532862357,27.649869918823242,51707800,2022-07-14 00:00:00-04:00
28.12706615719624,29.94408516068591,28.0903596396345,29.59536361694336,77801700,2022-07-15 00:00:00-04:00
30.357045384396887,30.63235040104238,29.457710295625343,29.60453987121582,56382900,2022-07-18 00:00:00-04:00
30.191858794190246,30.852590070971896,29.98996683425239,30.604814529418945,46874900,2022-07-19 00:00:00-04:00
30.448810897263385,30.696586448951315,30.237743612646195,30.613994598388672,35514900,2022-07-20 00:00:00-04:00
30.366225423001186,30.898481404517874,30.237749961969357,30.880130767822266,31244000,2022-07-21 00:00:00-04:00
30.834240910477465,31.146254216744985,30.366222701422913,30.67823600769043,27115400,2022-07-22 00:00:00-04:00
30.99941866013182,31.182956481527647,30.687405413966744,30.953535079956055,30381000,2022-07-25 00:00:00-04:00
30.65988291035431,30.99942568139152,30.246923593853072,30.32951545715332,30645700,2022-07-26 00:00:00-04:00
30.50387321384407,30.99024549876598,30.237743529353846,30.825061798095703,30344800,2022-07-27 00:00:00-04:00
30.74247138232861,30.97189281055494,30.19186135486268,30.577287673950195,40176500,2022-07-28 00:00:00-04:00
30.714939485954037,31.146249356211705,30.60481468867332,31.026952743530273,48152500,2022-07-29 00:00:00-04:00
30.85259072248273,31.10036626926793,30.4855185611177,30.935182571411133,32336700,2022-08-01 00:00:00-04:00
30.834237123130187,30.9443619240699,30.28362712120369,30.320335388183594,37884100,2022-08-02 00:00:00-04:00
30.669054906687958,30.971892872888933,30.43963347799989,30.870946884155273,30065800,2022-08-03 00:00:00-04:00
30.760822818522545,30.898473562968576,30.439630746762735,30.65070152282715,28404500,2022-08-04 00:00:00-04:00
30.540581396197823,31.504154258117953,30.503876625815654,31.164608001708984,35874500,2022-08-05 00:00:00-04:00
31.357316546048555,31.467441343022877,30.69658526766709,30.733293533325195,33454300,2022-08-08 00:00:00-04:00
30.8801233120254,31.164603621140387,30.659877217223652,31.12789535522461,40196900,2022-08-09 00:00:00-04:00
31.660154632839465,32.51360255951926,31.61427105090147,32.18323516845703,61415800,2022-08-10 00:00:00-04:00
32.82562609258169,33.09175585209476,32.715504761322286,32.9541015625,50420800,2022-08-11 00:00:00-04:00
33.18351719798188,33.32117146332288,32.752203767227236,33.31199264526367,31821700,2022-08-12 00:00:00-04:00
32.88985466588979,33.3119892353746,32.73384628109313,33.26610565185547,24908000,2022-08-15 00:00:00-04:00
33.211045088114766,33.89930938104854,33.12845323293498,33.62400436401367,31870200,2022-08-16 00:00:00-04:00
33.22022779458931,33.578124708700315,33.11010647502292,33.412940979003906,27125600,2022-08-17 00:00:00-04:00
33.266106871039675,33.40376112733504,33.03668544434285,33.293636322021484,23138300,2022-08-18 00:00:00-04:00
32.99997121405797,33.06420892187231,32.403477712825946,32.55948257446289,36485400,2022-08-19 00:00:00-04:00
31.889578553974886,31.953816273884275,31.614273539978488,31.862049102783203,31210300,2022-08-22 00:00:00-04:00
31.816164820505506,32.09147335945809,31.531684464604954,31.57756805419922,26588000,2022-08-23 00:00:00-04:00
31.430737000164985,31.93546346353262,31.247199149660393,31.678512573242188,31389400,2022-08-24 00:00:00-04:00
31.75192731243051,32.375953937128806,31.614276542704822,32.24747848510742,40576700,2022-08-25 00:00:00-04:00
32.522780404092956,32.55948867277438,31.21966837214108,31.228843688964844,36152600,2022-08-26 00:00:00-04:00
31.07284029827193,31.33897000802093,30.843418858976587,31.109548568725586,34931000,2022-08-29 00:00:00-04:00
31.36649305590955,31.458260212612764,30.779174851346685,31.28390121459961,48194900,2022-08-30 00:00:00-04:00
31.32978656593873,31.54085383885475,30.834235490035287,30.843414306640625,44917600,2022-08-31 00:00:00-04:00
30.79722646976878,30.9357876857904,30.16908839831815,30.917312622070312,32848900,2022-09-01 00:00:00-04:00
31.342233372339482,31.850285370203178,30.73257027015132,30.880367279052734,44000800,2022-09-02 00:00:00-04:00
31.074354291416018,31.1574903401241,30.12291114134729,30.538591384887695,40762400,2022-09-06 00:00:00-04:00
30.307656281397257,31.102063053565555,30.141384195098134,31.00969123840332,40742600,2022-09-07 00:00:00-04:00
30.908080574135823,32.081220967195925,30.732572713287684,32.00732421875,44361800,2022-09-08 00:00:00-04:00
32.31215002165294,32.5615581237497,32.18282808510465,32.27519989013672,37295100,2022-09-09 00:00:00-04:00
32.51536757490123,32.91257262254518,32.35833130027647,32.58002853393555,30534000,2022-09-12 00:00:00-04:00
31.942659109374613,32.07198104524115,31.231384938350164,31.406892776489258,40959600,2022-09-13 00:00:00-04:00
31.59163362161424,31.794852255918308,30.9819706711865,31.286800384521484,32004400,2022-09-14 00:00:00-04:00
31.21291352914558,32.23825688899974,31.12977748581257,31.87799835205078,44863300,2022-09-15 00:00:00-04:00
31.582405041327434,31.619355177827924,31.092828065852302,31.517744064331055,54281800,2022-09-16 00:00:00-04:00
31.148247993178305,32.21053780939221,31.065111962017358,32.04426574707031,29782000,2022-09-19 00:00:00-04:00
31.868761931395728,32.12740582816366,31.296048935512967,31.563928604125977,33591100,2022-09-20 00:00:00-04:00
31.69325236284758,31.776388399993976,30.59400881349428,30.621723175048828,51667800,2022-09-21 00:00:00-04:00
30.769519874298847,30.87112745311774,29.919684444907872,30.02129554748535,47527500,2022-09-22 00:00:00-04:00
29.4947694993251,29.642566510732653,28.82968118611174,29.310022354125977,55316100,2022-09-23 00:00:00-04:00
28.931289677682347,29.393155737062663,28.340101685476885,28.663408279418945,40360200,2022-09-26 00:00:00-04:00
28.885104256989923,28.977477822778425,27.989082959284413,28.23849105834961,43396600,2022-09-27 00:00:00-04:00
28.20154486966365,28.92205486238847,28.072221162808937,28.700359344482422,38372900,2022-09-28 00:00:00-04:00
28.349337351874404,28.543320238342375,27.905944625029324,28.321624755859375,35220900,2022-09-29 00:00:00-04:00
28.41400085487145,28.811205957210415,27.868998750994155,27.896711349487305,42294100,2022-09-30 00:00:00-04:00
28.256964075067597,28.89433969472722,27.896709132680424,28.718830108642578,34591700,2022-10-03 00:00:00-04:00
29.300783232971064,30.039770011845093,29.245359797166273,29.91044807434082,39758700,2022-10-04 00:00:00-04:00
29.134509635609348,29.58713636576246,29.051373610350474,29.48552703857422,35791100,2022-10-05 00:00:00-04:00
29.18993733590331,29.44858121954699,28.9682418234033,29.06061363220215,40891900,2022-10-06 00:00:00-04:00
28.792729823178576,28.85739078871741,28.201541838961617,28.404762268066406,52304600,2022-10-07 00:00:00-04:00
28.543320238342375,28.68187969465937,28.03526831122038,28.321624755859375,37669100,2022-10-10 00:00:00-04:00
28.053749519945555,28.14612133647003,27.31476265459348,27.499509811401367,58124000,2022-10-11 00:00:00-04:00
27.37941940804195,27.9983199974488,27.231622410142933,27.5826416015625,36137900,2022-10-12 00:00:00-04:00
27.166964967691175,29.346973612294835,27.074591391552485,29.273075103759766,67671000,2022-10-13 00:00:00-04:00
29.383919826434468,30.141381685608415,29.162224317119886,29.282310485839844,58108500,2022-10-14 00:00:00-04:00
30.815699384705756,31.286801143564688,30.363069164520788,31.05586814880371,88896800,2022-10-17 00:00:00-04:00
32.31214795268188,32.66316713209299,31.66553478758509,32.21977615356445,81937900,2022-10-18 00:00:00-04:00
31.942657205553658,32.17359022691102,31.194432947802845,31.332990646362305,43139900,2022-10-19 00:00:00-04:00
31.388417967475814,31.98884527320383,31.028162993542402,31.12977409362793,39549100,2022-10-20 00:00:00-04:00
31.000451972569333,32.367575120694006,31.000451972569333,32.28443908691406,54870300,2022-10-21 00:00:00-04:00
32.43223287310178,32.57079056649131,32.06273864321345,32.39528274536133,33765600,2022-10-24 00:00:00-04:00
32.0904485566651,32.86638351296422,31.89646217477209,32.69087219238281,37132300,2022-10-25 00:00:00-04:00
32.71859030920802,33.337492667830325,32.65392934209562,32.977237701416016,41104600,2022-10-26 00:00:00-04:00
33.3929132561751,33.59613190030374,33.04189410903227,33.1342658996582,35261900,2022-10-27 00:00:00-04:00
33.2913094639867,33.53147828647277,32.92181517303722,33.420631408691406,31659100,2022-10-28 00:00:00-04:00
33.254351602035214,33.55918484979099,33.078843792688424,33.29130172729492,32565500,2022-10-31 00:00:00-04:00
33.660788219912234,33.9563821376908,33.355958533846966,33.43909454345703,29913200,2022-11-01 00:00:00-04:00
33.319022642960526,34.4367378421456,33.208175757392816,33.33749771118164,57380600,2022-11-02 00:00:00-04:00
32.97723646388812,33.383677316736254,32.709353310899026,33.15274429321289,30046500,2022-11-03 00:00:00-04:00
33.71621722227418,34.178083211620404,33.45757339584281,33.984100341796875,39369400,2022-11-04 00:00:00-04:00
34.18732833862305,34.49216166643353,33.92868444139632,34.18732833862305,37533700,2022-11-07 00:00:00-05:00
34.26122616674514,34.566055949071526,33.947157089456965,34.279701232910156,32664300,2022-11-08 00:00:00-05:00
34.067239541751114,34.1411362745923,33.61460927947543,33.73469543457031,30164400,2022-11-09 00:00:00-05:00
34.45520544646504,35.30504078174475,34.307408456471805,35.22190475463867,45702800,2022-11-10 00:00:00-05:00
35.27733046739437,35.65606051790092,35.0741117852075,35.480552673339844,35688700,2022-11-11 00:00:00-05:00
35.18495642801319,35.34198919627839,34.87088736772441,34.880123138427734,35541400,2022-11-14 00:00:00-05:00
35.277326138407155,35.378937228910885,34.45520516797975,34.82469940185547,46082800,2022-11-15 00:00:00-05:00
34.74156842477324,34.86165459679994,34.36283836569704,34.51063537597656,23813000,2022-11-16 00:00:00-05:00
34.06724530339981,34.36283933227349,33.77165127452613,34.33512496948242,23689700,2022-11-17 00:00:00-05:00
34.90783711117581,34.9632587822983,34.104187642316376,34.35359573364258,32041800,2022-11-18 00:00:00-05:00
34.2612248253841,34.658429922984595,34.23351398910076,34.464447021484375,27935700,2022-11-21 00:00:00-05:00
34.72309003236934,34.9170729290775,34.57529303624526,34.63071823120117,23499300,2022-11-22 00:00:00-05:00
34.63071883625556,34.78775160573673,34.51986844440701,34.7415657043457,18934700,2022-11-23 00:00:00-05:00
34.843174465925074,34.98173216080984,34.69537747712642,34.82469940185547,16118500,2022-11-25 00:00:00-05:00
34.54758715946721,34.787755991232316,34.02106006496473,34.048770904541016,35428300,2022-11-28 00:00:00-05:00
34.15961026358009,34.316646542032,33.91944148470773,34.17808532714844,27048800,2022-11-29 00:00:00-05:00
34.085717922557535,34.963260650634766,33.439104709428115,34.963260650634766,51747900,2022-11-30 00:00:00-05:00
34.84246969872658,35.01900360256411,33.82042533864099,33.95979309082031,46213200,2022-12-01 00:00:00-05:00
33.504522544174364,33.718222615015584,33.27223939616962,33.52310562133789,42295300,2022-12-02 00:00:00-05:00
33.27224046113158,33.34656922780521,31.720587139728313,32.02720260620117,71386600,2022-12-05 00:00:00-05:00
32.120112908344844,32.22231805892829,30.113186683486592,30.661375045776367,84085700,2022-12-06 00:00:00-05:00
30.280432308269486,30.587044230619558,30.057438919356972,30.419803619384766,49234100,2022-12-07 00:00:00-05:00
30.63350643426101,30.652089513694047,29.899490746276065,30.141063690185547,45491100,2022-12-08 00:00:00-05:00
29.834453250539145,30.28972631443262,29.806580402158776,30.08531951904297,36985500,2022-12-09 00:00:00-05:00
30.02027889047957,30.456968850442287,29.78799571487983,30.410512924194336,41060500,2022-12-12 00:00:00-05:00
31.172397772424308,31.28389269111408,30.261848257012126,30.429092407226562,54804800,2022-12-13 00:00:00-05:00
30.47554859337407,30.661375822381636,29.88090429603754,29.992399215698242,48819500,2022-12-14 00:00:00-05:00
29.499962072159857,29.722953698783883,29.258387366938845,29.518545150756836,49027600,2022-12-15 00:00:00-05:00
29.379175926706242,29.6672065593875,29.128309679445177,29.453506469726562,61795200,2022-12-16 00:00:00-05:00
29.509253523184476,29.945945235827725,29.481378905372388,29.787994384765625,38374100,2022-12-19 00:00:00-05:00
30.103897777427502,30.27114192964118,29.8623213156257,29.908777236938477,35561100,2022-12-20 00:00:00-05:00
30.215396447625878,30.54059148153641,30.11319128143684,30.364057540893555,32544000,2022-12-21 00:00:00-05:00
30.215392723191304,30.27114195542989,29.611456884711696,30.0946044921875,30234400,2022-12-22 00:00:00-05:00
30.103902488913835,30.27114666730248,29.90878191788698,30.168941497802734,21378600,2022-12-23 00:00:00-05:00
30.19680901089458,30.354759849043607,29.9923987080104,30.224681854248047,22776100,2022-12-27 00:00:00-05:00
30.261850371928414,30.63350485268096,30.2246842149812,30.447677612304688,30541000,2022-12-28 00:00:00-05:00
30.55917116127575,30.810037392821492,30.429093162183804,30.791454315185547,22252900,2022-12-29 00:00:00-05:00
30.75428984614985,30.940117088338397,30.531299991011466,30.772872924804688,28198900,2022-12-30 00:00:00-05:00
30.87508070558488,31.67413543375927,30.856497625352905,31.135236740112305,35221500,2023-01-03 00:00:00-05:00
31.497596934904628,32.35239723584763,31.4325579356746,31.7205867767334,41998500,2023-01-04 00:00:00-05:00
31.51617868384053,31.720589006854365,31.200276976433525,31.655550003051758,34177000,2023-01-05 00:00:00-05:00
31.674138122179887,32.129414765605745,31.163115777686677,31.971460342407227,34068700,2023-01-06 00:00:00-05:00
32.28736071964845,32.29665048695589,31.32106187911907,31.488306045532227,43818800,2023-01-09 00:00:00-05:00
31.34893752727362,31.841376703182515,31.25602213460036,31.70200538635254,35096000,2023-01-10 00:00:00-05:00
31.702002267270238,31.999324405852228,31.59050735139186,31.943578720092773,36783700,2023-01-11 00:00:00-05:00
32.14798729509078,32.39885352828866,31.92499745071022,32.02720260620117,44230400,2023-01-12 00:00:00-05:00
31.776335769015393,32.88200229192227,30.74499801136934,32.733341217041016,89667800,2023-01-13 00:00:00-05:00
32.23160883125425,32.361690373376845,31.72987991764842,32.07365798950195,56458400,2023-01-17 00:00:00-05:00
31.89712812682659,31.906417894551257,31.135236032081817,31.33035659790039,54517800,2023-01-18 00:00:00-05:00
30.921530305488744,31.172396520737195,30.559169176027456,30.87507438659668,42707100,2023-01-19 00:00:00-05:00
30.940117190635036,31.4883056075058,30.74500018065388,31.451139450073242,45004400,2023-01-20 00:00:00-05:00
31.413972786004862,32.0643627354042,31.358223557045175,31.887828826904297,33683300,2023-01-23 00:00:00-05:00
31.794925935995483,32.324531354872896,31.544059651628224,32.120121002197266,26716700,2023-01-24 00:00:00-05:00
31.869247994847512,32.48247537915053,31.822792072956005,32.39885330200195,28859700,2023-01-25 00:00:00-05:00
32.566099078383644,32.844838167976064,32.3245261458995,32.835548400878906,30035500,2023-01-26 00:00:00-05:00
32.92846227268876,33.244367538801306,32.77051141181251,32.9377555847168,29964900,2023-01-27 00:00:00-05:00
32.714755920252436,33.039954436240805,32.68688307821548,32.798377990722656,27353500,2023-01-30 00:00:00-05:00
32.67759336751218,32.96562576293945,32.5196425194248,32.96562576293945,38917400,2023-01-31 00:00:00-05:00
32.7054662187818,33.69034444586068,32.62184414814686,33.37443923950195,44438700,2023-02-01 00:00:00-05:00
33.54168461715989,33.80184414892471,32.92845725801913,33.56956100463867,33729100,2023-02-02 00:00:00-05:00
33.4673604810138,34.154916698315766,33.355865548762665,33.848304748535156,37411700,2023-02-03 00:00:00-05:00
33.68105422208965,33.85758812687055,33.4301880135951,33.79254913330078,29463200,2023-02-06 00:00:00-05:00
33.606725750158645,34.377907539499546,33.56956313842392,34.164207458496094,44100200,2023-02-07 00:00:00-05:00
33.82971944244242,34.229246763102246,33.7646804408801,33.9133415222168,28032800,2023-02-08 00:00:00-05:00
33.699636055534135,33.773964812147995,33.03995283401464,33.18861389160156,35257100,2023-02-09 00:00:00-05:00
33.03066776693457,33.06783392669582,32.54751832311855,33.05854415893555,32898900,2023-02-10 00:00:00-05:00
32.965626536463716,33.2443656271559,32.882004454820084,33.12358093261719,29163900,2023-02-13 00:00:00-05:00
33.10500025186405,33.439488602666394,32.94704584426957,33.095706939697266,33625200,2023-02-14 00:00:00-05:00
32.81697313189559,33.08642251851267,32.6683120124449,33.03996658325195,23500100,2023-02-15 00:00:00-05:00
32.909878425517796,33.13287183230988,32.72405472161101,32.77980041503906,22681100,2023-02-16 00:00:00-05:00
32.59397449661877,32.882003344720886,32.27806925933666,32.8448371887207,28562700,2023-02-17 00:00:00-05:00
32.43601913880157,32.566097136564544,31.841374837965315,32.07365798950195,37068900,2023-02-21 00:00:00-05:00
31.92499956030233,32.101533494132205,31.65555023154101,31.859960556030273,38550400,2023-02-22 00:00:00-05:00
31.962166210669714,32.1479899146755,31.460433703390187,31.83208465576172,28488000,2023-02-23 00:00:00-05:00
31.460434240538547,31.859961590820355,31.441851160948694,31.785629272460938,27046600,2023-02-24 00:00:00-05:00
32.00862268317917,32.231612549537374,31.748463113281232,31.785629272460938,30137500,2023-02-27 00:00:00-05:00
31.91570335760108,32.045784898721884,31.75775251706519,31.869247436523438,32620600,2023-02-28 00:00:00-05:00
31.72988008768605,32.045785317243165,31.571925700727675,31.7205867767334,29281600,2023-03-01 00:00:00-05:00
31.477447203038945,31.51485441374284,30.860242495816532,31.318471908569336,44607200,2023-03-02 00:00:00-05:00
31.468098829360454,32.06659996252382,31.468098829360454,31.94502830505371,39109100,2023-03-03 00:00:00-05:00
32.01984336656263,32.31909393909,31.786053633816362,31.879568099975586,36646700,2023-03-06 00:00:00-05:00
31.65512645963066,31.701887257211528,30.673210355348463,30.86024284362793,52855300,2023-03-07 00:00:00-05:00
30.542290711792365,30.832191266242592,30.33655460428909,30.448776245117188,40045600,2023-03-08 00:00:00-05:00
30.186927892340965,30.289795941237106,28.34466551721554,28.55975341796875,112457900,2023-03-09 00:00:00-05:00
28.35401774513704,29.0273332990228,27.04479563344392,28.307260513305664,165330900,2023-03-10 00:00:00-05:00
27.04479190909909,27.79291821742077,26.062875906467657,26.661376953125,218403300,2023-03-13 00:00:00-04:00
28.045415232153676,28.13893147900584,26.62397327428812,26.895170211791992,154255800,2023-03-14 00:00:00-04:00
26.072227930990188,26.70813623383672,25.885197231353764,26.642675399780273,131104400,2023-03-15 00:00:00-04:00
26.539805102787692,27.559128304589716,26.287313590527308,27.091548919677734,108348800,2023-03-16 00:00:00-04:00
26.80165454739551,26.80165454739551,25.82909019654969,26.01612091064453,130665500,2023-03-17 00:00:00-04:00
26.408882551170652,26.586563210846826,25.85713875297127,25.950654983520508,81441200,2023-03-20 00:00:00-04:00
26.773598131190308,27.100904098145246,26.661380063686572,26.73619270324707,84854800,2023-03-21 00:00:00-04:00
26.848409437722783,26.876464845042772,25.847789764404297,25.847789764404297,76925900,2023-03-22 00:00:00-04:00
26.18444365849703,26.268608084378954,25.05290248513249,25.221229553222656,105335900,2023-03-23 00:00:00-04:00
24.87522788923565,25.52048805022175,24.613382746770856,25.380212783813477,96872700,2023-03-24 00:00:00-04:00
26.118986943654757,26.792300672958994,26.10028333858893,26.642675399780273,102469800,2023-03-27 00:00:00-04:00
26.539808750284838,26.79230208092043,26.165745547680658,26.296669006347656,63416500,2023-03-28 00:00:00-04:00
26.642675758163058,26.904520881584993,26.408886042717253,26.811004638671875,62666400,2023-03-29 00:00:00-04:00
27.044795644680477,27.175717320801965,26.28731742991834,26.464996337890625,67427100,2023-03-30 00:00:00-04:00
26.764246130669164,26.82035516026742,26.427588385731852,26.745542526245117,56482100,2023-03-31 00:00:00-04:00
26.78294993409462,27.100904098145246,26.493051178756946,26.73619270324707,51996800,2023-04-03 00:00:00-04:00
26.698786998760383,26.792303249408448,25.866496113708266,26.165746688842773,56233300,2023-04-04 00:00:00-04:00
25.86649336928429,26.1002830792624,25.679460887832224,25.847789764404297,47799400,2023-04-05 00:00:00-04:00
25.922602617443,26.193799539453323,25.82908815960739,26.034822463989258,41216600,2023-04-06 00:00:00-04:00
25.87584455130331,26.277963128211958,25.85714094687177,26.128337860107422,40572700,2023-04-10 00:00:00-04:00
26.203153193757316,26.88581877277558,26.147042374681842,26.848411560058594,58761200,2023-04-11 00:00:00-04:00
26.82035423250791,27.128956560134096,26.530455508658786,26.63332176208496,44313300,2023-04-12 00:00:00-04:00
26.708131790161133,26.782944414303234,26.408881293592728,26.708131790161133,52261400,2023-04-13 00:00:00-04:00
27.400154181069922,27.93319623532493,27.353396951033478,27.60589027404785,81110800,2023-04-14 00:00:00-04:00
27.839678356227633,28.438179427172294,27.493668809791576,28.400774002075195,83704400,2023-04-17 00:00:00-04:00
28.80289288924177,28.92446454291586,27.86773400603686,28.578454971313477,114498800,2023-04-18 00:00:00-04:00
28.1763330975194,28.241795710035852,27.858380755094256,28.110872268676758,65594200,2023-04-19 00:00:00-04:00
27.90513936798247,28.26985073748372,27.839678535884698,27.96124839782715,43193800,2023-04-20 00:00:00-04:00
27.820975269408994,28.036061372821845,27.50302112363612,27.933195114135742,44759000,2023-04-21 00:00:00-04:00
27.858383395694368,27.961249657765794,27.67135090955253,27.8303279876709,28020300,2023-04-24 00:00:00-04:00
27.540425737407254,27.615238365615994,26.951274729548906,26.96997833251953,49718800,2023-04-25 00:00:00-04:00
26.89516920720561,27.063498088517285,26.464995201223097,26.595918655395508,45848400,2023-04-26 00:00:00-04:00
26.670729229376793,27.19441765451772,26.670729229376793,27.01673698425293,33060100,2023-04-27 00:00:00-04:00
26.68008154418904,27.521724118118822,26.66137793987032,27.381450653076172,45592500,2023-04-28 00:00:00-04:00
27.587190952389584,27.624598169166642,27.119611444721965,27.157018661499023,34076800,2023-05-01 00:00:00-04:00
26.97933219543648,26.988683997636343,25.91324993241276,26.33407211303711,70797700,2023-05-02 00:00:00-04:00
26.33407286398304,26.652027013149613,26.00676691234992,26.053525924682617,51139500,2023-05-03 00:00:00-04:00
25.791682634880427,26.006768755835356,25.090313453239002,25.239938735961914,82173800,2023-05-04 00:00:00-04:00
25.829085415757216,26.081576922234458,25.68881017655749,25.91324806213379,50087100,2023-05-05 00:00:00-04:00
26.259259787850905,26.324720620345694,25.866493009208252,25.894548416137695,34245500,2023-05-08 00:00:00-04:00
25.642055318810616,26.02547029834355,25.473726443176858,25.866493225097656,32188800,2023-05-09 00:00:00-04:00
26.147041223075508,26.184448434144947,25.267993167031634,25.548540115356445,44446400,2023-05-10 00:00:00-04:00
25.258640742393865,25.707516562131794,25.13706909308529,25.61400032043457,34897300,2023-05-11 00:00:00-04:00
25.735572734759764,25.763626359531084,25.137069840310787,25.333454132080078,38142000,2023-05-12 00:00:00-04:00
25.342802978294092,26.016116649364243,25.277342149899273,25.857139587402344,38722800,2023-05-15 00:00:00-04:00
25.978713830155414,26.090931894745214,25.55789162875873,25.585947036743164,33347500,2023-05-16 00:00:00-04:00
25.941305582082588,26.811003574406058,25.931953779795098,26.717487335205078,61750400,2023-05-17 00:00:00-04:00
26.595916409671137,26.65202543747926,26.184446043839273,26.62397003173828,51146100,2023-05-18 00:00:00-04:00
26.61461760219409,26.811001870402112,26.21250083143251,26.28731346130371,50062500,2023-05-19 00:00:00-04:00
26.464996047268237,26.605271308628343,26.193800894898388,26.502403259277344,36473700,2023-05-22 00:00:00-04:00
26.48369944775019,27.194420417341387,26.464995841890783,26.72684097290039,51400400,2023-05-23 00:00:00-04:00
26.49304974242183,26.661378618225417,26.18444739800657,26.277963638305664,50606900,2023-05-24 00:00:00-04:00
26.175093076432095,26.40888276284218,26.072225043636056,26.343421936035156,40517800,2023-05-25 00:00:00-04:00
26.37147990177582,26.558510598864416,25.988064921519182,26.474346160888672,57879100,2023-05-26 00:00:00-04:00
26.483698448290617,26.642675524747933,26.13769067131961,26.427589416503906,41819600,2023-05-30 00:00:00-04:00
26.277962539757322,26.334071568121573,25.698163301080545,25.98806381225586,61905200,2023-05-31 00:00:00-04:00
26.167163228346215,26.374539233216765,25.771262275115415,26.186016082763672,57426100,2023-06-01 00:00:00-04:00
26.54421167006334,27.288883248008283,26.506507758648517,27.062652587890625,66578100,2023-06-02 00:00:00-04:00
27.166341372329587,27.166341372329587,26.67617794072093,26.902408599853516,34757800,2023-06-05 00:00:00-04:00
26.82699580087365,27.74133942391482,26.817571171976407,27.552814483642578,46297900,2023-06-06 00:00:00-04:00
27.618799126334125,27.948716890213305,27.345439926256294,27.788471221923828,44502600,2023-06-07 00:00:00-04:00
27.599946617664177,27.69420728989322,27.326585634060134,27.552814483642578,41483100,2023-06-08 00:00:00-04:00
27.524539570231358,27.71306273019296,27.411424235928603,27.59052276611328,32692000,2023-06-09 00:00:00-04:00
27.6187970631793,27.863878760955753,27.25117541546814,27.45855140686035,41011300,2023-06-12 00:00:00-04:00
27.458554136702052,28.090110398169095,27.36429345718443,27.713062286376953,42718800,2023-06-13 00:00:00-04:00
27.873305613122483,28.024124845148087,27.326585447552908,27.449127197265625,38322800,2023-06-14 00:00:00-04:00
27.241750844882894,27.779044612115488,27.043801266600216,27.684783935546875,42044900,2023-06-15 00:00:00-04:00
27.83559939951771,27.976992193097207,27.48682883064184,27.515108108520508,53050200,2023-06-16 00:00:00-04:00
27.345442580226877,27.373721864872156,26.94011515651463,27.213476181030273,39040900,2023-06-20 00:00:00-04:00
27.128636412951238,27.336012411585678,26.902407560466276,26.93068504333496,39553400,2023-06-21 00:00:00-04:00
26.86470441006851,26.89298369353625,26.29913132606456,26.355688095092773,50742900,2023-06-22 00:00:00-04:00
26.148305584405584,26.28969837082361,26.006912797987553,26.157732009887695,55181100,2023-06-23 00:00:00-04:00
26.204866625385524,26.65732613299577,26.195441996268773,26.478227615356445,47519300,2023-06-26 00:00:00-04:00
26.48765109432599,26.770436681939856,26.346258300519057,26.619617462158203,39081800,2023-06-27 00:00:00-04:00
26.62904747606199,26.647900330551614,26.29912971412227,26.459375381469727,37803800,2023-06-28 00:00:00-04:00
26.86470086637286,27.336011407888172,26.77043839848839,27.015520095825195,68376400,2023-06-29 00:00:00-04:00
27.27945370931858,27.43969935984591,27.024945594144537,27.043798446655273,50479000,2023-06-30 00:00:00-04:00
27.053227469596095,27.665930851749216,27.0060953337953,27.524538040161133,30995800,2023-07-03 00:00:00-04:00
27.46797949458178,27.73191406151179,27.288882772146877,27.411422729492188,37492000,2023-07-05 00:00:00-04:00
27.147489299799314,27.166342154921324,26.48765555169387,26.65732765197754,52098000,2023-07-06 00:00:00-04:00
26.676176356593007,27.16633975909399,26.666751727770393,26.892980575561523,34288000,2023-07-07 00:00:00-04:00
26.94953690767818,27.194618605014984,26.836421586635407,27.015520095825195,36086000,2023-07-10 00:00:00-04:00
27.015519957005843,27.411420881760648,26.789291113989815,27.3548641204834,40978700,2023-07-11 00:00:00-04:00
27.816750632948885,28.174945882484298,27.59052177041486,27.675357818603516,41855500,2023-07-12 00:00:00-04:00
27.826176539497233,28.156094298733127,27.722487638561255,27.96756935119629,39589000,2023-07-13 00:00:00-04:00
28.27863329267468,28.37289576323168,27.383142519243815,27.439701080322266,58720300,2023-07-14 00:00:00-04:00
27.477406991768465,27.86388153109381,27.449129507076062,27.713062286376953,49477200,2023-07-17 00:00:00-04:00
28.27863343382016,29.089288167586606,28.20322381657959,28.93846893310547,98253800,2023-07-18 00:00:00-04:00
29.117565535350032,29.88108992954048,28.92904239194679,29.720844268798828,70619800,2023-07-19 00:00:00-04:00
29.53231798017823,29.975349234766515,29.466334793102,29.871662139892578,42128800,2023-07-20 00:00:00-04:00
30.041334343298274,30.267563184735895,29.61715414191085,30.145021438598633,70872400,2023-07-21 00:00:00-04:00
30.163877517495614,30.965104075728327,30.14502466254945,30.776582717895508,64548600,2023-07-24 00:00:00-04:00
30.88026508118619,30.908546158815344,30.22985782874068,30.305269241333008,51208800,2023-07-25 00:00:00-04:00
30.390106325671347,30.67289194097048,30.30527028150019,30.550350189208984,41814600,2023-07-26 00:00:00-04:00
30.569206565594094,30.86142043937067,29.99420704393207,30.116748809814453,45529500,2023-07-27 00:00:00-04:00
30.30527149647356,30.31469612584189,29.89051588798022,30.06961441040039,33296500,2023-07-28 00:00:00-04:00
30.069613109065585,30.399530857801437,29.956499582469178,30.163875579833984,29093400,2023-07-31 00:00:00-04:00
30.013059152746028,30.107321632330347,29.61715817681769,29.805683135986328,32712000,2023-08-01 00:00:00-04:00
29.372075103424077,29.485190433324505,29.013879854902545,29.400354385375977,38855100,2023-08-02 00:00:00-04:00
29.164697683124846,29.739695338363916,29.10813912196133,29.607728958129883,27933400,2023-08-03 00:00:00-04:00
29.560600236005047,29.852812293012246,29.381501711687715,29.50404167175293,30768100,2023-08-04 00:00:00-04:00
29.60772711439978,30.069611214363576,29.60772711439978,30.050758361816406,31745200,2023-08-07 00:00:00-04:00
29.504040804310343,29.51346723140855,28.73109176132858,29.47576332092285,45951800,2023-08-08 00:00:00-04:00
29.428633026121364,29.485191592248217,29.061011335833058,29.089290618896484,30732100,2023-08-09 00:00:00-04:00
29.230678925466343,29.522890947044733,29.03272757039862,29.164695739746094,26062600,2023-08-10 00:00:00-04:00
29.03272962624708,29.598302654894923,28.98559928965438,29.49461555480957,35720700,2023-08-11 00:00:00-04:00
29.268383142978266,29.324941700973017,28.98559754463245,29.155269622802734,32563700,2023-08-14 00:00:00-04:00
28.74994567496601,28.79707601428668,28.127815846815714,28.222078323364258,43406100,2023-08-15 00:00:00-04:00
28.042977938964324,28.127813982444177,27.533961678085205,27.609373092651367,47220400,2023-08-16 00:00:00-04:00
27.750764292948197,27.845026757792958,27.439699417495376,27.599945068359375,37202200,2023-08-17 00:00:00-04:00
27.37371789030449,27.665929930914814,27.31715932922604,27.439701080322266,31430400,2023-08-18 00:00:00-04:00
27.54338682752528,27.61879644068709,27.147485908949033,27.47740364074707,34959000,2023-08-21 00:00:00-04:00
27.458552810278704,27.562241710227912,26.789292668915593,26.80814552307129,37564200,2023-08-22 00:00:00-04:00
26.817569732666016,26.87412649254943,26.56306161633017,26.817569732666016,44686600,2023-08-23 00:00:00-04:00
26.770439736111225,27.13806319943878,26.742162252867885,26.97781753540039,31934800,2023-08-24 00:00:00-04:00
26.996668607698094,27.138063215627643,26.67617727943013,26.864702224731445,34253200,2023-08-25 00:00:00-04:00
27.04380188568468,27.336013945132425,26.930686554142895,27.109785079956055,33075200,2023-08-28 00:00:00-04:00
27.232323224594683,27.581093825503228,27.07207756437839,27.496257781982422,30428200,2023-08-29 00:00:00-04:00
27.543392391876854,27.59052453331655,27.270033163156036,27.373722076416016,33366400,2023-08-30 00:00:00-04:00
27.497278540826056,27.535296648591164,27.117088398726978,27.250154495239258,37243000,2023-08-31 00:00:00-04:00
27.335699479340967,27.68737470636416,27.335699479340967,27.544803619384766,35228600,2023-09-01 00:00:00-04:00
27.506784858242778,27.677870883727174,27.088574775157547,27.23114585876465,46543600,2023-09-05 00:00:00-04:00
26.993525213227738,27.145601268623647,26.72739302272969,26.984020233154297,45022600,2023-09-06 00:00:00-04:00
27.003032447849005,27.136098554208036,26.670365369061695,26.73689842224121,35023600,2023-09-07 00:00:00-04:00
26.727393193887714,26.97451542582141,26.575315324628342,26.955507278442383,36513900,2023-09-08 00:00:00-04:00
27.09807976121895,27.335698838241683,26.99352678720425,27.069564819335938,34168300,2023-09-11 00:00:00-04:00
27.0505523958991,27.696876516633893,26.993524330213535,27.535295486450195,42284000,2023-09-12 00:00:00-04:00
27.677870622048097,27.744403672909733,27.278670503988618,27.44975471496582,37215700,2023-09-13 00:00:00-04:00
27.725393216250634,27.982022247463735,27.658860166578265,27.753908157348633,44634800,2023-09-14 00:00:00-04:00
27.516290418211646,27.64935652399463,27.326194427473332,27.4117374420166,61661100,2023-09-15 00:00:00-04:00
27.37371719138011,27.37371719138011,27.079070040859843,27.3356990814209,25752300,2023-09-18 00:00:00-04:00
27.33569883275838,27.506784858242778,27.098079755783314,27.23114585876465,34888100,2023-09-19 00:00:00-04:00
27.383224853086837,27.535300933592314,27.117092618647195,27.13610076904297,26641100,2023-09-20 00:00:00-04:00
26.955507097817314,27.174116200772804,26.6323450269746,26.660858154296875,39906000,2023-09-21 00:00:00-04:00
26.67987097011269,26.793928930278707,26.233147736316166,26.27116584777832,41284400,2023-09-22 00:00:00-04:00
26.13809867336303,26.2521566288819,25.995527588631717,26.23314666748047,32749200,2023-09-25 00:00:00-04:00
25.9860210388174,26.138097095066623,25.672363946192185,25.824440002441406,42237400,2023-09-26 00:00:00-04:00
25.881470889560404,26.242652922162765,25.729394816745657,25.919490814208984,38296300,2023-09-27 00:00:00-04:00
25.824440413438243,26.27116360916874,25.824440413438243,26.195125579833984,36734300,2023-09-28 00:00:00-04:00
26.508783351333356,26.603831343640433,25.919489062230884,26.02404022216797,40645900,2023-09-29 00:00:00-04:00
25.919489173521736,26.005032185676438,25.2636600179656,25.377717971801758,50388600,2023-10-02 00:00:00-04:00
25.178118718560505,25.2066336621817,24.541299480805506,24.626842498779297,62144500,2023-10-03 00:00:00-04:00
24.59832557084933,24.72188850368375,24.313183409198537,24.65535545349121,55696400,2023-10-04 00:00:00-04:00
24.50328266541286,24.797929846863408,24.294176693572567,24.7694149017334,49044100,2023-10-05 00:00:00-04:00
24.49377514246513,24.9309933784244,24.20863115941848,24.77891731262207,58177300,2023-10-06 00:00:00-04:00
24.484269256797614,25.05455538892331,24.446249335307403,25.007030487060547,39953700,2023-10-09 00:00:00-04:00
25.29217502957639,25.948002374056127,25.254155107229327,25.672365188598633,51960100,2023-10-10 00:00:00-04:00
25.82444442205537,26.08107349072921,25.56781535338153,25.681873321533203,38508200,2023-10-11 00:00:00-04:00
25.634346928823845,25.738899909169607,25.29217666995646,25.567813873291016,44249800,2023-10-12 00:00:00-04:00
26.071561066450123,26.347198207056156,25.206627915582153,25.434741973876953,55089700,2023-10-13 00:00:00-04:00
25.814937604663477,25.833947566818654,25.444252407086402,25.653356552124023,56817500,2023-10-16 00:00:00-04:00
25.7103841766816,26.489776295424203,25.396727058158138,26.25215721130371,95344200,2023-10-17 00:00:00-04:00
26.176120944455704,26.651359144787378,25.862461991862528,25.957509994506836,68371100,2023-10-18 00:00:00-04:00
25.90048070351736,26.404233824886642,25.548803654091678,25.624841690063477,58611000,2023-10-19 00:00:00-04:00
25.4727636479778,25.6058315603039,24.940497437342316,25.007030487060547,62058400,2023-10-20 00:00:00-04:00
24.835944728838832,24.911982759733917,24.256155423097436,24.303678512573242,59857200,2023-10-23 00:00:00-04:00
24.465260560152753,24.5888234984907,24.14209846234699,24.20863151550293,55975700,2023-10-24 00:00:00-04:00
24.123088825022837,24.379717873123763,23.93299464386233,24.284669876098633,45522400,2023-10-25 00:00:00-04:00
24.227639749671972,25.054554896950314,24.180116661632013,24.826440811157227,60921000,2023-10-26 00:00:00-04:00
24.77891495144158,24.77891495144158,23.723885759193056,23.923486709594727,64709300,2023-10-27 00:00:00-04:00
24.066060913331306,24.503280977422655,24.02804280200019,24.41773796081543,41891900,2023-10-30 00:00:00-04:00
24.465259218796245,25.07356345760161,24.44624925811117,25.035545349121094,50106700,2023-10-31 00:00:00-04:00
25.130594997119903,25.301681028790128,24.85495598767571,25.092575073242188,44046300,2023-11-01 00:00:00-04:00
25.38722207724655,26.290175322060325,25.273165932086968,26.25215721130371,63278300,2023-11-02 00:00:00-04:00
26.765412942588405,27.49728014179653,26.736898000437154,27.012537002563477,62613600,2023-11-03 00:00:00-04:00
27.145601521438223,27.34520247906028,26.63234528291933,26.926992416381836,45548000,2023-11-06 00:00:00-05:00
26.660860307968715,26.860461279796368,26.56581412536383,26.765413284301758,33081900,2023-11-07 00:00:00-05:00
26.76541044989749,26.803430369224994,26.29967731547282,26.50878143310547,31896000,2023-11-08 00:00:00-05:00
26.679870818068366,26.68937579910218,26.04305159192087,26.166614532470703,32267900,2023-11-09 00:00:00-05:00
26.385223061739815,26.394728042558985,25.986022931783264,26.309185028076172,32858500,2023-11-10 00:00:00-05:00
26.176117604877867,26.470764743882935,26.06205965367836,26.32819366455078,28521800,2023-11-13 00:00:00-05:00
27.088572651087375,27.953505878424263,27.060057711445992,27.77291488647461,66676300,2023-11-14 00:00:00-05:00
27.75390660091633,28.257657841836654,27.75390660091633,28.153106689453125,46968900,2023-11-15 00:00:00-05:00
27.972519165323316,28.229148213951362,27.772918189871582,28.077072143554688,36952800,2023-11-16 00:00:00-05:00
28.238650273579577,28.514289273409588,28.086574209152566,28.49527931213379,38493300,2023-11-17 00:00:00-05:00
28.49528113780234,28.751910192798558,28.276672007793625,28.52379608154297,46783400,2023-11-20 00:00:00-05:00
28.50478682176839,28.50478682176839,28.08657670104491,28.191129684448242,41611900,2023-11-21 00:00:00-05:00
28.267163977237644,28.31468887834529,28.058059851032827,28.16261100769043,41422700,2023-11-22 00:00:00-05:00
28.020038946235225,28.409734057185908,28.020038946235225,28.257658004760742,15815600,2023-11-24 00:00:00-05:00
28.134098794803144,28.219641806689054,28.04855578291723,28.096078872680664,42039500,2023-11-27 00:00:00-05:00
28.067564010620117,28.181620144164498,27.867963057583115,28.067564010620117,29705800,2023-11-28 00:00:00-05:00
28.400231960535294,29.09408105966653,28.333698907455936,28.808937072753906,57954900,2023-11-29 00:00:00-05:00
28.94306654047956,29.268807928706956,28.780197673725016,29.21132469177246,52547700,2023-11-30 00:00:00-05:00
29.125095242229467,29.7478354078434,29.07719285539721,29.661609649658203,46133300,2023-12-01 00:00:00-05:00
29.2496477290356,29.699936429963174,29.24006688509768,29.527484893798828,37811300,2023-12-04 00:00:00-05:00
29.393354900111984,29.498742349496947,29.058032692635386,29.297548294067383,45723100,2023-12-05 00:00:00-05:00
29.489162752054305,30.198128742963277,29.16342137415571,29.24964714050293,49803100,2023-12-06 00:00:00-05:00
29.30712911555481,29.632870479448158,29.25922672624774,29.37419319152832,32699600,2023-12-07 00:00:00-05:00
29.38377251678506,29.834061166028597,29.32628928711457,29.661609649658203,34794300,2023-12-08 00:00:00-05:00
29.623290808975423,29.77658065365801,29.4220967457301,29.55622673034668,32254000,2023-12-11 00:00:00-05:00
29.479580618967592,29.565806381543577,29.173000941968095,29.450838088989258,34566700,2023-12-12 00:00:00-05:00
29.46042006137805,30.782547253307325,29.3454517644176,30.696321487426758,60311100,2023-12-13 00:00:00-05:00
31.2519975105942,32.641188856932644,31.20409511686909,32.516639709472656,107190000,2023-12-14 00:00:00-05:00
32.40166997743747,32.59328318780044,31.89389807648591,32.190895080566406,83771800,2023-12-15 00:00:00-05:00
32.29628288544858,32.3729296323269,32.00886489409096,32.02802658081055,40694700,2023-12-18 00:00:00-05:00
31.64480193529644,32.257961325929834,31.424448007707454,32.104671478271484,44534800,2023-12-19 00:00:00-05:00
31.980125472905268,32.29628417965261,31.568158328720706,31.596899032592773,44711400,2023-12-20 00:00:00-05:00
31.84599205455732,32.04718425786316,31.510668060996665,31.807668685913086,32325700,2023-12-21 00:00:00-05:00
31.817251681613207,32.25795951200942,31.80767266561244,32.02802658081055,37265900,2023-12-22 00:00:00-05:00
32.0471893576932,32.53579959415061,31.970542608207552,32.43999481201172,24845400,2023-12-26 00:00:00-05:00
32.382506402168296,32.526217215237864,32.24837825915286,32.42082977294922,24498600,2023-12-27 00:00:00-05:00
32.4016709750827,32.54538180095927,32.353768584696546,32.45915603637695,21799600,2023-12-28 00:00:00-05:00
32.51663473066619,32.56454077177451,32.14299100021532,32.257957458496094,28060700,2023-12-29 00:00:00-05:00
31.98969962619005,32.64118228285145,31.87473317346087,32.47831344604492,36668600,2024-01-02 00:00:00-05:00
32.23880282776056,32.353769298166206,31.84599737038293,32.12383270263672,45988700,2024-01-03 00:00:00-05:00
32.16215341803083,32.87112117879369,32.13341271648568,32.38250732421875,39834600,2024-01-04 00:00:00-05:00
32.38251122557831,33.235186251512864,32.29628545583671,32.98609161376953,49242400,2024-01-05 00:00:00-05:00
32.86154516619636,32.86154516619636,32.22922402106987,32.7274169921875,40253900,2024-01-08 00:00:00-05:00
32.40167319699736,32.420834885409434,32.10467250868768,32.219642639160156,39268800,2024-01-09 00:00:00-05:00
32.09509030274393,32.219639437687555,31.84599568757467,32.190895080566406,34904000,2024-01-10 00:00:00-05:00
31.96096358230821,32.09509173914975,31.405285612858208,31.7597713470459,48790600,2024-01-11 00:00:00-05:00
30.897516265671804,31.798093718647,30.619677257778292,31.424449920654297,74344300,2024-01-12 00:00:00-05:00
31.0508034616219,31.146608243510663,30.48554647715461,30.772964477539062,58420800,2024-01-16 00:00:00-05:00
30.38973996552266,30.64841726311502,29.958612963561144,30.466384887695312,48811300,2024-01-17 00:00:00-05:00
30.418480381118677,30.437642067168998,30.083158184673923,30.39931869506836,35484400,2024-01-18 00:00:00-05:00
30.466384387712164,30.878351522889048,30.246030468501896,30.868772506713867,49493600,2024-01-19 00:00:00-05:00
31.002900258683233,31.606480601984973,30.964576885044185,31.1849308013916,43903400,2024-01-22 00:00:00-05:00
31.17535415103779,31.443610477431225,31.03164331634511,31.395708084106445,30003400,2024-01-23 00:00:00-05:00
31.644801423952288,31.941802097930378,31.529834953745816,31.596899032592773,36403900,2024-01-24 00:00:00-05:00
31.817250704270528,32.0471872831244,31.45318963193564,31.989702224731445,46204000,2024-01-25 00:00:00-05:00
31.9992858780902,32.25795951200942,31.922639131211877,32.02802658081055,30839800,2024-01-26 00:00:00-05:00
31.99928537478362,32.238800972934044,31.845995538156068,32.200477600097656,30269300,2024-01-29 00:00:00-05:00
32.47831493591505,33.42679461019602,32.420829879554645,33.330989837646484,60315700,2024-01-30 00:00:00-05:00
33.120222248839134,33.6279942337071,32.5741268846215,32.58370590209961,54716000,2024-01-31 00:00:00-05:00
32.50705867521184,32.81363836168811,31.548996241293935,32.14299392700195,57084800,2024-02-01 00:00:00-05:00
31.970536795406332,32.29627811205854,31.778923611249002,32.06634521484375,40416000,2024-02-02 00:00:00-05:00
31.72144802177916,31.893899553620958,31.48193241141202,31.606481552124023,43573000,2024-02-05 00:00:00-05:00
31.53941448623111,31.960964308416592,31.501094765347364,31.65438461303711,27188000,2024-02-06 00:00:00-05:00
31.6735505109218,31.865160104964247,31.2615833052368,31.788516998291016,29660100,2024-02-07 00:00:00-05:00
31.663965426747282,31.884319366888146,31.424449797717852,31.731029510498047,36852200,2024-02-08 00:00:00-05:00
31.711861427717857,31.855572238047266,31.46276683182697,31.683120727539062,36176000,2024-02-09 00:00:00-05:00
31.616058650575194,32.54538033193518,31.596896964342022,32.21005630493164,34160400,2024-02-12 00:00:00-05:00
31.731023174555947,31.913057355290167,30.993314745882174,31.376541137695312,43801500,2024-02-13 00:00:00-05:00
31.5968935965625,31.788506783753,31.491506160871843,31.740604400634766,27833900,2024-02-14 00:00:00-05:00
31.92263895862964,32.80405826937493,31.92263895862964,32.64118576049805,41683100,2024-02-15 00:00:00-05:00
32.49747447829158,32.717832043897644,31.127448624460083,32.66034698486328,33290700,2024-02-16 00:00:00-05:00
32.36334560063454,32.66034625022122,32.353766585036595,32.535797119140625,30372900,2024-02-20 00:00:00-05:00
31.96096364071448,32.32502839189122,31.77892943776702,32.286705017089844,37847100,2024-02-21 00:00:00-05:00
31.970541017797338,32.64118542356211,31.970541017797338,32.200477600097656,42756900,2024-02-22 00:00:00-05:00
32.31544792446523,32.62202763434598,32.08551496941388,32.49747848510742,30586000,2024-02-23 00:00:00-05:00
32.3729291231434,32.78489624433956,32.12383085442489,32.200477600097656,31129200,2024-02-26 00:00:00-05:00
32.31544313907697,32.98608752564907,32.29628145320715,32.842376708984375,40536300,2024-02-27 00:00:00-05:00
32.784902304813194,33.14896344990364,32.67951483739067,32.87112808227539,39548600,2024-02-28 00:00:00-05:00
33.12196979234274,33.430709077522124,32.948303484371515,33.30528259277344,43863400,2024-02-29 00:00:00-05:00
33.314936028000844,33.43071604441839,32.83253033431783,33.14126968383789,38432300,2024-03-01 00:00:00-05:00
33.083378202326756,34.17361225027887,33.04478486953302,33.913116455078125,49136400,2024-03-04 00:00:00-05:00
33.70086006512836,34.46306189945143,33.642970060337944,34.14467239379883,47591600,2024-03-05 00:00:00-05:00
34.39552433990718,34.53059733312233,33.83593201891526,34.173614501953125,49149700,2024-03-06 00:00:00-05:00
34.347281490229555,34.63672783035072,34.00959900070566,34.37622833251953,35900700,2024-03-07 00:00:00-05:00
34.60777807084343,34.85863105374137,34.25079894337168,34.3472785949707,42769900,2024-03-08 00:00:00-05:00
34.14467333156335,34.66567234759666,34.02889699926592,34.627079010009766,34131500,2024-03-11 00:00:00-04:00
34.636724277986225,34.877927083040554,34.52094428162699,34.694610595703125,29260400,2024-03-12 00:00:00-04:00
34.69461427846034,35.16737344595277,34.69461427846034,34.810394287109375,38289600,2024-03-13 00:00:00-04:00
34.65602253628148,34.94546889075431,34.231506859765034,34.43411636352539,40178100,2024-03-14 00:00:00-04:00
34.03854063617112,34.74285242592603,33.99995098228676,34.16396713256836,69646400,2024-03-15 00:00:00-04:00
34.405168794300934,34.820037923422575,34.1446693169132,34.74285125732422,50617900,2024-03-18 00:00:00-04:00
34.62707681824973,35.109482466161744,34.58848348310565,34.762149810791016,46113800,2024-03-19 00:00:00-04:00
34.57883943293282,35.58224413480267,34.47270959401883,35.456817626953125,40519000,2024-03-20 00:00:00-04:00
35.6304862081761,36.276908096094786,35.58224637303439,36.1900749206543,43219500,2024-03-21 00:00:00-04:00
36.093590437428894,36.286553432728375,35.69801795327331,35.74625778198242,29001100,2024-03-22 00:00:00-04:00
35.79449513888178,35.968161454612385,35.54364583863911,35.56294250488281,30480200,2024-03-25 00:00:00-04:00
35.698021715902044,35.92957807076044,35.505058700263945,35.784854888916016,33673400,2024-03-26 00:00:00-04:00
35.939223203165156,36.51810854767513,35.929576708957406,36.47951889038086,36350200,2024-03-27 00:00:00-04:00
36.39268065262359,36.662826618379356,36.103234340213554,36.58563995361328,42262500,2024-03-28 00:00:00-04:00
36.60493743297732,37.000509897534165,36.122531808861034,36.1997184753418,33908000,2024-04-01 00:00:00-04:00
35.881331257222385,36.25761075932638,35.85238809570018,35.98746109008789,34806800,2024-04-02 00:00:00-04:00
36.08394223800398,36.68212418273662,35.9585157449194,36.12253189086914,33338500,2024-04-03 00:00:00-04:00
36.37338583372694,36.62423514603107,35.57259070819129,35.62083053588867,42888200,2024-04-04 00:00:00-04:00
35.51470696006912,36.026055795540245,35.43752028579103,35.80414962768555,30823500,2024-04-05 00:00:00-04:00
35.89098108277229,36.25761040716588,35.8234445862344,36.180423736572266,29470300,2024-04-08 00:00:00-04:00
36.190072628174164,36.440925643762256,35.8909834609634,36.4023323059082,30967300,2024-04-09 00:00:00-04:00
35.871685124890675,35.919924954734654,35.263852963559884,35.36033630371094,37610700,2024-04-10 00:00:00-04:00
35.45681450307033,35.45681450307033,34.781445871681164,35.07088851928711,38604000,2024-04-11 00:00:00-04:00
34.549894354633516,34.82004034383051,34.27974468497346,34.53059768676758,47126100,2024-04-12 00:00:00-04:00
35.05159636628438,35.46646184009474,34.50165053814973,34.684967041015625,44392000,2024-04-15 00:00:00-04:00
34.829686024033656,34.897222519755495,32.94830695683544,33.45965576171875,95566100,2024-04-16 00:00:00-04:00
33.662267036992766,34.49200537760793,33.52719403837415,33.99030303955078,65951400,2024-04-17 00:00:00-04:00
34.28939298566143,34.723558787765754,33.94206034397797,34.51129913330078,44506200,2024-04-18 00:00:00-04:00
34.82969025447223,35.81379832940183,34.79110059541762,35.6690788269043,56273700,2024-04-19 00:00:00-04:00
35.698020452156385,36.57599864578819,35.57259394436234,36.4023323059082,43867100,2024-04-22 00:00:00-04:00
36.6049405563243,37.06804955333556,36.498814401552195,37.01980972290039,39180300,2024-04-23 00:00:00-04:00
36.682122619879536,37.13558506600648,36.66282595403768,36.97156524658203,28670600,2024-04-24 00:00:00-04:00
36.595293066667416,36.923329057349115,36.06464758539312,36.57599639892578,41116000,2024-04-25 00:00:00-04:00
36.59529328797898,36.96192261636116,36.450570119273024,36.49881362915039,28668700,2024-04-26 00:00:00-04:00
36.508468253148685,36.72072796639672,36.13219234727363,36.22867202758789,26438800,2024-04-29 00:00:00-04:00
36.03569662826879,36.34443591595079,35.67871751697321,35.70766067504883,30283800,2024-04-30 00:00:00-04:00
35.900629606123246,36.1900722762878,35.476113935246126,35.6497802734375,32272000,2024-05-01 00:00:00-04:00
36.054992659394564,36.17077265058506,35.3603311145644,35.582237243652344,34860300,2024-05-02 00:00:00-04:00
35.9392204284668,36.20936641098631,35.77520427635508,35.9392204284668,34082700,2024-05-03 00:00:00-04:00
36.33479585047666,36.460222358428055,36.04535317713467,36.363739013671875,28422300,2024-05-06 00:00:00-04:00
36.3733842001663,36.807549990869816,36.3733842001663,36.50845718383789,29119500,2024-05-07 00:00:00-04:00
36.37338725870919,36.4891635858112,36.199720927824636,36.383033752441406,32803300,2024-05-08 00:00:00-04:00
36.20936728654314,37.06804876356885,36.141830789280206,36.93297576904297,26855400,2024-05-09 00:00:00-04:00
37.12593946947239,37.415382131855296,36.98121997851251,37.09699630737305,27359100,2024-05-10 00:00:00-04:00
37.26100901467373,37.4153786656746,36.83649339453704,36.86543655395508,24060600,2024-05-13 00:00:00-04:00
37.04876023872902,37.42503610607756,37.019813393227466,37.13559341430664,27594800,2024-05-14 00:00:00-04:00
37.43467979354929,37.85919914474274,37.41538312481657,37.540809631347656,34084400,2024-05-15 00:00:00-04:00
37.550454631447685,37.97497396575061,37.34784513851025,37.839900970458984,32554200,2024-05-16 00:00:00-04:00
38.061806029637864,38.10039936445067,37.782009872939476,37.90743637084961,25537300,2024-05-17 00:00:00-04:00
37.87849133932535,38.08110451654187,37.425032515229226,37.453975677490234,28369800,2024-05-20 00:00:00-04:00
37.40573715251117,38.35125185082562,37.40573715251117,38.2547721862793,31799200,2024-05-21 00:00:00-04:00
38.023210787991594,38.409136755839846,37.95567429568757,38.36089324951172,42837600,2024-05-22 00:00:00-04:00
38.37054160376993,38.43807809287197,37.56974654661342,37.79165267944336,39033900,2024-05-23 00:00:00-04:00
37.78201005214793,38.380192022731855,37.695176888638734,38.303009033203125,22166300,2024-05-24 00:00:00-04:00
38.25476796167989,38.34160112236762,37.73376899755348,37.936378479003906,31217900,2024-05-28 00:00:00-04:00
37.473266852084684,37.531156848582945,37.203120896018035,37.35749053955078,26677500,2024-05-29 00:00:00-04:00
37.3671438798028,37.74341972483956,36.26725950801433,37.27066421508789,50989100,2024-05-30 00:00:00-04:00
37.33819447749003,38.669634974767085,37.29960114586746,38.582801818847656,58188400,2024-05-31 00:00:00-04:00
38.63104660678024,38.7757660982656,37.974974606749804,38.47667694091797,31898600,2024-06-03 00:00:00-04:00
38.22582048009436,38.72752276893628,38.03285749508396,38.28371047973633,26974200,2024-06-04 00:00:00-04:00
38.418782912570265,38.58280273563218,38.1293402794488,38.553855895996094,34140300,2024-06-05 00:00:00-04:00
38.50561852123692,38.59245168474612,38.032859368695064,38.303009033203125,38676400,2024-06-06 00:00:00-04:00
38.12828864923646,38.78835098943633,38.12828864923646,38.61362838745117,25928700,2024-06-07 00:00:00-04:00
38.41948979631292,38.671864793763426,38.060335776876705,38.5068473815918,37176200,2024-06-10 00:00:00-04:00
38.176824468356266,38.1962347988104,37.332330682520116,37.720603942871094,44629000,2024-06-11 00:00:00-04:00
38.63303515736772,38.710691278248035,37.95355891105557,38.25447082519531,38964700,2024-06-12 00:00:00-04:00
38.137990542166854,38.1962289302779,37.78854540210996,38.10886764526367,40018700,2024-06-13 00:00:00-04:00
37.95356024924405,38.322419430735685,37.769132509922116,38.08945846557617,32347900,2024-06-14 00:00:00-04:00
37.943859835026814,38.37095745984851,37.83708450310933,38.35154342651367,26135400,2024-06-17 00:00:00-04:00
38.40007811537073,38.84658974741215,38.30300795437388,38.81747055053711,30804500,2024-06-18 00:00:00-04:00
38.613625063867744,39.12808766003097,38.5845058669927,38.81747055053711,29383300,2024-06-20 00:00:00-04:00
38.681575748799375,38.73981785055242,38.21565004332008,38.33213424682617,72244900,2024-06-21 00:00:00-04:00
38.60392208748687,39.157209076564335,38.48744159053589,38.84659194946289,31064900,2024-06-24 00:00:00-04:00
38.61362275317553,38.895120648949124,38.19623034298648,38.2253532409668,30596000,2024-06-25 00:00:00-04:00
38.02150861680275,38.19623119720087,37.3420360295299,37.85649490356445,44310200,2024-06-26 00:00:00-04:00
37.56529393479981,38.196233330048315,37.215848754490814,38.09916687011719,29464200,2024-06-27 00:00:00-04:00
38.574800785971966,38.885417896139444,38.167113514597126,38.603919982910156,52028200,2024-06-28 00:00:00-04:00
38.739813274949185,39.15720569775976,38.50684859830108,38.83687973022461,26770500,2024-07-01 00:00:00-04:00
38.82717585465342,39.759027186481575,38.78834779011524,39.72990798950195,35626100,2024-07-02 00:00:00-04:00
39.81726707488226,39.99198965276531,39.555183208057684,39.70078659057617,17100700,2024-07-03 00:00:00-04:00
39.72990861510935,39.7590278125475,39.10867438410831,39.225154876708984,23489000,2024-07-05 00:00:00-04:00
39.40958300703532,39.83668432205017,39.24456928285096,39.42899703979492,26728500,2024-07-08 00:00:00-04:00
39.564895189720026,40.60352567181416,39.40958661626783,40.205543518066406,34697200,2024-07-09 00:00:00-04:00
40.06964372747171,40.53556938676231,39.86580194581607,40.51615905761719,25333400,2024-07-10 00:00:00-04:00
40.54528219225227,40.67147156103996,40.17642295425277,40.584110260009766,33824600,2024-07-11 00:00:00-04:00
40.27349322559172,40.69088199507211,39.88521995273063,40.37055969238281,31856600,2024-07-12 00:00:00-04:00
40.62293035917134,40.99178955843754,40.477330674642445,40.66175842285156,36648100,2024-07-15 00:00:00-04:00
41.27328805029296,43.09816633777687,40.982084974263664,42.836082458496094,75953300,2024-07-16 00:00:00-04:00
42.370153218140416,43.136987056260956,42.370153218140416,42.69047546386719,65713600,2024-07-17 00:00:00-04:00
42.34103548238913,42.942859391949554,41.671268012153604,41.74892044067383,48549200,2024-07-18 00:00:00-04:00
41.603322811297,42.282799183065656,41.43830537538182,41.64215087890625,43903000,2024-07-19 00:00:00-04:00
41.38976930554219,41.61302512472152,40.729707012817194,41.05973815917969,42838300,2024-07-22 00:00:00-04:00
40.982083790152586,41.525661862275335,40.91413653113724,41.16651153564453,36705100,2024-07-23 00:00:00-04:00
41.04032608158527,41.4965466093362,40.83648428517036,40.952964782714844,36567200,2024-07-24 00:00:00-04:00
40.787951238042275,41.0597403011612,40.43850604097607,40.45792007446289,41593900,2024-07-25 00:00:00-04:00
40.36085026604377,40.729705763189415,40.19583284650138,40.44820785522461,52049300,2024-07-26 00:00:00-04:00
40.55497931779883,40.652049467948544,39.7784366308392,39.88521194458008,37133100,2024-07-29 00:00:00-04:00
39.846385314197974,40.66175609047278,39.61342435117531,40.06964111328125,44163200,2024-07-30 00:00:00-04:00
40.0211093183398,40.166712702568994,39.04072480011995,39.12808609008789,50851600,2024-07-31 00:00:00-04:00
39.254268389056314,39.26397725536165,37.837077541977145,38.34183120727539,60107800,2024-08-01 00:00:00-04:00
36.88581387445322,37.400272725159326,36.08985713444284,36.47813034057617,76728000,2024-08-02 00:00:00-04:00
34.60471820058697,35.876305701801705,34.10966968864957,35.57539749145508,76075200,2024-08-05 00:00:00-04:00
35.57539848038153,36.21604668204934,35.468623162962274,35.83747863769531,40614100,2024-08-06 00:00:00-04:00
36.98288746381659,37.45852204800503,36.17722540440766,36.20634460449219,44952400,2024-08-07 00:00:00-04:00
36.71109247829011,37.293498603304094,36.555783931429865,37.089656829833984,36557800,2024-08-08 00:00:00-04:00
37.04112373268895,37.32262163199699,36.79845389594365,37.1576042175293,26411200,2024-08-09 00:00:00-04:00
37.371160667421144,37.594416507586004,36.895526084218844,37.05083465576172,33040600,2024-08-12 00:00:00-04:00
37.244963696593395,37.35173901202721,37.002293871642976,37.33232498168945,21553500,2024-08-13 00:00:00-04:00
37.390571629627445,37.778841175159336,37.303210333884344,37.67206954956055,25658900,2024-08-14 00:00:00-04:00
38.273889548809095,38.51655940204636,37.827377907536075,37.885616302490234,37379800,2024-08-15 00:00:00-04:00
37.85649989406312,38.264183500170425,37.84679472847178,38.18653106689453,26886600,2024-08-16 00:00:00-04:00
38.32241964125673,38.57479834155503,38.29330044616377,38.5068473815918,27268900,2024-08-19 00:00:00-04:00
37.97297638431528,38.08946057619747,37.21584765132102,37.55558395385742,44440800,2024-08-20 00:00:00-04:00
37.73030341640641,37.846787598648774,37.26437779597998,37.61382293701172,33751100,2024-08-21 00:00:00-04:00
37.642943160466174,38.13799169141376,37.43910139023966,38.08945846557617,35421600,2024-08-22 00:00:00-04:00
38.118580285417465,38.992189519195485,38.118580285417465,38.603919982910156,45616600,2024-08-23 00:00:00-04:00
38.827171654122374,39.02130825296252,38.49714054694843,38.749515533447266,44659500,2024-08-26 00:00:00-04:00
38.82717333900553,38.95336268915469,38.44860899140588,38.5068473815918,32323900,2024-08-27 00:00:00-04:00
38.18652950796191,39.08926168788724,38.176824342766764,38.77864456176758,40700500,2024-08-28 00:00:00-04:00
38.875707015431104,39.15720491408313,38.37095331183542,38.9921875,34810800,2024-08-29 00:00:00-04:00
38.99218761172728,39.661958731325235,38.95336325199163,39.55518341064453,49098200,2024-08-30 00:00:00-04:00
39.39016853587062,39.70078562167142,39.05042855256818,39.506649017333984,48489300,2024-09-03 00:00:00-04:00
39.46782381293209,39.74932172445632,39.0989646082744,39.31251525878906,39629600,2024-09-04 00:00:00-04:00
39.60371816166429,39.73961268308883,38.83688055894242,38.963069915771484,34214500,2024-09-05 00:00:00-04:00
38.85560014257465,38.963071595480436,37.673421614588925,37.86882019042969,47007600,2024-09-06 00:00:00-04:00
38.347557086116474,38.79697979061014,38.20100442174333,38.5625,37610200,2024-09-09 00:00:00-04:00
38.923991099467514,38.923991099467514,37.44871095382346,38.37686538696289,53983900,2024-09-10 00:00:00-04:00
38.093533564391784,38.132611041625914,37.13606269587464,38.103302001953125,41190000,2024-09-11 00:00:00-04:00
38.152155448852305,38.42572017870787,37.644110924250995,37.888362884521484,39921600,2024-09-12 00:00:00-04:00
37.986067720712036,38.19123848266985,37.556181864812636,37.761356353759766,31887300,2024-09-13 00:00:00-04:00
37.91767838123782,38.30847930958446,37.89813777577208,38.20100784301758,26336400,2024-09-16 00:00:00-04:00
38.37686297954292,38.88490745350085,38.30847273564366,38.640655517578125,27769400,2024-09-17 00:00:00-04:00
38.70904541015625,39.19754927756808,38.51364311779378,38.70904541015625,42527800,2024-09-18 00:00:00-04:00
39.11939099091812,40.106167173156074,39.09007822422576,39.93030548095703,57977800,2024-09-19 00:00:00-04:00
39.68605600790663,39.79352746280835,39.31479572532305,39.3441047668457,70725000,2024-09-20 00:00:00-04:00
39.28548328170443,39.51019463154413,38.836060582025034,38.95330047607422,31714800,2024-09-23 00:00:00-04:00
38.933758178059726,39.060770231828684,38.347555006338006,38.5429573059082,32534900,2024-09-24 00:00:00-04:00
38.347557067871094,38.50387817053317,38.044683300905604,38.347557067871094,28866000,2024-09-25 00:00:00-04:00
38.48433894802811,38.80675333027144,38.210777940298655,38.611351013183594,39601400,2024-09-26 00:00:00-04:00
38.7383620656492,38.98261402387652,38.44525673418512,38.494110107421875,27861100,2024-09-27 00:00:00-04:00
38.32801542374765,38.875141131707686,38.1228446808835,38.767669677734375,35055200,2024-09-30 00:00:00-04:00
38.60157819039507,38.65043156407734,38.04468401871735,38.3182487487793,26291200,2024-10-01 00:00:00-04:00
38.347558793062056,38.63089196906783,38.152156474196374,38.32801818847656,23302700,2024-10-02 00:00:00-04:00
38.08376450831839,38.36709767157749,37.83951255247207,38.347557067871094,26030200,2024-10-03 00:00:00-04:00
39.01192059067439,39.32456277920711,38.709046839975684,39.187782287597656,34209900,2024-10-04 00:00:00-04:00
39.285485026940975,39.510196386763354,38.796981098547306,39.04123306274414,27177500,2024-10-07 00:00:00-04:00
39.12916081892425,39.22686383305597,38.894681038985915,39.01192092895508,26023600,2024-10-08 00:00:00-04:00
38.953303210499755,39.46134775636174,38.806754264398165,39.26594543457031,27421000,2024-10-09 00:00:00-04:00
39.090079981473274,39.2073235995357,38.855600199326304,39.051002502441406,26182300,2024-10-10 00:00:00-04:00
39.56881909250946,41.200420461196344,39.471119795422425,40.98548126220703,50660700,2024-10-11 00:00:00-04:00
40.99524551758188,41.21018842162569,40.76076573770581,40.94639587402344,28098900,2024-10-14 00:00:00-04:00
42.236046900813434,42.36305895883361,41.08317739444933,41.17110824584961,61490000,2024-10-15 00:00:00-04:00
41.23949471251549,42.10903098163733,41.18087663494958,41.8159294128418,42437800,2024-10-16 00:00:00-04:00
41.84524807513197,42.0113376209577,41.49352465221964,41.62053298950195,31708600,2024-10-17 00:00:00-04:00
41.45443723369521,41.66938012149579,41.14179506616089,41.34696578979492,30593500,2024-10-18 00:00:00-04:00
41.27857442217976,41.434895501681254,40.78030214595266,40.79983901977539,26589500,2024-10-21 00:00:00-04:00
40.692377867772876,41.43490218339593,40.61421545192354,41.327430725097656,37104400,2024-10-22 00:00:00-04:00
41.22973179662803,41.49352436196701,41.053870086402036,41.366512298583984,28569400,2024-10-23 00:00:00-04:00
41.3469696409542,41.67915244077333,41.005018403047295,41.66938400268555,28392000,2024-10-24 00:00:00-04:00
41.933173856866496,41.99179566779853,40.82915770339792,40.926856994628906,27466900,2024-10-25 00:00:00-04:00
41.10271831814578,41.7670839279067,41.04409650775899,41.640071868896484,24527600,2024-10-28 00:00:00-04:00
41.61076109016621,41.825703992289355,41.49352120127579,41.55213928222656,22313500,2024-10-29 00:00:00-04:00
40.750997026147495,41.913638767103734,40.68260677397233,41.33720397949219,38100500,2024-10-30 00:00:00-04:00
41.31765811665158,41.571678488546816,40.8389226853633,40.858463287353516,28138200,2024-10-31 00:00:00-04:00
41.18087514511202,41.45443610249251,40.790070582864026,40.79983901977539,31220000,2024-11-01 00:00:00-04:00
40.653295029832485,41.05386807752632,40.16479113132835,40.37973403930664,31110100,2024-11-04 00:00:00-05:00
40.555588205852935,41.04409205848757,40.42857988759973,40.917083740234375,30851400,2024-11-05 00:00:00-05:00
43.76994947032454,44.50270533331096,42.988343961870164,44.36592483520508,110086700,2024-11-06 00:00:00-05:00
44.00443128059849,44.19006141697669,43.48661462314114,43.740638732910156,48339700,2024-11-07 00:00:00-05:00
44.102129887964054,44.45385327946042,43.91649975444713,44.09236145019531,38331800,2024-11-08 00:00:00-05:00
44.55155602818097,45.450405179317485,44.53201915112484,45.02052307128906,43293500,2024-11-11 00:00:00-05:00
45.07914114172633,45.3820149138454,44.78603953512127,44.805580139160156,38155900,2024-11-12 00:00:00-05:00
45.13776012007682,45.41132110546873,44.776268285524814,44.815345764160156,36903900,2024-11-13 00:00:00-05:00
44.89350754079454,45.09867827693817,44.67856463988852,44.84465789794922,35733100,2024-11-14 00:00:00-05:00
44.57109384391647,45.7630445271868,44.57109384391647,45.675113677978516,40488900,2024-11-15 00:00:00-05:00
45.67511440008988,45.93890695188522,45.421094013354896,45.64580535888672,32360300,2024-11-18 00:00:00-05:00
44.93259215139727,45.5481044064791,44.89351094336344,45.342933654785156,28534100,2024-11-19 00:00:00-05:00
45.499252712747555,45.56764296023506,44.86419615523328,45.000980377197266,28021000,2024-11-20 00:00:00-05:00
45.32339060639524,45.968215596220425,45.235459756555954,45.391780853271484,45336500,2024-11-21 00:00:00-05:00
45.303852757602186,46.13431166256827,45.215921902417286,45.919368743896484,37996200,2024-11-22 00:00:00-05:00
46.173387730691736,46.64235476198404,46.07568843991612,46.40787124633789,42718600,2024-11-25 00:00:00-05:00
46.4176389854444,46.74005334872779,46.1245373905434,46.652122497558594,30301500,2024-11-26 00:00:00-05:00
46.7205148384908,46.87683594457359,46.554425293835585,46.67166519165039,23278400,2024-11-27 00:00:00-05:00
46.70097769116392,46.97454244229994,46.407876061436944,46.41764450073242,23262000,2024-11-29 00:00:00-05:00
46.642352688681655,46.72051137243011,45.77281264067883,45.95844650268555,35891500,2024-12-02 00:00:00-05:00
46.2808570995671,46.38832855076697,45.57741403833057,45.74350357055664,38123800,2024-12-03 00:00:00-05:00
45.616494289069266,45.70442514294152,45.06937228896555,45.30385208129883,24941300,2024-12-04 00:00:00-05:00
45.48948663354206,46.15385226671927,45.430864821089074,45.919368743896484,31572100,2024-12-05 00:00:00-05:00
46.23375014479603,46.23375014479603,45.58533817814927,45.92919158935547,28931700,2024-12-06 00:00:00-05:00
45.74252823756067,45.92919098006478,45.09411627951566,45.103939056396484,34660900,2024-12-09 00:00:00-05:00
45.103941312873715,45.47727056428004,44.789559968864566,44.94675064086914,35665800,2024-12-10 00:00:00-05:00
45.19236073789223,45.34955140794126,44.671667346052516,45.270957946777344,36790500,2024-12-11 00:00:00-05:00
45.32990210571999,45.6541099707893,45.11376352900711,45.270957946777344,24017300,2024-12-12 00:00:00-05:00
45.28078046727296,45.290603244467306,44.58324710711813,44.8681526184082,32902300,2024-12-13 00:00:00-05:00
44.78955725157123,44.87797723344212,44.367106643490445,44.67166519165039,27330400,2024-12-16 00:00:00-05:00
44.3965822045043,44.3965822045043,43.836590191297,44.25904083251953,33054600,2024-12-17 00:00:00-05:00
44.34745704757863,44.63236629257203,42.588883946341966,42.73625183105469,41771900,2024-12-18 00:00:00-05:00
43.197999862983494,43.69904391147308,42.5495879337918,42.61835861206055,38583600,2024-12-19 00:00:00-05:00
42.44151875211783,43.620450557289054,42.3432722488497,43.39448547363281,74222200,2024-12-20 00:00:00-05:00
43.12923036354452,43.3355424039898,42.02889198572776,43.11940383911133,35374800,2024-12-23 00:00:00-05:00
43.15870723437502,43.6401020488751,43.15870723437502,43.600807189941406,12054400,2024-12-24 00:00:00-05:00
43.433787806559614,43.79729427830104,43.335545042571844,43.767818450927734,16077400,2024-12-26 00:00:00-05:00
43.4632616046129,43.99377775218651,43.286421639514685,43.56150436401367,17972500,2024-12-27 00:00:00-05:00
43.119407856447744,43.36501852206681,42.78537720129696,43.13905715942383,16109800,2024-12-30 00:00:00-05:00
