Open,High,Low,Close,Volume,Date
38.58355925596587,38.617584336957385,38.21779774733294,38.592063903808594,20170500,2020-01-02 00:00:00-05:00
38.13273272829878,38.464469107559005,37.91157297891873,38.28583908081055,20496400,2020-01-03 00:00:00-05:00
37.98814604510873,38.16677291294444,37.89457866343915,37.99665069580078,17628200,2020-01-06 00:00:00-05:00
37.81716244429294,38.466676116220874,37.791524733337,38.39830780029297,24563700,2020-01-07 00:00:00-05:00
38.40686460077534,38.94527951979728,38.25303176676907,38.791446685791016,18097400,2020-01-08 00:00:00-05:00
38.79144306599413,38.97946168115412,38.61197252977973,38.89399719238281,14195400,2020-01-09 00:00:00-05:00
38.996555447362596,38.996555447362596,38.398317053188215,38.44104766845703,15896200,2020-01-10 00:00:00-05:00
38.3897706385675,39.20166540442532,38.37268099982857,39.141841888427734,21789300,2020-01-13 00:00:00-05:00
38.9452787126567,39.500786519515025,38.88545519624269,39.33840560913086,16711900,2020-01-14 00:00:00-05:00
39.36404761470491,39.782812240528656,39.321313736033844,39.55206298828125,15413500,2020-01-15 00:00:00-05:00
39.688796727884714,40.099016470017496,39.57769778906774,40.0562858581543,24424400,2020-01-16 00:00:00-05:00
40.748528838113536,40.7998075225562,40.26139274638538,40.594696044921875,27667100,2020-01-17 00:00:00-05:00
40.57761135824489,40.57761135824489,39.98792103848375,40.42377853393555,19141600,2020-01-21 00:00:00-05:00
40.59470520969136,40.765630936285895,40.39814176515562,40.543426513671875,18251600,2020-01-22 00:00:00-05:00
39.77426503557034,40.15029902030908,38.893998697905104,39.013648986816406,37753000,2020-01-23 00:00:00-05:00
38.372688850236344,38.50942880908226,37.7829951288514,38.10775375366211,39229300,2020-01-24 00:00:00-05:00
37.543692110953,38.24448464133523,37.43258990194987,37.603515625,24048800,2020-01-27 00:00:00-05:00
37.66334066033966,37.962458242656545,37.44113949349527,37.63770294189453,15875700,2020-01-28 00:00:00-05:00
37.82571602891046,37.82571602891046,36.877084642157946,37.022369384765625,21913200,2020-01-29 00:00:00-05:00
36.63778157526399,37.76588658350591,36.492496855478734,37.7231559753418,25105100,2020-01-30 00:00:00-05:00
37.70606034012612,37.72315323417699,36.748881094230796,36.911258697509766,24008300,2020-01-31 00:00:00-05:00
37.22747701635882,37.30439341916657,36.42412719589189,36.45831298828125,26383600,2020-02-03 00:00:00-05:00
37.176189827198,38.04790777298308,37.07363573361618,37.842796325683594,28143200,2020-02-04 00:00:00-05:00
38.15903246078099,38.577797158436326,38.013744420679714,38.10775375366211,20332100,2020-02-05 00:00:00-05:00
38.253030977979954,38.509421202795025,37.851359262034805,38.11629104614258,15222400,2020-02-06 00:00:00-05:00
38.0479166124869,38.3299412503924,37.83426029947438,38.23593521118164,14104200,2020-02-07 00:00:00-05:00
38.15046768250053,38.22738407944656,37.825709199824395,38.16756057739258,15016100,2020-02-10 00:00:00-05:00
38.30429753085503,38.32993524115342,37.91117075897787,38.27865982055664,11075700,2020-02-11 00:00:00-05:00
38.441053231141915,39.43241864546598,38.381229709081296,39.329864501953125,23638000,2020-02-12 00:00:00-05:00
39.227304368547586,39.6118831630311,39.04783056963341,39.372589111328125,17913100,2020-02-13 00:00:00-05:00
39.38113795067972,39.46659918218442,39.099110018467634,39.38968276977539,15930600,2020-02-14 00:00:00-05:00
39.43240803764929,39.64606434757165,39.15038340382279,39.440956115722656,13694500,2020-02-18 00:00:00-05:00
39.50077711545817,39.53495964517315,39.19311152706878,39.2871208190918,14814400,2020-02-19 00:00:00-05:00
39.141845855398365,39.44096672583889,38.885458866547516,39.329864501953125,12037800,2020-02-20 00:00:00-05:00
39.10765303955031,39.6717056179046,39.02219181197478,39.158931732177734,21235400,2020-02-21 00:00:00-05:00
38.560696639648334,39.3213127142523,38.00519209286899,38.11629104614258,21720800,2020-02-24 00:00:00-05:00
38.24447825419228,38.36412526230423,36.77452184564781,36.894168853759766,22440600,2020-02-25 00:00:00-05:00
37.7573479096492,37.7573479096492,36.05664204283973,36.08228302001953,30526000,2020-02-26 00:00:00-05:00
35.77461459087615,36.40703546972057,35.03109151326409,35.082366943359375,36098100,2020-02-27 00:00:00-05:00
34.185008758801494,35.022541082175756,33.304745826506036,34.55249786376953,62186700,2020-02-28 00:00:00-05:00
34.4755926120069,36.3472212731295,33.67224582004646,36.33867645263672,40006900,2020-03-02 00:00:00-05:00
35.95409104264553,37.133475031280724,35.1251033446749,35.41567611694336,43253400,2020-03-03 00:00:00-05:00
35.868628567227105,36.37285767640672,35.466953591739426,36.32157897949219,24996900,2020-03-04 00:00:00-05:00
35.39857542675589,35.70624103087372,34.543950197600374,34.84307098388672,25284600,2020-03-05 00:00:00-05:00
33.253468610667866,34.69778412096661,33.185100285397,34.501220703125,31302100,2020-03-06 00:00:00-05:00
32.62104979406968,33.236381122313134,31.749334759240988,32.37321090698242,46926200,2020-03-09 00:00:00-04:00
33.02271715467134,33.458577831665266,31.339104470063884,33.41584396362305,48724300,2020-03-10 00:00:00-04:00
32.304836366012395,32.8945299218769,31.94589529734431,32.39884567260742,38865100,2020-03-11 00:00:00-04:00
30.40756814165285,32.347564601830626,29.433292612313537,29.860605239868164,63254500,2020-03-12 00:00:00-04:00
30.963074872475847,33.94571866603864,29.467480566335592,33.6124153137207,66243400,2020-03-13 00:00:00-04:00
29.604220574161502,33.321842673622896,29.48457355093901,30.800697326660156,41485700,2020-03-16 00:00:00-04:00
31.26219158229612,32.7748753271227,30.94597790896045,32.66377639770508,38934900,2020-03-17 00:00:00-04:00
30.963069931144798,31.40747541669259,28.43338017661398,30.493026733398438,42533400,2020-03-18 00:00:00-04:00
30.45884401353751,33.59532044068386,29.570032952862125,30.71523094177246,36830400,2020-03-19 00:00:00-04:00
30.843436717205883,30.843436717205883,27.89497787109516,28.51885414123535,47309000,2020-03-20 00:00:00-04:00
28.347919859288048,29.629857819379414,27.100167693898623,29.202545166015625,38600900,2020-03-23 00:00:00-04:00
30.228103295464212,30.228103295464212,28.655592230841094,29.60422706604004,46492800,2020-03-24 00:00:00-04:00
28.869240267212177,29.535850187543687,27.159991375643088,28.689769744873047,57834100,2020-03-25 00:00:00-04:00
28.365014583001653,31.88607342073123,28.253915633272154,31.398937225341797,38329500,2020-03-26 00:00:00-04:00
30.416109689791913,30.58703537446534,29.407651736368592,29.544391632080078,27910400,2020-03-27 00:00:00-04:00
29.68967581690396,30.45029159350834,29.52729497012155,30.330644607543945,31400200,2020-03-30 00:00:00-04:00
29.96077158578412,30.777959070055182,29.461853943923064,29.573680877685547,27786300,2020-03-31 00:00:00-04:00
28.524233345173485,29.04035205932703,27.569410770726943,27.887683868408203,26097200,2020-04-01 00:00:00-04:00
27.61241684264607,29.65109306905143,27.578011338810676,29.56507110595703,24683900,2020-04-02 00:00:00-04:00
29.332812948541367,29.79732164519793,28.739276245970395,29.203784942626953,19312300,2020-04-03 00:00:00-04:00
30.425274141099464,31.31128240331813,30.18441918275789,31.16504669189453,31583200,2020-04-06 00:00:00-04:00
31.784385467650644,32.661789718187435,31.595140448495048,31.775781631469727,26379000,2020-04-07 00:00:00-04:00
32.02524380759832,32.610180037258765,31.62094878025591,32.41233444213867,26522500,2020-04-08 00:00:00-04:00
32.248894873422515,32.73060470505573,31.65535485744285,32.68759536743164,28615800,2020-04-09 00:00:00-04:00
32.21449477806679,32.59298164518857,31.466121601106522,31.990840911865234,20237400,2020-04-13 00:00:00-04:00
32.30911549714472,33.238129857404886,32.025247901724526,33.13490676879883,21803300,2020-04-14 00:00:00-04:00
32.49835567054747,32.73061006946563,31.612350700950625,31.96503257751465,19786300,2020-04-15 00:00:00-04:00
32.28330017549461,32.70479955697517,31.534927204966053,32.54136276245117,20973800,2020-04-16 00:00:00-04:00
33.16070807396633,33.29833993744018,32.412335021414926,32.75641632080078,28736600,2020-04-17 00:00:00-04:00
32.412340296905,32.87684914225945,31.930627055640795,32.0080451965332,18444500,2020-04-20 00:00:00-04:00
31.6123517571857,31.646760546634948,30.56290664880303,30.717742919921875,23004500,2020-04-21 00:00:00-04:00
31.165043358877476,31.26826643264119,30.691934049274558,30.734943389892578,20117300,2020-04-22 00:00:00-04:00
30.82095479170585,31.41449136422438,30.795146571056367,31.044605255126953,21194200,2020-04-23 00:00:00-04:00
31.096232002067598,32.016645759964014,31.096232002067598,31.96503257751465,19188000,2020-04-24 00:00:00-04:00
32.317709145004734,32.98866399961038,32.17147674085822,32.86823654174805,21775600,2020-04-27 00:00:00-04:00
33.22952564640448,33.60801245060696,32.610180620070935,32.75641632080078,15958700,2020-04-28 00:00:00-04:00
33.39295810564251,33.65101740583934,32.98866312377952,33.547794342041016,19110200,2020-04-29 00:00:00-04:00
31.405901163913057,32.71340558298266,30.975801155590265,32.369327545166016,33212500,2020-04-30 00:00:00-04:00
31.947825877364288,32.26609894265572,31.63815336782563,31.81019401550293,19951600,2020-05-01 00:00:00-04:00
31.956438624512142,31.999447978072592,30.898389494785697,31.156452178955078,24906000,2020-05-04 00:00:00-04:00
31.302678175028305,31.388700145793653,30.9586001361749,31.010210037231445,18784100,2020-05-05 00:00:00-04:00
31.156446040897496,31.190851548125707,30.193019647648395,30.227428436279297,20151900,2020-05-06 00:00:00-04:00
30.60591697692871,30.86397631560483,30.42527248659316,30.60591697692871,17462400,2020-05-07 00:00:00-04:00
31.182242716778823,31.526323948972973,30.967192767007933,31.423097610473633,12979000,2020-05-08 00:00:00-04:00
31.190850382516665,31.2252591698617,30.57150861731883,31.10483169555664,21758100,2020-05-11 00:00:00-04:00
31.027416625644292,31.16504850719952,30.3994709609609,30.408071517944336,17133000,2020-05-12 00:00:00-04:00
30.253231292387852,30.365058206994306,29.608081316539238,30.081193923950195,30898300,2020-05-13 00:00:00-04:00
29.917750520767143,30.829563567082385,29.393028073425448,30.760746002197266,24334900,2020-05-14 00:00:00-04:00
30.373666697225907,30.94999918886636,29.977972157556096,30.898386001586914,31571600,2020-05-15 00:00:00-04:00
31.775794539603957,32.98867670305497,31.681175272991464,32.7650260925293,24827400,2020-05-18 00:00:00-04:00
32.54136295080803,33.255327143021354,32.11126301192705,32.86823654174805,27763200,2020-05-19 00:00:00-04:00
33.212320885594615,33.75424777763669,33.11769836524097,33.69403076171875,23123500,2020-05-20 00:00:00-04:00
33.41017253696087,33.71124126410091,33.16931755524883,33.50479507446289,20744200,2020-05-21 00:00:00-04:00
33.26393687320348,33.5478044862374,33.09189947531955,33.324153900146484,12383000,2020-05-22 00:00:00-04:00
33.93489961941085,34.51983603642068,33.89189026433143,33.995113372802734,21584900,2020-05-26 00:00:00-04:00
34.0897266083377,34.812294733013374,34.0811227708306,34.34778594970703,20654900,2020-05-27 00:00:00-04:00
34.38219019634256,34.51982204565708,33.926282029349,34.020904541015625,18254000,2020-05-28 00:00:00-04:00
34.02951356086503,34.253164119542454,33.375759715987705,34.06391906738281,20298700,2020-05-29 00:00:00-04:00
34.012311981385025,34.64025764658252,33.891884495100975,34.56283950805664,13350600,2020-06-01 00:00:00-04:00
34.51982854648129,35.12196923115412,34.511224708490154,35.078956604003906,19060100,2020-06-02 00:00:00-04:00
35.39722854022641,35.76711477376888,35.25959668226193,35.5262565612793,17141900,2020-06-03 00:00:00-04:00
35.242398285580656,35.59508018670355,35.13057135652133,35.517662048339844,12756500,2020-06-04 00:00:00-04:00
36.24023460049418,37.07462654600324,36.11980709999205,36.20582580566406,20271600,2020-06-05 00:00:00-04:00
36.068186745478904,37.14343675987691,36.042381795182195,37.09182357788086,17212000,2020-06-08 00:00:00-04:00
36.70472827739816,36.89397330606285,36.02517284805194,36.25742721557617,14413900,2020-06-09 00:00:00-04:00
36.21441940500783,36.23162379911704,35.380027619828574,35.57787322998047,15634600,2020-06-10 00:00:00-04:00
35.190783656367984,35.500456197123164,33.71123853116111,33.76285171508789,22805900,2020-06-11 00:00:00-04:00
34.05531598645691,34.38219288466297,33.134902306936645,33.94348907470703,18507300,2020-06-12 00:00:00-04:00
33.79726330612176,34.48542274184594,33.152113219867275,34.26177215576172,16585500,2020-06-15 00:00:00-04:00
34.87250223280291,35.311202706526394,33.66822114660194,34.19294357299805,21212400,2020-06-16 00:00:00-04:00
34.21875519138706,34.3133777170791,33.65102331863744,33.73704528808594,18935700,2020-06-17 00:00:00-04:00
33.71123480289819,34.063916650553125,33.504788652828296,33.92628479003906,17008200,2020-06-18 00:00:00-04:00
34.27896959720036,34.80369213615087,33.435973968595626,33.633819580078125,35341300,2020-06-19 00:00:00-04:00
33.375762181481164,33.59081219976571,32.962866540143175,33.06608963012695,20800700,2020-06-22 00:00:00-04:00
33.48758281883613,34.106927805194985,33.2811333962491,33.7198371887207,24917900,2020-06-23 00:00:00-04:00
33.9607017202327,33.9607017202327,32.79943282372858,33.16931915283203,20958900,2020-06-24 00:00:00-04:00
32.997268659770896,33.32414554027372,32.48975058796474,33.17790985107422,18159200,2020-06-25 00:00:00-04:00
32.94566640050829,33.324156581676554,32.713411956992296,33.24673843383789,50945600,2020-06-26 00:00:00-04:00
33.43598299149127,33.57361490102869,33.02308726287904,33.49619674682617,20573800,2020-06-29 00:00:00-04:00
33.31447139383148,33.85961821361871,32.98565231036784,33.729820251464844,22169400,2020-06-30 00:00:00-04:00
34.27497373542128,34.79415908318467,34.09325919379409,34.35285186767578,18269800,2020-07-01 00:00:00-04:00
34.64705165121764,34.854724433237486,33.89422873892246,33.96345520019531,23372800,2020-07-02 00:00:00-04:00
34.43937791024604,34.932604927207805,34.309583237882165,34.89799499511719,17551400,2020-07-06 00:00:00-04:00
34.64705350586797,34.91529780541096,34.6124402733787,34.673011779785156,19404700,2020-07-07 00:00:00-04:00
34.724933397681745,34.820118141426924,34.19709312847643,34.3874626159668,12536000,2020-07-08 00:00:00-04:00
34.352854847870915,34.370161467751075,33.77309463503622,33.998077392578125,15335200,2020-07-09 00:00:00-04:00
33.9461446115493,35.07970302546637,33.86826650218249,35.053741455078125,19032700,2020-07-10 00:00:00-04:00
35.019128978308935,35.56427240326485,34.76818805519662,35.0797004699707,17464700,2020-07-13 00:00:00-04:00
34.56917835578046,35.72869533668015,34.465341950283424,35.63351058959961,21030600,2020-07-14 00:00:00-04:00
35.57293202396161,36.41228466261235,35.52101218105876,36.30844497680664,21068800,2020-07-15 00:00:00-04:00
36.092126460075804,36.49882374768908,36.04886156373184,36.464210510253906,14817900,2020-07-16 00:00:00-04:00
36.758406236147515,36.758406236147515,36.25652763607295,36.49881362915039,15912900,2020-07-17 00:00:00-04:00
36.33440647193697,36.43824285662412,36.13538205834613,36.2997932434082,12964100,2020-07-20 00:00:00-04:00
36.46420823983516,37.009355142345925,36.39498507017495,36.8362922668457,23363500,2020-07-21 00:00:00-04:00
36.7930273731956,37.00070018307603,36.69784262662549,36.8362922668457,16360500,2020-07-22 00:00:00-04:00
37.00070570572275,37.17376860705398,36.637276583737446,36.76707458496094,22357200,2020-07-23 00:00:00-04:00
37.580453111332154,37.98715029560083,36.95742819941404,37.511226654052734,21926100,2020-07-24 00:00:00-04:00
37.38143869066127,37.76217437116634,37.338173797565204,37.69295120239258,18268600,2020-07-27 00:00:00-04:00
37.087229601205124,37.70159961257939,37.03530975342299,37.39008712768555,17574600,2020-07-28 00:00:00-04:00
37.4939213560502,38.16886277430355,37.4333465586874,37.98714828491211,25499900,2020-07-29 00:00:00-04:00
38.489034847957555,39.112059856037874,37.312211299761245,37.78813171386719,17658600,2020-07-30 00:00:00-04:00
37.67564428842882,37.76217407393988,36.30845123123589,37.03531265258789,23913000,2020-07-31 00:00:00-04:00
36.94013055306125,37.32952121754256,36.69784449556175,37.10454177856445,13733000,2020-08-03 00:00:00-04:00
36.87955351097607,37.41604870202635,36.81033034816603,37.39008712768555,12102500,2020-08-04 00:00:00-04:00
37.45931274135563,37.61506898026808,36.55938853895023,36.59400177001953,16207600,2020-08-05 00:00:00-04:00
36.37767972817258,37.113192848715634,36.360373109925696,37.09588623046875,13772200,2020-08-06 00:00:00-04:00
36.853594913359196,37.13914582140045,36.74975851960778,37.04396438598633,10353000,2020-08-07 00:00:00-04:00
36.82763901908947,37.398744172962914,36.82763901908947,37.22568130493164,16375000,2020-08-10 00:00:00-04:00
37.42470554114261,38.073688874226,37.13915129015395,37.19972610473633,17140700,2020-08-11 00:00:00-04:00
37.21703209326292,37.84005719402608,37.18242215503176,37.502586364746094,10407500,2020-08-12 00:00:00-04:00
37.29490025183363,37.58045444691085,37.199718821040506,37.545841217041016,12649500,2020-08-13 00:00:00-04:00
37.744858728095764,38.22943399723816,37.381429751913196,37.874656677246094,15238000,2020-08-14 00:00:00-04:00
37.96119425732875,38.030420724699404,37.46796723046156,37.666988372802734,12333300,2020-08-17 00:00:00-04:00
37.8227452150122,37.84870679113204,37.45066119932484,37.67564392089844,8717300,2020-08-18 00:00:00-04:00
37.77947731959829,37.86600709738702,37.3468218288558,37.48527145385742,9857900,2020-08-19 00:00:00-04:00
37.407391927296594,37.589106434361696,37.12184103060847,37.4420051574707,11318700,2020-08-20 00:00:00-04:00
37.24298170136966,37.40738958304457,36.966082479128175,37.26893997192383,12931400,2020-08-21 00:00:00-04:00
37.08723585586439,37.917933755076554,37.07858089599133,37.90062713623047,15266700,2020-08-24 00:00:00-04:00
37.87466481742559,37.883316475475546,37.36413116908671,37.56315231323242,8413000,2020-08-25 00:00:00-04:00
37.22566770186572,38.38518420279323,37.130482994186096,38.246734619140625,14428200,2020-08-26 00:00:00-04:00
38.558265023196086,38.76593784525693,38.28136572651496,38.540958404541016,14317500,2020-08-27 00:00:00-04:00
38.53230029502746,38.56691352950822,38.013114981414994,38.55826187133789,10975100,2020-08-28 00:00:00-04:00
38.29866205002747,39.051484969989716,38.290010392729926,38.77458572387695,24898100,2020-08-31 00:00:00-04:00
38.4544213956327,39.01687489150048,38.28136182850383,38.982261657714844,16941900,2020-09-01 00:00:00-04:00
38.98226892685974,39.74374370764001,38.94765568661966,39.08610534667969,20421100,2020-09-02 00:00:00-04:00
39.46682981502806,39.752380689322926,38.15155687965107,38.45441436767578,18515100,2020-09-03 00:00:00-04:00
38.861119172083555,38.91303902347241,37.987156462886,38.445770263671875,16201700,2020-09-04 00:00:00-04:00
37.909278869628906,38.29866620737492,37.31221212340549,37.909278869628906,20897600,2020-09-08 00:00:00-04:00
38.06502811165641,38.930339015481394,37.822738813974006,38.592864990234375,15420900,2020-09-09 00:00:00-04:00
38.636142716852866,38.947651946397855,37.95254614180979,38.09099578857422,16023600,2020-09-10 00:00:00-04:00
38.15156369854152,38.71401719214313,38.04772729850264,38.6534423828125,18316200,2020-09-11 00:00:00-04:00
38.9562949675839,39.362992124462274,38.68804741504088,39.17262268066406,11435700,2020-09-14 00:00:00-04:00
39.07745061887477,40.444643792909055,38.982265866138206,40.202354431152344,18415900,2020-09-15 00:00:00-04:00
40.71288367707776,41.10227430435155,40.410026134142406,40.505210876464844,26326900,2020-09-16 00:00:00-04:00
39.752385186763206,40.176389018867106,38.956300670518395,39.44087600708008,21253500,2020-09-17 00:00:00-04:00
39.35434423997321,39.67450838861822,38.324625328980055,39.16397476196289,39626000,2020-09-18 00:00:00-04:00
38.86977073415103,39.319732875710095,37.56315250264084,38.6620979309082,32257700,2020-09-21 00:00:00-04:00
38.88706944700475,40.21964898373332,38.80053968005833,39.96870803833008,32899300,2020-09-22 00:00:00-04:00
39.9773687243018,40.13312496784436,39.15532261691593,39.25050735473633,19671200,2020-09-23 00:00:00-04:00
39.10340539470825,39.87353500656333,38.86111935554917,39.544715881347656,14500600,2020-09-24 00:00:00-04:00
39.241849713691856,40.08985733763141,39.12936166841151,39.93410110473633,12556000,2020-09-25 00:00:00-04:00
40.57442446863172,40.73018068278722,40.011974407202516,40.46193313598633,16208800,2020-09-28 00:00:00-04:00
40.53982141842262,40.55712803555034,39.95140963967888,39.97737121582031,11873800,2020-09-29 00:00:00-04:00
40.27157091787405,40.42732714719348,39.587974500405345,40.02928161621094,27897300,2020-09-30 00:00:00-04:00
40.297546170052506,40.4706090867674,39.951420336622704,40.185054779052734,15524400,2020-10-01 00:00:00-04:00
39.631240568762635,39.79565176067222,39.03417720582065,39.068790435791016,18103900,2020-10-02 00:00:00-04:00
39.19859349776245,39.74374043348253,38.95630743784242,39.6399040222168,12599400,2020-10-05 00:00:00-04:00
39.37898724909003,39.58771126169812,38.5875810354419,38.70933532714844,17911200,2020-10-06 00:00:00-04:00
39.16156989794652,39.23114567817622,38.491917942236796,39.10069274902344,17829200,2020-10-07 00:00:00-04:00
39.21374993975686,39.47465246857477,38.98763529946284,39.39638137817383,15366000,2020-10-08 00:00:00-04:00
39.46595902184931,39.683378359073494,38.85718421411043,39.005027770996094,25103900,2020-10-09 00:00:00-04:00
39.396391780982945,40.23128142067919,39.06591338785282,39.9964714050293,19520100,2020-10-12 00:00:00-04:00
40.11823185202118,40.27477409804917,39.46597359942354,39.909507751464844,13854400,2020-10-13 00:00:00-04:00
39.831222802943415,40.01385425406527,39.12678625788598,39.378990173339844,15325000,2020-10-14 00:00:00-04:00
39.16157198218067,39.26593565807959,38.72673328526973,39.23114776611328,12904800,2020-10-15 00:00:00-04:00
39.33551382867898,39.909500859135655,39.04852197222887,39.62250900268555,13360900,2020-10-16 00:00:00-04:00
39.62249806632,39.7964308682545,38.439736434854396,38.55279541015625,17520400,2020-10-19 00:00:00-04:00
38.813710059760304,38.83979932469217,38.3788712839274,38.50062561035156,13137400,2020-10-20 00:00:00-04:00
38.26580779426958,39.048518826174835,38.239718532391464,38.718040466308594,13198900,2020-10-21 00:00:00-04:00
38.70064402507299,39.3442067562258,38.578889720746886,39.23114776611328,15956600,2020-10-22 00:00:00-04:00
39.48334678763833,39.61379637902349,38.78760236336298,39.18765640258789,10529200,2020-10-23 00:00:00-04:00
38.88328010747491,38.97894516298547,37.874454343324594,38.0657844543457,15634600,2020-10-26 00:00:00-04:00
37.917941616731156,38.12666569816486,37.70922085285419,37.77879333496094,11134900,2020-10-27 00:00:00-04:00
37.31786801943672,37.46571494582162,36.448190364993955,36.50906753540039,20256200,2020-10-28 00:00:00-04:00
36.5960311075167,37.99620910782479,36.4307902578579,37.44831466674805,20354400,2020-10-29 00:00:00-04:00
36.93520533259775,37.43961656902168,36.30903645663766,36.73517990112305,22001800,2020-10-30 00:00:00-04:00
37.17870948427691,37.33525168435203,35.63068474748518,36.00464630126953,24480400,2020-11-02 00:00:00-05:00
36.482964902647744,37.37873149696103,36.3090287719655,37.06564712524414,20761600,2020-11-03 00:00:00-05:00
38.50062931684618,38.796319845581245,37.74401070297234,38.004913330078125,23064100,2020-11-04 00:00:00-05:00
38.7702229807773,38.97024839961359,38.448439930098004,38.570194244384766,18897400,2020-11-05 00:00:00-05:00
38.76152587225424,38.87458487606111,38.222326751689465,38.72673797607422,14129100,2020-11-06 00:00:00-05:00
41.39664261263004,41.94454029957052,40.631328894822985,41.03137969970703,37456800,2020-11-09 00:00:00-05:00
40.15300863650348,41.709732159807885,39.961681842184845,41.54449462890625,21103100,2020-11-10 00:00:00-05:00
41.55319604532553,41.71843691804538,40.97920894298002,41.4575309753418,11840000,2020-11-11 00:00:00-05:00
41.42273369601263,41.82278448646445,41.09225536941702,41.72711944580078,20020400,2020-11-12 00:00:00-05:00
41.57927804215953,42.831612314496724,41.50970225714056,42.614192962646484,17032600,2020-11-13 00:00:00-05:00
42.962062230657395,43.26644797481468,42.831609301700965,43.08381652832031,19426600,2020-11-16 00:00:00-05:00
42.77942791683243,43.47517245518126,42.59679646841598,43.292537689208984,19426000,2020-11-17 00:00:00-05:00
43.13599746072052,43.81434808469164,42.64898024280441,42.73594665527344,18279200,2020-11-18 00:00:00-05:00
42.796821999609705,43.25775325538076,42.614190550606224,43.03163528442383,13484500,2020-11-19 00:00:00-05:00
42.857704236133216,43.20557654771538,42.701162027676865,42.76203918457031,19830000,2020-11-20 00:00:00-05:00
42.692465221254,43.466477604048826,42.43156265546056,43.318634033203125,14676800,2020-11-23 00:00:00-05:00
43.483860820544734,45.649358549132195,43.41428505080532,45.51890563964844,31754000,2020-11-24 00:00:00-05:00
45.37106557798613,45.39715815432109,44.162214597066594,45.049285888671875,19322100,2020-11-25 00:00:00-05:00
44.6231528854069,45.405860630245904,44.6231528854069,45.00580978393555,6243700,2020-11-27 00:00:00-05:00
44.466612715525116,44.77099852179635,43.344727913742894,43.69260025024414,34359800,2020-11-30 00:00:00-05:00
44.136124072466686,44.58835667781835,43.57953111743563,44.37093734741211,14369600,2020-12-01 00:00:00-05:00
44.292669519340095,44.649237114776746,44.18830916197121,44.397029876708984,14438000,2020-12-02 00:00:00-05:00
44.15352580762105,44.97972007245274,44.07525470216213,44.866661071777344,14677200,2020-12-03 00:00:00-05:00
45.00581038408002,45.144958650632894,44.77969569501524,44.95362854003906,12258100,2020-12-04 00:00:00-05:00
44.85796392410977,45.240620803188946,44.56227346196254,45.162349700927734,12195900,2020-12-07 00:00:00-05:00
44.614452290274684,45.04929101302114,44.53618118747808,44.71011734008789,13352400,2020-12-08 00:00:00-05:00
44.89275440260004,45.53631725219944,44.48400820821282,44.57966995239258,17327400,2020-12-09 00:00:00-05:00
44.597051147668516,44.597051147668516,43.70128458495783,43.901309967041016,17304100,2020-12-10 00:00:00-05:00
43.979590589778255,44.449217232576686,43.596933686881215,44.29267501831055,19640200,2020-12-11 00:00:00-05:00
44.22309862799263,44.58836489552322,44.13613220682437,44.34485626220703,14005700,2020-12-14 00:00:00-05:00
44.68403293149421,45.31019850431903,44.614457135871156,44.797088623046875,18869000,2020-12-15 00:00:00-05:00
44.944924059725004,45.2840976829367,44.362238531535,44.72750473022461,13129800,2020-12-16 00:00:00-05:00
44.82317963777556,45.11887012372056,44.42312877960185,44.6666374206543,13464900,2020-12-17 00:00:00-05:00
44.84056173146532,44.875346301307864,43.83173621980974,44.26657485961914,31640400,2020-12-18 00:00:00-05:00
43.936109390151955,44.04916839842181,43.03164395910611,43.80565643310547,19672400,2020-12-21 00:00:00-05:00
43.48386871920054,43.753469899579706,43.30993258081255,43.50126266479492,13739800,2020-12-22 00:00:00-05:00
43.61432272867814,43.71868308726393,43.179484030755354,43.51865768432617,12934200,2020-12-23 00:00:00-05:00
43.65780412331583,43.86652483182625,43.56213908293361,43.81434631347656,3875300,2020-12-24 00:00:00-05:00
44.16221599472857,44.66663046412825,43.94479665120579,44.44921112060547,13510700,2020-12-28 00:00:00-05:00
44.49270115030144,44.988417064164175,44.38834077831887,44.83187484741211,11245200,2020-12-29 00:00:00-05:00
44.95361563933377,45.162339638042035,44.51877701645068,44.536170959472656,9954000,2020-12-30 00:00:00-05:00
44.66663301080038,45.64067079640162,44.56227264887498,45.57109832763672,11651200,2020-12-31 00:00:00-05:00
45.466739736000335,45.57110342716039,43.15339766285591,43.92741012573242,22302100,2021-01-04 00:00:00-05:00
43.8225643644982,43.94487561414976,42.98385579597469,43.665306091308594,17854600,2021-01-05 00:00:00-05:00
42.91396511829381,44.35549829147016,42.896491605152846,44.17203140258789,22552600,2021-01-06 00:00:00-05:00
43.8575110155881,44.53896130513497,43.770143457484934,44.25939178466797,20230800,2021-01-07 00:00:00-05:00
43.99729582854746,45.133047423397166,43.95361371580931,45.0282096862793,22140400,2021-01-08 00:00:00-05:00
45.20294750850192,45.20294750850192,44.32055338274947,45.0107421875,18794300,2021-01-11 00:00:00-05:00
44.80979444387251,45.03694342292678,43.342052837383676,43.69151306152344,20999500,2021-01-12 00:00:00-05:00
43.350795911922184,44.01477612573837,43.263431672977354,43.82257080078125,16227000,2021-01-13 00:00:00-05:00
43.822567854934256,43.918670510952595,43.19353471207379,43.31584930419922,18806000,2021-01-14 00:00:00-05:00
42.992593264086665,43.03627537956016,42.066520418214054,42.538291931152344,25973100,2021-01-15 00:00:00-05:00
42.52082701347061,42.88776418962969,42.206313718847404,42.67808532714844,18946300,2021-01-19 00:00:00-05:00
42.80039495928417,42.95764992192589,42.51208697352152,42.70429229736328,15814200,2021-01-20 00:00:00-05:00
42.37229503378914,43.04501022085131,42.145146052587194,42.922698974609375,22602300,2021-01-21 00:00:00-05:00
42.6693410417056,42.756705271488414,42.162619177316444,42.52955627441406,13960700,2021-01-22 00:00:00-05:00
42.37229781248111,42.922701789395745,42.21503953336264,42.78291702270508,16328400,2021-01-25 00:00:00-05:00
42.940174683628314,43.86624749984724,42.704287268346604,43.761409759521484,23562200,2021-01-26 00:00:00-05:00
43.21974743873007,43.88372428732528,42.21504207636513,42.302406311035156,24670000,2021-01-27 00:00:00-05:00
43.682779820250865,45.68345193587395,43.49057452256765,45.08062744140625,29163100,2021-01-28 00:00:00-05:00
43.953616473132634,44.73116945993691,43.23721911454453,43.30710983276367,27480200,2021-01-29 00:00:00-05:00
43.560470395912546,43.997298212425534,42.89649024848302,43.8138313293457,16865700,2021-02-01 00:00:00-05:00
43.98856350446205,44.97579538631495,43.743940973031336,44.71369934082031,17361400,2021-02-02 00:00:00-05:00
44.774853220701885,45.019475742555414,44.04971741273335,44.09340286254883,17253300,2021-02-03 00:00:00-05:00
43.97109154211569,44.99326707796196,43.883723975334874,44.9495849609375,18708100,2021-02-04 00:00:00-05:00
45.307780000299005,45.49124687665018,44.50401511437271,44.65253829956055,14203000,2021-02-05 00:00:00-05:00
44.608852596977826,45.499981638212645,44.57390557589457,45.29903793334961,14767100,2021-02-08 00:00:00-05:00
45.430094661218426,46.29501523751672,44.870955567855916,46.05912780761719,15090000,2021-02-09 00:00:00-05:00
46.33869571201128,46.35616922465107,45.46504007641257,46.08533477783203,16432700,2021-02-10 00:00:00-05:00
46.23385761337744,46.57458613269665,45.87565891302522,46.50469207763672,11176400,2021-02-11 00:00:00-05:00
46.583321223213154,46.82794375045897,46.2600695503909,46.50469207763672,10113300,2021-02-12 00:00:00-05:00
46.30374808443938,46.504688478085555,45.90186729714703,46.163963317871094,10818000,2021-02-16 00:00:00-05:00
46.067861096978355,46.522162425758644,45.78829156122614,46.295013427734375,10978500,2021-02-17 00:00:00-05:00
46.02418360897697,46.19017699603943,45.65724647345456,45.91934585571289,14533500,2021-02-18 00:00:00-05:00
45.788294331601435,45.95428771201891,45.22915522626685,45.517459869384766,15143500,2021-02-19 00:00:00-05:00
45.40388405481354,46.181437030516655,45.264099287639176,45.866920471191406,13478300,2021-02-22 00:00:00-05:00
46.129024638255636,46.6706902901091,45.49999474126632,46.600799560546875,18276000,2021-02-23 00:00:00-05:00
45.92807770464835,46.76678633702433,45.92807770464835,46.65321350097656,19295800,2021-02-24 00:00:00-05:00
46.38238031957954,46.661949871375114,45.386413374716284,45.639774322509766,22603700,2021-02-25 00:00:00-05:00
45.66598209111796,46.70563113454313,45.333992004659514,46.05912780761719,22782600,2021-02-26 00:00:00-05:00
46.49596045932024,47.79770567106874,46.19891736859705,47.570556640625,17367300,2021-03-01 00:00:00-05:00
47.44824115823459,47.85885706138347,47.2385623287313,47.39582061767578,14983100,2021-03-02 00:00:00-05:00
47.107514075300834,47.87633202986808,46.86289154405618,46.94152069091797,22761200,2021-03-03 00:00:00-05:00
47.020138816691286,48.26946645025763,46.827933539917616,47.116241455078125,28187000,2021-03-04 00:00:00-05:00
47.780224681673744,48.28694654123586,47.11624787654694,48.12968826293945,22052700,2021-03-05 00:00:00-05:00
47.89380063437336,48.77619467345031,47.762750958793475,48.47041320800781,25302400,2021-03-08 00:00:00-05:00
48.46167752055889,49.029551664694104,48.14716096923149,48.549041748046875,25293200,2021-03-09 00:00:00-05:00
49.012083676046856,50.40119637913389,48.72377902666081,49.981842041015625,23595800,2021-03-10 00:00:00-05:00
49.46637928051184,50.40992893092544,49.457644190888736,49.702266693115234,17490200,2021-03-11 00:00:00-05:00
49.66732388725461,50.13909875252782,49.108184787404255,49.87700271606445,18368400,2021-03-12 00:00:00-05:00
49.999317519190214,50.313834118317324,49.387757835635526,50.26141357421875,14733100,2021-03-15 00:00:00-04:00
50.31382832589338,51.18748396389623,50.12162301905859,50.706974029541016,15151700,2021-03-16 00:00:00-04:00
50.14783474426798,50.56718904882386,49.41396387811224,50.235198974609375,19237300,2021-03-17 00:00:00-04:00
49.518808139219836,49.90321546914593,48.74999014663547,48.8111457824707,18937700,2021-03-18 00:00:00-04:00
48.50536625251271,48.95966762944604,48.286952321260074,48.452945709228516,33957100,2021-03-19 00:00:00-04:00
48.662615326556065,49.37901261866659,48.269469658268214,49.247962951660156,18293000,2021-03-22 00:00:00-04:00
49.32660480175611,49.553757172096475,48.92472394067065,49.047035217285156,14716600,2021-03-23 00:00:00-04:00
48.968396414255125,49.37027719615097,48.80240304766293,48.854820251464844,15751200,2021-03-24 00:00:00-04:00
49.07323337880015,49.36154132607958,48.42673010209802,49.18680953979492,17462700,2021-03-25 00:00:00-04:00
49.09944592467303,49.41396247735717,47.05509166495777,48.208316802978516,24127300,2021-03-26 00:00:00-04:00
48.077275301126484,48.592732331707886,47.32593081593336,48.21706008911133,20468200,2021-03-29 00:00:00-04:00
48.3830558534966,48.50536712395838,47.666658412735764,48.033592224121094,12201700,2021-03-30 00:00:00-04:00
47.85885383064958,47.93748296981393,47.15119491090218,47.27350616455078,21976300,2021-03-31 00:00:00-04:00
47.719065446330056,48.120949534214525,47.37834031336418,47.8326416015625,16665000,2021-04-01 00:00:00-04:00
47.68412554368223,48.155897047628116,47.570549379430574,47.87632751464844,14837900,2021-04-05 00:00:00-04:00
47.72712535757656,48.31515562551542,47.51648560087877,48.1308479309082,15551900,2021-04-06 00:00:00-04:00
48.359045432201285,48.37659902698246,47.604260944645866,47.92021560668945,17331800,2021-04-07 00:00:00-04:00
47.90266150765975,47.946543817080816,47.48138196280185,47.68324661254883,10780300,2021-04-08 00:00:00-04:00
47.2180775489973,47.28829191175513,46.042013756844355,47.01621627807617,18205900,2021-04-09 00:00:00-04:00
46.91967431047253,47.1303140557115,46.621269957720344,46.79680252075195,14826200,2021-04-12 00:00:00-04:00
46.946016643836316,47.38484647343731,46.74415197597467,47.28830337524414,15783000,2021-04-13 00:00:00-04:00
46.97233726172081,47.28829522022651,46.64760418125899,46.77925109863281,13334600,2021-04-14 00:00:00-04:00
47.13910081905661,47.83245277286359,46.96356821267426,47.51649475097656,18330600,2021-04-15 00:00:00-04:00
48.2712738416846,48.710103603881734,47.911433570603165,48.36781692504883,19244100,2021-04-16 00:00:00-04:00
48.19229310934471,48.28005773853289,47.314633425438956,47.51649475097656,17005200,2021-04-19 00:00:00-04:00
47.22686284693022,47.63058544714718,47.095212571726364,47.53404235839844,14351200,2021-04-20 00:00:00-04:00
47.40239360752317,48.06941677959745,47.19175717803022,47.97287368774414,16122300,2021-04-21 00:00:00-04:00
47.66569281618795,48.043086702012,47.51648894718501,47.74468231201172,15017600,2021-04-22 00:00:00-04:00
47.656915196369525,48.01675549532311,47.36728927184866,47.735904693603516,12252300,2021-04-23 00:00:00-04:00
47.727125956279735,47.90265853106227,47.402389521130154,47.67446517944336,12802300,2021-04-26 00:00:00-04:00
47.797339153943746,48.06941482464649,47.58670273301723,47.65691375732422,12420100,2021-04-27 00:00:00-04:00
47.525262300463524,47.90265614565099,47.34972973442199,47.48137664794922,12561800,2021-04-28 00:00:00-04:00
49.131373675153704,49.578981851916204,48.51701141473742,49.49999237060547,21710400,2021-04-29 00:00:00-04:00
49.482439881565845,49.482439881565845,48.034300474648234,49.28057861328125,21907400,2021-04-30 00:00:00-04:00
49.53510756652567,50.000269440069964,49.29813906823082,49.64920425415039,14498900,2021-05-03 00:00:00-04:00
49.46489384978917,49.89494516376186,49.3069148595119,49.70186233520508,25314100,2021-05-04 00:00:00-04:00
50.0353720361887,50.0529256298488,49.37712733996025,49.5087776184082,17858800,2021-05-05 00:00:00-04:00
49.73696516632799,50.11435904123653,49.54388234168107,50.00904083251953,13075800,2021-05-06 00:00:00-04:00
50.25478088235049,51.272865755980895,49.7632937110839,51.00079345703125,17847300,2021-05-07 00:00:00-04:00
51.20266026415058,51.8784585455869,50.45665095695763,50.47420120239258,19221200,2021-05-10 00:00:00-04:00
50.482980992581,50.71117101726122,49.98271528446931,50.46542739868164,15397500,2021-05-11 00:00:00-04:00
49.947602965484315,50.14946425258087,49.64042347381682,49.69308090209961,19274400,2021-05-12 00:00:00-04:00
49.49121792410405,50.95691100799709,49.49121792410405,50.36887741088867,15645000,2021-05-13 00:00:00-04:00
50.772609004555974,51.67660071342244,50.360111249020754,51.501068115234375,15864400,2021-05-14 00:00:00-04:00
51.01835204380696,51.14122384865404,48.36781972494284,48.67499923706055,31534600,2021-05-17 00:00:00-04:00
48.79787467626555,49.10505755926714,47.990429413987655,48.22739791870117,34702100,2021-05-18 00:00:00-04:00
47.92898493304906,47.94653852448095,47.103982875776616,47.604251861572266,18582500,2021-05-19 00:00:00-04:00
47.49892896791332,48.560899457435646,47.47260025551368,48.30637741088867,15317200,2021-05-20 00:00:00-04:00
48.56090276413967,48.70132815317509,48.20105914748069,48.341487884521484,16449300,2021-05-21 00:00:00-04:00
48.596006652887695,48.94707179985816,48.1571768931773,48.850528717041016,13206400,2021-05-24 00:00:00-04:00
49.35080154689895,49.35080154689895,48.710110406377574,48.885643005371094,11993900,2021-05-25 00:00:00-04:00
49.06994447949225,50.49175198908575,48.806647288531295,49.89494323730469,23719200,2021-05-26 00:00:00-04:00
50.03537149270219,50.43909744648798,49.842288660549634,50.32500076293945,25521100,2021-05-27 00:00:00-04:00
50.62340515590862,50.78138414912792,50.219682550128454,50.32500076293945,13017700,2021-05-28 00:00:00-04:00
50.825260273253676,50.83403539491763,49.88616489896534,49.98270797729492,12070200,2021-06-01 00:00:00-04:00
50.05292480756796,50.05292480756796,49.350797812726796,49.754520416259766,13816500,2021-06-02 00:00:00-04:00
49.60531141560824,49.70185448864792,49.017277856187064,49.491214752197266,10671400,2021-06-03 00:00:00-04:00
49.72818788621711,50.210899948897634,49.52632659993271,50.02659225463867,11314900,2021-06-04 00:00:00-04:00
49.789628632992205,50.23723690321689,49.70186401232359,49.956382751464844,11099400,2021-06-07 00:00:00-04:00
49.842275499443865,49.973922393694174,49.263020459930196,49.52631759643555,14745600,2021-06-08 00:00:00-04:00
49.84228662429929,49.95637995518104,49.34202094887783,49.37712478637695,9220900,2021-06-09 00:00:00-04:00
49.552661483207714,50.061705671304374,49.456118389051056,49.675533294677734,12373300,2021-06-10 00:00:00-04:00
49.63163924913952,49.93004358416267,49.517542587746995,49.921268463134766,9737900,2021-06-11 00:00:00-04:00
49.833512865602934,50.28112115309365,49.37712945490913,50.272342681884766,12473900,2021-06-14 00:00:00-04:00
50.26356321788573,50.70239299626992,50.21968090964841,50.30744552612305,12092700,2021-06-15 00:00:00-04:00
50.614628162622864,50.992022063217895,49.88617242640841,50.13191604614258,14960000,2021-06-16 00:00:00-04:00
50.009038071039384,50.790154492901394,49.80717678714288,50.482975006103516,15549400,2021-06-17 00:00:00-04:00
50.246008794723814,50.44787008768432,49.535103360206456,49.772071838378906,26722700,2021-06-18 00:00:00-04:00
50.00904546171682,50.37766424835658,49.90372724325081,50.272342681884766,12966100,2021-06-21 00:00:00-04:00
50.4303173136294,50.737500167211735,50.28111679606509,50.57952117919922,14324500,2021-06-22 00:00:00-04:00
50.439094609073365,50.72872051501231,48.192284991462515,48.69255065917969,34001700,2021-06-23 00:00:00-04:00
48.885633544261154,49.42100636097507,48.79786558774769,49.20159149169922,20521500,2021-06-24 00:00:00-04:00
49.11382882270863,49.67553041284596,49.06117139113674,49.51755142211914,17280700,2021-06-25 00:00:00-04:00
49.70186767829886,49.75452511538174,48.99096214562675,49.2367057800293,13483900,2021-06-28 00:00:00-04:00
49.29813495722814,50.05292270040898,49.29813495722814,49.62287139892578,12496400,2021-06-29 00:00:00-04:00
49.61409662462661,50.14946952178909,49.482449692082106,50.044151306152344,12985100,2021-06-30 00:00:00-04:00
50.08803236892586,50.89548093003641,50.04415005917114,50.68484115600586,10033900,2021-07-01 00:00:00-04:00
50.90426128208832,51.369419839683424,50.75506074399403,51.27287673950195,10668500,2021-07-02 00:00:00-04:00
51.11421922205659,51.36101899051052,50.179900529146515,50.82334518432617,12866600,2021-07-06 00:00:00-04:00
51.1054021366014,51.38745997062515,50.885044243620676,51.27287292480469,12869000,2021-07-07 00:00:00-04:00
50.94674025729709,51.4491559455715,50.602982508729795,51.32575607299805,21483600,2021-07-08 00:00:00-04:00
51.31693394623289,51.748833422042495,51.13183080849218,51.14945983886719,14741400,2021-07-09 00:00:00-04:00
51.352203369140625,51.4491613828077,50.69994587020799,51.352203369140625,11576300,2021-07-12 00:00:00-04:00
51.352207077211766,51.5196812446915,50.85860749911136,50.964378356933594,11367100,2021-07-13 00:00:00-04:00
51.237615416559315,51.281686320267504,50.77927062072645,50.9202995300293,9776800,2021-07-14 00:00:00-04:00
50.80571162583231,51.237614544568785,50.67349891695782,51.078956604003906,12757300,2021-07-15 00:00:00-04:00
51.05250809032924,51.43152388371372,50.68230849440625,50.72637939453125,12409600,2021-07-16 00:00:00-04:00
50.66468560341791,50.74401457821678,49.64222512956279,49.915470123291016,18287500,2021-07-19 00:00:00-04:00
50.00361544555006,50.629431089356494,49.818515612152915,50.31211853027344,17575300,2021-07-20 00:00:00-04:00
50.17989807654698,51.219987567616805,50.03005296559904,50.95555877685547,13990300,2021-07-21 00:00:00-04:00
50.97319294778127,51.0965928384119,50.144645060870154,50.93793487548828,13377400,2021-07-22 00:00:00-04:00
51.05250615859451,51.64306695758506,50.929106297956075,51.440338134765625,8550800,2021-07-23 00:00:00-04:00
51.308133043797035,51.80173595424939,51.12303321327543,51.74003601074219,11595400,2021-07-26 00:00:00-04:00
51.71358519610985,52.07497534393558,51.36982744440618,51.61663055419922,11625300,2021-07-27 00:00:00-04:00
51.34339083626547,51.599006807918606,50.576546283700786,51.105403900146484,13239600,2021-07-28 00:00:00-04:00
52.180742563145444,52.62145828857337,51.17591124715283,51.2199821472168,19769600,2021-07-29 00:00:00-04:00
51.184735763432876,52.20719634527275,51.043706833606514,51.8546257019043,22478300,2021-07-30 00:00:00-04:00
51.96920350212604,52.2424484937248,51.13184285519589,51.53730392456055,11634300,2021-08-02 00:00:00-04:00
51.740029955832654,51.784100858552556,50.45314076700327,51.32575607299805,11207500,2021-08-03 00:00:00-04:00
51.1318466587477,51.50204968659386,50.67350517649212,51.09659194946289,9507600,2021-08-04 00:00:00-04:00
51.38745616615715,51.678330177306265,51.140656420256825,51.42271423339844,8723500,2021-08-05 00:00:00-04:00
51.29931307149321,51.97801571806026,51.24642597196012,51.7312126159668,10589100,2021-08-06 00:00:00-04:00
51.70477602498108,51.73121789624945,51.149473191583034,51.36983108520508,12119200,2021-08-09 00:00:00-04:00
51.31695114950941,51.52849286013837,51.16710602228527,51.51968002319336,8229300,2021-08-10 00:00:00-04:00
51.92512427311739,52.136669291152096,51.53729566284676,52.08378219604492,8849700,2021-08-11 00:00:00-04:00
52.048531896880995,52.12786087017851,51.643074194424585,52.03090286254883,9314900,2021-08-12 00:00:00-04:00
52.33058136512512,52.44516838878942,51.99563985348171,52.2865104675293,7542700,2021-08-13 00:00:00-04:00
52.12785736753759,52.51568937199662,51.88105762825949,52.224815368652344,12221300,2021-08-16 00:00:00-04:00
52.110232443332734,52.44517737475965,51.836990813984976,52.41873550415039,12911600,2021-08-17 00:00:00-04:00
52.41873489306756,52.60383470996359,51.98683195791565,52.03090286254883,12514000,2021-08-18 00:00:00-04:00
52.03090388915734,52.1895618388828,51.58137527319822,51.96920394897461,10460100,2021-08-19 00:00:00-04:00
51.881058079169584,52.61264446798559,51.740029175157204,52.3658447265625,11538200,2021-08-20 00:00:00-04:00
52.10141583916779,52.99166016337183,52.00445783742002,52.70960235595703,12419800,2021-08-23 00:00:00-04:00
52.76249651118018,52.929967305978806,52.35703877910262,52.471622467041016,9613500,2021-08-24 00:00:00-04:00
52.45398550837549,52.727230475621596,52.189556738805116,52.42754364013672,7757000,2021-08-25 00:00:00-04:00
52.52450410941032,52.62146211403616,51.9780175116217,52.004459381103516,8118600,2021-08-26 00:00:00-04:00
52.10142442443519,52.4539950606031,51.96920833437544,52.35704040527344,13129600,2021-08-27 00:00:00-04:00
52.20718521236303,52.66552997715782,52.09259818056578,52.630271911621094,11995100,2021-08-30 00:00:00-04:00
52.418728775106445,53.55577277647003,52.365841678282564,53.485260009765625,16718700,2021-08-31 00:00:00-04:00
53.77613713968339,54.225669111064896,53.37949563391613,53.890724182128906,15040100,2021-09-01 00:00:00-04:00
54.09345320234714,54.4724690372804,54.01412422846822,54.42839813232422,10223700,2021-09-02 00:00:00-04:00
54.11990442247666,54.47247506352519,54.05820447623329,54.40196228027344,8080400,2021-09-03 00:00:00-04:00
54.1463405565666,54.26974043597336,53.06218015012855,53.15032196044922,15979000,2021-09-07 00:00:00-04:00
53.02692545290036,53.344241370063415,52.921154601310924,53.00929641723633,16750400,2021-09-08 00:00:00-04:00
53.21202337408566,53.21202337408566,52.38347890197985,52.49806594848633,10390500,2021-09-09 00:00:00-04:00
52.39229026020285,52.75367706216354,52.05734869124043,52.268890380859375,10211200,2021-09-10 00:00:00-04:00
52.86826413001914,53.40593791517531,52.47161925880603,52.85945129394531,14017800,2021-09-13 00:00:00-04:00
53.1943877939631,53.635103528336934,48.8313047135776,48.998775482177734,54749300,2021-09-14 00:00:00-04:00
48.91945266723633,50.84097377973376,48.91945266723633,50.241600036621094,37041400,2021-09-15 00:00:00-04:00
50.46195382165011,50.88504054190763,49.712738384976376,50.48839569091797,18590800,2021-09-16 00:00:00-04:00
50.17989644056115,50.81452820761343,50.0741256001839,50.33855438232422,23758600,2021-09-17 00:00:00-04:00
50.14463139168716,50.232776548391705,49.23675813319092,49.79206085205078,19287200,2021-09-20 00:00:00-04:00
50.21515026730271,50.50602089437368,49.139802833368705,49.413047790527344,13698000,2021-09-21 00:00:00-04:00
50.127003905619354,50.29447802732376,49.2808305495342,49.37778854370117,17508100,2021-09-22 00:00:00-04:00
49.42186795341785,50.1446415731792,49.245580966608955,49.510009765625,15254700,2021-09-23 00:00:00-04:00
49.289643714854485,49.78324652374499,49.1398019864235,49.57170486450195,11417800,2021-09-24 00:00:00-04:00
49.227951650165664,49.65104176104532,49.13980983846258,49.61578369140625,10188100,2021-09-27 00:00:00-04:00
48.963517768081275,49.21032086753108,48.12615719427871,48.25837326049805,21386700,2021-09-28 00:00:00-04:00
48.43466323307719,49.52763644704516,48.22311818647999,49.298465728759766,16926800,2021-09-29 00:00:00-04:00
49.36897850269587,50.17108106028643,49.289649530521224,49.298465728759766,19457300,2021-09-30 00:00:00-04:00
49.703926955295955,50.66468752546605,49.43068531359641,50.426700592041016,15489500,2021-10-01 00:00:00-04:00
50.41788288257934,50.41788288257934,49.818509188712476,50.04767990112305,14261500,2021-10-04 00:00:00-04:00
49.87060801016367,50.738230439283925,49.817487028977794,50.27785873413086,15620500,2021-10-05 00:00:00-04:00
49.65812987220362,50.437220747747645,49.49877029817725,50.375247955322266,22844900,2021-10-06 00:00:00-04:00
50.83561667287176,51.3136953984053,50.71167108712541,50.81791305541992,13838400,2021-10-07 00:00:00-04:00
50.44608667708251,50.44608667708251,48.312442202336776,48.42753601074219,24009700,2021-10-08 00:00:00-04:00
47.74582738229031,47.89633179882726,46.18764533679795,46.23191452026367,31934900,2021-10-11 00:00:00-04:00
46.36471054429496,46.59489813324075,45.60332654238331,46.32929992675781,27671100,2021-10-12 00:00:00-04:00
47.13494803643186,47.18806564945727,46.134524671526776,46.648014068603516,19948200,2021-10-13 00:00:00-04:00
46.71883573562734,48.08224390657899,46.71883573562734,47.7989387512207,20940500,2021-10-14 00:00:00-04:00
48.029118208230635,48.28586453546304,47.53333254639532,47.82549285888672,18876600,2021-10-15 00:00:00-04:00
47.462518898502864,47.57761268850467,46.82508052589503,47.11724090576172,20106100,2021-10-18 00:00:00-04:00
47.55105572412623,48.02913455605724,47.35628549343427,48.02028274536133,15335000,2021-10-19 00:00:00-04:00
48.26816708167674,48.586886257466475,47.72811552017347,48.436378479003906,12658700,2021-10-20 00:00:00-04:00
48.46294094647392,48.46294094647392,47.613022013621254,47.834354400634766,13686600,2021-10-21 00:00:00-04:00
47.85206332055992,48.117661520200556,47.36513272500804,48.00257110595703,14906900,2021-10-22 00:00:00-04:00
47.92288976470589,48.05568717161653,47.49793198351622,47.878623962402344,13471100,2021-10-25 00:00:00-04:00
47.922888383465065,48.12651377000385,47.400543825904144,47.595314025878906,13446400,2021-10-26 00:00:00-04:00
47.60417146986108,47.683851266395074,46.15223151280981,46.42668151855469,22840300,2021-10-27 00:00:00-04:00
44.62061027065253,46.69228153415992,44.08941051905894,45.948604583740234,21159400,2021-10-28 00:00:00-04:00
45.629884193401764,46.532920707530955,45.258044039459584,45.53249740600586,26924000,2021-10-29 00:00:00-04:00
45.5767665459887,46.64801453130821,45.54135255211094,46.2673225402832,19052200,2021-11-01 00:00:00-04:00
46.444388727736154,46.87820170579797,45.93089933004013,46.6037483215332,15469800,2021-11-02 00:00:00-04:00
46.46209834099326,47.00214995291087,46.26732474265851,46.878204345703125,16311900,2021-11-03 00:00:00-04:00
46.73655452922954,47.143805370714716,46.152237076626754,46.683433532714844,16582100,2021-11-04 00:00:00-04:00
47.241182431209246,48.09995312276809,47.19691663187677,47.719261169433594,17624800,2021-11-05 00:00:00-04:00
47.657289637424995,47.84320802590504,47.11723809037564,47.35627746582031,13428400,2021-11-08 00:00:00-05:00
47.241185939617374,47.81664812820477,47.15265095711329,47.586463928222656,13501900,2021-11-09 00:00:00-05:00
47.613027336904764,48.33014556681968,47.613027336904764,47.95830535888672,16272000,2021-11-10 00:00:00-05:00
47.87862269119682,47.97600610277334,47.31200895405695,47.50678253173828,10846300,2021-11-11 00:00:00-05:00
47.71041705062565,47.79895204709213,47.06412677411191,47.36513900756836,12100200,2021-11-12 00:00:00-05:00
47.32086867699678,47.568759888890156,47.13495026807675,47.25889587402344,9970200,2021-11-15 00:00:00-05:00
47.32971394531924,47.56875331400437,46.975584174028086,47.02870178222656,12853600,2021-11-16 00:00:00-05:00
47.04641153626082,47.6218770920932,46.851637955407234,47.568756103515625,14720100,2021-11-17 00:00:00-05:00
47.05527369196498,47.4625245329151,46.63916766297503,46.727699279785156,15052800,2021-11-18 00:00:00-05:00
46.692283670713344,46.73654947438895,45.69186029677576,45.95745849609375,18226200,2021-11-19 00:00:00-05:00
45.815805473983374,46.506361461272455,45.27575389325143,45.60332489013672,17994600,2021-11-22 00:00:00-05:00
45.833516132541135,46.497513366372544,45.60332853354475,46.07255554199219,19514100,2021-11-23 00:00:00-05:00
45.95745938099435,46.15223297363456,45.58562257024239,45.93090057373047,10122200,2021-11-24 00:00:00-05:00
45.22262994011598,45.47937291396944,44.87734861761488,45.240333557128906,12874800,2021-11-26 00:00:00-05:00
45.65644670900495,45.8246581153741,44.992449516172115,45.62103271484375,19104100,2021-11-29 00:00:00-05:00
45.41740251858912,45.41740251858912,44.09826345938675,44.2487678527832,31517200,2021-11-30 00:00:00-05:00
45.266905687330585,45.50594509671456,43.4254184049346,43.45198059082031,21235900,2021-12-01 00:00:00-05:00
44.053996103411386,46.00172175267243,43.98317149690481,45.5944709777832,26158400,2021-12-02 00:00:00-05:00
45.54135306805017,46.258471254509416,45.51479426097314,45.84236526489258,22351400,2021-12-03 00:00:00-05:00
46.21419891350709,47.2057669722146,46.09025332832664,46.34699630737305,22333500,2021-12-06 00:00:00-05:00
46.30274406760509,47.09068698462936,43.13326539968823,43.894649505615234,46086900,2021-12-07 00:00:00-05:00
43.62019770400774,44.124835397298824,43.01817319670171,43.32803726196289,36605500,2021-12-08 00:00:00-05:00
43.08898287956183,43.22178364848869,42.132828825985584,42.32760238647461,35048200,2021-12-09 00:00:00-05:00
42.74371066138583,42.947336057702465,42.30104587532421,42.89421844482422,27865400,2021-12-10 00:00:00-05:00
42.47811026972425,42.84995042697492,42.008886701475284,42.239070892333984,30178300,2021-12-13 00:00:00-05:00
40.981905174608855,43.38114741497532,40.981905174608855,43.16866683959961,34729600,2021-12-14 00:00:00-05:00
42.619767888987944,43.12440550839402,42.29219687120573,42.655181884765625,23040400,2021-12-15 00:00:00-05:00
42.98275174186937,43.84152254133349,42.8676579473321,43.239498138427734,28400900,2021-12-16 00:00:00-05:00
42.68173796133532,43.60248152904021,42.53123355480926,43.15981674194336,41441400,2021-12-17 00:00:00-05:00
42.71715191085588,43.09784389754828,42.478112520798035,42.849952697753906,18991200,2021-12-20 00:00:00-05:00
43.0535843516544,43.6644606301873,42.84995892547677,43.25720977783203,19756300,2021-12-21 00:00:00-05:00
43.186371029270774,43.52279717789357,42.87650706163395,43.4077033996582,26552000,2021-12-22 00:00:00-05:00
43.70872003201429,44.46125219471075,43.65560241913371,44.29303741455078,18420000,2021-12-23 00:00:00-05:00
44.28418766843097,44.78882527789796,43.96546846723824,44.682586669921875,16421700,2021-12-27 00:00:00-05:00
44.68258788585932,45.16951851103697,44.54093527894829,44.71799850463867,9282800,2021-12-28 00:00:00-05:00
44.82423998441179,44.94818559189519,44.54093477380273,44.78882598876953,12045600,2021-12-29 00:00:00-05:00
44.90391978597462,45.328877601888216,44.73570499530614,44.78882598876953,11343100,2021-12-30 00:00:00-05:00
44.96588647437647,45.40855122790898,44.52322172084395,44.55863571166992,12345400,2021-12-31 00:00:00-05:00
44.24877463262525,45.10754545698256,44.00973522654854,44.921627044677734,20706000,2022-01-03 00:00:00-05:00
45.11735632677483,45.393168645313075,44.41448207223281,44.65470504760742,24592800,2022-01-04 00:00:00-05:00
44.99279473628671,45.55331498371418,44.619116833992656,44.681396484375,20727900,2022-01-05 00:00:00-05:00
44.86823587390616,45.357577443399826,44.65470321766153,44.93941116333008,18288200,2022-01-06 00:00:00-05:00
44.79706084910521,45.01059352278921,44.45897225725337,44.530147552490234,17894500,2022-01-07 00:00:00-05:00
44.81485631907178,45.30419793724015,44.369999685466574,44.94831466674805,20216700,2022-01-10 00:00:00-05:00
45.001701674257575,45.53552831245333,44.80596365639187,45.49993896484375,18836200,2022-01-11 00:00:00-05:00
45.75795645783102,45.989280428377995,45.21523078794787,45.330894470214844,17992600,2022-01-12 00:00:00-05:00
45.19744204569388,45.98039082273383,44.59243663534311,45.62450408935547,17924700,2022-01-13 00:00:00-05:00
45.79354964249203,46.354066639088195,45.49994259228591,45.98038864135742,18789900,2022-01-14 00:00:00-05:00
45.437661152587026,45.722369157075775,44.53905214979202,44.645816802978516,23364500,2022-01-18 00:00:00-05:00
44.67250213685002,45.17963842542472,44.04970217372714,44.77927017211914,17852300,2022-01-19 00:00:00-05:00
44.939410724250536,45.926992886008236,44.619116833992656,44.681396484375,20052300,2022-01-20 00:00:00-05:00
44.82376029653573,45.33089664326498,44.17426994711034,44.245445251464844,33155400,2022-01-21 00:00:00-05:00
44.98390025844693,45.55331615891051,43.40020846704781,44.54793930053711,41581900,2022-01-24 00:00:00-05:00
43.82727245798426,44.52125108911978,43.435799856461976,44.192054748535156,32154300,2022-01-25 00:00:00-05:00
44.05859862959479,44.79705883007967,42.59057047339714,43.115501403808594,34221300,2022-01-26 00:00:00-05:00
40.45526809701615,44.54794824921511,40.45526809701615,42.71513748168945,49168100,2022-01-27 00:00:00-05:00
42.59947298456573,44.38779519189743,42.466014634382496,44.23654556274414,34458000,2022-01-28 00:00:00-05:00
43.85396851699123,44.574634103796285,43.62264116286636,44.476768493652344,24470700,2022-01-31 00:00:00-05:00
43.72940680408726,44.494557334297866,43.49807946263912,44.43227767944336,23489800,2022-02-01 00:00:00-05:00
44.43228011432976,44.708092453790385,43.91624817525866,44.476768493652344,20280500,2022-02-02 00:00:00-05:00
44.87713707892457,45.35758306957995,44.12088214080865,44.165367126464844,28416400,2022-02-03 00:00:00-05:00
43.73830386521056,44.20095516916318,43.34683125139838,43.889556884765625,23203100,2022-02-04 00:00:00-05:00
43.996320721744304,44.06749601659692,43.33793142592746,43.47138977050781,19034000,2022-02-07 00:00:00-05:00
43.66713085115268,44.07639815888876,43.44470252381955,43.78279113769531,17964500,2022-02-08 00:00:00-05:00
44.040805763388974,44.2988234197919,43.81837745145267,44.281028747558594,19142900,2022-02-09 00:00:00-05:00
43.55147016776834,44.13868085657925,43.37352681485867,43.524776458740234,21583400,2022-02-10 00:00:00-05:00
43.36462629559993,43.88955726093111,42.26138034687471,42.36814498901367,26312600,2022-02-11 00:00:00-05:00
42.79519787019498,43.0532154784327,41.878794482161936,42.172401428222656,24481600,2022-02-14 00:00:00-05:00
42.44821833706562,42.99094396252835,42.43042366478968,42.7507209777832,21087800,2022-02-15 00:00:00-05:00
42.6350628808356,42.93756556111476,42.39484325866101,42.78631591796875,14852100,2022-02-16 00:00:00-05:00
42.3859462298236,42.40374090526869,41.52292313766715,41.61189651489258,20569000,2022-02-17 00:00:00-05:00
41.62079040799971,41.949986798930155,41.30939208575434,41.49623107910156,21220400,2022-02-18 00:00:00-05:00
41.816518013473996,42.23468427968436,41.47842606645314,41.76313400268555,21635500,2022-02-22 00:00:00-05:00
41.656377666328275,41.81652633658308,39.85915633990307,40.15276336669922,36279100,2022-02-23 00:00:00-05:00
39.56555120134168,40.980195472097165,39.38760786405424,40.935707092285156,29784000,2022-02-24 00:00:00-05:00
41.09585462701879,42.22579088465538,40.9268103279343,41.87880325317383,30441900,2022-02-25 00:00:00-05:00
41.336075906219676,41.932185535985546,41.01577859995583,41.602989196777344,29824700,2022-02-28 00:00:00-05:00
41.051371568802864,41.772040571535236,40.757767941458745,41.273799896240234,21843400,2022-03-01 00:00:00-05:00
41.58519366633231,41.90548754585606,41.14923273428003,41.264896392822266,25978700,2022-03-02 00:00:00-05:00
41.700865719453596,42.38594543835406,41.5496160719756,41.92329406738281,23131600,2022-03-03 00:00:00-05:00
41.72755181930958,42.17240843404002,41.28269520457915,42.003360748291016,21368700,2022-03-04 00:00:00-05:00
41.81652170954136,42.18130399720556,40.837838516487174,41.193721771240234,30718700,2022-03-07 00:00:00-05:00
41.22931180578064,42.08343570428426,40.99798785601424,41.04247283935547,24592700,2022-03-08 00:00:00-05:00
41.62078374572152,41.941081051039134,40.90901384167494,41.033573150634766,20113700,2022-03-09 00:00:00-05:00
40.56202611822682,40.775558785868974,39.99261019649654,40.38408279418945,18179500,2022-03-10 00:00:00-05:00
40.891214991813264,41.149232616288316,39.992606216141255,40.05488586425781,19584800,2022-03-11 00:00:00-05:00
40.35739412342085,40.71327739197045,39.894742819718296,40.010406494140625,17564200,2022-03-14 00:00:00-04:00
40.535338465693926,40.70438276792217,40.13496680885142,40.51754379272461,22824200,2022-03-15 00:00:00-04:00
40.58872492840687,41.22931967149028,40.054898238495575,41.13145065307617,20107700,2022-03-16 00:00:00-04:00
41.13144967341042,41.37167269634509,40.43747431425732,41.353878021240234,16955600,2022-03-17 00:00:00-04:00
41.20262358022246,41.789834214416246,40.87342722006298,41.7364501953125,35185400,2022-03-18 00:00:00-04:00
41.718660548846636,41.93219325700274,41.09586049354419,41.52292251586914,17884700,2022-03-21 00:00:00-04:00
41.94108555666447,42.26138289639082,41.78983592067535,42.012264251708984,15409600,2022-03-22 00:00:00-04:00
41.949985691259805,42.12792564556607,41.38946533203125,41.38946533203125,16229600,2022-03-23 00:00:00-04:00
41.709759012919555,41.83431832757716,41.309387362958134,41.638580322265625,13375400,2022-03-24 00:00:00-04:00
41.86100362987607,42.14571157044591,41.68306031852333,41.93218231201172,15011500,2022-03-25 00:00:00-04:00
41.958877718802725,42.305865351406894,41.576300740806644,42.28807067871094,18965400,2022-03-28 00:00:00-04:00
42.688441375873055,42.88417937716959,42.16351042202148,42.510498046875,20459300,2022-03-29 00:00:00-04:00
42.3236590967227,42.56388208187425,42.18130511226105,42.430423736572266,15452000,2022-03-30 00:00:00-04:00
42.590566358396174,42.63505133586456,41.656368255615234,41.656368255615234,21186600,2022-03-31 00:00:00-04:00
41.95888121908021,42.528297216905244,41.68306886026437,42.439327239990234,15070200,2022-04-01 00:00:00-04:00
42.430422531478,42.95535347064394,42.37704191006267,42.80410385131836,15149300,2022-04-04 00:00:00-04:00
42.42831659016779,43.20673821377872,42.41937074521289,42.83094787597656,15442000,2022-04-05 00:00:00-04:00
42.83990005202092,43.170950948171665,42.437268738787786,42.7056884765625,21346500,2022-04-06 00:00:00-04:00
42.589368744507816,42.750421257470045,41.68568823345701,42.18674087524414,18831000,2022-04-07 00:00:00-04:00
42.15989450455689,42.57147502536354,41.6409501977493,42.428314208984375,18218900,2022-04-08 00:00:00-04:00
42.63411021480952,43.32305293662029,42.544634696096274,42.59832000732422,20256000,2022-04-11 00:00:00-04:00
42.94726174975199,43.10831425436489,42.168843586217406,42.27621078491211,13902100,2022-04-12 00:00:00-04:00
42.35674265258089,42.98305765209227,42.2493754396522,42.86674118041992,14469800,2022-04-13 00:00:00-04:00
42.93831705003246,43.16200071094228,42.490949728212804,42.571475982666016,16540100,2022-04-14 00:00:00-04:00
42.64305218620651,42.95620794039917,41.73937171472073,41.92726516723633,14839400,2022-04-18 00:00:00-04:00
41.82884513708964,43.144106172643085,41.81989929231866,43.045684814453125,21438500,2022-04-19 00:00:00-04:00
42.85778288869843,43.000940268743776,42.35673035196912,42.41041564941406,22555700,2022-04-20 00:00:00-04:00
42.53567926925878,43.11725465075071,41.900418588631986,41.998836517333984,22347300,2022-04-21 00:00:00-04:00
41.936210528845294,42.0525269846954,40.55832181312169,40.603057861328125,29978900,2022-04-22 00:00:00-04:00
40.638845381729844,41.04147664910097,40.137796171793994,40.898319244384766,28083200,2022-04-25 00:00:00-04:00
40.52253651015352,41.023585771690016,39.80674941285703,39.878326416015625,29225000,2022-04-26 00:00:00-04:00
39.914119190137114,40.33464563008299,39.439910847656755,39.77096176147461,25547900,2022-04-27 00:00:00-04:00
38.23200795348339,39.1177966838973,36.46937974975858,37.31043243408203,49934000,2022-04-28 00:00:00-04:00
36.872015795311555,37.417804502899926,35.44044165503219,35.574649810791016,44133800,2022-04-29 00:00:00-04:00
35.843066862741594,36.37990622091005,35.431486380794944,36.192012786865234,37611800,2022-05-02 00:00:00-04:00
36.46043775187798,36.48727869973531,35.76254580245235,36.12043762207031,24371300,2022-05-03 00:00:00-04:00
36.218856546879266,37.30148460414107,35.95938269122891,37.238853454589844,27140500,2022-05-04 00:00:00-04:00
36.80044178937727,37.220964807410574,35.82518076034659,36.129390716552734,30240500,2022-05-05 00:00:00-04:00
36.01305890083313,36.16516210757254,35.31516717458726,35.78937530517578,36595600,2022-05-06 00:00:00-04:00
35.78938763840391,36.13833362177563,35.422546551635946,35.574649810791016,36675600,2022-05-09 00:00:00-04:00
36.057804107666016,36.728855065301765,35.74464835935933,36.057804107666016,31368300,2022-05-10 00:00:00-04:00
36.1204409306535,36.505177146512,35.440444021893256,35.64623260498047,31757000,2022-05-11 00:00:00-04:00
35.69096385067008,37.09569694695775,35.592542495250655,37.03306579589844,39604300,2022-05-12 00:00:00-04:00
36.73780712850811,37.489384394985386,36.72885787036349,37.11359405517578,29684100,2022-05-13 00:00:00-04:00
37.16727900661978,37.722013546275356,37.00622649298721,37.46253967285156,21015700,2022-05-16 00:00:00-04:00
37.65043605343103,38.39306404486514,37.51622448945118,38.3304328918457,18435500,2022-05-17 00:00:00-04:00
38.2141156728059,38.42885348828697,37.516223745490585,37.69517135620117,23558200,2022-05-18 00:00:00-04:00
37.50727664966445,37.96359325393584,37.39990944230611,37.59675216674805,17423700,2022-05-19 00:00:00-04:00
37.91885718026982,38.18727690508307,36.84517486787483,37.58780288696289,24325700,2022-05-20 00:00:00-04:00
38.17832551289691,38.56306168177713,37.61464514623763,38.3662223815918,20260400,2022-05-23 00:00:00-04:00
38.20516590853153,38.56305768009307,37.650431444069206,38.536216735839844,20921300,2022-05-24 00:00:00-04:00
38.49149081002688,39.269909116280814,38.24991200881518,39.099910736083984,16583300,2022-05-25 00:00:00-04:00
39.13569983383585,39.80675090262963,39.13569983383585,39.48464584350586,24427800,2022-05-26 00:00:00-04:00
39.48464510342365,39.94095831986792,39.3504335269236,39.5114860534668,18073500,2022-05-27 00:00:00-04:00
39.28779983066862,39.95885084354486,38.90306364356822,39.61885070800781,25249600,2022-05-31 00:00:00-04:00
39.86042912338215,39.86937838149943,38.89411744837327,39.305694580078125,17980700,2022-06-01 00:00:00-04:00
38.97464622106563,39.225170854247054,38.464647696007944,39.18938064575195,16742800,2022-06-02 00:00:00-04:00
39.07305904088048,39.17148039473929,38.30359013818966,38.41095733642578,19670700,2022-06-03 00:00:00-04:00
38.56305828910367,38.7688502420998,37.58779747918468,37.829376220703125,20144500,2022-06-06 00:00:00-04:00
37.534120128733996,38.214116976869086,37.33727740892088,38.142539978027344,14485000,2022-06-07 00:00:00-04:00
38.04411807428775,38.85832647668227,37.95464256058723,38.3304328918457,17198800,2022-06-08 00:00:00-04:00
38.24990090197964,38.52726983315763,37.72200739628047,37.73990249633789,21662300,2022-06-09 00:00:00-04:00
37.41780874559646,37.59675638670723,37.14938899050149,37.24781036376953,21302200,2022-06-10 00:00:00-04:00
36.72885729761851,36.85411960455441,35.85201773592534,35.96833419799805,32051100,2022-06-13 00:00:00-04:00
36.20096719474347,36.64833457010058,35.44938986761783,35.64623260498047,23707000,2022-06-14 00:00:00-04:00
36.084648287367926,36.61253842813218,35.52991037435381,35.90570068359375,31767000,2022-06-15 00:00:00-04:00
35.34201991189468,35.36886086012868,33.60623585887703,33.91939163208008,36040400,2022-06-16 00:00:00-04:00
33.91939057224726,34.72465312552551,33.91939057224726,34.63517761230469,52141600,2022-06-17 00:00:00-04:00
34.88570655013978,35.16307211553636,34.25044233562528,34.42938995361328,29169000,2022-06-21 00:00:00-04:00
34.30412695823968,35.18991577231987,34.160969549343484,34.805179595947266,26817800,2022-06-22 00:00:00-04:00
34.83202000062481,35.07359876433603,34.42044288310574,34.993072509765625,26629300,2022-06-23 00:00:00-04:00
34.82306522021522,35.45832931136474,34.81411937696692,35.40464401245117,26686900,2022-06-24 00:00:00-04:00
35.45833570966768,35.81622752758106,35.34201924760343,35.63728332519531,18156800,2022-06-27 00:00:00-04:00
35.816226378976026,36.2993839014635,34.984122894628186,35.01096725463867,17305000,2022-06-28 00:00:00-04:00
35.14517143142299,35.261487876615604,34.67990906379392,35.189910888671875,16980100,2022-06-29 00:00:00-04:00
34.90359827932937,35.48517718515838,34.44728509543207,35.10939025878906,21566300,2022-06-30 00:00:00-04:00
35.22570101771837,36.138330739280796,35.14517476542928,36.048858642578125,16175900,2022-07-01 00:00:00-04:00
35.4453428945222,35.877716064453125,35.04900483094957,35.877716064453125,19320400,2022-07-05 00:00:00-04:00
36.003823473945815,36.129930883438504,35.679545314582214,35.877716064453125,20011300,2022-07-06 00:00:00-04:00
35.769618263362275,36.111912231116776,35.499387630364055,35.9767951965332,19018400,2022-07-07 00:00:00-04:00
35.94977414435246,36.22000478471925,35.580458134078405,35.99481201171875,13100400,2022-07-08 00:00:00-04:00
35.85969565122073,35.976793410131904,35.13907608411542,35.283199310302734,20956700,2022-07-11 00:00:00-04:00
35.42733039104661,36.35512356057839,35.247175476801914,35.8056526184082,24798700,2022-07-12 00:00:00-04:00
35.46335719575273,36.16596098937451,35.10305081795322,35.922752380371094,16994300,2022-07-13 00:00:00-04:00
35.37328275293357,35.715576745094694,35.17511200439253,35.652523040771484,16462500,2022-07-14 00:00:00-04:00
35.97679092727433,36.86855569013119,35.931753066480624,36.84153366088867,22142700,2022-07-15 00:00:00-04:00
36.841535804885396,37.093750588942626,36.427178527431586,36.51725769042969,16610000,2022-07-18 00:00:00-04:00
37.00367664602978,37.29192310918238,36.81451211269867,37.210853576660156,15112600,2022-07-19 00:00:00-04:00
37.30993631939195,37.81436935898404,36.88657625025739,37.67024612426758,16799300,2022-07-20 00:00:00-04:00
37.45406126422551,38.17467740459857,37.057719809893726,38.075592041015625,19527000,2022-07-21 00:00:00-04:00
38.20169943650707,38.652084953766604,38.03055417696921,38.37284469604492,24098600,2022-07-22 00:00:00-04:00
38.63407095184735,38.63407095184735,37.967502278964886,38.2557487487793,16842900,2022-07-25 00:00:00-04:00
38.02155036494767,38.58903716572625,38.02155036494767,38.4809455871582,25380500,2022-07-26 00:00:00-04:00
38.28277444689307,39.38171636588394,38.21972074034468,39.066444396972656,27414600,2022-07-27 00:00:00-04:00
35.661528724687514,36.31909122895964,35.1120577925257,35.4993896484375,46629900,2022-07-28 00:00:00-04:00
35.211134629619735,35.22915045996565,32.94119154855926,33.79692459106445,54134700,2022-07-29 00:00:00-04:00
33.355555962695874,33.8870111005947,33.112347329809694,33.787925720214844,26577100,2022-08-01 00:00:00-04:00
33.8599819558789,34.292351622624786,33.72486493169702,33.9410514831543,25562500,2022-08-02 00:00:00-04:00
34.06716565978016,34.80579775047181,33.90502657292888,34.66167449951172,27677500,2022-08-03 00:00:00-04:00
34.75174811437232,35.328241025902244,34.55357738747061,35.0670166015625,19913300,2022-08-04 00:00:00-04:00
34.022125729978384,34.607624898260084,34.022125729978384,34.472511291503906,20752200,2022-08-05 00:00:00-04:00
34.92289268930328,35.47236355864012,34.688690300978365,34.7607536315918,15702300,2022-08-08 00:00:00-04:00
34.76075251450998,34.89586953698363,34.10319010655334,34.37342071533203,17541900,2022-08-09 00:00:00-04:00
34.9229022436105,35.19313293500388,34.7337411032521,35.09404754638672,18426600,2022-08-10 00:00:00-04:00
35.28320656126106,35.88672505731393,35.24717832443673,35.490386962890625,15063600,2022-08-11 00:00:00-04:00
35.83266351033526,36.093887882951094,35.52640128220555,36.03083419799805,16930400,2022-08-12 00:00:00-04:00
35.66152207190917,36.598324685219076,35.49037682831482,36.54427719116211,19005700,2022-08-15 00:00:00-04:00
36.17497429954511,36.535284184341606,35.97680351929007,36.35512924194336,17641800,2022-08-16 00:00:00-04:00
36.01282550016287,36.10290466519707,35.202133631867824,35.3642692565918,18447700,2022-08-17 00:00:00-04:00
35.38228927584897,35.49939048616385,34.598619346259994,34.77877426147461,29036900,2022-08-18 00:00:00-04:00
34.58059915553059,34.94090894057708,34.35540639891873,34.84182357788086,19692200,2022-08-19 00:00:00-04:00
34.79678550787761,34.79678550787761,33.81494495741331,33.88700485229492,21400200,2022-08-22 00:00:00-04:00
33.91403573624298,34.05815898519419,33.52670386040486,33.54471969604492,16505700,2022-08-23 00:00:00-04:00
33.51768803007156,33.92303566663715,33.391580640066415,33.4276123046875,17668300,2022-08-24 00:00:00-04:00
33.589758794303904,33.968081048059815,33.3555563585955,33.868995666503906,21571000,2022-08-25 00:00:00-04:00
34.00411362760199,34.30136978019802,33.13036444276221,33.148380279541016,21742300,2022-08-26 00:00:00-04:00
33.07631190373399,33.220435124911035,32.65294843820264,32.68898010253906,23293300,2022-08-29 00:00:00-04:00
32.89615703022036,32.93218869456992,32.07645556519528,32.175540924072266,23702600,2022-08-30 00:00:00-04:00
32.661957355760364,32.85112189119281,32.45478042282857,32.59890365600586,32478300,2022-08-31 00:00:00-04:00
32.56288583959475,33.265486396529305,32.56288583959475,33.23846435546875,22729200,2022-09-01 00:00:00-04:00
33.2744808372615,33.355550367959076,32.112488812154666,32.211570739746094,20091300,2022-09-02 00:00:00-04:00
32.40974369659359,32.40974369659359,31.157672420048836,31.292789459228516,29842200,2022-09-06 00:00:00-04:00
31.319807272841068,31.59904751264448,31.15766822213826,31.508968353271484,33188800,2022-09-07 00:00:00-04:00
31.445918477643836,31.445918477643836,30.39201795629009,30.959501266479492,39075700,2022-09-08 00:00:00-04:00
31.022551392988557,31.97736987123486,30.932475669227166,31.914316177368164,28295000,2022-09-09 00:00:00-04:00
32.17553925889316,32.33767830390639,31.86026736640368,32.14851379394531,21781000,2022-09-12 00:00:00-04:00
31.590041087667135,31.67111062125391,30.094761251864657,30.139799118041992,35960600,2022-09-13 00:00:00-04:00
30.6532362707573,31.265760830453186,30.310945762115075,31.049577713012695,31751200,2022-09-14 00:00:00-04:00
31.031562631297728,31.16667622392475,30.374000192573636,30.6262149810791,36999500,2022-09-15 00:00:00-04:00
30.707291658221354,31.2657688639695,30.563168397506686,31.094623565673828,52294500,2022-09-16 00:00:00-04:00
30.950493575621348,31.319809565665633,30.62621545047635,31.040569305419922,23407900,2022-09-19 00:00:00-04:00
30.617212764752797,30.833395915540134,30.26590913142722,30.48209571838379,26624000,2022-09-20 00:00:00-04:00
30.644231038665705,30.70728473625435,29.437197713703487,29.45521354675293,36733700,2022-09-21 00:00:00-04:00
29.3651389316667,29.65338543278429,29.094908266390128,29.2480411529541,25182900,2022-09-22 00:00:00-04:00
29.157959105157037,29.193990773294235,28.329251355015483,28.680551528930664,27448500,2022-09-23 00:00:00-04:00
28.518409835202032,28.68955680694168,27.500539357138514,27.82481575012207,34149000,2022-09-26 00:00:00-04:00
28.176118720326624,28.293218199447367,27.02313117181864,27.25733184814453,34363300,2022-09-27 00:00:00-04:00
27.626647983671788,28.275202516735014,27.383439389491418,28.068025588989258,26406700,2022-09-28 00:00:00-04:00
27.79779709391958,27.79779709391958,27.02313338703745,27.410465240478516,28466500,2022-09-29 00:00:00-04:00
27.608632301360633,27.608632301360633,26.374576926665103,26.419614791870117,31419600,2022-09-30 00:00:00-04:00
26.87900799730501,27.716725340216886,26.653815237085016,27.59061622619629,34345600,2022-10-03 00:00:00-04:00
27.708761715310317,28.263119264844843,27.626971200350663,28.16315269470215,28183400,2022-10-04 00:00:00-04:00
27.745111683015768,28.09044803800424,27.390685567773726,27.935955047607422,22332700,2022-10-05 00:00:00-04:00
27.83598853814108,27.91777904693993,27.25436868300605,27.308895111083984,32508700,2022-10-06 00:00:00-04:00
27.154399981231517,27.245278509778135,26.536429800514775,26.60004425048828,28850600,2022-10-07 00:00:00-04:00
26.845418647777645,27.036262018244678,26.38193966231835,26.472816467285156,23583100,2022-10-10 00:00:00-04:00
26.291061140912262,26.490992538677467,26.01842552574449,26.063865661621094,34744800,2022-10-11 00:00:00-04:00
26.109304553875617,26.654574061075035,25.91846117970601,26.072954177856445,29784000,2022-10-12 00:00:00-04:00
26.054774034952807,27.726932670194543,25.800314509289514,27.47247314453125,35165800,2022-10-13 00:00:00-04:00
27.73602370889218,28.026833636459695,27.27254473681999,27.308895111083984,27582500,2022-10-14 00:00:00-04:00
27.690579677223926,28.13588253281087,27.626965231192028,28.00865364074707,29109000,2022-10-17 00:00:00-04:00
28.481226970120787,28.70842246175649,27.690585896548363,27.945045471191406,29236400,2022-10-18 00:00:00-04:00
27.926867763918835,28.13588718785236,27.499740888920243,27.617881774902344,29087900,2022-10-19 00:00:00-04:00
27.71784777428814,27.999569676160323,27.49974032767446,27.681495666503906,22997100,2022-10-20 00:00:00-04:00
27.545177805450948,27.945042310850525,27.30889431286774,27.699670791625977,30818000,2022-10-21 00:00:00-04:00
28.026834260890766,28.51757559125357,27.92686769605074,28.24494171142578,28650400,2022-10-24 00:00:00-04:00
28.35399585450595,28.72659629327516,28.244941264282904,28.681156158447266,25312700,2022-10-25 00:00:00-04:00
29.081019810267858,29.24460082403883,28.58119047562442,28.626628875732422,32053600,2022-10-26 00:00:00-04:00
29.980720337480157,31.134870451093672,28.953795685144364,29.053760528564453,38960100,2022-10-27 00:00:00-04:00
28.581188773915247,29.10828042389518,27.83598622962047,29.035579681396484,34414000,2022-10-28 00:00:00-04:00
28.97196308951763,28.97196308951763,28.381255264799893,28.84473419189453,25866700,2022-10-31 00:00:00-04:00
29.071932651147637,29.6353781894662,28.662981837880015,28.681156158447266,23333000,2022-11-01 00:00:00-04:00
28.617539868840712,29.08101881419561,28.035920047233212,28.09044647216797,25285900,2022-11-02 00:00:00-04:00
27.681497653438655,27.790552251255217,27.29981089449076,27.608795166015625,29178900,2022-11-03 00:00:00-04:00
27.88142936876102,28.572103830659128,27.608793754836956,28.172239303588867,28961900,2022-11-04 00:00:00-04:00
28.472136787636206,28.944703790481235,28.290379714737686,28.71750831604004,26661900,2022-11-07 00:00:00-05:00
28.82656179977351,29.390007351317028,28.599366320393116,28.990142822265625,21878500,2022-11-08 00:00:00-05:00
28.772040122854552,28.99014761108476,28.335825146394143,28.526668548583984,20854300,2022-11-09 00:00:00-05:00
29.74442868725714,29.898923400054912,29.226423324850135,29.780780792236328,31529100,2022-11-10 00:00:00-05:00
30.107944185069627,30.953111597613965,29.835310318671254,30.916759490966797,24484900,2022-11-11 00:00:00-05:00
30.816794318675406,31.498380748725786,30.725917514693165,31.016727447509766,28778100,2022-11-14 00:00:00-05:00
31.471117578683334,31.880070119375112,30.853145620910816,31.15304183959961,26088000,2022-11-15 00:00:00-05:00
31.080344292271175,31.37115424743749,30.580514898499576,30.88041114807129,19477700,2022-11-16 00:00:00-05:00
30.407838154126573,31.398410453432067,30.180642704439325,31.134862899780273,26017600,2022-11-17 00:00:00-05:00
31.2802716286227,31.7255762891776,31.15304271610069,31.352975845336914,21407300,2022-11-18 00:00:00-05:00
31.462029173532848,31.70740070851589,30.925847700805736,31.216657638549805,19782900,2022-11-21 00:00:00-05:00
31.41659341521713,31.989127045036398,31.298450784711644,31.89824676513672,25803400,2022-11-22 00:00:00-05:00
31.834629577906732,32.42533921314825,31.76192882693751,32.28902053833008,17890400,2022-11-23 00:00:00-05:00
32.37989905032351,32.6979713186387,32.25267014299743,32.398075103759766,10810900,2022-11-25 00:00:00-05:00
32.13452840094812,32.40716227643404,32.03456183770012,32.34354782104492,19257300,2022-11-28 00:00:00-05:00
32.2344897576715,32.42533309301379,31.90732777324056,32.24357604980469,16528800,2022-11-29 00:00:00-05:00
32.22540473985886,33.352295800163326,31.961857161768524,33.297767639160156,36195700,2022-11-30 00:00:00-05:00
33.06148420662381,33.69763218598247,32.89790319859651,32.970603942871094,21179400,2022-12-01 00:00:00-05:00
32.36172132245815,32.79793618217495,32.23449242171503,32.58891677856445,25809000,2022-12-02 00:00:00-05:00
32.1436055980621,32.75249109883921,31.925499946087346,31.943675994873047,32751200,2022-12-05 00:00:00-05:00
32.080001938652856,32.089091699463026,31.34389078251688,31.59834861755371,22960400,2022-12-06 00:00:00-05:00
31.534736543181886,31.652879175551064,31.13487023877182,31.462032318115234,22694000,2022-12-07 00:00:00-05:00
31.443853776556463,31.934596856783713,31.24392410688194,31.780105590820312,17995500,2022-12-08 00:00:00-05:00
31.789192855436852,32.50713144286729,31.625611823700094,32.09817886352539,18016900,2022-12-09 00:00:00-05:00
32.298111002601246,33.23415529211448,32.21632048927392,33.188716888427734,29169100,2022-12-12 00:00:00-05:00
34.0429679315267,34.42465811865349,33.1614518772455,33.36138153076172,28358300,2022-12-13 00:00:00-05:00
31.689220032490024,32.906987769216265,31.561991136623124,32.12543487548828,33913400,2022-12-14 00:00:00-05:00
31.725571921523102,31.961853659859703,31.3075331331513,31.452938079833984,27711600,2022-12-15 00:00:00-05:00
31.198486169712073,31.59834898176864,30.95311462592917,31.343891143798828,68862200,2022-12-16 00:00:00-05:00
31.416592652920706,31.57108739163738,30.83497274258807,30.88041114807129,23725000,2022-12-19 00:00:00-05:00
30.880404661386947,31.407499761110287,30.69864761090554,31.271181106567383,31933000,2022-12-20 00:00:00-05:00
31.56199210912207,32.17087772961009,31.50746395204437,31.880067825317383,23001300,2022-12-21 00:00:00-05:00
31.589259218731318,31.90733498290025,31.271186921290425,31.643787384033203,30953300,2022-12-22 00:00:00-05:00
31.607427409037967,31.989117537720116,31.571078774609287,31.934589385986328,12383700,2022-12-23 00:00:00-05:00
31.90733771778427,32.06182899928951,31.48020905312899,31.807371139526367,15313600,2022-12-27 00:00:00-05:00
31.898247268330362,32.034565956966205,31.452946023346033,31.462032318115234,14350100,2022-12-28 00:00:00-05:00
31.634698474241816,32.125438054471516,31.53473191281777,31.85280418395996,12578200,2022-12-29 00:00:00-05:00
31.63470061890794,31.78919188487134,31.3802393180153,31.780105590820312,15386100,2022-12-30 00:00:00-05:00
31.999900703367118,32.595206516266096,31.81673290896903,32.57688903808594,23175300,2023-01-03 00:00:00-05:00
33.199676230307624,33.859091607211624,32.99818742209752,33.51106643676758,24067700,2023-01-04 00:00:00-05:00
33.79497774646062,34.0239410008575,33.16303692835594,33.86824417114258,26969600,2023-01-05 00:00:00-05:00
34.3994381282673,34.80241216933753,34.042252542346205,34.70166778564453,18780000,2023-01-06 00:00:00-05:00
34.79325925929894,34.802416252662795,34.27121980130301,34.390281677246094,22849900,2023-01-09 00:00:00-05:00
34.25291479187187,34.738315922523974,34.19796233617985,34.69252395629883,15757000,2023-01-10 00:00:00-05:00
34.85736670421562,34.8939981692822,34.28037833156803,34.756622314453125,13347000,2023-01-11 00:00:00-05:00
34.674196667961546,35.470987834859756,34.53681731442299,35.43435287475586,20376700,2023-01-12 00:00:00-05:00
35.44351376346603,35.773221420734885,35.23286798103362,35.65415954589844,14155700,2023-01-13 00:00:00-05:00
35.70911408422332,35.75490604071111,35.20539208175064,35.6633186340332,18354300,2023-01-17 00:00:00-05:00
35.599206581162285,35.84648732047439,34.95810875632001,35.05885314941406,18201600,2023-01-18 00:00:00-05:00
35.02222476763557,35.141283157503345,34.59177268421433,34.93063735961914,16010300,2023-01-19 00:00:00-05:00
35.022228725566656,36.13041028503532,34.77494793653019,36.0571403503418,22598100,2023-01-20 00:00:00-05:00
35.94723565667609,37.01878215086607,35.94723565667609,36.87224578857422,30350300,2023-01-23 00:00:00-05:00
36.80813308371708,37.03709634784653,36.31357508841111,36.40515899658203,24189300,2023-01-24 00:00:00-05:00
36.91803597985055,36.91803597985055,36.23114622441546,36.725704193115234,24544400,2023-01-25 00:00:00-05:00
35.764063677603716,37.31185768811926,35.72742871427381,37.00962448120117,22311100,2023-01-26 00:00:00-05:00
36.798976763427916,36.99130507032579,36.203670868322455,36.26778030395508,20776700,2023-01-27 00:00:00-05:00
35.81901794395922,36.194517602928485,35.66332108874131,35.938079833984375,19014700,2023-01-30 00:00:00-05:00
35.94723064116193,36.10292397587919,35.791537306444674,36.038814544677734,26005900,2023-01-31 00:00:00-05:00
35.809852823252015,36.90887718094076,35.42519621959712,36.60664749145508,17815100,2023-02-01 00:00:00-05:00
36.49674561042681,37.687357467127256,36.386844213733774,37.65072250366211,21445700,2023-02-02 00:00:00-05:00
37.37596419246699,37.421756146182744,36.450950656378964,36.60664749145508,20404400,2023-02-03 00:00:00-05:00
36.22198728578336,36.44179355414467,35.956389063843226,36.18535232543945,14255600,2023-02-06 00:00:00-05:00
36.02049963009892,36.53337506648538,35.736583946597925,36.331886291503906,17929000,2023-02-07 00:00:00-05:00
35.928922450349006,36.08461931902023,35.28782447889073,35.498470306396484,19689100,2023-02-08 00:00:00-05:00
36.01134425126486,36.10292816540843,34.683356533968855,34.71083450317383,20396100,2023-02-09 00:00:00-05:00
34.71083426242992,35.150443335934334,34.69251678098777,35.13212585449219,16100100,2023-02-10 00:00:00-05:00
34.95811066951648,35.95639067454301,34.95811066951648,35.800697326660156,18378700,2023-02-13 00:00:00-05:00
35.62668751851701,35.96555219233133,35.287819351000316,35.773223876953125,18006800,2023-02-14 00:00:00-05:00
35.90144285178591,36.19451556945744,35.46183377527861,36.102928161621094,16747700,2023-02-15 00:00:00-05:00
35.58089458095228,36.62497013896785,35.5351026207759,36.377689361572266,23909500,2023-02-16 00:00:00-05:00
36.36852422223021,36.45095113748735,35.69079491340673,35.82817077636719,13992800,2023-02-17 00:00:00-05:00
35.23287225934647,35.44351806735751,34.610091829704025,34.6558837890625,18765000,2023-02-21 00:00:00-05:00
34.5276608179304,35.04053629195431,34.417759429739874,34.81157302856445,16612100,2023-02-22 00:00:00-05:00
34.82989146827385,34.93063586593275,34.289538012041604,34.51850128173828,17699200,2023-02-23 00:00:00-05:00
33.89571934054736,34.161317559596654,33.78581795441396,33.88656234741211,18159200,2023-02-24 00:00:00-05:00
34.115527447539485,34.4086001555121,33.996465568143655,34.20711135864258,17514600,2023-02-27 00:00:00-05:00
33.90487954352025,34.252904672681325,33.72170823903011,34.04225540161133,24474300,2023-02-28 00:00:00-05:00
33.77666224239789,33.95983355536914,33.282100745486176,33.547698974609375,17280400,2023-03-01 00:00:00-05:00
33.33704848736228,33.91403332537577,33.32788800146902,33.84076690673828,13626300,2023-03-02 00:00:00-05:00
34.10637423346399,34.24375011534216,33.8865679312752,34.09721374511719,16776900,2023-03-03 00:00:00-05:00
34.45439307750236,34.463553565090976,33.90488260806562,33.959835052490234,12422100,2023-03-06 00:00:00-05:00
33.95067368024511,34.07889255352585,32.91575871294703,33.14472198486328,20070100,2023-03-07 00:00:00-05:00
33.38284213272646,33.40115961174242,32.613525482565535,32.87912368774414,17450000,2023-03-08 00:00:00-05:00
32.97071835468359,33.08978026031235,32.35709832894888,32.48531723022461,14273800,2023-03-09 00:00:00-05:00
32.27465858018485,32.58604871410446,32.04569534917636,32.338768005371094,20414500,2023-03-10 00:00:00-05:00
32.3296100334613,32.9249158778523,31.999902396180254,32.52193832397461,22182100,2023-03-13 00:00:00-04:00
32.95238850040062,32.9798629707315,31.990743608100747,32.3112907409668,27424100,2023-03-14 00:00:00-04:00
32.082337883506106,32.96155964923786,31.715998683678816,32.869972229003906,22670200,2023-03-15 00:00:00-04:00
32.43035395866711,33.25462304009515,32.43035395866711,33.190513610839844,22245100,2023-03-16 00:00:00-04:00
32.85164405840071,33.16303419849605,32.63184130874618,32.9981803894043,51723700,2023-03-17 00:00:00-04:00
33.144722375149,33.46527305582766,33.11724790018026,33.36452865600586,16516500,2023-03-20 00:00:00-04:00
33.67592206975928,33.96899480979434,33.584334654934175,33.877410888671875,17058200,2023-03-21 00:00:00-04:00
33.978146720888155,34.12468306898209,33.126403105810226,33.15388107299805,16159200,2023-03-22 00:00:00-04:00
33.07145618039455,33.41032085100638,32.641004103061725,32.9432373046875,20323000,2023-03-23 00:00:00-04:00
32.69595655657375,33.08977367133235,32.31129643563873,32.89744186401367,20371000,2023-03-24 00:00:00-04:00
33.13556640045856,33.538540518436676,33.12640591271905,33.33705520629883,16333800,2023-03-27 00:00:00-04:00
33.34620805857515,33.69423318169945,33.291255620070686,33.382843017578125,11818100,2023-03-28 00:00:00-04:00
33.730865531931194,33.87740186290788,33.63927814150719,33.84076690673828,14579700,2023-03-29 00:00:00-04:00
34.24374764738119,34.25290813506779,33.85909101340148,34.02394485473633,14922200,2023-03-30 00:00:00-04:00
34.142997612428616,34.756620919211954,34.078888184008214,34.71998596191406,15858200,2023-03-31 00:00:00-04:00
34.8024160352578,35.12296320652274,34.63756220612093,34.81157302856445,19698300,2023-04-03 00:00:00-04:00
35.02384451604649,35.10690515602774,34.571624693801255,34.857723236083984,20121000,2023-04-04 00:00:00-04:00
34.72851807845917,35.16227606272703,34.63622652394049,34.99615478515625,16510500,2023-04-05 00:00:00-04:00
35.10690108295632,35.14381770101226,34.65468131317722,34.78388595581055,20359100,2023-04-06 00:00:00-04:00
34.636226467062336,35.32839728228301,34.53470751753992,35.28225326538086,12432400,2023-04-10 00:00:00-04:00
35.37454080279086,35.7067797990966,35.328393270566174,35.420684814453125,14214800,2023-04-11 00:00:00-04:00
35.71601659530657,35.7529332189406,34.64545915386074,34.73774719238281,16207500,2023-04-12 00:00:00-04:00
34.96846406865088,35.346850586553536,34.83003203755225,35.116127014160156,15539200,2023-04-13 00:00:00-04:00
35.06075883581291,35.26379320421748,34.54393671869758,35.0330696105957,19679100,2023-04-14 00:00:00-04:00
35.060761432934264,35.291485043646865,35.01461389434142,35.15304946899414,14930500,2023-04-17 00:00:00-04:00
35.8544449966745,36.04825549070697,35.023842172991245,35.31916809082031,17250100,2023-04-18 00:00:00-04:00
35.097670887843435,35.466830034847554,35.051526874608555,35.30070877075195,13401000,2023-04-19 00:00:00-04:00
35.106906967691145,35.22688071563964,34.682376350574025,34.82080841064453,14347700,2023-04-20 00:00:00-04:00
34.8854075741036,34.931551589935786,34.608539958547766,34.83003616333008,13679400,2023-04-21 00:00:00-04:00
34.765431008145036,34.82080594058298,34.22092668170458,34.34090042114258,13364800,2023-04-24 00:00:00-04:00
34.119408083843304,34.26707105130215,33.916370183376316,34.054805755615234,18185400,2023-04-25 00:00:00-04:00
33.85176068398063,34.10094254888621,33.58412051198255,33.704097747802734,19547800,2023-04-26 00:00:00-04:00
34.79311698966783,37.303387176499946,34.70082544421216,37.164955139160156,31581400,2023-04-27 00:00:00-04:00
36.95269000002794,38.226281646891984,36.9065459874133,38.180137634277344,24806800,2023-04-28 00:00:00-04:00
38.76155998034386,38.76155998034386,38.32779853969817,38.429317474365234,17235500,2023-05-01 00:00:00-04:00
38.32780390591289,38.429322854793455,37.395682096356666,38.023250579833984,20977800,2023-05-02 00:00:00-04:00
38.17090974308062,38.32780008804054,37.66331856980228,37.73714828491211,19592900,2023-05-03 00:00:00-04:00
37.626403758686685,37.63563115330757,36.92500206837038,37.118812561035156,15143000,2023-05-04 00:00:00-04:00
37.441822899259584,37.497197826776805,36.777337851302924,37.312618255615234,18935300,2023-05-05 00:00:00-04:00
37.40491406242773,37.65409600724992,37.15573211760553,37.460289001464844,16351900,2023-05-08 00:00:00-04:00
37.29416233717101,37.37722297349016,36.51893090504648,36.5650749206543,23318300,2023-05-09 00:00:00-04:00
36.85117765070983,36.85117765070983,36.25129481774398,36.78657531738281,19204300,2023-05-10 00:00:00-04:00
36.72197097501373,37.39568350039633,36.712740059007395,37.25724792480469,19003400,2023-05-11 00:00:00-04:00
37.331077186849605,37.43259612870825,36.934232334436324,37.109580993652344,17166700,2023-05-12 00:00:00-04:00
37.26647833589813,37.3864520778516,36.980379793147705,37.10035705566406,13489800,2023-05-15 00:00:00-04:00
36.99883867594427,37.081899317344515,36.482016516057996,36.67582702636719,12333000,2023-05-16 00:00:00-04:00
36.78656960438554,37.3495357250029,36.66659235231235,37.183414459228516,13146900,2023-05-17 00:00:00-04:00
36.75888039422845,38.17090749806954,36.7496494800311,38.12476348876953,18785400,2023-05-18 00:00:00-04:00
38.30934842302289,38.3831816714999,37.820215473833436,38.00479507446289,17728500,2023-05-19 00:00:00-04:00
38.29088899800031,38.44777935118453,37.99555956039229,38.06016540527344,13572300,2023-05-22 00:00:00-04:00
38.03248785385904,38.300128148506786,37.25725620352454,37.26648712158203,19594700,2023-05-23 00:00:00-04:00
37.38644886174804,37.45105470567069,36.8050279515074,36.897315979003906,20956800,2023-05-24 00:00:00-04:00
36.43587125342001,36.78657211853012,35.98365495945432,36.07594299316406,28091200,2023-05-25 00:00:00-04:00
36.242064141826404,36.61121979591967,36.075942865287445,36.43587112426758,35819800,2023-05-26 00:00:00-04:00
36.10362445928648,36.69427625501562,36.057480447850594,36.140541076660156,24313500,2023-05-30 00:00:00-04:00
36.18668281902814,36.42663729634838,35.854440324623,36.315887451171875,53653200,2023-05-31 00:00:00-04:00
36.518933350245675,36.518933350245675,35.69755784751647,36.02980041503906,30453900,2023-06-01 00:00:00-04:00
35.57758008371247,36.50047452697641,35.51297775432902,36.16823196411133,24603200,2023-06-02 00:00:00-04:00
36.251287715694424,36.768109801622195,36.19591630972667,36.72196578979492,24043000,2023-06-05 00:00:00-04:00
36.851173294314336,36.92500301486174,36.242063137406774,36.41741180419922,14302900,2023-06-06 00:00:00-04:00
36.45432975246538,37.349538470435135,36.39895481961597,37.23878860473633,18455900,2023-06-07 00:00:00-04:00
37.20187393494195,37.38644999553244,36.90654801332196,37.34953689575195,10762600,2023-06-08 00:00:00-04:00
37.1464986237031,37.35876390765675,37.00806305911642,37.1280403137207,12142100,2023-06-09 00:00:00-04:00
37.09112316176395,37.65408928618339,37.0080625283158,37.55257034301758,16800600,2023-06-12 00:00:00-04:00
37.764835263706004,37.958645753611435,37.48796766170725,37.54334259033203,12572000,2023-06-13 00:00:00-04:00
37.58026317311665,38.04171039863895,37.47874422021167,37.691009521484375,18627500,2023-06-14 00:00:00-04:00
37.654089365054276,38.346260138384544,37.56180133683528,38.272430419921875,15685200,2023-06-15 00:00:00-04:00
38.429322854793455,38.447781165550175,37.93095902605038,38.023250579833984,34134300,2023-06-16 00:00:00-04:00
38.0601665159337,38.12476884213743,37.48796945446827,37.50642776489258,13864900,2023-06-20 00:00:00-04:00
37.469510134897035,37.783294362533866,37.211100837041755,37.48796844482422,13308200,2023-06-21 00:00:00-04:00
37.56179995328084,37.607943965690666,37.10035278805764,37.451053619384766,13004000,2023-06-22 00:00:00-04:00
37.21110180618094,37.38645047421206,36.86040094955597,36.998836517333984,19057600,2023-06-23 00:00:00-04:00
37.16496168062542,37.63563632332487,37.07267011892535,37.43260192871094,18285100,2023-06-26 00:00:00-04:00
37.257241142589834,38.383173292122045,37.257241142589834,38.281654357910156,14987800,2023-06-27 00:00:00-04:00
38.724644744315384,38.798477979636736,38.124765549860356,38.45700454711914,16198900,2023-06-28 00:00:00-04:00
38.189369786299736,38.51238140562882,38.11553654727446,38.272430419921875,11151700,2023-06-29 00:00:00-04:00
38.54006320807941,38.65081305540471,38.20782422779027,38.346256256103516,16271600,2023-06-30 00:00:00-04:00
38.086027658811375,38.86670773207236,38.002383238629605,38.810943603515625,8378300,2023-07-03 00:00:00-04:00
38.652960333128384,38.81095341937123,38.206857827768665,38.55072784423828,12976800,2023-07-05 00:00:00-04:00
38.197556953411464,38.50425437930988,37.98379975292489,38.29978942871094,12381600,2023-07-06 00:00:00-04:00
38.216144014056745,38.9224755277634,38.058150952887125,38.50425338745117,14348200,2023-07-07 00:00:00-04:00
38.79236335622826,39.36857856655382,38.79236335622826,38.89459228515625,19625700,2023-07-10 00:00:00-04:00
39.01541270465905,39.2942262866655,38.6901307832027,39.04329299926758,15652500,2023-07-11 00:00:00-04:00
39.24776217443876,39.535871582550556,39.18270578314052,39.34999465942383,17840000,2023-07-12 00:00:00-04:00
39.66598717651883,39.72175132100143,39.23847270474199,39.55446243286133,17147600,2023-07-13 00:00:00-04:00
38.96894436520915,39.284934036898335,38.84812384639377,39.04329299926758,12903200,2023-07-14 00:00:00-04:00
38.89459606334304,39.28493795331187,38.57860636015205,39.11764907836914,17410400,2023-07-17 00:00:00-04:00
39.02471347522888,39.76821763714225,39.00612542801761,39.44293212890625,18721400,2023-07-18 00:00:00-04:00
39.247760446361255,39.805391191188974,39.22917240033627,39.69386291503906,18645600,2023-07-19 00:00:00-04:00
39.87044822238473,40.35372324559624,39.75891994443685,40.15855407714844,18006800,2023-07-20 00:00:00-04:00
40.18643429763368,40.42807178746274,39.82397274492958,39.861148834228516,52588600,2023-07-21 00:00:00-04:00
40.065617469609315,40.428075510384275,39.98197303363761,40.232906341552734,15343700,2023-07-24 00:00:00-04:00
40.09349811720884,40.45595616115434,40.09349811720884,40.2421989440918,14184300,2023-07-25 00:00:00-04:00
40.23290746884461,40.31655190715996,39.619516102967815,39.87974166870117,17652400,2023-07-26 00:00:00-04:00
41.37604222476274,43.160452029185706,41.301690043591556,42.14742660522461,31586100,2023-07-27 00:00:00-04:00
42.621418845224184,42.918820520800445,41.80356246473565,42.03590774536133,20668200,2023-07-28 00:00:00-04:00
42.16601421367894,42.58423636516629,41.93366896788677,42.06378173828125,15942700,2023-07-31 00:00:00-04:00
42.24966122387192,42.296129566806435,41.9057912317877,42.11025619506836,15101500,2023-08-01 00:00:00-04:00
42.28684217940109,42.39836692433094,41.459693525998304,41.90579605102539,16651300,2023-08-02 00:00:00-04:00
41.915084295602966,42.35189452733972,41.73850317090236,41.980140686035156,12351200,2023-08-03 00:00:00-04:00
42.054485046922736,42.33329860336585,41.62697069068951,41.673439025878906,12704100,2023-08-04 00:00:00-04:00
41.952258498112265,42.37977291463034,41.90579015637025,42.2403678894043,12529700,2023-08-07 00:00:00-04:00
42.100960829884826,42.389070231517174,41.96155579965551,42.19390106201172,19889000,2023-08-08 00:00:00-04:00
42.19389138162688,42.41694079694335,41.980130669431006,42.08236312866211,15184200,2023-08-09 00:00:00-04:00
42.4448289839994,43.244097219077375,42.4448289839994,42.68647003173828,16149700,2023-08-10 00:00:00-04:00
42.45412556017564,42.965284415521,42.351893080045116,42.7794075012207,13602500,2023-08-11 00:00:00-04:00
42.9281105501927,43.56008996440881,42.9281105501927,43.2719841003418,20847900,2023-08-14 00:00:00-04:00
43.039641633813524,43.95043472058461,42.97458523799471,43.70879364013672,20060300,2023-08-15 00:00:00-04:00
43.7552598371409,44.10842206980963,43.04892828118901,43.0675163269043,17345900,2023-08-16 00:00:00-04:00
43.33703303209939,43.56937826070443,42.97457504272461,42.97457504272461,12513500,2023-08-17 00:00:00-04:00
42.80728619627643,43.08609976155266,42.41694436864424,42.52846908569336,17601100,2023-08-18 00:00:00-04:00
42.3333047917885,42.80729109780673,42.314716745934135,42.62141418457031,12331700,2023-08-21 00:00:00-04:00
42.65858798613585,42.84446134408635,42.30542222447722,42.351890563964844,11963200,2023-08-22 00:00:00-04:00
42.60282242709626,42.69575910296407,42.12883970767932,42.249656677246094,18382800,2023-08-23 00:00:00-04:00
42.14742928555123,42.51918312443426,41.98943620847573,42.04520034790039,15310200,2023-08-24 00:00:00-04:00
42.11025608499354,42.398361937618844,41.97084751124709,42.25895690917969,13051300,2023-08-25 00:00:00-04:00
42.342602330736796,42.80729286030688,42.342602330736796,42.732940673828125,10807700,2023-08-28 00:00:00-04:00
42.77940845913119,43.56938447626965,42.73294011584242,43.476444244384766,14198400,2023-08-29 00:00:00-04:00
43.615853566737556,43.85749108316303,43.38350830100608,43.79243469238281,13971600,2023-08-30 00:00:00-04:00
43.79242527315368,43.9597141121231,43.40208701242946,43.457847595214844,19935900,2023-08-31 00:00:00-04:00
43.374215898663394,43.402099743541875,42.1474330832406,42.5005989074707,18866700,2023-09-01 00:00:00-04:00
42.33330857410159,42.472717157811324,41.32957882543724,41.41322326660156,21709800,2023-09-05 00:00:00-04:00
41.338869334024075,42.379775133842415,41.125112114571664,41.7570915222168,27839800,2023-09-06 00:00:00-04:00
41.710615112153114,42.472707154240766,41.673439025878906,41.673439025878906,20810900,2023-09-07 00:00:00-04:00
41.803556836194964,41.99872599476861,41.59909188227562,41.85002517700195,19859000,2023-09-08 00:00:00-04:00
41.89649642299341,42.48200388976859,41.75708785739526,42.06378173828125,19843100,2023-09-11 00:00:00-04:00
41.93366950508263,42.26824723055864,41.70132425631396,41.99872589111328,21007600,2023-09-12 00:00:00-04:00
41.90578920972867,42.008021686436024,41.42251066685299,41.99872589111328,16914800,2023-09-13 00:00:00-04:00
42.379778313611695,42.78870828177447,42.29613386969728,42.72365188598633,19660200,2023-09-14 00:00:00-04:00
42.68646892566049,42.890933876863485,41.99872543680949,42.13813400268555,45437400,2023-09-15 00:00:00-04:00
42.24966135450273,42.77011601477753,42.212485261917244,42.41695022583008,12852800,2023-09-18 00:00:00-04:00
42.351898067580294,42.593539148219506,42.25896137213917,42.5005989074707,15865500,2023-09-19 00:00:00-04:00
42.55635989168953,42.78870515834609,42.258958233993724,42.28683853149414,15629800,2023-09-20 00:00:00-04:00
42.44482581676042,42.751523228626155,42.39835747883417,42.47270965576172,16274000,2023-09-21 00:00:00-04:00
42.34260083001629,42.602826382854175,42.06378368591026,42.10095977783203,12459600,2023-09-22 00:00:00-04:00
42.01731030099068,42.14742306179425,41.57120788738979,41.70132064819336,11871300,2023-09-25 00:00:00-04:00
40.88347276789646,41.561920489352325,40.76265224220213,41.11581802368164,18397300,2023-09-26 00:00:00-04:00
41.23663266430362,41.66415060512452,41.125107940540666,41.45038986206055,16357000,2023-09-27 00:00:00-04:00
41.53403904842328,42.04520147694053,41.48757070364193,41.69203567504883,13102500,2023-09-28 00:00:00-04:00
41.7199104945556,41.905787394580706,40.883469762403095,41.2087516784668,15137000,2023-09-29 00:00:00-04:00
41.12511818573039,41.56192848513951,40.976417335232725,41.34817123413086,17295200,2023-10-02 00:00:00-04:00
41.0394562593794,41.28268275942429,40.51559038587093,40.64655685424805,16980500,2023-10-03 00:00:00-04:00
40.59041649819743,40.76815971877452,40.37525684516469,40.66525650024414,20740000,2023-10-04 00:00:00-04:00
40.64655318331335,40.786872857372366,40.113330571038816,40.24429702758789,17612300,2023-10-05 00:00:00-04:00
39.954290755071206,40.79622293525818,39.65493788401978,40.66525650024414,23467000,2023-10-06 00:00:00-04:00
40.655909478344874,41.385585399245436,40.56236302189103,41.245262145996094,15734600,2023-10-09 00:00:00-04:00
41.38557505974872,41.7784743609778,40.99267218995195,41.60073471069336,15558400,2023-10-10 00:00:00-04:00
41.75977518278308,42.03106490502334,41.24526253035512,41.38558578491211,16840300,2023-10-11 00:00:00-04:00
41.47912952284489,41.59138597798973,40.97397012184056,41.06752014160156,16757100,2023-10-12 00:00:00-04:00
41.067519189801374,41.22654886685679,40.702679474041695,40.98332595825195,16559100,2023-10-13 00:00:00-04:00
41.20783914003645,41.469775622486964,40.94590622615424,41.394935607910156,17065500,2023-10-16 00:00:00-04:00
41.36687061531753,41.81589997784512,41.25461059825951,41.49783706665039,15746200,2023-10-17 00:00:00-04:00
41.42299430702568,41.64751075767778,41.06751498229776,41.179771423339844,13384800,2023-10-18 00:00:00-04:00
41.33880030606294,41.479123531150464,40.2162287796342,40.29106521606445,17908900,2023-10-19 00:00:00-04:00
40.09461975097656,40.543649122244474,39.58946037008708,40.09461975097656,22457700,2023-10-20 00:00:00-04:00
40.34720739253973,40.50623709828808,39.973014391791125,40.169464111328125,14469400,2023-10-23 00:00:00-04:00
40.562356421317475,40.77751609100398,40.40332318894259,40.65590286254883,19539800,2023-10-24 00:00:00-04:00
40.53429383716453,40.78686994615648,39.96365125844397,39.99171447753906,23342900,2023-10-25 00:00:00-04:00
37.465921617688956,37.84946774600429,36.558509695714484,36.623992919921875,50005400,2023-10-26 00:00:00-04:00
35.54819375428961,37.80269747859524,35.47335373873619,37.08237838745117,35949000,2023-10-27 00:00:00-04:00
37.38172845470554,37.99914426154657,37.36301845224756,37.84011459350586,18202300,2023-10-30 00:00:00-04:00
38.07398296377701,38.67268874759829,38.04591617676992,38.62591552734375,18861000,2023-10-31 00:00:00-04:00
38.70075322720641,39.421072262017425,38.672690007852765,39.12171936035156,19505200,2023-11-01 00:00:00-04:00
39.15914100388969,39.832686845107716,39.15914100388969,39.75784683227539,16755300,2023-11-02 00:00:00-04:00
40.094621377873935,40.618487214659,40.05720136994118,40.39397430419922,19005500,2023-11-03 00:00:00-04:00
40.356554327878484,40.46881078319631,39.477205552180195,39.720428466796875,18680900,2023-11-06 00:00:00-05:00
39.71107607539762,39.720429293298565,39.26204667621457,39.32752990722656,19771400,2023-11-07 00:00:00-05:00
39.15913879669016,39.32752524750359,38.62591622530365,38.8410758972168,18889200,2023-11-08 00:00:00-05:00
38.972042856210194,39.07494608512359,38.13946737655535,38.24237060546875,25986900,2023-11-09 00:00:00-05:00
38.42946805123568,39.25268676662133,38.40140126262905,39.20591354370117,20077400,2023-11-10 00:00:00-05:00
38.99075466229644,39.13107790250017,38.616561734132,38.81301498413086,14212500,2023-11-13 00:00:00-05:00
39.57075133560426,39.75784780368822,39.07494872846483,39.168495178222656,22518400,2023-11-14 00:00:00-05:00
39.17785249131717,39.89817158355996,39.17785249131717,39.785911560058594,17121500,2023-11-15 00:00:00-05:00
40.01977877853871,40.29106846568556,39.16849328014919,39.67365264892578,18367800,2023-11-16 00:00:00-05:00
39.90752275353527,40.197522446514384,39.598816626167476,39.683006286621094,13386000,2023-11-17 00:00:00-05:00
39.552048158091175,40.35656061170243,39.449144904456865,40.169464111328125,14453300,2023-11-20 00:00:00-05:00
40.22557989221062,40.26299989275264,39.608164157538,39.85138702392578,11721800,2023-11-21 00:00:00-05:00
39.9636598784744,40.16010959164972,39.66430691499712,39.73914337158203,12855100,2023-11-22 00:00:00-05:00
39.804616776448654,39.97300322287954,39.66429711680153,39.83268356323242,5860000,2023-11-24 00:00:00-05:00
39.636230986235326,39.76719743150143,39.112365205170924,39.374298095703125,19310500,2023-11-27 00:00:00-05:00
39.290108417762475,39.3836548675203,39.09365873213006,39.168495178222656,14512300,2023-11-28 00:00:00-05:00
39.262044086836724,39.355590533950526,38.73817470472207,38.9439811706543,13275100,2023-11-29 00:00:00-05:00
39.084303029583076,39.2339794944862,38.766240095592885,39.18720626831055,23641400,2023-11-30 00:00:00-05:00
39.52397701312722,39.776556702741075,39.11236764962773,39.48655700683594,16973900,2023-12-01 00:00:00-05:00
39.52397740349826,40.61848583406699,39.4491373901765,40.3004264831543,22757400,2023-12-04 00:00:00-05:00
40.16010170454181,40.22558492940656,38.06462780316554,38.925270080566406,29023100,2023-12-05 00:00:00-05:00
39.07495064455148,39.355593576154924,38.62592124027228,39.0001106262207,16619700,2023-12-06 00:00:00-05:00
39.2807557431795,39.93558803767243,39.084302486263255,39.44913864135742,19522300,2023-12-07 00:00:00-05:00
39.00946617402986,39.51462557601554,38.97204616605276,39.3836555480957,20117100,2023-12-08 00:00:00-05:00
39.98236412325591,40.234940250331185,39.42107472119187,39.90752410888672,19952500,2023-12-11 00:00:00-05:00
40.2630036160551,40.356550057493145,39.43978137084196,39.916873931884766,17533500,2023-12-12 00:00:00-05:00
39.973007202564304,40.89913275013862,39.51462460608568,40.85235595703125,18654900,2023-12-13 00:00:00-05:00
41.21719363840404,42.096542349463874,41.09558040575096,41.759769439697266,29794800,2023-12-14 00:00:00-05:00
41.73170539332975,41.92815506394572,41.114289593845236,41.61009216308594,60346800,2023-12-15 00:00:00-05:00
41.68493244732143,41.98428534792314,41.46041598758611,41.81589889526367,17896000,2023-12-18 00:00:00-05:00
41.9000921215934,42.012348567177035,41.62880244024558,41.81589889526367,16417600,2023-12-19 00:00:00-05:00
41.74106298716805,42.02170591298619,41.34816360473633,41.34816360473633,16281100,2023-12-20 00:00:00-05:00
41.366867870788596,41.544607533152565,40.581065646358155,41.179771423339844,18079500,2023-12-21 00:00:00-05:00
41.28267738213088,41.741059961743964,40.98332447381306,41.16106414794922,11893900,2023-12-22 00:00:00-05:00
41.16106428055748,41.22654750642746,40.693324913732965,41.0955810546875,9624300,2023-12-26 00:00:00-05:00
41.06751347572175,41.32008956665863,40.889770251310445,41.15170669555664,9253800,2023-12-27 00:00:00-05:00
41.132999580527006,41.54460892383836,41.0581595716151,41.273319244384766,9023400,2023-12-28 00:00:00-05:00
41.24526080793201,41.29203403464153,40.74945818138786,41.02074432373047,13695600,2023-12-29 00:00:00-05:00
41.02074770207586,41.472766515171244,40.73823280060582,41.124332427978516,16514500,2024-01-02 00:00:00-05:00
41.133750770608955,41.322092837440586,40.700566531524494,40.78532028198242,15442700,2024-01-03 00:00:00-05:00
40.74764635040455,40.8229810128677,40.013116327841686,40.144954681396484,19595600,2024-01-04 00:00:00-05:00
40.286209707488084,40.785316679353954,40.23912509302076,40.53105545043945,12648500,2024-01-05 00:00:00-05:00
40.53105185095679,41.26558182992711,40.42746355293267,41.18082809448242,16124400,2024-01-08 00:00:00-05:00
40.68173015135861,40.89832226124165,40.30504603449402,40.75706481933594,14842100,2024-01-09 00:00:00-05:00
40.77589277216808,41.02073848612352,40.47454696447321,40.94540023803711,12187000,2024-01-10 00:00:00-05:00
41.03958436452618,41.13375360827532,40.333304259428495,40.74765396118164,12706400,2024-01-11 00:00:00-05:00
40.88890119843018,40.88890119843018,40.361547771200456,40.483970642089844,12742400,2024-01-12 00:00:00-05:00
40.45571358353999,40.70997478976659,40.248540579904805,40.5781364440918,17183200,2024-01-16 00:00:00-05:00
40.32387845189563,40.54988962844208,39.683517642727416,39.88127517700195,18568900,2024-01-17 00:00:00-05:00
39.65526561103683,40.144953475477514,39.627015562502464,40.06019973754883,19797300,2024-01-18 00:00:00-05:00
40.10728729809773,40.83240186650699,40.04136811845378,40.82298278808594,23606200,2024-01-19 00:00:00-05:00
40.973655496798976,41.369174164912245,40.89832083145531,41.07724380493164,18082700,2024-01-22 00:00:00-05:00
41.19025058270464,41.58576565264693,40.89832022703834,41.38800811767578,15712100,2024-01-23 00:00:00-05:00
41.698768631468624,41.745856837060245,40.964238606008564,41.24674987792969,19446800,2024-01-24 00:00:00-05:00
41.15258236347688,43.63868740753383,41.030159490031785,42.63106155395508,29722100,2024-01-25 00:00:00-05:00
42.78173597882802,43.6198543731376,42.68756674507508,43.563350677490234,20086400,2024-01-26 00:00:00-05:00
43.39384238893898,43.798772927006944,43.13958117271563,43.42209243774414,19263600,2024-01-29 00:00:00-05:00
43.695191614915224,44.10954126302085,43.32792299026201,43.93061828613281,15675800,2024-01-30 00:00:00-05:00
43.921203236777494,44.36380656881393,43.67636105687354,43.82703399658203,18579600,2024-01-31 00:00:00-05:00
44.015373821365884,44.36380430308572,43.488016763155976,44.00595474243164,18583200,2024-02-01 00:00:00-05:00
42.68756283582553,43.14899706821404,42.254375060184955,42.461551666259766,25234100,2024-02-02 00:00:00-05:00
42.3297098909376,42.73464399243182,42.169617910374,42.254371643066406,15528400,2024-02-05 00:00:00-05:00
42.32029240583076,42.32029240583076,41.56692786040503,41.830604553222656,18652900,2024-02-06 00:00:00-05:00
42.028370652681154,42.1790435796467,40.34271481252997,40.361549377441406,31222500,2024-02-07 00:00:00-05:00
40.51221909230067,40.549888219136854,38.66647498523534,38.84539794921875,44879600,2024-02-08 00:00:00-05:00
39.05257315954961,39.8153531929451,38.82656199893117,39.61759567260742,27368100,2024-02-09 00:00:00-05:00
39.49517618821383,40.483971059106544,39.4857607021988,40.126121520996094,21666800,2024-02-12 00:00:00-05:00
40.00369949543442,40.06961867591218,39.09024286263405,39.410423278808594,24549500,2024-02-13 00:00:00-05:00
39.589349243422035,39.6741029873604,39.25033426766857,39.57051467895508,24630800,2024-02-14 00:00:00-05:00
39.35392298429077,39.711768935897254,39.240915596316825,39.363338470458984,20891000,2024-02-15 00:00:00-05:00
39.27858295281459,39.31625208043905,38.76064502111826,38.83598327636719,22578800,2024-02-16 00:00:00-05:00
38.75122614155438,39.29741407497122,38.36512659803243,39.23149490356445,20854900,2024-02-20 00:00:00-05:00
39.476342459286364,39.50459610258106,39.07141189020547,39.410423278808594,20652400,2024-02-21 00:00:00-05:00
39.44809201014265,39.54226483296456,38.98665775145583,39.46692657470703,19295000,2024-02-22 00:00:00-05:00
39.41984277195029,39.853026988881936,39.2409162010637,39.45751190185547,14671600,2024-02-23 00:00:00-05:00
39.47633724757809,40.08844794814689,39.335083419056744,39.73059844970703,21113100,2024-02-26 00:00:00-05:00
39.758857918989406,39.84361166545956,39.45751206316794,39.80594253540039,13143900,2024-02-27 00:00:00-05:00
39.77768968410795,40.14495469551857,39.664682301884895,39.692935943603516,13195600,2024-02-28 00:00:00-05:00
40.05078503154743,40.44630371582919,39.966031284367475,40.35213088989258,28706500,2024-02-29 00:00:00-05:00
40.17320391596492,40.55930348311249,39.71176609555654,40.3050422668457,15016100,2024-03-01 00:00:00-05:00
40.23912616637671,40.38038360587244,39.16558112165202,39.410423278808594,20055600,2024-03-04 00:00:00-05:00
39.466927373524115,40.08845364742505,39.28800439502986,39.608184814453125,26734800,2024-03-05 00:00:00-05:00
39.655266816195834,39.93777808710203,39.24091359936275,39.692935943603516,16593600,2024-03-06 00:00:00-05:00
39.83418857294712,39.900107747745444,39.09023949470823,39.30683517456055,17712400,2024-03-07 00:00:00-05:00
39.306832423802014,40.14495066672112,39.17499049110629,40.09786605834961,18007300,2024-03-08 00:00:00-05:00
40.239123688513516,41.13374570146995,40.15436994850026,41.00190734863281,25322100,2024-03-11 00:00:00-04:00
41.10549381950329,41.10549381950329,40.30504106788375,40.672306060791016,18817100,2024-03-12 00:00:00-04:00
40.879487696165825,41.133748936200526,40.68173015135861,40.75706481933594,14472000,2024-03-13 00:00:00-04:00
40.587559799116974,40.63464801083877,39.56109929005753,40.323883056640625,25065800,2024-03-14 00:00:00-04:00
40.34271361266025,40.785316894100276,40.20145617618871,40.27679443359375,45303600,2024-03-15 00:00:00-04:00
40.54047272511041,40.954825972286685,40.43688441331634,40.60639190673828,21627800,2024-03-18 00:00:00-04:00
40.436882435522215,40.728812791542815,40.14495567182742,40.483970642089844,23083700,2024-03-19 00:00:00-04:00
40.39921647664475,40.70056231542906,40.20145535117788,40.587554931640625,27557800,2024-03-20 00:00:00-04:00
40.493385515854875,40.50280100163058,39.97544758237304,40.38979721069336,18752200,2024-03-21 00:00:00-04:00
40.57813866789435,40.615807795101674,39.994281565483654,40.24854278564453,15037900,2024-03-22 00:00:00-04:00
40.370961443893044,40.38038052171384,39.834188962528124,40.15436935424805,17851200,2024-03-25 00:00:00-04:00
40.17320775003639,40.17320775003639,39.68351983408294,40.003700256347656,19299300,2024-03-26 00:00:00-04:00
40.24854197133259,40.578137846914004,40.20145376711329,40.559303283691406,14106600,2024-03-27 00:00:00-04:00
40.67230986428179,41.048993969955085,40.60639068463785,40.82298278808594,21157200,2024-03-28 00:00:00-04:00
40.52162945223257,40.54046401326826,39.410415497402994,39.81534957885742,18303600,2024-04-01 00:00:00-04:00
40.01457827552204,40.469935769975955,39.47384102467928,39.66357421875,16801500,2024-04-02 00:00:00-04:00
39.597167243671805,39.79638546443128,39.28410693774155,39.397945404052734,18818700,2024-04-03 00:00:00-04:00
39.663572240753965,39.85330180650332,38.84772208013756,38.999507904052734,24458100,2024-04-04 00:00:00-04:00
38.77182682449493,39.07539846814223,38.553634931802144,38.800289154052734,22833000,2024-04-05 00:00:00-04:00
38.65798825361824,38.9046388563125,38.49671740163728,38.62004089355469,28115900,2024-04-08 00:00:00-04:00
38.21211820787579,38.68644938173267,37.899061514937266,38.08879470825195,32645300,2024-04-09 00:00:00-04:00
38.08879516001637,38.08879516001637,37.35832470934962,37.680870056152344,22368400,2024-04-10 00:00:00-04:00
37.993927796745105,38.19314602907539,37.604976363636524,38.079307556152344,24560300,2024-04-11 00:00:00-04:00
37.82317002052157,37.89906475187344,37.216026645146556,37.348838806152344,23423600,2024-04-12 00:00:00-04:00
37.70933342156574,37.870604305435286,37.102190015934255,37.40576171875,21293600,2024-04-15 00:00:00-04:00
37.37729937609109,37.5670289577979,37.007318006499275,37.111671447753906,18927200,2024-04-16 00:00:00-04:00
37.291913912080304,37.39626371851231,36.88398885986499,36.98834228515625,20450100,2024-04-17 00:00:00-04:00
37.32986307389306,37.65240842671069,37.12115981185325,37.586002349853516,15684700,2024-04-18 00:00:00-04:00
37.671377982372086,38.2310888680489,37.5385658432046,38.174171447753906,24227500,2024-04-19 00:00:00-04:00
38.40185244987177,38.61055933010328,37.90854758132623,38.48723220825195,24644700,2024-04-22 00:00:00-04:00
38.373389392268635,39.00899137358185,38.24057725401568,38.28800964355469,15324900,2024-04-23 00:00:00-04:00
37.90854820882159,38.26904093004509,37.77573605333394,38.145713806152344,19581200,2024-04-24 00:00:00-04:00
36.665801381121604,37.22551231399529,35.28075159578117,35.92584228515625,37835400,2024-04-25 00:00:00-04:00
35.19537003988353,36.73220557833655,34.55976803309306,36.58990478515625,29783200,2024-04-26 00:00:00-04:00
36.58990928006961,36.950402013247725,36.48555583476596,36.855533599853516,14933000,2024-04-29 00:00:00-04:00
36.63733482861737,36.75117690340961,35.89737943676418,36.15351867675781,20206700,2024-04-30 00:00:00-04:00
36.09659844372539,36.713230363250034,36.068139733822804,36.23889923095703,19737000,2024-05-01 00:00:00-04:00
36.56144936951742,36.76066760283871,36.11557688829946,36.390689849853516,16967700,2024-05-02 00:00:00-04:00
36.47606605615883,36.846043773100504,36.4096599848544,36.70374298095703,22278700,2024-05-03 00:00:00-04:00
36.789128370505296,37.054756315290696,36.447609312109805,36.51401901245117,32166400,2024-05-06 00:00:00-04:00
36.65631620754261,36.732210940012735,36.40017691374599,36.51401901245117,30573400,2024-05-07 00:00:00-04:00
36.485554249063526,37.7567619824183,36.39068945865219,37.045265197753906,22394300,2024-05-08 00:00:00-04:00
37.00731597876709,37.1021843832822,36.42863499609314,36.56144714355469,23593200,2024-05-09 00:00:00-04:00
36.40017102558133,37.42472803503342,36.36222728434415,37.29191589355469,15227400,2024-05-10 00:00:00-04:00
37.538568634046136,37.69984311421061,37.301403048226355,37.661895751953125,18405400,2024-05-13 00:00:00-04:00
37.95597876229948,38.00341477455115,37.55754231517488,37.661895751953125,16096700,2024-05-14 00:00:00-04:00
37.83265895826985,37.89906503927633,37.00732003342936,37.23500061035156,18828100,2024-05-15 00:00:00-04:00
37.14962056464366,37.40575985466624,36.89348127462108,37.348838806152344,15663800,2024-05-16 00:00:00-04:00
37.26345613110137,37.36780956912617,36.91245207317586,37.253971099853516,13733400,2024-05-17 00:00:00-04:00
37.159104637256924,37.29192041369364,36.684773435134,37.197052001953125,12533400,2024-05-20 00:00:00-04:00
36.99783376558787,37.59549209354352,36.95988640089166,37.197052001953125,13472000,2024-05-21 00:00:00-04:00
37.178076376179554,37.178076376179554,36.67528648624697,36.89347839355469,17755200,2024-05-22 00:00:00-04:00
36.82707179229222,37.13064345193792,36.52350013264653,36.69425964355469,16081800,2024-05-23 00:00:00-04:00
36.7511803337253,36.82707143847779,36.286334198750275,36.56144714355469,14375700,2024-05-24 00:00:00-04:00
36.26736051784725,36.817586407456076,36.200954444116476,36.56144714355469,16937200,2024-05-28 00:00:00-04:00
36.29582020000021,36.45709468255714,35.90686877824016,35.99224853515625,28533500,2024-05-29 00:00:00-04:00
36.1060861759293,36.91244763280412,35.973270422418594,36.8745002746582,18255200,2024-05-30 00:00:00-04:00
36.48555309833965,38.03187374152134,36.172496404767955,37.974952697753906,27039300,2024-05-31 00:00:00-04:00
37.946497861340866,38.01290394308941,37.26345974180152,37.54806137084961,15651400,2024-06-03 00:00:00-04:00
37.39627128649101,37.73779034060946,37.18756801253194,37.52908706665039,14580900,2024-06-04 00:00:00-04:00
37.567025727837546,37.567025727837546,37.054750834870106,37.13064193725586,12635500,2024-06-05 00:00:00-04:00
37.159104293957334,37.87060109056846,37.00731845543469,37.064239501953125,20336300,2024-06-06 00:00:00-04:00
37.054756875273284,37.32986623748494,36.912456059171326,36.95988845825195,16049300,2024-06-07 00:00:00-04:00
36.91245297400395,36.978859050938574,36.54247522569394,36.798614501953125,13177300,2024-06-10 00:00:00-04:00
36.19147037777016,36.61836554345833,36.01122221381678,36.35274124145508,16480000,2024-06-11 00:00:00-04:00
36.551958223860986,36.65631165862751,35.55586350639255,35.88789749145508,18902700,2024-06-12 00:00:00-04:00
35.57483541378805,35.89738073296077,35.39459088381424,35.65073013305664,18514800,2024-06-13 00:00:00-04:00
35.451511557033655,35.745598192892395,35.34715811789476,35.51791763305664,12692500,2024-06-14 00:00:00-04:00
35.47048338857012,35.54637811084354,35.02461094236267,35.39459228515625,31105500,2024-06-17 00:00:00-04:00
35.42305206578003,35.84995084430454,34.8633411381278,35.00564193725586,22444900,2024-06-18 00:00:00-04:00
34.891803277495406,36.03019892575453,34.82539719640912,35.9068717956543,21203300,2024-06-20 00:00:00-04:00
36.25787362957126,36.722716121875834,36.02070805872133,36.50452423095703,48974800,2024-06-21 00:00:00-04:00
36.32427969990048,36.80809587213618,36.106087808981684,36.50452423095703,19434300,2024-06-24 00:00:00-04:00
36.6752852551878,36.6752852551878,35.992247224727535,36.42863464355469,18452500,2024-06-25 00:00:00-04:00
36.324279605312555,36.466576776136314,35.68867399528297,36.25787353515625,23560600,2024-06-26 00:00:00-04:00
36.314796447753906,36.4191498934548,36.01122476145673,36.314796447753906,13073200,2024-06-27 00:00:00-04:00
36.561446617364716,37.23499599486009,36.523499256104806,37.14961624145508,38288900,2024-06-28 00:00:00-04:00
36.902964429088115,37.07372393033666,36.18197906406993,36.2104377746582,16905700,2024-07-01 00:00:00-04:00
36.39068762739052,36.39068762739052,35.83097670686606,36.20095443725586,15707800,2024-07-02 00:00:00-04:00
36.10530973287194,36.64091299203765,36.067051575396086,36.39223861694336,7658000,2024-07-03 00:00:00-04:00
36.30616345337452,36.33485889878675,36.03836361952111,36.21052169799805,12172200,2024-07-05 00:00:00-04:00
36.14357118685283,36.33485834317986,35.58883879835436,35.70361328125,17617700,2024-07-08 00:00:00-04:00
35.64622509146396,36.028795745440995,35.53145426012074,35.87576675415039,18695300,2024-07-09 00:00:00-04:00
35.942721651810025,36.0287970420409,35.52188917424179,35.79925537109375,19225400,2024-07-10 00:00:00-04:00
35.95228335492595,36.5261411646243,35.92359155899072,36.10531234741211,18630000,2024-07-11 00:00:00-04:00
36.334855323807425,36.66960508318823,36.25833900823539,36.62178421020508,16748600,2024-07-12 00:00:00-04:00
36.583528574522816,37.721681483381666,36.535707698242845,37.243465423583984,19018300,2024-07-15 00:00:00-04:00
37.24346216772471,37.94165711617258,37.166949502065364,37.884273529052734,18541200,2024-07-16 00:00:00-04:00
37.95122591679621,38.96504525350207,37.9416595526628,38.82157897949219,31689700,2024-07-17 00:00:00-04:00
38.47726479958657,39.40500514881854,38.381623044376695,38.39118576049805,17757900,2024-07-18 00:00:00-04:00
38.42943919828771,38.53464730518599,38.132943955983336,38.333797454833984,19305200,2024-07-19 00:00:00-04:00
38.36249455049702,38.43900722613557,37.09043802545127,37.807762145996094,23213400,2024-07-22 00:00:00-04:00
37.692989458489485,37.846018450755786,35.35929641430365,36.83219909667969,30777500,2024-07-23 00:00:00-04:00
37.03304941708029,37.157382954222285,35.75143034928055,36.43049621582031,23447900,2024-07-24 00:00:00-04:00
36.86089205033197,37.65472875391686,36.5643968016323,36.5739631652832,18385300,2024-07-25 00:00:00-04:00
36.889585796632794,38.362492105933654,36.860894001159046,37.96078872680664,24563900,2024-07-26 00:00:00-04:00
37.99905013580065,39.0033031967452,37.90340837704374,38.90766143798828,21995900,2024-07-29 00:00:00-04:00
38.993739518705034,39.261539355419984,38.620731560852306,39.03199768066406,25226100,2024-07-30 00:00:00-04:00
38.984168149888646,39.81626664744185,38.90765548429102,39.47195053100586,24873200,2024-07-31 00:00:00-04:00
39.45282412681472,39.615415832542716,38.45813386712923,38.50595474243164,21797000,2024-08-01 00:00:00-04:00
39.08938068007346,39.347617796617264,38.10425673986861,38.161643981933594,25951700,2024-08-02 00:00:00-04:00
38.429443143567646,38.75463021259307,36.927844996494116,37.4730110168457,21390800,2024-08-05 00:00:00-04:00
37.20521309865711,37.73125006565628,37.04261773154874,37.22433853149414,15853800,2024-08-06 00:00:00-04:00
37.48257322593621,37.87471024664979,36.79394458498734,36.83219909667969,16744200,2024-08-07 00:00:00-04:00
36.78437707275299,37.72168007719586,36.7652479932543,37.63560104370117,13668100,2024-08-08 00:00:00-04:00
37.367798748940494,37.65472762538989,37.01391992293619,37.37736511230469,13999500,2024-08-09 00:00:00-04:00
37.30085408431026,37.3964958405114,36.79394620914576,36.8513298034668,12209400,2024-08-12 00:00:00-04:00
37.205210130269094,37.54952262135296,36.99479390085764,37.41562271118164,14022600,2024-08-13 00:00:00-04:00
37.09043442281532,37.415621471816486,37.080871707476526,37.3104133605957,17941600,2024-08-14 00:00:00-04:00
37.56865717200001,37.81733159724409,37.224340982277084,37.79820251464844,17291000,2024-08-15 00:00:00-04:00
37.912969870629134,38.09469431430464,37.77906995328873,37.89384078979492,14170200,2024-08-16 00:00:00-04:00
37.75037615625606,38.55377926623297,37.75037615625606,38.50595474243164,13280700,2024-08-19 00:00:00-04:00
38.30510549003897,38.52508443874943,38.22859281803049,38.28597640991211,13552700,2024-08-20 00:00:00-04:00
38.4772639580544,38.544213914936876,38.06599785234833,38.19989776611328,12748100,2024-08-21 00:00:00-04:00
38.352926192509535,38.352926192509535,37.47301040165047,37.692989349365234,9263100,2024-08-22 00:00:00-04:00
37.90340798502133,38.1998996232008,37.76950806474684,38.08512878417969,11682200,2024-08-23 00:00:00-04:00
38.27641614826913,38.697244992545485,38.12338714594143,38.496395111083984,11122400,2024-08-26 00:00:00-04:00
38.419874249260936,38.77375673976482,38.391182454868265,38.4868278503418,13067600,2024-08-27 00:00:00-04:00
38.496392302393815,38.59203405368341,38.17120524011065,38.19033432006836,11219600,2024-08-28 00:00:00-04:00
38.27640982348342,38.33379705806085,37.683422993511016,37.740806579589844,22626400,2024-08-29 00:00:00-04:00
37.99904491225021,37.99904491225021,37.46344165074035,37.84601593017578,25874900,2024-08-30 00:00:00-04:00
37.951226063240675,38.15207592883041,37.69298895812576,37.77906799316406,18351000,2024-09-03 00:00:00-04:00
37.970353171441516,38.41987375463413,36.726992234283216,36.985225677490234,24534700,2024-09-04 00:00:00-04:00
37.21477779410621,38.09469733986978,37.186085994825675,38.066001892089844,19033700,2024-09-05 00:00:00-04:00
38.06599430243001,38.59203119252102,37.769502706314384,37.884273529052734,18549200,2024-09-06 00:00:00-04:00
38.008611958804,38.285974485454354,37.253029750017916,37.98948287963867,13590800,2024-09-09 00:00:00-04:00
38.08512368480854,38.21902358715464,37.21477067106023,37.434749603271484,13752400,2024-09-10 00:00:00-04:00
37.43475467698179,37.43475467698179,36.47832250373852,36.99479675292969,16883400,2024-09-11 00:00:00-04:00
37.176514799418136,37.61647633938972,36.83219865878773,37.597347259521484,17055600,2024-09-12 00:00:00-04:00
37.59734358440524,38.152072252364015,37.520827272411715,37.82688522338867,13100500,2024-09-13 00:00:00-04:00
38.0564305458428,38.30510126305314,37.48256915085972,37.645164489746094,16730900,2024-09-16 00:00:00-04:00
37.82688638011926,38.085123468246344,37.51126570474085,37.56864929199219,13113200,2024-09-17 00:00:00-04:00
37.64517086084945,38.36249498960496,36.82263860944991,38.08512878417969,17279100,2024-09-18 00:00:00-04:00
38.60160104012153,39.28066697132064,38.40075117007656,38.51552200317383,16867400,2024-09-19 00:00:00-04:00
38.46769972103515,38.86939944644581,38.199896255595846,38.362491607666016,59666400,2024-09-20 00:00:00-04:00
38.45813730856239,39.13720328472022,38.372058265915676,38.955482482910156,21977300,2024-09-23 00:00:00-04:00
39.05112424928541,39.67280292287781,38.850270736171986,39.548465728759766,24195500,2024-09-24 00:00:00-04:00
39.50064489300796,39.510211257141364,38.76419174018845,38.82157897949219,24054900,2024-09-25 00:00:00-04:00
38.936350040980294,39.290232546041246,38.888529165525796,39.232845306396484,19316700,2024-09-26 00:00:00-04:00
39.433691571726804,40.24666097421705,39.39543341545697,39.825828552246094,17491200,2024-09-27 00:00:00-04:00
39.9310433429789,40.07450962876055,39.500648134133186,39.950172424316406,22378400,2024-09-30 00:00:00-04:00
39.81626690688898,40.14145394691985,39.37630539496578,39.883216857910156,18226300,2024-10-01 00:00:00-04:00
39.88321727255801,40.336108335135755,39.74831449029871,39.79649353027344,11124400,2024-10-02 00:00:00-04:00
39.53632169872954,39.6230454396877,39.054523954700855,39.32433319091797,10457600,2024-10-03 00:00:00-04:00
39.4014166427978,39.85430767229083,39.179790134444254,39.690494537353516,13696900,2024-10-04 00:00:00-04:00
39.449598704391484,39.69049758096506,39.044890356143945,39.08343505859375,17063100,2024-10-07 00:00:00-04:00
39.0930726080112,39.5363256951243,38.909990770071126,39.4592399597168,18173500,2024-10-08 00:00:00-04:00
39.46887221019998,39.931397625652494,39.27615236813846,39.89285659790039,11396400,2024-10-09 00:00:00-04:00
40.008487060607,40.42283343478835,39.555595982821515,39.60377502441406,11975800,2024-10-10 00:00:00-04:00
39.67122608463322,39.969942021318666,39.5845060159901,39.75794982910156,10447800,2024-10-11 00:00:00-04:00
39.85431049605575,40.51919006822455,39.7964934427182,40.44210433959961,12121000,2024-10-14 00:00:00-04:00
40.35538456256657,41.21298405429764,40.35538456256657,40.57701110839844,14841700,2024-10-15 00:00:00-04:00
40.702279723872095,41.05880906631255,40.67336935633738,40.7119140625,11768000,2024-10-16 00:00:00-04:00
41.029902881263396,41.19371237073908,40.13375866895671,40.69264221191406,16288100,2024-10-17 00:00:00-04:00
40.42283299001775,40.82754134593245,40.345743583657686,40.403560638427734,14188200,2024-10-18 00:00:00-04:00
40.43246924212358,40.45174159462602,38.98707588686899,39.054527282714844,16333500,2024-10-21 00:00:00-04:00
39.18943034055563,40.7600921598303,39.09307225321441,40.03739547729492,18594700,2024-10-22 00:00:00-04:00
40.0181231246616,40.39392481144793,39.71941084840857,40.03739547729492,16411700,2024-10-23 00:00:00-04:00
40.26865751439475,40.47101169064995,39.83503879682989,40.13375473022461,16562800,2024-10-24 00:00:00-04:00
40.528830347667686,41.0491691534974,40.1048459511375,40.14339065551758,19363200,2024-10-25 00:00:00-04:00
40.10484511693547,40.43246774570074,40.10484511693547,40.316837310791016,19062500,2024-10-28 00:00:00-04:00
40.24938188163097,40.94317177317343,40.22047519475832,40.53845977783203,21091500,2024-10-29 00:00:00-04:00
40.29756608992712,40.92390467526433,40.28793175167479,40.70227813720703,27530400,2024-10-30 00:00:00-04:00
43.56415346743053,43.66051522689523,41.28043306758353,42.08021545410156,35198400,2024-10-31 00:00:00-04:00
42.735461792498725,43.053450093010646,41.906772695163106,41.97422409057617,25078500,2024-11-01 00:00:00-04:00
42.0994907272789,42.176580140199896,40.94317894006815,40.981719970703125,21752800,2024-11-04 00:00:00-05:00
41.184071408035955,41.49242165989919,40.779359405074864,41.010623931884766,16783200,2024-11-05 00:00:00-05:00
42.2343962382401,43.57379351272822,41.84895653406239,43.4967041015625,31072500,2024-11-06 00:00:00-05:00
43.33289055444246,43.3617972430071,42.54274254319145,42.58128356933594,17151600,2024-11-07 00:00:00-05:00
42.55237653273476,42.77400305350954,42.07057878953087,42.31147766113281,23019700,2024-11-08 00:00:00-05:00
42.3596625579424,43.00527353454218,42.311483512124646,42.59092712402344,11088600,2024-11-11 00:00:00-05:00
42.30184571704089,42.59092364415404,42.2536629993343,42.43674850463867,13411900,2024-11-12 00:00:00-05:00
42.07057878953087,42.581283221062975,41.92603799623967,42.31147766113281,11593000,2024-11-13 00:00:00-05:00
42.31147924223992,42.45602004093236,41.61768928983656,41.897132873535156,20178800,2024-11-14 00:00:00-05:00
41.8971332036315,42.22475583086709,41.0298994321198,41.31897735595703,18270700,2024-11-15 00:00:00-05:00
41.29006765730717,41.64660065576196,41.19370957308037,41.434608459472656,19100900,2024-11-18 00:00:00-05:00
41.04917113156197,41.21298429515841,40.76973120090417,40.77936553955078,29279300,2024-11-19 00:00:00-05:00
41.19371178814171,41.4538830405343,40.46138075149352,41.42497634887695,21068600,2024-11-20 00:00:00-05:00
41.53096882905075,42.13803508539581,40.96244727884755,41.91640853881836,15647200,2024-11-21 00:00:00-05:00
41.68513910257659,42.128395819716644,41.58878102431684,41.88749694824219,10637300,2024-11-22 00:00:00-05:00
42.321113236273696,42.427109331010314,41.55987557337694,41.62732696533203,23526000,2024-11-25 00:00:00-05:00
41.43461014759586,41.685143382287905,40.89499529679513,41.08771514892578,18392600,2024-11-26 00:00:00-05:00
41.05880296952122,41.47314930967962,40.98171356864294,41.010623931884766,16235800,2024-11-27 00:00:00-05:00
40.91426296997156,41.694776627707036,40.87571826878894,41.6176872253418,9557000,2024-11-29 00:00:00-05:00
41.4442448420356,41.733326460627154,41.12626020774056,41.714054107666016,16253400,2024-12-02 00:00:00-05:00
41.646604335253585,41.868230889216235,41.27080262741146,41.29970932006836,14352200,2024-12-03 00:00:00-05:00
41.15516696941545,41.405703882511744,40.83718233457842,41.00099182128906,14621000,2024-12-04 00:00:00-05:00
41.05880653709836,41.415335857576686,40.91426573580499,41.23225402832031,13615000,2024-12-05 00:00:00-05:00
41.19370766813355,41.61768836528046,41.17443531701436,41.57914733886719,15608600,2024-12-06 00:00:00-05:00
41.63696397559868,41.72368772451093,37.348962925293684,37.6284065246582,45253900,2024-12-09 00:00:00-05:00
37.64767786764549,38.341467840337344,37.1273353881266,38.0909309387207,28678100,2024-12-10 00:00:00-05:00
38.033116725377795,38.389646042059375,37.98493400824293,38.26437759399414,23922900,2024-12-11 00:00:00-05:00
38.466731500208226,38.90035022057046,38.38001143196098,38.77508544921875,22465500,2024-12-12 00:00:00-05:00
38.30292254845487,38.736541274734506,38.21619880319895,38.466732025146484,18032600,2024-12-13 00:00:00-05:00
37.666954318442706,38.29329296481332,37.37787635697386,37.44532775878906,20182800,2024-12-16 00:00:00-05:00
37.454955968413394,37.69585484285155,37.15624371663815,37.38750457763672,19193100,2024-12-17 00:00:00-05:00
37.14660331276681,37.522404944574994,36.4142723989643,36.48172378540039,22644600,2024-12-18 00:00:00-05:00
36.568451853901486,36.65517560042557,35.893934233805844,36.038475036621094,22646500,2024-12-19 00:00:00-05:00
36.22155847277422,36.91534847570859,35.95175288311106,36.8286247253418,60040100,2024-12-20 00:00:00-05:00
36.64553774615321,36.81898523995721,36.298642758545206,36.59735870361328,16681400,2024-12-23 00:00:00-05:00
36.47209087613574,37.0213400573005,36.337188084386554,37.002071380615234,7493100,2024-12-24 00:00:00-05:00
36.8575325012207,37.059886699421426,36.703357348902216,36.8575325012207,10824500,2024-12-26 00:00:00-05:00
36.46245533163197,36.85752935546803,36.31791453049611,36.54917907714844,15394200,2024-12-27 00:00:00-05:00
36.40463695495665,36.50099871082553,35.759029731848265,36.02883529663086,23728300,2024-12-30 00:00:00-05:00
