Open,High,Low,Close,Volume,Date
66.9586787875548,67.9652328491211,66.86333571006601,67.9652328491211,27278000,2020-01-02 00:00:00-05:00
66.9383158243975,68.21699501628234,66.90454453964605,67.60968017578125,23408000,2020-01-03 00:00:00-05:00
67.11857657252054,69.43708883609668,67.08729816087028,69.4117660522461,46768000,2020-01-06 00:00:00-05:00
69.54335656021222,69.69431580950295,69.10140504019108,69.2776870727539,34330000,2020-01-07 00:00:00-05:00
69.26328117365361,70.10894997178289,69.15453414305767,69.77078247070312,35314000,2020-01-08 00:00:00-05:00
70.60949659555637,70.94468628827275,70.0275120595761,70.50323486328125,33200000,2020-01-09 00:00:00-05:00
70.98391037357645,71.255535446664,70.49379108581715,70.95858001708984,26258000,2020-01-10 00:00:00-05:00
71.27092429925027,71.58029107177933,70.78031249992908,71.50829315185547,30730000,2020-01-13 00:00:00-05:00
71.50680981258097,71.63740929797085,70.89949492783481,71.03953552246094,26076000,2020-01-14 00:00:00-05:00
71.1602052622877,71.54554802109986,71.09267026131843,71.46708679199219,21550000,2020-01-15 00:00:00-05:00
71.77744628827148,72.03815275975688,71.50681377041046,72.01133728027344,26080000,2020-01-16 00:00:00-05:00
72.626085344564,73.52041445228143,72.32863737834732,73.46926879882812,52424000,2020-01-17 00:00:00-05:00
73.44345017940596,73.9837301623698,73.00696178186003,73.60484313964844,48930000,2020-01-21 00:00:00-05:00
73.97627967986148,74.51505937450915,73.6252007502099,73.6852798461914,28458000,2020-01-22 00:00:00-05:00
73.86802372289836,74.16348648276097,73.50899638662688,73.72599792480469,26650000,2020-01-23 00:00:00-05:00
74.12973549879968,74.19826311669019,72.65788440994342,72.80636596679688,29786000,2020-01-24 00:00:00-05:00
71.08671972598552,71.33699250078811,70.48883829793303,71.09615325927734,34132000,2020-01-27 00:00:00-05:00
71.59321023544943,72.24173713836646,71.02810757836856,72.02821350097656,29724000,2020-01-28 00:00:00-05:00
72.42349239357048,72.70555124780331,71.77447288626858,72.33609771728516,21566000,2020-01-29 00:00:00-05:00
71.41246028918627,72.26408472389092,71.25852322835154,72.21443176269531,27110000,2020-01-30 00:00:00-05:00
72.89026812670592,72.98014809578615,70.8642408722417,71.14828491210938,43822000,2020-01-31 00:00:00-05:00
72.5818823981462,73.80594554622179,72.33160968629802,73.62220764160156,71636000,2020-02-03 00:00:00-05:00
72.2263518292056,72.86444505255666,70.61446801787635,71.77545928955078,95880000,2020-02-04 00:00:00-05:00
72.6792121800727,72.72738001725605,70.99433806026747,71.8072280883789,36376000,2020-02-05 00:00:00-05:00
72.1016994935962,73.57057229670284,72.02721627071665,73.29298400878906,37822000,2020-02-06 00:00:00-05:00
72.86693661087277,73.75381754289155,72.7686157058186,73.44892120361328,28360000,2020-02-07 00:00:00-05:00
73.3555672789149,74.92722414087224,73.25476107852305,74.91629791259766,38302000,2020-02-10 00:00:00-05:00
75.14521713630961,75.97003370117069,74.7568965647971,74.9858169555664,34852000,2020-02-11 00:00:00-05:00
75.27382928475085,75.49430874131542,74.91679471215745,75.41138458251953,31042000,2020-02-12 00:00:00-05:00
74.98283526176698,75.77487310133188,74.68488719013807,75.15117645263672,22914000,2020-02-13 00:00:00-05:00
75.20779068392721,75.48190111121941,74.76186114868284,75.41635131835938,23198000,2020-02-14 00:00:00-05:00
75.19835617848237,76.00379801654766,75.03299279148968,75.45160675048828,25642000,2020-02-18 00:00:00-05:00
75.83694765555981,76.01273717555429,75.52808092264881,75.72124481201172,22746000,2020-02-19 00:00:00-05:00
75.43024689467184,75.83048626235644,74.69779566759601,75.32994079589844,25962000,2020-02-20 00:00:00-05:00
74.71368322798507,75.03000583040279,73.41812216900625,73.6649169921875,42520000,2020-02-21 00:00:00-05:00
70.66511381109099,71.32705227867518,69.8576867844857,70.50670623779297,49560000,2020-02-24 00:00:00-05:00
71.05990050137443,71.3503926943792,68.5482242890156,68.84120178222656,51580000,2020-02-25 00:00:00-05:00
69.27122908358415,70.19932951834674,68.35604008547062,69.04727172851562,49776000,2020-02-26 00:00:00-05:00
67.49150271843352,68.00098920954161,65.26187799484646,65.29713439941406,62290000,2020-02-27 00:00:00-05:00
63.279054704787185,66.66271477222554,62.97614362297551,66.50381469726562,80198000,2020-02-28 00:00:00-05:00
67.10666682093301,68.89830306989113,65.80613498528312,68.84120178222656,55430000,2020-03-02 00:00:00-05:00
69.40529839669307,69.92719618427,66.00673437386882,66.4278335571289,56602000,2020-03-03 00:00:00-05:00
67.48256183891996,68.6654055008889,66.39208344077265,68.6068115234375,47598000,2020-03-04 00:00:00-05:00
66.81665653912074,67.21789611582923,64.63619971791267,65.28770446777344,54380000,2020-03-05 00:00:00-05:00
63.06255522638061,64.69131713479612,62.42991752814102,64.34322357177734,64640000,2020-03-06 00:00:00-05:00
59.8353131816508,62.20745260056038,59.49168255231933,60.373104095458984,69252000,2020-03-09 00:00:00-04:00
62.289885180152496,63.355533400320745,60.30954041673716,63.3217658996582,54872000,2020-03-10 00:00:00-04:00
61.98597644813612,62.41600911448038,59.149040628206436,60.130271911621094,54732000,2020-03-11 00:00:00-04:00
55.74651765058202,59.03036846362229,55.043863388374305,55.196807861328125,94326000,2020-03-12 00:00:00-04:00
58.347075086419736,60.304078399115795,55.23354724050497,60.29762268066406,79400000,2020-03-13 00:00:00-04:00
54.107313960757686,56.88118149675051,52.988531177685545,53.28250503540039,96520000,2020-03-16 00:00:00-04:00
54.15846568225022,55.914352911664636,52.095693145816455,55.52007293701172,83194000,2020-03-17 00:00:00-04:00
52.63397869009644,54.87104797762396,51.494832347256526,54.18577575683594,93044000,2020-03-18 00:00:00-04:00
54.038293418612895,57.23574188881747,52.415983458077136,55.202762603759766,74064000,2020-03-19 00:00:00-04:00
56.157671020440276,56.53407651760465,52.741236013893825,53.04464340209961,82878000,2020-03-20 00:00:00-04:00
52.4567027625557,52.98009332639704,50.09797110911301,52.3454704284668,83672000,2020-03-23 00:00:00-04:00
54.82089627383241,56.27834290238124,53.94940459505659,56.11347961425781,72468000,2020-03-24 00:00:00-04:00
55.84383613305106,56.915939950853826,53.779574836331406,54.70370101928711,90324000,2020-03-25 00:00:00-04:00
55.354212048644065,58.17277317399136,54.227484694802776,57.747703552246094,76562000,2020-03-26 00:00:00-04:00
55.987349858557536,57.15827471437064,54.8218881164996,55.13274383544922,62794000,2020-03-27 00:00:00-04:00
56.24407702996615,57.155788104039814,54.548272761585835,56.92289352416992,58736000,2020-03-30 00:00:00-04:00
57.04306764962275,58.26811596366001,56.446678999724746,57.69953918457031,65228000,2020-03-31 00:00:00-04:00
55.815035808554676,56.08417939198455,54.299984103804036,54.727535247802734,51970000,2020-04-01 00:00:00-04:00
54.623256692650074,55.75395831834769,54.282111383746546,55.46892547607422,56410000,2020-04-02 00:00:00-04:00
55.35372120018309,55.556322408776076,53.38579542668936,54.26075744628906,51374000,2020-04-03 00:00:00-04:00
56.261963297460234,59.12968161957391,55.8647016811892,58.7542724609375,63320000,2020-04-06 00:00:00-04:00
60.43368148304381,60.620893529545036,58.459300013090534,58.72298049926758,61620000,2020-04-07 00:00:00-04:00
59.74294719569394,60.3289059468666,58.79200545437825,59.93661117553711,40334000,2020-04-08 00:00:00-04:00
60.49178169677421,60.680975159986424,59.21260232823927,59.91525650024414,54028000,2020-04-09 00:00:00-04:00
59.663493971680225,60.3100356670181,58.711559676495355,60.10594177246094,38702000,2020-04-13 00:00:00-04:00
61.573821626847455,63.350564947040326,61.00623363759853,62.82817077636719,63358000,2020-04-14 00:00:00-04:00
61.898577725439324,63.31878268719439,61.27736260381202,62.434383392333984,42236000,2020-04-15 00:00:00-04:00
62.92300874781645,63.23187924434024,61.48592196083306,62.440834045410156,57896000,2020-04-16 00:00:00-04:00
63.64602504685049,64.05818325924749,62.866402347873645,63.5119514465332,51050000,2020-04-17 00:00:00-04:00
63.05957146388508,63.403698385158826,62.39167738128082,62.62556457519531,35292000,2020-04-20 00:00:00-04:00
61.709881356272376,62.07188272751854,59.83729494932787,60.19284439086914,49648000,2020-04-21 00:00:00-04:00
61.63042922031265,63.55565024230453,61.4362689416713,62.489505767822266,46296000,2020-04-22 00:00:00-04:00
62.85349090231504,63.96631807562833,62.594777233741134,63.123130798339844,34202000,2020-04-23 00:00:00-04:00
62.32016874850442,63.447892535395646,61.77393695145005,63.39277267456055,37402000,2020-04-24 00:00:00-04:00
64.15749740277272,64.2617815012073,62.81972404558168,63.10773849487305,44186000,2020-04-27 00:00:00-04:00
63.72051660190071,63.79797764528471,61.09760444603932,61.20734786987305,80700000,2020-04-28 00:00:00-04:00
66.78934790045282,67.54165883951754,65.88210729515733,66.6493148803711,108358000,2020-04-29 00:00:00-04:00
66.1120120324137,67.03762707301479,65.62238524839778,66.8737564086914,55842000,2020-04-30 00:00:00-04:00
65.75100006817652,67.10864053609349,65.03444570950143,65.4148178100586,48872000,2020-05-01 00:00:00-04:00
64.95846599149449,65.76987085956344,64.35661431461128,65.69190216064453,30806000,2020-05-04 00:00:00-04:00
66.41691697950115,68.08093904283001,66.29426590492336,66.98896789550781,39666000,2020-05-05 00:00:00-04:00
67.43490390739927,67.96574284054078,66.79581044461385,66.81070709228516,31732000,2020-05-06 00:00:00-04:00
67.59925677309654,68.32873019206323,67.16376099800789,67.99502563476562,30652000,2020-05-07 00:00:00-04:00
68.61773777696003,69.35365934273877,68.13059625287245,68.74287414550781,33326000,2020-05-08 00:00:00-04:00
68.3679661933899,70.29169468748732,68.30390909418357,69.69878387451172,32718000,2020-05-11 00:00:00-04:00
69.92869401506682,70.23209760902837,68.25473844878208,68.28800964355469,33918000,2020-05-12 00:00:00-04:00
68.3366751009286,68.79203814843098,65.9456648705068,66.95470428466797,40368000,2020-05-13 00:00:00-04:00
66.21928222001041,67.4036110520783,65.711780914762,67.37828826904297,36660000,2020-05-14 00:00:00-04:00
66.95122766332483,68.25820745732415,66.4913941497389,68.18273162841797,41544000,2020-05-15 00:00:00-04:00
67.61266664813711,69.16098574344744,67.2461909953617,68.78458404541016,47094000,2020-05-18 00:00:00-04:00
68.79948120448985,69.14757473329719,68.21749670817653,68.24927520751953,31586000,2020-05-19 00:00:00-04:00
68.9822221805776,70.11789063162281,68.89582011929386,69.97537231445312,38262000,2020-05-20 00:00:00-04:00
70.06624345555898,70.337868556823,69.24192704274618,69.85569763183594,30894000,2020-05-21 00:00:00-04:00
69.71416696713506,70.36467903297583,69.31939073428819,70.17797088623047,28544000,2020-05-22 00:00:00-04:00
71.60413885227362,71.76056121271995,70.4838671234599,70.5816879272461,44590000,2020-05-26 00:00:00-04:00
70.51366096089717,70.77933044570575,69.25236359877518,70.5275650024414,31684000,2020-05-27 00:00:00-04:00
69.52051400289503,71.72828647326742,69.47483145775915,70.42626953125,35170000,2020-05-28 00:00:00-04:00
70.53501605536583,71.34443588719381,70.31404407757432,71.1850357055664,37044000,2020-05-29 00:00:00-04:00
70.79671210149603,71.5852720478794,70.6268782127255,71.25206756591797,25162000,2020-06-01 00:00:00-04:00
71.25851563155427,71.65577716443912,70.5935994345022,71.62151336669922,23442000,2020-06-02 00:00:00-04:00
71.64087769777096,71.95421488753679,71.09067174662701,71.46955871582031,27732000,2020-06-03 00:00:00-04:00
71.3469073433277,71.57235738789437,69.81894796687253,70.23060607910156,26982000,2020-06-04 00:00:00-04:00
70.29716055526652,71.81966465700255,69.89890632458756,71.5078125,42642000,2020-06-05 00:00:00-04:00
70.82550690785413,71.95371938382533,70.73611946163942,71.90605163574219,33878000,2020-06-08 00:00:00-04:00
71.76701395697853,72.88728563936604,71.62399555303219,72.1066665649414,33624000,2020-06-09 00:00:00-04:00
72.57494508918839,73.13408456859595,72.21989572507418,72.73335266113281,31762000,2020-06-10 00:00:00-04:00
71.55795600242254,72.0828392479217,69.44155631952972,69.61486053466797,47144000,2020-06-11 00:00:00-04:00
70.80465018402187,71.23419033508823,68.81537214700396,70.1620864868164,36676000,2020-06-12 00:00:00-04:00
68.9986103518022,70.76194583867918,68.88489272365547,70.55040740966797,30468000,2020-06-15 00:00:00-04:00
71.95372336605863,72.35942585801052,70.9600807295404,71.82809448242188,30648000,2020-06-16 00:00:00-04:00
72.1493762167434,72.60920215278631,71.26497317065488,72.12950897216797,30610000,2020-06-17 00:00:00-04:00
71.99594785549428,72.15087754317152,70.82353011675572,71.21483612060547,34862000,2020-06-18 00:00:00-04:00
71.50682443706815,71.73028174800683,70.46401354983993,70.74408721923828,52784000,2020-06-19 00:00:00-04:00
70.76244702073843,72.05055983277585,70.47343996852237,72.0361557006836,29442000,2020-06-22 00:00:00-04:00
72.10269016557397,73.25474782945695,71.75508917289665,72.69758605957031,37752000,2020-06-23 00:00:00-04:00
72.66282805130307,73.2840393149297,71.01022499657324,71.14430236816406,31592000,2020-06-24 00:00:00-04:00
71.07080487723475,71.6220034357294,70.49080563524517,71.5614242553711,23958000,2020-06-25 00:00:00-04:00
71.14083539885146,71.3588295538996,67.2859228390437,67.66033935546875,97640000,2020-06-26 00:00:00-04:00
67.55108911052362,69.42119397415527,67.11956375249905,69.37997436523438,45074000,2020-06-29 00:00:00-04:00
69.36558030991503,70.71228711438161,68.87148296157532,70.41682434082031,40286000,2020-06-30 00:00:00-04:00
70.47245669422166,71.92791828464271,70.2246616420495,71.60613250732422,42182000,2020-07-01 00:00:00-04:00
72.09476521463468,73.91620239471897,72.05652341416425,72.9930648803711,57218000,2020-07-02 00:00:00-04:00
73.89782139127526,74.98283672357624,73.34314484733716,74.46887969970703,44712000,2020-07-06 00:00:00-04:00
74.29408433333198,75.54495545817291,73.97478391717789,73.98571014404297,42364000,2020-07-07 00:00:00-04:00
74.52599101296335,75.04094065837363,74.10389915223111,74.66503143310547,31766000,2020-07-08 00:00:00-04:00
74.97936170940798,75.9332850768622,74.26727774875336,75.41287231445312,41836000,2020-07-09 00:00:00-04:00
75.14422899077879,76.53911136062698,74.52202496840695,76.42340850830078,35918000,2020-07-10 00:00:00-04:00
76.9661571516268,78.2781076228488,74.81201579568408,75.09357452392578,42954000,2020-07-13 00:00:00-04:00
74.12824302296004,75.61846094155194,73.78759017694631,75.52212524414062,38108000,2020-07-14 00:00:00-04:00
75.63980057926288,76.29031268421016,74.37850328273365,75.32447814941406,31026000,2020-07-15 00:00:00-04:00
74.56074859230361,75.27631804297296,73.90378070172108,75.22715759277344,26484000,2020-07-16 00:00:00-04:00
75.3259606016278,75.64973152438543,74.3919045997298,75.32298278808594,34264000,2020-07-17 00:00:00-04:00
75.23111365818885,77.913115759415,74.62032852038305,77.65638732910156,30166000,2020-07-20 00:00:00-04:00
78.7086504606892,78.80895657553522,77.09924422775075,77.26311492919922,27486000,2020-07-21 00:00:00-04:00
77.2526726692046,77.81231217595123,76.63294649341965,77.70654296875,24482000,2020-07-22 00:00:00-04:00
77.76017946109586,77.97966630423089,74.91281370486792,75.31802368164062,33910000,2020-07-23 00:00:00-04:00
74.44604426009818,75.25247869252917,73.87001533571343,74.89395141601562,29902000,2020-07-24 00:00:00-04:00
75.14472866696514,76.35140257246336,75.09854602904528,75.94768524169922,27124000,2020-07-27 00:00:00-04:00
75.72769600259622,75.77784905273722,74.5120812359818,74.66751098632812,30910000,2020-07-28 00:00:00-04:00
74.73454996381882,76.14134347579515,74.63572897642125,75.6537094116211,22676000,2020-07-29 00:00:00-04:00
74.38544199784832,76.51674554327526,74.24640160742527,76.39160919189453,36042000,2020-07-30 00:00:00-04:00
74.33977117600368,74.73554004885563,72.20201157644132,73.88788604736328,91468000,2020-07-31 00:00:00-04:00
74.03935317290822,74.37354271138575,73.08195185911633,73.63017272949219,45482000,2020-08-03 00:00:00-04:00
73.82630920596793,74.1441169234356,72.70007436598213,73.160400390625,37212000,2020-08-04 00:00:00-04:00
73.33521191937828,73.98969454773389,73.05712348111673,73.44792938232422,29134000,2020-08-05 00:00:00-04:00
73.30192475022814,74.79760544622968,73.09087885001976,74.7320556640625,33306000,2020-08-06 00:00:00-04:00
74.93516546369514,75.48387877720482,73.80446006410948,74.40531921386719,27718000,2020-08-07 00:00:00-04:00
74.02941320093893,74.84131072200945,73.3684673500793,74.32835388183594,20546000,2020-08-10 00:00:00-04:00
74.18831458702142,75.00469020881044,73.40323253058286,73.51992797851562,31098000,2020-08-11 00:00:00-04:00
73.84666613651515,75.06575870293172,73.74138944535287,74.84577178955078,22512000,2020-08-12 00:00:00-04:00
74.89395048360689,76.32210394410787,74.89395048360689,75.31305694580078,22388000,2020-08-13 00:00:00-04:00
75.16210085388852,75.46898996737282,74.43660535149617,74.71617889404297,21942000,2020-08-14 00:00:00-04:00
75.27929776949405,75.66712584393001,74.73455480772037,75.2927017211914,19990000,2020-08-17 00:00:00-04:00
75.78332106518687,77.33511829663932,75.5623490795382,77.25616455078125,28378000,2020-08-18 00:00:00-04:00
77.09278306490951,77.90568079562073,76.47256428980408,76.70148468017578,30472000,2020-08-19 00:00:00-04:00
76.47107420399901,78.46730826674126,76.19746386445098,78.27265167236328,26382000,2020-08-20 00:00:00-04:00
78.05167574489523,79.04880400658543,77.580430975035,78.2388916015625,34838000,2020-08-21 00:00:00-04:00
79.07809757051795,79.8880175563553,78.21256898915193,78.71460723876953,25638000,2020-08-24 00:00:00-04:00
78.46382111596415,79.89296708362019,78.35358139397559,79.74250793457031,25150000,2020-08-25 00:00:00-04:00
79.76486364100212,82.07344239542118,79.50068682991096,81.64340209960938,52188000,2020-08-26 00:00:00-04:00
81.76654758378608,81.83507518777941,80.38606945778591,80.86824798583984,31350000,2020-08-27 00:00:00-04:00
80.91542137625561,81.50534674275372,80.72374261037626,81.41000366210938,22418000,2020-08-28 00:00:00-04:00
81.61559094306867,81.66177357903628,80.7098429930012,80.91840362548828,26422000,2020-08-31 00:00:00-04:00
81.04900280397094,82.39273186560406,80.9184033108712,82.18714904785156,22652000,2020-09-01 00:00:00-04:00
82.82920659258205,85.71381370586046,82.44088608228809,85.28129577636719,49522000,2020-09-02 00:00:00-04:00
84.39392209014869,84.41775975388319,79.83486660961577,80.91740417480469,63726000,2020-09-03 00:00:00-04:00
79.89892947828622,81.1895276607906,76.37175816674525,78.51895141601562,55850000,2020-09-04 00:00:00-04:00
75.72770044561553,77.24473369292774,75.30560859260585,75.6581802368164,54032000,2020-09-08 00:00:00-04:00
76.91451290297617,77.40214695845613,75.73613970690933,76.83158874511719,39242000,2020-09-09 00:00:00-04:00
76.97807902829125,78.14403332463914,75.47941275782985,75.77983856201172,33024000,2020-09-10 00:00:00-04:00
75.88412323830671,76.40800631879937,74.13965471276924,75.26886749267578,30706000,2020-09-11 00:00:00-04:00
76.05791920997855,77.31673886317127,74.74001306241624,74.92473602294922,42660000,2020-09-14 00:00:00-04:00
75.87120485456991,77.01829198977806,75.5836905116532,76.230224609375,23042000,2020-09-15 00:00:00-04:00
76.59570881971476,77.18613425042128,75.06178624819889,75.08661651611328,22128000,2020-09-16 00:00:00-04:00
73.78161786394368,74.41971865207923,72.62211931019694,73.84269714355469,40008000,2020-09-17 00:00:00-04:00
73.90527820347172,74.24791625874158,71.09069070381592,72.0575180053711,63056000,2020-09-18 00:00:00-04:00
71.09067964908306,71.50978608796002,69.65359282698576,71.0171890258789,56908000,2020-09-21 00:00:00-04:00
72.01927539504912,72.69710310272775,70.98540572132968,72.49102020263672,33950000,2020-09-22 00:00:00-04:00
72.10716338954937,72.15632383261017,69.6535890139561,69.98678588867188,37726000,2020-09-23 00:00:00-04:00
69.65359421940595,71.40699611483514,69.62727125517097,70.65567779541016,34552000,2020-09-24 00:00:00-04:00
70.76443424115384,71.80177424957328,69.90188356916153,71.46013641357422,30326000,2020-09-25 00:00:00-04:00
73.09535672581238,73.14500968683816,71.81866263728527,72.43341827392578,30784000,2020-09-28 00:00:00-04:00
72.69412780151184,73.0958523244427,72.20201563977825,72.79890441894531,31816000,2020-09-29 00:00:00-04:00
72.54663235461291,73.80098141428527,72.28941138901646,72.77803802490234,40924000,2020-09-30 00:00:00-04:00
73.67486065011207,74.24145605727813,73.33420782483996,73.88540649414062,32884000,2020-10-01 00:00:00-04:00
72.481583309123,73.44494012589321,71.87179071906452,72.28146362304688,31222000,2020-10-02 00:00:00-04:00
72.6315529369491,73.7265018849997,72.5044313545936,73.6336441040039,21602000,2020-10-05 00:00:00-04:00
73.26965381491353,73.71756095605366,71.7555984119484,72.05403900146484,26096000,2020-10-06 00:00:00-04:00
72.46569342964418,72.94538662475436,71.17062485186818,72.4572525024414,36108000,2020-10-07 00:00:00-04:00
72.77058531432361,73.89184952600075,72.77058531432361,73.6634292602539,26076000,2020-10-08 00:00:00-04:00
74.13171101982338,75.0747082019005,73.8407187273074,75.00518798828125,32966000,2020-10-09 00:00:00-04:00
76.3732501983166,78.87697791738763,75.94122471846515,77.69364166259766,55344000,2020-10-12 00:00:00-04:00
78.31038496240312,78.71509484567285,77.39768128178348,77.81678771972656,39072000,2020-10-13 00:00:00-04:00
78.19070433997409,78.65003016211465,76.76552891007314,77.63652038574219,33174000,2020-10-14 00:00:00-04:00
76.69601031632256,78.03179833233763,76.52866932334675,77.24075317382812,31210000,2020-10-15 00:00:00-04:00
77.55659111297165,78.3451511286696,77.34952316792459,77.84808349609375,34194000,2020-10-16 00:00:00-04:00
78.25675894228921,78.654020527849,75.62441694848839,75.97350311279297,29734000,2020-10-19 00:00:00-04:00
75.63384710979612,78.1529714473702,75.50424022967013,77.02276611328125,41670000,2020-10-20 00:00:00-04:00
77.95483812956394,80.20383009011108,77.82026822454186,78.75630950927734,60322000,2020-10-21 00:00:00-04:00
78.70714832278779,80.11841230278098,78.33372441699296,79.78273010253906,30512000,2020-10-22 00:00:00-04:00
80.19936290074068,81.14633045232473,80.04343304769533,81.0897216796875,30548000,2020-10-23 00:00:00-04:00
80.19687183701743,80.92087457366932,77.85204435340098,78.67189025878906,35826000,2020-10-26 00:00:00-04:00
78.90230306606628,79.5513224818934,78.30939232777347,79.39639282226562,25902000,2020-10-27 00:00:00-04:00
76.96964916905097,77.15834257562899,74.9073726095302,75.02257537841797,45174000,2020-10-28 00:00:00-04:00
75.33143128379692,78.8928663291568,75.30809370967367,77.31078338623047,55406000,2020-10-29 00:00:00-04:00
82.80091654542893,83.49016299701641,79.52997371419903,80.25199127197266,99878000,2020-10-30 00:00:00-04:00
80.6209489181996,82.34406497588512,80.1591301740816,80.65968322753906,44228000,2020-11-02 00:00:00-05:00
80.9794835557131,82.38180661638104,80.05336826018032,81.71937561035156,31432000,2020-11-03 00:00:00-05:00
84.69486039848417,87.8952907499738,84.56674619709445,86.69457244873047,71342000,2020-11-04 00:00:00-05:00
87.91613094031692,88.97731615159634,86.45520644116196,87.52135467529297,39758000,2020-11-05 00:00:00-05:00
86.96717561402848,87.8193000919502,86.23919489785555,87.38380432128906,28622000,2020-11-06 00:00:00-05:00
89.18390335682369,90.22223606893807,87.27556398943896,87.46773529052734,53440000,2020-11-09 00:00:00-05:00
85.89607908705958,87.3664373254004,85.21825130415988,86.29085540771484,43022000,2020-11-10 00:00:00-05:00
86.82118593096598,87.54121828786089,86.55601653319594,86.76309204101562,31838000,2020-11-11 00:00:00-05:00
86.503363128067,87.64449453434428,86.30324346450881,86.54408264160156,26474000,2020-11-12 00:00:00-05:00
86.80132339394905,88.24784377851638,86.20444222324774,88.00601196289062,29744000,2020-11-13 00:00:00-05:00
87.60280583046328,89.10246484670235,87.46326530912344,88.09391784667969,25468000,2020-11-16 00:00:00-05:00
87.7875265532104,88.2483527483011,87.37189796826333,87.47965240478516,21314000,2020-11-17 00:00:00-05:00
87.23036759862198,87.64550364770136,86.33305301374617,86.43584442138672,20108000,2020-11-18 00:00:00-05:00
86.06788281961194,87.57051951755538,85.90848264103154,87.32620239257812,20106000,2020-11-19 00:00:00-05:00
87.49652779946634,87.81235033915841,86.15577659553901,86.22430419921875,27694000,2020-11-20 00:00:00-05:00
86.4149908162109,86.70151257860655,84.92328035546011,85.78632354736328,22530000,2020-11-23 00:00:00-05:00
85.78334829165836,87.71899554089296,85.44716597999957,87.59088134765625,27984000,2020-11-24 00:00:00-05:00
87.78504024540288,87.91265434022236,86.81919809848146,87.602294921875,19600000,2020-11-25 00:00:00-05:00
87.62264384392891,89.23502750159643,87.62264384392891,88.73894500732422,14790000,2020-11-27 00:00:00-05:00
88.17435503755391,88.40724583978081,86.7933768344479,87.11913299560547,32418000,2020-11-30 00:00:00-05:00
87.72793104126895,90.46207172577871,87.5476710184764,89.1530990600586,37350000,2020-12-01 00:00:00-05:00
89.15310078662704,91.00930169788307,88.64709217732732,90.62345886230469,29424000,2020-12-02 00:00:00-05:00
90.40347565496144,91.55999635366734,90.2276861454191,90.46803283691406,24728000,2020-12-03 00:00:00-05:00
90.38758786798329,90.84840643586647,90.05835381182969,90.5633773803711,20544000,2020-12-04 00:00:00-05:00
90.15568118177275,90.83797937404678,89.53446984443129,90.22917938232422,22288000,2020-12-07 00:00:00-05:00
89.80659591980766,90.17654191763987,88.95050099478975,89.94612884521484,19936000,2020-12-08 00:00:00-05:00
89.8979570205451,90.79229370200468,87.49652084591008,88.28408813476562,31728000,2020-12-09 00:00:00-05:00
87.5263267524468,88.14158252987346,86.08278404964399,87.777099609375,28688000,2020-12-10 00:00:00-05:00
87.39721213285257,88.25678497137464,87.03669966329481,88.13214111328125,18628000,2020-12-11 00:00:00-05:00
87.92954487062023,88.87700490171588,86.85743340263497,87.01286315917969,33050000,2020-12-14 00:00:00-05:00
87.39025704522699,87.59583985286919,86.48699444327288,87.45084381103516,21352000,2020-12-15 00:00:00-05:00
87.84958566273735,87.84958566273735,86.85395784860822,87.2576675415039,24676000,2020-12-16 00:00:00-05:00
87.59237404777944,87.73042186459409,85.96460093493897,86.42938995361328,34880000,2020-12-17 00:00:00-05:00
86.71045239928884,86.81919943152793,85.16262570212646,85.71977996826172,85256000,2020-12-18 00:00:00-05:00
84.87113629069282,86.25509235125325,84.11981793066384,86.13392639160156,33974000,2020-12-21 00:00:00-05:00
85.87422216127273,86.03710025089265,84.70478990793866,85.42184448242188,20370000,2020-12-22 00:00:00-05:00
85.60607929682591,86.60816300203366,85.47050919411534,85.8196029663086,22974000,2020-12-23 00:00:00-05:00
85.8578235085603,86.52373235094736,85.62691792776171,86.11405944824219,9312000,2020-12-24 00:00:00-05:00
86.64786619895388,88.73795017298704,86.4944292534883,88.09041595458984,27650000,2020-12-28 00:00:00-05:00
88.749390051316,88.81096184437173,87.15438813378992,87.28598022460938,19726000,2020-12-29 00:00:00-05:00
87.6455031107277,87.78255832007542,85.80817679890423,86.21784973144531,21026000,2020-12-30 00:00:00-05:00
86.26850867543338,87.27307766159485,86.20990711305191,87.03174591064453,21070000,2020-12-31 00:00:00-05:00
87.39721327969764,87.52085695769506,84.77231967368576,85.71531677246094,37324000,2021-01-04 00:00:00-05:00
85.66367014998892,86.74322235263449,85.25697504611246,86.40654754638672,20360000,2021-01-05 00:00:00-05:00
84.43067500335674,86.60120576827877,84.22409958830787,85.55392456054688,46588000,2021-01-06 00:00:00-05:00
85.7465892651924,88.28210281965931,85.7465892651924,88.10929870605469,41936000,2021-01-07 00:00:00-05:00
88.24934305652008,89.35174039577915,87.45779767164348,89.27576446533203,35484000,2021-01-08 00:00:00-05:00
88.24238905095635,88.6078721545809,87.00691446828208,87.2129898071289,34796000,2021-01-11 00:00:00-05:00
86.67022716182484,87.78950631707407,85.23115504466647,86.27644348144531,29528000,2021-01-12 00:00:00-05:00
85.77439648773604,87.21794654341232,85.77439648773604,86.76407623291016,23432000,2021-01-13 00:00:00-05:00
86.8445221294171,87.77213007031222,85.71233156118241,85.95317077636719,29212000,2021-01-14 00:00:00-05:00
85.85882685355558,86.7824568694247,84.99926151347154,85.789306640625,31444000,2021-01-15 00:00:00-05:00
86.5530367998629,89.5741993642567,86.04802079890773,88.61233520507812,41660000,2021-01-19 00:00:00-05:00
90.69297541443379,94.33535679156603,90.3523301990079,93.35958862304688,64152000,2021-01-20 00:00:00-05:00
94.03393956655104,95.94227110893598,93.32681109981424,93.56218719482422,58634000,2021-01-21 00:00:00-05:00
93.9251814346911,94.56725260357804,93.18230407695297,93.97980499267578,32744000,2021-01-22 00:00:00-05:00
94.98189003066598,95.43278250636287,92.3212402633923,94.0652084350586,50586000,2021-01-25 00:00:00-05:00
93.65356299193041,95.13136939895124,93.16394372149756,94.7440414428711,31462000,2021-01-26 00:00:00-05:00
93.10335885414129,93.37945448291312,89.24844618847803,90.32402801513672,82512000,2021-01-27 00:00:00-05:00
90.92290176921253,93.75287816841522,90.92290176921253,92.02529907226562,55278000,2021-01-28 00:00:00-05:00
91.0728532576244,91.74422520694112,89.46097713995385,90.74213409423828,44530000,2021-01-29 00:00:00-05:00
91.59773520987004,95.12093572823946,91.59773520987004,94.00513458251953,40252000,2021-02-01 00:00:00-05:00
95.00126570965045,96.80085020179051,94.66557593964733,95.29871368408203,66332000,2021-02-02 00:00:00-05:00
102.57305820901132,104.6095117961337,99.98788364514651,102.23886108398438,97882000,2021-02-03 00:00:00-05:00
102.32524270155008,102.75626795110452,101.05798224734457,101.97814178466797,48596000,2021-02-04 00:00:00-05:00
102.27261325937808,104.0791536293732,101.79789063853698,103.72608947753906,29866000,2021-02-05 00:00:00-05:00
104.28076232458417,105.02562491261692,102.46081806842983,103.5120620727539,28828000,2021-02-08 00:00:00-05:00
103.02939215435124,104.2067727221709,102.79103824523523,103.0586929321289,21892000,2021-02-09 00:00:00-05:00
103.44354198838178,104.22515373346634,101.90912676405608,103.6093978881836,25102000,2021-02-10 00:00:00-05:00
103.83384698116288,103.98281343588366,102.73442756709264,103.72211456298828,20480000,2021-02-11 00:00:00-05:00
103.2761920503462,104.2559306269806,102.96831036572891,104.03396606445312,18990000,2021-02-12 00:00:00-05:00
103.8710913957422,106.52230792742778,103.8710913957422,104.81210327148438,31004000,2021-02-16 00:00:00-05:00
103.98182767192168,105.3950844927026,103.7022617169391,105.20539093017578,20294000,2021-02-17 00:00:00-05:00
104.5290554725159,105.37273908849392,103.94954865023567,104.56927490234375,22546000,2021-02-18 00:00:00-05:00
104.66759455127233,105.20339641668612,103.45793544183206,103.72509002685547,37938000,2021-02-19 00:00:00-05:00
101.97665882533313,103.30400607637003,101.69857799261982,102.00942993164062,29466000,2021-02-22 00:00:00-05:00
100.0097261156716,102.91518589418928,98.82986020333311,102.30042266845703,34658000,2021-02-23 00:00:00-05:00
100.80673050303888,103.7007716404692,100.68209421429081,103.47681427001953,22608000,2021-02-24 00:00:00-05:00
102.09235563455893,103.43658466161583,99.63728846063752,100.10704803466797,41548000,2021-02-25 00:00:00-05:00
100.80226194915903,102.12166086364947,99.36517497616103,100.40301513671875,40042000,2021-02-26 00:00:00-05:00
101.69857291071618,103.10040332291774,101.02422313651661,102.77415466308594,26060000,2021-03-01 00:00:00-05:00
102.5348117169729,104.01957402243141,102.12911676278051,102.51693725585938,25564000,2021-03-02 00:00:00-05:00
101.89471498400185,103.0884772115046,99.0170560718897,99.88159942626953,33892000,2021-03-03 00:00:00-05:00
100.05341822065624,103.01896452029507,99.58465124583257,100.99989318847656,49216000,2021-03-04 00:00:00-05:00
102.35156636872838,104.58863175555176,100.69449268365985,104.13526153564453,53100000,2021-03-05 00:00:00-05:00
103.48923620939775,104.96306472364233,99.57274397800457,99.68745422363281,36868000,2021-03-08 00:00:00-05:00
101.78548025372508,102.48912326397398,101.08282227095005,101.3191909790039,33920000,2021-03-09 00:00:00-05:00
102.36398540325158,102.36398540325158,100.2748937042112,101.11212158203125,27100000,2021-03-10 00:00:00-05:00
102.20607603435747,104.84040311495322,102.11818127805286,104.30757904052734,27702000,2021-03-11 00:00:00-05:00
103.10934768667865,103.1689342706061,100.92491291554464,101.79788970947266,33818000,2021-03-12 00:00:00-05:00
101.54860438306733,102.04567194316412,100.69499478793517,102.01836395263672,26168000,2021-03-15 00:00:00-04:00
102.5919079750365,104.9600729874848,102.25920360174919,103.48078155517578,31900000,2021-03-16 00:00:00-04:00
102.71507450146024,104.2311152601194,101.50591528960689,103.39786529541016,26382000,2021-03-17 00:00:00-04:00
101.7075051591949,102.72896343122781,100.26744054557446,100.37470245361328,31700000,2021-03-18 00:00:00-04:00
100.79134100852927,101.15433122246223,99.46051580491086,100.6537857055664,46072000,2021-03-19 00:00:00-04:00
100.68705266414705,101.71545922515175,100.01021756030983,100.83900451660156,33536000,2021-03-22 00:00:00-04:00
101.29882774538657,102.49855328173614,100.70542448407849,101.36735534667969,28510000,2021-03-23 00:00:00-04:00
101.88528247451289,102.67185719163797,100.75507714736035,100.93037414550781,25218000,2021-03-24 00:00:00-04:00
100.75756896645461,101.58138535114085,99.12085484807301,100.9269027709961,35616000,2021-03-25 00:00:00-04:00
100.89363153792782,101.27102588193519,99.50619757196918,100.54305267333984,27978000,2021-03-26 00:00:00-04:00
100.4154264492917,101.75866292820697,99.5856468975078,101.58882904052734,26492000,2021-03-29 00:00:00-04:00
101.94587523975986,102.42705359401143,101.1101400271924,101.62260437011719,27312000,2021-03-30 00:00:00-04:00
102.01638423893236,103.59847472541622,101.64891595703786,102.41960144042969,42570000,2021-03-31 00:00:00-04:00
103.89591807192116,106.05601499739915,103.85519855403845,105.75955963134766,39880000,2021-04-01 00:00:00-04:00
106.62211337456482,110.68608655978105,106.52577769061983,110.18801879882812,48510000,2021-04-05 00:00:00-04:00
109.78876861526743,110.63692268035109,109.33539838290059,109.70633697509766,35240000,2021-04-06 00:00:00-04:00
109.89702631246872,111.45627171191782,109.89702631246872,111.18464660644531,24134000,2021-04-07 00:00:00-04:00
112.42459741103764,112.81143286154771,111.38228678145336,111.75074768066406,28664000,2021-04-08 00:00:00-04:00
111.50295716552093,112.91968428318657,111.09675457023529,112.75581359863281,26146000,2021-04-09 00:00:00-04:00
111.93397929114465,112.07152700708663,110.62798445173745,111.46223449707031,25024000,2021-04-12 00:00:00-04:00
111.77856003931196,112.39828632124949,111.38427625045402,111.94937896728516,25682000,2021-04-13 00:00:00-04:00
112.5949278823604,112.5949278823604,111.03518983189373,111.32766723632812,21002000,2021-04-14 00:00:00-04:00
112.32279939947108,114.01363687359006,111.78749002966799,113.47981262207031,29174000,2021-04-15 00:00:00-04:00
113.6779530050074,113.92624054804651,112.76822708360963,113.35567474365234,26282000,2021-04-16 00:00:00-04:00
112.73147563383928,114.41535723805603,112.73147563383928,113.70376586914062,30290000,2021-04-19 00:00:00-04:00
114.08761909590847,114.16260241434755,112.08295189776874,113.16995239257812,22288000,2021-04-20 00:00:00-04:00
112.82433942501434,113.21911569548593,111.47216193615608,113.1371841430664,23204000,2021-04-21 00:00:00-04:00
112.99068363198703,113.66007037632106,111.24870053743062,111.85452270507812,24146000,2021-04-22 00:00:00-04:00
112.57356470021391,114.51616760985345,112.28803555585249,114.20878601074219,29066000,2021-04-23 00:00:00-04:00
114.43672073608383,115.43037100832214,114.07918606462448,114.70536804199219,32038000,2021-04-26 00:00:00-04:00
115.08773546111213,115.12845498312689,113.52501204105906,113.76436614990234,44386000,2021-04-27 00:00:00-04:00
118.80559509075073,120.73627936127689,116.85505114976003,117.14405822753906,81106000,2021-04-28 00:00:00-04:00
118.64320728077503,119.38459197971964,117.87947003584557,118.81849670410156,41234000,2021-04-29 00:00:00-04:00
117.58996717984161,118.27672829890145,116.52431905123296,116.86894226074219,44856000,2021-04-30 00:00:00-04:00
117.43553178904428,118.2618334205683,115.97510737902364,116.35150909423828,28242000,2021-05-03 00:00:00-04:00
114.88512675108498,115.45320725454022,112.06110599855704,114.55142974853516,44818000,2021-05-04 00:00:00-04:00
115.63396305915562,115.95027810340052,114.6234309796566,114.94570922851562,26636000,2021-05-05 00:00:00-04:00
114.52660004687345,116.06697845458984,113.86665436169554,116.06697845458984,25190000,2021-05-06 00:00:00-04:00
117.38488841676944,117.7503639113892,116.50445572255295,116.79097747802734,28898000,2021-05-07 00:00:00-04:00
115.60962221755646,115.75164801717878,113.44455468092164,113.8025894165039,30914000,2021-05-10 00:00:00-04:00
111.38527374593276,113.2330262278343,110.93090328870252,112.72552490234375,34186000,2021-05-11 00:00:00-04:00
110.5470545058614,111.62909207975932,108.92970751604966,109.2589340209961,46376000,2021-05-12 00:00:00-04:00
110.54356450336654,111.20500283196507,109.58020769650676,110.68856811523438,33204000,2021-05-13 00:00:00-04:00
112.15347769132586,113.45350946011777,111.72940060439642,113.13867950439453,31996000,2021-05-14 00:00:00-04:00
112.4032439386327,113.70476832857226,112.00300454103483,113.66206359863281,21598000,2021-05-17 00:00:00-04:00
114.32896221785582,114.59363909579048,112.33471351228613,112.34861755371094,22204000,2021-05-18 00:00:00-04:00
110.65827539348378,112.97032416659621,110.50980145339452,112.7970199584961,23684000,2021-05-19 00:00:00-04:00
113.76535047048326,114.80815356114391,113.39391177615245,114.55738830566406,32352000,2021-05-20 00:00:00-04:00
115.07679690474603,115.15029510370941,113.68092214088712,113.92076873779297,40632000,2021-05-21 00:00:00-04:00
114.95167322808392,117.46731985082977,114.80617708661025,117.24337005615234,31832000,2021-05-24 00:00:00-04:00
117.78760640059416,118.38349497580484,116.94343028761784,117.33423614501953,22440000,2021-05-25 00:00:00-04:00
117.51548046613217,118.63128926079746,117.51250265235855,118.20026397705078,21572000,2021-05-26 00:00:00-04:00
118.63426373987288,118.63426373987288,117.00599824507955,117.32479858398438,35224000,2021-05-27 00:00:00-04:00
117.90777785188578,117.98970940408962,116.83666658294217,117.03529357910156,21482000,2021-05-28 00:00:00-04:00
117.90877200932526,118.4684115722514,116.90767344728998,118.24346160888672,23354000,2021-06-01 00:00:00-04:00
118.63922746306862,118.86219221155922,116.81232738781806,117.71759033203125,21158000,2021-06-02 00:00:00-04:00
116.48310125637171,117.04373341126214,115.67815198832696,116.57496643066406,18696000,2021-06-03 00:00:00-04:00
117.65204506352062,119.1298514725484,117.31139225486027,118.85871887207031,24458000,2021-06-04 00:00:00-04:00
118.6536353921515,119.40197591277536,118.23452893652797,119.29222869873047,24120000,2021-06-07 00:00:00-04:00
119.7744050682998,120.14732888330803,118.91880264907648,119.10054779052734,24240000,2021-06-08 00:00:00-04:00
119.74560799112477,119.81760592267354,119.02408294020918,119.57230377197266,17942000,2021-06-09 00:00:00-04:00
119.52164750239044,120.96569017106941,119.36572523374554,120.9224853515625,25904000,2021-06-10 00:00:00-04:00
121.16431477759886,121.24972423320611,120.11951891042602,120.67767333984375,21958000,2021-06-11 00:00:00-04:00
120.77997160978902,121.6072658902099,120.07185807853914,121.60677337646484,22098000,2021-06-14 00:00:00-04:00
121.61124274090027,121.93451362598967,120.22679410743353,120.58780670166016,21562000,2021-06-15 00:00:00-04:00
120.73924397657515,121.05109608186271,118.65164504846844,119.94522094726562,26472000,2021-06-16 00:00:00-04:00
119.87073614754974,121.68323204664387,119.67458688147845,120.9095687866211,25842000,2021-06-17 00:00:00-04:00
120.53564705802492,120.77003054629442,119.19291070614344,119.28825378417969,46116000,2021-06-18 00:00:00-04:00
119.67510169323509,121.16432693348352,119.07722028973333,120.97811126708984,27414000,2021-06-21 00:00:00-04:00
120.91602469124716,121.56157377176068,120.23472669279211,121.49254608154297,22390000,2021-06-22 00:00:00-04:00
121.2571722246555,122.25230755219879,120.99995125396923,121.29044342041016,19148000,2021-06-23 00:00:00-04:00
121.8595233051933,122.21258746460555,121.46226929734574,121.66089630126953,21362000,2021-06-24 00:00:00-04:00
121.16431081080576,121.79297802960265,120.73229294694187,121.66932678222656,34594000,2021-06-25 00:00:00-04:00
121.83815814093862,121.94393492752164,120.57388307299288,121.69664001464844,28526000,2021-06-28 00:00:00-04:00
121.83022815163642,122.17832928237152,120.85743775374725,121.43495178222656,23108000,2021-06-29 00:00:00-04:00
121.15885387013645,121.41956032796028,120.5232383872112,121.25320434570312,24474000,2021-06-30 00:00:00-04:00
120.89119713899787,121.74729205960752,120.69902586362701,121.60577392578125,18110000,2021-07-01 00:00:00-04:00
122.3064434757173,124.545001749682,122.21656350765055,124.39950561523438,25982000,2021-07-02 00:00:00-04:00
124.78782026461114,125.56198362512214,123.72912036717764,125.32561492919922,26404000,2021-07-06 00:00:00-04:00
126.2909644778478,126.41212285812817,125.28887328905228,125.60767364501953,24060000,2021-07-07 00:00:00-04:00
123.17644484488378,124.73519022909304,123.1724744263898,124.18746948242188,23790000,2021-07-08 00:00:00-04:00
124.16860255332142,124.87323817975565,123.69834285244087,124.65872192382812,18632000,2021-07-09 00:00:00-04:00
125.31370552891468,126.19910128355673,124.75058804003152,126.10574340820312,17668000,2021-07-12 00:00:00-04:00
126.16830475866163,127.18032198506866,125.80679967583957,126.46923065185547,19240000,2021-07-13 00:00:00-04:00
127.08151618622527,128.44064959860472,127.03831136321742,127.35860443115234,23742000,2021-07-14 00:00:00-04:00
127.76778402482849,127.81842959394078,125.66329544667377,126.13504028320312,24218000,2021-07-15 00:00:00-04:00
126.78853463100182,126.93601597931935,125.28937581428032,126.10028076171875,20424000,2021-07-16 00:00:00-04:00
125.22580675306436,125.34051699003123,122.65900702825122,123.72466278076172,27968000,2021-07-19 00:00:00-04:00
124.66765077615729,126.17277272553449,123.4987186967555,125.34498596191406,26312000,2021-07-20 00:00:00-04:00
125.26951489713657,126.72199863796918,125.16026776461048,126.67532348632812,20746000,2021-07-21 00:00:00-04:00
126.96829591308182,127.6029188301967,126.625657881777,127.54183197021484,14302000,2021-07-22 00:00:00-04:00
129.5370668627534,132.48523890184507,128.91139257324573,132.10386657714844,41506000,2021-07-23 00:00:00-04:00
132.4152397187816,133.3175098118285,131.39526640914235,133.1168975830078,30572000,2021-07-26 00:00:00-04:00
133.33089933666326,133.47838066984616,129.21280286257922,130.99649047851562,54710000,2021-07-27 00:00:00-04:00
135.37826743934247,137.34967091426967,134.35085358121734,135.16175842285156,95130000,2021-07-28 00:00:00-04:00
135.2173886380075,135.7248899473717,134.61455182333674,134.84744262695312,31716000,2021-07-29 00:00:00-04:00
134.11003891674122,134.37769361909994,133.3353829845041,133.80364990234375,25576000,2021-07-30 00:00:00-04:00
134.19148503936958,134.40947921310809,132.87754921456434,133.9307861328125,21634000,2021-08-02 00:00:00-04:00
134.20933862806302,134.80224938250032,132.40628376383424,134.70095825195312,20762000,2021-08-03 00:00:00-04:00
134.42237004478915,134.720318101296,133.56577506518238,134.1999053955078,19676000,2021-08-04 00:00:00-04:00
134.75111884255372,135.4160427554173,133.9223318061905,135.31820678710938,17870000,2021-08-05 00:00:00-04:00
135.11013410578906,135.53768146813212,134.28383249025302,134.80870056152344,20488000,2021-08-06 00:00:00-04:00
135.01131691269555,136.24431365244018,134.41243537983704,135.97515869140625,17760000,2021-08-09 00:00:00-04:00
136.40122739389997,136.82878994271528,135.4304297601133,135.86990356445312,19414000,2021-08-10 00:00:00-04:00
136.24181905832265,136.73937911872332,135.33804886119853,135.3455047607422,15352000,2021-08-11 00:00:00-04:00
135.04408266615167,136.35951864766164,134.49786220697922,136.25424194335938,16506000,2021-08-12 00:00:00-04:00
136.30986557995257,136.9122174832124,136.09435671368865,136.78408813476562,15948000,2021-08-13 00:00:00-04:00
136.58297984358083,137.41475225696215,134.3722294840913,137.3621063232422,22384000,2021-08-16 00:00:00-04:00
136.80643247596538,137.31840428534073,135.14985876148344,135.7253875732422,21716000,2021-08-17 00:00:00-04:00
135.56500550987712,136.16537221527594,134.39458063861548,134.52120971679688,19258000,2021-08-18 00:00:00-04:00
133.51464330667287,135.418504459747,133.33041285553048,134.7506103515625,21782000,2021-08-19 00:00:00-04:00
135.06841620237648,136.6117723361515,134.32355361302515,136.48812866210938,31194000,2021-08-20 00:00:00-04:00
137.02441648321607,139.90951622851577,136.6648966422779,139.0822296142578,28454000,2021-08-23 00:00:00-04:00
139.64834277921207,141.10678974477585,139.3772177307821,140.2938995361328,19268000,2021-08-24 00:00:00-04:00
140.65488897401852,141.21552113852167,140.407601620042,141.10577392578125,15848000,2021-08-25 00:00:00-04:00
140.77903846994076,141.4419619740377,140.3887251136367,140.47166442871094,20610000,2021-08-26 00:00:00-04:00
140.6821693097142,143.5225787659063,140.52773218942025,143.01756286621094,28780000,2021-08-27 00:00:00-04:00
143.41086610714518,144.97061910433263,143.1754900221093,143.60006713867188,24434000,2021-08-30 00:00:00-04:00
144.15274361151455,144.17706620858112,143.29267839412168,143.70631408691406,22448000,2021-08-31 00:00:00-04:00
144.00678617898814,145.2521944096591,143.89108332628106,144.22080993652344,21936000,2021-09-01 00:00:00-04:00
144.22128354396716,144.52270192219225,142.2041899383726,142.3054962158203,32342000,2021-09-02 00:00:00-04:00
142.10041556217422,143.16754877804087,141.425065626574,142.75489807128906,19850000,2021-09-03 00:00:00-04:00
142.8492616821158,143.57475715594347,142.63523794111092,143.29220581054688,20124000,2021-09-07 00:00:00-04:00
143.1129668314198,143.41089980329025,142.0204954203242,142.70675659179688,18344000,2021-09-08 00:00:00-04:00
142.85521776816285,143.32199956321935,142.1967647782529,142.55776977539062,15314000,2021-09-09 00:00:00-04:00
143.22465834616918,143.72720419740523,139.7739707968701,139.91102600097656,36840000,2021-09-10 00:00:00-04:00
140.9771566588483,141.97080687143628,140.2824546953372,141.3575439453125,22094000,2021-09-13 00:00:00-04:00
142.01601473747738,142.38100533328057,140.77904743905776,141.56809997558594,19674000,2021-09-14 00:00:00-04:00
141.79353785175581,143.4610378207638,140.3792960231764,143.440185546875,27408000,2021-09-15 00:00:00-04:00
142.9644645098526,143.31157304134615,141.42607889210248,142.6262969970703,26190000,2021-09-16 00:00:00-04:00
142.05076140011982,142.46738254367386,139.50779941139257,139.83554077148438,53384000,2021-09-17 00:00:00-04:00
137.21512586800515,138.04788331383995,135.38823315495145,137.76930236816406,46518000,2021-09-20 00:00:00-04:00
138.79224184095924,139.05245580376248,137.3308247006124,138.08065795898438,25332000,2021-09-21 00:00:00-04:00
138.3497879973125,139.92193727417347,137.60244009203043,139.32257080078125,25056000,2021-09-22 00:00:00-04:00
140.02176781696548,140.72591094990884,139.4397832505702,140.2487030029297,20952000,2021-09-23 00:00:00-04:00
139.57583007870915,141.35556254003694,139.28036730337084,141.2408447265625,22984000,2021-09-24 00:00:00-04:00
139.84001289276725,140.96624781578487,139.10806172640446,140.10568237304688,21882000,2021-09-27 00:00:00-04:00
137.70522795258165,138.14370154604273,134.4328001428913,134.8995819091797,45772000,2021-09-28 00:00:00-04:00
136.0417012440677,136.21153513021474,132.94804827238903,133.43319702148438,30848000,2021-09-29 00:00:00-04:00
133.34184510409415,134.61406121757818,132.64117228038688,132.76034545898438,37996000,2021-09-30 00:00:00-04:00
133.5265607466969,135.97270238352604,133.15462949952996,135.6077117919922,35360000,2021-10-01 00:00:00-04:00
135.02919100762176,135.02919100762176,130.152335016585,132.74395751953125,51202000,2021-10-04 00:00:00-04:00
133.12285951893702,136.28455567628419,133.12285951893702,135.09127807617188,32404000,2021-10-05 00:00:00-04:00
133.82697596683917,136.8064262666575,133.6283489777049,136.62269592285156,24364000,2021-10-06 00:00:00-04:00
137.94062025981415,139.08275211863085,137.7012737211679,138.27134704589844,25110000,2021-10-07 00:00:00-04:00
138.6209046044281,139.3697375825888,138.26387006026113,138.82798767089844,26526000,2021-10-08 00:00:00-04:00
138.33788008148647,139.7481514962856,137.90783223964974,137.96246337890625,17954000,2021-10-11 00:00:00-04:00
138.52458748141476,138.55141053862306,134.83006747630324,135.5143585205078,36332000,2021-10-12 00:00:00-04:00
136.46131258241758,137.0547234459563,135.58386525595154,136.63958740234375,19654000,2021-10-13 00:00:00-04:00
138.51859810744975,140.36932798686973,137.87404171518787,140.18411254882812,31894000,2021-10-14 00:00:00-04:00
140.64446014785966,140.7472515493763,139.79085052606553,140.39964294433594,30274000,2021-10-15 00:00:00-04:00
140.11013542362718,141.81785456872805,140.1031796152732,141.7999725341797,20396000,2021-10-18 00:00:00-04:00
142.40532593908162,142.67845134559514,141.6232292235095,142.255859375,20164000,2021-10-19 00:00:00-04:00
142.35616555574433,142.56274856320022,140.40809931268066,140.79791259765625,23288000,2021-10-20 00:00:00-04:00
140.79789009445648,141.18224778083288,139.5375854385603,140.91409301757812,26292000,2021-10-21 00:00:00-04:00
138.19684070584688,139.6200235721843,135.12403988549715,136.6241912841797,50588000,2021-10-22 00:00:00-04:00
136.60779973139745,137.0547142470015,134.49635558033071,136.50550842285156,34412000,2021-10-25 00:00:00-04:00
138.3095581124509,139.12343319491293,137.3571275635801,138.354248046875,49236000,2021-10-26 00:00:00-04:00
138.45009190052772,147.63175995262506,138.45009190052772,145.21592712402344,85782000,2021-10-27 00:00:00-04:00
146.1266620424721,146.1499996170041,143.6363306801379,144.84996032714844,36206000,2021-10-28 00:00:00-04:00
144.08423430341784,147.22656270049296,143.65867214921607,147.0319061279297,43320000,2021-10-29 00:00:00-04:00
147.03188854117806,147.03188854117806,142.24439822752257,142.5140380859375,46924000,2021-11-01 00:00:00-04:00
143.58914068719244,145.60473405193912,143.3468087936872,144.43629455566406,33482000,2021-11-02 00:00:00-04:00
144.90109439674632,145.66433910278474,143.60057027429005,145.5938262939453,27494000,2021-11-03 00:00:00-04:00
146.1167161309597,148.70785360831633,145.30581121346245,147.25189208984375,38412000,2021-11-04 00:00:00-04:00
148.14769705089574,149.29776958351854,147.18187010538642,147.83238220214844,38354000,2021-11-05 00:00:00-04:00
148.79871470403364,149.58331179052777,147.41376612492647,148.01016235351562,23052000,2021-11-08 00:00:00-05:00
148.21078213972393,148.80816342631448,146.23639304016191,147.8984375,19530000,2021-11-09 00:00:00-05:00
146.48965185190764,147.0557547297235,143.54745049930153,144.89414978027344,29970000,2021-11-10 00:00:00-05:00
145.4860600290093,146.52490022179515,144.60314209474012,144.76800537109375,16518000,2021-11-11 00:00:00-05:00
145.6111891207511,147.83039521534081,144.41494154872743,147.65956115722656,22360000,2021-11-12 00:00:00-05:00
147.8805490402253,148.52510553842666,146.56412805215115,147.43511962890625,23508000,2021-11-15 00:00:00-05:00
147.13469271784953,147.7434851066345,146.30342052771164,146.86306762695312,18904000,2021-11-16 00:00:00-05:00
147.0135307938096,147.54188437232324,146.23143414004474,147.03289794921875,19594000,2021-11-17 00:00:00-05:00
147.2260728349166,149.54905558493877,146.87152355597607,148.8121337890625,35608000,2021-11-18 00:00:00-05:00
148.94816719539986,149.93239136520538,147.87904882264036,147.90635681152344,33682000,2021-11-19 00:00:00-05:00
148.30959419909644,148.80318386713506,145.14641349880958,145.2998504638672,30594000,2021-11-22 00:00:00-05:00
145.1518776457965,145.65540854361367,143.1278431625673,144.78341674804688,27218000,2021-11-23 00:00:00-05:00
144.47702364133363,145.24770912643848,143.38406747968642,145.1190948486328,18040000,2021-11-24 00:00:00-05:00
143.359739569914,143.56730760150222,140.87090840018158,141.20907592773438,30470000,2021-11-26 00:00:00-05:00
143.01361186652207,145.29537478702147,142.90783507857046,144.53363037109375,32596000,2021-11-29 00:00:00-05:00
144.01521986367607,144.9999291351749,140.63155943723774,140.925537109375,42068000,2021-11-30 00:00:00-05:00
143.01361658018308,144.95075636470054,139.9467715705473,140.08531188964844,34020000,2021-12-01 00:00:00-05:00
140.2824454448621,142.8790382066656,139.25403140880442,141.9866943359375,29194000,2021-12-02 00:00:00-05:00
142.69682410009432,143.41089332697956,139.3399713287488,141.02882385253906,41230000,2021-12-03 00:00:00-05:00
142.06069032750446,142.86712473038352,139.189986920454,142.17440795898438,30618000,2021-12-06 00:00:00-05:00
144.59918260368823,146.52044078510028,144.23270692455046,146.26072692871094,32240000,2021-12-07 00:00:00-05:00
146.58549276228777,147.37654563981545,145.40315664150788,147.17144775390625,24270000,2021-12-08 00:00:00-05:00
146.58002202898808,148.0786882197915,146.10728463519155,146.627197265625,23270000,2021-12-09 00:00:00-05:00
147.68143367478206,147.95702922192558,145.6991036669825,146.9877166748047,24458000,2021-12-10 00:00:00-05:00
146.76921671564287,146.95643255514503,144.52073235798926,144.82762145996094,27070000,2021-12-13 00:00:00-05:00
142.9818514180104,143.49033777775247,140.24770295550135,142.9212646484375,38446000,2021-12-14 00:00:00-05:00
142.4266826928962,145.71599284864382,140.70753679900537,145.4379119873047,36370000,2021-12-15 00:00:00-05:00
146.1623912937728,146.66542203712694,142.6232940550718,143.45556640625,33650000,2021-12-16 00:00:00-05:00
141.5238967322668,142.84925876287545,140.33211958011196,140.75421142578125,50416000,2021-12-17 00:00:00-05:00
139.0410217021847,140.80337222903077,138.36667189829006,140.6370086669922,27192000,2021-12-20 00:00:00-05:00
141.08044454407118,142.8835144844595,139.54007383647323,142.48973083496094,28756000,2021-12-21 00:00:00-05:00
142.0875201032057,145.49650329171536,142.0875201032057,145.41207885742188,26322000,2021-12-22 00:00:00-05:00
145.4964900938066,147.22804705597008,145.4488147669003,145.91014099121094,26384000,2021-12-23 00:00:00-05:00
146.24731469886467,147.3278595123335,146.16140515021237,146.8933563232422,15976000,2021-12-27 00:00:00-05:00
147.22057528442,147.28314724995516,145.05403044918083,145.68218994140625,18200000,2021-12-28 00:00:00-05:00
145.64001026436924,146.40722543558255,144.64984548921163,145.6504364013672,17788000,2021-12-29 00:00:00-05:00
145.68918557663048,146.29103742709447,144.99448351118997,145.19906616210938,15688000,2021-12-30 00:00:00-05:00
145.0495788982198,145.69363529996593,143.8597869873047,143.8597869873047,18136000,2021-12-31 00:00:00-05:00
144.0613784409724,144.8519311224432,142.72857575378174,143.99832153320312,28646000,2022-01-03 00:00:00-05:00
144.40004976188612,145.4815947191956,142.73206493911738,143.41038513183594,28400000,2022-01-04 00:00:00-05:00
143.43073990652238,143.50969364455202,136.74485856797526,136.8312530517578,54618000,2022-01-05 00:00:00-05:00
136.06006225648005,138.9814107428953,135.62307384022955,136.80392456054688,37348000,2022-01-06 00:00:00-05:00
137.1992096234285,137.50014307479,134.836507719824,136.0784454345703,29760000,2022-01-07 00:00:00-05:00
134.15272948085013,137.8686013556093,132.25233886282987,137.71961975097656,44408000,2022-01-10 00:00:00-05:00
137.0616634231231,139.25553153130753,135.75616876669966,138.77880859375,28730000,2022-01-11 00:00:00-05:00
140.1831195548113,141.6311400459877,139.73074953971891,140.46170043945312,26108000,2022-01-12 00:00:00-05:00
140.57045524554243,141.87149457613452,137.46090562744897,137.6376953125,31436000,2022-01-13 00:00:00-05:00
136.14001576725417,139.77793411889562,136.06007700509608,138.5250701904297,29662000,2022-01-14 00:00:00-05:00
135.24225684322357,136.1922023990382,134.51080558466882,135.06646728515625,34872000,2022-01-18 00:00:00-05:00
135.58833902307862,137.01450730821685,134.09067289531706,134.19097900390625,28648000,2022-01-19 00:00:00-05:00
135.31669707569674,136.6832786039826,132.05369536697646,132.39434814453125,29908000,2022-01-20 00:00:00-05:00
131.68528077084795,133.9417062613784,129.19544919822619,129.45863342285156,55652000,2022-01-21 00:00:00-05:00
125.11508783429097,130.30430431689703,123.64721481373124,129.9080352783203,76622000,2022-01-24 00:00:00-05:00
127.85816527451126,128.51264787747468,125.63400340844352,126.06552124023438,46960000,2022-01-25 00:00:00-05:00
130.2208611272421,132.0889733339284,126.27109790890478,128.3477783203125,49130000,2022-01-26 00:00:00-05:00
130.40458604804593,131.74384451812946,128.04932480717565,128.121337890625,31950000,2022-01-27 00:00:00-05:00
128.7708642548901,132.4430469854513,127.6049098676887,132.4375762939453,34362000,2022-01-28 00:00:00-05:00
133.24301799963737,134.54504250233154,131.3038928647385,134.37669372558594,39986000,2022-01-31 00:00:00-05:00
136.65198091536402,136.84912277440554,133.44808094636574,136.70114135742188,68644000,2022-02-01 00:00:00-05:00
150.213959281509,150.50842187379808,144.52569849957,146.98622131347656,123200000,2022-02-02 00:00:00-05:00
144.70744115071966,148.64974827603828,141.68825627852442,142.10984802246094,71518000,2022-02-03 00:00:00-05:00
142.46194440926502,143.88264207979043,139.55250639532534,142.3114776611328,57998000,2022-02-04 00:00:00-05:00
143.26190864808652,143.26190864808652,137.94854930203064,138.24749755859375,54974000,2022-02-07 00:00:00-05:00
138.0742067910711,139.04103406729655,136.07549495720775,138.44415283203125,54284000,2022-02-08 00:00:00-05:00
139.99792689638787,141.5482389401136,139.22674129304525,140.6221160888672,40144000,2022-02-09 00:00:00-05:00
138.74654529321856,140.51533620817344,137.0120030221674,137.6704559326172,39330000,2022-02-10 00:00:00-05:00
137.6506167768868,138.20329295411477,132.486223876279,133.36268615722656,39958000,2022-02-11 00:00:00-05:00
132.34371646053006,135.36637180477342,132.34371646053006,134.59767150878906,34302000,2022-02-14 00:00:00-05:00
136.62816089438695,137.16248526255038,134.89114828122072,135.67276000976562,26680000,2022-02-15 00:00:00-05:00
135.7104796838737,137.1401181080741,133.99977506378778,136.7945098876953,25022000,2022-02-16 00:00:00-05:00
135.30975711120635,136.17429301504373,131.571047355808,131.63113403320312,38950000,2022-02-17 00:00:00-05:00
132.55275761865371,133.15163912187222,129.30466766211782,129.50975036621094,45620000,2022-02-18 00:00:00-05:00
128.9486237480946,131.27507671013754,127.34518092700627,128.92430114746094,44990000,2022-02-22 00:00:00-05:00
130.7467300619608,131.1464693725239,126.65395598655614,126.71404266357422,32786000,2022-02-23 00:00:00-05:00
124.09757963651286,132.0889630529401,124.09757963651286,131.78207397460938,54456000,2022-02-24 00:00:00-05:00
132.63719764584428,134.34491711381497,130.84902416146156,133.53848266601562,36406000,2022-02-25 00:00:00-05:00
132.1386256771338,134.82161307191876,131.6842552568574,134.1318817138672,38864000,2022-02-28 00:00:00-05:00
133.95459346241825,135.3221600936974,132.30597577184693,133.1431884765625,26496000,2022-03-01 00:00:00-05:00
133.7058202345684,134.3359650140929,132.1599788001748,133.6497039794922,23520000,2022-03-02 00:00:00-05:00
135.07833193884565,135.50489424688817,132.1142785441231,132.9822998046875,24604000,2022-03-03 00:00:00-05:00
132.01696245071622,132.93462912207434,129.44469223141712,131.00294494628906,30430000,2022-03-04 00:00:00-05:00
130.58733818371817,130.83264033914966,125.42990090344138,125.51283264160156,45112000,2022-03-07 00:00:00-05:00
125.38520198061914,130.350952554109,124.81364360467389,126.23384857177734,40428000,2022-03-08 00:00:00-05:00
130.35096930824116,132.81944835755982,129.01071051027446,132.506103515625,37026000,2022-03-09 00:00:00-05:00
130.3668413584077,132.3590970925639,130.01576245076538,131.52236938476562,27102000,2022-03-10 00:00:00-05:00
132.57414059126714,132.87904452676185,128.74356516468313,128.98092651367188,31526000,2022-03-11 00:00:00-05:00
129.35780521773768,129.51571269481013,124.41688480642178,125.08824920654297,38812000,2022-03-14 00:00:00-04:00
126.1062389125735,128.96503124625056,124.85933803680028,128.31301879882812,30920000,2022-03-15 00:00:00-04:00
129.83750304335058,132.41968439619922,127.85268781908668,132.3675537109375,35576000,2022-03-16 00:00:00-04:00
132.23693475136628,133.16205727305697,131.2795336415189,132.92221069335938,28264000,2022-03-17 00:00:00-04:00
132.51055184296035,135.3107422407677,131.35253849053151,135.19305419921875,44566000,2022-03-18 00:00:00-04:00
135.230807026935,136.1112397829853,133.17399378353716,135.1692352294922,26832000,2022-03-21 00:00:00-04:00
135.1692175332458,140.08382229708803,135.1692175332458,138.909912109375,35496000,2022-03-22 00:00:00-04:00
137.7524310062296,138.63236376165838,136.89088038172886,137.32835388183594,25154000,2022-03-23 00:00:00-04:00
138.24650294781864,140.6489395534487,136.80693829894508,140.60226440429688,26396000,2022-03-24 00:00:00-04:00
140.94389214459488,141.06208028165258,138.78031728528904,140.7025604248047,24126000,2022-03-25 00:00:00-04:00
139.9353507908975,141.02980723169944,138.85380578704,140.48655700683594,35050000,2022-03-28 00:00:00-04:00
141.67039869442453,142.80854493506988,141.06556149858096,141.52935791015625,34318000,2022-03-29 00:00:00-04:00
141.4841596757739,141.74287331835652,140.6300500454084,140.9662322998047,19884000,2022-03-30 00:00:00-04:00
141.07993710759197,141.13456824026574,138.07219395712613,138.11489868164062,37524000,2022-03-31 00:00:00-04:00
138.54444908128045,139.5087909885533,137.36011265105827,139.19049072265625,25942000,2022-04-01 00:00:00-04:00
139.39709432295234,142.72762428286737,139.34941898565788,141.9921875,25942000,2022-04-04 00:00:00-04:00
141.89038687951535,142.01104517908408,139.4209227742379,139.62799072265625,21418000,2022-04-05 00:00:00-04:00
137.79958340829674,138.40590569725433,134.5887272738365,135.6126708984375,32468000,2022-04-06 00:00:00-04:00
135.07834566419274,136.22494793186857,133.30805431972186,134.9576873779297,26234000,2022-04-07 00:00:00-04:00
134.6547746087494,134.74068416097512,132.054711175335,132.37451171875,25142000,2022-04-08 00:00:00-04:00
130.92052859554875,131.18768319388306,127.78714112721842,127.94107818603516,36884000,2022-04-11 00:00:00-04:00
130.6985743297183,130.6985743297183,125.92052403940545,126.83968353271484,32710000,2022-04-12 00:00:00-04:00
127.12321836007308,129.4412304311551,126.86598980577136,129.00424194335938,27928000,2022-04-13 00:00:00-04:00
129.58574380720424,129.58574380720424,125.73380145210479,125.86192321777344,31598000,2022-04-14 00:00:00-04:00
126.13007637850053,127.33426494363471,125.31767872057605,126.80194091796875,20808000,2022-04-18 00:00:00-04:00
126.81683876085387,129.44023984617706,126.1295774770653,129.11846923828125,26490000,2022-04-19 00:00:00-04:00
129.99541023177304,130.49894112574688,126.62664655558798,127.1629409790039,31696000,2022-04-20 00:00:00-04:00
128.36466000936693,129.20734344647272,123.673512070281,123.95954132080078,36446000,2022-04-21 00:00:00-04:00
124.14377326402423,124.54302006316087,118.1103889142465,118.8160171508789,56884000,2022-04-22 00:00:00-04:00
118.28517197562043,122.43306193166998,117.69921703394614,122.23095703125,46128000,2022-04-25 00:00:00-04:00
121.4568014084917,121.6708251413164,117.69921720652222,117.83726501464844,73054000,2022-04-26 00:00:00-04:00
113.68540104249192,116.43890897861922,111.9642776783268,113.51160430908203,91820000,2022-04-27 00:00:00-04:00
115.61757779171258,118.82991910256544,113.33332937298223,117.71063995361328,48884000,2022-04-28 00:00:00-04:00
115.93488477812409,117.11226538731582,113.03488812105105,113.32786560058594,42676000,2022-04-29 00:00:00-04:00
112.62819126516962,115.94580921166728,111.82870509334481,115.784423828125,35534000,2022-05-02 00:00:00-04:00
115.63296649848806,117.63069314671395,115.2396829127405,116.53028106689453,24968000,2022-05-03 00:00:00-04:00
116.22985941768594,122.01297109395705,114.32747578407296,121.42353820800781,49916000,2022-05-04 00:00:00-04:00
119.38061025102026,120.2098896284902,114.2177181713299,115.70744323730469,45840000,2022-05-05 00:00:00-04:00
114.39550456228451,116.76615498990255,113.23451331524208,114.95365142822266,39710000,2022-05-06 00:00:00-04:00
112.47423932541861,114.28872786003987,111.23330189606841,111.74030303955078,40802000,2022-05-09 00:00:00-04:00
114.71628695611551,115.45370122184362,112.12714235556041,113.61140441894531,39900000,2022-05-10 00:00:00-04:00
112.4608505325777,115.56742256499777,112.4608505325777,112.8243408203125,37534000,2022-05-11 00:00:00-04:00
110.61458326418952,113.51209458382574,109.0722196869369,112.07103729248047,53836000,2022-05-12 00:00:00-04:00
113.74846229986935,117.06757292154458,112.82682515156004,115.25556945800781,35038000,2022-05-13 00:00:00-04:00
114.1680730032844,115.37425431835217,113.10938061192142,113.66107177734375,25990000,2022-05-16 00:00:00-04:00
116.0401615158737,116.09925558724196,114.08316196839625,115.67517852783203,23054000,2022-05-17 00:00:00-04:00
114.2122672760028,114.60952885152011,110.79135782529033,111.13300323486328,35126000,2022-05-18 00:00:00-04:00
110.66821695459474,112.2359033534811,109.24651920632846,109.62789154052734,34144000,2022-05-19 00:00:00-04:00
111.18415014796633,111.41506331912538,105.07181220746052,108.16199493408203,48962000,2022-05-20 00:00:00-04:00
108.836847701739,111.37930975737493,107.99614188533646,110.72432708740234,37184000,2022-05-23 00:00:00-04:00
105.04747595596399,105.72927404793693,101.18660038025172,105.2441177368164,76780000,2022-05-24 00:00:00-04:00
104.26637085220138,105.77050034276571,103.14510641575914,105.08026123046875,40258000,2022-05-25 00:00:00-04:00
104.95312769995195,107.90526250642102,104.5042203882763,107.05413818359375,37948000,2022-05-26 00:00:00-04:00
108.7330625115349,111.54864235370516,108.39091700191756,111.54714965820312,37914000,2022-05-27 00:00:00-04:00
111.9742030382361,114.94223478737628,111.31077945637375,112.98274993896484,50012000,2022-05-31 00:00:00-04:00
114.06826317353504,116.29937309388902,112.47425385777059,113.11185455322266,36606000,2022-06-01 00:00:00-04:00
113.21911153234842,117.09189835146218,112.17283056792651,116.8167953491211,37992000,2022-06-02 00:00:00-04:00
115.26749397177188,115.52472253823346,112.7409211603864,113.75641632080078,26136000,2022-06-03 00:00:00-04:00
115.90509148996708,118.5294926139671,115.36829697900254,116.02030181884766,33542000,2022-06-06 00:00:00-04:00
114.6894795083408,116.88484060449989,114.26391732011818,116.3470458984375,31590000,2022-06-07 00:00:00-04:00
115.9616951970942,117.75830946134262,115.80130242266203,116.3912353515625,26108000,2022-06-08 00:00:00-04:00
115.53066587385061,117.48866544844982,113.98979509345463,114.04888916015625,25798000,2022-06-09 00:00:00-04:00
111.67477148150725,112.50305836640055,109.6100098970209,110.40006256103516,41452000,2022-06-10 00:00:00-04:00
106.05503282631635,108.04629624886985,105.3921093112375,105.66373443603516,47252000,2022-06-13 00:00:00-04:00
105.80524487282368,107.18522275393376,105.07527897535611,105.98450469970703,33706000,2022-06-14 00:00:00-04:00
107.8014823825955,110.66026699950997,106.93198347818276,109.01263427734375,39698000,2022-06-15 00:00:00-04:00
106.48654806155035,107.90426771466136,104.41781621124528,105.30718231201172,51684000,2022-06-16 00:00:00-04:00
105.30717922574236,107.95491769144247,104.32644049506787,106.40957641601562,51376000,2022-06-17 00:00:00-04:00
108.18333731746245,111.71895671846308,107.85609606673559,110.7799301147461,47416000,2022-06-21 00:00:00-04:00
109.7992086229141,112.57009089350043,109.62639691916156,110.72383117675781,30774000,2022-06-22 00:00:00-04:00
111.46274128152976,111.97024263656054,109.74360298333993,111.4731674194336,28362000,2022-06-23 00:00:00-04:00
112.22099465157132,117.27016923313741,112.1787824397462,117.16687774658203,41164000,2022-06-24 00:00:00-04:00
117.46285844800849,117.76725468629267,114.39054242656216,115.04006958007812,36420000,2022-06-27 00:00:00-04:00
115.00926788550748,116.50594891671535,111.08185732274715,111.24026489257812,35792000,2022-06-28 00:00:00-04:00
110.78788927074342,112.3853689488812,110.11303936843558,110.93636322021484,24716000,2022-06-29 00:00:00-04:00
109.24651298788866,110.12843077767293,106.0187751041556,108.21661376953125,43170000,2022-06-30 00:00:00-04:00
107.19368205962803,108.5016622414601,105.99941951847292,107.99267578125,35476000,2022-07-01 00:00:00-04:00
106.36688099642751,112.60038490089782,105.00725515042267,112.48716735839844,39342000,2022-07-05 00:00:00-04:00
112.5259035341935,114.7977330534994,110.71240730639667,113.78720092773438,37432000,2022-07-06 00:00:00-04:00
114.29171495203762,118.37306236499573,114.04690533231896,117.96934509277344,40936000,2022-07-07 00:00:00-04:00
116.44685795142414,118.8651762014679,116.10074202416587,118.53594970703125,38238000,2022-07-08 00:00:00-04:00
117.1897331383704,117.1897331383704,114.54050176466727,114.8841323852539,31196000,2022-07-11 00:00:00-04:00
115.41894329267954,116.172746938359,112.91124517680676,113.2394790649414,29960000,2022-07-12 00:00:00-04:00
110.93585975066051,113.41377206743013,110.43978477358259,110.59074401855469,43722000,2022-07-13 00:00:00-04:00
109.45557370657367,110.33202838278505,107.63065884898506,109.61149597167969,37004000,2022-07-14 00:00:00-04:00
111.23331281907532,112.36550334245979,110.14034911864573,111.01183319091797,46770000,2022-07-15 00:00:00-04:00
111.86842992036455,112.9013069637435,107.62768220362615,108.28315734863281,43164600,2022-07-18 00:00:00-04:00
110.09068737178768,113.23897137891802,108.80952283001463,113.03041076660156,36530900,2022-07-19 00:00:00-04:00
112.39480901437034,114.60953734749081,111.70954051236691,113.11981201171875,35600400,2022-07-20 00:00:00-04:00
113.49720662400904,113.76536142824601,110.3489222258498,113.55679321289062,32676200,2022-07-21 00:00:00-04:00
110.23966791558226,111.57048549483595,105.77049218927488,107.16090393066406,48901200,2022-07-22 00:00:00-04:00
107.66741148020654,109.11740979105046,105.571864055946,106.77357482910156,34690900,2022-07-25 00:00:00-04:00
105.86980776641253,106.4656963595138,103.35713902112693,104.30062866210938,47991000,2022-07-26 00:00:00-04:00
108.51158697347695,113.12973666354446,107.27014929212193,112.28555297851562,59858500,2022-07-27 00:00:00-04:00
111.60029563452916,113.55679525021378,110.69652527555763,113.4376220703125,32816600,2022-07-28 00:00:00-04:00
112.30541954786877,115.91055182503115,112.2855523018916,115.52322387695312,37223400,2022-07-29 00:00:00-04:00
114.51020776113126,115.9204790624543,113.55677701223817,114.0732192993164,26034300,2022-08-01 00:00:00-04:00
113.21912028499861,115.55302168772738,112.94103944751733,114.34137725830078,20236000,2022-08-02 00:00:00-04:00
114.91741046203056,117.80748122454524,114.6889901557887,117.27117919921875,28499000,2022-08-03 00:00:00-04:00
116.67528118358466,117.96637181269178,116.08931866387587,117.38041687011719,21602900,2022-08-04 00:00:00-04:00
115.43384777651602,117.30096737131531,115.20541990311378,116.66535186767578,19159500,2022-08-05 00:00:00-04:00
117.57904337218183,119.32698972388245,116.07938455316629,116.49651336669922,19138300,2022-08-08 00:00:00-04:00
116.33760916719966,116.51637649913262,114.9174041349362,115.83110046386719,19086500,2022-08-09 00:00:00-04:00
117.96636962927194,120.09171027247865,117.59890893552108,118.88006591796875,30930400,2022-08-10 00:00:00-04:00
120.44925167448947,120.65781230139952,117.7478819937098,118.02596282958984,24293700,2022-08-11 00:00:00-04:00
119.43624797168806,120.84651947021484,118.6417247622205,120.84651947021484,19096300,2022-08-12 00:00:00-04:00
120.3002847775357,121.46227630666272,119.78384999125086,121.24378204345703,19494800,2022-08-15 00:00:00-04:00
120.6876114414336,121.59138177896516,119.81364197530544,120.86637878417969,19041200,2022-08-16 00:00:00-04:00
119.29719726513474,120.45918110770077,118.56226070771955,118.7311019897461,22847000,2022-08-17 00:00:00-04:00
118.61193373529971,119.99241196585987,117.90679797255666,119.34686279296875,17987700,2022-08-18 00:00:00-04:00
118.24445362994561,118.33384108294739,115.96021284676502,116.4071273803711,21809500,2022-08-19 00:00:00-04:00
114.41089701265592,114.83795189055648,113.07014579319794,113.45747375488281,21456600,2022-08-22 00:00:00-04:00
112.70267618703092,114.22219462101687,112.65301565139542,113.08007049560547,15870400,2022-08-23 00:00:00-04:00
112.722531059802,113.99376191580023,112.09684925393418,112.9112319946289,17734600,2022-08-24 00:00:00-04:00
113.45747189022575,115.92048761517785,113.32836509749748,115.85096740722656,16956800,2022-08-25 00:00:00-04:00
113.93419313124014,114.33145473006633,109.43522389908544,109.58419036865234,37245700,2022-08-26 00:00:00-04:00
109.2365893957872,110.1900126874283,108.05474579920995,108.67049407958984,21191200,2022-08-29 00:00:00-04:00
109.41535713980008,109.74309852857878,107.06159598452625,108.19378662109375,27513300,2022-08-30 00:00:00-04:00
109.89206143571225,110.09068842730832,107.38931890965122,107.47870635986328,28627000,2022-08-31 00:00:00-04:00
107.53829065559566,109.69342453484326,106.62459439026496,108.98828887939453,28360900,2022-09-01 00:00:00-04:00
109.83247354287955,109.98144758364315,106.52528923902702,107.11124420166016,24160700,2022-09-02 00:00:00-04:00
106.56501052381782,107.2900058656168,105.05541810364878,106.07836151123047,25068300,2022-09-06 00:00:00-04:00
106.3266435567627,109.22664750579922,106.16774348643852,108.70027160644531,23167000,2022-09-07 00:00:00-04:00
107.29994397248697,108.84925579418162,106.4259745612731,107.63761138916016,24238300,2022-09-08 00:00:00-04:00
108.32288036042995,110.22972672082997,108.27321982491722,109.89205932617188,23197700,2022-09-09 00:00:00-04:00
110.22973087368234,110.85542030532613,109.17699415992941,110.10062408447266,22966800,2022-09-12 00:00:00-04:00
107.06159670108931,107.55817181087704,103.37700271858566,103.60543060302734,38172900,2022-09-13 00:00:00-04:00
103.85370686767357,104.55884253765855,102.94994420622076,104.28076171875,26395100,2022-09-14 00:00:00-04:00
103.3174013625699,104.54890533722246,101.64890892908129,102.205078125,34188300,2022-09-15 00:00:00-04:00
101.37082992122032,102.42356659752467,100.24857304133235,102.09583282470703,42797200,2022-09-16 00:00:00-04:00
101.05303282312543,102.62221195722044,100.85440581403213,102.3639907836914,23036800,2022-09-19 00:00:00-04:00
101.38077584676782,101.66879031860427,99.83145635767744,100.44721221923828,26517100,2022-09-20 00:00:00-04:00
100.97357330597262,102.17528407076615,98.59001144532336,98.59994506835938,31487300,2022-09-21 00:00:00-04:00
98.14309788632383,100.54651943978457,98.1133045940541,99.45405578613281,34298600,2022-09-22 00:00:00-04:00
98.94755514115927,98.97735601298936,96.80235457462604,98.06365203857422,31625400,2022-09-23 00:00:00-04:00
97.42802313116289,99.19582909385643,97.13008264794297,97.49754333496094,27072700,2022-09-26 00:00:00-04:00
98.74891812315998,99.3150133964343,96.20645620489421,96.83213806152344,30072800,2022-09-27 00:00:00-04:00
96.98110806203425,100.01021129831565,96.44480610275087,99.36466979980469,32466300,2022-09-28 00:00:00-04:00
97.96433766405387,97.96433766405387,95.30269475589749,96.75269317626953,31047200,2022-09-29 00:00:00-04:00
96.38522371736838,98.22254995330734,94.90542455938035,94.99481201171875,32941500,2022-09-30 00:00:00-04:00
96.09722046475382,98.6098893889168,95.85885894883667,97.96434020996094,27982000,2022-10-03 00:00:00-04:00
99.75200186201134,101.14240598760246,99.692407701533,100.94377899169922,28850800,2022-10-04 00:00:00-04:00
99.14618310911277,101.23179694688893,98.1232396482166,100.73522186279297,22176900,2022-10-05 00:00:00-04:00
99.99035938714277,102.22494726893785,99.90097193176103,100.72528839111328,22324000,2022-10-06 00:00:00-04:00
99.16605043527572,99.84139290487568,97.62667210200152,98.00406646728516,27502800,2022-10-07 00:00:00-04:00
98.32186494334555,98.42117844301296,96.34549826456681,97.1896743774414,18225100,2022-10-10 00:00:00-04:00
96.76261553045553,98.57014842775828,95.65028467937152,96.51432800292969,26507100,2022-10-11 00:00:00-04:00
96.63351005621553,98.07357470456819,96.07734083455361,96.8917236328125,21876400,2022-10-12 00:00:00-04:00
94.49823387339498,99.09651612531559,93.73350405042449,98.3814468383789,34574500,2022-10-13 00:00:00-04:00
99.30508010298726,100.0002897453495,95.70988145547351,95.89857482910156,25410700,2022-10-14 00:00:00-04:00
98.18282006159207,100.23864047742966,98.1530267707607,99.28521728515625,28419200,2022-10-17 00:00:00-04:00
102.42357751242457,102.7612525209111,99.28522681703564,100.07974243164062,24060700,2022-10-18 00:00:00-04:00
99.32494216503058,100.32801829577426,98.24240463180688,98.94754028320312,23811100,2022-10-19 00:00:00-04:00
99.3150105759876,101.61911851826515,98.70918840530337,99.28521728515625,25323200,2022-10-20 00:00:00-04:00
97.17973986521672,100.61603844678358,97.05063307454373,100.43727111816406,32458700,2022-10-21 00:00:00-04:00
101.10269486321174,102.0461845360979,99.29516177597404,101.81775665283203,27176400,2022-10-24 00:00:00-04:00
102.19514899283054,104.10199540713289,102.01638166791882,103.76432800292969,40611400,2022-10-25 00:00:00-04:00
95.7694645312069,97.63658399309821,94.04138547726846,94.27973937988281,88114100,2022-10-26 00:00:00-04:00
93.87254327552247,94.77631349543512,91.17118139256064,91.58830261230469,60710900,2022-10-27 00:00:00-04:00
91.63795683505978,95.88864564835471,91.49891642655986,95.63042449951172,43697300,2022-10-28 00:00:00-04:00
94.76638013798231,95.37220230141001,93.33624915526933,93.86261749267578,31675000,2022-10-31 00:00:00-04:00
94.79618761427888,95.37221657343223,89.75099014108092,89.85030364990234,47161400,2022-11-01 00:00:00-04:00
90.31706680880627,90.55542069613995,86.28487250527193,86.37425994873047,57038300,2022-11-02 00:00:00-04:00
85.72871605197531,85.92734304048008,82.76912542959708,82.85851287841797,61288000,2022-11-03 00:00:00-04:00
84.81502104184743,86.04652505857264,83.13659492864404,85.9869384765625,51124900,2022-11-04 00:00:00-04:00
86.68213938768645,88.29104527507938,86.25508454223157,87.88385009765625,34078900,2022-11-07 00:00:00-05:00
88.29105377197266,89.7013252290992,86.99002186523454,88.29105377197266,30429000,2022-11-08 00:00:00-05:00
87.8441196311482,88.8273436444615,86.68213588137829,86.72186279296875,31769100,2022-11-09 00:00:00-05:00
91.61809793205568,93.74343856788602,90.98248246585224,93.29652404785156,51620100,2022-11-10 00:00:00-05:00
94.04138391402034,96.26603798141977,93.27665410585773,95.74960327148438,33090500,2022-11-11 00:00:00-05:00
94.43864192776208,96.12700168973441,93.86262061279506,95.04446411132812,30179500,2022-11-14 00:00:00-05:00
97.58693396732818,99.45405348533612,96.04754823383983,97.76570129394531,41640800,2022-11-15 00:00:00-05:00
97.22940010842291,98.95747922841689,96.97117895072545,98.17288970947266,29105200,2022-11-16 00:00:00-05:00
96.30577068517638,98.59994509335151,96.12700335615402,97.68624877929688,26052600,2022-11-17 00:00:00-05:00
98.09343657704217,98.2225509453757,95.70988228857895,96.76261901855469,28342300,2022-11-18 00:00:00-05:00
96.62358621558475,97.72598357054807,94.70680597991417,94.94515991210938,21647400,2022-11-21 00:00:00-05:00
95.29275218122933,96.55405709268237,93.40577299121226,96.38522338867188,23438500,2022-11-22 00:00:00-05:00
96.42494972921129,98.08351632954358,96.42494972921129,97.78556823730469,18868100,2022-11-23 00:00:00-05:00
97.56706770161041,97.96432927332067,96.73282522043966,96.79241180419922,9701400,2022-11-25 00:00:00-05:00
96.37529110822086,96.9115930964902,94.95508609589683,95.39207458496094,26237500,2022-11-28 00:00:00-05:00
95.07426584986467,95.46159379672028,93.46535990183312,94.5379638671875,20061700,2022-11-29 00:00:00-05:00
94.17049116999522,100.34788593815357,93.77322961882459,100.29822540283203,43647500,2022-11-30 00:00:00-05:00
100.3280186931714,101.54959663702266,99.56329645830338,100.29822540283203,28687100,2022-12-01 00:00:00-05:00
98.37152086254994,100.07973267716697,98.22254683147696,99.75199890136719,21480700,2022-12-02 00:00:00-05:00
98.71913015086434,100.68556327887788,98.32186856044572,98.798583984375,24405100,2022-12-05 00:00:00-05:00
98.6198123778136,99.09652020396926,95.75953511234248,96.31570434570312,24910700,2022-12-06 00:00:00-05:00
95.74962020491283,96.21639446232557,94.071193840807,94.28968811035156,31045400,2022-12-07 00:00:00-05:00
94.72665891342506,94.92529349040643,92.80987881407734,93.06809997558594,32213300,2022-12-08 00:00:00-05:00
93.12770134266626,93.61435045066771,92.11469135923213,92.19414520263672,28225400,2022-12-09 00:00:00-05:00
92.07495641241171,92.91913258788558,90.98249268079053,92.67084503173828,29420000,2022-12-12 00:00:00-05:00
97.09035191454747,98.84822418549331,94.37904891883746,94.97493743896484,40593700,2022-12-13 00:00:00-05:00
94.54789188781861,96.20645840814433,92.95885315251148,94.41878509521484,28733600,2022-12-14 00:00:00-05:00
92.49207267577248,92.99858138446136,89.39344899234517,90.23762512207031,40107000,2022-12-15 00:00:00-05:00
90.13830631838147,90.70440157933497,88.90679472353236,89.64173126220703,58011800,2022-12-16 00:00:00-05:00
89.64173089197104,89.93967137816473,87.6057701392111,87.83419799804688,29493000,2022-12-19 00:00:00-05:00
87.50645464738024,88.56912493587465,86.84104590854801,88.41021728515625,23453800,2022-12-20 00:00:00-05:00
88.46981744062983,89.60200800878793,87.71502120281298,88.96639251708984,24745600,2022-12-21 00:00:00-05:00
87.55612082820765,87.93351515729785,85.72872061278274,87.15885925292969,27658300,2022-12-22 00:00:00-05:00
86.5133086638046,88.93659741222335,86.47358174924135,88.61878967285156,23003000,2022-12-23 00:00:00-05:00
88.19172703656581,88.33076743671045,86.413987546564,86.7913818359375,20097300,2022-12-27 00:00:00-05:00
86.38420166698455,87.43693838041416,85.35132462222182,85.43077087402344,19523200,2022-12-28 00:00:00-05:00
86.02666490506726,88.2413853981384,86.01673128241025,87.84412384033203,23333500,2022-12-29 00:00:00-05:00
86.38419566315923,87.69515344094961,85.97700050101459,87.6256332397461,23986300,2022-12-30 00:00:00-05:00
88.97631857972549,90.4263244711382,87.91364821898763,88.5095443725586,28131200,2023-01-03 00:00:00-05:00
89.73110905085134,90.02905710848832,86.67220495736261,87.4766616821289,34854800,2023-01-04 00:00:00-05:00
86.87084008200145,86.97015357614328,85.31159473485968,85.60953521728516,27194400,2023-01-05 00:00:00-05:00
86.19550170469084,87.0893383476196,84.2787216281847,86.74172973632812,41381500,2023-01-06 00:00:00-05:00
87.75474345560666,89.4331695495465,87.25816840553064,87.41706848144531,29003900,2023-01-09 00:00:00-05:00
85.3910499346821,88.06261858260312,85.24207590250592,87.8143310546875,30467800,2023-01-10 00:00:00-05:00
88.56912924744373,90.97255075305516,88.40029554318691,90.89309692382812,26862000,2023-01-11 00:00:00-05:00
90.85338408510943,91.24071205887914,89.1352308965623,90.50577545166016,30258100,2023-01-12 00:00:00-05:00
90.22768590186173,91.55851098824732,89.51261661092427,91.4889907836914,26329200,2023-01-13 00:00:00-05:00
91.42940278257716,91.6181037407099,89.43317638425138,90.66468048095703,32602400,2023-01-17 00:00:00-05:00
91.50885948679696,92.16434226058483,90.01913417597157,90.495849609375,29116700,2023-01-18 00:00:00-05:00
90.09859385188248,92.96879753063531,90.00920638732816,92.41263580322266,37000400,2023-01-19 00:00:00-05:00
94.44858263717902,97.62666782792186,94.36912880255512,97.34857940673828,63191100,2023-01-20 00:00:00-05:00
97.27904526354224,99.35473282728917,96.8321307677752,99.1064453125,40005100,2023-01-23 00:00:00-05:00
97.42802327409328,98.92768204637555,96.53418666885439,97.03076171875,33078500,2023-01-24 00:00:00-05:00
94.91535768313268,95.50132020032594,93.11775837133916,94.56775665283203,42330000,2023-01-25 00:00:00-05:00
95.83899512609038,96.90166554616475,94.72666416473407,96.85200500488281,30114000,2023-01-26 00:00:00-05:00
96.6434441075587,99.63282834879519,96.6434441075587,98.68933868408203,33879800,2023-01-27 00:00:00-05:00
96.8122800793185,97.61672927716072,95.73967609743931,96.2759780883789,27226200,2023-01-30 00:00:00-05:00
96.20646430337597,98.20269078514632,96.15680376164374,98.1629638671875,29870700,2023-01-31 00:00:00-05:00
98.03385353408179,100.49686931883123,96.91159655644073,99.74207305908203,35531100,2023-02-01 00:00:00-05:00
105.07528520126132,107.11123839079693,104.88658425472231,107.00199127197266,69883800,2023-02-02 00:00:00-05:00
102.22494486291488,107.07151484914603,101.87734382713276,104.06227111816406,65309300,2023-02-03 00:00:00-05:00
101.69857720610024,103.64515059717341,101.1821348832258,102.19515228271484,31999600,2023-02-06 00:00:00-05:00
102.51295768495851,107.43898142309807,102.413644187333,106.90267944335938,49010200,2023-02-07 00:00:00-05:00
101.35098153887236,102.43351162623514,97.36844709177582,98.68933868408203,94743500,2023-02-08 00:00:00-05:00
99.31501673753093,99.34481003021067,92.9886474435818,94.35919952392578,119455000,2023-02-09 00:00:00-05:00
94.79618010978967,96.08727835366426,93.60440294400885,93.92221069335938,54980700,2023-02-10 00:00:00-05:00
94.0910437433125,94.54789190623137,93.19720708667369,93.9619369506836,50076100,2023-02-13 00:00:00-05:00
93.78316845750277,94.20028969972182,91.62803446223668,94.03145599365234,54726100,2023-02-14 00:00:00-05:00
93.84275567149737,96.4547454186921,93.50508825709151,96.2759780883789,50169000,2023-02-15 00:00:00-05:00
94.7167258913076,97.01090015224685,94.09103649131777,94.85576629638672,42462600,2023-02-16 00:00:00-05:00
94.20029519403576,94.9054309285721,92.57152946806612,93.70372009277344,34284100,2023-02-17 00:00:00-05:00
92.36295794756572,92.46227144068472,91.09172705052129,91.16124725341797,33629300,2023-02-21 00:00:00-05:00
91.07186976029493,91.4790649768656,89.98933968584355,91.022216796875,30884000,2023-02-22 00:00:00-05:00
91.29036136551639,91.31022861201542,89.14516094882144,90.26741790771484,41206400,2023-02-23 00:00:00-05:00
88.8273595699799,89.27427414551435,87.97324976048894,88.51947784423828,36585100,2023-02-24 00:00:00-05:00
89.25440216064453,89.54241659872595,88.72802624317121,89.25440216064453,27502300,2023-02-27 00:00:00-05:00
88.7181046101625,90.60509140829545,88.70817098707695,89.44309997558594,30142000,2023-02-28 00:00:00-05:00
89.36365638021726,90.40645952118473,89.05577467248298,89.74105072021484,31111200,2023-03-01 00:00:00-05:00
89.0458443432277,91.64789283593468,88.97631656003954,91.36981201171875,32204400,2023-03-02 00:00:00-05:00
91.84653053055096,93.087968235955,91.81672966082834,93.00851440429688,35160100,2023-03-03 00:00:00-05:00
93.37597339821141,95.31262072930046,93.35611372922939,94.4783706665039,32639300,2023-03-06 00:00:00-05:00
94.32939468285895,95.01466306200169,92.8893225701866,93.2170639038086,27835500,2023-03-07 00:00:00-05:00
93.47529384441702,95.30268646381667,93.3561130999254,93.60440063476562,34103300,2023-03-08 00:00:00-05:00
93.40576740123382,94.87562526615336,91.27049322874895,91.68761444091797,28813500,2023-03-09 00:00:00-05:00
91.53864552759404,92.15440133504755,89.78077313404465,90.00919342041016,35941000,2023-03-10 00:00:00-05:00
89.47289113745587,91.93590678175909,88.80748237211967,90.48590850830078,37335600,2023-03-13 00:00:00-04:00
91.92597154460599,93.7136447693308,91.806798381047,93.3263168334961,36050200,2023-03-14 00:00:00-04:00
92.58145687000861,96.26604296450648,92.00542797274241,95.45166015625,50622100,2023-03-15 00:00:00-04:00
95.54103157497603,100.49685576942163,94.8458295723151,99.6328125,65492000,2023-03-16 00:00:00-04:00
99.57323488486855,102.13555648041809,99.41432722588,100.92391967773438,61028500,2023-03-17 00:00:00-04:00
99.43419347981462,101.05302545965556,99.18590594797273,100.52665710449219,32960400,2023-03-20 00:00:00-04:00
100.55645006709534,104.38007652952844,100.52665677571322,104.20130920410156,42110300,2023-03-21 00:00:00-04:00
103.55577066948071,105.85987888934471,102.62221461004776,102.66194152832031,43427400,2023-03-22 00:00:00-04:00
104.34034599156392,105.5718575582382,103.74445745321431,104.87664794921875,40797800,2023-03-23 00:00:00-04:00
104.2708284512901,104.76740350878552,103.12870430362382,104.7177505493164,30393300,2023-03-24 00:00:00-04:00
103.90337141301279,104.04241182783166,101.23179508502922,101.75816345214844,31120900,2023-03-27 00:00:00-04:00
101.73829691402915,101.74822295932152,99.05678714399609,100.33795166015625,32057900,2023-03-28 00:00:00-04:00
101.57939095840531,101.78795157003168,99.96055902408595,100.69548797607422,28779600,2023-03-29 00:00:00-04:00
100.21878081953102,100.46706834599645,99.09651635054152,100.19891357421875,33086200,2023-03-30 00:00:00-04:00
100.60612245525655,103.17837794270561,100.34790127097024,103.01947784423828,36863400,2023-03-31 00:00:00-04:00
101.68864224254398,103.81398293626825,101.23179408733668,103.64514923095703,25035400,2023-04-03 00:00:00-04:00
103.61534999123135,104.85678759514104,103.32733555786824,104.00267791748047,24420100,2023-04-04 00:00:00-04:00
105.05543421743566,105.3732420003545,102.94996049702411,103.75440979003906,28290500,2023-04-05 00:00:00-04:00
104.53899451373599,108.42220794255289,103.61536450397485,107.6773452758789,48711500,2023-04-06 00:00:00-04:00
106.24721665392728,106.85303133303962,104.39995659014593,105.7109146118164,27067400,2023-04-10 00:00:00-04:00
105.82014926393511,105.99891659022042,103.9629557951451,104.62836456298828,26311800,2023-04-11 00:00:00-04:00
105.84993901307934,106.018772710828,103.62527734328293,103.92322540283203,24370300,2023-04-12 00:00:00-04:00
105.11500961516911,106.75370889955026,105.11500961516911,106.69412231445312,24843600,2023-04-13 00:00:00-04:00
106.15781931069009,108.19378015639614,106.10815877215703,108.12425994873047,26578000,2023-04-14 00:00:00-04:00
103.94309352521483,105.43281868126573,103.80404553968684,105.2441177368164,37571200,2023-04-17 00:00:00-04:00
105.76054615516696,105.8102066882632,103.35712486512638,103.7841796875,26596400,2023-04-18 00:00:00-04:00
102.87049630184782,104.26090805358163,102.36398759416694,103.46638488769531,20905700,2023-04-19 00:00:00-04:00
103.19823452834045,105.52220221540108,103.15850761354443,104.56877899169922,27820800,2023-04-20 00:00:00-04:00
104.74754434617613,105.27391269732128,104.06226833884085,104.68795776367188,25800100,2023-04-21 00:00:00-04:00
104.76740235294118,105.89959286536913,103.9828128614983,105.2441177368164,23542800,2023-04-24 00:00:00-04:00
105.1050897593156,105.95919955597199,103.12871536300369,103.1386489868164,46664100,2023-04-25 00:00:00-04:00
104.20131406851206,105.62151911538743,101.92699926885099,102.99960327148438,53347600,2023-04-26 00:00:00-04:00
103.73452888709065,107.62768318681694,102.83076620158695,106.85301971435547,50089200,2023-04-27 00:00:00-04:00
106.30678060525726,106.6146546912786,104.37013349164533,106.60472106933594,36139800,2023-04-28 00:00:00-04:00
106.10816356457741,107.25028780821327,106.08830389454782,106.4656982421875,26681700,2023-05-01 00:00:00-04:00
106.40611247881316,106.46569906649795,102.99960696869495,104.59857940673828,30997200,2023-05-02 00:00:00-04:00
104.80713092868038,106.75370425420495,104.2410356634877,104.68795776367188,21795400,2023-05-03 00:00:00-04:00
104.76741603130317,104.87666316318085,103.25783101002017,103.972900390625,23419500,2023-05-04 00:00:00-04:00
104.10199259276817,105.15472926815787,103.39685693499452,104.84685516357422,26639300,2023-05-05 00:00:00-04:00
104.45952890885576,107.22048500326504,104.43966924058789,107.03178405761719,26511400,2023-05-08 00:00:00-04:00
107.64754689134159,109.3954933214144,106.45576971187144,106.61466979980469,36360100,2023-05-09 00:00:00-04:00
107.2304212898766,112.16637867324104,107.1906943752199,110.98452758789062,63153400,2023-05-10 00:00:00-04:00
114.60952346058797,117.11225838749655,113.62630697970965,115.7715072631836,78900000,2023-05-11 00:00:00-04:00
115.88076166873074,117.22151287736642,115.31466637721192,116.705078125,41102300,2023-05-12 00:00:00-04:00
115.31466773479636,117.66843638362967,115.21535423245682,115.71192932128906,36266800,2023-05-15 00:00:00-04:00
115.69205805683869,119.92287978836107,115.63247147293116,118.69137573242188,45035600,2023-05-16 00:00:00-04:00
118.79069754797297,120.83658456146485,118.07562818248286,120.01226806640625,33323600,2023-05-17 00:00:00-04:00
120.12150510967228,122.46534002102402,120.00233194352047,121.98863220214844,35234200,2023-05-18 00:00:00-04:00
122.7037026780781,125.10712419543219,121.31329096834843,121.91911315917969,41353400,2023-05-19 00:00:00-04:00
122.0978806379514,125.56397250500119,121.89924606366814,124.19342803955078,35253000,2023-05-22 00:00:00-04:00
123.30952819924319,123.77630241228727,121.37288083002176,121.7204818725586,34046300,2023-05-23 00:00:00-04:00
120.29034788119394,121.07493740233252,119.03897658115086,120.07185363769531,34182600,2023-05-24 00:00:00-04:00
123.66705529543533,124.46157845882605,121.12459329600016,122.63418579101562,42317000,2023-05-25 00:00:00-04:00
122.32630058666038,124.4019883136242,121.61123127549837,123.75643920898438,35635900,2023-05-26 00:00:00-04:00
124.77939071533267,124.79925796255891,121.16432458789733,122.82288360595703,35076700,2023-05-30 00:00:00-04:00
121.90917771682845,123.210201954541,121.66089018583695,122.02835845947266,37325800,2023-05-31 00:00:00-04:00
121.97870664405423,123.56774544059134,121.7800796359126,122.87254333496094,30772700,2023-06-01 00:00:00-04:00
123.14068238937887,125.28589030532665,122.91226210287383,123.81602478027344,26980100,2023-06-02 00:00:00-04:00
123.16055031668364,126.55712195859554,122.99170903517506,125.1468505859375,32305500,2023-06-05 00:00:00-04:00
125.14685941446244,127.41123309167713,124.50131026598763,126.43795013427734,26638300,2023-06-06 00:00:00-04:00
126.10027879089003,128.15609177061813,121.28350196296054,121.66089630126953,52539000,2023-06-07 00:00:00-04:00
121.39275507491422,122.38590529778074,120.40953089873925,121.3033676147461,29389200,2023-06-08 00:00:00-04:00
121.41259801006571,122.91225676148075,121.0749306178595,121.39273834228516,23778300,2023-06-09 00:00:00-04:00
121.94890708399343,123.20027838695897,120.8266501491064,122.79308319091797,28306400,2023-06-12 00:00:00-04:00
124.12391285793474,124.30268019345986,122.33623950268348,122.9817886352539,22278300,2023-06-13 00:00:00-04:00
122.25678829416454,123.2002855319085,120.61808894619637,122.82288360595703,30592300,2023-06-14 00:00:00-04:00
122.29650693637248,124.60061494495433,121.56157795855897,124.23314666748047,35246300,2023-06-15 00:00:00-04:00
125.06740756452986,125.2461749072965,122.43555796490669,122.68384552001953,45535600,2023-06-16 00:00:00-04:00
122.08794882394656,123.7167144715317,121.30335929245436,122.25678253173828,26097500,2023-06-20 00:00:00-04:00
121.56157701225514,121.8197981667708,119.2773286902029,119.72425079345703,30306300,2023-06-21 00:00:00-04:00
119.17801777862638,122.39582213705168,118.01603392379701,122.30644226074219,26952200,2023-06-22 00:00:00-04:00
120.54856042408845,121.94890574873948,120.23075268459189,121.50198364257812,34913600,2023-06-23 00:00:00-04:00
119.9328098317089,121.16431385089092,117.45986059347797,117.52938079833984,33969900,2023-06-26 00:00:00-04:00
116.27801731199209,118.26431754249225,115.30472686510802,117.51945495605469,39535900,2023-06-27 00:00:00-04:00
116.28795064666333,119.56534926327315,116.04959672566056,119.3567886352539,27091400,2023-06-28 00:00:00-04:00
118.42322010037552,119.23760290884682,117.48966412494475,118.2841796875,24090900,2023-06-29 00:00:00-04:00
119.34684768508002,120.25061792814805,118.87013987233996,118.88006591796875,29532200,2023-06-30 00:00:00-04:00
118.42321450872616,119.3667116396996,118.00609328979502,119.07869720458984,14467900,2023-07-03 00:00:00-04:00
118.42321441108429,121.77013293653057,118.41328836573734,120.91602325439453,27584800,2023-07-05 00:00:00-04:00
118.9793954589323,119.47597055253863,117.58898368140763,119.28726959228516,24745200,2023-07-06 00:00:00-04:00
119.27733118880711,120.2208283751295,118.58212911647212,118.66158294677734,21709500,2023-07-07 00:00:00-04:00
117.48966227568181,117.49958832134938,115.3444543785659,115.65232849121094,35315200,2023-07-10 00:00:00-04:00
115.49343222262571,116.9037036216299,114.55986865395298,116.33760833740234,23078800,2023-07-11 00:00:00-04:00
117.98623440184863,119.50575283595185,117.59890647069032,118.11534118652344,30404400,2023-07-12 00:00:00-04:00
120.1016475306422,123.97493461778386,119.62493212633821,123.68692016601562,44297900,2023-07-13 00:00:00-04:00
123.94514195311505,125.91157501012879,122.64411010204061,124.5608901977539,33283100,2023-07-14 00:00:00-04:00
125.07733004581449,126.22938025879756,123.34924336063862,123.7961654663086,25716200,2023-07-17 00:00:00-04:00
123.7465044333863,123.82595826213851,122.11773882963688,122.91226196289062,26193600,2023-07-18 00:00:00-04:00
123.74651033261091,124.32253925282353,120.96569438792449,121.1941146850586,37224000,2023-07-19 00:00:00-04:00
120.58828599937979,123.2399950067099,117.41020863971083,118.38349151611328,37906800,2023-07-20 00:00:00-04:00
119.79377211980879,120.16123282072522,117.91671896913194,119.1978759765625,72937900,2023-07-21 00:00:00-04:00
120.8266470185418,122.15746453991983,120.15130463507315,120.6975326538086,29686100,2023-07-24 00:00:00-04:00
120.52870291550938,122.3064425948192,120.19102792410442,121.37287902832031,52509600,2023-07-25 00:00:00-04:00
129.17902926561317,130.08278425880596,127.44101674554521,128.38450622558594,61682100,2023-07-26 00:00:00-04:00
130.76808123057597,132.32733427349476,127.90780388799678,128.5136260986328,44952100,2023-07-27 00:00:00-04:00
129.8841712389039,132.82390225649658,129.67561820048323,131.67184448242188,36591200,2023-07-28 00:00:00-04:00
131.82079335389113,132.615316373275,130.87730389836426,131.8108673095703,28055500,2023-07-31 00:00:00-04:00
129.88418063298246,131.72151454614948,129.78485955227697,130.64891052246094,23166800,2023-08-01 00:00:00-04:00
128.5632807351884,129.19889620943687,126.68622760387115,127.50061798095703,26273300,2023-08-02 00:00:00-04:00
127.093429182837,128.50370061366522,126.54719355540765,127.57013702392578,20089500,2023-08-03 00:00:00-04:00
128.39445152048964,130.60917213492286,127.03384065014664,127.23246765136719,26147200,2023-08-04 00:00:00-04:00
128.27525250505664,130.70846687685665,128.13621211678995,130.62901306152344,22746300,2023-08-07 00:00:00-04:00
129.7252678010533,130.60917082877378,128.6526638200663,130.4999237060547,23535200,2023-08-08 00:00:00-04:00
130.75815086279874,131.1355376104998,128.11636785754888,128.7718505859375,24912900,2023-08-09 00:00:00-04:00
130.42049066551243,131.14548606346665,128.56328949903425,128.80165100097656,20857800,2023-08-10 00:00:00-04:00
127.77868690101995,129.0399765320376,127.2920379292445,128.67251586914062,19591100,2023-08-11 00:00:00-04:00
128.503676007891,130.47010873583676,128.07662878820625,130.43038940429688,24695600,2023-08-14 00:00:00-04:00
130.20198716469977,130.51978732378583,128.3944466671007,128.89102172851562,19770700,2023-08-15 00:00:00-04:00
127.81842041015625,129.3875994550616,126.99411154985026,127.81842041015625,25216100,2023-08-16 00:00:00-04:00
128.91088665122683,131.08588780571418,128.40437039897924,129.03005981445312,33446300,2023-08-17 00:00:00-04:00
127.6297171477929,128.3646536960574,125.51431010865518,126.5869140625,30504800,2023-08-18 00:00:00-04:00
126.30884849922712,127.84822683314754,125.69309261937792,127.49069213867188,25248700,2023-08-21 00:00:00-04:00
127.62971321202188,129.38759312280365,127.4410274236173,128.19581604003906,22054900,2023-08-22 00:00:00-04:00
129.28825597436736,132.49614129235525,128.98038190798363,131.4632568359375,27819700,2023-08-23 00:00:00-04:00
133.0324559222039,133.3304039899065,128.68246868911157,128.89102172851562,28500700,2023-08-24 00:00:00-04:00
128.65267385059113,129.8643183409359,126.37836649664419,128.9903564453125,26762900,2023-08-25 00:00:00-04:00
130.41054267784654,131.63211310890395,129.24855883060624,130.1125946044922,20543300,2023-08-28 00:00:00-04:00
131.33418219305656,135.6345241905877,131.33418219305656,133.64822387695312,43075600,2023-08-29 00:00:00-04:00
133.85677802438667,135.34650327186472,133.15164989363763,134.94924926757812,28315800,2023-08-30 00:00:00-04:00
135.07836648532287,137.05474103256182,134.85987220756698,135.23727416992188,30053800,2023-08-31 00:00:00-04:00
136.51843204322375,136.51843204322375,133.9263094362553,134.7307586669922,21543700,2023-09-01 00:00:00-04:00
134.51227020074484,135.48555318747054,133.65816039280637,134.8400115966797,19403100,2023-09-05 00:00:00-04:00
135.0882981356743,135.59479929596694,132.75438904024102,133.5389862060547,18684500,2023-09-06 00:00:00-04:00
132.67493701038964,134.65131144480517,132.0393214625493,134.33349609375,18844300,2023-09-07 00:00:00-04:00
133.98588417474053,135.7238968568323,133.92629759318024,135.44581604003906,23558300,2023-09-08 00:00:00-04:00
135.60471479290905,136.53827835845289,134.85985218052008,135.98211669921875,20763400,2023-09-11 00:00:00-04:00
135.32662963976946,135.9324518179946,134.26396689359834,134.41293334960938,18405500,2023-09-12 00:00:00-04:00
134.16463099307015,135.96223008352905,133.23106756052394,135.77354431152344,20749500,2023-09-13 00:00:00-04:00
136.6574624161584,137.74991845433803,135.30677764834488,137.15403747558594,24751000,2023-09-14 00:00:00-04:00
137.0348453999781,137.5711549358485,135.5451202625324,136.4588165283203,38919600,2023-09-15 00:00:00-04:00
135.67422900398907,138.20676466359907,135.67422900398907,137.26327514648438,21861300,2023-09-18 00:00:00-04:00
136.47867322685593,137.46189719712714,135.6841501840954,137.09442138671875,20353700,2023-09-19 00:00:00-04:00
137.1341818172231,137.1341818172231,132.70472524498294,132.82391357421875,29927500,2023-09-20 00:00:00-04:00
130.53965894518316,131.32424090064023,129.17904808066385,129.5465087890625,31503900,2023-09-21 00:00:00-04:00
129.86430445123077,131.12560934891957,128.71226182736228,129.35780334472656,26397300,2023-09-22 00:00:00-04:00
128.9406982191211,130.27151591134847,128.0766623547193,130.21192932128906,20094600,2023-09-25 00:00:00-04:00
128.8811005871863,129.46705554492908,126.34856464674498,127.68932342529297,25718700,2023-09-26 00:00:00-04:00
127.6893361771831,130.00336294677095,127.6893361771831,129.6458282470703,22746500,2023-09-27 00:00:00-04:00
128.9506195526447,132.38692594507856,128.9009590113203,131.40370178222656,22513100,2023-09-28 00:00:00-04:00
132.36704447692242,133.13177429920455,129.46704799551972,129.963623046875,30859800,2023-09-29 00:00:00-04:00
130.3112601028697,133.49926414240053,130.27152560369373,133.2509765625,22288000,2023-10-02 00:00:00-04:00
133.0225239837871,133.34032412879503,130.93690275652745,131.52285766601562,22989400,2023-10-03 00:00:00-04:00
131.880399206417,134.64137051208016,131.6221856279351,134.31362915039062,26752300,2023-10-04 00:00:00-04:00
134.14479064941406,134.56191187093788,132.53587719008763,134.14479064941406,19832600,2023-10-05 00:00:00-04:00
133.09205033852737,137.2136326834235,133.09205033852737,136.63760375976562,27597600,2023-10-06 00:00:00-04:00
136.00197439996847,137.9882745602618,134.68108297486128,137.47183227539062,19278100,2023-10-09 00:00:00-04:00
137.55129206777264,138.76293643045838,136.3893082421022,137.1143035888672,27786600,2023-10-10 00:00:00-04:00
137.63074284413509,140.1434113878539,137.63074284413509,139.58724975585938,25884300,2023-10-11 00:00:00-04:00
140.08383585702484,140.25266956903684,137.3129383696769,138.01808166503906,24765500,2023-10-12 00:00:00-04:00
138.42526533908884,139.0410135497291,135.68416137323422,136.41909790039062,23420500,2023-10-13 00:00:00-04:00
137.22354879733518,138.67355462493762,137.04478905169177,138.14718627929688,28501900,2023-10-16 00:00:00-04:00
137.6804245719955,138.94171448359813,136.24034458016837,138.76295471191406,23515800,2023-10-17 00:00:00-04:00
138.4947833931161,139.75608830865576,136.4389704924277,137.01499938964844,23375000,2023-10-18 00:00:00-04:00
137.55128958091115,138.70334734005715,136.43896631236626,136.80642700195312,26066000,2023-10-19 00:00:00-04:00
136.38931869741043,136.9256131371894,134.1547307488375,134.67117309570312,26335700,2023-10-20 00:00:00-04:00
134.1149813844345,136.71704492317136,133.0324514241763,135.5649871826172,26317900,2023-10-23 00:00:00-04:00
136.8858785332984,138.40539695654883,136.47868335993908,137.85916137695312,44814300,2023-10-24 00:00:00-04:00
127.28212386646624,127.43109032375405,124.21328603505674,124.74958801269531,84366200,2023-10-25 00:00:00-04:00
122.42561458962273,123.47835889189942,120.43931430693331,121.44239807128906,57061100,2023-10-26 00:00:00-04:00
122.03828847268005,122.4653433429545,119.38657937399506,121.3331527709961,44566500,2023-10-27 00:00:00-04:00
122.36602995491228,124.54103122378429,121.90918179187298,123.60746765136719,28940100,2023-10-30 00:00:00-04:00
124.20335492205861,124.51123661998803,121.84959392373723,123.23007202148438,26292300,2023-10-31 00:00:00-04:00
123.2201446747215,125.62356633365168,122.87254362109682,125.5838394165039,30082400,2023-11-01 00:00:00-04:00
127.5403521341741,128.09651384446602,126.06056039664168,126.6167221069336,27124600,2023-11-02 00:00:00-04:00
127.14307906515411,128.6427302490581,126.98417141335472,128.21568298339844,26393100,2023-11-03 00:00:00-04:00
128.16602622960193,129.44718321865057,127.78862433400963,129.35780334472656,19052700,2023-11-06 00:00:00-05:00
129.81464716535797,131.00642417120397,128.99033082146218,130.07286071777344,29757300,2023-11-07 00:00:00-05:00
130.0728691738139,131.30438074733325,129.88416823105302,130.93690490722656,26425800,2023-11-08 00:00:00-05:00
131.05610465685587,131.64205962708724,129.17905141944397,129.34788513183594,23747800,2023-11-09 00:00:00-05:00
129.2088437191894,131.89034615855235,128.52356767433983,131.68177795410156,26913300,2023-11-10 00:00:00-05:00
130.87730658686507,131.68175566709485,130.3509382959921,131.1851806640625,18324800,2023-11-13 00:00:00-05:00
133.27081474682353,134.7704659468235,132.40677900657556,132.7047119140625,32395200,2023-11-14 00:00:00-05:00
133.94614824111162,134.10505589307232,132.65506524316734,133.69786071777344,23861500,2023-11-15 00:00:00-05:00
134.26397851452822,136.28007221647312,133.3999426863431,135.99205017089844,28013200,2023-11-16 00:00:00-05:00
135.06840890443,135.12799548367562,132.73450018885973,134.3831329345703,37240600,2023-11-17 00:00:00-05:00
132.7742643730151,135.7239219395085,132.7047365788336,135.3167266845703,27815500,2023-11-20 00:00:00-05:00
135.35644922467353,136.24035239533424,135.0287229577867,136.03179931640625,22635300,2023-11-21 00:00:00-05:00
136.52834920416745,138.46498892143381,136.52834920416745,137.54136657714844,17813900,2023-11-22 00:00:00-05:00
137.0845255620382,137.18384664712832,135.05850575292112,135.7537078857422,12514300,2023-11-24 00:00:00-05:00
135.09822976260782,137.47185829728923,135.06843646690527,135.4756317138672,23436500,2023-11-27 00:00:00-05:00
135.14786959064773,136.30985340774254,134.49238687712713,136.26019287109375,18730000,2023-11-28 00:00:00-05:00
136.6276672242787,137.3427213579803,133.916356526449,134.06533813476562,23967200,2023-11-29 00:00:00-05:00
134.12491953523792,134.62149456857514,130.38073954068037,131.62217712402344,38988300,2023-11-30 00:00:00-05:00
130.95680236816406,131.20508994923867,129.77495105756552,130.95680236816406,31442300,2023-12-01 00:00:00-05:00
128.9903283387517,129.13929477876522,127.02388798210762,128.38450622558594,36669900,2023-12-04 00:00:00-05:00
128.06672315933784,131.23487491745817,127.37152100730603,130.09275817871094,27384800,2023-12-05 00:00:00-05:00
130.53966601076132,130.93692003300382,128.99035410803816,129.12939453125,23576200,2023-12-06 00:00:00-05:00
134.11499689135425,137.61088985291832,133.77732945899103,135.99205017089844,56767100,2023-12-07 00:00:00-05:00
133.2807410653947,135.46566826562713,133.1119073660502,134.06533813476562,32260100,2023-12-08 00:00:00-05:00
131.47322847678203,132.4266441834892,130.46021102841993,132.37698364257812,31138000,2023-12-11 00:00:00-05:00
130.9071004769167,132.0889514142532,130.36086494021498,131.61224365234375,29032800,2023-12-12 00:00:00-05:00
132.4663447843658,132.58551792864452,130.66874580492208,131.66189575195312,30104800,2023-12-13 00:00:00-05:00
132.46637833464752,132.8040457651367,128.8016516772407,131.03623962402344,38722400,2023-12-14 00:00:00-05:00
130.71842854717318,132.59548187748211,130.2814400208757,131.6917266845703,50847100,2023-12-15 00:00:00-05:00
131.72149761509291,136.21052498571453,131.5228554792147,134.86978149414062,32258000,2023-12-18 00:00:00-05:00
135.9026749689795,136.52836446846126,135.1478862434252,135.71397399902344,25476800,2023-12-19 00:00:00-05:00
138.01808449484534,140.72938029742406,137.12425537662756,137.39239501953125,49107200,2023-12-20 00:00:00-05:00
138.53450759923203,139.72628464273828,138.22661835043792,139.4581298828125,27488300,2023-12-21 00:00:00-05:00
139.80575888567296,141.01740335058128,139.74617229793478,140.5208282470703,26532200,2023-12-22 00:00:00-05:00
140.62012603356706,141.7026560595198,140.22287203546634,140.5506134033203,16780300,2023-12-26 00:00:00-05:00
140.62012214444914,141.10677115979163,138.9317699678128,139.40847778320312,19628600,2023-12-27 00:00:00-05:00
139.8156753043673,140.1732099604458,138.7927318739171,139.26943969726562,16045700,2023-12-28 00:00:00-05:00
138.67355245713628,139.39854778247008,137.82936881563538,138.73313903808594,18733000,2023-12-29 00:00:00-05:00
137.60095843072804,138.49478751777463,135.54513031454442,137.2235565185547,23711200,2024-01-02 00:00:00-05:00
136.3098554072648,138.67355756715372,136.14102170359678,137.96841430664062,24212100,2024-01-03 00:00:00-05:00
137.47184312113336,138.20677969396053,135.41603017325698,135.45574951171875,27137700,2024-01-04 00:00:00-05:00
135.8132951970394,136.22049043209554,134.22424875277005,134.80027770996094,22513900,2024-01-05 00:00:00-05:00
135.35642590429612,138.05779549726947,135.32663261243945,137.8889617919922,21404000,2024-01-08 00:00:00-05:00
137.55129746260243,140.52082190307192,137.2036888441302,139.98451232910156,24759600,2024-01-09 00:00:00-05:00
140.03417366063587,142.02047399624772,139.94479378255787,141.30540466308594,21320200,2024-01-10 00:00:00-05:00
142.50712641269087,144.2252720005351,139.67664230562886,141.10678100585938,24008700,2024-01-11 00:00:00-05:00
141.69274932897204,142.21911776763037,140.8485806793647,141.67288208007812,18785500,2024-01-12 00:00:00-05:00
141.0273279986293,143.36123702369463,140.48109235933,141.51397705078125,22670500,2024-01-16 00:00:00-05:00
140.3817881279767,140.86842203173782,137.94855799209301,140.50096130371094,20968600,2024-01-17 00:00:00-05:00
141.07700991847284,143.2222183064819,141.01742332229566,142.49720764160156,25746400,2024-01-18 00:00:00-05:00
143.74853865835965,145.44681669799516,143.3910040467101,145.37730407714844,34271900,2024-01-19 00:00:00-05:00
146.09240283912362,147.37355994991844,144.84102386819836,144.99000549316406,32200400,2024-01-22 00:00:00-05:00
144.89067452886135,146.17183155228614,144.5033465771963,146.0327911376953,21636100,2024-01-23 00:00:00-05:00
147.52250409562313,148.82354341131372,147.0855307962866,147.68141174316406,25233500,2024-01-24 00:00:00-05:00
149.04203864825777,152.0016216209964,148.5156551679274,150.82969665527344,29149100,2024-01-25 00:00:00-05:00
150.06499195893298,151.49511542850038,149.9755969292419,151.14752197265625,26115500,2024-01-26 00:00:00-05:00
151.01841608442453,152.72663563055315,150.39272661279912,152.45848083496094,27784300,2024-01-29 00:00:00-05:00
151.75333332236926,152.56770849737956,150.15436110776048,150.42251586914062,36331800,2024-01-30 00:00:00-05:00
142.63621252421888,143.01361441161524,138.91189964891637,139.1403350830078,71910000,2024-01-31 00:00:00-05:00
141.14650041457003,142.08006401958028,139.8256088409139,140.19308471679688,40466500,2024-02-01 00:00:00-05:00
138.30607040372718,141.64305517539495,135.5649817233193,141.4047088623047,62499600,2024-02-02 00:00:00-05:00
141.84170623324798,144.4735479676609,141.80197174238813,142.69580078125,38505400,2024-02-05 00:00:00-05:00
143.65916602671757,144.36430931528574,142.20917526492912,143.11294555664062,29128200,2024-02-06 00:00:00-05:00
143.76841960649566,144.62252939720187,142.94410310988516,144.54307556152344,25208900,2024-02-07 00:00:00-05:00
144.83111439241955,145.32768955724814,144.1061188949658,144.9105682373047,22563800,2024-02-08 00:00:00-05:00
145.6752395087028,148.41634329742809,145.17866449239943,147.97935485839844,26829500,2024-02-09 00:00:00-05:00
147.403342720252,148.3170390352505,146.3605320370219,146.51943969726562,21564100,2024-02-12 00:00:00-05:00
143.92730350603156,145.66531609448003,142.70573318705974,144.1457977294922,27837700,2024-02-13 00:00:00-05:00
145.07936327887248,145.5163517320503,143.10298919446083,144.94032287597656,22704200,2024-02-14 00:00:00-05:00
142.15952923247207,142.53693118494525,139.49789377934877,141.7920684814453,37590700,2024-02-15 00:00:00-05:00
142.0105467049223,142.20917370588808,139.18006268978624,139.55746459960938,31468900,2024-02-16 00:00:00-05:00
138.70336003010283,141.1067816862522,138.53452631527114,140.15335083007812,25144700,2024-02-20 00:00:00-05:00
140.4810610692256,141.71257249495648,139.71633134453901,141.5735321044922,23223300,2024-02-21 00:00:00-05:00
143.9372392880377,144.00676707032724,141.8218398421828,143.10299682617188,27191900,2024-02-22 00:00:00-05:00
142.68588543031947,143.68896166282684,142.44752393009878,142.97390747070312,19493800,2024-02-23 00:00:00-05:00
141.1663742553499,141.46432235767185,136.44891062377383,136.627685546875,53641800,2024-02-26 00:00:00-05:00
137.07458595594144,138.29615637950963,136.1509484496325,137.92869567871094,33099200,2024-02-27 00:00:00-05:00
136.95539328712587,137.06464040474236,134.48245922676676,135.44581604003906,37328600,2024-02-28 00:00:00-05:00
136.33965632120305,137.90883543358922,135.46567930816036,137.51158142089844,42133000,2024-02-29 00:00:00-05:00
137.4817642909518,137.91875276987585,135.98211306034264,136.2006072998047,31151100,2024-03-01 00:00:00-05:00
134.7307745199385,134.7307745199385,131.00646086218435,132.4365997314453,55999400,2024-03-04 00:00:00-05:00
130.97663333896386,132.32731801205793,129.77491511154423,131.76121520996094,40194800,2024-03-05 00:00:00-05:00
132.20814317715227,132.6649989142327,129.95370324672783,130.4999237060547,35318600,2024-03-06 00:00:00-05:00
131.88039821915834,134.01568007704142,130.70848834758843,133.4595184326172,37738200,2024-03-07 00:00:00-05:00
133.29070560626585,137.14411838370248,133.08213737980645,134.48248291015625,39370400,2024-03-08 00:00:00-05:00
135.1975299783761,138.14718703170163,135.1975299783761,136.7269744873047,32437800,2024-03-11 00:00:00-04:00
136.09135297378896,138.4252617016085,136.09135297378896,137.55128479003906,27563400,2024-03-12 00:00:00-04:00
138.04787651328522,140.1235567749136,138.0379504669147,138.83245849609375,23347200,2024-03-13 00:00:00-04:00
140.22287627299642,142.6064306421688,139.49788088513242,142.1197967529297,42753400,2024-03-14 00:00:00-04:00
141.52390192482534,142.19923677925948,139.07081974578682,140.2129364013672,49475400,2024-03-15 00:00:00-04:00
147.59204880216603,151.10779377020597,146.16191011880434,146.6684112548828,69273700,2024-03-18 00:00:00-04:00
147.14513750194737,147.77081182403458,145.07938326416507,146.0228729248047,24070400,2024-03-19 00:00:00-04:00
146.98620912870308,147.84031878791893,145.73484550652196,147.7211456298828,21311500,2024-03-20 00:00:00-04:00
148.44616000360566,149.33998911224745,145.89375674311398,146.58897399902344,24755600,2024-03-21 00:00:00-04:00
148.0985519993625,150.54170814315216,147.9595115784489,149.7372589111328,29211800,2024-03-22 00:00:00-04:00
148.91293885124503,149.3499273505425,146.8074653411052,149.04205322265625,19229300,2024-03-25 00:00:00-04:00
149.1910248920745,151.21704464082924,148.9526633875218,149.637939453125,22149100,2024-03-26 00:00:00-04:00
150.14443724209133,150.60129299369396,147.88005603945206,149.83656311035156,22879200,2024-03-27 00:00:00-04:00
149.8167100033746,150.39272376928287,149.14136000396124,149.89614868164062,24485400,2024-03-28 00:00:00-04:00
149.65778808095055,154.67319901919112,149.5783342559848,154.42491149902344,31730800,2024-04-01 00:00:00-04:00
152.448545024683,153.64032215037406,151.1077862868628,153.50128173828125,24586000,2024-04-02 00:00:00-04:00
152.54787531244028,154.01773335108788,151.6838243418592,153.85882568359375,24705000,2024-04-03 00:00:00-04:00
152.44855873219765,153.7098637544804,149.41944753109482,149.4989013671875,34724700,2024-04-04 00:00:00-04:00
149.00231646564103,152.36909488318793,148.57526917325976,151.4553985595703,23459200,2024-04-05 00:00:00-04:00
151.73346350325,154.20641258453443,151.56462981317682,153.78929138183594,20702000,2024-04-08 00:00:00-04:00
155.02079697777037,157.47387896093983,154.1269679407953,155.52731323242188,31079500,2024-04-09 00:00:00-04:00
155.13999287301036,155.5372468745642,153.6204591891085,155.07046508789062,22838600,2024-04-10 00:00:00-04:00
155.83519407658596,158.58620908812793,155.38827953878376,158.3180694580078,27166400,2024-04-11 00:00:00-04:00
156.87801737370006,159.12253144332848,156.0636269091037,156.6495819091797,25353700,2024-04-12 00:00:00-04:00
157.77185655319172,158.1492585148577,153.53110054810628,153.79925537109375,27136500,2024-04-15 00:00:00-04:00
153.1338236644043,154.5838143933326,152.3790198535887,153.34237670898438,20779500,2024-04-16 00:00:00-04:00
154.55402627985885,156.0040322116408,153.5211567597512,154.40505981445312,21763100,2024-04-17 00:00:00-04:00
154.275921257768,155.864967359591,153.56085202737432,154.9413299560547,19883000,2024-04-18 00:00:00-04:00
155.13001657019035,155.28892419656208,151.2567378915375,153.0344696044922,32615600,2024-04-19 00:00:00-04:00
153.25298111285292,156.56017258323456,153.00469360145132,155.20948791503906,26446200,2024-04-22 00:00:00-04:00
155.88486592805785,157.8810924240559,155.2095158950794,157.1759490966797,21151600,2024-04-23 00:00:00-04:00
156.41124269561158,158.47699709180742,156.09342733268733,158.04000854492188,22779100,2024-04-24 00:00:00-04:00
150.2934175121377,155.4180760423038,149.8365617646382,154.93142700195312,57109700,2024-04-25 00:00:00-04:00
173.17560811958387,173.51329072938805,168.48793762231108,170.77218627929688,64665300,2024-04-26 00:00:00-04:00
167.90195708676399,168.3886061017505,164.07833821221814,165.0118865966797,45610000,2024-04-29 00:00:00-04:00
164.47561025657222,166.94855978571303,161.48623351871703,161.6649932861328,33562900,2024-04-30 00:00:00-04:00
163.1745831231535,165.97525884524785,161.9728646968349,162.7375946044922,33493200,2024-05-01 00:00:00-04:00
163.66121676523363,165.5879306011689,162.76738763615438,165.4786834716797,24294500,2024-05-02 00:00:00-04:00
166.41223681348706,166.8095059662969,161.93313508971997,166.0944366455078,34662400,2024-05-03 00:00:00-04:00
166.31293186931515,166.98826670166156,164.89271926535207,166.94854736328125,21871300,2024-05-06 00:00:00-04:00
167.34580238509352,170.5834664593811,167.23655526104525,170.07696533203125,28039700,2024-05-07 00:00:00-04:00
167.84237044353367,168.98448702093918,167.58415686761862,168.2197723388672,19569100,2024-05-08 00:00:00-04:00
168.22970402279228,169.5208022541753,167.02798566826758,168.79580688476562,15346700,2024-05-09 00:00:00-04:00
166.87901799355728,168.68655853520565,165.05162536004164,167.49476623535156,29799900,2024-05-10 00:00:00-04:00
163.13483724153954,168.12045520894833,162.87662365956714,167.98141479492188,31327600,2024-05-13 00:00:00-04:00
168.60711477724234,170.0769728394624,167.64375786472982,169.17320251464844,25127100,2024-05-14 00:00:00-04:00
169.4612265184219,171.4673790473729,169.34203818737842,171.32833862304688,26948400,2024-05-15 00:00:00-04:00
172.1029744570571,173.9204409616944,171.50709348859317,172.98687744140625,27867900,2024-05-16 00:00:00-04:00
172.9868768718215,175.06257209479978,172.50024302231847,174.85400390625,24479300,2024-05-17 00:00:00-04:00
174.98311929112162,177.54544837857875,174.87387217348427,175.70811462402344,22554400,2024-05-20 00:00:00-04:00
175.68825488082155,176.92969256413505,174.60572485799662,176.6317596435547,16989400,2024-05-21 00:00:00-04:00
175.4300428084482,175.93654393206373,174.00984536056046,175.1718292236328,17880000,2024-05-22 00:00:00-04:00
175.85709871415395,177.02900857965074,171.7653099220249,172.3612060546875,21024900,2024-05-23 00:00:00-04:00
173.7814101180637,174.56600722798484,172.46051859158212,173.79135131835938,16579400,2024-05-24 00:00:00-04:00
173.25502605080788,176.0557165120748,173.17557222698463,175.19166564941406,20572200,2024-05-28 00:00:00-04:00
174.228332329354,175.62867774851856,173.52320417367446,174.6951141357422,23388700,2024-05-29 00:00:00-04:00
173.99990643242356,174.01977367898226,170.6132607219414,170.9310760498047,22931500,2024-05-30 00:00:00-04:00
170.6827744434952,171.8745515162422,168.27935305307957,171.31838989257812,37638900,2024-05-31 00:00:00-04:00
171.35812097814537,173.33449524100553,169.9875840699293,171.9838104248047,27459100,2024-06-03 00:00:00-04:00
172.09304724693698,172.6591500751279,170.71256922107634,172.59954833984375,26879600,2024-06-04 00:00:00-04:00
173.99989738382425,175.43996202192773,172.73859249264606,174.20846557617188,22068500,2024-06-05 00:00:00-04:00
174.69509279578756,175.9365303942632,174.5461263456775,175.5194091796875,23251000,2024-06-06 00:00:00-04:00
175.83722393107305,176.65159911291653,173.10606122293635,173.2649688720703,19661400,2024-06-07 00:00:00-04:00
173.9709162293112,176.0489786130458,171.77352873315732,174.01068115234375,23726700,2024-06-10 00:00:00-04:00
175.21378603801926,175.83024098669136,172.77777855811084,175.6114959716797,21540600,2024-06-11 00:00:00-04:00
177.23217556405126,179.379845400023,175.10439577424404,176.77479553222656,27864700,2024-06-12 00:00:00-04:00
175.10440825817855,175.7308157979112,173.8814358359176,174.1598358154297,20913300,2024-06-13 00:00:00-04:00
173.22520023784008,176.04898011878856,173.15559265736175,175.780517578125,18063600,2024-06-14 00:00:00-04:00
174.45813130980525,177.34156626154072,173.81183370223593,176.22796630859375,19618500,2024-06-17 00:00:00-04:00
176.1285226693017,176.3770951589655,173.10588787052086,174.09022521972656,21869900,2024-06-18 00:00:00-04:00
174.36860698909152,176.27764168979323,173.99078716097898,175.29330444335938,20160100,2024-06-20 00:00:00-04:00
175.98932165115332,179.81734403821838,175.60154917641552,178.60430908203125,57759000,2024-06-21 00:00:00-04:00
179.1312749634446,179.85710235428542,177.6497775263464,178.19664001464844,18298000,2024-06-24 00:00:00-04:00
178.59436448189186,183.23769694925022,178.39550951673985,182.97918701171875,23130200,2024-06-25 00:00:00-04:00
181.58718512405983,183.45643998230676,181.4380325230597,182.83004760742188,19839000,2024-06-26 00:00:00-04:00
183.128330697181,184.98766337259178,182.9692558226232,184.351318359375,18848900,2024-06-27 00:00:00-04:00
183.2675316089203,184.07290404421764,180.92100671054675,181.1099090576172,29156600,2024-06-28 00:00:00-04:00
181.98489431830802,182.8300468722603,180.2647768963167,181.94512939453125,16006100,2024-07-01 00:00:00-04:00
181.01049402811313,184.51039900838427,180.52328647575237,184.18228149414062,17372500,2024-07-02 00:00:00-04:00
183.79450966944947,185.027419540138,182.94935711411654,184.75897216796875,10242100,2024-07-03 00:00:00-04:00
184.79873308828007,189.77018290215648,184.7390781179793,189.5116729736328,20967500,2024-07-05 00:00:00-04:00
188.8156499349587,189.0841124617017,186.7077601573061,187.95062255859375,21035900,2024-07-08 00:00:00-04:00
189.22333223651012,190.26733979712682,187.64241473790693,187.9009246826172,15121400,2024-07-09 00:00:00-04:00
188.06994097173066,190.65510095160317,187.9506310307602,190.08834838867188,15952500,2024-07-10 00:00:00-04:00
188.76596657062842,189.77019403012062,184.02319892201342,184.51040649414062,25625800,2024-07-11 00:00:00-04:00
184.02319732602172,186.0416048375752,183.43656985987124,184.0132598876953,22898400,2024-07-12 00:00:00-04:00
183.86409734476058,187.16514729008762,183.86409734476058,185.46490478515625,16474000,2024-07-15 00:00:00-04:00
186.29015643949128,187.60261121941616,182.3229342731027,182.8697967529297,18290700,2024-07-16 00:00:00-04:00
181.92523630082098,182.5019263017259,178.8727588226684,179.9863739013672,20734100,2024-07-17 00:00:00-04:00
180.89116422058456,181.45791677729983,175.4623495627197,176.67538452148438,25315700,2024-07-18 00:00:00-04:00
177.85860388752832,179.2605412872754,176.11859635003367,176.64556884765625,18881900,2024-07-19 00:00:00-04:00
179.5588249067722,181.65677738382092,179.20087990499312,180.63265991210938,24100300,2024-07-22 00:00:00-04:00
181.01049348787305,182.5615834257329,180.50339588934585,180.75196838378906,36352700,2024-07-23 00:00:00-04:00
172.60873427607675,175.18394149926314,170.83889945173814,171.64427185058594,49585200,2024-07-24 00:00:00-04:00
171.5348983988805,172.4297532433613,166.23533139265734,166.32481384277344,44852000,2024-07-25 00:00:00-04:00
166.19555465619968,167.1301896118219,163.12320243356427,166.04641723632812,41336900,2024-07-26 00:00:00-04:00
167.86596604502552,169.45682078589076,167.03076616819678,168.5619659423828,20293800,2024-07-29 00:00:00-04:00
169.2679245935279,170.2522619227889,167.47819966988007,169.317626953125,18959700,2024-07-30 00:00:00-04:00
172.25079083759002,173.25501819286436,169.0392234792002,170.56048583984375,25729100,2024-07-31 00:00:00-04:00
169.2778602255202,173.0561649858844,167.9156878792241,169.78494262695312,24531400,2024-08-01 00:00:00-04:00
165.4896290110481,167.54780140914312,163.729731473792,165.7083740234375,29130100,2024-08-02 00:00:00-04:00
154.6120805725385,163.4910821616065,154.04532804302696,158.34066772460938,53630700,2024-08-05 00:00:00-04:00
158.4202088905404,159.65313380734776,155.51688425256785,157.38613891601562,49004600,2024-08-06 00:00:00-04:00
160.329247442372,162.0493647327587,157.56512271570298,158.03244018554688,25138600,2024-08-07 00:00:00-04:00
159.59348752582613,162.75533771588556,159.29521265364664,161.1048126220703,25578800,2024-08-08 00:00:00-04:00
159.09633805981707,162.8547530607689,158.15176559045875,162.73544311523438,28602300,2024-08-09 00:00:00-04:00
163.41156183996847,163.95840918346863,160.9158843175958,161.36331176757812,15895300,2024-08-12 00:00:00-04:00
162.4769083434817,163.78936305875365,162.03941838117134,163.22262573242188,18551700,2024-08-13 00:00:00-04:00
161.47267673043564,162.2880017461777,156.80946975586303,159.4542694091797,40591100,2024-08-14 00:00:00-04:00
159.58354749716605,160.71703750803647,158.6986299901853,160.3789825439453,31524300,2024-08-15 00:00:00-04:00
160.5479977673965,164.11749500950546,160.20994282911744,162.0294952392578,24208600,2024-08-16 00:00:00-04:00
164.3362450435517,165.73819754258415,163.32206502598987,165.7183074951172,22416200,2024-08-19 00:00:00-04:00
165.9470028325088,167.67707297668008,165.8674729797842,166.22540283203125,18341500,2024-08-20 00:00:00-04:00
164.20696955757205,165.89727451091318,163.72971465758596,164.90298461914062,22902000,2024-08-21 00:00:00-04:00
166.30493512161505,166.63305263271135,162.3774927696954,162.8647003173828,22493300,2024-08-22 00:00:00-04:00
163.77946141263345,165.23111641753695,162.89454385791046,164.67431640625,13955700,2024-08-23 00:00:00-04:00
165.42995714825835,166.59327450173777,163.52092237549783,165.21121215820312,14190400,2024-08-26 00:00:00-04:00
164.89303447390188,165.48961448654234,163.52092471948473,163.73965454101562,11821900,2024-08-27 00:00:00-04:00
164.09761789324529,164.6544330475145,160.60766539190482,161.92013549804688,16407400,2024-08-28 00:00:00-04:00
163.37178412416296,165.0223091315335,159.33496923436493,160.85623168945312,19699800,2024-08-29 00:00:00-04:00
161.69144289011467,162.72551303705623,160.76676042707592,162.44711303710938,22123800,2024-08-30 00:00:00-04:00
160.79659215048164,160.9258547151699,155.58650669543206,156.46148681640625,38945300,2024-09-03 00:00:00-04:00
155.76547872304474,158.09211373684093,155.06947874092558,155.55667114257812,19353800,2024-09-04 00:00:00-04:00
155.40752807028366,158.5395354620366,155.08934799190737,156.3421630859375,18688700,2024-09-05 00:00:00-04:00
156.40181776056022,156.92879023916618,149.69036035813147,150.05824279785156,37912100,2024-09-06 00:00:00-04:00
151.84037111346015,152.7264627958575,146.57360452316883,148.05706787109375,39260500,2024-09-09 00:00:00-04:00
149.78942780245947,150.60583478404823,147.68869140831964,148.00729370117188,31118800,2024-09-10 00:00:00-04:00
149.26176148971257,150.83482618648793,146.8723049733769,150.49632263183594,29607700,2024-09-11 00:00:00-04:00
153.1247267348267,154.14025256310887,151.97976682488095,154.0108184814453,29621500,2024-09-12 00:00:00-04:00
154.7475604574538,157.6846203163579,154.5285403677334,156.76866149902344,29591200,2024-09-13 00:00:00-04:00
156.61929036893335,157.55516550467146,155.91241630124466,157.36599731445312,18379800,2024-09-16 00:00:00-04:00
158.32181279555903,159.8450939790901,157.68462338017213,158.62049865722656,20715600,2024-09-17 00:00:00-04:00
159.1581056476457,159.7952950013501,157.9036433802318,159.1083221435547,23677300,2024-09-18 00:00:00-04:00
162.99122997550924,163.07086536284316,160.6316252452358,161.42811584472656,26587700,2024-09-19 00:00:00-04:00
162.78213342108606,163.01111932448998,161.34845348503907,162.87173461914062,40896400,2024-09-20 00:00:00-04:00
163.62841256235794,164.7634066817542,160.9601714446055,161.13938903808594,24150900,2024-09-23 00:00:00-04:00
162.31419475907774,162.5033629705114,159.98447247380625,161.5774383544922,23332100,2024-09-24 00:00:00-04:00
160.7610436422212,162.09515653085376,160.59179187501798,160.7809600830078,18869200,2024-09-25 00:00:00-04:00
162.92149572700265,163.3595662240988,161.56746655042878,162.01548767089844,20319300,2024-09-26 00:00:00-04:00
162.0951694277683,164.9724800827397,161.91596702181027,163.23016357421875,21101300,2024-09-27 00:00:00-04:00
162.6029055363192,165.42046626766094,162.5431562218553,165.12179565429688,20413900,2024-09-30 00:00:00-04:00
166.9537289039037,168.41727581616183,163.85738331840562,166.25680541992188,28338100,2024-10-01 00:00:00-04:00
165.6893137329917,166.78449014447432,164.00673142434744,165.13177490234375,17760200,2024-10-02 00:00:00-04:00
163.68814431760305,165.90834901528822,163.2002902448892,165.13177490234375,15073100,2024-10-03 00:00:00-04:00
167.3221169901183,167.491368768802,164.75344285896497,166.32650756835938,19047400,2024-10-04 00:00:00-04:00
166.9835979885841,167.74025561009242,162.0354184047515,162.264404296875,22463100,2024-10-07 00:00:00-04:00
163.22019363060423,164.0067183055417,162.15488437084886,163.65826416015625,23072700,2024-10-08 00:00:00-04:00
162.7323530653501,164.11624952090352,159.0386507061608,161.1493377685547,31181800,2024-10-09 00:00:00-04:00
160.16366845010265,162.35402113493024,159.695730848507,161.3683624267578,14144100,2024-10-10 00:00:00-04:00
161.41814270869355,163.18036025385564,160.53205102817606,162.5232696533203,15344300,2024-10-11 00:00:00-04:00
162.92152133437537,165.5001460300089,162.68256960973142,164.23573303222656,19016100,2024-10-14 00:00:00-04:00
165.06205820613152,166.94375916455598,163.9071629705859,164.7335205078125,20247200,2024-10-15 00:00:00-04:00
163.80760621471472,165.07203435121127,163.02108150744417,164.43484497070312,16406000,2024-10-16 00:00:00-04:00
165.00230840679544,165.63949768690946,162.04534786844684,162.214599609375,21453400,2024-10-17 00:00:00-04:00
162.47351346296364,163.98684412618314,162.36399581249785,162.70249938964844,19757700,2024-10-18 00:00:00-04:00
162.234547045473,163.77774463817317,161.90599412379152,163.34963989257812,20946500,2024-10-21 00:00:00-04:00
162.26441234616763,165.0421710211609,162.26441234616763,164.41493225097656,16568100,2024-10-22 00:00:00-04:00
164.0365946612512,165.09195335667494,161.21901831548328,162.06529235839844,18280500,2024-10-23 00:00:00-04:00
162.11507183508752,162.61287650871054,160.3030555310391,162.00555419921875,22412500,2024-10-24 00:00:00-04:00
162.95137630402328,164.86294438388538,162.70247397291948,164.5443572998047,19828900,2024-10-25 00:00:00-04:00
168.00907708946656,168.00907708946656,163.23014919167423,165.9879913330078,32138600,2024-10-28 00:00:00-04:00
166.99354716216052,169.6319209779577,166.3563578043749,168.9349822998047,42169000,2024-10-29 00:00:00-04:00
179.8866917411499,181.2208198283368,173.29576264414507,173.6940155029297,68890800,2024-10-30 00:00:00-04:00
172.36983860201502,176.0436392565969,170.24918598538505,170.35870361328125,44769000,2024-10-31 00:00:00-04:00
169.32328866587017,171.56340969304173,168.13851111414587,170.5379180908203,31796500,2024-11-01 00:00:00-04:00
169.18387535736116,169.98036580888692,167.2723073887744,168.49691772460938,21492700,2024-11-04 00:00:00-05:00
168.68609929058584,169.7812757458724,168.0986933699296,168.9947509765625,18242100,2024-11-05 00:00:00-05:00
173.03689275917634,176.1631052339176,172.73820694224352,175.7349853515625,33695500,2024-11-06 00:00:00-05:00
176.63105879108298,180.28494329004707,176.41202351829116,179.95639038085938,25352900,2024-11-07 00:00:00-05:00
179.85682974504894,180.1057320918823,177.29812151933496,177.5669403076172,22006200,2024-11-08 00:00:00-05:00
177.79591845275107,179.7572700755342,177.68640081725277,179.5581512451172,17450400,2024-11-11 00:00:00-05:00
179.03047096199322,181.68874596023673,178.6023510648301,180.8225555419922,25134900,2024-11-12 00:00:00-05:00
179.66766908027805,180.16547375277025,177.75608576913012,178.0946044921875,23184000,2024-11-13 00:00:00-05:00
177.49723958577857,178.03487716000262,173.55463493650558,174.80909729003906,31007500,2024-11-14 00:00:00-05:00
172.96721191394371,173.37541540242353,170.46823785970153,171.732666015625,32504600,2024-11-15 00:00:00-05:00
172.6585688053745,174.6697039128958,172.1408476982141,174.5303192138672,20135300,2024-11-18 00:00:00-05:00
172.95726124320882,178.08464343003916,172.7979600977284,177.3379364013672,23434900,2024-11-19 00:00:00-05:00
176.56135042889815,176.89985394642653,173.01698373526585,175.2073211669922,18997100,2024-11-20 00:00:00-05:00
173.1364567662256,173.36545785068716,162.98124461770655,166.8939971923828,59734400,2024-11-21 00:00:00-05:00
165.12181631038618,165.7291386198519,163.18036592990532,164.03659057617188,38604600,2024-11-22 00:00:00-05:00
165.3607616780629,167.88961806266173,164.88287341953946,166.91390991210938,33135300,2024-11-25 00:00:00-05:00
166.8939932592079,169.07438007569232,166.84420975542025,168.37744140625,20486700,2024-11-26 00:00:00-05:00
168.25796785528576,168.7358560546641,167.2822750172823,168.48695373535156,19266500,2024-11-27 00:00:00-05:00
167.76016976407897,168.68607913599834,166.4260569265254,168.20819091796875,14257200,2024-11-29 00:00:00-05:00
168.02898676148365,171.32445113236562,167.82986793872016,170.73704528808594,23789100,2024-12-02 00:00:00-05:00
170.73704276945597,171.9218050645491,170.09985343093683,170.5876922607422,22248700,2024-12-03 00:00:00-05:00
170.39853725449947,174.14203820088363,170.3089360574109,173.60440063476562,31615100,2024-12-04 00:00:00-05:00
174.5900625293299,175.28698606114204,171.57336730521956,171.8820037841797,21356200,2024-12-05 00:00:00-05:00
171.2746759024565,174.3112874696141,171.10542413534188,173.9429168701172,21462400,2024-12-06 00:00:00-05:00
173.3947185178427,175.68723243233256,173.08571309629525,174.8001251220703,25389600,2024-12-09 00:00:00-05:00
182.2558148271153,185.75440321939527,180.46166108394456,184.56826782226562,54813000,2024-12-10 00:00:00-05:00
184.70782161706586,194.97435419169267,184.2493249317854,194.76502990722656,67894100,2024-12-11 00:00:00-05:00
194.36631116084678,194.5457189168856,191.08700932100274,191.33619689941406,34817500,2024-12-12 00:00:00-05:00
190.3892909926089,192.10370292043277,189.0237477931648,189.2031707763672,25143500,2024-12-13 00:00:00-05:00
192.2432425689094,198.3533273175459,191.99405497177682,196.02093505859375,44934900,2024-12-16 00:00:00-05:00
196.60901291047233,200.76546017959686,194.34638528405358,194.7849578857422,43504000,2024-12-17 00:00:00-05:00
194.58561039475242,196.35982485436523,187.12992181114345,187.7877655029297,34166100,2024-12-18 00:00:00-05:00
191.00727128528027,192.40271566857012,187.76783270124025,187.89739990234375,32265200,2024-12-19 00:00:00-05:00
185.17629967372764,192.2631960692161,184.61812184829927,190.7880096435547,63462900,2024-12-20 00:00:00-05:00
191.99406521325346,194.46601725929617,189.5320904055188,193.99754333496094,25675000,2024-12-23 00:00:00-05:00
194.20684004621347,195.47271728515625,193.15028707875092,195.47271728515625,10403300,2024-12-24 00:00:00-05:00
194.51583613513964,196.11064287242172,193.7483492712215,194.96438598632812,12046600,2024-12-26 00:00:00-05:00
194.31647638353087,194.68528435280825,190.0304468655215,192.1335906982422,18891400,2024-12-27 00:00:00-05:00
189.1832377151322,191.92430144195808,188.50543950298513,190.61856079101562,14264700,2024-12-30 00:00:00-05:00
