Open,High,Low,Close,Volume,Date
190.71332852258354,191.3052751424728,189.63388004252567,191.21823120117188,3935700,2020-01-02 00:00:00-05:00
189.02449473331592,191.23560714414222,188.68499285534864,190.5827178955078,3423200,2020-01-03 00:00:00-05:00
188.45865302707685,191.51416977199017,188.38029622613155,191.47935485839844,5682800,2020-01-06 00:00:00-05:00
191.07893504379987,192.00168312874348,188.81558015830035,190.225830078125,5685400,2020-01-07 00:00:00-05:00
190.46955964811292,194.09962228017133,190.35638792765576,193.07240295410156,4916200,2020-01-08 00:00:00-05:00
193.812354622325,196.34556816552998,193.12465043915498,196.0321807861328,4843600,2020-01-09 00:00:00-05:00
195.6491639684883,196.29335287202397,194.15187008259133,195.1877899169922,4226600,2020-01-10 00:00:00-05:00
195.4315123650577,195.44021277301445,193.84716143460088,194.4217071533203,6060900,2020-01-13 00:00:00-05:00
193.67305429797165,195.82323718955678,193.52506766889502,193.9603271484375,3915100,2020-01-14 00:00:00-05:00
193.49896043199456,195.84935905320907,193.36838789645262,195.50985717773438,3444300,2020-01-15 00:00:00-05:00
196.67635646160943,199.2269841058189,196.21498244213254,199.19216918945312,5390800,2020-01-16 00:00:00-05:00
199.87991378170992,202.48277096820794,199.27055299912124,201.88211059570312,7979200,2020-01-17 00:00:00-05:00
201.5512790662582,203.40548893457623,201.14213404101366,202.78741455078125,4873500,2020-01-21 00:00:00-05:00
203.51862733087665,205.90385412783934,202.72646515093209,202.74386596679688,4030800,2020-01-22 00:00:00-05:00
202.0735948765581,204.41529328748132,200.77651668737062,203.3967742919922,4617900,2020-01-23 00:00:00-05:00
204.10191681977574,204.9463081378931,200.70688431353935,201.96043395996094,4467500,2020-01-24 00:00:00-05:00
198.65242308095563,202.36954274192908,198.65242308095563,201.25527954101562,3595600,2020-01-27 00:00:00-05:00
201.80369141191565,204.78956476891378,201.394546479169,203.5795440673828,3621900,2020-01-28 00:00:00-05:00
204.4848891705088,205.33800727664845,203.1791107893866,203.71884155273438,2564000,2020-01-29 00:00:00-05:00
201.96041288335013,203.09209026732697,201.58609608017082,202.6481170654297,4685700,2020-01-30 00:00:00-05:00
202.7961222533863,203.03115283136412,198.382584326206,198.56539916992188,5304700,2020-01-31 00:00:00-05:00
200.48054713983345,203.2923200540128,199.65355666896505,201.5599822998047,5100900,2020-02-03 00:00:00-05:00
203.7275407795517,205.75585144710965,203.7275407795517,204.5719451904297,3505100,2020-02-04 00:00:00-05:00
206.40009258778417,207.46212699701314,205.3206440765653,207.27931213378906,3868600,2020-02-05 00:00:00-05:00
207.18354680348043,208.4109819283616,206.73087315002908,207.91477966308594,3930300,2020-02-06 00:00:00-05:00
207.91478182228744,208.51544213572535,205.89518438672707,206.57418823242188,2456100,2020-02-07 00:00:00-05:00
205.96479017673056,209.45556640625,205.5991605263371,209.45556640625,2568000,2020-02-10 00:00:00-05:00
209.4556002802258,211.05735222939114,209.09868426282685,210.35223388671875,2692400,2020-02-11 00:00:00-05:00
210.77874242279242,210.92672903965888,207.91472784519183,210.30865478515625,3592100,2020-02-12 00:00:00-05:00
209.7689525787182,212.05842166926777,209.27275040102867,210.97897338867188,2468100,2020-02-13 00:00:00-05:00
211.91916157730194,213.45127033727903,211.21404326570413,213.30328369140625,2841600,2020-02-14 00:00:00-05:00
213.13790834336447,214.24347139788233,211.67544252771384,212.3544464111328,2892600,2020-02-18 00:00:00-05:00
213.19879395958725,213.71239693944915,211.54480002565492,212.09323120117188,2713300,2020-02-19 00:00:00-05:00
212.13679910958282,215.12267321159692,210.79619227283052,215.03562927246094,3701800,2020-02-20 00:00:00-05:00
214.58297129937043,215.33161830256927,212.40667341600968,213.5731658935547,3881100,2020-02-21 00:00:00-05:00
207.60140246761026,211.63191036900216,206.92239859556196,208.66343688964844,5350100,2020-02-24 00:00:00-05:00
214.23472536349828,214.99207262223769,205.86032377967848,206.643798828125,8061500,2020-02-25 00:00:00-05:00
208.14112423489078,209.82992014824765,203.98004395732056,204.81573486328125,6963000,2020-02-26 00:00:00-05:00
201.15086100251494,204.4153077279657,195.49248667840027,195.6317596435547,7612800,2020-02-27 00:00:00-05:00
190.32158283972043,192.43693774076206,184.83731020592387,189.6338653564453,11809600,2020-02-28 00:00:00-05:00
191.4968133202038,200.21941957940052,190.19974819017972,200.1671905517578,7150800,2020-03-02 00:00:00-05:00
200.245498593406,205.28581139647815,196.3629910188121,198.42611694335938,8432500,2020-03-03 00:00:00-05:00
202.83960634113873,210.07362963758706,201.7862858990536,209.8647003173828,6770000,2020-03-04 00:00:00-05:00
205.96480693012137,208.58506441730822,202.9615056630163,204.4065704345703,6473900,2020-03-05 00:00:00-05:00
198.1039951093006,200.47179432867975,193.47282812323567,198.92227172851562,7399900,2020-03-06 00:00:00-05:00
186.17791746195823,188.188814477061,180.4150852149618,183.20945739746094,10120500,2020-03-09 00:00:00-04:00
189.08542277490872,196.58929170668472,183.67949437091298,196.4761199951172,7206600,2020-03-10 00:00:00-04:00
190.4293738616161,192.05060070590238,184.47023762039439,186.564697265625,7253900,2020-03-11 00:00:00-04:00
171.2462279578857,181.03497989934672,161.98327391337554,167.02224731445312,10928700,2020-03-12 00:00:00-04:00
175.6630053821969,180.36897782389863,166.50522090671498,180.23751831054688,10292300,2020-03-13 00:00:00-04:00
159.46817793591094,163.0874797390127,142.94034415546716,144.56158447265625,12536600,2020-03-16 00:00:00-04:00
147.40969113465763,153.1672588325745,136.09609755270128,152.16822814941406,16234400,2020-03-17 00:00:00-04:00
140.03963363975657,142.2567806697664,123.24013758727904,136.38528442382812,14681900,2020-03-18 00:00:00-04:00
134.2207285211451,142.76507477206462,124.44073514159716,141.20518493652344,13499100,2020-03-19 00:00:00-04:00
142.65116620208167,149.1711627174516,133.03767880125372,133.33563232421875,12602400,2020-03-20 00:00:00-04:00
131.50405866975763,144.5352777962679,128.24406089061665,142.3093719482422,12241600,2020-03-23 00:00:00-04:00
151.9491429887695,162.71063613708017,150.73978512498374,161.87811279296875,14676600,2020-03-24 00:00:00-04:00
161.61522549536724,167.8635573376829,157.74178981672242,159.28414916992188,11497400,2020-03-25 00:00:00-04:00
160.80019616821872,173.6911953550791,159.93261170725293,171.07093811035156,10170300,2020-03-26 00:00:00-04:00
165.18191794650463,172.0962645632866,163.43799034023777,166.9871826171875,7121700,2020-03-27 00:00:00-04:00
167.00475921681794,173.6912499079736,164.4107770080198,171.85093688964844,6936700,2020-03-30 00:00:00-04:00
170.71163693877247,171.31631581155932,162.5178236825449,163.6220245361328,7335400,2020-03-31 00:00:00-04:00
154.15754402522177,160.16048725320692,153.36006845996513,156.54119873046875,7858200,2020-04-01 00:00:00-04:00
153.3162276750091,160.12541752840954,152.48370437722158,158.8897705078125,6353900,2020-04-02 00:00:00-04:00
157.35619480663166,158.924856742085,153.30749319407673,156.6025390625,7299800,2020-04-03 00:00:00-04:00
164.75252139264978,168.61719810905052,162.2374206908347,167.67074584960938,7454000,2020-04-06 00:00:00-04:00
177.82757229543373,178.87042291188567,168.12645938350616,168.5120391845703,6438800,2020-04-07 00:00:00-04:00
170.19461712994752,172.4380535610084,167.8547690409941,170.72918701171875,6094700,2020-04-08 00:00:00-04:00
175.0933509840934,180.5179168174822,172.2014161304171,176.6094207763672,7125100,2020-04-09 00:00:00-04:00
175.66298481684422,175.66298481684422,171.21115993231447,174.208251953125,4415600,2020-04-13 00:00:00-04:00
176.9161676167826,183.79545364058677,175.3825670330641,181.55201721191406,5655400,2020-04-14 00:00:00-04:00
174.10309181047901,177.2316432709969,172.29782706301464,173.93658447265625,5693900,2020-04-15 00:00:00-04:00
174.49746681937623,177.20537767356126,172.4818880054438,175.13720703125,7262800,2020-04-16 00:00:00-04:00
181.55200118831934,184.25113958207297,180.6668994577312,183.52377319335938,6717600,2020-04-17 00:00:00-04:00
180.64063518643147,184.9347116862297,179.96584715179924,180.57052612304688,4753100,2020-04-20 00:00:00-04:00
175.9258949088462,179.07196374303246,174.83922454233675,175.80320739746094,4845000,2020-04-21 00:00:00-04:00
176.92489729580666,180.2725341552344,176.26764001028974,178.92295837402344,4067700,2020-04-22 00:00:00-04:00
178.1781009886268,181.37674823271527,177.1878289205841,177.3017578125,3565500,2020-04-23 00:00:00-04:00
179.41375032657024,186.59976232213765,178.6425773573458,185.9425048828125,5025200,2020-04-24 00:00:00-04:00
188.4488344574595,193.61926732256933,187.54620203785728,190.83248901367188,5472800,2020-04-27 00:00:00-04:00
196.29212565231373,196.49368085184236,190.08761395555226,190.7185821533203,5080700,2020-04-28 00:00:00-04:00
193.9698162016816,196.4498692607867,192.63778405887615,194.38169860839844,4381100,2020-04-29 00:00:00-04:00
189.9824242473306,194.64457619054616,189.74582122631466,192.64651489257812,5152700,2020-04-30 00:00:00-04:00
189.96489241020635,192.53257120546016,189.08854933383017,191.5423126220703,3819300,2020-05-01 00:00:00-04:00
189.88604007620677,195.12658209295466,188.59782786137094,194.40797424316406,4090900,2020-05-04 00:00:00-04:00
197.1246284330929,200.55113332639712,195.95909045000215,197.71177673339844,4655200,2020-05-05 00:00:00-04:00
199.25418637448067,200.1918801924009,196.12564751870983,196.23080444335938,3321100,2020-05-06 00:00:00-04:00
198.50049885516174,202.98738525497697,198.42163117426614,201.0769500732422,4501300,2020-05-07 00:00:00-04:00
203.92509188024943,206.42267573990011,202.56675703328042,205.441162109375,4365200,2020-05-08 00:00:00-04:00
203.1100912344897,209.24449436014197,202.65438897244155,207.30776977539062,4378300,2020-05-11 00:00:00-04:00
209.069173003627,209.66507987376806,204.1002960205078,204.1002960205078,4399600,2020-05-12 00:00:00-04:00
204.22301370661683,207.07990110032478,200.27946930155244,201.64657592773438,6237200,2020-05-13 00:00:00-04:00
198.3777813106527,205.64267302625575,198.22880458975476,205.48492431640625,6434500,2020-05-14 00:00:00-04:00
204.0039223654206,213.15294727618473,203.92505468872608,209.73521423339844,16176300,2020-05-15 00:00:00-04:00
215.44023339866803,217.61357440779918,213.86281278621396,215.01083374023438,8314800,2020-05-18 00:00:00-04:00
210.71665494338924,212.47811279155553,208.39435152656787,208.65725708007812,9387000,2020-05-19 00:00:00-04:00
212.07507178081772,212.31168820835194,205.89684904008828,208.7362060546875,7534200,2020-05-20 00:00:00-04:00
208.23667933397354,211.35645917267365,206.63296957762083,211.09356689453125,4772700,2020-05-21 00:00:00-04:00
210.93583286352575,212.3730353626415,209.1480983878209,211.9699249267578,3041800,2020-05-22 00:00:00-04:00
217.4645613989582,217.525911841958,212.13640646940038,212.49569702148438,4535200,2020-05-26 00:00:00-04:00
212.67974128120912,216.79855180046798,211.00592249750517,216.7722625732422,4664800,2020-05-27 00:00:00-04:00
218.66515438157958,221.04003691504715,214.20455742528642,214.82676696777344,5259300,2020-05-28 00:00:00-04:00
214.7566916330825,218.83169608994535,214.46749673315512,217.7537841796875,5341600,2020-05-29 00:00:00-04:00
218.56877907412863,218.89302180633524,215.46651639735254,216.71092224121094,3407800,2020-06-01 00:00:00-04:00
217.88522655309555,221.46946723676788,216.45678277640155,221.46070861816406,5301000,2020-06-02 00:00:00-04:00
221.98077598390023,222.88879792798176,220.7377509510894,221.2755126953125,4638100,2020-06-03 00:00:00-04:00
220.191221465689,222.3069982945216,218.16359415785217,219.46832275390625,4759400,2020-06-04 00:00:00-04:00
222.4568822161957,225.55122255201704,220.72900080779928,224.71371459960938,5054300,2020-06-05 00:00:00-04:00
222.58909816555808,226.39749896165372,222.38632602843944,226.3622283935547,3811900,2020-06-08 00:00:00-04:00
225.09279395824328,227.7022647473454,223.7968762066387,226.35345458984375,3716100,2020-06-09 00:00:00-04:00
226.96175812516964,228.5838547807942,224.11425788255505,224.3170166015625,3589800,2020-06-10 00:00:00-04:00
219.38897415241556,220.9405428594059,210.46743054660527,211.11097717285156,6563700,2020-06-11 00:00:00-04:00
214.2846538151896,217.21147871737034,208.97756329550407,213.73806762695312,5238500,2020-06-12 00:00:00-04:00
209.48007694456174,213.53533177290512,206.56206264648648,212.7771759033203,6250900,2020-06-15 00:00:00-04:00
219.86501461871046,221.84856030836042,214.10832531555764,220.34988403320312,5291600,2020-06-16 00:00:00-04:00
222.83596534026432,224.46687284031302,220.46452378997537,221.14334106445312,4234000,2020-06-17 00:00:00-04:00
219.82980182604018,221.93676802312385,217.8638910237546,219.69757080078125,3347800,2020-06-18 00:00:00-04:00
223.12691134363672,224.1847999498249,217.20271900684276,217.44073486328125,11114600,2020-06-19 00:00:00-04:00
216.6031840179137,220.44685526843116,216.43568245384796,219.6534423828125,3815200,2020-06-22 00:00:00-04:00
223.03870822776153,223.42660378566,220.50858963662523,220.66726684570312,3105300,2020-06-23 00:00:00-04:00
218.46334099111093,220.6496456504044,213.9849334079352,216.9822998046875,3873000,2020-06-24 00:00:00-04:00
215.8097903035379,217.17623568507238,213.5176875053652,216.32110595703125,2938400,2020-06-25 00:00:00-04:00
216.29463141058193,216.95581327128053,211.79858937711964,212.4685821533203,5002700,2020-06-26 00:00:00-04:00
213.923249850192,217.30849869061583,211.87798693507148,216.97349548339844,3468300,2020-06-29 00:00:00-04:00
217.74924042585732,221.84856285073323,216.94700315375584,220.84356689453125,4524600,2020-06-30 00:00:00-04:00
220.08541006665544,220.68488865182434,217.68752262954033,218.76304626464844,3677300,2020-07-01 00:00:00-04:00
222.10427913252616,222.42164705851877,218.5603395342392,219.0716552734375,3369800,2020-07-02 00:00:00-04:00
220.63200440130825,221.7163389925066,217.78450455719593,219.9972686767578,3133800,2020-07-06 00:00:00-04:00
218.0754221253672,221.08159911830148,217.81096012158568,218.05780029296875,2927800,2020-07-07 00:00:00-04:00
218.51622579958737,220.20885000455294,217.06163086694272,219.6622772216797,2294000,2020-07-08 00:00:00-04:00
220.09427286038002,220.84360440794046,217.1762583801179,218.59559631347656,2994700,2020-07-09 00:00:00-04:00
218.88647692394022,220.68489931456028,217.4318820521636,220.49095153808594,2745300,2020-07-10 00:00:00-04:00
222.086587111716,227.32313637522503,219.59172583533035,220.0589599609375,4437500,2020-07-13 00:00:00-04:00
219.5124143761121,227.60527524444853,219.0363692757671,227.261474609375,4614200,2020-07-14 00:00:00-04:00
229.33315962300716,230.34696649229775,224.93407773944406,227.27024841308594,4343700,2020-07-15 00:00:00-04:00
226.35343013616537,229.65051529751622,225.68342386243438,227.51708984375,2511200,2020-07-16 00:00:00-04:00
229.23616658335936,229.78273930432104,227.19972852761643,229.5447235107422,3091300,2020-07-17 00:00:00-04:00
228.36340366057078,230.26761062446553,227.46417912276695,229.35958862304688,2451100,2020-07-20 00:00:00-04:00
230.63787805913879,232.62142379462668,229.8444651456558,231.34315490722656,2439900,2020-07-21 00:00:00-04:00
231.49300574915162,234.13773337370984,230.9728792114158,233.76748657226562,2750000,2020-07-22 00:00:00-04:00
236.08603729950917,236.08603729950917,230.79658140568688,232.5685577392578,2680100,2020-07-23 00:00:00-04:00
233.6528686074464,235.28378929523552,231.84562198990082,233.89088439941406,2984500,2020-07-24 00:00:00-04:00
233.69693557117603,236.8617895998713,233.69693557117603,235.7510223388672,2412500,2020-07-27 00:00:00-04:00
236.75603953099036,237.20565188327362,233.32672300941968,233.86447143554688,2227000,2020-07-28 00:00:00-04:00
233.44132352527873,235.47776201575138,232.88595322170346,233.3179168701172,2874100,2020-07-29 00:00:00-04:00
232.1541796038507,235.68930734854627,230.57615130959564,234.7724609375,2347800,2020-07-30 00:00:00-04:00
233.61764268741373,235.53067446698861,229.74751108918286,234.0496063232422,3640600,2020-07-31 00:00:00-04:00
235.1427656108042,236.7736596147493,234.20829724503335,234.6578826904297,2363500,2020-08-03 00:00:00-04:00
235.05460526048458,236.16539959217846,232.59500077040394,236.1477508544922,2224000,2020-08-04 00:00:00-04:00
236.6062230774529,236.6062230774529,234.4022828210747,235.80398559570312,1959900,2020-08-05 00:00:00-04:00
235.02810704388952,238.41335479215655,234.96639028277306,237.47006225585938,2203400,2020-08-06 00:00:00-04:00
238.56329478645952,242.36291251726095,237.85804467001748,239.47134399414062,2846300,2020-08-07 00:00:00-04:00
240.15888982535392,242.4333435380728,239.612290233661,242.19532775878906,2393100,2020-08-10 00:00:00-04:00
244.80485575627765,246.28589706511272,241.91328738511902,242.36289978027344,3321300,2020-08-11 00:00:00-04:00
246.6209042737725,249.45958028025137,244.1612995185261,248.2341766357422,3867900,2020-08-12 00:00:00-04:00
247.86392998450785,249.177469713916,246.612080133019,248.30471801757812,2202400,2020-08-13 00:00:00-04:00
247.84627959286476,248.60442200868437,246.1271957005283,247.3261260986328,2490400,2020-08-14 00:00:00-04:00
250.72014471275546,254.9693463997447,249.98844865799458,254.1053924560547,5584400,2020-08-17 00:00:00-04:00
254.68728632878577,256.16832746650306,249.5212641804757,251.2491455078125,6934300,2020-08-18 00:00:00-04:00
253.41780339222288,253.86741571517277,248.54268968920837,249.362548828125,4986800,2020-08-19 00:00:00-04:00
247.3172977159435,248.525052331851,246.3475588954324,247.44070434570312,3530000,2020-08-20 00:00:00-04:00
246.81477501840058,249.97080450923912,245.44834330523545,249.688720703125,5519100,2020-08-21 00:00:00-04:00
251.2403032070752,252.8800483453116,248.53388568306053,252.79188537597656,4430900,2020-08-24 00:00:00-04:00
253.25032872300747,253.4354790542233,250.27062443155012,252.24534606933594,2854500,2020-08-25 00:00:00-04:00
253.65585664139638,257.52596105469024,252.3687363896025,257.35845947265625,4001900,2020-08-26 00:00:00-04:00
257.6141652267278,258.25772545554054,252.62444134573553,254.44931030273438,3430900,2020-08-27 00:00:00-04:00
254.16711066841296,254.62552038817108,251.04632487803667,252.38633728027344,3100100,2020-08-28 00:00:00-04:00
251.24919902601565,252.73906484971855,249.37143754977654,251.2844696044922,4105400,2020-08-31 00:00:00-04:00
250.39396112396227,252.7301314987354,249.92672704900764,252.07777404785156,3235100,2020-09-01 00:00:00-04:00
252.44118490758802,255.2682446896196,251.33340370915684,254.52381896972656,3464600,2020-09-02 00:00:00-04:00
254.6124595176659,254.9669711927759,241.20389651992727,243.38400268554688,5380100,2020-09-03 00:00:00-04:00
244.19926662447293,245.28046211195198,234.5571621839548,238.9794158935547,5253500,2020-09-04 00:00:00-04:00
236.71950340991296,240.20238757651205,232.90874742607906,238.62490844726562,5241200,2020-09-08 00:00:00-04:00
241.46084984738047,247.91256660311097,240.8316376859472,245.519775390625,4754700,2020-09-09 00:00:00-04:00
246.379374652162,249.01146348986208,240.31760003558148,241.67352294921875,3156300,2020-09-10 00:00:00-04:00
242.80791128030447,246.35281093055553,242.3470570166915,244.89051818847656,3729200,2020-09-11 00:00:00-04:00
246.85799230404314,250.3231357117936,246.38829407997406,248.7190704345703,3055800,2020-09-14 00:00:00-04:00
250.8371577621099,254.08074484621898,250.25224595558763,253.08815002441406,4174900,2020-09-15 00:00:00-04:00
253.11472865145382,253.97436804910174,248.7456455577797,249.5875701904297,3379100,2020-09-16 00:00:00-04:00
246.29077836263787,250.55351819574147,245.44885384448264,248.10752868652344,3166600,2020-09-17 00:00:00-04:00
246.73389447782878,247.99231877618848,239.99857936949857,243.8802490234375,6072900,2020-09-18 00:00:00-04:00
240.93799031828684,241.8508010012278,236.20555198722425,241.36338806152344,3548000,2020-09-21 00:00:00-04:00
240.769666671422,242.40031786729142,239.83914098775912,242.21421813964844,2972000,2020-09-22 00:00:00-04:00
244.08410519185114,245.14755898110755,234.5749010577666,236.2232666015625,4467600,2020-09-23 00:00:00-04:00
235.47881456137597,239.01487036266508,233.85703486712913,235.469970703125,3095600,2020-09-24 00:00:00-04:00
234.13178427266308,239.41367768547968,233.89251325967678,237.99571228027344,2457700,2020-09-25 00:00:00-04:00
240.9911117901824,243.02057422578704,239.5465609884591,241.34559631347656,3061100,2020-09-28 00:00:00-04:00
242.29388774405538,242.6838288725309,240.2644251043221,241.15065002441406,2048900,2020-09-29 00:00:00-04:00
242.36481112923713,248.07210201954385,241.5140156972654,246.113525390625,4778800,2020-09-30 00:00:00-04:00
247.646734326978,248.14301819974207,244.46518958908442,246.03379821777344,2696900,2020-10-01 00:00:00-04:00
243.6587404101996,249.10014866719794,242.91431454338445,247.5315399169922,2943600,2020-10-02 00:00:00-04:00
248.95831990856908,250.2876573071625,247.87712440922888,250.00405883789062,2330700,2020-10-05 00:00:00-04:00
250.35855339372975,250.80166587761246,244.39424962431022,245.01461791992188,2992500,2020-10-06 00:00:00-04:00
248.89624597843914,251.6878487509204,248.14294947273842,250.6155242919922,3423700,2020-10-07 00:00:00-04:00
251.54607046288925,252.52979415805652,249.179865143279,252.14869689941406,2256200,2020-10-08 00:00:00-04:00
252.99063802682798,254.5947030256634,251.76764326629285,253.3894500732422,2240100,2020-10-09 00:00:00-04:00
254.69216706425172,255.5251935232684,253.51347289403435,254.2667694091797,2411900,2020-10-12 00:00:00-04:00
253.1945250845891,257.68766584377477,253.1945250845891,257.3243103027344,2699900,2020-10-13 00:00:00-04:00
256.5710223416898,257.2711206570024,252.70706706816742,254.4263458251953,2221000,2020-10-14 00:00:00-04:00
251.7942179165562,257.2267809597021,250.907993003689,254.8251190185547,2699400,2020-10-15 00:00:00-04:00
255.45434225422056,259.35372663149377,254.56811730277488,254.9314727783203,3108600,2020-10-16 00:00:00-04:00
256.7926059613848,257.1027631249232,251.13848522461038,251.44866943359375,2428100,2020-10-19 00:00:00-04:00
252.6981763291583,256.81911662942474,251.80308054204906,253.4957733154297,2281500,2020-10-20 00:00:00-04:00
252.9197137098286,255.25046226225666,251.04976528082122,252.13983154296875,2304500,2020-10-21 00:00:00-04:00
251.62579234815587,253.1766856949961,248.71897618560976,249.17095947265625,2787000,2020-10-22 00:00:00-04:00
250.2522111061842,250.9700511675328,247.7441792981403,250.80166625976562,1750600,2020-10-23 00:00:00-04:00
247.82391380565258,249.49886459883214,241.05314341326562,244.6334991455078,2911900,2020-10-26 00:00:00-04:00
245.4754729067625,247.903747983746,244.70446142494876,245.34254455566406,3014100,2020-10-27 00:00:00-04:00
239.50235206662904,242.53325404643235,238.1198429657913,239.03265380859375,3255900,2020-10-28 00:00:00-04:00
239.00602167799798,242.5597925716008,236.89680185721943,238.95285034179688,2872500,2020-10-29 00:00:00-04:00
238.2350307558773,238.94399999652006,232.21755493391902,236.36508178710938,3872800,2020-10-30 00:00:00-04:00
239.41363876060555,243.51686415952324,237.96908792215086,239.93650817871094,2956400,2020-11-02 00:00:00-05:00
243.57887246447078,247.72639771022045,242.5774341922404,245.81214904785156,3037500,2020-11-03 00:00:00-05:00
245.27163451542484,254.3820262427194,244.60696577935147,250.55352783203125,3525300,2020-11-04 00:00:00-05:00
255.54297021602744,256.1190110255091,251.7587723634207,253.32740783691406,2516600,2020-11-05 00:00:00-05:00
254.10732305453843,254.15162348968647,250.66876546923902,251.90060424804688,2839100,2020-11-06 00:00:00-05:00
255.21505408841253,255.60499520445708,238.811022685916,239.25413513183594,7856400,2020-11-09 00:00:00-05:00
241.75332137884556,244.41199633547288,238.61607735730206,244.21702575683594,4828500,2020-11-10 00:00:00-05:00
245.7679013328796,249.64069990644398,244.7487480838529,246.1489715576172,2987900,2020-11-11 00:00:00-05:00
250.80169644111822,251.41319390703057,242.68387150166984,244.81080627441406,3818600,2020-11-12 00:00:00-05:00
244.97037141107626,247.90377453642722,243.94234697673323,245.63504028320312,3939200,2020-11-13 00:00:00-05:00
247.41629163756338,249.28624047105825,244.95258719320742,247.76193237304688,5360200,2020-11-16 00:00:00-05:00
241.14178192593013,242.40907694336477,238.74896406403863,241.4696807861328,8532200,2020-11-17 00:00:00-05:00
239.72387912672423,244.04866175395222,238.39454153452428,239.13009643554688,5122200,2020-11-18 00:00:00-05:00
239.65293263944235,241.38992574954455,238.12862483596285,240.10488891601562,3929400,2020-11-19 00:00:00-05:00
240.5658030598736,241.38111496862496,238.27932726243253,239.1123809814453,4111000,2020-11-20 00:00:00-05:00
239.2896000197746,242.55090124422836,238.88191708263918,240.5214385986328,3294200,2020-11-23 00:00:00-05:00
242.8257157187805,244.1993540223681,241.55842011670313,242.21421813964844,4773400,2020-11-24 00:00:00-05:00
242.36480573053024,243.48143076128122,240.35305781260502,242.79017639160156,3001700,2020-11-25 00:00:00-05:00
243.9245646367442,245.1121029121833,243.14468229575348,244.5892333984375,1625300,2020-11-27 00:00:00-05:00
243.90683666609866,246.15785565653877,240.98230509117764,245.84767150878906,4624100,2020-11-30 00:00:00-05:00
247.0175005874293,247.21247116656417,244.19928457167268,245.1298370361328,3942400,2020-12-01 00:00:00-05:00
244.1229271903762,244.24766105040953,240.20228118956,241.5655975341797,4168600,2020-12-02 00:00:00-05:00
241.14680900389072,242.3051724608702,238.03702814703897,238.92808532714844,4168900,2020-12-03 00:00:00-05:00
238.33108310288696,239.45382393659202,234.18767234013578,235.23019409179688,7732800,2020-12-04 00:00:00-05:00
234.79359418478887,235.68465146822263,232.56595097620456,234.0272979736328,6379000,2020-12-07 00:00:00-05:00
233.20748901367188,233.90251253462992,230.543236715484,233.20748901367188,5338100,2020-12-08 00:00:00-05:00
235.7825852231947,236.8162146304793,233.67970370668283,236.64691162109375,4550100,2020-12-09 00:00:00-05:00
235.3103644266551,237.08358667812834,233.5549807219617,235.96084594726562,4234300,2020-12-10 00:00:00-05:00
234.66876593737703,236.45087999410524,234.0361230612512,235.7291259765625,3454500,2020-12-11 00:00:00-05:00
237.14592857021583,239.33792122738888,236.3706861200757,236.64691162109375,4576800,2020-12-14 00:00:00-05:00
238.36669401777343,239.48051539508663,237.19941138978157,238.78549194335938,3754100,2020-12-15 00:00:00-05:00
239.2756047715138,241.25375297503658,238.36673615640152,240.22012329101562,4669600,2020-12-16 00:00:00-05:00
242.5100680889132,244.44364648475678,241.74374495481382,244.1228790283203,4247000,2020-12-17 00:00:00-05:00
244.67539767033117,245.70010803011618,240.85275459980122,240.98643493652344,9817000,2020-12-18 00:00:00-05:00
239.30231266499177,242.32300953985788,236.91428596306358,241.4675750732422,4339000,2020-12-21 00:00:00-05:00
240.63888984462344,241.79725325327186,239.25776215024214,240.62107849121094,3140100,2020-12-22 00:00:00-05:00
240.63893253814572,241.4765285765378,238.9815790108449,240.41616821289062,2337100,2020-12-23 00:00:00-05:00
240.0864228698908,241.79723724301263,240.05077297252038,241.4051971435547,1093900,2020-12-24 00:00:00-05:00
242.51901284713875,242.59028544731459,239.90819498545167,239.9171142578125,2633800,2020-12-28 00:00:00-05:00
240.56758925678665,240.99527923218776,236.19249593072755,237.1904754638672,2572100,2020-12-29 00:00:00-05:00
237.11916257591344,238.17952256953322,236.05882977519497,236.36178588867188,2511400,2020-12-30 00:00:00-05:00
236.6380446913086,236.97665074606584,234.86482254027555,236.68258666992188,2607900,2020-12-31 00:00:00-05:00
237.03013773134404,237.41328580631196,232.61939365356207,235.16783142089844,5002000,2021-01-04 00:00:00-05:00
234.04509550871296,237.49348264109716,233.68867805496916,237.06576538085938,3822600,2021-01-05 00:00:00-05:00
235.29260697990858,240.38053694930963,233.34118916390068,238.42022705078125,3949200,2021-01-06 00:00:00-05:00
237.86776141104446,239.49838433463324,237.17273779220002,237.2529296875,3833200,2021-01-07 00:00:00-05:00
238.22413590193833,241.23591343764025,237.91226045901004,239.77456665039062,3757700,2021-01-08 00:00:00-05:00
238.33111884080466,243.58835195137974,238.1440044047656,241.68150329589844,3764400,2021-01-11 00:00:00-05:00
241.57449532314575,247.66043099751008,241.16461664062743,246.22581481933594,4030900,2021-01-12 00:00:00-05:00
247.9901262266845,249.9237323083135,244.09621062815066,244.1942138671875,3921400,2021-01-13 00:00:00-05:00
244.59520849906716,244.9516259508302,238.50929961131072,239.10629272460938,4641400,2021-01-14 00:00:00-05:00
239.36471636288076,246.27932940967096,238.80334593760966,245.56646728515625,5131700,2021-01-15 00:00:00-05:00
247.7139469989019,247.7139469989019,243.27647154019243,243.42796325683594,3615800,2021-01-19 00:00:00-05:00
243.48136255373953,247.00994120034005,241.9220125648318,244.41696166992188,3498400,2021-01-20 00:00:00-05:00
246.12781055106402,250.11975642912017,245.6377399887768,248.6494903564453,4397900,2021-01-21 00:00:00-05:00
248.83663932470157,254.0225714985478,247.5980567792824,253.06024169921875,4501900,2021-01-22 00:00:00-05:00
252.92661521200068,254.63742996728948,250.76135254066162,254.02259826660156,4025900,2021-01-25 00:00:00-05:00
254.32548547813488,254.53041117224757,251.01075255148214,251.8126983642578,2472200,2021-01-26 00:00:00-05:00
249.4870957907735,250.21776921833157,243.32988729871212,244.1942138671875,4337000,2021-01-27 00:00:00-05:00
246.08324314215488,252.13350107238432,244.97831388348268,247.75840759277344,3463000,2021-01-28 00:00:00-05:00
245.76248303905922,246.87630453399456,240.61217353419454,241.3161163330078,4079500,2021-01-29 00:00:00-05:00
241.68145677483184,242.94674278456927,238.13503929080164,240.6478271484375,3707800,2021-02-01 00:00:00-05:00
240.58544501268707,245.65556267746115,240.57652573891906,242.5101318359375,4111800,2021-02-02 00:00:00-05:00
242.2695080104644,245.6822444574033,241.21804005248967,244.30111694335938,2802700,2021-02-03 00:00:00-05:00
244.37242705640116,248.99701590976522,244.37242705640116,248.44456481933594,2976000,2021-02-04 00:00:00-05:00
249.75445720977686,251.06431252313735,247.54462532536493,248.480224609375,2389900,2021-02-05 00:00:00-05:00
249.2197946645099,249.870276220974,246.72484533941562,249.5227508544922,3475600,2021-02-08 00:00:00-05:00
249.19304232536356,249.67422079360588,246.4842210134699,246.6178741455078,2507800,2021-02-09 00:00:00-05:00
247.74060388611574,248.5425498357895,246.15452333928377,248.32870483398438,2410600,2021-02-10 00:00:00-05:00
247.65152768971654,249.71878697527464,245.9407130480128,246.87631225585938,2595300,2021-02-11 00:00:00-05:00
246.9298030797149,248.34658097207438,246.4486245072249,247.27732849121094,2392200,2021-02-12 00:00:00-05:00
246.83179892456022,248.275307443847,244.9338424666418,245.38829040527344,2873500,2021-02-16 00:00:00-05:00
245.52187396827617,251.0909806849567,245.39711292522867,250.31576538085938,3536400,2021-02-17 00:00:00-05:00
250.20885115620797,253.66615744685055,249.34452458354733,252.21372985839844,3532000,2021-02-18 00:00:00-05:00
252.0532827901309,252.97998966043275,248.9969638846259,249.17518615722656,4079900,2021-02-19 00:00:00-05:00
247.90097731438607,248.15047220373742,243.8199479400879,245.798095703125,3995500,2021-02-22 00:00:00-05:00
240.03295856193424,240.29137272699495,229.5184687897712,238.12608337402344,12111000,2021-02-23 00:00:00-05:00
234.5529873844941,237.90334383446174,226.3552505875106,231.64813232421875,14512700,2021-02-24 00:00:00-05:00
231.4520942022938,232.47680448395374,226.96117215863282,227.4423370361328,6545400,2021-02-25 00:00:00-05:00
229.6878153333927,231.88872780743569,228.2086570494735,230.1957244873047,7871200,2021-02-26 00:00:00-05:00
230.61450915720178,233.8847010092213,230.31155297576547,233.11837768554688,4528900,2021-03-01 00:00:00-05:00
233.1718592948477,234.44606466141178,231.46993665032286,231.9333038330078,3740300,2021-03-02 00:00:00-05:00
231.03330574866746,232.1203966016583,228.11955854430437,229.3224639892578,4257500,2021-03-03 00:00:00-05:00
228.1106382336995,228.8769343564204,220.18023476493747,223.5929718017578,7154900,2021-03-04 00:00:00-05:00
224.77804676764097,226.50669962183716,219.7257549205598,225.90078735351562,6351800,2021-03-05 00:00:00-05:00
226.5334995209671,234.5530290280226,225.00979911196836,230.81057739257812,5037400,2021-03-08 00:00:00-05:00
234.10747274616685,238.4201864194565,233.2698767855581,236.09451293945312,6625300,2021-03-09 00:00:00-05:00
238.43472965596186,240.9722110383909,236.7848865313765,238.7216339111328,3798400,2021-03-10 00:00:00-05:00
240.83771419909888,242.79238449349788,239.5824226046823,241.06187438964844,4371300,2021-03-11 00:00:00-05:00
239.80657445378571,245.5091963686198,239.18789016032494,244.87258911132812,4190500,2021-03-12 00:00:00-05:00
246.12792928038493,250.74562448456825,245.9844634514878,249.7503662109375,4355200,2021-03-15 00:00:00-04:00
249.750394776705,253.31900848669412,248.95237114280945,252.9244842529297,4458900,2021-03-16 00:00:00-04:00
252.0816197933942,254.5384069475211,250.38695546534703,251.08633422851562,5908400,2021-03-17 00:00:00-04:00
250.18973634555405,255.96410655638783,249.05101212994154,253.8928680419922,4808100,2021-03-18 00:00:00-04:00
254.32322075029103,259.2188720703125,253.23826563334114,259.2188720703125,13729200,2021-03-19 00:00:00-04:00
256.8876938559056,260.32181747911113,254.8254301210627,259.07550048828125,5564700,2021-03-22 00:00:00-04:00
259.67618493518796,263.10136009678826,259.0754507931315,260.0079650878906,4801200,2021-03-23 00:00:00-04:00
259.3624001772713,266.10513105622334,259.1202895800391,262.4916687011719,4842000,2021-03-24 00:00:00-04:00
262.74269072885545,267.0914047137633,262.23159883135594,266.4637451171875,5373500,2021-03-25 00:00:00-04:00
266.60720989225,272.5788417483606,265.4326124672018,272.4084777832031,5865900,2021-03-26 00:00:00-04:00
271.95112667763993,273.96856835140073,268.92945174884676,270.96484375,4642900,2021-03-29 00:00:00-04:00
270.4717232086349,274.0851849570849,269.02814448763814,273.3140869140625,5045400,2021-03-30 00:00:00-04:00
273.9238062303248,276.18333154058206,272.7043876904967,273.69964599609375,4744100,2021-03-31 00:00:00-04:00
275.16118041006507,276.65855548016356,272.4802327131978,275.9412536621094,3923900,2021-04-01 00:00:00-04:00
277.8151858668525,283.20400590246174,277.7255163130041,282.8005065917969,4697200,2021-04-05 00:00:00-04:00
281.19555094430734,283.284739649679,280.7651808073317,281.3479919433594,3988600,2021-04-06 00:00:00-04:00
280.50515365480805,282.5674442735306,278.7925661436429,280.17340087890625,3799300,2021-04-07 00:00:00-04:00
280.3795542191759,282.6659770293661,278.4876281376593,281.93072509765625,4035600,2021-04-08 00:00:00-04:00
282.77363212342806,286.3153745720052,282.2177191516796,286.23468017578125,4607800,2021-04-09 00:00:00-04:00
284.8807591298812,288.09969680482266,284.51313306271834,287.6334533691406,3556800,2021-04-12 00:00:00-04:00
287.40025908211356,287.7320117821534,284.23511832276756,287.28369140625,3635100,2021-04-13 00:00:00-04:00
286.6650976674054,289.34607296938196,286.2885237561221,286.94305419921875,3440600,2021-04-14 00:00:00-04:00
287.11333586367624,289.9736221345808,286.9698700555986,289.3818359375,3508200,2021-04-15 00:00:00-04:00
291.26478402306986,294.69893349066695,290.4578128038948,294.1698913574219,6213100,2021-04-16 00:00:00-04:00
292.7441812385164,294.8423169625096,291.80271955222577,293.0669860839844,4494300,2021-04-19 00:00:00-04:00
292.3049855018892,293.820311082053,288.8618871157713,290.475830078125,4462900,2021-04-20 00:00:00-04:00
291.3723778287795,294.0174790535112,290.4129929981222,292.26007080078125,3740100,2021-04-21 00:00:00-04:00
292.4842576336112,292.6904675175945,285.88496671669077,288.2341613769531,4875000,2021-04-22 00:00:00-04:00
288.88875483340644,291.8835323742671,286.5485076847737,290.4130554199219,3405700,2021-04-23 00:00:00-04:00
290.22468335306945,290.511614972087,286.31534265635014,286.91607666015625,2848500,2021-04-26 00:00:00-04:00
287.37340716545776,289.13979082509445,287.26581463606806,287.4541015625,3335800,2021-04-27 00:00:00-04:00
288.67353317754765,289.5791218308017,286.29741302967125,286.6650390625,2713400,2021-04-28 00:00:00-04:00
288.4583240583672,292.1166340988565,287.89343593716615,291.713134765625,3261900,2021-04-29 00:00:00-04:00
291.45316197469305,292.1525408982427,288.3687145776758,290.2158203125,3118700,2021-04-30 00:00:00-04:00
292.5559569132345,297.34401546536634,292.0179669646489,296.133544921875,3683700,2021-05-03 00:00:00-04:00
295.10241910301005,298.78762706220226,294.88723406479943,298.3751525878906,3954400,2021-05-04 00:00:00-04:00
299.70223527826647,299.70223527826647,296.93161804724934,297.7296142578125,3227200,2021-05-05 00:00:00-04:00
299.18223733621755,302.8943171305117,298.78771307705205,302.6880798339844,3539600,2021-05-06 00:00:00-04:00
301.88105112843505,304.6875415187639,300.8499195678606,304.1854248046875,2998100,2021-05-07 00:00:00-04:00
305.2613875375385,309.9597768231166,304.445441082554,305.86212158203125,4840600,2021-05-10 00:00:00-04:00
302.6611177952743,303.0646171361931,294.28649526806646,296.4832763671875,5500900,2021-05-11 00:00:00-04:00
292.77124293718475,294.8155835563499,283.58067163656983,284.2352294921875,5822000,2021-05-12 00:00:00-04:00
286.0284352131687,293.5781633172713,285.75047873478474,291.7848815917969,5159800,2021-05-13 00:00:00-04:00
292.5649692193668,293.4885082590842,288.59282920507076,290.1799011230469,3998000,2021-05-14 00:00:00-04:00
287.8217478243555,289.46258873938535,282.7198585788402,286.93408203125,4388000,2021-05-17 00:00:00-04:00
286.9250998914759,291.01378037586466,282.24463310496384,284.0110168457031,7010300,2021-05-18 00:00:00-04:00
279.75191912808145,282.21768123578084,277.1247682496166,281.9486999511719,5242100,2021-05-19 00:00:00-04:00
282.3432820964657,286.66507068266503,282.3432820964657,283.2488708496094,3854700,2021-05-20 00:00:00-04:00
284.23514124805945,286.2794812325353,281.9487180918598,283.13226318359375,3920600,2021-05-21 00:00:00-04:00
284.0916518607877,285.7952638126134,282.07421017389566,282.2983703613281,2930600,2021-05-24 00:00:00-04:00
282.9171138078345,284.3248466463714,281.76941450280094,284.0110168457031,3523300,2021-05-25 00:00:00-04:00
284.9614338470679,288.1624483329837,283.9482252817802,284.5310363769531,2881600,2021-05-26 00:00:00-04:00
284.5041413965326,287.2927087732094,284.5041413965326,285.82220458984375,3734800,2021-05-27 00:00:00-04:00
287.256841964034,288.2790257287249,285.89395764108826,285.94775390625,3194000,2021-05-28 00:00:00-04:00
287.5168790480802,288.0548690696683,282.594329181664,283.6164855957031,3549800,2021-06-01 00:00:00-04:00
284.3555967001234,285.70761071114316,281.588468089272,282.32757568359375,3380100,2021-06-02 00:00:00-04:00
280.3175684163882,282.05715315573366,279.1368117274609,280.70513916015625,2652500,2021-06-03 00:00:00-04:00
281.3179928247007,282.52581597360455,278.8303062438827,280.3265380859375,2638700,2021-06-04 00:00:00-04:00
280.4256876039201,281.51630437915287,277.50534656649376,279.380126953125,3974800,2021-06-07 00:00:00-04:00
280.56093991670036,281.4803270999226,278.4968848827538,280.2274475097656,2913500,2021-06-08 00:00:00-04:00
280.7232406798192,282.10229413535376,276.6221142221963,277.0187072753906,3603700,2021-06-09 00:00:00-04:00
277.2980548987203,279.1007401605443,275.93704623066316,277.8929443359375,3286300,2021-06-10 00:00:00-04:00
278.75818522387544,280.53383105011096,277.92896552722783,280.1101989746094,2785100,2021-06-11 00:00:00-04:00
278.4517164151475,279.4702377845079,276.00908607808975,278.8032531738281,3393500,2021-06-14 00:00:00-04:00
278.28953823704506,278.469817766556,273.548467180209,276.2164611816406,5270600,2021-06-15 00:00:00-04:00
276.4328229518521,277.02771249511426,271.45742064474865,272.9085693359375,4492500,2021-06-16 00:00:00-04:00
273.1518347258498,275.0987378345303,270.4297902672969,273.2149353027344,4481100,2021-06-17 00:00:00-04:00
269.7267513345201,273.8548880071782,268.9606046848433,272.7552490234375,8792700,2021-06-18 00:00:00-04:00
275.1348603845631,278.26252066758497,274.79234575596996,277.2530212402344,3774200,2021-06-21 00:00:00-04:00
278.6320012370015,283.84175959621814,277.8838715855568,281.8587951660156,4418400,2021-06-22 00:00:00-04:00
281.2368650925989,282.71507993354714,279.9840133739412,280.9214172363281,2564500,2021-06-23 00:00:00-04:00
282.2284552411663,283.77876596900813,280.9215246754923,281.0747375488281,2649200,2021-06-24 00:00:00-04:00
281.4352612000079,284.3375860557469,280.81333248043535,282.6881408691406,11733500,2021-06-25 00:00:00-04:00
282.7151587352857,284.1663073003377,280.6510762200659,283.27398681640625,2635400,2021-06-28 00:00:00-04:00
284.63498884130183,288.7000252838963,284.42767013977436,286.84326171875,3150100,2021-06-29 00:00:00-04:00
286.57291261405317,288.6910735518842,286.3475769293222,287.42919921875,3061500,2021-06-30 00:00:00-04:00
288.348555972869,289.9529449315395,287.07765942311585,289.8177490234375,2578000,2021-07-01 00:00:00-04:00
290.7101019010423,291.24189087000207,289.64652396312283,290.86334228515625,2201600,2021-07-02 00:00:00-04:00
290.9804680264587,291.8818107769139,285.5453723414858,287.7626953125,3109500,2021-07-06 00:00:00-04:00
287.06859641021094,292.4135789433981,286.8522829879791,291.5663146972656,2939900,2021-07-07 00:00:00-04:00
287.591419022057,288.7270921081078,283.74266812709664,287.11370849609375,3663000,2021-07-08 00:00:00-04:00
288.91634559248496,291.4130545268683,288.5918479744198,290.31341552734375,2587400,2021-07-09 00:00:00-04:00
289.3940711923984,292.0349983723452,288.9073384932092,289.9979553222656,2521800,2021-07-12 00:00:00-04:00
290.62891021889425,291.3950569304489,285.57236392806817,285.7706604003906,3213800,2021-07-13 00:00:00-04:00
287.30296088478605,288.4837175195651,286.6359761463962,287.7265930175781,3381600,2021-07-14 00:00:00-04:00
286.06816964407034,291.09765014318344,286.0501251845149,290.872314453125,2603900,2021-07-15 00:00:00-04:00
292.03504443670187,294.0901047602438,289.6915478380109,289.8177490234375,3623700,2021-07-16 00:00:00-04:00
286.61788599501426,287.5282507006592,283.8417632636504,287.41107177734375,3752600,2021-07-19 00:00:00-04:00
287.0776882693471,293.9549383894151,286.8703695182274,293.25189208984375,4251700,2021-07-20 00:00:00-04:00
295.2798539869441,296.06401768165205,292.90931844569496,294.16217041015625,2832600,2021-07-21 00:00:00-04:00
295.5863041354753,295.61334331409006,293.2337855688144,294.4325866699219,2208100,2021-07-22 00:00:00-04:00
296.9653786902065,300.552732517162,295.58632546774004,300.0028991699219,2786400,2021-07-23 00:00:00-04:00
297.5061452764642,298.8491368882197,294.63086031052956,298.5066223144531,2752000,2021-07-26 00:00:00-04:00
299.05643861781283,299.13755614276863,293.8917361413059,294.9733581542969,2910300,2021-07-27 00:00:00-04:00
294.21625963138086,296.839142356068,292.67494400125395,293.405029296875,2376200,2021-07-28 00:00:00-04:00
294.27938356965103,296.14516965062234,293.3329846915455,295.12664794921875,2172400,2021-07-29 00:00:00-04:00
294.60384966169545,297.5422079861793,294.1441561095693,295.8116455078125,2381200,2021-07-30 00:00:00-04:00
297.4430789160394,297.4430789160394,294.2162842841219,294.9373474121094,2016400,2021-08-02 00:00:00-04:00
295.95583391376215,300.1560935276632,295.6673976940661,299.191650390625,2405900,2021-08-03 00:00:00-04:00
298.0649877349286,299.17364903961584,296.8932533531629,297.72247314453125,1783700,2021-08-04 00:00:00-04:00
299.2096165226319,302.8510475341693,298.42545303278115,300.24615478515625,2284000,2021-08-05 00:00:00-04:00
301.6703450634649,302.5897045766586,296.649860378395,297.298828125,2656600,2021-08-06 00:00:00-04:00
296.7490716289716,298.40753892189537,295.0275037444374,296.325439453125,1995300,2021-08-09 00:00:00-04:00
296.24429846646234,300.3634134382604,294.8742400452687,298.7770690917969,1868100,2021-08-10 00:00:00-04:00
300.8681644518039,305.14954202343057,300.5076328944995,303.7524719238281,3258600,2021-08-11 00:00:00-04:00
304.06795376564776,304.80706135312926,299.4981398490623,301.06646728515625,2554200,2021-08-12 00:00:00-04:00
300.922325718694,302.6709331355223,298.32648128683155,298.6329345703125,2217000,2021-08-13 00:00:00-04:00
298.08301874660543,302.51763666776407,295.61334869882387,301.9948425292969,3496300,2021-08-16 00:00:00-04:00
289.331048598256,291.6655232284976,285.3741403689908,289.105712890625,9322800,2021-08-17 00:00:00-04:00
287.8347919234275,295.5142222893793,287.5283386877109,289.8267517089844,4880600,2021-08-18 00:00:00-04:00
287.3390132087703,293.10760030832125,286.44666533619784,291.04351806640625,2974700,2021-08-19 00:00:00-04:00
290.8091571167615,297.15458850562123,290.6559167889248,296.75799560546875,2929900,2021-08-20 00:00:00-04:00
297.44307960307594,297.9207901155,295.0815662206478,295.4060363769531,2792700,2021-08-23 00:00:00-04:00
296.325387981445,296.3974832830506,292.49468211238576,292.84619140625,2359500,2021-08-24 00:00:00-04:00
292.17023251087113,294.34247173212316,291.2328283951698,291.9268798828125,2586900,2021-08-25 00:00:00-04:00
291.3229465178399,292.9273353142642,289.3309869884511,289.7636413574219,2952300,2021-08-26 00:00:00-04:00
289.2228699014087,292.0801110534358,288.11420840158735,291.4762268066406,2985400,2021-08-27 00:00:00-04:00
293.7566235430102,296.9924407652514,293.12567260543307,294.8292236328125,2926900,2021-08-30 00:00:00-04:00
294.7391077280449,295.8838032286996,291.69256453759664,294.0,4183100,2021-08-31 00:00:00-04:00
294.933025568655,295.1323302318119,290.1497412995348,293.19366455078125,3339100,2021-09-01 00:00:00-04:00
294.45290907967177,297.3065683415445,293.24804055457776,296.907958984375,3109000,2021-09-02 00:00:00-04:00
294.72470205674523,299.77071323567355,294.57071021886276,299.2633972167969,2774800,2021-09-03 00:00:00-04:00
299.8884629253265,301.27452758379536,296.1469868634954,298.004150390625,2555200,2021-09-07 00:00:00-04:00
298.0041582760216,300.70379815537785,296.8083301654441,300.38671875,2219500,2021-09-08 00:00:00-04:00
301.17491870888,302.33450214743357,299.7435410547381,300.5588684082031,3011900,2021-09-09 00:00:00-04:00
302.57899828064546,303.6932961612364,300.26890022069233,300.72186279296875,3178600,2021-09-10 00:00:00-04:00
303.43967653070104,305.432695512317,301.4466299024402,303.89263916015625,3908700,2021-09-13 00:00:00-04:00
304.41804497575123,305.7406880315818,301.1476682620473,301.78179931640625,2857200,2021-09-14 00:00:00-04:00
301.9992326816852,303.1860202122227,299.04593512130134,302.00830078125,2875500,2021-09-15 00:00:00-04:00
303.2312943601922,306.057776656834,302.7330465419082,304.74420166015625,3043800,2021-09-16 00:00:00-04:00
303.439651706393,307.6974834869531,303.439651706393,304.0919189453125,7098400,2021-09-17 00:00:00-04:00
300.61318293965286,303.8383024726625,297.53304242023967,300.051513671875,4036600,2021-09-20 00:00:00-04:00
301.70029752573737,305.26964537182187,300.7671955850592,302.7783508300781,3171100,2021-09-21 00:00:00-04:00
304.2550222702557,307.1086814803456,302.0898474991633,304.3274841308594,2872800,2021-09-22 00:00:00-04:00
306.05778580195175,307.5797335999823,304.0285220712443,304.3093566894531,2426600,2021-09-23 00:00:00-04:00
305.0974929767134,306.0577714934323,303.98319500883304,305.7406921386719,2004900,2021-09-24 00:00:00-04:00
305.17902293276876,311.40272474000994,305.17902293276876,309.29193115234375,2966100,2021-09-27 00:00:00-04:00
309.255750113169,309.255750113169,301.18395146229227,302.39788818359375,3304100,2021-09-28 00:00:00-04:00
301.9992989360412,307.00002518335214,301.9992989360412,305.23345947265625,2424000,2021-09-29 00:00:00-04:00
306.42020741825456,306.8459934745837,296.8083519132989,297.37908935546875,4255000,2021-09-30 00:00:00-04:00
297.2793364072621,301.42848913170855,294.045176943442,298.8284606933594,2814200,2021-10-01 00:00:00-04:00
297.59650432721065,299.50799371779397,293.66479127104884,295.7574768066406,2919900,2021-10-04 00:00:00-04:00
296.1469503682893,300.93930254709323,295.63056635511487,298.4842529296875,2514300,2021-10-05 00:00:00-04:00
297.2884142714091,299.54415915216197,294.78805189500844,299.28143310546875,2226800,2021-10-06 00:00:00-04:00
302.1260966971695,307.3079906759223,301.54629121722513,305.731689453125,2789500,2021-10-07 00:00:00-04:00
301.6731482824438,303.8564317422659,299.7525909210463,302.8870849609375,2912200,2021-10-08 00:00:00-04:00
304.0285704605329,308.7937192756449,303.12264505847327,305.2696838378906,2589100,2021-10-11 00:00:00-04:00
307.2355096020466,308.96580254018477,305.65918083117407,306.02154541015625,2960300,2021-10-12 00:00:00-04:00
305.58674031880537,308.2320268121251,304.88916011772847,306.4564208984375,2477400,2021-10-13 00:00:00-04:00
308.49474659212143,311.9734964861653,308.105205341638,311.68359375,2824300,2021-10-14 00:00:00-04:00
313.93935555792746,317.9344893766861,313.2236668427358,317.4452819824219,3473500,2021-10-15 00:00:00-04:00
316.16792894126417,322.4641208198131,316.16792894126417,321.612548828125,3487500,2021-10-18 00:00:00-04:00
323.3610147297446,324.4028234111945,321.0780926728297,324.3122253417969,2375600,2021-10-19 00:00:00-04:00
324.0857713200284,325.743630425191,322.69970644597765,324.5296936035156,2574800,2021-10-20 00:00:00-04:00
324.5024564489156,330.5268542189867,324.42996694213923,330.3184814453125,2885400,2021-10-21 00:00:00-04:00
330.6627740403377,332.501801513381,328.08088109726816,331.55963134765625,2734700,2021-10-22 00:00:00-04:00
332.6558376915965,336.6962574744528,331.5596479869179,336.3338928222656,2923400,2021-10-25 00:00:00-04:00
338.26348080777285,338.8613672116688,334.3589171016496,334.4676513671875,2989500,2021-10-26 00:00:00-04:00
335.07466091513464,339.85794645859886,334.56734484587724,337.294189453125,2840300,2021-10-27 00:00:00-04:00
337.9101516589811,338.76172368990706,335.99866246288263,336.61468505859375,2553500,2021-10-28 00:00:00-04:00
335.4913491137283,339.85791627969735,335.21958254599156,336.7687072753906,3820200,2021-10-29 00:00:00-04:00
337.9101013863397,338.42648538826387,330.39093324524737,332.00347900390625,3380500,2021-11-01 00:00:00-04:00
331.74987987437135,334.18682131907497,330.6084050670185,332.7373352050781,2367100,2021-11-02 00:00:00-04:00
332.1393850192727,334.6125433039992,330.8892037275166,334.2592468261719,2378800,2021-11-03 00:00:00-04:00
335.8989769726107,338.1185049855067,334.6578637522758,337.1672668457031,3210000,2021-11-04 00:00:00-04:00
338.64391784082756,339.1874785239286,332.9909530885244,333.74285888671875,3090200,2021-11-05 00:00:00-04:00
335.3916712318648,337.8286125409952,333.2446326587354,333.9150085449219,2357200,2021-11-08 00:00:00-05:00
334.89346078594065,338.7073990472489,334.0237524807626,335.78125,2183300,2021-11-09 00:00:00-05:00
333.6069711406104,336.2885021220923,333.1268318671021,333.9059143066406,2161400,2021-11-10 00:00:00-05:00
336.0983440003321,337.00426945585855,331.4146972307337,333.0453796386719,2387300,2021-11-11 00:00:00-05:00
334.3951142710205,338.3630711757412,332.20279071098497,337.5749206542969,2793300,2021-11-12 00:00:00-05:00
339.1694763763033,339.6043029418826,334.54925059044825,336.17083740234375,3650600,2021-11-15 00:00:00-05:00
346.0634948909327,357.2788555100764,343.3457187530458,355.42169189453125,8648200,2021-11-16 00:00:00-05:00
355.8746335096657,361.85374618827,354.04467430465024,357.7046203613281,4647000,2021-11-17 00:00:00-05:00
360.55831037966846,368.2949210620427,358.8279895424093,367.6698303222656,4503700,2021-11-18 00:00:00-05:00
369.28236657390124,371.52000336534377,366.0934915467549,370.2426452636719,3542000,2021-11-19 00:00:00-05:00
371.2481566213172,377.37222016203714,370.2516609630156,370.33319091796875,4006400,2021-11-22 00:00:00-05:00
367.5067767467077,371.13951887575695,365.097011815511,369.9527587890625,3557000,2021-11-23 00:00:00-05:00
365.6858586480847,373.92071740489126,364.979237925784,373.3409118652344,2676300,2021-11-24 00:00:00-05:00
368.94717963638476,375.1799506832131,364.40848462912925,364.816162109375,3007800,2021-11-26 00:00:00-05:00
368.6209848058962,372.1631559097083,367.84190234837166,368.54852294921875,3725500,2021-11-29 00:00:00-05:00
365.62239690094117,370.007072135978,362.5966096470927,362.9227294921875,7773500,2021-11-30 00:00:00-05:00
365.760916143854,373.19294881404664,364.06893950009885,364.2508850097656,3516200,2021-12-01 00:00:00-05:00
365.51534327318467,373.60234154518116,364.7785110950937,370.9369812011719,3705000,2021-12-02 00:00:00-05:00
372.82906624746306,378.3598596664642,367.91684311171474,370.97332763671875,5237500,2021-12-03 00:00:00-05:00
376.16758956257377,382.61716129619947,374.075354877213,378.15069580078125,4624500,2021-12-06 00:00:00-05:00
379.3333096973276,380.7523961170425,375.71280432544376,378.5873718261719,4204500,2021-12-07 00:00:00-05:00
378.58727627631197,381.92578464277705,371.40087321873045,374.10260009765625,4079400,2021-12-08 00:00:00-05:00
373.6932481045744,377.7412996263982,371.40999025221436,374.1844787597656,3822900,2021-12-09 00:00:00-05:00
374.9577374910967,378.06880046364586,373.2020770364543,377.8777770996094,2625200,2021-12-10 00:00:00-05:00
377.877769541289,378.8784143631131,367.97145520770084,368.635498046875,3766400,2021-12-13 00:00:00-05:00
367.0071766611126,369.0357274383657,362.1222147397289,365.8700866699219,4662800,2021-12-14 00:00:00-05:00
364.4327838850385,371.082483832471,363.31390511759287,370.97332763671875,4421400,2021-12-15 00:00:00-05:00
371.5100398739508,371.9375868251108,362.15861280862924,363.4412536621094,4632800,2021-12-16 00:00:00-05:00
361.112450671054,362.03122816190967,352.4250952406867,352.93450927734375,11097500,2021-12-17 00:00:00-05:00
349.5778469122074,354.9267225037168,346.4940456281491,354.22625732421875,4294800,2021-12-20 00:00:00-05:00
356.25483829575336,358.19244403493207,348.6226771369767,355.1996154785156,3038200,2021-12-21 00:00:00-05:00
355.68172729609205,360.0208524407626,353.73501602602767,359.9026184082031,3267800,2021-12-22 00:00:00-05:00
362.31326162226276,363.7232420905071,358.9747532322137,361.2034606933594,2743900,2021-12-23 00:00:00-05:00
362.9954928329503,367.91682127998087,362.24044958882484,367.5893249511719,2228300,2021-12-27 00:00:00-05:00
368.4081013600507,370.25473464501454,366.59786273280247,369.5270080566406,2521400,2021-12-28 00:00:00-05:00
369.6725757616676,375.121503100913,369.6088920480125,373.7297058105469,2209300,2021-12-29 00:00:00-05:00
374.64845725448674,376.09483255181107,371.51007742756366,372.9109802246094,1804400,2021-12-30 00:00:00-05:00
372.9564688971336,378.90573241958396,372.8655238926327,377.5230407714844,2386100,2021-12-31 00:00:00-05:00
378.9420861266317,380.0973596166508,366.8343535666437,371.7283935546875,3715700,2022-01-03 00:00:00-05:00
371.7284052217204,376.2494487251589,371.31904168889565,375.54901123046875,3266500,2022-01-04 00:00:00-05:00
376.60425690399893,376.8043858804262,370.0637121537967,370.4548645019531,4443200,2022-01-05 00:00:00-05:00
371.6556217378259,372.1195633808365,366.61603065573394,369.1085510253906,3315100,2022-01-06 00:00:00-05:00
366.9253021809529,367.58937276673595,357.39195693106393,358.0559997558594,4520700,2022-01-07 00:00:00-05:00
352.4069087201546,352.5797486119465,346.50314663405806,352.46148681640625,6440000,2022-01-10 00:00:00-05:00
353.01642467001983,356.44587816432147,349.605154622019,351.7428894042969,4385400,2022-01-11 00:00:00-05:00
353.2165347691814,357.91044543599605,351.4790579861581,354.22625732421875,3623300,2022-01-12 00:00:00-05:00
357.0554186583684,358.6928173972749,351.0060767507078,352.0249328613281,3466300,2022-01-13 00:00:00-05:00
346.8852697405138,347.50386790264275,337.9432046951786,338.3980407714844,6336200,2022-01-14 00:00:00-05:00
333.03091748203866,334.841155839005,327.5092018999425,333.59490966796875,6435200,2022-01-18 00:00:00-05:00
334.0133549831762,335.3960741764877,326.9452136072636,327.1999206542969,5175100,2022-01-19 00:00:00-05:00
328.6917583643449,329.16480555240656,317.4936987142756,318.00311279296875,5440600,2022-01-20 00:00:00-05:00
319.94983397884084,327.56378410636694,315.8199153641221,317.5664978027344,7718400,2022-01-21 00:00:00-05:00
312.7270256380951,331.4662735866497,312.57236918989366,330.94775390625,8584300,2022-01-24 00:00:00-05:00
325.78992552411694,328.8645933961336,320.37736631679365,326.5540466308594,5536700,2022-01-25 00:00:00-05:00
327.48187698481064,332.84893552764294,322.43320915235455,325.007568359375,6103300,2022-01-26 00:00:00-05:00
327.8730937557199,331.22978587628467,321.94204192150454,324.2344055175781,3941000,2022-01-27 00:00:00-05:00
327.63657665946675,333.5949171587937,320.96866534914983,333.4311828613281,4551300,2022-01-28 00:00:00-05:00
331.85742055982985,334.2225731727703,329.4922679468894,333.8314208984375,4084600,2022-01-31 00:00:00-05:00
336.0965251137099,337.20632609770877,329.6378481662078,335.3960876464844,3406800,2022-02-01 00:00:00-05:00
335.1049897676317,340.8268346591721,334.5409975458845,339.97174072265625,3839300,2022-02-02 00:00:00-05:00
336.75155431089973,338.5072149962011,330.3929545093928,331.8575134277344,4009700,2022-02-03 00:00:00-05:00
330.6657944773088,331.7301230044915,322.25132790532774,327.1817626953125,3728100,2022-02-04 00:00:00-05:00
327.71846863357706,329.1193436326611,323.33384259605697,325.0713195800781,2809300,2022-02-07 00:00:00-05:00
325.07128456749524,330.19274220879436,322.75160438358057,328.7918395996094,3225100,2022-02-08 00:00:00-05:00
332.31227774299947,334.2680670004771,330.2109376334835,331.4571838378906,2777500,2022-02-09 00:00:00-05:00
326.4267120502578,330.21095107432893,320.99596885190164,323.01544189453125,4291800,2022-02-10 00:00:00-05:00
322.651568640584,325.06219392379853,317.07527475691126,318.6490173339844,3308700,2022-02-11 00:00:00-05:00
316.5658606250496,321.0323535416237,315.5015321546657,319.8042907714844,3654300,2022-02-14 00:00:00-05:00
323.4430037302472,325.1350082409673,319.6405810845379,321.35076904296875,3552500,2022-02-15 00:00:00-05:00
319.7497430426694,320.98688377297924,314.4918394168739,318.46710205078125,3594900,2022-02-16 00:00:00-05:00
317.4664054308901,320.48652297212993,316.01095251745943,316.5112609863281,3927000,2022-02-17 00:00:00-05:00
316.92065260550703,318.9310200234789,313.0181518145133,315.5379333496094,5526100,2022-02-18 00:00:00-05:00
304.8219701666417,306.27745083775216,284.13603892259823,287.6109924316406,19752800,2022-02-22 00:00:00-05:00
290.4764157139242,291.4588490764926,279.3602248295693,280.5882873535156,11026000,2022-02-23 00:00:00-05:00
272.90162903312546,285.12762423468865,272.2557696174907,284.9456787109375,8416700,2022-02-24 00:00:00-05:00
284.8910749376003,288.7662866042345,279.7878282597533,288.0476379394531,6510600,2022-02-25 00:00:00-05:00
284.7000179302318,287.5290842365843,282.43494376463224,287.3016662597656,5735100,2022-02-28 00:00:00-05:00
286.1737919776358,293.30561914068124,285.4187762192178,291.3225402832031,5640900,2022-03-01 00:00:00-05:00
292.05931827102654,301.2743009616573,290.80396634817805,297.7993469238281,5645600,2022-03-02 00:00:00-05:00
299.4549498905124,300.810352386527,293.66942110995546,295.06121826171875,3858400,2022-03-03 00:00:00-05:00
293.10543146884197,297.15348330638204,290.6493335233024,294.97027587890625,3630900,2022-03-04 00:00:00-05:00
294.9702065618259,299.8278509687495,291.1950461295005,293.6147766113281,4670000,2022-03-07 00:00:00-05:00
290.8675767438974,298.8180999033595,287.41083478612666,288.12945556640625,5092500,2022-03-08 00:00:00-05:00
292.85177905351253,295.10306928500023,290.0330929686722,290.2893371582031,4443600,2022-03-09 00:00:00-05:00
287.6902577624834,291.2594112210791,282.5562133324016,290.966552734375,3895200,2022-03-10 00:00:00-05:00
292.19280603660565,294.4898706801827,289.4015742181009,289.9140625,2973300,2022-03-11 00:00:00-05:00
295.5149249265349,296.5124480206135,289.3833291818595,291.3509216308594,3604200,2022-03-14 00:00:00-04:00
293.1720001677041,302.1680256713888,293.15367906295256,300.66717529296875,3775300,2022-03-15 00:00:00-04:00
303.44929380106976,305.61825041571547,296.7228778793363,302.8361511230469,3942400,2022-03-16 00:00:00-04:00
301.21629078359217,307.82373046875,300.02656399248184,307.82373046875,3123200,2022-03-17 00:00:00-04:00
305.3253976584694,311.8321838378906,304.1173775305413,311.8321838378906,9409600,2022-03-18 00:00:00-04:00
309.36131476954796,311.7864880485231,299.3311209414304,301.4268493652344,4521200,2022-03-21 00:00:00-04:00
301.3810364815687,303.1930386454629,296.52153043173416,301.7562561035156,4852800,2022-03-22 00:00:00-04:00
299.1663249913423,300.34689128928454,289.0538003631881,290.1519775390625,5207700,2022-03-23 00:00:00-04:00
290.2435437416249,292.30265768135837,287.63532716559166,288.9897766113281,4599900,2022-03-24 00:00:00-04:00
291.46066464395466,291.7534951184491,282.14429870676946,284.3223876953125,5176500,2022-03-25 00:00:00-04:00
284.6153054763167,287.68110293773026,282.99547922610464,287.6170349121094,3936600,2022-03-28 00:00:00-04:00
290.02392422491437,293.76693256883937,286.372437645064,290.75604248046875,5306100,2022-03-29 00:00:00-04:00
286.5463297788589,288.49562909901846,280.1310638361314,282.29083251953125,7223800,2022-03-30 00:00:00-04:00
280.23174373288333,281.83327720735355,273.5327792253516,273.9354248046875,11044600,2022-03-31 00:00:00-04:00
275.0060796079226,277.6325891109895,273.54181536207705,276.2781677246094,5554600,2022-04-01 00:00:00-04:00
275.9121125689386,280.4787887838402,274.1550176138933,279.6551208496094,4659500,2022-04-04 00:00:00-04:00
280.2774340386211,282.87648994171536,276.5710123586956,278.9961853027344,4376100,2022-04-05 00:00:00-04:00
272.8005379047052,275.152510091223,269.96353115192466,273.2123718261719,6499900,2022-04-06 00:00:00-04:00
271.6109197618306,278.74917171635565,268.6823903849082,277.0652770996094,5241000,2022-04-07 00:00:00-04:00
275.8846671561676,285.7958850451669,275.7199447357603,284.7159729003906,5741900,2022-04-08 00:00:00-04:00
281.69594829245796,287.5163917985907,279.9754396590192,280.69842529296875,4100600,2022-04-11 00:00:00-04:00
283.1876858904847,286.7110646085458,279.21588680179656,280.304931640625,4122600,2022-04-12 00:00:00-04:00
280.1401005146711,285.2558783726596,279.78320201790166,284.08447265625,3185300,2022-04-13 00:00:00-04:00
284.45969611183347,285.7592380015415,278.51114512060843,278.6850280761719,4569200,2022-04-14 00:00:00-04:00
277.2939703562397,280.30485990055433,273.37707974689613,274.74066162109375,3192400,2022-04-18 00:00:00-04:00
275.1068121553087,281.98884768772257,274.37469378861704,281.68682861328125,3389700,2022-04-19 00:00:00-04:00
284.61533037111866,289.28266131017597,283.47137807863027,288.40411376953125,4720800,2022-04-20 00:00:00-04:00
290.1062897915373,291.38751072226245,283.46220620492596,284.02960205078125,3014200,2022-04-21 00:00:00-04:00
283.5354103166727,283.5354103166727,274.3471788433311,274.649169921875,4043200,2022-04-22 00:00:00-04:00
274.5484661449436,279.2707031140583,271.134903494943,279.0693664550781,4396900,2022-04-25 00:00:00-04:00
276.60766076591636,281.46716780762137,274.2923024728413,274.5119323730469,3415200,2022-04-26 00:00:00-04:00
275.73825207285006,280.4239041680919,273.74320595832927,276.0128173828125,3446200,2022-04-27 00:00:00-04:00
278.89555888788215,287.85500074072263,277.30318629107995,285.31085205078125,4149500,2022-04-28 00:00:00-04:00
282.0070534837929,285.27418723800184,274.2830870160326,274.91455078125,4878200,2022-04-29 00:00:00-04:00
276.36969981122894,282.59281673552886,274.4661755780505,280.9272155761719,4233900,2022-05-02 00:00:00-04:00
279.75581621334635,282.7849995731982,277.3123218896496,279.0877380371094,3336600,2022-05-03 00:00:00-04:00
278.28238490589683,288.96233528724815,277.2299544327561,288.5596618652344,4021300,2022-05-04 00:00:00-04:00
284.6152950505426,284.94473986420445,268.7921410844997,273.7340087890625,4959600,2022-05-05 00:00:00-04:00
271.1624104711763,271.57424442266915,264.85696065003964,269.34124755859375,4325300,2022-05-06 00:00:00-04:00
265.65313346442383,275.2257168933128,264.0241467782189,271.8304748535156,5243600,2022-05-09 00:00:00-04:00
273.139165637478,275.5277523064049,263.2554299974519,266.45849609375,4392900,2022-05-10 00:00:00-04:00
266.72393632892346,268.44441717260446,258.5972945112476,258.9541931152344,3880500,2022-05-11 00:00:00-04:00
257.682051651299,268.30706414273004,256.8217975355974,265.1131591796875,4447700,2022-05-12 00:00:00-04:00
265.35117283003996,274.01775611964933,263.978430141687,270.91534423828125,3949100,2022-05-13 00:00:00-04:00
269.1307304931823,274.1549870317441,265.2047070539266,270.8786926269531,4267900,2022-05-16 00:00:00-04:00
280.49713690471964,284.56045818584334,266.22060493821954,275.4179992675781,12425900,2022-05-17 00:00:00-04:00
268.1424119438685,270.37540900799,257.32519258171766,260.98583984375,7799500,2022-05-18 00:00:00-04:00
261.27871012968063,267.68484312760626,260.78451490699695,263.34698486328125,5211500,2022-05-19 00:00:00-04:00
265.2321973652888,265.85450068125004,255.87008217515466,262.8253173828125,5621800,2022-05-20 00:00:00-04:00
264.5640949866004,265.7080471223455,256.5381368564802,261.7637023925781,4305600,2022-05-23 00:00:00-04:00
259.9058712099331,264.7745371903708,256.84007453777525,263.4933166503906,4241900,2022-05-24 00:00:00-04:00
261.56236812085007,270.4211268392212,261.4250994489937,268.6640319824219,4612900,2022-05-25 00:00:00-04:00
272.0958883001633,279.70087993132546,271.80302984798755,277.1201171875,4170800,2022-05-26 00:00:00-04:00
277.78825160089,282.3274468156045,276.0128352764224,282.29083251953125,3899300,2022-05-27 00:00:00-04:00
280.5886561513212,281.7509017598644,275.3081538877508,277.0652770996094,5966600,2022-05-31 00:00:00-04:00
277.8848522546014,279.0268387151348,273.54722607983354,273.694580078125,3080800,2022-06-01 00:00:00-04:00
275.18648034400684,281.8356779620187,272.49734736225986,281.6883239746094,4086400,2022-06-02 00:00:00-04:00
279.34916783350707,284.07360214080916,278.0322282572336,280.9608154296875,2956600,2022-06-03 00:00:00-04:00
281.40285509818045,283.2907737474376,279.2754826886639,279.8648986816406,2562000,2022-06-06 00:00:00-04:00
271.73302635209166,278.4743256118615,269.4675178845946,277.91253662109375,3547800,2022-06-07 00:00:00-04:00
276.07980855557815,276.8165504250456,272.3039432385306,274.0076904296875,3003100,2022-06-08 00:00:00-04:00
274.2195184570101,282.61849947307724,273.84192911290125,276.1534729003906,4168400,2022-06-09 00:00:00-04:00
268.4543831616904,273.0590895624055,265.8205045908322,266.373046875,4623900,2022-06-10 00:00:00-04:00
261.8788553762123,264.14439121664736,259.042368529718,260.77374267578125,4704600,2022-06-13 00:00:00-04:00
260.81981732942637,263.7392140601192,254.7231894939624,256.6387634277344,3987000,2022-06-14 00:00:00-04:00
258.7845452305008,261.1697801929552,253.691740179876,257.6149597167969,4050400,2022-06-15 00:00:00-04:00
253.18526261956956,254.28115720464507,248.4055737393744,251.84066772460938,6181000,2022-06-16 00:00:00-04:00
249.57509056471102,254.75077613794093,249.013329865968,249.32644653320312,10775600,2022-06-17 00:00:00-04:00
252.05243704767992,252.26426367318538,246.27814497613628,247.91741943359375,5498400,2022-06-21 00:00:00-04:00
245.329563408282,250.28420393380082,243.5981892885932,247.7147979736328,4678400,2022-06-22 00:00:00-04:00
248.65411636590642,253.80217414326512,248.5528263273658,253.6456298828125,3747500,2022-06-23 00:00:00-04:00
255.53362915417105,261.05005953026205,252.26429819875452,260.6264343261719,10310700,2022-06-24 00:00:00-04:00
261.970967933122,262.4682841303197,259.23577100588375,260.3409118652344,2538600,2022-06-27 00:00:00-04:00
261.34474835206856,263.0208684387305,248.48841432740795,248.7923126220703,4052100,2022-06-28 00:00:00-04:00
250.1092220111224,254.32714883848695,247.55822476742645,252.2181854248047,2460500,2022-06-29 00:00:00-04:00
249.32643604489826,255.1375731146472,246.84910182094418,252.5865478515625,4058000,2022-06-30 00:00:00-04:00
253.93122568912383,258.55434218858545,252.84449329187964,257.016357421875,2818300,2022-07-01 00:00:00-04:00
253.71934843203888,261.2987060546875,253.28650486224194,261.2987060546875,3241300,2022-07-05 00:00:00-04:00
262.45902240204737,263.31551907387643,258.34241413255387,261.1604919433594,2206100,2022-07-06 00:00:00-04:00
260.4790888643929,264.2825817324784,259.1989948019192,264.02471923828125,3133900,2022-07-07 00:00:00-04:00
263.3800205322177,265.221903322006,261.46447479699424,263.82208251953125,1891000,2022-07-08 00:00:00-04:00
262.63408417863866,266.6954394727294,262.59726675501724,263.7484436035156,2453200,2022-07-11 00:00:00-04:00
266.12442624802384,270.42523477062605,261.00399452856976,262.57879638671875,2696100,2022-07-12 00:00:00-04:00
259.3647684005185,266.87965468137145,257.64261223082616,264.4759826660156,2941600,2022-07-13 00:00:00-04:00
259.56735881892183,267.34010707047406,259.38315928304684,266.5941467285156,2822200,2022-07-14 00:00:00-04:00
271.502703458774,272.0921193834136,267.94788351732274,269.2924499511719,2647200,2022-07-15 00:00:00-04:00
273.74986253811704,274.8918210114855,268.91491963374324,269.88189697265625,2664000,2022-07-18 00:00:00-04:00
272.08293625976273,276.29164530805303,270.1213265319866,276.1258544921875,2614900,2022-07-19 00:00:00-04:00
277.13891888965026,279.6807264235849,274.69842953528035,278.4006042480469,2533400,2022-07-20 00:00:00-04:00
278.90712747316746,281.11738136166434,275.24177033551894,280.88714599609375,1965000,2022-07-21 00:00:00-04:00
283.33685454258153,286.108897346271,280.2977308446238,282.3514404296875,2391500,2022-07-22 00:00:00-04:00
282.54480378502916,283.12500135048015,279.8096067656892,281.9461975097656,1910500,2022-07-25 00:00:00-04:00
273.5195886462079,276.871828744884,272.51576591905064,274.6062927246094,2690200,2022-07-26 00:00:00-04:00
274.63392475407255,276.56790729906345,268.7214967536986,275.2785949707031,3233700,2022-07-27 00:00:00-04:00
271.677717656338,277.42438309726293,269.99240723160966,275.9416809082031,3992100,2022-07-28 00:00:00-04:00
276.2824755034934,277.6086336343027,273.91564888483583,277.1481628417969,3236000,2022-07-29 00:00:00-04:00
276.8718637983537,284.0644146064591,276.2916661612882,281.642333984375,3303900,2022-08-01 00:00:00-04:00
281.2554966921185,281.44888651588883,276.2916371826736,276.936279296875,3091000,2022-08-02 00:00:00-04:00
279.3675708845905,283.7144152856754,276.5955283606335,282.1488037109375,3329400,2022-08-03 00:00:00-04:00
280.463509157505,285.4642143450617,280.37140939411694,282.8855895996094,2718400,2022-08-04 00:00:00-04:00
281.2370442769473,285.2891801682894,280.42661147769957,285.206298828125,2029100,2022-08-05 00:00:00-04:00
287.2047426326555,290.8332536321685,285.8970217149031,287.3060607910156,2505100,2022-08-08 00:00:00-04:00
284.46959094471936,285.45497684284175,279.3307224033745,281.08050537109375,2607000,2022-08-09 00:00:00-04:00
285.03138404637167,288.2362704694078,284.61694914424606,286.9469299316406,3863400,2022-08-10 00:00:00-04:00
289.0282486378355,289.746581813181,285.10502923907836,286.1272888183594,2444100,2022-08-11 00:00:00-04:00
287.8955265628864,290.0321177197062,285.6576453251798,289.99530029296875,2273800,2022-08-12 00:00:00-04:00
287.3705373723176,290.79644020703444,285.62994478710476,289.7373352050781,3917300,2022-08-15 00:00:00-04:00
288.2362520763483,306.6550802416358,288.1441523145416,301.497802734375,10089800,2022-08-16 00:00:00-04:00
302.15164032720367,303.4501709868674,298.4494662647938,300.005859375,3162600,2022-08-17 00:00:00-04:00
299.2691237698617,302.013539390719,296.7457532068958,299.4993591308594,2899600,2022-08-18 00:00:00-04:00
299.2783928890852,300.5216696701202,294.48948532691605,295.9169616699219,3489100,2022-08-19 00:00:00-04:00
292.9422704983682,294.46181831159504,287.06665938931445,287.5271301269531,3144200,2022-08-22 00:00:00-04:00
286.6061569261497,286.8916465034915,281.47653483639914,282.63690185546875,3317500,2022-08-23 00:00:00-04:00
280.93311225722164,285.47337390165325,279.55170040588985,283.7511901855469,2495600,2022-08-24 00:00:00-04:00
284.2393869510151,285.45500832381884,281.65151558055777,285.28924560546875,2529700,2022-08-25 00:00:00-04:00
285.76805918208623,286.88241833225277,274.4589017345538,274.5325927734375,3315500,2022-08-26 00:00:00-04:00
273.1235763964585,276.01531755189797,271.0238312927658,272.8933410644531,2711800,2022-08-29 00:00:00-04:00
274.9562183365316,276.19027624336456,268.6109477158484,269.9278869628906,2892400,2022-08-30 00:00:00-04:00
270.6787922038219,271.10518146213724,267.22125706830843,267.3510437011719,4376200,2022-08-31 00:00:00-04:00
267.3324481857682,272.1340437228957,265.7751785447988,271.93939208984375,3742500,2022-09-01 00:00:00-04:00
274.4792350012629,275.11883296024877,268.9268118526674,270.5767822265625,2753600,2022-09-02 00:00:00-04:00
271.8003608982889,272.98685611933075,266.2757451773386,268.3891906738281,4110000,2022-09-06 00:00:00-04:00
269.2234096013766,275.95307688691236,269.09362299922253,275.7398681640625,3016000,2022-09-07 00:00:00-04:00
274.3773004571124,278.26122464218594,273.02396088233274,277.9924011230469,2703200,2022-09-08 00:00:00-04:00
277.603061493769,280.3931624141562,276.5370461123588,277.8718566894531,2769200,2022-09-09 00:00:00-04:00
278.8267101190222,280.7084185769579,274.7017972037528,275.80487060546875,3632900,2022-09-12 00:00:00-04:00
270.67882894659857,272.59759501361737,257.0619236177231,257.6273498535156,4797200,2022-09-13 00:00:00-04:00
258.9899080363706,259.11969465668096,253.21502577467754,256.1534423828125,4194400,2022-09-14 00:00:00-04:00
257.59025745544454,257.7014869761196,250.77716643128917,251.70411682128906,3896100,2022-09-15 00:00:00-04:00
249.39596217961346,256.3573678531107,249.25692529490053,255.8104705810547,9535100,2022-09-16 00:00:00-04:00
253.5950596338188,260.6862523112916,253.5301946096065,259.9354248046875,3047200,2022-09-19 00:00:00-04:00
256.6539642632254,258.41516390570246,251.54645984059556,254.14193725585938,2940700,2022-09-20 00:00:00-04:00
255.83827066237876,259.6665797458785,251.6762730650836,251.7318878173828,3173500,2022-09-21 00:00:00-04:00
251.40744468297234,251.40744468297234,248.28362690702312,249.47940063476562,3515800,2022-09-22 00:00:00-04:00
248.32071649019173,251.48159195460036,246.86539780593063,251.1479034423828,3527900,2022-09-23 00:00:00-04:00
251.60206755794854,253.5764758653764,246.20721100012904,247.10635375976562,4181800,2022-09-26 00:00:00-04:00
249.68329666280846,253.69700694047802,247.47717891035498,249.062255859375,3701000,2022-09-27 00:00:00-04:00
255.1152660328451,262.790413485657,252.788611697178,261.57611083984375,5816600,2022-09-28 00:00:00-04:00
258.1649194166579,258.39665697578,254.66104865426246,257.998046875,4518600,2022-09-29 00:00:00-04:00
257.52537088996974,261.20536516627135,254.68890488527475,255.78269958496094,4789100,2022-09-30 00:00:00-04:00
260.4730830024304,265.16345013435813,259.12899350080556,262.9758605957031,3580000,2022-10-03 00:00:00-04:00
266.4981995724841,270.0298777976695,265.6268640656023,268.40771484375,3641300,2022-10-04 00:00:00-04:00
265.33954766390764,270.77146334076605,264.5238267991129,268.67657470703125,2728000,2022-10-05 00:00:00-04:00
268.4077393963355,271.5686434645668,266.74849035954344,269.1771240234375,2641500,2022-10-06 00:00:00-04:00
266.5259473026508,267.54559801743846,261.7892461156096,263.5504455566406,2406000,2022-10-07 00:00:00-04:00
262.846067167617,264.05109143651845,259.75005606122886,261.826416015625,2115400,2022-10-10 00:00:00-04:00
260.5657570055904,265.2932095927181,260.3803556146126,262.2250061035156,2771900,2022-10-11 00:00:00-04:00
263.64323575029835,263.8471659625087,260.0002993099826,260.0281066894531,2258200,2022-10-12 00:00:00-04:00
254.59611462649264,264.02318118230954,249.09930739250314,262.1692810058594,3881600,2022-10-13 00:00:00-04:00
265.70099755528963,265.70099755528963,255.7918984504986,256.23681640625,2783100,2022-10-14 00:00:00-04:00
259.1753094011856,263.1333769963213,258.9342932710635,260.71405029296875,3426700,2022-10-17 00:00:00-04:00
266.91538096705506,268.6858313504461,262.5401739152035,264.2364807128906,3166500,2022-10-18 00:00:00-04:00
261.8356943842761,262.113768203582,253.07600132846514,255.36557006835938,4323000,2022-10-19 00:00:00-04:00
254.85576069557396,257.6922268285377,248.30221418092648,249.77606201171875,3959500,2022-10-20 00:00:00-04:00
248.73788798174508,255.5695084814959,248.42272821367996,255.4026641845703,3429100,2022-10-21 00:00:00-04:00
256.7374072409074,263.6895339904482,256.7374072409074,262.56793212890625,2937100,2022-10-24 00:00:00-04:00
264.65353603190493,270.78994125887345,264.65353603190493,269.0565490722656,2791600,2022-10-25 00:00:00-04:00
269.37178987108047,270.5490066864426,265.2654064191617,268.95465087890625,2615000,2022-10-26 00:00:00-04:00
270.5304554087109,272.7736593322142,268.30578030774905,269.79815673828125,3041500,2022-10-27 00:00:00-04:00
268.815624673327,277.3064940058784,268.815624673327,276.833740234375,3243100,2022-10-28 00:00:00-04:00
272.90344705275373,277.4176905841518,271.17930474798385,274.497802734375,4210900,2022-10-31 00:00:00-04:00
278.42804520517956,280.13363028981394,271.92086456060173,274.4328918457031,3309100,2022-11-01 00:00:00-04:00
273.6357361909995,278.24268025150144,267.44368677127966,267.63836669921875,4426400,2022-11-02 00:00:00-04:00
262.85531745054374,265.0614638089287,260.01885164355724,260.9365234375,4823900,2022-11-03 00:00:00-04:00
265.00585013102585,267.7403367007853,257.2287230870642,263.2817077636719,4401600,2022-11-04 00:00:00-04:00
265.5712343192242,270.39138671118343,262.1785931668358,269.0658264160156,3260200,2022-11-07 00:00:00-05:00
271.06809058341224,271.9116188168017,266.61874011166947,269.8723449707031,3371800,2022-11-08 00:00:00-05:00
267.8886472906563,271.1329734689169,265.348812420496,265.8030090332031,3071400,2022-11-09 00:00:00-05:00
275.99017336198995,291.7483284672565,275.37838276919206,288.930419921875,7794000,2022-11-10 00:00:00-05:00
289.20851003793234,294.47358125199986,287.577068364956,291.9337463378906,4945400,2022-11-11 00:00:00-05:00
291.3960563360319,292.8977394481686,283.9619257871686,284.49957275390625,6394800,2022-11-14 00:00:00-05:00
281.8484912507906,293.5002627030998,281.0976638100238,289.1435852050781,9290400,2022-11-15 00:00:00-05:00
283.5170269908837,293.2963703811856,282.2656666202379,291.90594482421875,5249500,2022-11-16 00:00:00-05:00
289.20851254636574,290.76578236319745,283.7858472784654,288.6894226074219,3642100,2022-11-17 00:00:00-05:00
291.19213862034564,292.9162523501108,287.5955674514419,290.30224609375,3559300,2022-11-18 00:00:00-05:00
293.8061570077275,295.5488280850429,291.24779343456134,293.6393127441406,4069000,2022-11-21 00:00:00-05:00
296.6240916023306,302.945899343792,296.0493869509756,301.1476135253906,6054700,2022-11-22 00:00:00-05:00
302.8902618305428,303.87282679708346,297.03192967240443,298.0237731933594,4243400,2022-11-23 00:00:00-05:00
299.3030077970706,305.04080435605795,298.38530772770264,302.5380554199219,3393500,2022-11-25 00:00:00-05:00
301.3144767635674,304.781262000248,294.63117269947674,295.6230163574219,4733700,2022-11-28 00:00:00-05:00
292.91623631593825,296.62403677563367,292.5639907461436,292.879150390625,3505600,2022-11-29 00:00:00-05:00
291.82540533084347,302.32601885716423,290.4918540510134,302.1394958496094,15106500,2022-11-30 00:00:00-05:00
304.3030265333254,307.4364364987859,302.55914746734453,305.01177978515625,3830100,2022-12-01 00:00:00-05:00
299.42580035696386,306.3267544042602,298.72638164617734,305.8697814941406,3644100,2022-12-02 00:00:00-05:00
303.2213021439014,303.56634413475626,297.989664145315,298.49322509765625,5057300,2022-12-05 00:00:00-05:00
298.0828929508851,299.95731543108684,293.3268408180657,296.04058837890625,3341500,2022-12-06 00:00:00-05:00
294.6510208240782,301.10433477439256,293.233542894492,298.5584411621094,4038200,2022-12-07 00:00:00-05:00
297.06640761300866,302.6337812875987,297.06640761300866,302.2327880859375,3483600,2022-12-08 00:00:00-05:00
299.7987995904054,302.55916370233774,298.3533174049987,298.8662414550781,3738800,2022-12-09 00:00:00-05:00
301.21626306415715,306.1961198495308,299.6215966989241,305.86041259765625,4900200,2022-12-12 00:00:00-05:00
321.1263775481296,323.83079026305126,307.70685324143295,310.43927001953125,5787700,2022-12-13 00:00:00-05:00
308.23842777698127,316.19314723476236,306.82094970980785,310.9428405761719,4546000,2022-12-14 00:00:00-05:00
307.2219766764556,307.76284791205774,301.561341553923,305.5060729980469,5056900,2022-12-15 00:00:00-05:00
301.61728253318313,305.8231289930368,297.7098615184252,301.5333557128906,9615000,2022-12-16 00:00:00-05:00
297.95231350525745,300.1997819455755,294.7070010658203,295.92864990234375,3000600,2022-12-19 00:00:00-05:00
292.18908941954624,295.51832842408,289.8670005674415,293.6065673828125,2632200,2022-12-20 00:00:00-05:00
296.6000675762675,298.03621489908767,293.51330279954556,297.82171630859375,2610400,2022-12-21 00:00:00-05:00
295.0613470365699,295.0613470365699,289.77375908645007,294.80023193359375,3064400,2022-12-22 00:00:00-05:00
292.9631509810658,297.57932542557165,291.9466659646393,297.2342834472656,2064900,2022-12-23 00:00:00-05:00
296.93586084975874,299.86407880845303,296.0965641588931,297.99896240234375,1610200,2022-12-27 00:00:00-05:00
298.93149296662943,299.7521486629477,294.2220858603955,294.43658447265625,1568200,2022-12-28 00:00:00-05:00
297.15965288194064,300.12518100936074,296.17114350613394,298.80096435546875,1559100,2022-12-29 00:00:00-05:00
296.07781326378716,296.71197429642274,291.9092781054496,294.5577392578125,2581600,2022-12-30 00:00:00-05:00
296.01257231909887,297.6911653321414,290.7529315485856,294.6044006347656,2822400,2023-01-03 00:00:00-05:00
299.4164948014791,300.75938100596983,295.0427941767484,298.1668701171875,3560900,2023-01-04 00:00:00-05:00
296.39494589986964,296.62808543863406,292.1052011541369,294.1941223144531,2935100,2023-01-05 00:00:00-05:00
294.9587800006055,297.34612622175587,288.16042416098765,296.1151428222656,4022500,2023-01-06 00:00:00-05:00
298.41864767018393,300.79665988503774,295.6769240679605,296.3763427734375,3466300,2023-01-09 00:00:00-05:00
294.9680809625797,299.09933448896373,292.7858986803001,299.0060729980469,2111300,2023-01-10 00:00:00-05:00
300.79657394041544,306.8488947615922,300.39558082744253,306.81158447265625,2864800,2023-01-11 00:00:00-05:00
309.8051379989576,309.8051379989576,304.6760681250171,307.6229553222656,2481800,2023-01-12 00:00:00-05:00
304.4709434135076,309.973060027321,304.0139989637973,308.87261962890625,2798600,2023-01-13 00:00:00-05:00
308.05191677990337,312.556188517524,305.03977221233043,305.4407653808594,3988900,2023-01-17 00:00:00-05:00
307.7442118047561,311.95936470287313,301.15101837613327,301.8597717285156,2952200,2023-01-18 00:00:00-05:00
298.735688847376,299.6682470426139,289.680556740253,289.9136962890625,5359300,2023-01-19 00:00:00-05:00
289.1023425779172,293.9796031744234,286.659044935708,293.75579833984375,3725100,2023-01-20 00:00:00-05:00
292.3942955731007,296.1151935514411,290.1095166807835,294.2034606933594,3237900,2023-01-23 00:00:00-05:00
293.867722994042,296.646756557824,291.54566228132506,296.264404296875,2127900,2023-01-24 00:00:00-05:00
294.06354448876203,296.6653896567148,290.5384758732262,295.8634033203125,2060400,2023-01-25 00:00:00-05:00
292.9631540206341,297.7285412407663,291.45241428404296,292.6460876464844,3555300,2023-01-26 00:00:00-05:00
290.97675891552365,296.77727125248,290.3332915701178,295.3318176269531,2761200,2023-01-27 00:00:00-05:00
294.5297914472803,296.68402668914695,292.53413205279685,293.0470275878906,2643100,2023-01-30 00:00:00-05:00
294.6790261282349,302.4752266753083,293.849064214705,302.307373046875,3526800,2023-01-31 00:00:00-05:00
300.64747808311216,308.25712861712304,296.2178262452534,305.9630432128906,3076500,2023-02-01 00:00:00-05:00
310.9614868649362,318.44059202923125,310.2527336542634,316.8739013671875,4776600,2023-02-02 00:00:00-05:00
310.1035390608687,312.1365088571824,308.05189988881824,309.14300537109375,3389700,2023-02-03 00:00:00-05:00
306.80226988892804,308.68605540156915,305.37545718231297,307.0633850097656,2229700,2023-02-06 00:00:00-05:00
302.14889349384407,304.94656843360184,299.09010336475234,303.2679748535156,3865500,2023-02-07 00:00:00-05:00
301.16032878695665,302.13950345272184,298.0176124005382,299.15533447265625,2777200,2023-02-08 00:00:00-05:00
301.3095382501896,302.04626714337275,293.5972642817309,294.2687072753906,3063300,2023-02-09 00:00:00-05:00
292.68337194436333,295.8074473413469,291.6575523194622,295.19195556640625,2768800,2023-02-10 00:00:00-05:00
295.9380034765811,301.85975349241465,294.3246676122252,301.7105407714844,2432500,2023-02-13 00:00:00-05:00
298.98746831960784,301.1789857630066,294.38065703312924,296.9544982910156,3380800,2023-02-14 00:00:00-05:00
294.57650042869983,299.8454487753587,294.4925736025082,299.0621032714844,2585500,2023-02-15 00:00:00-05:00
293.7557978080239,301.9063463925736,293.69051191158485,299.574951171875,3169200,2023-02-16 00:00:00-05:00
297.18761567052877,298.978139788007,291.84407584222527,296.5068664550781,4985500,2023-02-17 00:00:00-05:00
284.9431520745776,287.23726578122364,275.13264986838317,275.5709533691406,10891800,2023-02-21 00:00:00-05:00
277.48262255318434,280.1404185549988,275.18853783324664,276.3169250488281,5922100,2023-02-22 00:00:00-05:00
276.7739262376855,279.6555273491616,274.7502626402244,279.12396240234375,4354500,2023-02-23 00:00:00-05:00
272.6800331314621,278.2100968559976,272.3070155144222,276.6527404785156,3713300,2023-02-24 00:00:00-05:00
279.1705553905907,280.2243505073909,275.1419263706901,276.0465087890625,3238300,2023-02-27 00:00:00-05:00
275.1046544811101,278.55513102277524,274.4611870803162,276.5408020019531,3949500,2023-02-28 00:00:00-05:00
272.232353480269,273.9109465556867,269.1922051860704,271.1785583496094,5905100,2023-03-01 00:00:00-05:00
269.00571582612895,274.2746636787247,267.8959693515119,273.2581787109375,4103700,2023-03-02 00:00:00-05:00
274.768976823674,278.4712057602941,273.94832100902255,278.322021484375,4036700,2023-03-03 00:00:00-05:00
277.9023457939191,279.87002995093263,276.9511466678002,278.0981750488281,3763200,2023-03-06 00:00:00-05:00
278.89083799905757,278.89083799905757,270.8335503837796,271.09466552734375,4512400,2023-03-07 00:00:00-05:00
271.8742282487506,274.71093767207213,270.77522156334834,273.7998046875,4680300,2023-03-08 00:00:00-05:00
275.2651783086282,276.5050761643021,270.2868396441142,270.52166748046875,3248000,2023-03-09 00:00:00-05:00
271.0476851903846,275.36852320247385,266.8583645288388,268.9342346191406,4730900,2023-03-10 00:00:00-05:00
266.7550132279338,274.59826850167906,265.44938539609365,269.1314697265625,3892100,2023-03-13 00:00:00-04:00
271.7427794734837,272.21243517852986,264.3128514453023,268.2391662597656,5116000,2023-03-14 00:00:00-04:00
266.717478320714,271.6112825934102,265.5151608986646,270.4934997558594,4835500,2023-03-15 00:00:00-04:00
269.5823696255118,270.5498592130875,267.70374684066496,269.3287658691406,4400200,2023-03-16 00:00:00-04:00
270.35261662299746,274.2319773287192,268.88729311817167,270.8880310058594,8342000,2023-03-17 00:00:00-04:00
269.9862747603986,272.2406164368791,269.2160325157356,271.7052307128906,3677800,2023-03-20 00:00:00-04:00
273.7434908019631,275.1149059667952,270.14594106320635,271.8648681640625,4788200,2023-03-21 00:00:00-04:00
272.4847987471337,273.53682276711794,265.3084756590955,265.458740234375,3723400,2023-03-22 00:00:00-04:00
267.94788524908563,268.7462767269252,263.21374942556554,266.6798095703125,6005800,2023-03-23 00:00:00-04:00
265.41179690147584,267.6379600814568,263.78677804350593,265.8438720703125,3851000,2023-03-24 00:00:00-04:00
266.5295447480675,267.64732733470044,263.86190446251976,264.2000427246094,4269700,2023-03-27 00:00:00-04:00
263.75863072873193,266.0975356168102,262.94143439388296,263.7774353027344,3633300,2023-03-28 00:00:00-04:00
264.18130542458164,266.75500923602266,264.18130542458164,266.1632385253906,3607500,2023-03-29 00:00:00-04:00
268.0418395996094,268.7369494043391,266.62349913079737,268.0418395996094,3432800,2023-03-30 00:00:00-04:00
269.5729285824288,277.6134306523584,269.3569053391545,277.20953369140625,5800600,2023-03-31 00:00:00-04:00
276.9747483336908,279.8866194110207,276.852633265032,279.66119384765625,4007600,2023-04-03 00:00:00-04:00
279.44509318901146,281.6054975693131,276.53322261931925,277.0592346191406,2965700,2023-04-04 00:00:00-04:00
277.0968599784822,277.76376303886764,270.972560036846,271.1510314941406,4002400,2023-04-05 00:00:00-04:00
269.8171549592204,272.2030135463846,266.98981894055925,271.0946044921875,3193400,2023-04-06 00:00:00-04:00
268.7651008918274,274.8800255820275,268.3236235097077,273.4992370605469,2799900,2023-04-10 00:00:00-04:00
274.92705411038037,277.190798009018,274.0535013939771,275.9414978027344,2497000,2023-04-11 00:00:00-04:00
278.2240102145652,280.3280582907472,272.00574551530406,272.8135681152344,3341400,2023-04-12 00:00:00-04:00
273.2363174053319,274.7204168615387,268.9906113682527,274.4198303222656,3505800,2023-04-13 00:00:00-04:00
274.41981697897813,278.22404530949655,273.69655752793557,274.4573974609375,2653200,2023-04-14 00:00:00-04:00
273.9971299311253,277.5665015645683,273.8562102974177,277.4725646972656,2621900,2023-04-17 00:00:00-04:00
278.33676581199603,281.07953909544136,277.96104697850467,280.8071594238281,2847800,2023-04-18 00:00:00-04:00
278.45885499071727,280.18718439648,277.1437961975112,278.89093017578125,2889300,2023-04-19 00:00:00-04:00
278.0079498292139,283.02386842863115,277.5664723982378,280.4501647949219,3371800,2023-04-20 00:00:00-04:00
283.3150316589911,284.79915936629675,281.18280561401633,281.8309326171875,3506700,2023-04-21 00:00:00-04:00
281.79337807841654,283.5780637398122,281.06071644203286,283.3338623046875,2515400,2023-04-24 00:00:00-04:00
283.20232074899843,284.3201033463557,278.1582242992528,278.3460693359375,4529500,2023-04-25 00:00:00-04:00
277.50071947824057,278.00795558647377,269.6574647010717,270.58740234375,4037400,2023-04-26 00:00:00-04:00
270.5216870729766,276.82445863086895,270.3338133240833,276.091796875,3133600,2023-04-27 00:00:00-04:00
275.9414727581094,282.5636346818497,275.5751562538847,282.3006286621094,4063400,2023-04-28 00:00:00-04:00
280.8353129664006,281.380100927312,279.3230068125565,279.63299560546875,2970000,2023-05-01 00:00:00-04:00
280.3281016800789,280.5441536256473,273.38657654659346,276.4205627441406,3413200,2023-05-02 00:00:00-04:00
276.68352596295813,280.6286447712163,274.7485470360472,275.2933349609375,2743400,2023-05-03 00:00:00-04:00
274.9552040118871,276.7117115508436,268.01367976742677,268.408203125,4422500,2023-05-04 00:00:00-04:00
269.74203946812327,273.21747408956907,268.7369694942932,272.0433349609375,3806600,2023-05-05 00:00:00-04:00
271.4609414630165,272.24995944470953,267.1776846106812,270.45587158203125,3736500,2023-05-08 00:00:00-04:00
268.80273070014414,273.3959481086037,268.4176096224604,272.945068359375,2570000,2023-05-09 00:00:00-04:00
274.0064830708945,275.7536169425081,268.56789144632705,271.4891357421875,3571000,2023-05-10 00:00:00-04:00
271.21670351458243,271.8836350978745,267.7224647451956,270.2304382324219,3859700,2023-05-11 00:00:00-04:00
270.5216661986121,273.31142202790556,270.0050564272829,272.8417663574219,3438300,2023-05-12 00:00:00-04:00
272.3251237094311,273.26443493699946,269.5259659316962,271.02886962890625,5353600,2023-05-15 00:00:00-04:00
264.65095181923493,268.7275593142296,260.27375783641907,265.19573974609375,12362100,2023-05-16 00:00:00-04:00
265.02669580522894,276.2044953115607,264.1437408292095,274.645263671875,7956900,2023-05-17 00:00:00-04:00
274.88942051451835,277.9703601438838,273.9031552079194,277.2471008300781,4547000,2023-05-18 00:00:00-04:00
277.8107112744863,277.8107112744863,272.3533150716155,273.22686767578125,4470600,2023-05-19 00:00:00-04:00
273.08602235169457,275.20884669085615,270.59682412989406,273.020263671875,3736200,2023-05-22 00:00:00-04:00
271.7239910500514,279.6987353814781,271.7239910500514,277.0404968261719,5352200,2023-05-23 00:00:00-04:00
279.3230044089182,279.46389537470816,272.56935368215403,273.43353271484375,4978200,2023-05-24 00:00:00-04:00
274.0816404363392,274.0816404363392,268.6993765998128,269.3475036621094,5355900,2023-05-25 00:00:00-04:00
269.58236010326976,275.50001020030913,268.35186451589965,275.05853271484375,4626100,2023-05-26 00:00:00-04:00
275.48123114152077,276.58023803208926,271.4140256153381,274.6546325683594,5193300,2023-05-30 00:00:00-04:00
273.9734895377033,274.36138323379726,266.7549423179479,268.16461181640625,18288800,2023-05-31 00:00:00-04:00
268.7321506055204,273.62336302165016,264.8816536255301,272.838134765625,4305100,2023-06-01 00:00:00-04:00
274.97625076322845,280.2364169941602,274.0964093574355,279.9809875488281,4515600,2023-06-02 00:00:00-04:00
279.67825385032546,279.772866978218,275.6574413258117,277.2941589355469,3028800,2023-06-05 00:00:00-04:00
276.0831700246718,280.90815054987416,275.9223248293541,280.0377502441406,2855400,2023-06-06 00:00:00-04:00
281.277142912039,285.9034567272663,281.0879166411323,285.430419921875,4842700,2023-06-07 00:00:00-04:00
285.86557707580323,288.97816702774844,284.56946097830746,284.853271484375,3757300,2023-06-08 00:00:00-04:00
284.7492234816918,285.17493925010064,280.1323800029039,281.3149719238281,3485800,2023-06-09 00:00:00-04:00
282.30837851626274,286.2913405992403,281.59882326084056,284.6357116699219,4456600,2023-06-12 00:00:00-04:00
286.09269464800707,287.719942643909,282.56385805796924,283.8977966308594,4043400,2023-06-13 00:00:00-04:00
284.75867197820486,286.23454442409087,279.6877315481093,283.5476989746094,4176000,2023-06-14 00:00:00-04:00
284.6167335188479,287.06706029218117,283.42467173165375,285.73309326171875,4109700,2023-06-15 00:00:00-04:00
287.9280537102668,289.479628368422,283.9545616684242,284.1816101074219,10809300,2023-06-16 00:00:00-04:00
283.60443152203624,286.4237408347789,282.14749917721326,285.156005859375,3371100,2023-06-20 00:00:00-04:00
286.53730803637353,287.1995711084145,283.9923677299771,284.4843444824219,2713300,2023-06-21 00:00:00-04:00
285.2412270826844,286.49949242887527,283.4436927858923,284.9384765625,3052000,2023-06-22 00:00:00-04:00
284.1248121112218,286.01695918888544,282.97060123897205,284.58837890625,8525900,2023-06-23 00:00:00-04:00
286.34814563632324,292.53544697953777,285.69535245954427,291.2866516113281,4440100,2023-06-26 00:00:00-04:00
291.5325582839439,298.4483536158176,291.28659879413357,296.82110595703125,5342500,2023-06-27 00:00:00-04:00
295.174952706766,296.06426416890173,289.5552734127911,289.98101806640625,4025600,2023-06-28 00:00:00-04:00
290.2364428543626,291.51364792273455,287.6347405888127,291.2203674316406,3279700,2023-06-29 00:00:00-04:00
292.88544112449233,294.6356829915798,291.67446811792274,293.8883056640625,3230700,2023-06-30 00:00:00-04:00
293.0746178818459,294.6072521765423,292.24206866698137,293.3016662597656,1483300,2023-07-03 00:00:00-04:00
293.7558318230012,295.4587526326462,293.2733250824568,294.0396423339844,2496000,2023-07-05 00:00:00-04:00
290.2931742245415,291.371711817121,285.27899648326036,285.73309326171875,4828300,2023-07-06 00:00:00-04:00
285.70480341364436,289.14852573287584,284.66414538290576,286.4805908203125,2951900,2023-07-07 00:00:00-04:00
286.84954078746836,293.7842479034991,286.84954078746836,293.5477294921875,3246700,2023-07-10 00:00:00-04:00
296.03592811580546,297.6064139393231,293.982935461097,296.7454833984375,2913800,2023-07-11 00:00:00-04:00
299.2525064636218,303.9355818371886,298.96869596238156,300.3972473144531,5300500,2023-07-12 00:00:00-04:00
300.945992426766,301.24874288235543,296.565667410534,297.6347351074219,3235600,2023-07-13 00:00:00-04:00
297.86179592120527,299.81070514345515,297.2752349339867,299.4322814941406,2942100,2023-07-14 00:00:00-04:00
298.69433919714976,300.681099405481,297.20899681013265,299.00653076171875,2002500,2023-07-17 00:00:00-04:00
297.5685291630797,301.1541562021694,295.29795829051136,299.67828369140625,2315600,2023-07-18 00:00:00-04:00
299.9053444064466,302.6868032226792,299.61206388728186,302.2516174316406,2361400,2023-07-19 00:00:00-04:00
303.06522142522465,304.11537816185574,300.7378883929453,301.88262939453125,2101900,2023-07-20 00:00:00-04:00
303.755851827733,304.5316390940332,302.2610394002887,303.1882019042969,3673400,2023-07-21 00:00:00-04:00
303.66127287369324,308.09836078135373,303.6423617938041,307.5780029296875,2621900,2023-07-24 00:00:00-04:00
307.54016172009597,309.27146375873303,306.3670107864524,307.596923828125,2890800,2023-07-25 00:00:00-04:00
307.18062114372265,313.11249186749586,306.7548765004053,311.8163757324219,3448100,2023-07-26 00:00:00-04:00
313.822109622595,315.4588275731705,311.1920258019654,311.9299621582031,2608600,2023-07-27 00:00:00-04:00
314.096427701787,315.04250127920204,311.73124375824943,313.5003967285156,2268200,2023-07-28 00:00:00-04:00
313.7653156652932,316.05482656847846,313.6044993153929,315.83721923828125,2690000,2023-07-31 00:00:00-04:00
313.8693477040861,316.9062354979249,313.0367984202231,314.1626281738281,2547200,2023-08-01 00:00:00-04:00
312.2326782634014,314.59786233316987,310.2364767670172,310.7851867675781,2752600,2023-08-02 00:00:00-04:00
310.0093552288621,314.1910127711662,309.97153307689314,312.0623474121094,2451300,2023-08-03 00:00:00-04:00
310.46349986315226,311.75014603360836,307.7860955464151,308.8267822265625,3591600,2023-08-04 00:00:00-04:00
309.56477262867645,311.64614635330315,308.97821154406665,311.4190979003906,2111000,2023-08-07 00:00:00-04:00
308.9687043292259,310.8135594024234,305.95075610007535,310.13238525390625,3272600,2023-08-08 00:00:00-04:00
309.6971937981243,313.0746834255407,309.13901384764614,310.51080322265625,2698900,2023-08-09 00:00:00-04:00
312.82871976500525,314.94791552362415,311.20147191552957,311.63665771484375,3075100,2023-08-10 00:00:00-04:00
310.80406753853595,313.70852022223727,310.643251205724,313.25439453125,3108400,2023-08-11 00:00:00-04:00
313.5855645207003,315.7899322974989,310.7189625108115,312.1570129394531,3974800,2023-08-14 00:00:00-04:00
313.86939975115246,319.9337352424924,310.8041015275503,314.2289123535156,5860900,2023-08-15 00:00:00-04:00
314.6829986903051,319.5931230227173,313.7936871895527,315.0708923339844,3753900,2023-08-16 00:00:00-04:00
315.77099016364286,317.54961323611406,309.42284408849406,309.6309814453125,3885100,2023-08-17 00:00:00-04:00
307.5306976714194,311.15417591106586,306.93466665375223,309.71612548828125,3472000,2023-08-18 00:00:00-04:00
308.99710150709905,310.18916354717925,306.0548263089664,306.5846252441406,3109700,2023-08-21 00:00:00-04:00
307.7293414480757,308.71326605052565,304.6640723030624,306.9819641113281,2582200,2023-08-22 00:00:00-04:00
307.0197845190886,309.29982528723946,306.60350983857046,308.505126953125,2728000,2023-08-23 00:00:00-04:00
307.5874124623033,311.2581822708942,304.9289482304688,305.19384765625,2490000,2023-08-24 00:00:00-04:00
305.9885180440109,308.74159514952254,303.87879280407645,305.4492492675781,2418100,2023-08-25 00:00:00-04:00
305.7709875915474,309.7823302659805,305.4587671470167,308.3348388671875,2099900,2023-08-28 00:00:00-04:00
309.1674095797441,312.0529226020077,309.14846962914675,311.61773681640625,2628200,2023-08-29 00:00:00-04:00
312.29372340107386,315.740375089611,312.1699438007268,314.79779052734375,2256200,2023-08-30 00:00:00-04:00
315.3405083115761,316.67346353705636,313.8932748757021,314.48358154296875,2914700,2023-08-31 00:00:00-04:00
316.10216077618804,317.4827390647255,315.2833558729809,317.13043212890625,2317400,2023-09-01 00:00:00-04:00
315.94987457235175,316.3878393871425,311.69391886898507,312.08428955078125,3141400,2023-09-05 00:00:00-04:00
311.8462306648133,312.8745020994448,309.97056291721464,310.3894958496094,3199700,2023-09-06 00:00:00-04:00
309.4659501025496,314.1218065923429,308.77089566352004,312.6936340332031,2454000,2023-09-07 00:00:00-04:00
311.8176450949753,313.712344541219,311.03690386505616,312.9696960449219,2210300,2023-09-08 00:00:00-04:00
313.52195467343387,314.0836990334374,311.8843157206505,312.64599609375,2087800,2023-09-11 00:00:00-04:00
311.1796879291739,313.02679308812833,310.28472668958045,310.6560363769531,2190500,2023-09-12 00:00:00-04:00
310.42761045504,312.25565514677663,309.43740263087216,310.2752685546875,2564300,2023-09-13 00:00:00-04:00
311.71294430196497,314.4835733869587,309.69443609145014,313.8456726074219,2707600,2023-09-14 00:00:00-04:00
311.6462994019774,313.4077180232981,304.990995566757,306.009765625,7117800,2023-09-15 00:00:00-04:00
304.82918225361107,306.24782449347606,301.73480809384,302.06805419921875,2740400,2023-09-18 00:00:00-04:00
300.8207204013084,301.75377442630844,297.38357043309304,299.54486083984375,2776500,2023-09-19 00:00:00-04:00
299.916226858533,301.2015879277469,295.9173322112549,295.9744567871094,2320000,2023-09-20 00:00:00-04:00
294.5843692210835,295.3746409265708,291.6899315439705,292.07080078125,2766500,2023-09-21 00:00:00-04:00
291.4995514297303,292.91819357684216,290.8330592625491,291.09014892578125,2289200,2023-09-22 00:00:00-04:00
289.9285515755342,292.57543014640174,289.9285515755342,291.813720703125,1882300,2023-09-25 00:00:00-04:00
289.9380868282216,291.16632347277874,287.1864892316919,288.05291748046875,2655500,2023-09-26 00:00:00-04:00
288.49092066178105,289.6525024286759,285.53935757643336,287.367431640625,2513900,2023-09-27 00:00:00-04:00
287.2245700913099,290.27132092547396,286.34861142953673,288.9573974609375,2369600,2023-09-28 00:00:00-04:00
290.34751032947094,291.03303436127,285.4631552349336,287.69110107421875,3502600,2023-09-29 00:00:00-04:00
286.1295874024733,288.9193064163305,284.1682328402525,285.4726257324219,2806800,2023-10-02 00:00:00-04:00
283.64460794574046,284.0159177189703,276.18002917959996,277.9604797363281,3609200,2023-10-03 00:00:00-04:00
279.3124702812207,280.12177392310133,276.4561249966398,278.3889465332031,2956300,2023-10-04 00:00:00-04:00
278.01758699601794,278.6555168468181,276.3418552558519,277.7319641113281,2469300,2023-10-05 00:00:00-04:00
276.8369851376072,280.4359789150799,273.6283620228857,278.79833984375,2922500,2023-10-06 00:00:00-04:00
276.39900518366113,281.37857767593295,275.80869846366375,281.2167053222656,1929900,2023-10-09 00:00:00-04:00
282.48299596406997,286.27242404771397,281.0357916535732,284.891845703125,3116300,2023-10-10 00:00:00-04:00
285.38693921437624,286.44380196774364,281.7308211214647,283.7778625488281,2292800,2023-10-11 00:00:00-04:00
283.44465949085526,283.44465949085526,276.8464801701925,278.9887390136719,2546400,2023-10-12 00:00:00-04:00
278.91255302918336,280.6168469086377,276.96072902341297,277.94140625,2092700,2023-10-13 00:00:00-04:00
280.33121844387927,284.082553948233,279.5219148654029,283.09234619140625,2567000,2023-10-16 00:00:00-04:00
282.48297656739135,284.07299220457406,280.3978425782187,281.7688903808594,2139700,2023-10-17 00:00:00-04:00
278.96967389173994,279.2838590332198,275.71342805337673,276.3418273925781,2720100,2023-10-18 00:00:00-04:00
277.06542012512875,277.38913568594893,272.70474691615203,273.0379638671875,3028600,2023-10-19 00:00:00-04:00
272.1716317166561,273.42843072918214,270.0293725592251,272.6953125,2885300,2023-10-20 00:00:00-04:00
272.13355045101093,274.44718321808375,270.7148791645928,271.4194641113281,2590900,2023-10-23 00:00:00-04:00
273.0094610376571,274.1234484345719,268.52500727314447,269.74371337890625,2705200,2023-10-24 00:00:00-04:00
268.25843301634217,269.6675738434561,265.8305511013374,267.4776916503906,2962800,2023-10-25 00:00:00-04:00
267.09686903068257,269.6770930206336,264.4499900049443,264.6880187988281,3108200,2023-10-26 00:00:00-04:00
265.62105865066906,266.27802033874804,261.1270745955281,263.2217102050781,2907300,2023-10-27 00:00:00-04:00
264.1833823781544,268.80114650164353,263.6977943710331,268.0013732910156,3074400,2023-10-30 00:00:00-04:00
269.0582002018157,271.73364128424777,268.13464740087403,271.0576477050781,3036000,2023-10-31 00:00:00-04:00
271.91454680299864,273.09516022414,268.5154889364905,272.9047546386719,2747300,2023-11-01 00:00:00-04:00
276.3513411187195,280.55017118370625,276.11331240113236,280.4263916015625,3628000,2023-11-02 00:00:00-04:00
280.09319438574704,283.54937661627474,280.0836929936313,281.4547119140625,3071900,2023-11-03 00:00:00-04:00
280.6359123105278,282.24498907711325,279.17917743940995,280.46453857421875,2890300,2023-11-06 00:00:00-05:00
280.50256535113795,281.82601904975274,279.5028562979514,280.6549072265625,2629000,2023-11-07 00:00:00-05:00
280.9025120754916,283.73982548611303,280.02655341344683,281.7499084472656,2454900,2023-11-08 00:00:00-05:00
277.9699724321039,278.7221223252403,273.90442298268505,274.0853271484375,4059100,2023-11-09 00:00:00-05:00
275.3802501811182,277.6272277832031,273.05708710248194,277.6272277832031,3653500,2023-11-10 00:00:00-05:00
274.00916581586523,276.0466766715086,273.4854851668448,274.2757568359375,4586700,2023-11-13 00:00:00-05:00
286.48191229450765,293.4799346902909,285.7678260046322,289.0906982421875,7952800,2023-11-14 00:00:00-05:00
289.53813519730187,294.13683719366344,289.4524483465145,293.4322814941406,3985900,2023-11-15 00:00:00-05:00
291.23296168518124,293.2038468496862,289.75716589584954,291.7661437988281,3114000,2023-11-16 00:00:00-05:00
293.72744723881306,293.92738323246647,290.8235084104881,292.55633544921875,2770300,2023-11-17 00:00:00-05:00
292.4801666326278,294.8414219494259,291.0995884609383,293.4322814941406,3459000,2023-11-20 00:00:00-05:00
290.93783850135463,291.41389608476896,287.86249605224816,290.7188415527344,2977200,2023-11-21 00:00:00-05:00
292.67065603602646,295.0223522903766,291.8042278630445,294.39398193359375,2873500,2023-11-22 00:00:00-05:00
294.37494051996356,296.4696053686918,293.54660502949963,295.8221740722656,1259900,2023-11-24 00:00:00-05:00
295.81264979005,297.90731468244576,294.9176592502307,296.0316467285156,2992600,2023-11-27 00:00:00-05:00
295.8316264051956,299.5163065930976,294.5748567606247,298.335693359375,3116900,2023-11-28 00:00:00-05:00
301.02913854912066,301.02913854912066,298.00984301175515,298.1152648925781,3083800,2023-11-29 00:00:00-05:00
299.5722226593858,300.74160407405566,295.7861027898012,300.4827880859375,4493700,2023-11-30 00:00:00-05:00
300.80859758276165,306.81846235894847,300.01304869483454,306.3583679199219,3613600,2023-12-01 00:00:00-05:00
306.3584357869109,311.59188321554984,305.72581676236166,310.57586669921875,3827900,2023-12-04 00:00:00-05:00
308.63966070113264,310.4800094367772,306.73223861810135,310.0774230957031,3269800,2023-12-05 00:00:00-05:00
311.5152018927244,314.6878620703544,310.7579721346681,312.5791320800781,3030800,2023-12-06 00:00:00-05:00
312.57915081891747,313.825229252001,311.2084908687442,312.6366882324219,2742300,2023-12-07 00:00:00-05:00
312.4737247551335,313.7006142835044,311.5727245583693,312.9242248535156,2889300,2023-12-08 00:00:00-05:00
316.12562792716307,318.311025735337,315.16711960337886,317.5825500488281,3520700,2023-12-11 00:00:00-05:00
316.7295075432086,320.64020881505525,316.6144912192358,319.375,2893400,2023-12-12 00:00:00-05:00
321.00444288219666,329.5735099331687,318.1385122554394,329.1517639160156,5822700,2023-12-13 00:00:00-05:00
335.22867989218565,338.4205288777668,333.5608848284758,337.2127990722656,7594800,2023-12-14 00:00:00-05:00
333.7717736758197,339.6761885312107,332.3627652529269,339.31195068359375,11212800,2023-12-15 00:00:00-05:00
339.0340020391552,340.19381827803875,335.78467373489536,336.25433349609375,4420500,2023-12-18 00:00:00-05:00
336.877269909033,338.315032149826,335.8612535989804,337.46197509765625,4654700,2023-12-19 00:00:00-05:00
336.43641790543126,340.0499837154101,333.85802820302786,334.1935119628906,3259500,2023-12-20 00:00:00-05:00
337.27029922753275,337.6345370492072,332.6023686474802,334.4906311035156,2794200,2023-12-21 00:00:00-05:00
334.55777479984647,336.7623323842055,332.3052742454378,334.1264343261719,2029900,2023-12-22 00:00:00-05:00
333.9730363451973,335.56416361619165,333.7142496374762,334.8165283203125,1585500,2023-12-26 00:00:00-05:00
335.3916548733839,335.4779171133364,332.7749165894128,334.06890869140625,2764300,2023-12-27 00:00:00-05:00
334.04013167998147,334.55773433551667,331.4521476536564,332.9474182128906,2859400,2023-12-28 00:00:00-05:00
331.4808934015588,333.1295287525343,328.7874875739984,332.1710205078125,10325700,2023-12-29 00:00:00-05:00
329.9281264035724,332.8899134744372,328.97921256814175,330.76202392578125,2833600,2024-01-02 00:00:00-05:00
328.26997383649814,328.48084685871106,322.6243452085069,324.2250671386719,3309600,2024-01-03 00:00:00-05:00
325.8257184087166,328.6916781079283,324.4934070864676,324.54132080078125,3652400,2024-01-04 00:00:00-05:00
323.8512017394205,329.56390314226115,323.803288023911,328.7108459472656,2664300,2024-01-05 00:00:00-05:00
329.18051733418184,334.00181318973165,329.00799285060833,333.4938049316406,2736200,2024-01-08 00:00:00-05:00
331.46175093745273,334.6248166083471,330.9249886327113,331.82598876953125,2338100,2024-01-09 00:00:00-05:00
336.07218363890644,342.05326621593105,335.7750483987884,341.9957580566406,4109300,2024-01-10 00:00:00-05:00
342.2737007458902,346.0214714397907,338.6026270912365,341.7369384765625,3530400,2024-01-11 00:00:00-05:00
343.6540200312167,343.6540200312167,338.7656212762334,340.9510192871094,1956100,2024-01-12 00:00:00-05:00
343.203523068162,344.7275479482109,341.430276638085,343.55816650390625,3669400,2024-01-16 00:00:00-05:00
341.8328425257529,344.83297838522117,339.359874565931,340.9414367675781,2646100,2024-01-17 00:00:00-05:00
341.34396628348867,343.82649923518204,339.34068747501067,343.05010986328125,2510700,2024-01-18 00:00:00-05:00
343.9222897867345,347.90009256032306,341.4972654583883,347.3729248046875,3234600,2024-01-19 00:00:00-05:00
344.4495820362886,346.46245562855,340.9318724108083,341.890380859375,4003700,2024-01-22 00:00:00-05:00
341.08519973972545,341.11395381996414,334.5769198997487,336.2255554199219,3878400,2024-01-23 00:00:00-05:00
337.33742228605763,338.2288280081031,332.6694914228952,332.8611755371094,3474400,2024-01-24 00:00:00-05:00
337.9604632078349,338.2384388259579,333.8101348297029,336.4076843261719,3064200,2024-01-25 00:00:00-05:00
336.88690952197595,342.2353729042726,336.45556909136343,340.5579833984375,3177700,2024-01-26 00:00:00-05:00
340.4142396165778,341.5836209906853,338.36304692836853,340.9414367675781,2732000,2024-01-29 00:00:00-05:00
339.7911977256158,344.0373825414674,339.350292091019,342.2833251953125,2336500,2024-01-30 00:00:00-05:00
343.06934734684035,344.0853639342711,337.73044841482334,338.31512451171875,3377900,2024-01-31 00:00:00-05:00
338.7368630481417,345.19722956151725,337.7016868457037,345.130126953125,2439100,2024-02-01 00:00:00-05:00
339.4844908757023,344.6316761940786,335.49709250629456,342.407958984375,3697600,2024-02-02 00:00:00-05:00
338.9860298336129,341.2960382169286,336.20636177012966,340.4046325683594,2653800,2024-02-05 00:00:00-05:00
340.1266915813219,343.14598701343203,339.59949444152284,341.4685974121094,2045300,2024-02-06 00:00:00-05:00
343.6060760675935,348.6382447912875,342.8776003776354,347.6413879394531,3272200,2024-02-07 00:00:00-05:00
347.8043297085033,350.47857622512424,346.64454278248354,348.628662109375,2521900,2024-02-08 00:00:00-05:00
349.02162403378134,349.30916481671125,345.82977508650345,348.082275390625,2389900,2024-02-09 00:00:00-05:00
349.107919925575,353.4212075934676,348.94496063196993,350.2868957519531,3119700,2024-02-12 00:00:00-05:00
343.59648273452314,344.51664254230843,339.1969330034633,342.75299072265625,3106500,2024-02-13 00:00:00-05:00
342.35043857218324,344.0853363371226,339.2927946104716,343.366455078125,2998900,2024-02-14 00:00:00-05:00
344.0086339090101,346.63496662506356,342.04370353235277,346.0981750488281,2662800,2024-02-15 00:00:00-05:00
345.7147689801505,348.88742913466797,344.2482524412084,347.31549072265625,3899600,2024-02-16 00:00:00-05:00
340.5676173587072,350.0951931974681,339.84873605850703,347.5263977050781,4830000,2024-02-20 00:00:00-05:00
345.62850934186724,349.96095638949174,344.0565709180345,349.0216369628906,3277800,2024-02-21 00:00:00-05:00
352.19431831908577,357.4852739986025,351.9163427010071,355.9324951171875,3387500,2024-02-22 00:00:00-05:00
356.64178023981225,358.7217562663142,354.88772279920596,356.5267639160156,3398200,2024-02-23 00:00:00-05:00
358.0124560825815,359.3256078158729,355.3382096486354,356.18170166015625,2461000,2024-02-26 00:00:00-05:00
357.19768788286393,360.20738857655255,355.2327284199514,359.97735595703125,2802900,2024-02-27 00:00:00-05:00
359.9773610205643,364.07977521738553,359.49810688892,361.9422912597656,2282500,2024-02-28 00:00:00-05:00
363.07334727908267,365.93927757881903,362.4598879600038,364.81781005859375,4382800,2024-02-29 00:00:00-05:00
364.57821038805014,369.121559713695,364.07020214873626,368.49853515625,2750900,2024-03-01 00:00:00-05:00
367.0128239123958,368.57519712881776,364.3385775526836,364.5877990722656,2619000,2024-03-04 00:00:00-05:00
364.3289691880516,365.1724610762054,361.3767475795133,362.7474365234375,3011600,2024-03-05 00:00:00-05:00
364.9941955752967,366.23807487854197,362.4486142811272,363.94317626953125,2496300,2024-03-06 00:00:00-05:00
364.35773557994025,366.70083410658805,362.1496154892522,363.0849304199219,2368500,2024-03-07 00:00:00-05:00
361.5903814415201,363.15244718113934,358.79408837696576,359.9993896484375,2162900,2024-03-08 00:00:00-05:00
358.273441166812,359.64267655436805,355.67963010598123,358.23486328125,2833700,2024-03-11 00:00:00-04:00
359.18944243431025,362.45820428742303,359.0930124441889,361.1468505859375,2843800,2024-03-12 00:00:00-04:00
362.5835380166056,369.02466076258986,362.34247776928913,365.43768310546875,3761200,2024-03-13 00:00:00-04:00
364.48312726018304,366.6044694010014,358.8616147264681,361.8507385253906,3877500,2024-03-14 00:00:00-04:00
360.7418873325197,364.88814185287805,359.2183992926447,359.88372802734375,9234900,2024-03-15 00:00:00-04:00
363.02711204429795,364.0974349366718,357.8684458463963,358.61090087890625,3455600,2024-03-18 00:00:00-04:00
361.4843231517575,365.8908821643172,359.78724957281975,365.8426818847656,3493800,2024-03-19 00:00:00-04:00
365.85232631112075,371.11707383308993,362.7763952246629,370.66387939453125,2750400,2024-03-20 00:00:00-04:00
374.520909569606,382.6783814803019,374.405205339516,381.068115234375,4212200,2024-03-21 00:00:00-04:00
380.57631179380854,382.244459445046,376.1407969688166,376.3240051269531,2910900,2024-03-22 00:00:00-04:00
375.1862162548232,375.919019477733,369.19828728936926,369.7961120605469,2683900,2024-03-25 00:00:00-04:00
368.7354447464425,370.5192966771734,365.8330696019901,366.3441162109375,2720200,2024-03-26 00:00:00-04:00
367.23122014935103,372.50562001886624,367.1251383291782,372.09100341796875,2536500,2024-03-27 00:00:00-04:00
373.286674071019,373.74949098145964,366.14164375305074,369.8829040527344,4108200,2024-03-28 00:00:00-04:00
367.8290941068633,369.43938986879516,354.68648175812336,354.86968994140625,4333200,2024-04-01 00:00:00-04:00
351.46586230569636,353.74145705635675,349.98092285110346,350.0195007324219,4650500,2024-04-02 00:00:00-04:00
349.0552771795754,349.4409677331872,346.16255388803194,347.0303649902344,4723000,2024-04-03 00:00:00-04:00
349.6434414186651,351.94799170817384,344.14728495735994,344.8897399902344,4381600,2024-04-04 00:00:00-04:00
344.8897288596243,346.4807206937535,343.28908519865826,345.07293701171875,3243400,2024-04-05 00:00:00-04:00
345.2657941073491,349.6048787603574,344.48476122391173,349.10345458984375,4339600,2024-04-08 00:00:00-04:00
350.62696661088637,351.41765130914774,345.9021915008405,348.4960021972656,3022600,2024-04-09 00:00:00-04:00
339.2875064969208,341.33169289268506,336.2790790143769,338.02435302734375,4805200,2024-04-10 00:00:00-04:00
338.48720306797196,339.3260881144948,333.4249373066622,334.94842529296875,4104700,2024-04-11 00:00:00-04:00
333.7430972812244,333.7430972812244,329.29796030169035,330.60931396484375,3550300,2024-04-12 00:00:00-04:00
333.55031518295317,333.70456787348263,325.13247925843905,325.84600830078125,4209200,2024-04-15 00:00:00-04:00
324.77573258328755,326.01958256172315,321.05374619761386,322.85687255859375,4525500,2024-04-16 00:00:00-04:00
324.7370778716666,325.1902723118366,320.07015503369195,320.9283142089844,4273800,2024-04-17 00:00:00-04:00
323.64749124990686,324.9010222269317,319.4819629969976,320.9862060546875,3717300,2024-04-18 00:00:00-04:00
322.74107764174244,323.8596006662569,320.6872397259019,323.3678283691406,3076600,2024-04-19 00:00:00-04:00
326.1255977820655,327.31162482584466,321.7768613811759,324.0910339355469,3112800,2024-04-22 00:00:00-04:00
325.91347501411553,328.02516526845903,324.26463105740265,326.8777160644531,3697400,2024-04-23 00:00:00-04:00
325.01671421838637,325.47953105599385,319.9544490729584,321.1018981933594,4029200,2024-04-24 00:00:00-04:00
317.929540079241,321.0054711883431,315.21037342787116,320.1087341308594,3787800,2024-04-25 00:00:00-04:00
319.1638014106992,323.82107293688324,319.1541495833635,323.1075439453125,2465300,2024-04-26 00:00:00-04:00
323.0207256768641,325.27704602058543,322.20111496526,324.75634765625,2427400,2024-04-29 00:00:00-04:00
323.7150078212133,325.3735036111212,320.9572631051366,322.2686462402344,3089900,2024-04-30 00:00:00-04:00
321.1019400832229,323.3968386234095,317.64994044546734,320.09912109375,3267500,2024-05-01 00:00:00-04:00
323.5028732618701,323.98499378834083,319.14451429604316,323.53179931640625,3213600,2024-05-02 00:00:00-04:00
329.07616145008194,334.4759168393033,328.1986986245323,330.59002685546875,4165100,2024-05-03 00:00:00-04:00
333.62740542461995,333.99382173416166,328.2662275065828,330.0500793457031,3366100,2024-05-06 00:00:00-04:00
331.3132387563528,333.1838687931401,328.20838132247616,328.5072937011719,2930700,2024-05-07 00:00:00-04:00
326.6656058668047,328.26624965917136,325.5567344626728,326.71380615234375,3123200,2024-05-08 00:00:00-04:00
327.11876341358396,335.5655240975108,326.7619989472511,335.0158996582031,3801400,2024-05-09 00:00:00-04:00
335.03518981789824,337.30116218976013,332.3739045073493,334.0420227050781,3413700,2024-05-10 00:00:00-04:00
335.61372574282467,336.31763227811547,328.2276360276128,328.7676086425781,4055600,2024-05-13 00:00:00-04:00
323.06897088007867,331.9400008281422,321.09228838277807,328.3240966796875,5854300,2024-05-14 00:00:00-04:00
332.8367135904822,337.90863085391663,332.3642448994767,336.2019348144531,4151100,2024-05-15 00:00:00-04:00
335.5559052753924,335.79696555217066,330.4165131220525,330.474365234375,3101600,2024-05-16 00:00:00-04:00
332.43177849531224,332.5956830072522,328.41088007071403,331.90142822265625,2739000,2024-05-17 00:00:00-04:00
328.9315340081357,330.30073973679475,325.4699123811797,325.7398986816406,3237400,2024-05-20 00:00:00-04:00
326.8777009055773,326.8777009055773,320.446200450512,324.1296081542969,4275100,2024-05-21 00:00:00-04:00
322.6929314915226,323.26183021189496,317.1678193704944,318.7684631347656,4024400,2024-05-22 00:00:00-04:00
319.1445175622198,319.1637917900072,314.3425864759588,315.2007751464844,4021100,2024-05-23 00:00:00-04:00
314.71867175861513,315.82754315598896,312.8191155843542,313.47479248046875,2736900,2024-05-24 00:00:00-04:00
313.75440940031444,319.1541357395518,312.87694651361295,316.946044921875,3807500,2024-05-28 00:00:00-04:00
314.85362307160796,315.10433515639977,312.19230840628245,314.25579833984375,3506200,2024-05-29 00:00:00-04:00
316.7802768958931,320.62520778566466,316.24623978592666,319.61541748046875,2921800,2024-05-30 00:00:00-04:00
320.4601175833061,325.4313767186821,318.4794127728578,325.14007568359375,5557800,2024-05-31 00:00:00-04:00
323.95554128382355,323.95554128382355,317.3434133485831,318.47943115234375,3712800,2024-06-03 00:00:00-04:00
317.37251085439345,320.2076808214513,315.65395036904715,318.7221374511719,4296800,2024-06-04 00:00:00-04:00
318.9551911114068,320.8582335745154,316.4501679448258,320.6640625,2422400,2024-06-05 00:00:00-04:00
320.21742987875734,322.1981646190984,318.5279962174818,321.47967529296875,2979400,2024-06-06 00:00:00-04:00
316.2656774089613,319.26589154960806,314.5179600014992,317.52789306640625,2583800,2024-06-07 00:00:00-04:00
317.4987391402258,323.13020339495444,317.0132670620297,322.8971862792969,2691000,2024-06-10 00:00:00-04:00
323.32442361619843,326.5382465975899,320.7223002312357,325.96539306640625,3250900,2024-06-11 00:00:00-04:00
336.9467911393473,340.3062500399007,333.0921411758266,334.1407775878906,4793000,2024-06-12 00:00:00-04:00
335.8496144200012,338.558557208595,333.101855195138,337.7720947265625,3380800,2024-06-13 00:00:00-04:00
334.7912829506757,337.4031253417764,331.7619416453803,336.7622985839844,2589000,2024-06-14 00:00:00-04:00
334.8689626377177,340.5004272004789,334.3931798260733,339.3450012207031,2680200,2024-06-17 00:00:00-04:00
342.6947910800411,346.0542499490812,341.87917182014536,343.5880432128906,3655000,2024-06-18 00:00:00-04:00
341.7723701599842,344.6075403591198,339.43239100176436,343.1705322265625,3661200,2024-06-20 00:00:00-04:00
344.52984641754387,345.8988813351638,341.8209037239185,345.4619445800781,6596400,2024-06-21 00:00:00-04:00
346.5299794290773,347.29703364455025,340.5295513779873,340.6849060058594,4278900,2024-06-24 00:00:00-04:00
336.2477032961916,336.90793827959254,324.8099811331162,328.4898681640625,4879600,2024-06-25 00:00:00-04:00
329.5967396663073,332.63580002830327,327.72282430211175,331.88818359375,3365300,2024-06-26 00:00:00-04:00
332.8687801511968,334.7427249378254,328.6160695332423,331.5677185058594,2912600,2024-06-27 00:00:00-04:00
331.43177988190473,335.2475831459071,330.8103614249271,334.23779296875,6344000,2024-06-28 00:00:00-04:00
333.92716272176705,334.63593306735555,325.6450093745346,326.4217529296875,2643600,2024-07-01 00:00:00-04:00
325.26634027851105,327.043155308719,322.8681066739094,325.2372131347656,2995900,2024-07-02 00:00:00-04:00
327.2082203543932,329.7715274606981,323.84876146282784,323.94586181640625,1733000,2024-07-03 00:00:00-04:00
323.04285946559065,326.1596119035296,322.0039716171453,324.8585205078125,3437500,2024-07-05 00:00:00-04:00
326.1207824826617,330.85899549851916,325.2663467413275,329.7326965332031,3534500,2024-07-08 00:00:00-04:00
329.1015956584492,329.4025860331629,325.8197990506724,327.2956237792969,2254300,2024-07-09 00:00:00-04:00
328.80055593156214,334.28638469902955,327.81017389037237,334.1795654296875,3263100,2024-07-10 00:00:00-04:00
340.5878242896579,343.84049346727346,334.97576768583707,343.5103759765625,4146900,2024-07-11 00:00:00-04:00
344.68519611978786,353.3751586912106,343.80163332895995,349.31658935546875,4019900,2024-07-12 00:00:00-04:00
348.7049729386106,350.6856781059716,344.7143761964768,348.0447082519531,2884000,2024-07-15 00:00:00-04:00
349.5981756609749,358.6862290248503,349.05444926485643,358.3949279785156,3210400,2024-07-16 00:00:00-04:00
355.9869852386255,364.2885460520695,354.8024321642373,361.0844421386719,3991100,2024-07-17 00:00:00-04:00
359.15225123511686,364.8225617692263,355.15196589899523,355.4432373046875,2395000,2024-07-18 00:00:00-04:00
355.7830516947319,356.91906936840377,351.43324094079895,352.80224609375,2474500,2024-07-19 00:00:00-04:00
353.90917590693283,356.6083997121543,350.5885335645457,352.69549560546875,4049300,2024-07-22 00:00:00-04:00
354.8121120714392,354.8121120714392,348.93791184197363,349.1709289550781,2535700,2024-07-23 00:00:00-04:00
348.5009729522884,350.9477711480934,339.83044889614547,340.1314392089844,3508100,2024-07-24 00:00:00-04:00
340.0246881672636,348.40391215397074,339.1799417799225,343.02490234375,3297600,2024-07-25 00:00:00-04:00
344.69489918533725,351.1613909115856,344.69489918533725,349.06414794921875,2439000,2024-07-26 00:00:00-04:00
348.77286336625957,352.3459605988924,348.52043801920894,351.1614074707031,2142100,2024-07-29 00:00:00-04:00
352.2780248827435,354.0936860180858,348.8214654780464,353.12274169921875,2788800,2024-07-30 00:00:00-04:00
354.3946120261438,361.6669741718724,352.4915698034124,357.4627990722656,3526100,2024-07-31 00:00:00-04:00
359.2396718597177,360.6863990148408,343.47154591905036,348.16119384765625,3759000,2024-08-01 00:00:00-04:00
344.61725002256827,345.2386685914976,336.66521391043915,345.10272216796875,3764600,2024-08-02 00:00:00-04:00
340.68489613285584,343.65598293150225,335.2087567748082,339.8401794433594,3827900,2024-08-05 00:00:00-04:00
338.6168160726772,348.2388773983605,337.189526802491,343.62689208984375,2831100,2024-08-06 00:00:00-04:00
344.8599598522437,345.91828549297645,332.3347853802213,332.4512939453125,3429100,2024-08-07 00:00:00-04:00
332.2959535788339,338.60709125968543,331.4221096722741,338.2187194824219,3591100,2024-08-08 00:00:00-04:00
337.7818320467837,341.31605394615434,335.36416055288004,338.5100402832031,2314800,2024-08-09 00:00:00-04:00
340.5781128587891,341.2869128470347,332.18916972630444,335.7622375488281,3830200,2024-08-12 00:00:00-04:00
331.9366833412968,343.12197930129855,329.5093228820416,339.8984375,6388600,2024-08-13 00:00:00-04:00
339.39350479696446,349.2388923821703,339.2478691053502,345.32598876953125,4814800,2024-08-14 00:00:00-04:00
351.9284208316723,354.7927180284109,347.7339644739176,349.6078796386719,3575800,2024-08-15 00:00:00-04:00
349.5108300131949,353.132463014192,349.5108300131949,351.54010009765625,3308300,2024-08-16 00:00:00-04:00
351.96727612444,354.0936463148059,351.57890436661376,352.5207214355469,3634900,2024-08-19 00:00:00-04:00
350.1710175091373,356.9579375716508,350.02538180626476,356.5986633300781,3459400,2024-08-20 00:00:00-04:00
358.71535038320735,362.0359629894774,357.8123497480809,359.69598388671875,4587600,2024-08-21 00:00:00-04:00
360.7057829626776,361.6378811307568,354.01596296701416,354.7441711425781,4097300,2024-08-22 00:00:00-04:00
356.00644582065314,365.38577145206625,354.5791564934627,364.6769714355469,3426200,2024-08-23 00:00:00-04:00
366.1236347279979,367.5800510631214,362.52143995576836,363.23992919921875,2452100,2024-08-26 00:00:00-04:00
362.6379654504968,363.4050197194457,360.2203237032073,362.33697509765625,1780300,2024-08-27 00:00:00-04:00
362.16222693732044,364.5022062756492,359.4435947268677,361.8612365722656,2218300,2024-08-28 00:00:00-04:00
363.98090678856613,364.67448573601,358.4324540740404,358.5594482421875,2698400,2024-08-29 00:00:00-04:00
360.6889787245557,361.83189650027026,356.4299637064075,359.96612548828125,3216700,2024-08-30 00:00:00-04:00
359.3800668553148,360.8258033490285,354.4958582005515,356.2932434082031,3598100,2024-09-03 00:00:00-04:00
355.73646317199103,357.455684332084,351.67279802940516,356.2248840332031,3221300,2024-09-04 00:00:00-04:00
356.44950888973364,356.69371930001853,349.29902092198864,353.47015380859375,2789200,2024-09-05 00:00:00-04:00
354.51535231239325,356.9769823133608,351.0964068500746,351.7117919921875,2228800,2024-09-06 00:00:00-04:00
354.359052323441,357.6803076510117,351.69226414419035,357.05511474609375,2747600,2024-09-09 00:00:00-04:00
357.2309653824566,362.95524253419103,354.0855344111465,362.2812194824219,2787400,2024-09-10 00:00:00-04:00
360.9918006925071,362.61336132282906,353.75343068334337,361.9100341796875,2937700,2024-09-11 00:00:00-04:00
363.32646304504055,366.3058179675444,361.97841688230994,365.7587890625,2367700,2024-09-12 00:00:00-04:00
366.8626317916087,373.15349412986956,366.8138016355613,371.1900329589844,2514700,2024-09-13 00:00:00-04:00
373.15346057072446,375.10714361036173,370.7406608243389,373.1632385253906,2877800,2024-09-16 00:00:00-04:00
374.55037890583077,378.9559441950652,372.84090605392623,374.3647766113281,2947600,2024-09-17 00:00:00-04:00
375.1950775687316,383.57639498980035,372.2450267393824,375.116943359375,3549400,2024-09-18 00:00:00-04:00
381.78874425676366,382.7948898514274,378.04745427199606,381.3003234863281,3753500,2024-09-19 00:00:00-04:00
379.33691536003073,382.7558612299579,378.037729046229,380.83148193359375,6584200,2024-09-20 00:00:00-04:00
381.77894632925023,383.55680499522873,378.29164486701427,382.8827819824219,2502300,2024-09-23 00:00:00-04:00
385.55941030013963,391.82093902882093,384.51418258242114,391.3813781738281,4057700,2024-09-24 00:00:00-04:00
391.38136185980994,391.38136185980994,386.4580718132194,387.73773193359375,2787300,2024-09-25 00:00:00-04:00
390.24823671946893,390.7366575413957,386.33109218814724,387.5130920410156,2849500,2024-09-26 00:00:00-04:00
390.39474307881557,394.19467124706904,389.0857789000425,390.27752685546875,2452300,2024-09-27 00:00:00-04:00
390.9320152074607,395.92366140994386,389.7793194780741,395.81622314453125,3442000,2024-09-30 00:00:00-04:00
394.66354467759095,401.0520972857473,392.114002332127,399.5770568847656,3476200,2024-10-01 00:00:00-04:00
398.2583167851832,401.93122078724133,395.58175063370805,401.7358703613281,3431300,2024-10-02 00:00:00-04:00
399.5282236445173,403.40628607868376,397.37916015045505,402.0484619140625,3320700,2024-10-03 00:00:00-04:00
400.57343571001604,402.2829084828889,390.1993828523733,398.90301513671875,3989000,2024-10-04 00:00:00-04:00
395.5134444196423,400.319488819061,391.94794841827724,398.6100158691406,3267800,2024-10-07 00:00:00-04:00
400.3096555565166,405.6725359412831,398.9811653567537,404.5882263183594,3693900,2024-10-08 00:00:00-04:00
410.2734897770846,410.30279383392076,401.2377045855655,406.43450927734375,3627800,2024-10-09 00:00:00-04:00
400.23150995678344,404.8812851452759,398.18991475121396,400.4659423828125,3040800,2024-10-10 00:00:00-04:00
401.0520892858195,403.5723573353809,399.3719205230585,402.3610534667969,2717400,2024-10-11 00:00:00-04:00
401.95077193542363,406.7763715798061,401.77491780009484,405.7995300292969,2088700,2024-10-14 00:00:00-04:00
408.2709501317088,411.79733392497906,405.408781647148,405.955810546875,3693000,2024-10-15 00:00:00-04:00
404.28545992403383,409.0426741193331,404.28545992403383,408.9156799316406,2429000,2024-10-16 00:00:00-04:00
408.91561450159423,409.2965970037114,404.95941826873343,405.975341796875,2013800,2024-10-17 00:00:00-04:00
407.0010343379487,407.010812293121,403.67000100564167,405.3892517089844,2436600,2024-10-18 00:00:00-04:00
406.43447430558933,406.91311712967513,395.0054161494502,396.9884033203125,3699500,2024-10-21 00:00:00-04:00
389.2713977506225,393.61835501997854,387.03442202379034,392.5438232421875,4486700,2024-10-22 00:00:00-04:00
391.2836567981562,394.9175086300965,387.5032846929196,390.3849792480469,3159000,2024-10-23 00:00:00-04:00
392.97363100295,394.83940210932894,388.8708841979185,393.3545837402344,2550300,2024-10-24 00:00:00-04:00
394.1750694667266,394.1750694667266,388.6168389733888,389.6718444824219,1941400,2024-10-25 00:00:00-04:00
394.10672124647795,396.4413569662577,392.6414589736233,393.5596923828125,2586500,2024-10-28 00:00:00-04:00
384.8169711390143,389.8672253706157,380.04020154421534,385.9208068847656,3822700,2024-10-29 00:00:00-04:00
385.85241789926135,388.48012409210065,382.86328509736455,383.4298400878906,2795600,2024-10-30 00:00:00-04:00
381.45664298890125,386.5069271536928,381.45664298890125,384.6313781738281,2518600,2024-10-31 00:00:00-04:00
385.65704151209263,389.47649564394357,382.93167498428676,383.49822998046875,3277800,2024-11-01 00:00:00-04:00
382.87307888340524,391.2055365789953,382.0134535015418,386.40924072265625,2690500,2024-11-04 00:00:00-05:00
385.8231301919591,390.9613265773593,384.738820508006,390.8245544433594,2496500,2024-11-05 00:00:00-05:00
384.91468168471255,384.91468168471255,372.8799857281613,379.3759765625,7133400,2024-11-06 00:00:00-05:00
381.9450603376156,390.50220217518523,381.74968009597154,390.1896057128906,4323100,2024-11-07 00:00:00-05:00
394.6440069197238,396.98842080064327,392.98336427320083,396.5,3448700,2024-11-08 00:00:00-05:00
398.3266790628164,402.06799899624616,396.4316040188479,398.83465576171875,4071500,2024-11-11 00:00:00-05:00
404.65660275398665,406.38560152570506,392.8758963175789,393.7452697753906,5647100,2024-11-12 00:00:00-05:00
399.65519363812047,403.1815773730967,397.30100189282234,400.6906433105469,3083100,2024-11-13 00:00:00-05:00
398.5513552724622,401.97030072210345,395.02497156074907,396.32415771484375,3348100,2024-11-14 00:00:00-05:00
393.569450710093,399.4402779080379,393.569450710093,398.7271728515625,3239500,2024-11-15 00:00:00-05:00
396.10924536730465,402.9862181715177,394.59515290121,400.9348449707031,3394300,2024-11-18 00:00:00-05:00
398.9226074466095,399.684542759607,390.1114764715312,397.3791809082031,3239400,2024-11-19 00:00:00-05:00
396.597682800293,397.28148383290505,390.6584990908904,390.73663330078125,4732200,2024-11-20 00:00:00-05:00
392.035790963583,401.8628440020126,391.10780941352107,400.9446105957031,3722200,2024-11-21 00:00:00-05:00
402.54661751644954,410.41020962170194,401.4330336877278,410.2734375,4932500,2024-11-22 00:00:00-05:00
415.1576844714462,420.28610292668174,414.6301816547296,418.7427062988281,4544200,2024-11-25 00:00:00-05:00
418.6743509109912,429.1949250953241,414.86467431296273,419.5730285644531,2758600,2024-11-26 00:00:00-05:00
420.87904914222946,422.3520275946863,418.28659268135027,419.49444580078125,2293500,2024-11-27 00:00:00-05:00
420.839766604003,423.2358139808098,419.8381520321865,421.3995056152344,2028700,2024-11-29 00:00:00-05:00
421.2718443243243,422.64661824230745,415.5370517180062,419.2685852050781,2617100,2024-12-02 00:00:00-05:00
421.9886988879685,422.92156726311316,415.6941673540126,421.61553955078125,2714000,2024-12-03 00:00:00-05:00
418.72849582086747,421.1048842619906,417.83488530199116,420.2113037109375,1968800,2024-12-04 00:00:00-05:00
418.91508739630876,422.01816566950504,418.2080565243422,418.8561706542969,2523500,2024-12-05 00:00:00-05:00
420.9772363384826,427.9002227924012,419.3176782863944,423.59912109375,3161400,2024-12-06 00:00:00-05:00
424.56151620057796,428.49925841278923,420.31933085612167,421.4486083984375,3426000,2024-12-09 00:00:00-05:00
419.20965049934836,419.6122681951875,413.8185590955025,414.977294921875,3354900,2024-12-10 00:00:00-05:00
417.5697435354614,420.2898328333736,413.67125954154176,413.7890930175781,4211200,2024-12-11 00:00:00-05:00
413.8381971846184,415.13442540951706,405.7368157307366,406.9544982910156,3673600,2024-12-12 00:00:00-05:00
408.280159585411,410.6074907299199,406.7188060107718,409.4683837890625,2649500,2024-12-13 00:00:00-05:00
410.3227015990883,410.94135734100587,403.2916808902642,403.3113098144531,2879600,2024-12-16 00:00:00-05:00
402.6141312367176,403.0069195175299,398.91205598912865,401.1116943359375,3726500,2024-12-17 00:00:00-05:00
399.66814927963424,403.31130755652447,386.29350986517727,386.7255859375,4225500,2024-12-18 00:00:00-05:00
387.629008219351,388.0218264559693,377.95647348301793,378.0841064453125,4576100,2024-12-19 00:00:00-05:00
376.463819383325,386.205129842943,376.1495767951193,385.5275573730469,8046400,2024-12-20 00:00:00-05:00
384.05459292266363,386.15602662609507,380.05790414306443,385.3802795410156,2433800,2024-12-23 00:00:00-05:00
385.0660123925834,389.0037841796875,383.46537109355137,389.0037841796875,1392600,2024-12-24 00:00:00-05:00
385.4489925192891,388.6502752945198,384.5652114370948,388.0218200683594,1319500,2024-12-26 00:00:00-05:00
385.07583607227906,388.34583483681286,384.3196880034473,385.7828369140625,1942700,2024-12-27 00:00:00-05:00
383.49483247997387,384.16257549101385,378.7321963598081,382.4146423339844,2444700,2024-12-30 00:00:00-05:00
