Open,High,Low,Close,Volume,Date
157.57428268116828,160.50383543455646,157.25469486178275,160.4949493408203,2857400,2020-01-02 00:00:00-05:00
158.31998634100466,159.64272747686752,157.49439235900212,158.7816162109375,2805200,2020-01-03 00:00:00-05:00
157.87608646561864,158.35547489052772,157.06823772629318,157.5831298828125,3277900,2020-01-06 00:00:00-05:00
157.45882725755249,158.08025762469146,155.87864724952587,157.67189025878906,3002800,2020-01-07 00:00:00-05:00
157.72514491029284,158.99462321854665,156.89066512859188,157.80503845214844,2545500,2020-01-08 00:00:00-05:00
158.63955894853285,159.28760708635485,158.071404373071,158.96803283691406,1789500,2020-01-09 00:00:00-05:00
159.70482703556317,159.70482703556317,158.1424055356519,158.6217803955078,1671700,2020-01-10 00:00:00-05:00
159.12779269209497,160.98317067805365,158.63065921699322,160.92103576660156,2261900,2020-01-13 00:00:00-05:00
160.2285867299611,160.87663471147067,159.35858966341917,160.1930694580078,2191200,2020-01-14 00:00:00-05:00
160.93882979325312,161.95974178263756,159.66049198824302,160.4416961669922,2600800,2020-01-15 00:00:00-05:00
161.125232207616,162.00410198708087,160.49492919582084,161.79991149902344,2215400,2020-01-16 00:00:00-05:00
162.33258089614569,163.39786910037543,162.03962426945446,162.66104125976562,2608000,2020-01-17 00:00:00-05:00
162.49235381969382,162.72317550010368,160.21086302354416,160.6192169189453,2188600,2020-01-21 00:00:00-05:00
161.1784679926818,161.46255199222782,159.62491917807483,159.83798217773438,1881700,2020-01-22 00:00:00-05:00
159.62495331936233,160.27300145636195,158.9325153547055,159.4207763671875,2434000,2020-01-23 00:00:00-05:00
159.72259898274484,160.02442812505907,156.6776492815275,157.2458038330078,2737000,2020-01-24 00:00:00-05:00
154.70685374347786,155.65673095650823,153.99665719738076,154.0587921142578,2491500,2020-01-27 00:00:00-05:00
154.5737052719477,156.90847216271194,153.7925011563915,155.76329040527344,2178400,2020-01-28 00:00:00-05:00
157.13040605820925,157.78734031598424,155.9142032951503,155.94970703125,2199000,2020-01-29 00:00:00-05:00
154.28960251888861,158.70168249239882,154.28960251888861,158.3199462890625,3076100,2020-01-30 00:00:00-05:00
157.93827972578433,157.93827972578433,152.10580469226315,153.77476501464844,5500000,2020-01-31 00:00:00-05:00
154.8755384288411,155.9053092738583,151.51098729129936,152.08802795410156,3542700,2020-02-03 00:00:00-05:00
154.53818291482142,156.2959088953735,154.467161904533,155.5413360595703,2992500,2020-02-04 00:00:00-05:00
157.05051206996913,157.68968768503723,155.71001236948297,157.0416259765625,2818100,2020-02-05 00:00:00-05:00
158.0181447632028,158.0181447632028,156.3847020234019,156.55337524414062,2427500,2020-02-06 00:00:00-05:00
156.1095200803855,156.88185170109907,155.08860810377683,155.60350036621094,3254500,2020-02-07 00:00:00-05:00
155.2838827353788,157.2369131018614,154.56481363395375,157.08599853515625,2399700,2020-02-10 00:00:00-05:00
158.2400844910225,159.74037133039505,157.30795225188652,159.03904724121094,2948500,2020-02-11 00:00:00-05:00
159.33198157124946,161.24950815848814,158.95025889059286,160.8411407470703,2950800,2020-02-12 00:00:00-05:00
160.08657833658674,160.63697425456007,158.63068143592085,159.900146484375,1985700,2020-02-13 00:00:00-05:00
160.24633942611229,161.44479681282002,159.77583714442608,160.51266479492188,2489000,2020-02-14 00:00:00-05:00
159.88241946391992,160.2286384749876,158.86150752655388,159.27874755859375,1818600,2020-02-18 00:00:00-05:00
159.64270958640634,161.28502481831995,159.3497529832721,160.5570831298828,2464500,2020-02-19 00:00:00-05:00
160.61924656546495,161.7555694456576,158.91478256398958,160.41506958007812,2336800,2020-02-20 00:00:00-05:00
159.44742427249176,160.67251320573703,158.6839652127103,159.68711853027344,1940400,2020-02-21 00:00:00-05:00
154.85780709390824,157.45888617108324,153.9878232186267,155.59463500976562,3204300,2020-02-24 00:00:00-05:00
155.92309382413458,156.73094275877622,148.1020844829106,148.96319580078125,4092200,2020-02-25 00:00:00-05:00
149.66447012998722,152.76269561329693,148.04878619837723,148.41275024414062,3411700,2020-02-26 00:00:00-05:00
145.49413570785768,148.90367305381218,142.37915423500107,142.4059295654297,3951300,2020-02-27 00:00:00-05:00
137.22915308027223,144.74440002441406,134.43547555698456,144.74440002441406,9558100,2020-02-28 00:00:00-05:00
145.5655726721561,147.6987607134354,140.65656128167112,146.59201049804688,6744900,2020-03-02 00:00:00-05:00
146.62767922295077,150.10860847955144,143.3074019539508,144.49449157714844,6108500,2020-03-03 00:00:00-05:00
147.18106557864684,153.45567291430885,146.6098357689158,152.79519653320312,4532500,2020-03-04 00:00:00-05:00
148.60912467639145,149.867619631446,145.68157063716657,147.1988983154297,5394700,2020-03-05 00:00:00-05:00
141.7454279768291,147.3773990002253,140.64759866198781,146.40452575683594,5021600,2020-03-06 00:00:00-05:00
136.11345113259526,140.36197099946497,133.65002570680872,136.4347686767578,5849000,2020-03-09 00:00:00-04:00
139.1034911924245,144.53910055253576,136.87212311823862,144.3159637451172,5477600,2020-03-10 00:00:00-04:00
139.97817076264568,140.55832096078686,135.27444348242105,136.90780639648438,4826900,2020-03-11 00:00:00-04:00
127.98235615048544,129.84777672938,119.99406058000383,120.3600082397461,7170500,2020-03-12 00:00:00-04:00
126.87559696350006,133.59647723981885,123.18938576758107,133.35549926757812,6324800,2020-03-13 00:00:00-04:00
114.24605577743172,127.83954750695105,110.68479391418136,120.73487854003906,5891000,2020-03-16 00:00:00-04:00
121.59171134683523,126.71493760348089,116.20073180329098,117.63773345947266,8524800,2020-03-17 00:00:00-04:00
108.81936571214379,110.79189443760755,90.23653110794444,106.75758361816406,7633900,2020-03-18 00:00:00-04:00
105.09744019894403,109.2656342820855,99.9831413866716,106.17742156982422,6814100,2020-03-19 00:00:00-04:00
107.90003872457375,108.14103030039826,98.87638529691225,100.41156768798828,6801200,2020-03-20 00:00:00-04:00
95.93987920962954,99.1441266170948,90.21865623693704,92.69993591308594,8200400,2020-03-23 00:00:00-04:00
98.18020781497425,106.68618291159079,97.51079730714488,106.6683349609375,5799100,2020-03-24 00:00:00-04:00
107.36450660242768,120.7973382641843,106.92716036849754,115.71874237060547,7159100,2020-03-25 00:00:00-04:00
117.6644979226632,124.41215251322049,117.06649293849362,122.63597869873047,5594400,2020-03-26 00:00:00-04:00
117.29855711982123,120.6813187998178,114.37100325034314,117.16468048095703,3924900,2020-03-27 00:00:00-04:00
116.7005693844645,119.38713208268143,116.14719436961656,117.5931167602539,5035700,2020-03-30 00:00:00-04:00
117.67342266216751,121.48460311938472,116.03113903974892,119.41388702392578,5296000,2020-03-31 00:00:00-04:00
114.49596626129275,117.17360815443654,112.01468586318146,115.7723159790039,4246100,2020-04-01 00:00:00-04:00
114.78159825342367,118.84267792779114,113.47847308915648,118.53921508789062,3504200,2020-04-02 00:00:00-04:00
118.26250053426715,118.56596330476857,112.93399281688617,113.75513458251953,4031500,2020-04-03 00:00:00-04:00
119.17292994808113,120.82413442897152,118.27144837832259,119.60134887695312,4874300,2020-04-06 00:00:00-04:00
125.52784924214075,126.93807558252523,120.49388311456649,120.70809936523438,4051700,2020-04-07 00:00:00-04:00
121.98441247969927,125.2957682662662,120.68130131953863,124.28718566894531,3890600,2020-04-08 00:00:00-04:00
124.95663537673242,130.57968669252386,124.6888684342295,128.01806640625,4365000,2020-04-09 00:00:00-04:00
127.42002042442506,127.82167751897207,121.84160099113961,123.11795043945312,3016300,2020-04-13 00:00:00-04:00
125.59030735597649,128.28578976903606,123.6624023679113,125.48319244384766,3486600,2020-04-14 00:00:00-04:00
122.78773036070356,123.14474380907608,118.27142988556994,120.35106658935547,3252800,2020-04-15 00:00:00-04:00
120.1190178730997,120.76165302187063,115.65628135062991,118.11078643798828,4016700,2020-04-16 00:00:00-04:00
121.27040146473236,125.13513304098751,121.09189472242967,123.4571533203125,4750700,2020-04-17 00:00:00-04:00
121.19899359207153,123.3411153139422,120.3957064583645,121.11866760253906,2529000,2020-04-20 00:00:00-04:00
118.77126281816781,119.61917993702104,116.673771443835,117.81623077392578,2418100,2020-04-21 00:00:00-04:00
119.79770633992149,120.23505944408733,117.59311329711201,118.7355728149414,2629700,2020-04-22 00:00:00-04:00
120.270767328606,123.6981462235755,119.74416760853792,120.20828247070312,2786400,2020-04-23 00:00:00-04:00
121.11864450213547,121.6006275857862,118.13754031506828,120.95799255371094,2837900,2020-04-24 00:00:00-04:00
121.85946409472665,125.9205564442027,121.19005371687417,124.84950256347656,3137700,2020-04-27 00:00:00-04:00
127.91992015553357,130.83854080974626,126.8488522106245,127.42008209228516,3377900,2020-04-28 00:00:00-04:00
129.865642638668,131.98097555237288,128.53574215134913,130.45472717285156,2651200,2020-04-29 00:00:00-04:00
128.0716110534374,128.51788468278625,125.45644050347425,126.65245056152344,4492600,2020-04-30 00:00:00-04:00
124.3586133062926,124.51034470855213,119.75306610438128,122.50211334228516,3681100,2020-05-01 00:00:00-04:00
119.51205690185986,121.70772886427936,118.53918378539423,120.67237091064453,4123000,2020-05-04 00:00:00-04:00
122.35930954506645,122.35930954506645,120.07439057158764,120.37785339355469,3122300,2020-05-05 00:00:00-04:00
121.4846028247088,121.4846028247088,118.69092566415667,118.74447631835938,2349500,2020-05-06 00:00:00-04:00
120.15469472976795,121.07401721815994,117.8251460894764,118.52133178710938,3096500,2020-05-07 00:00:00-04:00
120.19935082343076,122.56460948884202,119.9583592238865,122.19866180419922,2740400,2020-05-08 00:00:00-04:00
121.17221587818037,121.3150267140002,119.73521418832173,119.85124969482422,2356400,2020-05-11 00:00:00-04:00
120.77951242940806,121.4132134132391,113.79978570244607,113.88011169433594,4870400,2020-05-12 00:00:00-04:00
113.46953147673646,113.47845885608325,108.78365833016994,109.75653839111328,5786200,2020-05-13 00:00:00-04:00
108.13810675525085,114.42301555493145,105.29686623084956,114.23419952392578,5226200,2020-05-14 00:00:00-04:00
112.7236776122187,113.88355353257984,111.24910827000811,112.7596435546875,4660300,2020-05-15 00:00:00-04:00
117.33616785768004,123.71098012138174,116.59887653937308,122.31732940673828,6402800,2020-05-18 00:00:00-04:00
121.60704789548394,121.75989799140318,118.63093675580302,118.63992309570312,4427800,2020-05-19 00:00:00-04:00
120.97764434958948,122.89277717276973,120.71688961298494,122.308349609375,2949700,2020-05-20 00:00:00-04:00
123.65703196565296,124.78992793301491,122.54210867424918,123.80089569091797,2374300,2020-05-21 00:00:00-04:00
123.60310877410552,125.2844734924028,122.68599450976045,125.14060974121094,2958000,2020-05-22 00:00:00-04:00
129.2676627849258,131.50648318132053,128.94397609007737,130.31964111328125,4370200,2020-05-26 00:00:00-04:00
133.39461433885216,135.71436594192045,132.0549088433972,133.60140991210938,4291700,2020-05-27 00:00:00-04:00
134.8691669462112,135.9571175962018,130.0858005731104,132.67529296875,3481800,2020-05-28 00:00:00-04:00
131.02092635869394,134.77927461538889,129.77113905328537,131.1378173828125,4135000,2020-05-29 00:00:00-04:00
130.81412255344995,132.88210573896842,130.29262672731653,131.43450927734375,2071100,2020-06-01 00:00:00-04:00
132.88212740633858,133.72730996169182,131.677299121714,133.38565063476562,3625800,2020-06-02 00:00:00-04:00
135.08499794499028,138.80738737919702,134.91416142696264,137.88128662109375,2992700,2020-06-03 00:00:00-04:00
136.6764073811897,140.42576853580744,135.88518427290364,140.18301391601562,3768200,2020-06-04 00:00:00-04:00
146.47693459477307,149.00348188683074,144.34599206805828,145.09226989746094,4524900,2020-06-05 00:00:00-04:00
145.27211683418966,147.72673242068313,144.82255283639063,146.48593139648438,3573400,2020-06-08 00:00:00-04:00
144.18413881714997,144.75958007736912,141.64859176082072,142.15211486816406,3679100,2020-06-09 00:00:00-04:00
141.81044358266382,141.92733459177404,137.95317747804668,138.57357788085938,3309800,2020-06-10 00:00:00-04:00
133.66433416758252,133.80819789981297,128.6561860311647,128.97088623046875,4184900,2020-06-11 00:00:00-04:00
133.25978365066985,133.97008882324016,126.9119276490726,129.93299865722656,3612400,2020-06-12 00:00:00-04:00
125.98580983774825,133.16086109139587,125.6081777274938,131.83914184570312,3314000,2020-06-15 00:00:00-04:00
136.76633802190776,137.03607912124164,131.42551638958545,134.06895446777344,3804500,2020-06-16 00:00:00-04:00
134.59043007796615,134.93210300050805,132.90006558067478,133.37660217285156,3507600,2020-06-17 00:00:00-04:00
132.03693804292104,133.97005754652292,131.56040135190096,133.27772521972656,2581600,2020-06-18 00:00:00-04:00
135.28280990875004,135.6244692320267,130.13079640051834,130.70623779296875,5265900,2020-06-19 00:00:00-04:00
130.0229271663696,131.72227888442188,128.88103053182007,130.31964111328125,2529900,2020-06-22 00:00:00-04:00
132.07290937896147,132.38760966205618,130.12180329474546,130.2476806640625,2309800,2020-06-23 00:00:00-04:00
128.41345088051943,128.87200116195334,124.15157977454732,124.39434814453125,3371200,2020-06-24 00:00:00-04:00
124.10662370043703,128.3954676512245,123.89082806405673,128.0897674560547,4019000,2020-06-25 00:00:00-04:00
127.95489470895563,127.95489470895563,123.65706426129476,124.26847839355469,10255300,2020-06-26 00:00:00-04:00
125.97683198316679,128.84505266574692,125.2305540532474,128.79110717773438,2971200,2020-06-29 00:00:00-04:00
127.90995847108447,130.84112485543568,127.69417650779403,130.0049285888672,3688000,2020-06-30 00:00:00-04:00
130.57133559413126,131.70423164299442,128.5482981157036,129.57330322265625,2609500,2020-07-01 00:00:00-04:00
130.89503467181274,132.30665826883245,129.96893407947692,130.3915252685547,2758500,2020-07-02 00:00:00-04:00
132.3965863875268,133.34067344864204,131.38956750612562,132.36961364746094,2336700,2020-07-06 00:00:00-04:00
131.27262741462414,131.3625456609666,129.7081404776137,130.34652709960938,2622000,2020-07-07 00:00:00-04:00
129.86106087795363,131.2097529862071,129.3935241585418,130.904052734375,3587800,2020-07-08 00:00:00-04:00
130.1398045715174,130.8411233835338,127.07377449460108,127.10973358154297,3167200,2020-07-09 00:00:00-04:00
127.34351737920458,128.68320946961276,126.6871439871299,128.08079528808594,2325000,2020-07-10 00:00:00-04:00
129.09675682334978,131.16475327744595,127.90091533589593,129.01583862304688,2585700,2020-07-13 00:00:00-04:00
129.01586287036082,133.34965206503284,127.9368984518078,133.1608428955078,2649800,2020-07-14 00:00:00-04:00
135.94811749128587,137.287822821549,135.65140367775373,136.60447692871094,2984600,2020-07-15 00:00:00-04:00
135.77731769571287,138.02513775125175,135.09398533788678,137.63851928710938,3697600,2020-07-16 00:00:00-04:00
138.01611544701362,139.70648007859145,137.08102858419258,139.36480712890625,4886500,2020-07-17 00:00:00-04:00
138.57356523030327,139.25691110474628,137.13496905385637,137.91720581054688,4876200,2020-07-20 00:00:00-04:00
138.35780934890641,141.18107048175804,138.35780934890641,139.14903259277344,2394000,2020-07-21 00:00:00-04:00
138.564565803571,139.9132573088736,138.38474301345056,139.01412963867188,1798600,2020-07-22 00:00:00-04:00
138.78941652911308,139.80543569042734,137.44971069726728,138.22296142578125,2625600,2020-07-23 00:00:00-04:00
138.46571096790743,138.69049296623194,134.0060300845229,134.356689453125,4368300,2020-07-24 00:00:00-04:00
133.79020758477006,135.73232675419612,132.9989708002779,135.552490234375,3378300,2020-07-27 00:00:00-04:00
135.31877419350306,136.73939818687057,134.34771423400102,136.67645263671875,3904200,2020-07-28 00:00:00-04:00
136.28082772995705,139.7514483891697,135.92116832409835,138.98719787597656,3311500,2020-07-29 00:00:00-04:00
137.50364010038618,137.6295311927133,133.99704634625715,134.1139373779297,2749100,2020-07-30 00:00:00-04:00
133.89809912519905,134.4016084559297,132.17177554000813,134.30270385742188,4061200,2020-07-31 00:00:00-04:00
134.98606484273324,135.09395579152877,132.4505177892238,133.54745483398438,2105400,2020-08-03 00:00:00-04:00
132.40556032538183,133.21478361036858,131.4614870723003,132.468505859375,3078300,2020-08-04 00:00:00-04:00
133.78124863297606,135.76832754291217,133.56546669424938,135.6064910888672,4097200,2020-08-05 00:00:00-04:00
135.69634855895364,137.47661753357033,135.17485285535892,137.18890380859375,2502700,2020-08-06 00:00:00-04:00
137.06308999126358,139.59862410336257,136.54159404602765,139.46376037597656,2520200,2020-08-07 00:00:00-04:00
139.50869498571367,143.75257997597984,139.50869498571367,143.34796142578125,2858800,2020-08-10 00:00:00-04:00
144.50781628990708,146.78260845040657,143.95036146278736,144.11219787597656,3773700,2020-08-11 00:00:00-04:00
146.12629234211875,146.39603349700573,142.9523714706543,143.92343139648438,2669400,2020-08-12 00:00:00-04:00
142.5761239583468,144.35742248249497,142.47667389590154,143.75160217285156,2574900,2020-08-13 00:00:00-04:00
142.86546123374563,145.46054462713545,142.82929883330502,144.92706298828125,2844700,2020-08-14 00:00:00-04:00
144.7010262925578,145.46961191070355,142.91069063039913,143.55267333984375,2817200,2020-08-17 00:00:00-04:00
143.76068311920784,144.45691648467252,142.16022387937315,142.30490112304688,1869300,2020-08-18 00:00:00-04:00
142.4766714698018,142.9830279111992,141.20172941738306,141.8256378173828,2098100,2020-08-19 00:00:00-04:00
140.60497972741317,141.97938596480836,140.34276429257207,141.21080017089844,1600300,2020-08-20 00:00:00-04:00
141.0208955835625,142.6484659841565,141.0208955835625,142.4133758544922,2507800,2020-08-21 00:00:00-04:00
142.95590885223294,144.17658665551983,141.51820142583279,144.104248046875,2087000,2020-08-24 00:00:00-04:00
148.59817129678345,151.00337811581915,147.85672475841187,148.7699737548828,7400500,2020-08-25 00:00:00-04:00
149.01410719376088,150.48796304364618,147.69395189682507,149.47525024414062,3466600,2020-08-26 00:00:00-04:00
150.27097328203695,152.53150296304196,149.27633470352345,150.0901336669922,4281100,2020-08-27 00:00:00-04:00
150.38853112189148,152.54054608028733,149.61090832932763,152.25120544433594,13011800,2020-08-28 00:00:00-04:00
152.43202129161625,152.4410584423,148.91463807090952,149.6922607421875,4561900,2020-08-31 00:00:00-04:00
148.10087976929887,152.05229565434908,147.83866435587962,151.8804931640625,3974600,2020-09-01 00:00:00-04:00
152.56767479432077,156.36536213363226,151.83526533996817,155.94943237304688,4111900,2020-09-02 00:00:00-04:00
156.76320840591902,157.1701147875473,149.24920992971232,150.3704376220703,3527700,2020-09-03 00:00:00-04:00
152.55861710077752,153.40857840645998,148.81518077364854,150.7230682373047,3326500,2020-09-04 00:00:00-04:00
149.36675482205692,150.49701961271091,147.65779501047516,148.53488159179688,2796800,2020-09-08 00:00:00-04:00
149.4210020039416,151.50069193196444,149.06835994898125,149.87310791015625,2807500,2020-09-09 00:00:00-04:00
151.274642340568,151.274642340568,148.12798902659696,148.53488159179688,2814900,2020-09-10 00:00:00-04:00
148.75186948430286,151.41025422717888,148.53486749528525,150.50604248046875,2116700,2020-09-11 00:00:00-04:00
151.9166218026942,153.30006477342516,151.337926794004,152.3325653076172,2134000,2020-09-14 00:00:00-04:00
153.05596550734802,153.7069992358272,151.97091389227603,152.1788787841797,1851200,2020-09-15 00:00:00-04:00
153.07402217505526,154.945747378059,152.34161276420278,153.7160186767578,3152000,2020-09-16 00:00:00-04:00
151.94376261552534,155.0271285263497,150.74117292204647,154.02345275878906,2661400,2020-09-17 00:00:00-04:00
153.24581144140134,154.14098608711748,151.6363155470506,152.54052734375,4908000,2020-09-18 00:00:00-04:00
149.03221612978805,149.35771917755875,143.39896590198651,145.9126739501953,4459600,2020-09-21 00:00:00-04:00
145.44248761502465,147.38653765416836,144.78240300321846,147.09718322753906,2501000,2020-09-22 00:00:00-04:00
146.7716686122495,148.20031114017385,142.71175259096967,143.5797882080078,2507600,2020-09-23 00:00:00-04:00
143.1548317016139,145.50577431520503,141.82563913203566,143.55267333984375,2238300,2020-09-24 00:00:00-04:00
142.54899514811612,146.5365727882775,142.11497731567007,146.02117919921875,2593900,2020-09-25 00:00:00-04:00
148.68860618126573,150.2348007948789,147.5945037178521,148.86944580078125,2512600,2020-09-28 00:00:00-04:00
148.7971207069125,150.3071530526313,147.81153296344252,148.7519073486328,2169300,2020-09-29 00:00:00-04:00
149.89117401608712,151.83522360868884,147.40459189676267,148.84228515625,2883400,2020-09-30 00:00:00-04:00
150.27999077459663,151.12995203101363,146.59080516214334,148.00137329101562,2409300,2020-10-01 00:00:00-04:00
146.13871084480706,151.00337488184596,145.89458358585213,149.74652099609375,2339900,2020-10-02 00:00:00-04:00
150.99434163201255,153.03785544377556,150.76828866976177,152.55862426757812,1750000,2020-10-05 00:00:00-04:00
152.91126682018012,154.99999399043165,150.659774342061,150.90391540527344,2345800,2020-10-06 00:00:00-04:00
152.80274339967846,155.70525529198858,152.37776278786623,155.11752319335938,2030200,2020-10-07 00:00:00-04:00
155.8680202474291,157.21528687604948,155.05422142353183,157.1339111328125,1977900,2020-10-08 00:00:00-04:00
157.69452693812508,159.1955217854487,156.67277702160197,157.67645263671875,2636900,2020-10-09 00:00:00-04:00
158.29134046929852,160.02742574348704,157.44137903567741,158.56260681152344,3396300,2020-10-12 00:00:00-04:00
157.2695377030474,158.18280036966237,154.18618622632644,155.11752319335938,2315300,2020-10-13 00:00:00-04:00
156.51001753657954,158.20090298882917,156.24780218469095,156.85362243652344,2384600,2020-10-14 00:00:00-04:00
154.6744729368735,156.91691440488188,154.01440216629723,156.0760040283203,2436600,2020-10-15 00:00:00-04:00
156.69990545258634,159.50295371408842,156.24779955906888,158.1104736328125,3628800,2020-10-16 00:00:00-04:00
157.8663372229903,158.38174457938052,154.6654334736471,155.15370178222656,2103500,2020-10-19 00:00:00-04:00
155.94940557680297,158.88809383874616,155.94940557680297,156.66372680664062,1580300,2020-10-20 00:00:00-04:00
156.05793321433708,158.43601499812598,156.0217708080055,156.3111114501953,1827000,2020-10-21 00:00:00-04:00
156.98023004027036,160.27156083644908,156.46482262960325,159.90988159179688,1882100,2020-10-22 00:00:00-04:00
160.9497399599398,161.52843510229056,157.0254630947118,158.72537231445312,1987900,2020-10-23 00:00:00-04:00
156.60949664162746,156.60949664162746,151.5459183342189,153.86973571777344,2323700,2020-10-26 00:00:00-04:00
152.8479830596758,153.5804063340892,150.69596798523614,150.77734375,2009300,2020-10-27 00:00:00-04:00
146.95253770645772,149.65612274896307,145.55100635080564,145.72280883789062,3233500,2020-10-28 00:00:00-04:00
145.0446175773071,149.86406810796177,144.14944293185366,148.83326721191406,3113600,2020-10-29 00:00:00-04:00
146.0663539869032,149.88212851796047,145.6232990779088,149.14971923828125,4389500,2020-10-30 00:00:00-04:00
152.99264691815748,157.78497262848703,152.0070592829757,156.980224609375,4198300,2020-11-02 00:00:00-05:00
158.71627138646352,163.110740600702,157.55888156681985,162.0437774658203,3719800,2020-11-03 00:00:00-05:00
159.53911792274448,164.95533728986558,156.68180557911654,161.77252197265625,4318600,2020-11-04 00:00:00-05:00
163.1107814502345,166.71859183985006,162.95706708538282,165.7239532470703,4585100,2020-11-05 00:00:00-05:00
165.95001881206258,168.18342344219295,165.3622865608407,166.619140625,3080300,2020-11-06 00:00:00-05:00
185.27298638651197,189.88447193816668,174.89263911710165,178.1206817626953,7735200,2020-11-09 00:00:00-05:00
180.30885827810795,183.57306306463767,179.15146840671784,182.63267517089844,5882200,2020-11-10 00:00:00-05:00
182.92208047995695,183.50981272934192,179.3413950825877,180.2003936767578,3238500,2020-11-11 00:00:00-05:00
179.46454002160277,181.06340916728993,177.76572682607815,179.18292236328125,2659800,2020-11-12 00:00:00-05:00
180.6364482451958,183.4163069295827,180.6364482451958,183.08926391601562,2355200,2020-11-13 00:00:00-05:00
187.13185554074778,190.42044423565036,184.77895655034112,189.4938201904297,4898800,2020-11-16 00:00:00-05:00
187.9676267888647,187.9676267888647,184.7426225023545,186.5322723388672,3447800,2020-11-17 00:00:00-05:00
185.77827270902876,186.2052458872848,182.56236152027907,182.69862365722656,4422300,2020-11-18 00:00:00-05:00
182.85305244780437,184.4973468661228,181.59030586175885,184.16122436523438,3263000,2020-11-19 00:00:00-05:00
183.2982469443151,184.71542894199956,182.14450975927974,183.50718688964844,2359000,2020-11-20 00:00:00-05:00
185.0061156849809,186.50506876040774,184.79717575150968,185.85098266601562,2806400,2020-11-23 00:00:00-05:00
189.23033259019232,189.67546467688598,187.81315134906083,188.8578643798828,4053600,2020-11-24 00:00:00-05:00
188.95784054035866,189.53924872600825,187.64058913588772,188.66712951660156,2434300,2020-11-25 00:00:00-05:00
188.65804431754935,190.24783379348088,188.59445994668144,190.23875427246094,1434200,2020-11-27 00:00:00-05:00
188.20379328469912,189.1849220347856,185.25132751464844,185.25132751464844,6465700,2020-11-30 00:00:00-05:00
188.13115283724076,190.6203140778845,187.07734613432314,187.3226318359375,3795500,2020-12-01 00:00:00-05:00
187.13187324852782,189.90263840151155,187.1137003426646,188.95785522460938,2459900,2020-12-02 00:00:00-05:00
187.69510781961333,190.26602644523817,187.51342034730794,189.15771484375,2779400,2020-12-03 00:00:00-05:00
190.2205979856808,193.40017721530276,190.2205979856808,193.2093963623047,3198800,2020-12-04 00:00:00-05:00
192.1465022968664,192.40086751594143,190.18425830141126,191.7740478515625,2595100,2020-12-07 00:00:00-05:00
191.06546853298653,193.5546160209839,190.68390681957092,192.65525817871094,2302300,2020-12-08 00:00:00-05:00
193.35477010091765,194.24506234964062,191.42885779330746,192.80970764160156,2946400,2020-12-09 00:00:00-05:00
191.00185499708962,193.31840821056872,190.97460257143754,192.56439208984375,2987200,2020-12-10 00:00:00-05:00
190.36594709041327,195.55319555328077,190.36594709041327,194.9808807373047,3120700,2020-12-11 00:00:00-05:00
196.22548117583355,196.86139431467817,192.31913780597833,192.45541381835938,3345300,2020-12-14 00:00:00-05:00
194.4085684901764,195.22616907459425,192.48265626616433,194.56300354003906,2502500,2020-12-15 00:00:00-05:00
193.85438178996503,194.70832805118192,190.0752218458776,191.0563507080078,2930100,2020-12-16 00:00:00-05:00
191.637753071886,192.53712463378906,190.77472731592474,192.53712463378906,2148300,2020-12-17 00:00:00-05:00
192.85508067806236,193.05494103186993,189.52106675680173,190.81106567382812,6686200,2020-12-18 00:00:00-05:00
186.80485008271117,191.8285847925987,186.09625915934717,191.37435913085938,2467500,2020-12-21 00:00:00-05:00
191.29256654704636,191.8739747323341,188.8215782941075,188.90333557128906,2019600,2020-12-22 00:00:00-05:00
190.4204701188264,192.71885070921306,190.0843475867365,190.76568603515625,2046700,2020-12-23 00:00:00-05:00
191.25622951789404,191.41066455805907,189.50292536025694,190.3477783203125,754900,2020-12-24 00:00:00-05:00
191.6832014064193,191.89214129914197,190.21151491198674,190.72024536132812,1715700,2020-12-28 00:00:00-05:00
192.04657977868212,192.04657977868212,188.8488415078606,189.98440551757812,1527600,2020-12-29 00:00:00-05:00
190.77477614715968,192.2192104111401,190.3750553506669,191.63780212402344,1602100,2020-12-30 00:00:00-05:00
191.68317502189998,193.500077154809,190.47493344009192,193.2275390625,1406400,2020-12-31 00:00:00-05:00
193.3547245182089,193.5091595383676,187.46796540180483,188.9123992919922,2328900,2021-01-04 00:00:00-05:00
188.03122989267322,190.94736441210145,188.03122989267322,189.37574768066406,2172100,2021-01-05 00:00:00-05:00
190.27513475334322,194.39041830895098,190.07527434501134,192.827880859375,2747900,2021-01-06 00:00:00-05:00
193.40016294013762,194.41762378271937,191.50150338143976,193.1457977294922,2057300,2021-01-07 00:00:00-05:00
193.31844654588224,193.87260241380545,188.6580867691162,190.80203247070312,3278900,2021-01-08 00:00:00-05:00
189.05782976691225,190.4295864512864,188.80346447261596,189.28494262695312,2938900,2021-01-11 00:00:00-05:00
188.8306695831075,190.30235611154797,186.46869088588156,189.75729370117188,2498800,2021-01-12 00:00:00-05:00
189.21217870358944,189.52104872577385,187.504286337855,188.06753540039062,2145100,2021-01-13 00:00:00-05:00
188.994200037429,190.57491027033592,188.2129313745256,189.51202392578125,3661500,2021-01-14 00:00:00-05:00
188.5308902541331,188.83068083554394,186.41419713946848,187.11370849609375,3887500,2021-01-15 00:00:00-05:00
189.17589295019684,189.64827761880414,187.54975745297514,187.8313751220703,2656300,2021-01-19 00:00:00-05:00
188.8851620667987,189.56650043154315,187.74959812555795,189.030517578125,2452400,2021-01-20 00:00:00-05:00
187.92218590634897,188.78521163675256,186.32331703884486,186.44140625,2705100,2021-01-21 00:00:00-05:00
185.5602194184198,185.74192073057682,182.95296915896049,183.73423767089844,3502700,2021-01-22 00:00:00-05:00
182.90752962463984,184.01584100576932,181.78105920319618,183.38900756835938,4737700,2021-01-25 00:00:00-05:00
185.17872243902823,186.023589414479,182.58055098732822,182.65322875976562,2201900,2021-01-26 00:00:00-05:00
179.97327719452272,182.38066745562222,178.53792256006616,181.12701416015625,4108600,2021-01-27 00:00:00-05:00
182.2534704352701,186.55045447692407,181.35411264291008,184.27023315429688,3731700,2021-01-28 00:00:00-05:00
178.51976481499142,182.54421139132333,176.73920798134003,177.484130859375,4635100,2021-01-29 00:00:00-05:00
179.464530573862,179.6643909392846,177.40234254620032,177.65670776367188,2889000,2021-02-01 00:00:00-05:00
179.71889307333223,182.48057847634163,179.4281820509815,181.7992401123047,2767800,2021-02-02 00:00:00-05:00
181.3540968332277,181.5993686487451,179.33733429001373,180.90895080566406,1910100,2021-02-03 00:00:00-05:00
181.53580887003923,183.01658879373483,180.62735765046952,182.22622680664062,2273300,2021-02-04 00:00:00-05:00
183.7160772379565,185.20593661047403,182.85305139408405,184.34291076660156,1868100,2021-02-05 00:00:00-05:00
185.16052169059313,186.14163674286294,184.0158643598373,185.1968536376953,2075700,2021-02-08 00:00:00-05:00
184.96063812660213,185.1423255630526,182.6713376141102,183.52528381347656,1794000,2021-02-09 00:00:00-05:00
184.41559201247392,184.73355547448287,182.76220418901167,183.65249633789062,1894600,2021-02-10 00:00:00-05:00
183.67063903808594,184.50642625896378,182.48966368282825,183.67063903808594,1709000,2021-02-11 00:00:00-05:00
183.84327332392465,185.1332724235526,183.1891873210336,184.9334259033203,1990300,2021-02-12 00:00:00-05:00
186.10529124550328,186.7502976199875,183.39811087289914,184.81529235839844,2283400,2021-02-16 00:00:00-05:00
182.92576317426452,183.67977945317543,181.56308615832447,183.41632080078125,2910200,2021-02-17 00:00:00-05:00
183.05295531443625,186.06902058671324,182.28076608722114,184.88803100585938,1764900,2021-02-18 00:00:00-05:00
185.43306214007848,187.89497109262405,184.70631223965978,184.92433166503906,2434400,2021-02-19 00:00:00-05:00
184.45191746445101,185.5965747978757,183.8886821809339,184.97882080078125,2205300,2021-02-22 00:00:00-05:00
186.24156166189135,186.99557776520237,184.38832745102715,186.26881408691406,2459300,2021-02-23 00:00:00-05:00
186.1325595916766,192.71883057151746,184.869813020361,191.71044921875,3341500,2021-02-24 00:00:00-05:00
191.57359574668436,192.03896562564077,186.3816250710366,186.865234375,2735000,2021-02-25 00:00:00-05:00
187.63167126260757,187.78678987270035,184.3832723142614,184.63876342773438,3665700,2021-02-26 00:00:00-05:00
186.44547180826677,189.9311088491344,185.86149007728892,188.1700439453125,2536000,2021-03-01 00:00:00-05:00
188.67192239907888,189.78513984301708,187.22108069871751,188.49855041503906,2500200,2021-03-02 00:00:00-05:00
188.07881500178397,191.11734989978092,188.07881500178397,188.8909149169922,2706400,2021-03-03 00:00:00-05:00
189.2011612417185,189.8307555139651,182.95983932754143,185.17715454101562,2798800,2021-03-04 00:00:00-05:00
186.62797920689871,189.30153058397127,184.1186801022095,188.49855041503906,2857800,2021-03-05 00:00:00-05:00
189.37452413926286,193.85476716284268,189.06428685112553,189.52052307128906,3215900,2021-03-08 00:00:00-05:00
190.69763202776008,191.5644781146621,188.41645078684664,189.43841552734375,2643300,2021-03-09 00:00:00-05:00
189.502279734301,194.60301152682246,189.4749066735032,194.27452087402344,4332500,2021-03-10 00:00:00-05:00
193.25255949159973,195.96260413860352,192.71420401682528,193.90042114257812,2959700,2021-03-11 00:00:00-05:00
194.62120883009985,196.53740621057665,194.53908966547942,195.61581420898438,1839200,2021-03-12 00:00:00-05:00
195.0044876121622,198.00651575709955,194.08288155422647,197.2765350341797,2561000,2021-03-15 00:00:00-04:00
197.42251921024226,197.5228917261833,192.90578383934104,193.27076721191406,2577700,2021-03-16 00:00:00-04:00
194.81285055354385,195.66144317257366,193.38939588728522,194.3839874267578,2730200,2021-03-17 00:00:00-04:00
194.81286708610006,199.83146553562486,194.52086922043443,196.1998291015625,4293900,2021-03-18 00:00:00-04:00
196.51919539879566,196.71994046012978,193.5992862201518,194.27452087402344,10110800,2021-03-19 00:00:00-04:00
192.63204891174482,194.0646233396001,191.19034084902668,193.56277465820312,3306500,2021-03-22 00:00:00-04:00
192.00243721614888,193.7635161559295,189.67562985417462,190.33261108398438,1913800,2021-03-23 00:00:00-04:00
191.58271481075744,196.22719607198562,191.5188350584161,193.6448974609375,2562100,2021-03-24 00:00:00-04:00
193.63576451327265,195.31471030431385,190.02236786251396,195.1595916748047,2217500,2021-03-25 00:00:00-04:00
196.29108377769734,199.54861735277703,195.3968646078272,199.40261840820312,2540000,2021-03-26 00:00:00-04:00
198.5995881466389,200.44278606906104,198.13423229157354,199.72193908691406,3063900,2021-03-29 00:00:00-04:00
199.83145184277396,200.1143160537397,198.05213348087344,199.0010986328125,2448100,2021-03-30 00:00:00-04:00
199.09233807992885,199.98655705660488,197.77837570909398,198.07037353515625,2450000,2021-03-31 00:00:00-04:00
198.8825223990351,198.89164211214043,196.62871409489506,197.8240509033203,2109600,2021-04-01 00:00:00-04:00
199.5668223065603,200.84427795373375,199.25657114377051,200.0778045654297,2258700,2021-04-05 00:00:00-04:00
200.3515963051948,201.70205172554498,199.3843637461822,200.00485229492188,1796000,2021-04-06 00:00:00-04:00
199.1197529507788,200.63446066431376,198.26202656062708,199.375244140625,1717200,2021-04-07 00:00:00-04:00
199.08321956313569,200.70743322830123,197.6780182073701,200.61618041992188,2071700,2021-04-08 00:00:00-04:00
207.58746560839768,207.70609147274828,203.7642041239822,207.11297607421875,3861900,2021-04-09 00:00:00-04:00
205.89024715742337,209.16601934011226,205.81724770336623,208.59117126464844,2660100,2021-04-12 00:00:00-04:00
209.14780208542456,209.82302274137703,207.6787209844778,208.9561767578125,2749900,2021-04-13 00:00:00-04:00
208.04370114965775,210.7719985586738,208.04370114965775,209.30291748046875,2186500,2021-04-14 00:00:00-04:00
210.07851993445945,210.5165167178127,208.56382630917443,209.72265625,2009400,2021-04-15 00:00:00-04:00
211.40159021542226,212.01295895060238,209.91426973265874,211.79396057128906,4098100,2021-04-16 00:00:00-04:00
211.4290035655806,211.7939869867344,210.3249057432689,210.75376892089844,2904400,2021-04-19 00:00:00-04:00
209.8686574890194,210.04202947726966,206.01802274644987,207.43235778808594,2050600,2021-04-20 00:00:00-04:00
207.24989264723473,210.48003931544568,207.067387000494,210.32492065429688,1722400,2021-04-21 00:00:00-04:00
210.23365373880114,211.72098833603954,208.77370612531888,209.1934356689453,2516200,2021-04-22 00:00:00-04:00
205.4887644628847,207.0855910289734,202.76960083741884,204.85003662109375,5310400,2021-04-23 00:00:00-04:00
205.8446297803718,205.98150898393666,201.89362291689912,202.13087463378906,3611400,2021-04-26 00:00:00-04:00
202.58714110508973,204.16571457514542,201.75678781820454,203.41748046875,2786500,2021-04-27 00:00:00-04:00
203.24408948225775,204.52154516042248,203.02509111319122,203.36270141601562,2167900,2021-04-28 00:00:00-04:00
204.1292389580368,204.5398488182189,202.2769068842256,204.30259704589844,1789700,2021-04-29 00:00:00-04:00
203.4996286160183,204.01061100780626,201.69292297233463,203.5178680419922,2216900,2021-04-30 00:00:00-04:00
204.61281269589924,205.10554165775216,202.80610734825007,203.66383361816406,2218700,2021-05-03 00:00:00-04:00
202.696641028366,205.85380201136525,201.42830480757124,205.69866943359375,2827000,2021-05-04 00:00:00-04:00
206.48337450672943,207.37760748880757,205.99976524569027,206.3921356201172,2713900,2021-05-05 00:00:00-04:00
207.3593760072262,208.79196451801508,205.7169227195536,208.64596557617188,2052900,2021-05-06 00:00:00-04:00
208.16233567487234,209.59491012074037,206.55637531989282,208.76455688476562,1957100,2021-05-07 00:00:00-04:00
208.95619583209228,212.28671478152341,208.95619583209228,210.7263946533203,2391600,2021-05-10 00:00:00-04:00
208.09844766950914,209.1934117351524,204.62193014756068,209.1021728515625,3380200,2021-05-11 00:00:00-04:00
206.80274959231994,207.36847803969675,200.6435607310976,200.78042602539062,4197100,2021-05-12 00:00:00-04:00
200.52384283393357,206.05856227044654,200.44137511303697,204.96810913085938,2904700,2021-05-13 00:00:00-04:00
206.85584151305457,209.13753289587208,206.04945298581018,208.34031677246094,2081300,2021-05-14 00:00:00-04:00
208.79846933877434,208.79846933877434,205.93947608384497,207.52474975585938,2058100,2021-05-17 00:00:00-04:00
206.51671981475033,207.08486336478774,203.63939635457396,203.7218780517578,2400400,2021-05-18 00:00:00-04:00
202.20992439090554,202.94300345897437,198.64534157952008,202.80555725097656,3050200,2021-05-19 00:00:00-04:00
202.04499990707274,204.24422324831934,202.02666908423805,203.5478057861328,2207800,2021-05-20 00:00:00-04:00
204.34500826688662,206.75500095531834,204.03345421093607,204.5282745361328,2274600,2021-05-21 00:00:00-04:00
205.71951595730252,206.65419206066574,204.5007750534856,206.1776885986328,1813500,2021-05-24 00:00:00-04:00
206.177717154594,206.82832854761432,204.70240048588383,205.2980194091797,1804600,2021-05-25 00:00:00-04:00
206.14105432698008,206.16854356865957,204.62907612300597,205.50877380371094,1747800,2021-05-26 00:00:00-04:00
207.7263090323167,212.35385538745308,207.63466891347477,211.9231719970703,6646900,2021-05-27 00:00:00-04:00
212.59212056789048,212.8120484848719,211.04349469382382,211.5933074951172,2529300,2021-05-28 00:00:00-04:00
213.4076527456876,214.14073176974387,212.14309177874858,213.46263122558594,2234000,2021-06-01 00:00:00-04:00
214.4431576145127,214.4431576145127,211.2176178434585,211.4375457763672,2225400,2021-06-02 00:00:00-04:00
211.41005771854083,212.26225224649025,209.35743894684194,210.0263671875,2321300,2021-06-03 00:00:00-04:00
210.5395040916908,211.4466910283296,210.01719450925302,210.8052520751953,1300000,2021-06-04 00:00:00-04:00
210.31041391470592,211.08931304650417,208.49605405685804,209.10084533691406,2032400,2021-06-07 00:00:00-04:00
209.21080909405165,211.51084492040923,208.4135930968505,210.5853271484375,1720600,2021-06-08 00:00:00-04:00
210.59448754830686,211.12595552793695,208.56019982517125,208.75262451171875,1973400,2021-06-09 00:00:00-04:00
209.95304205535362,210.81440892126926,207.23149524807562,207.32313537597656,2223600,2021-06-10 00:00:00-04:00
208.69761946823138,209.229101362538,205.2246773096518,206.3426055908203,1998600,2021-06-11 00:00:00-04:00
206.10442860288313,206.13191784935344,204.09762971661462,204.50082397460938,2586100,2021-06-14 00:00:00-04:00
204.36331372950227,205.13304035421461,203.12624209653586,203.88681030273438,2063000,2021-06-15 00:00:00-04:00
203.88682280023542,204.25335531571267,200.31308183621516,200.6704559326172,3052300,2021-06-16 00:00:00-04:00
200.86290323361843,201.77924860784327,196.76683829224777,198.1963348388672,2425400,2021-06-17 00:00:00-04:00
195.7313588213285,197.27997061061836,194.22855311051558,194.72337341308594,5426300,2021-06-18 00:00:00-04:00
196.77599770687326,199.2409548556941,196.40945119198403,197.9305877685547,2872400,2021-06-21 00:00:00-04:00
197.6373659727688,198.66368231219363,196.90430085044943,197.46327209472656,2110900,2021-06-22 00:00:00-04:00
197.62818620056143,198.26962510444952,196.6110423735677,196.7026824951172,2234200,2021-06-23 00:00:00-04:00
197.73812275815578,199.7998994394123,196.6934897989452,199.47918701171875,3364300,2021-06-24 00:00:00-04:00
199.6441610124315,201.7517581569912,199.1493406655345,200.44139099121094,5219100,2021-06-25 00:00:00-04:00
200.78955066145267,201.69673742009817,198.20546453374138,198.6544647216797,2360300,2021-06-28 00:00:00-04:00
198.87443556641253,200.09317659272693,197.39911895374988,197.88478088378906,3001900,2021-06-29 00:00:00-04:00
197.49992012143943,201.46769732462442,197.49992012143943,201.0003662109375,2866300,2021-06-30 00:00:00-04:00
202.127460614292,202.7505687458136,201.2844245633578,202.1641082763672,1630200,2021-07-01 00:00:00-04:00
202.50316161106116,203.47448543376626,201.33024069507914,202.80555725097656,1542700,2021-07-02 00:00:00-04:00
201.67843542491408,202.46649294886396,197.86643558895565,200.27642822265625,1935600,2021-07-06 00:00:00-04:00
199.79076123742837,203.05294821269322,199.7724304166911,202.27406311035156,1563200,2021-07-07 00:00:00-04:00
200.27643845489814,202.24658935658886,198.96607130939486,200.97286987304688,2404700,2021-07-08 00:00:00-04:00
202.5398057108823,205.8111652269075,202.27407171931924,205.57290649414062,2161800,2021-07-09 00:00:00-04:00
204.23506633373827,206.81915307963757,203.54780728674191,206.196044921875,2066300,2021-07-12 00:00:00-04:00
206.95660623123973,206.95660623123973,204.9956277098773,205.3346710205078,1417300,2021-07-13 00:00:00-04:00
205.4171392450113,209.6231611238355,205.4171392450113,208.7159881591797,2631800,2021-07-14 00:00:00-04:00
210.75943756211726,213.9024955064209,209.8797398444194,213.33436584472656,5546800,2021-07-15 00:00:00-04:00
212.76623154351944,214.29652661804892,210.41121725494662,211.06182861328125,3592800,2021-07-16 00:00:00-04:00
206.7916604720963,207.65302736748973,201.6051422593851,202.20077514648438,6107100,2021-07-19 00:00:00-04:00
203.0987676446496,211.92317718037043,202.9704798645246,210.44786071777344,28237100,2021-07-20 00:00:00-04:00
210.0263577563719,212.65627849814868,209.59567431030007,212.45468139648438,4554700,2021-07-21 00:00:00-04:00
213.24274391091805,214.65390967287487,210.87857110409175,213.27023315429688,3680200,2021-07-22 00:00:00-04:00
209.84308479846183,211.7857324628649,207.25898420427703,210.13632202148438,3908400,2021-07-23 00:00:00-04:00
209.3665994365721,210.53952046561452,206.37931837546748,210.0721893310547,2776700,2021-07-26 00:00:00-04:00
209.54984227509442,212.8395326194376,209.00920188893195,211.0893096923828,2167100,2021-07-27 00:00:00-04:00
210.82355647615665,212.84867163027974,210.1821036210912,211.2084197998047,1713900,2021-07-28 00:00:00-04:00
213.40764169510288,213.73752653973025,211.98730378122613,213.3984832763672,1501900,2021-07-29 00:00:00-04:00
213.31600034929426,214.36980575520994,212.66540306484276,214.2323455810547,2237300,2021-07-30 00:00:00-04:00
215.46945027726528,217.04556543616258,212.79372346810305,212.97698974609375,2025300,2021-08-02 00:00:00-04:00
213.66423235384602,214.2873544299084,211.29090137781836,213.18772888183594,1783000,2021-08-03 00:00:00-04:00
212.4088574269042,213.49013824111907,209.76061989352243,210.38372802734375,2324000,2021-08-04 00:00:00-04:00
210.3287486298448,212.17977016564924,209.79726664501698,210.64947509765625,1467200,2021-08-05 00:00:00-04:00
210.7594084574937,211.57495517440603,209.8522216222375,210.46617126464844,1327400,2021-08-06 00:00:00-04:00
209.63230068142002,210.1362933507757,208.51435839023773,209.13746643066406,1369800,2021-08-09 00:00:00-04:00
209.30241295789602,212.65623978523348,209.0366650166616,212.4821319580078,2388800,2021-08-10 00:00:00-04:00
213.14190850433425,215.0478942998754,212.47296641159045,214.5897216796875,2098500,2021-08-11 00:00:00-04:00
214.83812125636436,215.0497170472921,212.24371793168186,213.384521484375,1917200,2021-08-12 00:00:00-04:00
213.30175893743493,214.04695582954082,212.65774845174712,213.2189483642578,1404700,2021-08-13 00:00:00-04:00
213.31095535734494,215.09575555178378,211.75615489851788,215.04055786132812,1794500,2021-08-16 00:00:00-04:00
214.53454950571606,215.00374389925327,210.07254914710657,212.93374633789062,2679100,2021-08-17 00:00:00-04:00
211.56297022160064,212.9705675286673,209.9805708633961,210.1461639404297,2555300,2021-08-18 00:00:00-04:00
209.37335831469758,210.9005599086608,207.9565521002263,209.5113525390625,1945100,2021-08-19 00:00:00-04:00
209.87937150908652,210.43136247348028,208.38896361766155,209.4837646484375,2081000,2021-08-20 00:00:00-04:00
209.06974633886634,213.0809420336672,209.06974633886634,210.78094482421875,2143300,2021-08-23 00:00:00-04:00
210.5417522486133,212.44614265705908,210.04494498514464,212.00454711914062,1265400,2021-08-24 00:00:00-04:00
212.3909824770863,213.75257714832802,210.4957866691794,212.2069854736328,1804200,2021-08-25 00:00:00-04:00
211.67333041100915,212.6853206912242,211.0753227545445,212.40933227539062,1303100,2021-08-26 00:00:00-04:00
213.0533613597887,214.87495537436155,212.20696399909758,212.6485595703125,1663600,2021-08-27 00:00:00-04:00
212.72215097176723,214.15734703795016,212.11494831666846,213.3201446533203,1318300,2021-08-30 00:00:00-04:00
212.91533927191966,214.03773905603953,212.12415369229893,213.35694885253906,1956300,2021-08-31 00:00:00-04:00
214.31374723031726,214.53455202649536,210.95575676210035,211.41575622558594,2484300,2021-09-01 00:00:00-04:00
212.44612371668774,212.92452702898822,211.38813069943848,212.49212646484375,1594500,2021-09-02 00:00:00-04:00
212.5197851421384,212.5197851421384,209.5481920770881,210.0909881591797,1622400,2021-09-03 00:00:00-04:00
209.48375094496825,209.48375094496825,204.94816301481723,205.09535217285156,3222400,2021-09-07 00:00:00-04:00
204.9297309965173,206.90772278484812,204.07413885790186,206.44772338867188,2428600,2021-09-08 00:00:00-04:00
205.99696122043517,206.98135276348168,204.5433612445665,205.09535217285156,1937900,2021-09-09 00:00:00-04:00
205.13214408370487,207.17454264753906,204.43295001353584,204.58013916015625,2357900,2021-09-10 00:00:00-04:00
206.37419242735936,207.65299053785785,204.43299388168901,205.7117919921875,2771400,2021-09-13 00:00:00-04:00
206.12575066082223,206.1901432822482,202.1329589142126,202.57455444335938,2699700,2021-09-14 00:00:00-04:00
202.97940829126298,205.07700514066838,202.5286036733021,203.95460510253906,2021700,2021-09-15 00:00:00-04:00
203.56816659734432,203.69696588565807,201.03816954698328,202.0777587890625,2393500,2021-09-16 00:00:00-04:00
202.27095304753064,202.27095304753064,200.0997551428487,201.01055908203125,4391600,2021-09-17 00:00:00-04:00
198.80257470351668,200.41257290624307,197.05458227007045,198.47137451171875,4008500,2021-09-20 00:00:00-04:00
199.44656108128112,199.58456934308546,197.20177549280106,197.707763671875,2568700,2021-09-21 00:00:00-04:00
199.12457154107986,200.9553604355594,199.01417616117104,199.65817260742188,2281100,2021-09-22 00:00:00-04:00
199.91575710818577,203.66014520647258,199.91575710818577,202.12374877929688,2180000,2021-09-23 00:00:00-04:00
202.16057376190344,203.14496533585685,200.99217116800818,201.65457153320312,1949100,2021-09-24 00:00:00-04:00
201.42456491265804,202.24336338636522,200.31136004756118,200.46775817871094,2199300,2021-09-27 00:00:00-04:00
199.2901328873157,200.88174089734883,197.31214110910756,197.7721405029297,2654100,2021-09-28 00:00:00-04:00
198.5633528326018,199.09695384843008,197.38575543148713,197.7261505126953,2109000,2021-09-29 00:00:00-04:00
198.87618947927857,198.9497910865612,195.13180071099555,195.29739379882812,2934400,2021-09-30 00:00:00-04:00
195.941355554251,199.10615391560208,194.70856043662923,198.3977508544922,2276500,2021-10-01 00:00:00-04:00
198.02979085964301,199.29018503634626,196.13459510726346,197.072998046875,2632200,2021-10-04 00:00:00-04:00
196.52097512718984,199.6857737428606,196.52097512718984,198.46217346191406,1560100,2021-10-05 00:00:00-04:00
196.668162667097,199.6305601560092,196.0701549778541,199.51095581054688,1735900,2021-10-06 00:00:00-04:00
200.55976663143062,202.27096520182707,200.29297311862567,200.90016174316406,1852600,2021-10-07 00:00:00-04:00
201.18536273645194,201.985771365214,199.40057657351488,200.2837677001953,1344800,2021-10-08 00:00:00-04:00
199.98938263254368,200.76217840609658,198.03897525034355,198.0665740966797,1355200,2021-10-11 00:00:00-04:00
198.44377421857166,198.94058152168114,196.8153721175998,197.18338012695312,1383700,2021-10-12 00:00:00-04:00
198.06655123010785,199.34534910230488,195.90456230097678,198.33335876464844,1600200,2021-10-13 00:00:00-04:00
199.7869778037016,201.27737162881516,199.20737396590408,201.10256958007812,1425500,2021-10-14 00:00:00-04:00
202.67576644183822,203.73375959274458,201.71895969636316,203.06216430664062,2180600,2021-10-15 00:00:00-04:00
201.0933543702755,203.75215053883645,200.4125501538504,202.97935485839844,1883300,2021-10-18 00:00:00-04:00
203.65097089474344,204.09256646607128,201.90297848127108,204.03736877441406,1599600,2021-10-19 00:00:00-04:00
204.45137894111053,205.79458369137924,203.1633859241989,205.7485809326172,1656900,2021-10-20 00:00:00-04:00
205.73014383517898,206.87094749332843,203.5405560596315,206.5581512451172,2649200,2021-10-21 00:00:00-04:00
205.13219892847528,205.98779134685424,199.86060805523758,200.00779724121094,3498600,2021-10-22 00:00:00-04:00
199.46494044156177,201.479740088538,198.39773844912548,200.13653564453125,2710400,2021-10-25 00:00:00-04:00
200.74376233620254,202.83216382358273,199.42817061363422,200.8541717529297,2443900,2021-10-26 00:00:00-04:00
200.65177544235203,200.7069731329396,198.00217398959145,198.46217346191406,1647100,2021-10-27 00:00:00-04:00
197.2293559496344,201.27734523324463,197.2293559496344,201.0013427734375,1947900,2021-10-28 00:00:00-04:00
200.5597778534676,202.67577831733385,199.69497656525587,201.1301727294922,2615300,2021-10-29 00:00:00-04:00
201.2037432960174,202.44574734398313,200.6241535732925,202.17893981933594,1697800,2021-11-01 00:00:00-04:00
202.89656013699798,204.21216592155287,201.70976768064477,203.49456787109375,2297400,2021-11-02 00:00:00-04:00
203.23692619945507,205.20572295293346,202.01332618360138,204.97572326660156,2057300,2021-11-03 00:00:00-04:00
204.85614481461684,206.85254065959114,204.3133488554445,204.6905517578125,2320000,2021-11-04 00:00:00-04:00
206.3005544025164,209.40094614341277,205.91415655655265,207.97494506835938,2329200,2021-11-05 00:00:00-04:00
209.58495567546342,209.98056251832745,206.4293660585684,207.67135620117188,1715400,2021-11-08 00:00:00-05:00
207.64375403957925,209.99894903552985,207.32176283948556,209.52975463867188,2369000,2021-11-09 00:00:00-05:00
209.9917719167133,210.58311526749168,208.06065373013953,208.27317810058594,1324800,2021-11-10 00:00:00-05:00
208.35629304415022,208.35629304415022,203.8288226928844,204.2076416015625,1595800,2021-11-11 00:00:00-05:00
205.06695649541717,205.62133288137613,202.81245586913792,205.4827423095703,2184600,2021-11-12 00:00:00-05:00
205.7045257613475,207.00731958730404,204.78978558254886,205.5566864013672,1207900,2021-11-15 00:00:00-05:00
205.69526697036997,206.3050937265315,204.25386852761486,204.54029846191406,1648500,2021-11-16 00:00:00-05:00
204.1891907569895,204.46637191070985,202.9048663827191,203.72720336914062,1896600,2021-11-17 00:00:00-05:00
202.8124671982699,204.15222782926287,202.3689632449814,203.92123413085938,1688300,2021-11-18 00:00:00-05:00
204.2076480900725,204.3832055429267,200.65958854378405,201.87924194335938,2096100,2021-11-19 00:00:00-05:00
201.73138935049977,204.24460155535328,201.45419413255937,201.5558319091797,2451600,2021-11-22 00:00:00-05:00
200.8351431545075,201.8515209731036,198.79315284577726,199.5785369873047,4021400,2021-11-23 00:00:00-05:00
198.7839454316881,199.49541000226208,195.7348256565367,196.0767059326172,3266000,2021-11-24 00:00:00-05:00
189.368631483865,193.1107322247132,187.16958105811196,192.38079833984375,3857800,2021-11-26 00:00:00-05:00
194.22872741025003,194.22872741025003,191.2627624271394,191.87258911132812,2598100,2021-11-29 00:00:00-05:00
190.55130469191127,190.77306370273945,185.8205585841276,186.86465454101562,5680300,2021-11-30 00:00:00-05:00
190.01539164338251,190.2279159757266,184.03727419931442,184.259033203125,3123100,2021-12-01 00:00:00-05:00
185.6819677536887,189.83060526394047,184.3329584458295,188.4908447265625,6004900,2021-12-02 00:00:00-05:00
188.50010699294944,188.93437630707555,185.71894772691283,188.0288848876953,3545900,2021-12-03 00:00:00-05:00
189.62732031771293,192.26988847606336,189.294688867755,190.5697784423828,4376400,2021-12-06 00:00:00-05:00
191.56767470471775,193.66510120452295,190.1170276699724,191.40135192871094,4786700,2021-12-07 00:00:00-05:00
189.26698812581031,189.71974083775277,187.12337399502627,189.0914306640625,4997400,2021-12-08 00:00:00-05:00
189.02676364644296,191.41062028913134,187.5206802317972,190.33880615234375,4992000,2021-12-09 00:00:00-05:00
191.1148947683768,194.0716105431314,190.17245086746723,193.85910034179688,3410200,2021-12-10 00:00:00-05:00
193.84988398671933,194.72765708264754,192.7411172287714,193.32321166992188,2892300,2021-12-13 00:00:00-05:00
192.95367171793936,195.45763569340585,190.255666818416,190.9671173095703,3790600,2021-12-14 00:00:00-05:00
191.77095106229103,194.40427048785492,189.63657176935206,193.81292724609375,2952000,2021-12-15 00:00:00-05:00
195.18963418580228,195.21735229589447,193.38788653614156,193.67431640625,2993200,2021-12-16 00:00:00-05:00
193.53574344347885,194.13632134836584,189.14686369607998,189.57188415527344,5579100,2021-12-17 00:00:00-05:00
186.75376931322592,187.24347479589088,183.03940102192598,184.65635681152344,3387400,2021-12-20 00:00:00-05:00
185.8574961508623,187.36357934959761,185.08136082462116,186.3379669189453,2628200,2021-12-21 00:00:00-05:00
185.92221154315664,186.6429107637514,184.8688808285384,186.4950714111328,3111100,2021-12-22 00:00:00-05:00
187.75167004823444,190.62523214082276,187.56687791437145,189.61810302734375,2376100,2021-12-23 00:00:00-05:00
190.05238216129584,190.93015541675982,189.33168293270546,190.73611450195312,2486400,2021-12-27 00:00:00-05:00
190.77308338776794,192.28840153794732,190.54208968134586,191.30899047851562,1971200,2021-12-28 00:00:00-05:00
192.10358682794333,192.22369395403382,190.7638263078118,191.75247192382812,1714500,2021-12-29 00:00:00-05:00
192.2791351436676,193.01830360328313,191.1796030266977,191.36439514160156,1273100,2021-12-30 00:00:00-05:00
191.13340637391042,193.28626910963953,190.6899024670228,192.657958984375,1536500,2021-12-31 00:00:00-05:00
192.05739868368002,193.43412618392634,189.93225386607182,191.07798767089844,2578600,2022-01-03 00:00:00-05:00
190.99482185390897,193.61890669258835,190.01539680121118,193.1107177734375,3256400,2022-01-04 00:00:00-05:00
193.60966876974146,199.19048432389621,193.22160105484772,195.0141143798828,4088500,2022-01-05 00:00:00-05:00
195.69784968178683,198.05398805157265,194.60755217434806,194.7923583984375,3270400,2022-01-06 00:00:00-05:00
196.02124975111903,200.78896314101692,195.48535676971338,199.34756469726562,3056700,2022-01-07 00:00:00-05:00
199.27361984787697,200.00356774880854,195.75327853217016,197.2316436767578,3453700,2022-01-10 00:00:00-05:00
198.11863301932624,200.49325452045457,195.4391123055765,199.8649444580078,3529500,2022-01-11 00:00:00-05:00
200.95527023869116,202.5260244688192,200.82591433970967,201.65748596191406,3104800,2022-01-12 00:00:00-05:00
201.79609454127703,205.02077173051686,201.49119525833189,202.74778747558594,3082500,2022-01-13 00:00:00-05:00
201.0661508502314,201.39878233235126,198.98720761166638,201.1031036376953,3343100,2022-01-14 00:00:00-05:00
198.5436961713193,199.52310713759584,195.9380806433137,197.3517608642578,3055000,2022-01-18 00:00:00-05:00
198.10946351016273,198.44209504116384,194.58912136466503,194.709228515625,2614800,2022-01-19 00:00:00-05:00
195.58698490885348,198.14639913117483,192.8612619848134,193.0368194580078,2568700,2022-01-20 00:00:00-05:00
193.35094146036812,193.66510357472924,189.37786151263145,189.50721740722656,4440800,2022-01-21 00:00:00-05:00
188.6756377863205,189.2115448236708,183.85248854890318,188.90663146972656,5438100,2022-01-24 00:00:00-05:00
185.4509884312167,188.29681841016648,182.8638561697985,186.92010498046875,5237800,2022-01-25 00:00:00-05:00
187.70547533443363,190.23717136675245,183.61227373010925,185.39553833007812,3387600,2022-01-26 00:00:00-05:00
187.63156975718246,189.25776033270355,184.11121391960594,185.39553833007812,2750000,2022-01-27 00:00:00-05:00
185.1460367891565,186.68907269538977,181.14522503761268,186.63363647460938,3392300,2022-01-28 00:00:00-05:00
185.3123623230063,189.39632877753982,184.15739395581693,188.93434143066406,3297800,2022-01-31 00:00:00-05:00
188.426165596438,190.17249142351912,186.19014837434295,189.72897338867188,3053300,2022-02-01 00:00:00-05:00
189.80290991443994,192.03892733507914,189.0822106672396,191.77098083496094,2835900,2022-02-02 00:00:00-05:00
184.94276762140575,185.71890293654886,177.015063505699,177.16290283203125,8679900,2022-02-03 00:00:00-05:00
177.28301296214872,178.13306795490914,173.73495366226143,176.94114685058594,5479900,2022-02-04 00:00:00-05:00
177.54175105479587,179.79625180829896,176.303628214343,177.84666442871094,3457800,2022-02-07 00:00:00-05:00
177.8466701037222,180.2305268405235,176.52539287333195,179.76853942871094,2735800,2022-02-08 00:00:00-05:00
181.20991815609614,182.04150386600494,179.88864106965067,181.67190551757812,3210500,2022-02-09 00:00:00-05:00
179.3527614188173,181.9953300938632,176.49768247269338,177.17218017578125,3659600,2022-02-10 00:00:00-05:00
177.22756762115552,178.22546189142548,172.36746624994103,172.77401733398438,5323500,2022-02-11 00:00:00-05:00
173.13435560807932,174.09528293617893,170.51025717229305,172.49681091308594,3156800,2022-02-14 00:00:00-05:00
173.8735544035817,175.4905101483431,172.34900176944356,175.1209259033203,2828500,2022-02-15 00:00:00-05:00
175.1301493932703,175.37039182605795,172.59846786916157,174.6866455078125,3085600,2022-02-16 00:00:00-05:00
173.2268053757639,173.59640378449106,170.2885720447558,170.5565185546875,3075900,2022-02-17 00:00:00-05:00
169.94666680914028,170.99076277477516,167.59977717784034,168.2835235595703,5038400,2022-02-18 00:00:00-05:00
169.19828613624352,171.1940753860359,167.18402753878286,168.6808624267578,4008000,2022-02-22 00:00:00-05:00
169.6140467439523,169.90047665241204,165.20668336563585,165.35452270507812,3582400,2022-02-23 00:00:00-05:00
162.53945737396475,169.73040515833412,162.04705545628272,169.4052276611328,5899700,2022-02-24 00:00:00-05:00
169.18224103623737,176.0758812154329,169.15437030290576,175.18397521972656,5001000,2022-02-25 00:00:00-05:00
172.85206839282125,176.46612068800175,172.85206839282125,176.2895965576172,4111100,2022-02-28 00:00:00-05:00
173.4094802387601,176.38249107039576,169.953367196895,170.5758514404297,5463000,2022-03-01 00:00:00-05:00
172.19241173559536,174.89598656368867,171.09612497241505,173.21438598632812,5340700,2022-03-02 00:00:00-05:00
176.0294729946556,178.24064628091205,173.8461704492874,174.21780395507812,5022900,2022-03-03 00:00:00-05:00
172.48041025541957,174.35712007005083,171.43057949676842,174.13414001464844,5062000,2022-03-04 00:00:00-05:00
173.77179003244004,174.01335528062444,169.10790793149036,169.23797607421875,3533800,2022-03-07 00:00:00-05:00
169.2658302036425,173.75320195216378,169.20078905047586,170.24134826660156,4575000,2022-03-08 00:00:00-05:00
173.14007511620028,173.94835489430307,171.77435220924667,172.2481689453125,2899400,2022-03-09 00:00:00-05:00
169.59103635168512,171.9787334130216,169.2937437692565,171.2819366455078,2455400,2022-03-10 00:00:00-05:00
173.15863420947238,173.6696071280654,169.11720757595964,169.31231689453125,2725500,2022-03-11 00:00:00-05:00
170.45505916123608,172.07163264630066,169.7582624450408,170.20420837402344,3002100,2022-03-14 00:00:00-04:00
171.9973025484227,174.82164561107825,171.68141060264597,174.46859741210938,3922800,2022-03-15 00:00:00-04:00
176.15023784728592,177.6831851466315,173.28872393565584,177.47879028320312,4132700,2022-03-16 00:00:00-04:00
176.19668024722716,178.9467112162636,175.7786049983298,178.31494140625,3153500,2022-03-17 00:00:00-04:00
178.16628197837375,181.09282256494964,176.3360281056833,180.90701293945312,8748600,2022-03-18 00:00:00-04:00
179.83860859540948,180.6190175788036,177.93402791402855,179.32762145996094,3500600,2022-03-21 00:00:00-04:00
179.43911048153544,182.02190280665295,179.43911048153544,181.19503784179688,2369500,2022-03-22 00:00:00-04:00
180.64686771114614,181.12998405468142,178.38923905252872,178.69583129882812,1816100,2022-03-23 00:00:00-04:00
179.47625717544824,180.90702112689257,178.42642636451538,180.879150390625,2197800,2022-03-24 00:00:00-04:00
181.4923313958288,184.28880389885404,181.4644606601057,183.7592315673828,2543100,2022-03-25 00:00:00-04:00
183.10890196554374,183.34116756167734,180.47036819579432,183.1274871826172,3270500,2022-03-28 00:00:00-04:00
184.95771079713725,185.24571782076015,181.0091963122172,183.52694702148438,3350300,2022-03-29 00:00:00-04:00
183.13675823224057,184.12156201381302,181.80820593198945,182.597900390625,2427500,2022-03-30 00:00:00-04:00
182.71866843554818,184.14943221918216,180.74906102969663,180.7769317626953,3276000,2022-03-31 00:00:00-04:00
182.00328658660132,182.19839589400272,179.7735428879938,182.1240692138672,2286600,2022-04-01 00:00:00-04:00
181.47372846511146,182.6815122085559,179.71780140413216,182.16123962402344,2051200,2022-04-04 00:00:00-04:00
180.83272669535637,182.53291279279176,179.39267696706605,179.89437866210938,2293800,2022-04-05 00:00:00-04:00
178.30563718833795,181.23219197647265,177.57168419958052,179.88504028320312,2942500,2022-04-06 00:00:00-04:00
178.8444790857586,179.86645320822302,175.0724887041682,179.03028869628906,2201500,2022-04-07 00:00:00-04:00
179.30901992132127,179.67135364322684,176.3453089818644,176.6704864501953,2877800,2022-04-08 00:00:00-04:00
176.7727209213919,177.68319817665255,175.34195677247118,175.84365844726562,2700700,2022-04-11 00:00:00-04:00
177.3579934891376,179.20683263311017,176.5218430609742,177.44161987304688,3098800,2022-04-12 00:00:00-04:00
178.2220142723382,181.17642544180768,177.74819762526243,181.0277862548828,2391300,2022-04-13 00:00:00-04:00
181.3251037477847,182.74656806091056,181.08355263148522,181.34368896484375,4275800,2022-04-14 00:00:00-04:00
180.50752807580457,181.9847480708963,177.58098717634152,178.4450225830078,1958000,2022-04-18 00:00:00-04:00
179.3740722746114,183.3597434641927,178.9095411059421,183.21109008789062,3340700,2022-04-19 00:00:00-04:00
184.12158079955523,185.34794998001917,182.105517079884,182.412109375,2622900,2022-04-20 00:00:00-04:00
183.9171915089218,186.36061588224555,181.59453560278774,182.0404815673828,2418200,2022-04-21 00:00:00-04:00
180.79554118415058,180.8141122243931,176.8470261485246,177.10716247558594,3040800,2022-04-22 00:00:00-04:00
176.8284301000427,178.28705054626056,174.04124318680445,178.21273803710938,2397500,2022-04-25 00:00:00-04:00
176.06663412033583,177.32087420042475,174.2642647288488,174.35716247558594,2849000,2022-04-26 00:00:00-04:00
173.2143800281678,175.38838243981917,172.58261028316443,173.13076782226562,3053500,2022-04-27 00:00:00-04:00
174.45931701686808,177.14430648845615,172.1087905392936,176.447509765625,3424500,2022-04-28 00:00:00-04:00
185.98898032358585,187.66129526485653,179.18823762120687,179.7828369140625,7248500,2022-04-29 00:00:00-04:00
180.69335162178785,186.66721606044817,178.31493996513387,182.90451049804688,7099600,2022-05-02 00:00:00-04:00
182.3935119129502,184.27950718964905,181.39940847796748,183.0624237060547,5359800,2022-05-03 00:00:00-04:00
183.48052081644886,191.7584552295213,183.35045266002476,191.2474822998047,5483700,2022-05-04 00:00:00-04:00
189.24999216766028,190.15118375416446,182.53287554857337,183.83355712890625,5759000,2022-05-05 00:00:00-04:00
183.28540602564624,183.41547417818998,179.4576739567598,181.56663513183594,3624800,2022-05-06 00:00:00-04:00
181.2693436957183,181.9103989430705,178.7144224020695,180.200927734375,3781400,2022-05-09 00:00:00-04:00
182.356401113477,183.24830742320978,178.58440932664627,180.95352172851562,4767500,2022-05-10 00:00:00-04:00
181.00923803383245,182.89523366487887,177.84113169102065,178.39857482910156,3283900,2022-05-11 00:00:00-04:00
178.3425000968381,181.86303629103537,176.20403985497828,180.1541290283203,3990300,2022-05-12 00:00:00-04:00
180.61173056680167,182.04981984451874,178.29582617931234,180.72378540039062,3237400,2022-05-13 00:00:00-04:00
180.78917218005185,182.36733010416316,179.60320619944866,181.12535095214844,2624200,2022-05-16 00:00:00-04:00
183.00233706923234,186.81235832594945,182.84358796467197,185.8878631591797,2723900,2022-05-17 00:00:00-04:00
184.6738507169157,185.5423183101854,180.46229086950308,181.041259765625,3185900,2022-05-18 00:00:00-04:00
179.32303909686337,182.29262036439587,175.67176719129424,179.90200805664062,3126200,2022-05-19 00:00:00-04:00
180.72379386445388,181.3588045324053,173.48662437505195,177.1939239501953,3884100,2022-05-20 00:00:00-04:00
179.21099316609738,179.46311654872866,176.02663523099665,177.03517150878906,3726000,2022-05-23 00:00:00-04:00
176.78303296356142,178.13708114698514,172.65551359281244,177.39002990722656,2842400,2022-05-24 00:00:00-04:00
176.60562699422275,178.5199781133174,174.34576391794343,177.83828735351562,2512000,2022-05-25 00:00:00-04:00
178.6226911362178,181.3307877347876,178.53865000191723,180.322265625,2238600,2022-05-26 00:00:00-04:00
182.0871859311241,183.39453985568477,181.20003764400536,183.35719299316406,2246400,2022-05-27 00:00:00-04:00
180.75178813836382,182.46069549231996,178.89347909838628,180.8078155517578,3503400,2022-05-31 00:00:00-04:00
181.62962595891202,181.83506934928124,177.7915906193282,179.2110137939453,2361300,2022-06-01 00:00:00-04:00
180.96655382508922,184.15091128750845,179.3510350893895,184.00149536132812,2510600,2022-06-02 00:00:00-04:00
182.42336413846152,183.1890959350772,180.79849776648817,181.92843627929688,2254900,2022-06-03 00:00:00-04:00
183.58131027759055,183.93616960715022,181.62027930944691,182.27395629882812,1586200,2022-06-06 00:00:00-04:00
180.81717095031354,184.8886627430372,179.43509486306044,184.5431365966797,2130100,2022-06-07 00:00:00-04:00
183.62799634847025,183.85212027015015,180.8078308926265,181.64828491210938,1688800,2022-06-08 00:00:00-04:00
180.4529861357731,182.63814094179529,179.1549653664773,179.3043670654297,1674800,2022-06-09 00:00:00-04:00
175.85857015100575,176.2040820973781,173.8881916679838,173.95355224609375,2878700,2022-06-10 00:00:00-04:00
170.29292974699092,173.80411903334004,170.26491603785405,172.21661376953125,4764300,2022-06-13 00:00:00-04:00
172.88899049671798,174.6445924595023,170.3676566506301,171.15206909179688,3452500,2022-06-14 00:00:00-04:00
172.21661618617662,174.88736573771894,170.68513831915098,172.730224609375,2979200,2022-06-15 00:00:00-04:00
169.8167092253091,170.33030347321295,167.1926393132231,167.97706604003906,4428200,2022-06-16 00:00:00-04:00
167.5287781256066,170.30224909809198,166.3988539510906,167.80892944335938,5633600,2022-06-17 00:00:00-04:00
169.7232903346714,169.87270627964415,167.53813557352763,168.56533813476562,2935500,2022-06-21 00:00:00-04:00
166.65101955435358,167.87433245662973,164.5125445770927,165.9693145751953,2906700,2022-06-22 00:00:00-04:00
165.5023588883165,166.79104629388402,161.4775618452316,163.0183868408203,3333400,2022-06-23 00:00:00-04:00
164.81140498071332,168.21987346916785,164.07367245092206,168.10781860351562,4155300,2022-06-24 00:00:00-04:00
169.01358096356265,169.15364950214536,165.66112669957033,166.4922332763672,2600700,2022-06-27 00:00:00-04:00
167.59417823155425,169.45250181229002,164.12033556501618,164.30709838867188,3181100,2022-06-28 00:00:00-04:00
164.40046030515015,164.8019995985377,160.06749795212164,161.73904418945312,2428300,2022-06-29 00:00:00-04:00
159.92742042348456,162.87832110326795,158.91888420701096,162.30868530273438,2872200,2022-06-30 00:00:00-04:00
162.15927896979954,163.76546478943544,160.2169286405129,163.52267456054688,1973100,2022-07-01 00:00:00-04:00
162.23397714269882,162.23397714269882,157.77962666986164,160.70249938964844,3345600,2022-07-05 00:00:00-04:00
161.33748067628673,162.71954223898868,159.75930894803196,161.7483673095703,2201900,2022-07-06 00:00:00-04:00
162.68224425263324,162.68224425263324,159.92743920173424,162.29002380371094,2756700,2022-07-07 00:00:00-04:00
162.3834204833629,162.79430726067824,160.17025172720335,161.86981201171875,1614800,2022-07-08 00:00:00-04:00
163.42928348180112,163.46664459279458,160.7025065919232,161.4028778076172,3224200,2022-07-11 00:00:00-04:00
160.3569980527492,165.11952811911786,160.3569980527492,162.12193298339844,2757600,2022-07-12 00:00:00-04:00
159.47920654785227,160.92664335900096,158.62941931851523,159.56324768066406,1997100,2022-07-13 00:00:00-04:00
157.5555252583295,158.54538106030003,156.2761849386986,158.29324340820312,1824200,2022-07-14 00:00:00-04:00
159.71265940385615,161.50560810175386,158.87221959984115,161.36553955078125,2188500,2022-07-15 00:00:00-04:00
161.68302563846876,162.70089503009555,159.24573329072996,159.637939453125,1657000,2022-07-18 00:00:00-04:00
161.47756791786065,165.93193234667734,161.3561656941948,165.5023651123047,2455400,2022-07-19 00:00:00-04:00
165.11018516632026,166.8190927244464,164.5218687572191,166.4642333984375,1648800,2022-07-20 00:00:00-04:00
166.46421598215946,168.3038587443815,165.39031921192705,168.11709594726562,1853700,2022-07-21 00:00:00-04:00
168.5560079200741,170.7878569840661,168.27585658063845,169.46182250976562,2327100,2022-07-22 00:00:00-04:00
169.7419934181974,170.36765674058393,168.42529194541393,169.26573181152344,1941200,2022-07-25 00:00:00-04:00
169.62990713720131,171.38550892307697,168.47196914999756,169.41513061523438,2324100,2022-07-26 00:00:00-04:00
168.41595776380987,172.77693468513436,167.66889219344094,171.50692749023438,3506100,2022-07-27 00:00:00-04:00
176.59629383965512,178.8094626449144,174.51386044379743,177.83828735351562,3653900,2022-07-28 00:00:00-04:00
177.87561899433828,180.35027265565594,176.3628216366057,179.724609375,2907400,2022-07-29 00:00:00-04:00
178.7440682143566,180.37826764693853,178.26780668887338,179.2856903076172,2333300,2022-08-01 00:00:00-04:00
178.48261010854412,178.68805347742926,176.17605303440664,176.60560607910156,3335500,2022-08-02 00:00:00-04:00
176.82971785766955,179.21098274320568,175.37294806861354,178.82810974121094,2535100,2022-08-03 00:00:00-04:00
178.48261974041174,180.06079195515542,177.83827588950788,179.7059326171875,1701200,2022-08-04 00:00:00-04:00
178.89348797979648,180.08878702183682,177.68884153566785,179.5471649169922,1848700,2022-08-05 00:00:00-04:00
181.34013271154512,182.52609872635983,180.31291580909297,181.1346893310547,2077700,2022-08-08 00:00:00-04:00
181.69501306367837,182.01251132512266,180.60242120966956,181.24676513671875,2281600,2022-08-09 00:00:00-04:00
183.90810542657772,185.19679274419354,183.37581657831524,184.1789093017578,2639600,2022-08-10 00:00:00-04:00
184.88280986791935,187.34165280754297,184.88280986791935,186.2999267578125,2392700,2022-08-11 00:00:00-04:00
187.06953027827683,188.61803567305913,186.04657788244498,188.51480102539062,2257800,2022-08-12 00:00:00-04:00
188.28955435728923,190.23222431710175,187.17274718028028,189.80990600585938,2307900,2022-08-15 00:00:00-04:00
188.09245046346834,191.6962541136198,187.75459297625147,191.14254760742188,1661200,2022-08-16 00:00:00-04:00
189.39697407863193,191.42411922778888,188.871421111127,190.30731201171875,1661200,2022-08-17 00:00:00-04:00
190.0539329979307,191.4522906683952,189.93193882497772,191.18951416015625,1509200,2022-08-18 00:00:00-04:00
190.15716760110288,190.3448773814368,188.50542750398236,189.16236877441406,2040700,2022-08-19 00:00:00-04:00
187.3041228348382,187.388583627364,185.19251710023593,185.671142578125,2588000,2022-08-22 00:00:00-04:00
186.15916259148685,186.60025471385953,185.0142018891887,185.39898681640625,1607600,2022-08-23 00:00:00-04:00
184.63881721311813,186.31871064578587,184.24465251361357,185.6242218017578,1351800,2022-08-24 00:00:00-04:00
186.96627050668857,188.1675384343658,185.74622874007295,188.10183715820312,1631500,2022-08-25 00:00:00-04:00
186.98506602762998,188.1112530503849,181.0725662578605,181.1851806640625,2837000,2022-08-26 00:00:00-04:00
180.9223759187123,181.97348173312255,179.43955774753059,180.5845184326172,2095700,2022-08-29 00:00:00-04:00
180.1528147206857,181.16637282679795,177.64703009094583,178.97030639648438,2224000,2022-08-30 00:00:00-04:00
180.72528184377438,180.8097426264071,177.3842406882546,177.70333862304688,2629300,2022-08-31 00:00:00-04:00
177.5156710119726,179.38327435236633,176.94319059347714,178.9984893798828,2242600,2022-09-01 00:00:00-04:00
181.2133127734394,181.53239643333126,174.77526077796333,175.39466857910156,2748400,2022-09-02 00:00:00-04:00
175.60113794778178,176.839939230532,173.02028642845534,174.18402099609375,2548900,2022-09-06 00:00:00-04:00
174.46556047232443,178.08813815935488,174.39987351522532,177.4593505859375,2344300,2022-09-07 00:00:00-04:00
176.7555071598018,176.7555071598018,173.09539559297076,176.2675018310547,3506500,2022-09-08 00:00:00-04:00
177.47813470209326,180.19975442465872,177.19658437763096,179.89944458007812,2909900,2022-09-09 00:00:00-04:00
181.31652374828758,181.75761582303628,179.6084769586099,180.21849060058594,2766700,2022-09-12 00:00:00-04:00
176.91501596722262,178.3509067229211,173.2642848432175,173.60214233398438,4858500,2022-09-13 00:00:00-04:00
173.85554824471782,173.85554824471782,167.22980062714328,168.9003143310547,4949900,2022-09-14 00:00:00-04:00
168.1213727095735,168.91909624100956,165.36220531031717,165.9816131591797,3452100,2022-09-15 00:00:00-04:00
162.8845766083559,166.7136235094905,161.90855178425963,166.44146728515625,6417900,2022-09-16 00:00:00-04:00
165.17449364022096,168.05566923823005,164.93049102081264,167.64273071289062,2416200,2022-09-19 00:00:00-04:00
166.1504985649504,166.62913830763628,164.30168382166823,166.12234497070312,2478800,2022-09-20 00:00:00-04:00
166.96702592715764,168.58123245012138,163.56967696498128,163.57907104492188,2505400,2022-09-21 00:00:00-04:00
162.86582997585222,164.00141114073915,161.43933301928223,162.5936737060547,2229900,2022-09-22 00:00:00-04:00
162.1525665048226,163.57907764974206,159.46848013805365,160.83868408203125,3202300,2022-09-23 00:00:00-04:00
160.97947325116155,161.73026944301017,158.47370223806072,159.60928344726562,3271600,2022-09-26 00:00:00-04:00
160.35068555755913,161.85227794125638,158.02323025105005,159.60928344726562,2692400,2022-09-27 00:00:00-04:00
161.28914067426402,164.01076014280488,159.94709045836095,163.13796997070312,3077800,2022-09-28 00:00:00-04:00
162.69691470693215,162.69691470693215,157.76983349324883,159.60928344726562,3117000,2022-09-29 00:00:00-04:00
159.63743460433983,160.66976682209147,156.38086744931064,156.699951171875,3810300,2022-09-30 00:00:00-04:00
159.609269123054,163.65416552232247,158.68015730799723,162.39657592773438,3379000,2022-10-03 00:00:00-04:00
164.1421524070404,167.43626663234116,164.07646545065413,167.22979736328125,3691300,2022-10-04 00:00:00-04:00
165.75636178499138,168.71261856000206,164.24538991871756,166.8731689453125,2940200,2022-10-05 00:00:00-04:00
165.44664330771639,166.76053986544167,163.16611606974772,164.27352905273438,2599200,2022-10-06 00:00:00-04:00
162.91271030324464,163.44765724742467,159.89076700517916,160.86680603027344,2961600,2022-10-07 00:00:00-04:00
162.1807169970191,163.10982875548603,159.65617252138435,161.3173065185547,1932100,2022-10-10 00:00:00-04:00
160.85743520363613,164.94925866129043,160.2755750639573,162.94088745117188,2908300,2022-10-11 00:00:00-04:00
163.3538143833977,164.2359986100275,161.60821976821853,162.16192626953125,2728000,2022-10-12 00:00:00-04:00
158.98045147179494,167.4174950581749,158.81152987859343,166.62916564941406,3223000,2022-10-13 00:00:00-04:00
167.19226501552276,167.53951662909685,163.13798893910618,163.44769287109375,2970300,2022-10-14 00:00:00-04:00
166.73241773092477,167.98999301270857,165.2965267574972,166.15054321289062,3437900,2022-10-17 00:00:00-04:00
169.0973929296186,170.01712491744627,166.7136308017299,168.81585693359375,1978600,2022-10-18 00:00:00-04:00
168.45923112486588,169.70742658923433,166.99518661635685,168.2527618408203,1688000,2022-10-19 00:00:00-04:00
168.327860323201,169.69806441199708,166.2162541432368,166.71365356445312,2687500,2022-10-20 00:00:00-04:00
166.10361499286233,172.03487379964633,165.66252284422762,171.5656280517578,2959800,2022-10-21 00:00:00-04:00
173.16105865910924,176.51148013267115,172.5322710828897,175.404052734375,3271000,2022-10-24 00:00:00-04:00
175.1788286090258,178.18199857552955,174.74711621372654,177.9849090576172,2907100,2022-10-25 00:00:00-04:00
179.8431367754589,181.081938150592,178.08814787367422,178.56678771972656,4202900,2022-10-26 00:00:00-04:00
181.46669222840572,187.30410970676093,180.94113935142383,184.4041748046875,4754000,2022-10-27 00:00:00-04:00
186.75978057662485,192.54089078912108,184.59186782699916,192.3250274658203,4892700,2022-10-28 00:00:00-04:00
189.96003666185703,192.38134605145095,189.8474079626433,191.47100830078125,4433400,2022-10-31 00:00:00-04:00
191.87459047157944,192.4658447180412,189.12481716200793,190.60763549804688,4376600,2022-11-01 00:00:00-04:00
190.8328704932868,194.16451839742632,187.74523955985703,188.139404296875,4692700,2022-11-02 00:00:00-04:00
188.045543123989,193.3761824563908,186.91935615299388,191.8182830810547,4653700,2022-11-03 00:00:00-04:00
193.61079554435238,195.2343817980721,191.64935178440118,195.06546020507812,4125000,2022-11-04 00:00:00-04:00
194.9246711727408,197.308447473509,194.3991182523254,196.8673553466797,2671700,2022-11-07 00:00:00-05:00
196.45442156282508,199.31682341662872,196.03210326445088,198.35955810546875,2631300,2022-11-08 00:00:00-05:00
198.04834219473793,199.50069037240283,196.5771282408935,196.75631713867188,3040400,2022-11-09 00:00:00-05:00
202.62232204029513,202.82980240764076,199.1328873478665,202.57516479492188,4354600,2022-11-10 00:00:00-05:00
202.37709825859082,202.7260503416031,199.41580474139346,200.62295532226562,4226800,2022-11-11 00:00:00-05:00
200.6701441239041,203.78233555075167,199.7742139349075,200.87762451171875,3074000,2022-11-14 00:00:00-05:00
203.1033028884799,203.88606715674203,200.96249046276887,203.1693115234375,2367400,2022-11-15 00:00:00-05:00
203.48052253399075,203.9237747420698,201.16996139231807,201.82069396972656,2446900,2022-11-16 00:00:00-05:00
200.17030908527147,203.12217737658352,199.95340300343503,202.3016815185547,2689300,2022-11-17 00:00:00-05:00
204.07466915300446,204.98003933217035,201.02850107073456,202.32052612304688,2974700,2022-11-18 00:00:00-05:00
202.76378660073127,204.85744173453597,201.67924187041078,204.23500061035156,2346500,2022-11-21 00:00:00-05:00
204.77257648238978,206.54557104976524,204.64997051264746,206.30979919433594,2516400,2022-11-22 00:00:00-05:00
206.33806790537076,208.12050236018777,205.87596432954032,206.4512481689453,2686700,2022-11-23 00:00:00-05:00
205.34785288416057,208.38459542239167,205.34785288416057,207.52638244628906,1119900,2022-11-25 00:00:00-05:00
207.19628606173313,207.6772698157639,203.20703063625598,203.48995971679688,2642600,2022-11-28 00:00:00-05:00
203.6313916008292,205.04602243628452,202.93350187480507,204.3858642578125,2101700,2022-11-29 00:00:00-05:00
204.00867183667677,208.09222758635178,201.52834738724945,207.05484008789062,4675000,2022-11-30 00:00:00-05:00
207.74328313343887,208.0639293831127,204.0369567048866,205.01776123046875,3990400,2022-12-01 00:00:00-05:00
202.60346610922477,207.34719453879555,202.49972592051088,206.61158752441406,2194300,2022-12-02 00:00:00-05:00
205.3572676385864,206.1494575480038,202.95239205108217,203.3296356201172,3077800,2022-12-05 00:00:00-05:00
203.9615039598774,204.40475616288202,199.33094164615642,201.05679321289062,2518400,2022-12-06 00:00:00-05:00
201.79241142872667,201.90557731141487,199.94395379937987,201.302001953125,2983500,2022-12-07 00:00:00-05:00
201.67923104238196,202.3771064559341,200.13256839859335,201.2076873779297,2169500,2022-12-08 00:00:00-05:00
201.20769799035304,202.28281702639507,199.3686660896955,199.58558654785156,2260000,2022-12-09 00:00:00-05:00
200.08541538550722,202.37711073583242,199.04801354562485,202.292236328125,3347000,2022-12-12 00:00:00-05:00
207.0548263546318,207.44149561394767,201.00963311053184,202.72605895996094,3449800,2022-12-13 00:00:00-05:00
203.9143410600834,205.47042937871834,200.9247559887081,202.4997100830078,2545900,2022-12-14 00:00:00-05:00
200.7738660294043,201.5566302593357,196.19046091764218,197.07696533203125,3221400,2022-12-15 00:00:00-05:00
195.5491530820296,198.32181759473664,194.4928855439618,197.80313110351562,7128500,2022-12-16 00:00:00-05:00
197.35047160979968,200.24575694471503,196.51112436765965,197.491943359375,3089800,2022-12-19 00:00:00-05:00
197.6428111096808,200.65124748961048,197.3127248006349,199.4535369873047,1875900,2022-12-20 00:00:00-05:00
200.83988692305223,203.046707852269,200.6418322492334,202.85809326171875,2625200,2022-12-21 00:00:00-05:00
202.14134919905896,202.39598682552756,197.09584025983696,200.2268829345703,2220000,2022-12-22 00:00:00-05:00
199.93450571139763,202.4902786020184,199.42524490597103,201.6980743408203,1300700,2022-12-23 00:00:00-05:00
201.72637254977187,203.4993813211941,201.54719804638754,202.6600341796875,1461000,2022-12-27 00:00:00-05:00
203.64084599988178,204.18783839354523,199.94394528891564,200.11370849609375,1607300,2022-12-28 00:00:00-05:00
200.96250177089155,202.99957412169059,200.66072126912826,202.5280303955078,1879900,2022-12-29 00:00:00-05:00
201.80182757646827,202.29223702887242,199.86849562655635,202.10362243652344,1600000,2022-12-30 00:00:00-05:00
202.9052380515994,202.9052380515994,200.14199901727773,202.10362243652344,2219300,2023-01-03 00:00:00-05:00
196.63369624416853,199.2177605504044,195.52086017040398,198.08604431152344,3860300,2023-01-04 00:00:00-05:00
196.61484388653233,196.92606443442548,192.4463995859977,192.83306884765625,4057500,2023-01-05 00:00:00-05:00
194.71924375450516,199.04801118060033,194.1533855957707,198.302978515625,4056300,2023-01-06 00:00:00-05:00
198.30297712256896,201.47175113040603,197.61451300985857,198.68020629882812,2627400,2023-01-09 00:00:00-05:00
197.576795521393,199.41581293576144,197.576795521393,199.31207275390625,1775700,2023-01-10 00:00:00-05:00
199.91564289914095,200.79272157584728,198.05775975692615,200.21743774414062,2919500,2023-01-11 00:00:00-05:00
200.73613485745983,204.8574216980323,200.29288268120033,203.68798828125,2964200,2023-01-12 00:00:00-05:00
202.28280970312557,204.48963063557517,200.7832898886829,204.2821502685547,1997100,2023-01-13 00:00:00-05:00
204.66879879421032,204.66879879421032,199.86847376042618,200.1608428955078,3281300,2023-01-17 00:00:00-05:00
198.88770602561172,198.88770602561172,192.3709684801472,192.61618041992188,5101400,2023-01-18 00:00:00-05:00
192.67273583467002,192.74818454456152,188.82493797242222,189.23989868164062,4549100,2023-01-19 00:00:00-05:00
188.2119498173167,191.1260862824116,187.49519421968776,190.5319366455078,3977500,2023-01-20 00:00:00-05:00
191.0223386891881,194.13452970933415,189.91892825657067,192.82363891601562,2799700,2023-01-23 00:00:00-05:00
192.35210468706148,195.8603764345925,190.7205531897192,195.15306091308594,3217200,2023-01-24 00:00:00-05:00
192.89905650082613,195.36051475705622,192.16344960957292,194.9078369140625,2154700,2023-01-25 00:00:00-05:00
195.9735450496923,197.50134188037546,194.17224484168298,197.43533325195312,1927300,2023-01-26 00:00:00-05:00
196.058428635717,197.8880203973614,195.82265679819315,196.28477478027344,2122400,2023-01-27 00:00:00-05:00
194.77582746894365,197.473057840974,193.90818884169644,194.06851196289062,2545700,2023-01-30 00:00:00-05:00
194.81355182759808,196.69972644075798,193.8138671947123,196.61483764648438,2298800,2023-01-31 00:00:00-05:00
195.60573435056628,196.5865387807377,192.21061441849264,194.9550018310547,5392200,2023-02-01 00:00:00-05:00
187.62723463735517,196.3696588313641,186.43894969841452,195.5774688720703,7183500,2023-02-02 00:00:00-05:00
195.40770744388013,195.40770744388013,190.14527799697515,191.15438842773438,4457700,2023-02-03 00:00:00-05:00
190.73941599084353,192.5124248086808,189.33421066283728,192.4275360107422,2854200,2023-02-06 00:00:00-05:00
191.44671164817348,194.29483917096206,190.2961440525559,193.77613830566406,2947800,2023-02-07 00:00:00-05:00
192.29548502346,193.1536978769007,189.75859240221317,190.7111053466797,3562200,2023-02-08 00:00:00-05:00
191.7862475798846,192.32379989622493,187.3348740552277,187.88186645507812,3013300,2023-02-09 00:00:00-05:00
187.49520146140054,189.40024201604533,187.08024070787678,189.06072998046875,2890700,2023-02-10 00:00:00-05:00
188.79664367311366,192.14460637368535,188.38168297011956,191.795654296875,2973200,2023-02-13 00:00:00-05:00
191.53161129134182,191.54105137491746,187.36316682599062,189.56056213378906,2999400,2023-02-14 00:00:00-05:00
188.42886320747078,190.2584550446601,187.5423587593175,190.23016357421875,2532200,2023-02-15 00:00:00-05:00
187.45746744238463,190.06980891335627,186.71242041362922,188.01388549804688,2754900,2023-02-16 00:00:00-05:00
187.9195927728702,190.48479168799267,187.35374895917585,189.9566650390625,2850400,2023-02-17 00:00:00-05:00
190.09813693869407,190.17357126828335,185.26951959378127,185.56187438964844,2830900,2023-02-21 00:00:00-05:00
185.86365643190825,186.25032569861267,183.54365522205262,184.36415100097656,2963300,2023-02-22 00:00:00-05:00
185.86211444358858,185.86211444358858,182.58175660936365,184.89508056640625,2446600,2023-02-23 00:00:00-05:00
183.8237524669959,183.8237524669959,180.95106306922335,182.06979370117188,3305500,2023-02-24 00:00:00-05:00
184.32621999986682,184.8761096517452,181.7853655393868,182.45849609375,3363100,2023-02-27 00:00:00-05:00
181.56730545828515,182.37318150791828,179.78491989035444,181.5388641357422,3110100,2023-02-28 00:00:00-05:00
180.73300960518773,184.2598784040736,180.67612695788216,182.86619567871094,3231700,2023-03-01 00:00:00-05:00
181.64317326827057,184.9899042675957,181.55784929150016,184.3546905517578,4254300,2023-03-02 00:00:00-05:00
185.29326492304085,187.2842296951813,184.13660299830542,186.60162353515625,3116500,2023-03-03 00:00:00-05:00
186.95241699797188,188.96234755365444,186.44044427408744,186.81019592285156,2721800,2023-03-06 00:00:00-05:00
187.17047993068482,187.9099832597316,184.63910092485645,185.46392822265625,2781000,2023-03-07 00:00:00-05:00
186.08966501717558,186.44045097521317,184.05129306652347,185.41653442382812,2064900,2023-03-08 00:00:00-05:00
186.65852647608548,186.7248847424107,182.3637130053863,182.86619567871094,3188600,2023-03-09 00:00:00-05:00
182.8661666496604,186.46886876198093,181.92755971833537,183.2928009033203,3667100,2023-03-10 00:00:00-05:00
182.97996926432725,185.09418972901472,182.19305885222508,183.0747833251953,3223600,2023-03-13 00:00:00-04:00
185.88107944389267,185.98536911259743,180.29687329217873,182.95150756835938,4853200,2023-03-14 00:00:00-04:00
180.2020901442749,181.09327575215204,175.16775873209662,178.3533172607422,3926300,2023-03-15 00:00:00-04:00
177.64223275901563,179.91763968699362,176.627791896067,179.32034301757812,3852200,2023-03-16 00:00:00-04:00
178.05939043694107,178.2490040632452,174.6652529997056,175.05397033691406,7383700,2023-03-17 00:00:00-04:00
176.30544486180688,180.36323719106286,175.87879612288762,180.0219268798828,2840800,2023-03-20 00:00:00-04:00
181.15018017384307,182.16462120596316,179.32984854125934,181.23550415039062,3133900,2023-03-21 00:00:00-04:00
181.76641579363334,182.0318777914183,177.36731265900448,177.4431610107422,2348500,2023-03-22 00:00:00-04:00
177.15870879138126,179.58579784472698,175.916722945067,177.21559143066406,2360100,2023-03-23 00:00:00-04:00
176.71310989087982,178.44810273239833,175.01604845350587,178.39122009277344,2332300,2023-03-24 00:00:00-04:00
178.83681374948534,179.74696488455828,177.699103130757,178.23004150390625,2133100,2023-03-27 00:00:00-04:00
178.00249347875953,179.76592754807825,177.67065880947288,178.16366577148438,2069700,2023-03-28 00:00:00-04:00
179.81334780102642,179.8607548239265,178.02147228150443,179.2539825439453,2684200,2023-03-29 00:00:00-04:00
179.76595732219022,180.55286768165664,178.2205779262965,179.3013916015625,1999400,2023-03-30 00:00:00-04:00
180.24945769157216,181.44405101564624,179.5004788094843,181.19754028320312,2702600,2023-03-31 00:00:00-04:00
180.67611131304022,183.8332136978767,180.09778033785486,183.2454071044922,2873600,2023-04-03 00:00:00-04:00
183.0936835863413,183.19797323762157,179.83227754622166,181.02687072753906,2499100,2023-04-04 00:00:00-04:00
180.41064280304136,181.0932634748005,179.4530845254927,179.5952911376953,3029800,2023-04-05 00:00:00-04:00
179.76594710224205,182.13615366470682,179.1970917406134,180.5718231201172,2782300,2023-04-06 00:00:00-04:00
180.83726915287318,182.6007032585239,180.43907622147998,181.72845458984375,2540200,2023-04-10 00:00:00-04:00
182.86618495407055,183.1316469369906,181.86121966636,182.21200561523438,2435600,2023-04-11 00:00:00-04:00
183.4160674623684,184.75285294324073,182.34472948745926,183.197998046875,3656800,2023-04-12 00:00:00-04:00
183.2169721397403,186.22239240469594,182.60072420378594,185.72938537597656,3360600,2023-04-13 00:00:00-04:00
185.4733926269657,187.46435728849767,185.11311663110163,186.3456268310547,1963900,2023-04-14 00:00:00-04:00
186.94291230314047,187.78671966976788,186.52576812852965,187.58761596679688,1682700,2023-04-17 00:00:00-04:00
188.40297807876647,189.11404003876586,186.03277154543517,186.70590209960938,2400000,2023-04-18 00:00:00-04:00
187.95738083858313,188.34609818770952,186.98085688991438,187.54022216796875,1864100,2023-04-19 00:00:00-04:00
187.2462944214953,187.49279066440656,185.82417066639533,186.5352325439453,1947100,2023-04-20 00:00:00-04:00
186.85759789978354,187.10410863669523,185.2553359762278,185.90003967285156,1970700,2023-04-21 00:00:00-04:00
186.97137322030733,187.79620044112642,186.0801732744792,186.56369018554688,1605600,2023-04-24 00:00:00-04:00
188.21337470815774,188.5831263688474,185.69147134725242,185.78628540039062,2244300,2023-04-25 00:00:00-04:00
183.81424904586325,184.37361427723263,180.30633204479312,180.98895263671875,3579400,2023-04-26 00:00:00-04:00
185.7672968685938,188.52622055672342,183.52034585794786,188.29867553710938,3862400,2023-04-27 00:00:00-04:00
188.66845775207432,190.3844851285311,188.18494078188957,189.46484375,2863100,2023-04-28 00:00:00-04:00
189.61653386643704,191.66439590417698,189.57861692496488,190.0716094970703,2224900,2023-05-01 00:00:00-04:00
189.29418227842726,189.29418227842726,186.17498230959436,187.96685791015625,2588100,2023-05-02 00:00:00-04:00
189.47432498575594,190.19486259785407,187.44542867632305,187.6824493408203,2775300,2023-05-03 00:00:00-04:00
187.92892573542437,188.66842897306685,184.80972601945265,186.0327606201172,2304800,2023-05-04 00:00:00-04:00
187.09461460033953,188.2797178363302,186.56369066527046,188.11854553222656,2088100,2023-05-05 00:00:00-04:00
189.37948752316032,189.5975424568968,185.79573667629467,186.724853515625,1494500,2023-05-08 00:00:00-04:00
185.78626819196475,187.99528786622253,184.83818561477216,186.89552307128906,2237700,2023-05-09 00:00:00-04:00
187.2368560935542,188.4219594588232,184.23143569522327,187.09463500976562,2158300,2023-05-10 00:00:00-04:00
186.73246657492695,187.07556770518966,184.13062482022454,184.87400817871094,2870800,2023-05-11 00:00:00-04:00
185.78892595562021,186.17968279909604,183.65407313168672,184.5308837890625,2102000,2023-05-12 00:00:00-04:00
184.41651802611844,186.30356669681274,183.60641380952256,185.18849182128906,1565800,2023-05-15 00:00:00-04:00
184.85493936745345,184.85493936745345,182.31980429498557,182.61524963378906,2050700,2023-05-16 00:00:00-04:00
183.96859163797367,187.20897962258482,183.50158847244327,186.8182373046875,2421000,2023-05-17 00:00:00-04:00
186.2749951249834,189.07698514284672,185.7412855106278,188.9435577392578,2438000,2023-05-18 00:00:00-04:00
190.13486685382878,190.85918492083073,187.80940550385486,188.08580017089844,2669500,2023-05-19 00:00:00-04:00
187.79987782330613,189.09603587714062,186.05578183261372,187.6855010986328,1763700,2023-05-22 00:00:00-04:00
187.9428485636995,188.29548956337158,185.74128909079926,185.81753540039062,2158800,2023-05-23 00:00:00-04:00
185.779408540222,186.03673802221996,181.92906435818236,182.85353088378906,1744500,2023-05-24 00:00:00-04:00
182.86306164630213,183.5111480382539,181.07132418207675,183.24429321289062,2421600,2023-05-25 00:00:00-04:00
183.73031874587457,185.19803460136535,183.12988821021972,184.65478515625,1972000,2023-05-26 00:00:00-04:00
184.51183511558244,185.63643535921534,181.4811063904193,185.417236328125,2256600,2023-05-30 00:00:00-04:00
184.75010641271226,184.93117502813874,181.42393222678677,182.60572814941406,3655800,2023-05-31 00:00:00-04:00
182.8439889851041,185.1789756974643,181.52876568791947,184.75962829589844,1908800,2023-06-01 00:00:00-04:00
187.22806559667026,190.19207377852834,186.69435594402012,189.51541137695312,2740700,2023-06-02 00:00:00-04:00
189.39149835107122,189.7727153544987,186.8468377698268,187.9237823486328,1662700,2023-06-05 00:00:00-04:00
188.28593011392783,188.80058901454828,186.18920771685083,187.12319946289062,2294500,2023-06-06 00:00:00-04:00
187.7141160400086,189.37242593861887,185.11225991892016,189.0769805908203,2555400,2023-06-07 00:00:00-04:00
188.58136605389987,189.42006078796805,187.8093922839027,188.8482208251953,1626600,2023-06-08 00:00:00-04:00
188.35264378566467,189.42958821655404,186.88492798481477,188.60043334960938,1760100,2023-06-09 00:00:00-04:00
188.90544358568187,189.61069649289496,187.39961170711055,189.18182373046875,1680700,2023-06-12 00:00:00-04:00
189.1818319423943,191.8313294832759,188.4765644620708,191.6693115234375,1987900,2023-06-13 00:00:00-04:00
192.51751492377568,193.2894887706806,189.33430801870037,191.10699462890625,2656800,2023-06-14 00:00:00-04:00
191.8027432416775,194.51896182011137,191.0212294316729,194.16632080078125,2467700,2023-06-15 00:00:00-04:00
195.37669068689885,196.34881292709358,192.9559322351351,193.44198608398438,5005800,2023-06-16 00:00:00-04:00
193.13697754087096,193.44196273333102,189.68691617050922,190.9925994873047,2085200,2023-06-20 00:00:00-04:00
189.9347520727453,193.26092674487202,188.81015162178147,192.32693481445312,2553300,2023-06-21 00:00:00-04:00
192.47939761976477,192.78436829687647,190.25877307042146,191.2308807373047,1616900,2023-06-22 00:00:00-04:00
189.78224748439277,191.2404235495931,189.3247696479604,190.69717407226562,3322900,2023-06-23 00:00:00-04:00
190.8973283496638,193.52776054930078,190.0872240472684,193.07029724121094,2131600,2023-06-26 00:00:00-04:00
193.05123336499014,194.49035881503247,192.9463965079837,193.79461669921875,2358800,2023-06-27 00:00:00-04:00
193.87082914079966,194.34735758167542,192.51749011381173,192.9940185546875,1972000,2023-06-28 00:00:00-04:00
192.9177956948649,196.9301720531631,192.26972391694264,196.77767944335938,2544100,2023-06-29 00:00:00-04:00
197.92134106142942,198.70285476451875,197.10171147788236,197.7593231201172,3009900,2023-06-30 00:00:00-04:00
197.0826337790633,198.84579489529634,195.4147841716786,198.52175903320312,1215100,2023-07-03 00:00:00-04:00
197.6639988439441,198.5598746730638,196.28206922226767,196.73953247070312,2335900,2023-07-05 00:00:00-04:00
195.34809235398237,195.42433865826243,192.5937582352832,194.4331512451172,2102300,2023-07-06 00:00:00-04:00
193.35621674431647,196.06289524513488,192.67001451277147,193.71836853027344,2253700,2023-07-07 00:00:00-04:00
194.62379255926967,198.2168072775723,194.0614778301945,197.9880828857422,3102200,2023-07-10 00:00:00-04:00
198.65519946402728,199.69402808321033,197.7021424829429,198.93157958984375,2801500,2023-07-11 00:00:00-04:00
200.5136726050768,200.97113591817543,198.56944261753532,198.73146057128906,2967000,2023-07-12 00:00:00-04:00
197.9213339958438,199.38904983473918,197.46387073420524,198.9125213623047,2324300,2023-07-13 00:00:00-04:00
198.15008020976796,198.15008020976796,195.85320939767902,196.46316528320312,2161200,2023-07-14 00:00:00-04:00
195.91994853125348,199.02690933893655,195.6244886243524,198.39788818359375,2150700,2023-07-17 00:00:00-04:00
196.99687416565544,197.43528677361374,194.37596747985998,195.6149444580078,3668800,2023-07-18 00:00:00-04:00
194.28066865398162,196.38691640849055,194.26160344273177,195.5386962890625,2506000,2023-07-19 00:00:00-04:00
196.47269327456968,199.41765043500578,195.92945835069992,198.19773864746094,2532700,2023-07-20 00:00:00-04:00
198.53129881117277,200.51365909098965,198.02617977101463,198.8076934814453,7529600,2023-07-21 00:00:00-04:00
198.87440071426852,200.2944608672094,198.43600264188112,199.493896484375,1846700,2023-07-24 00:00:00-04:00
198.3787991217034,200.27538769511364,197.5401188912339,199.83697509765625,1968400,2023-07-25 00:00:00-04:00
198.9792515794054,199.5701423022819,197.46389434606277,198.48365783691406,3293100,2023-07-26 00:00:00-04:00
194.1472450551353,194.53798736717596,186.46559353076063,187.18992614746094,6595500,2023-07-27 00:00:00-04:00
188.38124302699583,188.90542726578545,185.85563334646224,186.02719116210938,3934500,2023-07-28 00:00:00-04:00
185.96048493555753,186.33217659934647,184.3402908765416,185.0169677734375,3446400,2023-07-31 00:00:00-04:00
184.27360391572307,185.65553386082138,183.90191221266218,184.39749145507812,3973100,2023-08-01 00:00:00-04:00
184.7977530789391,186.13204165206093,183.36816752791327,183.84469604492188,2997600,2023-08-02 00:00:00-04:00
183.7303535612063,183.84471576395597,181.51926856722525,181.56690979003906,2508900,2023-08-03 00:00:00-04:00
182.28168190881118,182.81540606009668,179.9466950991097,180.3279266357422,2408300,2023-08-04 00:00:00-04:00
181.18566931983827,181.71937892030923,179.74655846553296,180.69961547851562,2842700,2023-08-07 00:00:00-04:00
179.74655653366946,179.74655653366946,177.8118519815079,178.8411407470703,3261700,2023-08-08 00:00:00-04:00
178.26929417308423,181.33813852211307,178.22163842008806,180.3564910888672,3224700,2023-08-09 00:00:00-04:00
180.36607402534835,182.66592246858633,180.21274689657787,180.8643798828125,2811700,2023-08-10 00:00:00-04:00
180.346932277307,183.4517413141236,180.346932277307,182.7138671875,2700000,2023-08-11 00:00:00-04:00
182.9821641352946,183.80627921963503,181.26686248293055,181.6022491455078,2444200,2023-08-14 00:00:00-04:00
180.13608984763147,180.557732155961,178.7753444302555,179.96360778808594,2252000,2023-08-15 00:00:00-04:00
179.81986769852867,180.6344053486681,178.6316188994598,178.70828247070312,2241300,2023-08-16 00:00:00-04:00
179.63781288797537,180.36609490080636,178.2195587158203,178.2195587158203,2480900,2023-08-17 00:00:00-04:00
177.4625266558255,179.73362831419465,177.34753860894543,178.79452514648438,2053700,2023-08-18 00:00:00-04:00
178.24826932733126,179.48444908831362,177.68289203985114,179.1490478515625,1930800,2023-08-21 00:00:00-04:00
179.53240285282374,179.67613791432257,177.80750900442993,178.24830627441406,1713000,2023-08-22 00:00:00-04:00
178.71785122517684,179.74320999075098,178.382449945091,179.27365112304688,1899300,2023-08-23 00:00:00-04:00
179.13948568828476,180.91228125972071,177.38584504132635,177.4337615966797,2391400,2023-08-24 00:00:00-04:00
177.8745967352422,179.35992253538433,176.87799943298796,178.52622985839844,1943900,2023-08-25 00:00:00-04:00
180.57689828219588,181.7268225236215,179.31197138117167,180.04026794433594,1941100,2023-08-28 00:00:00-04:00
180.04029540118015,181.89934694233614,179.53241199524564,181.6118621826172,2180500,2023-08-29 00:00:00-04:00
181.6118274029701,182.74258205334817,179.87735633500543,180.69187927246094,2206800,2023-08-30 00:00:00-04:00
180.58646154584267,181.49681755614031,180.07857825729516,180.09774780273438,2598500,2023-08-31 00:00:00-04:00
181.1327234835204,181.58311285619138,179.71446925285852,180.5290069580078,1595800,2023-09-01 00:00:00-04:00
180.71106289457245,180.92188405294203,177.87456934146905,177.95123291015625,2229100,2023-09-05 00:00:00-04:00
177.31876590648477,178.07580949340553,175.96761257374226,176.81088256835938,2228800,2023-09-06 00:00:00-04:00
177.04088078486467,178.07581705235688,175.5843021911259,176.43716430664062,2086200,2023-09-07 00:00:00-04:00
176.13049244359098,177.27083908414536,175.76634420621642,176.82044982910156,1769700,2023-09-08 00:00:00-04:00
178.17165734229994,178.8520374741621,177.0409024400377,178.4399871826172,2115400,2023-09-11 00:00:00-04:00
178.42080109328168,182.01432381376375,178.20997992391355,181.31478881835938,3667500,2023-09-12 00:00:00-04:00
181.8993571067885,185.57912129498433,181.87059546933537,183.59548950195312,5057300,2023-09-13 00:00:00-04:00
184.3716764366241,187.16025372685252,183.93087914759246,185.4832763671875,3682200,2023-09-14 00:00:00-04:00
186.403224327983,186.78652758923405,184.36209863771995,184.98497009277344,6014000,2023-09-15 00:00:00-04:00
184.70703536004143,187.1985498570499,184.40997320690678,186.34568786621094,2296800,2023-09-18 00:00:00-04:00
185.0807887791592,187.45730098208134,185.0807887791592,187.19857788085938,2872100,2023-09-19 00:00:00-04:00
187.9556140734106,188.86597024925624,186.27863678345437,186.32655334472656,2374100,2023-09-20 00:00:00-04:00
186.54694753002127,186.54694753002127,183.41339166021376,183.442138671875,2917500,2023-09-21 00:00:00-04:00
182.96300019141617,183.8350318605706,181.67891827851156,181.86099243164062,2824300,2023-09-22 00:00:00-04:00
181.15188125090768,184.0171221484641,180.6919144072542,183.85421752929688,2723100,2023-09-25 00:00:00-04:00
183.039672012133,183.355903773071,179.9252855865675,180.04986572265625,3399500,2023-09-26 00:00:00-04:00
181.05603460129657,181.05603460129657,178.57411197765427,180.04026794433594,2235700,2023-09-27 00:00:00-04:00
179.8965230540419,181.09436388361243,178.89033383278652,179.30239868164062,2912300,2023-09-28 00:00:00-04:00
180.36608052587428,180.3756579884877,176.64797794062594,177.0312957763672,3330900,2023-09-29 00:00:00-04:00
176.3221871448985,177.10797782360007,173.51445498776653,174.9901885986328,2700800,2023-10-02 00:00:00-04:00
174.27145463022705,175.0955696464255,172.71905770611718,173.5814971923828,2490300,2023-10-03 00:00:00-04:00
173.85940682986012,175.3255774953594,172.8915566785695,174.884765625,2298700,2023-10-04 00:00:00-04:00
174.54936590643942,174.80810362880723,171.65539288945206,172.5082550048828,2288200,2023-10-05 00:00:00-04:00
172.93948568613666,177.5679448587178,172.20161156880525,176.95465087890625,3770800,2023-10-06 00:00:00-04:00
177.53918914135514,179.177827287694,177.05046070094298,178.73703002929688,2278900,2023-10-09 00:00:00-04:00
180.1552501977976,180.24149122316769,176.68630803794804,178.56451416015625,3262700,2023-10-10 00:00:00-04:00
178.77537659874486,180.43318449836104,178.0566719771555,179.580322265625,2210200,2023-10-11 00:00:00-04:00
179.54193867836574,179.57068568399873,175.19138790165948,176.2646484375,2413900,2023-10-12 00:00:00-04:00
177.13672324568122,177.13672324568122,174.75061884016756,175.90054321289062,2245600,2023-10-13 00:00:00-04:00
177.86499730624683,179.67613213326692,177.40503050216836,178.45912170410156,2433000,2023-10-16 00:00:00-04:00
177.60627702670362,179.47490606001458,177.25172077020125,178.54539489746094,1848900,2023-10-17 00:00:00-04:00
177.88420403884152,178.27708481711778,175.40226610204306,175.8143310546875,2262000,2023-10-18 00:00:00-04:00
175.52680724980203,178.10456313097373,174.27147236273765,174.66436767578125,2565700,2023-10-19 00:00:00-04:00
175.02850288567106,176.11135571622884,173.50485280127842,173.75401306152344,3043400,2023-10-20 00:00:00-04:00
174.0127404514888,175.4405720742771,172.86281610704145,172.98739624023438,2073500,2023-10-23 00:00:00-04:00
173.99359418352475,175.38308677813208,172.73824456999571,173.88818359375,2552300,2023-10-24 00:00:00-04:00
173.87857984087157,174.19481158897705,170.55337237628254,170.65878295898438,4147400,2023-10-25 00:00:00-04:00
171.1283369657923,175.3543229943051,167.58273097386154,168.71348571777344,4817600,2023-10-26 00:00:00-04:00
168.32059903801445,171.6458065781616,168.0331289169147,169.61427307128906,3400300,2023-10-27 00:00:00-04:00
170.13172269311005,172.77656460948216,169.2309586695902,172.24951171875,2633800,2023-10-30 00:00:00-04:00
172.0099372804301,176.24550055519276,171.70328301988332,175.613037109375,3770300,2023-10-31 00:00:00-04:00
176.5042278844814,176.58089144511166,173.8498087582155,176.3125762939453,3358700,2023-11-01 00:00:00-04:00
177.85540343184877,179.3311368272169,176.46589644056766,178.6507568359375,3059600,2023-11-02 00:00:00-04:00
180.2894356973818,182.27306732055368,180.136108547149,181.10397338867188,2960000,2023-11-03 00:00:00-04:00
180.7973095124401,181.01770814042538,179.21616539789363,179.67613220214844,2339900,2023-11-06 00:00:00-05:00
178.97661512131359,179.4365819715703,177.8170985984886,178.8232879638672,2482100,2023-11-07 00:00:00-05:00
179.08201125533816,179.08201125533816,176.11135996351308,176.9163055419922,3193500,2023-11-08 00:00:00-05:00
177.23436925852388,178.728434742411,176.58855044071345,177.0512237548828,2718300,2023-11-09 00:00:00-05:00
177.94770378147422,180.17433700791668,177.03199079203594,179.971923828125,2178600,2023-11-10 00:00:00-05:00
180.05865631806603,180.743025190176,179.00799639951228,179.77911376953125,1675900,2023-11-13 00:00:00-05:00
181.9575456301753,183.78897127138904,181.84186626921428,183.37449645996094,2951600,2023-11-14 00:00:00-05:00
183.6058268433264,184.83963217460862,181.96718051660346,182.7093963623047,4076800,2023-11-15 00:00:00-05:00
184.31914997292085,185.41800844550883,183.53838404609806,183.8275604248047,2133500,2023-11-16 00:00:00-05:00
184.8685649583662,185.07099282834545,183.07568912701674,184.30950927734375,2207700,2023-11-17 00:00:00-05:00
183.78899495613607,185.43729001213865,183.21065690927946,184.8782196044922,2000200,2023-11-20 00:00:00-05:00
184.19384439201414,184.69508248862016,183.2106652551344,184.33843994140625,1877400,2023-11-21 00:00:00-05:00
184.20348737227675,185.90960008036512,183.26849207189935,185.36981201171875,1881600,2023-11-22 00:00:00-05:00
186.15058742844624,186.7193064015638,185.46621848802778,186.4301300048828,1074500,2023-11-24 00:00:00-05:00
185.65897275781828,186.690350293238,185.40836109223045,186.0059814453125,2480500,2023-11-27 00:00:00-05:00
186.02527351681334,188.0302110706968,185.46620311839303,187.2590789794922,3329100,2023-11-28 00:00:00-05:00
188.4735917420027,189.2350899719309,186.93132764431252,187.24942016601562,2243000,2023-11-29 00:00:00-05:00
187.25908504180467,189.04231243306654,187.0277409945174,188.8495330810547,3114000,2023-11-30 00:00:00-05:00
189.408574447353,190.94118991674932,188.27116614924591,190.6423797607422,3112100,2023-12-01 00:00:00-05:00
189.42786838397603,191.29785881317324,189.37003605451557,191.2014617919922,2717500,2023-12-04 00:00:00-05:00
190.39176744317876,190.70021141638216,188.2807993057487,189.8423309326172,2584200,2023-12-05 00:00:00-05:00
190.99904728336108,191.94369109098938,190.16044903131774,190.65203857421875,2230900,2023-12-06 00:00:00-05:00
191.8087440767741,191.8665764102776,190.33396073994962,190.65203857421875,2436900,2023-12-07 00:00:00-05:00
188.9651935600089,190.11225053500587,186.04454305284057,187.58680725097656,4545300,2023-12-08 00:00:00-05:00
189.36038988976796,193.27386778536382,188.97483121647483,193.158203125,3706200,2023-12-11 00:00:00-05:00
194.7100995830809,194.9992759399274,193.6112411935606,194.23777770996094,3093900,2023-12-12 00:00:00-05:00
195.28845579601818,195.82824382747282,193.02325811960597,195.75112915039062,3063400,2023-12-13 00:00:00-05:00
196.63791804137796,197.2548207253398,195.153501014011,196.0692138671875,3785700,2023-12-14 00:00:00-05:00
196.49335749587166,197.65004830914134,195.13423880392196,196.05958557128906,7523300,2023-12-15 00:00:00-05:00
196.64756753993902,198.03560236655935,196.13669565349144,197.6982421875,2970700,2023-12-18 00:00:00-05:00
197.14879721835848,197.66931761025396,196.1463358351875,197.21627807617188,2596900,2023-12-19 00:00:00-05:00
196.35841738558653,197.958499291294,195.51980438227076,195.57763671875,3349600,2023-12-20 00:00:00-05:00
196.435501870084,197.8042690300476,196.08849317045343,197.65003967285156,2158600,2023-12-21 00:00:00-05:00
197.65004577441954,199.68389952235032,197.56329727386418,198.21875,1889700,2023-12-22 00:00:00-05:00
198.7006939873163,201.02372397465973,198.36331911647966,200.53211975097656,1860200,2023-12-26 00:00:00-05:00
199.6839002312636,202.09367886494425,199.6839002312636,201.47677612304688,2340100,2023-12-27 00:00:00-05:00
201.7659486895766,202.39248523925036,201.29362679137307,201.62135314941406,1647700,2023-12-28 00:00:00-05:00
201.6695390931494,202.5852519579524,201.37072892014086,202.14186096191406,2256400,2023-12-29 00:00:00-05:00
201.32255725026837,203.00940238173635,200.80205150984636,201.45750427246094,3132700,2024-01-02 00:00:00-05:00
200.89841858739882,200.89841858739882,196.88854350641876,197.1488037109375,3814000,2024-01-03 00:00:00-05:00
196.75358244343053,198.7778021862468,196.66683395082646,197.50543212890625,2542000,2024-01-04 00:00:00-05:00
197.01385515917738,197.18736686354083,194.9607191215831,196.1848907470703,2682600,2024-01-05 00:00:00-05:00
195.78967395532632,196.20416349516287,193.98716438909204,195.34628295898438,4020000,2024-01-08 00:00:00-05:00
193.24496285923414,194.4498521685013,191.72198100734585,194.3534698486328,3082100,2024-01-09 00:00:00-05:00
193.7462024536797,195.16315346916977,193.18713204480892,195.09567260742188,2372200,2024-01-10 00:00:00-05:00
194.98963392127988,195.27881028777855,192.3485260539572,194.3920135498047,1940700,2024-01-11 00:00:00-05:00
196.0499564207401,196.6283091952099,192.93652644127457,193.8426055908203,2429200,2024-01-12 00:00:00-05:00
193.43773779343366,193.87150970136963,190.38214033982604,190.6327667236328,3500400,2024-01-16 00:00:00-05:00
189.64956841406718,190.94120616327882,188.9266348622982,190.80625915527344,2510300,2024-01-17 00:00:00-05:00
190.58454769944817,193.30276997836688,190.14114201990225,192.90757751464844,2604600,2024-01-18 00:00:00-05:00
193.0521782006841,193.97753963631888,191.47136405873718,193.5341339111328,3089600,2024-01-19 00:00:00-05:00
194.07392062861456,196.56081384252667,193.19675771163716,193.7847442626953,3589200,2024-01-22 00:00:00-05:00
193.96790059677738,195.82825737833096,193.38956254082237,195.61619567871094,2033800,2024-01-23 00:00:00-05:00
195.61616673322138,196.4258487166221,192.4738063991687,192.65695190429688,3483900,2024-01-24 00:00:00-05:00
194.4594934791547,195.83787973790172,193.428101208802,195.24989318847656,2653200,2024-01-25 00:00:00-05:00
195.70294095223866,196.53190538940774,194.1221267590466,194.517333984375,1924700,2024-01-26 00:00:00-05:00
194.16066726734948,195.7318475642446,193.57269543004065,195.7222137451172,2196800,2024-01-29 00:00:00-05:00
193.9004295221521,198.92239990669864,193.9004295221521,198.4693603515625,5646000,2024-01-30 00:00:00-05:00
199.72243314456057,200.21403735700443,194.4787529326279,194.96070861816406,5624500,2024-01-31 00:00:00-05:00
188.80132676215808,190.4399879568313,182.81544502872086,190.18936157226562,7819100,2024-02-01 00:00:00-05:00
189.92908429647477,192.83046684818052,188.48321728392872,189.03265380859375,4317700,2024-02-02 00:00:00-05:00
186.96026803320345,187.81814862032638,185.86140958780868,186.04454040527344,4632200,2024-02-05 00:00:00-05:00
185.59148605848398,187.0662839649985,185.109530380365,186.65179443359375,3741500,2024-02-06 00:00:00-05:00
188.41575343256832,188.75312828951854,186.60359538151232,187.09519958496094,3029800,2024-02-07 00:00:00-05:00
186.6036004798014,187.01809002132526,185.31196276085797,186.47830200195312,2516200,2024-02-08 00:00:00-05:00
186.03489355576937,188.1844117827256,185.8710303885962,187.80848693847656,3686300,2024-02-09 00:00:00-05:00
186.9795291151126,190.49781454737683,186.77711595781025,190.22792053222656,2827900,2024-02-12 00:00:00-05:00
189.63994219285686,189.85200388652163,185.7650140818529,187.00845336914062,4432100,2024-02-13 00:00:00-05:00
187.42295796836498,188.53145033114214,186.88316987142576,187.83743286132812,2115200,2024-02-14 00:00:00-05:00
188.9266348622982,191.0472370058631,188.56034382280325,190.80625915527344,1996300,2024-02-15 00:00:00-05:00
190.39177243603712,191.72196008679649,189.3603802399508,190.0543975830078,2331000,2024-02-16 00:00:00-05:00
190.80626620472728,192.44491270765366,189.80380478081085,191.7605438232422,2761100,2024-02-20 00:00:00-05:00
192.39671974894733,193.1485694581456,191.05688350223548,192.32923889160156,1969500,2024-02-21 00:00:00-05:00
192.23286200812453,194.2859981950169,191.44246223200977,193.5630645751953,3635000,2024-02-22 00:00:00-05:00
193.56303861156306,195.3173643535784,193.29314460634842,193.38954162597656,2450200,2024-02-23 00:00:00-05:00
192.81119265141194,192.9750558214511,191.0568815836066,192.0015106201172,2028600,2024-02-26 00:00:00-05:00
192.38710343957075,192.49313429878424,189.84237752657032,191.02798461914062,2451800,2024-02-27 00:00:00-05:00
190.96047757973687,191.75087723620868,190.1315132328304,190.43997192382812,2664100,2024-02-28 00:00:00-05:00
192.1845531267125,194.04544845729006,190.57567653036662,192.6110076904297,3437300,2024-02-29 00:00:00-05:00
191.50612354921196,192.81456244006523,190.03293558807695,192.55287170410156,2785400,2024-03-01 00:00:00-05:00
192.3202440034889,193.63836958370334,192.05856807291286,193.10531616210938,2148900,2024-03-04 00:00:00-05:00
192.99869024214732,193.38636812209197,190.57566652008535,191.27349853515625,2532200,2024-03-05 00:00:00-05:00
193.35728287161734,196.17768588541145,192.5528372634409,194.3264923095703,2713400,2024-03-06 00:00:00-05:00
195.98387360136735,197.00153181840778,195.5186423598447,196.37155151367188,2447500,2024-03-07 00:00:00-05:00
196.87552516016723,197.64119413738274,194.2780360799285,194.5688018798828,2139400,2024-03-08 00:00:00-05:00
195.3732591586644,196.3327819189953,192.98899720373475,194.1229705810547,2443200,2024-03-11 00:00:00-04:00
193.5802198612957,194.08421296971753,191.5836505485406,192.9987030029297,2938800,2024-03-12 00:00:00-04:00
193.79344273400383,194.9371176706582,192.717619563211,193.58021545410156,2537600,2024-03-13 00:00:00-04:00
193.11499239897066,193.58020881691417,188.95709016136377,190.30429077148438,3838000,2024-03-14 00:00:00-04:00
190.34305204304283,192.4365481006212,189.86813406668674,191.60302734375,6310100,2024-03-15 00:00:00-04:00
192.88239701324449,192.88239701324449,190.33338582383826,190.70167541503906,2481700,2024-03-18 00:00:00-04:00
190.70165676017328,193.10530697911946,190.08136326892082,192.9114532470703,4524800,2024-03-19 00:00:00-04:00
192.47531606457204,195.49925983976138,192.22332691204116,194.98556518554688,2714400,2024-03-20 00:00:00-04:00
195.7803486077814,196.83678357319442,195.0922032515696,195.179443359375,2811800,2024-03-21 00:00:00-04:00
195.3151070220031,195.75124834912745,193.92912971522767,194.54942321777344,2061300,2024-03-22 00:00:00-04:00
194.21022045506436,194.53006139127547,192.32024994209283,192.36871337890625,1961300,2024-03-25 00:00:00-04:00
191.95194635436573,195.26664110287254,191.6611805436623,194.8111114501953,2697100,2024-03-26 00:00:00-04:00
196.69137841247243,198.93993676354035,195.98385961796404,198.81394958496094,2760100,2024-03-27 00:00:00-04:00
199.07564285615783,200.4519334812348,198.86241556432702,198.93026733398438,3594100,2024-03-28 00:00:00-04:00
199.0659414338035,199.55054619066934,195.67370813574237,195.79000854492188,2221900,2024-04-01 00:00:00-04:00
195.85786287541634,196.0710901543478,193.8612936172071,194.0648193359375,2615100,2024-04-02 00:00:00-04:00
193.2797557171763,194.752958290478,191.82594147468419,191.87440490722656,2496000,2024-04-03 00:00:00-04:00
194.50096468962187,194.50096468962187,189.49985466937926,190.01353454589844,3414700,2024-04-04 00:00:00-04:00
189.86815414141532,192.2911781339753,189.1412469436473,191.0796661376953,2212800,2024-04-05 00:00:00-04:00
191.50610407742784,193.05684521343355,191.2541149281364,191.67086791992188,2384700,2024-04-08 00:00:00-04:00
192.2427073410565,193.3766806642776,189.98444746544143,192.3008575439453,2042000,2024-04-09 00:00:00-04:00
189.54831548503944,190.4012098176629,188.41432731703642,189.62583923339844,2907300,2024-04-10 00:00:00-04:00
189.97475253734606,191.12811423144635,188.28833743884832,190.8082733154297,3026300,2024-04-11 00:00:00-04:00
189.87783007972993,190.40119668435398,188.61785481583001,190.12013244628906,3499500,2024-04-12 00:00:00-04:00
192.01008881400466,192.3783931453044,187.2318784336392,188.06539916992188,3179900,2024-04-15 00:00:00-04:00
187.19312625688548,187.72619445112144,184.66348881602363,184.84764099121094,2801900,2024-04-16 00:00:00-04:00
186.4856160880104,186.59222973179732,183.90751509386487,184.4987335205078,2424300,2024-04-17 00:00:00-04:00
185.119009929153,186.3789852058351,184.14011368235012,185.19654846191406,2143100,2024-04-18 00:00:00-04:00
186.67943578541528,188.54031618493738,185.7296146499115,188.27862548828125,3570000,2024-04-19 00:00:00-04:00
188.29802333034033,190.25583069091854,188.16233458984263,189.55799865722656,2366900,2024-04-22 00:00:00-04:00
189.99413048321023,191.52548321453932,189.65490125444234,190.12013244628906,2557300,2024-04-23 00:00:00-04:00
187.60017391160056,189.69366981867066,187.30940812634714,188.79229736328125,3578300,2024-04-24 00:00:00-04:00
193.3185555229796,193.9776109597761,184.6247441289327,187.07684326171875,3894300,2024-04-25 00:00:00-04:00
184.44057202031934,187.68741499328635,184.25641984787458,187.4935760498047,3041300,2024-04-26 00:00:00-04:00
187.30943511224334,188.27864467674848,186.30146367230222,187.80374145507812,2593600,2024-04-29 00:00:00-04:00
188.01695930452195,189.8099880354735,186.39838118772158,186.79574584960938,3127900,2024-04-30 00:00:00-04:00
186.0591516365719,191.10872492407302,185.99129987187084,189.28662109375,5084600,2024-05-01 00:00:00-04:00
190.33337383354657,190.43028591398283,186.75698827155423,187.677734375,3418700,2024-05-02 00:00:00-04:00
188.77294291000143,190.19768209173517,187.58080454881937,189.78091430664062,2251400,2024-05-03 00:00:00-04:00
190.32367723758978,191.12812294990945,187.9781918687734,188.99586486816406,2257600,2024-05-06 00:00:00-04:00
189.0249262769818,191.11842233165942,189.0249262769818,190.7888946533203,2052200,2024-05-07 00:00:00-04:00
190.63382452295093,192.25240266083676,189.88752904511153,191.9519500732422,1788300,2024-05-08 00:00:00-04:00
192.72732285119065,194.60757693514978,191.7774868543969,194.4525146484375,2692000,2024-05-09 00:00:00-04:00
194.81110142334907,196.97243437783288,194.53972395771714,196.67198181152344,2318400,2024-05-10 00:00:00-04:00
198.14521114921718,200.35500783356818,197.46676739331372,197.52491760253906,3505300,2024-05-13 00:00:00-04:00
198.6879424183284,199.05624675137685,196.66229816448777,196.95306396484375,2378400,2024-05-14 00:00:00-04:00
198.0773368420698,199.0271727812278,196.52661054629726,198.74609375,2675800,2024-05-15 00:00:00-04:00
199.7107024585888,201.95169002939363,199.33071001285893,201.318359375,2566800,2024-05-16 00:00:00-04:00
201.58143538870004,201.6886135074768,199.91530551812832,200.68504333496094,2267200,2024-05-17 00:00:00-04:00
200.47068490279176,200.89939737320543,198.0348321093192,199.3696746826172,2008300,2024-05-20 00:00:00-04:00
199.95427675377684,199.97376773812593,197.92764553215537,198.28814697265625,1742800,2024-05-21 00:00:00-04:00
197.9081864928833,198.70715344024552,196.70001287899333,197.59640502929688,2013300,2024-05-22 00:00:00-04:00
196.3589540346936,196.3784450188669,194.10822854878265,194.27386474609375,2616400,2024-05-23 00:00:00-04:00
195.2092307555003,195.65741930236518,194.07899159575234,194.566162109375,2360600,2024-05-24 00:00:00-04:00
193.07542721214287,195.68665410576057,193.01696912754915,194.06924438476562,2417300,2024-05-28 00:00:00-04:00
192.75389106010198,193.3190106512813,191.83800809740663,192.01339721679688,2846200,2024-05-29 00:00:00-04:00
192.72466623732848,196.1153689913714,192.33492088974234,195.75486755371094,2312800,2024-05-30 00:00:00-04:00
195.18976949638719,197.0897318153964,194.02056305909431,197.00204467773438,3163500,2024-05-31 00:00:00-04:00
198.59021069558105,198.59021069558105,195.8328235907713,197.26510620117188,2443500,2024-06-03 00:00:00-04:00
195.9010067865989,202.80908118017044,195.9010067865989,201.91268920898438,3360800,2024-06-04 00:00:00-04:00
202.5947469341384,204.075749635842,200.58760655627577,203.90037536621094,2722800,2024-06-05 00:00:00-04:00
203.80292141857714,204.8162444649548,202.29268977483633,203.1013946533203,3270800,2024-06-06 00:00:00-04:00
203.16961976968597,205.5567526020873,202.33168579008313,203.42294311523438,2563200,2024-06-07 00:00:00-04:00
204.387529578159,205.64442301170558,203.76395189060804,205.3326416015625,2648200,2024-06-10 00:00:00-04:00
204.39728578796166,204.47523486423583,201.8347637992876,204.10498046875,2304700,2024-06-11 00:00:00-04:00
205.34239882873973,206.19982380438728,202.40963729851424,203.15013122558594,2471200,2024-06-12 00:00:00-04:00
201.77630076976098,203.60806684920044,200.9578577898153,203.27679443359375,1959700,2024-06-13 00:00:00-04:00
201.88347633780057,203.32549702718944,200.7240080305613,203.17935180664062,2239200,2024-06-14 00:00:00-04:00
202.66295224276126,206.72595291471012,202.2147487875506,206.5115966796875,3100600,2024-06-17 00:00:00-04:00
205.62494346789373,207.75875289991998,205.03059478987393,207.40798950195312,2443400,2024-06-18 00:00:00-04:00
207.9243832401462,209.66846212178856,207.4079836503843,208.64540100097656,4042000,2024-06-20 00:00:00-04:00
210.25305017081655,210.53561740304485,208.04130667562166,209.57101440429688,7929000,2024-06-21 00:00:00-04:00
209.6879495891151,212.75711803280288,209.39564429274841,210.35049438476562,2933200,2024-06-24 00:00:00-04:00
211.2663699090337,211.2663699090337,208.2361686738938,208.9474334716797,2965700,2024-06-25 00:00:00-04:00
208.07054432267807,208.57720585615903,206.1705821562061,207.95361328125,2173900,2024-06-26 00:00:00-04:00
208.80130812730513,209.82436929213276,207.54439973794766,208.87925720214844,1913200,2024-06-27 00:00:00-04:00
208.64541692156226,210.60383731515597,205.7223934203539,208.06080627441406,4804800,2024-06-28 00:00:00-04:00
207.67105603614124,209.9997306096391,205.4592976340653,205.53724670410156,2148500,2024-07-01 00:00:00-04:00
206.33621364211825,207.80746331334208,205.54699975002916,207.7587432861328,1908300,2024-07-02 00:00:00-04:00
207.53463675342735,207.79771299101915,206.6285067433259,207.0084991455078,1086700,2024-07-03 00:00:00-04:00
207.11567799780227,207.44695037684295,205.33263214506346,206.7941436767578,1355300,2024-07-05 00:00:00-04:00
206.45312190159333,207.75873532408193,205.6054499562449,206.19979858398438,1838100,2024-07-08 00:00:00-04:00
206.25827152568027,206.65775494809313,205.15726131614522,205.1962432861328,1375400,2024-07-09 00:00:00-04:00
205.78084428378864,209.42488547285132,205.36188473295212,208.98643493652344,1791800,2024-07-10 00:00:00-04:00
209.48333393700895,211.11048177002925,208.1679675211961,209.33718872070312,2700100,2024-07-11 00:00:00-04:00
209.9997366156642,211.2858740071488,206.8818480613664,209.59051513671875,2089200,2024-07-12 00:00:00-04:00
208.89870769446023,210.77919358461585,207.93411960454208,210.18484497070312,1732200,2024-07-15 00:00:00-04:00
210.31153463701943,213.39044124691208,210.11665452111754,212.8643035888672,2978500,2024-07-16 00:00:00-04:00
213.38070258333696,215.04683241907762,212.26021625640368,214.55966186523438,2688100,2024-07-17 00:00:00-04:00
214.33554915106114,215.1247630564348,211.93867839157562,212.08482360839844,2165400,2024-07-18 00:00:00-04:00
212.14327182614855,212.54275522323377,208.74283108996212,209.10333251953125,2660600,2024-07-19 00:00:00-04:00
209.74639424575335,211.53917814336265,208.14847557749047,211.40277099609375,2784600,2024-07-22 00:00:00-04:00
211.41253124446257,213.24429730056679,210.66229928936932,211.80227661132812,1791200,2024-07-23 00:00:00-04:00
211.80227173441907,212.1822641663224,207.66132208563906,208.16796875,3524600,2024-07-24 00:00:00-04:00
197.58662824604596,199.96402294633242,193.8938819603576,197.25535583496094,6683700,2024-07-25 00:00:00-04:00
197.82047046554106,202.46808163125164,193.15338318244642,197.5379180908203,7452400,2024-07-26 00:00:00-04:00
198.30765119205816,198.53174549160138,194.02055611956527,196.2322998046875,2873900,2024-07-29 00:00:00-04:00
196.76816253440987,198.71684453993464,196.30048301591782,197.44046020507812,2608500,2024-07-30 00:00:00-04:00
198.53175004570653,201.45477353507525,196.95332211897264,199.49635314941406,3323900,2024-07-31 00:00:00-04:00
199.08713370084453,201.45477561539477,196.32974639666062,199.33071899414062,3743000,2024-08-01 00:00:00-04:00
202.90655551849918,203.5983443142053,196.13488713131116,198.46356201171875,3377700,2024-08-02 00:00:00-04:00
197.33329694531196,197.33329694531196,191.8477519295621,194.58566284179688,3915300,2024-08-05 00:00:00-04:00
194.5759061314464,196.9922677902455,193.39696177801133,193.69900512695312,3629100,2024-08-06 00:00:00-04:00
195.4041204912633,198.7168744524125,192.62724226848673,192.8415985107422,3292200,2024-08-07 00:00:00-04:00
192.8415836148972,195.3943524716878,192.8415836148972,194.69284057617188,2461100,2024-08-08 00:00:00-04:00
193.92310683042388,194.04977593022167,192.45185713008496,193.1436309814453,1888100,2024-08-09 00:00:00-04:00
193.3677327167671,193.40669981745125,191.48724674575078,191.74057006835938,3073900,2024-08-12 00:00:00-04:00
192.1985132227799,192.34467330295956,190.5908564116571,191.68211364746094,3739200,2024-08-13 00:00:00-04:00
190.97084876393774,192.71491272890987,190.55188924222233,192.52980041503906,3471200,2024-08-14 00:00:00-04:00
193.845154429416,195.09230981945512,193.0169734337537,193.36773681640625,2900200,2024-08-15 00:00:00-04:00
193.57346037422454,195.55240275105578,192.82891475308864,194.4649658203125,2811100,2024-08-16 00:00:00-04:00
194.42579119954485,195.376059675397,193.81838414611786,194.99398803710938,2044200,2024-08-19 00:00:00-04:00
194.9548103584347,196.43411032186424,193.90655370026786,196.00306701660156,3060400,2024-08-20 00:00:00-04:00
196.75739553042584,197.67828995153593,195.8267097671005,197.3256072998047,1784800,2024-08-21 00:00:00-04:00
196.66922549103697,197.27661756827476,195.26830119712037,196.07162475585938,1947600,2024-08-22 00:00:00-04:00
197.59012484491956,198.6579641521598,196.75739734192203,198.3640594482422,2948400,2024-08-23 00:00:00-04:00
199.4514981458537,200.65650594767047,198.78532809647817,199.7062225341797,1834800,2024-08-26 00:00:00-04:00
199.82378965314948,202.10642824212678,199.61805186246258,201.9202880859375,2362100,2024-08-27 00:00:00-04:00
202.41011311178912,202.8901579644281,199.64742979643663,200.8328399658203,2338800,2024-08-28 00:00:00-04:00
202.1260266843201,204.17353851335358,200.2842376981804,203.2918243408203,2369200,2024-08-29 00:00:00-04:00
203.75225459510878,204.50660650291107,201.12673982827437,203.68368530273438,1923400,2024-08-30 00:00:00-04:00
203.4289734633468,203.68369786145058,199.96093964956236,200.69569396972656,2056900,2024-09-03 00:00:00-04:00
201.09736139280673,202.91955268790815,201.00917951425515,201.3618621826172,1739500,2024-09-04 00:00:00-04:00
201.018979649206,201.25409145517037,197.59012629182504,198.85389709472656,1512200,2024-09-05 00:00:00-04:00
198.87349298956738,198.97146620693894,193.82818621582945,194.1024932861328,2540700,2024-09-06 00:00:00-04:00
195.91488636390602,197.5999241221773,195.10175646148087,197.07090759277344,2300400,2024-09-09 00:00:00-04:00
196.2283922348697,197.09049381487247,194.53356310348687,196.86517333984375,1395400,2024-09-10 00:00:00-04:00
196.7574005634801,200.2058515854397,193.3481448086122,199.89234924316406,2737700,2024-09-11 00:00:00-04:00
199.79438011804638,200.82303906840744,197.76645119173912,200.50953674316406,1944700,2024-09-12 00:00:00-04:00
200.31360914283712,201.44022638019104,199.42210370535452,200.00010681152344,1973300,2024-09-13 00:00:00-04:00
201.8125075854106,202.7431933442613,199.5886471268915,200.5193328857422,1562200,2024-09-16 00:00:00-04:00
200.8328329625098,201.55779588738764,199.41231103615627,200.08828735351562,1441600,2024-09-17 00:00:00-04:00
200.08827640193184,200.55851492142108,196.51246352939265,197.54112243652344,2391400,2024-09-18 00:00:00-04:00
200.00990572541835,201.36184337065757,198.0701437563394,199.5592498779297,2695200,2024-09-19 00:00:00-04:00
199.64742817900114,199.64742817900114,197.85464087446474,199.2163848876953,3829800,2024-09-20 00:00:00-04:00
199.86294993069845,199.90214519576304,198.4914146257114,199.62783813476562,2263800,2024-09-23 00:00:00-04:00
199.62784252288193,201.81250771692407,198.56979457208573,201.09735107421875,2581700,2024-09-24 00:00:00-04:00
202.00844836345968,203.53673493439211,201.08755390440686,202.57666015625,2858100,2024-09-25 00:00:00-04:00
203.49755533794695,204.26169862612673,202.36113174833068,202.8215789794922,1598000,2024-09-26 00:00:00-04:00
203.28201586067416,206.56392426485837,202.919541868961,203.4093780517578,2454300,2024-09-27 00:00:00-04:00
203.8698158266382,204.5555834611012,200.07847378215476,202.50807189941406,2624400,2024-09-30 00:00:00-04:00
202.23377123746653,203.77186411792252,200.66630432880527,201.881103515625,2300300,2024-10-01 00:00:00-04:00
201.39125968703266,201.86149824698478,199.52008184097468,199.73561096191406,1841800,2024-10-02 00:00:00-04:00
198.38365538392762,199.43191199758732,197.50195622833357,198.7559356689453,2047600,2024-10-03 00:00:00-04:00
200.41158382053666,200.91121134752197,197.5411360043848,199.63763427734375,1643500,2024-10-04 00:00:00-04:00
198.09957946337929,200.17648034481553,197.61953456496877,199.19680786132812,1801400,2024-10-07 00:00:00-04:00
204.44783933016646,205.4177054569962,199.64743551218788,202.7921905517578,4132400,2024-10-08 00:00:00-04:00
202.8117831340951,209.67928123259034,202.69421228179056,209.35598754882812,5082600,2024-10-09 00:00:00-04:00
207.20069303903492,209.32658015250493,206.82841277862371,209.2580108642578,4957600,2024-10-10 00:00:00-04:00
210.8059095497849,212.16766859907023,209.3853874941904,211.59945678710938,3809500,2024-10-11 00:00:00-04:00
211.84437218875556,213.29428320326699,210.8842824418871,213.17672729492188,1850000,2024-10-14 00:00:00-04:00
213.5685807303838,214.76378224045214,212.07947451399113,212.85342407226562,3948400,2024-10-15 00:00:00-04:00
212.6574987095158,215.14586007102437,212.15785620978878,214.5090789794922,2596400,2024-10-16 00:00:00-04:00
214.54825909069015,215.6063070937383,213.91147799977557,215.0870819091797,3135000,2024-10-17 00:00:00-04:00
213.29427222241003,217.555853063905,213.29427222241003,217.50686645507812,4033700,2024-10-18 00:00:00-04:00
217.4578837471642,218.44734748931387,215.6160948522574,216.9974365234375,3690100,2024-10-21 00:00:00-04:00
216.06674118775146,218.31018430645517,215.29279165499318,217.8301544189453,4011500,2024-10-22 00:00:00-04:00
217.03661155163596,218.09465951130582,214.71479280460753,215.8610076904297,6183800,2024-10-23 00:00:00-04:00
210.01236529161648,211.80516755770643,204.65355612674287,204.84950256347656,8700200,2024-10-24 00:00:00-04:00
204.8494961598279,206.0838779501456,202.43949558031568,203.7718505859375,6087900,2024-10-25 00:00:00-04:00
203.83062611335654,204.46742210803828,200.74466419992893,201.9104766845703,6094400,2024-10-28 00:00:00-04:00
200.86223715472738,203.38000247550997,198.90289229445702,201.7929229736328,6070800,2024-10-29 00:00:00-04:00
200.2940056078055,202.42969906825797,198.9616506362115,200.04908752441406,5354200,2024-10-30 00:00:00-04:00
200.48994682202002,201.95945539373855,199.25556500327758,201.49900817871094,4654600,2024-10-31 00:00:00-04:00
202.0965939243362,205.2707375850826,201.59696642854823,204.93765258789062,4484300,2024-11-01 00:00:00-04:00
204.58498324088364,204.58498324088364,202.22396923666986,203.32119750976562,4029900,2024-11-04 00:00:00-05:00
203.96779893339016,207.53380601556145,202.41991468500055,204.5360107421875,7377600,2024-11-05 00:00:00-05:00
207.74930910681974,212.48112819075155,204.83968113006284,212.00108337402344,6152200,2024-11-06 00:00:00-05:00
212.53989735109218,213.9114475070638,211.0409999642596,213.07872009277344,5373200,2024-11-07 00:00:00-05:00
213.0297649437682,215.24383418220702,212.10887047630587,215.02830505371094,5694800,2024-11-08 00:00:00-05:00
214.7441632029014,220.73976778902957,214.7441632029014,220.66139221191406,7298400,2024-11-11 00:00:00-05:00
234.4943780287927,237.83506438316792,224.91318348907984,229.15516662597656,11088700,2024-11-12 00:00:00-05:00
230.22302074388674,231.72191836390454,227.46033731962493,228.33226013183594,5531100,2024-11-13 00:00:00-05:00
228.25386508253396,229.80174918173537,225.60873779168548,225.98101806640625,3837000,2024-11-14 00:00:00-05:00
225.44939948047218,227.6152859033546,224.8488568110989,225.43955993652344,3707900,2024-11-15 00:00:00-05:00
225.92196434220867,226.50282795292975,224.73073350963926,225.30174255371094,3446100,2024-11-18 00:00:00-05:00
223.80529817255047,225.36080240896518,222.7617356521949,224.66180419921875,3696500,2024-11-19 00:00:00-05:00
223.71670233082375,225.341113457669,221.91507425035252,223.15553283691406,4632600,2024-11-20 00:00:00-05:00
224.46490788912274,225.32141391475204,221.3342203318538,222.5845184326172,5630800,2024-11-21 00:00:00-05:00
224.2187794227528,226.55202821490937,223.59854264622328,225.5576934814453,3834300,2024-11-22 00:00:00-05:00
227.5365238515597,228.39304488326067,226.13854248229924,227.02459716796875,3837700,2024-11-25 00:00:00-05:00
228.20600010606577,228.8951437710429,226.28623738855615,226.82769775390625,4203100,2024-11-26 00:00:00-05:00
228.58007886820872,229.34799891286548,225.9121053990264,226.0794677734375,2870000,2024-11-27 00:00:00-05:00
225.85306882907216,229.65322126189295,225.85306882907216,229.3184814453125,1917500,2024-11-29 00:00:00-05:00
229.57444401049872,230.08638573391502,226.24684534160028,226.38467407226562,3225400,2024-12-02 00:00:00-05:00
224.60273717915572,225.64629970085434,219.69995522711665,223.4410400390625,4023300,2024-12-03 00:00:00-05:00
223.87421453882862,226.57173694022947,223.2736718335688,226.22715759277344,2654800,2024-12-04 00:00:00-05:00
226.38467397536655,226.57173047166197,222.01351277298642,222.7814178466797,5183700,2024-12-05 00:00:00-05:00
223.7659201597719,224.42554520093086,222.21043087460117,222.8700408935547,3179900,2024-12-06 00:00:00-05:00
223.12599192949753,224.20894266033238,221.4523530909202,221.6000213623047,2542800,2024-12-09 00:00:00-05:00
221.66894824905663,225.98102711523072,221.09793921645172,225.52816772460938,3547900,2024-12-10 00:00:00-05:00
228.29459185301238,230.3718773306858,224.32707738964913,225.5084686279297,4382500,2024-12-11 00:00:00-05:00
224.21879631617762,226.37484334731525,223.81514965271597,224.15972900390625,2715600,2024-12-12 00:00:00-05:00
222.43684509040818,225.53799892247355,222.3679232166179,224.09078979492188,2432200,2024-12-13 00:00:00-05:00
228.85577473721182,234.25080455550764,226.58157806808,232.34088134765625,8197300,2024-12-16 00:00:00-05:00
234.46739073100363,234.6150590086048,228.04847753898082,229.515380859375,5382400,2024-12-17 00:00:00-05:00
230.0765341557817,231.06102939395126,222.899570479296,223.34259033203125,6428900,2024-12-18 00:00:00-05:00
225.0752861913391,229.8796275397463,222.79126515538132,223.36227416992188,4870500,2024-12-19 00:00:00-05:00
221.66894454168087,226.18777393909582,221.1373087171587,224.7799530029297,6833200,2024-12-20 00:00:00-05:00
224.2384771429605,224.71103063534107,222.44668865845202,223.6182403564453,3467800,2024-12-23 00:00:00-05:00
223.13583788083608,225.72506514296026,222.15134265079098,225.3509521484375,1873600,2024-12-24 00:00:00-05:00
225.23281336958397,228.4127286977031,224.87839449242298,228.2650604248047,3071500,2024-12-26 00:00:00-05:00
227.4183955939057,227.96971051300483,225.25250911649997,225.9514923095703,3053700,2024-12-27 00:00:00-05:00
223.62808450186185,223.9037419632728,221.90521785694088,223.0866241455078,2371600,2024-12-30 00:00:00-05:00
