Open,High,Low,Close,Volume,Date
118.47158519103965,119.58181698551616,118.02241287150106,119.57333374023438,10803700,2020-01-02 00:00:00-05:00
117.27895767268716,118.75453655053431,116.92072532739012,117.99542236328125,10386800,2020-01-03 00:00:00-05:00
116.47719141305848,117.93572087182815,116.42601722411898,117.90159606933594,10259000,2020-01-06 00:00:00-05:00
117.09129393001902,117.58599938954598,115.84601209637982,115.89718627929688,10531300,2020-01-07 00:00:00-05:00
115.74366009134086,117.34718736488462,115.65837411783643,116.80130767822266,9695300,2020-01-08 00:00:00-05:00
117.74806816235012,117.90159072220598,116.88659263827597,117.22777557373047,9469000,2020-01-09 00:00:00-05:00
117.03162919900764,117.06574099263874,115.8375081851019,116.05928039550781,10190900,2020-01-10 00:00:00-05:00
116.16162388593253,117.02308654785156,115.7948537921805,117.02308654785156,12355200,2020-01-13 00:00:00-05:00
117.65422939896324,120.05950696527512,117.44099497218964,118.38775634765625,24906000,2020-01-14 00:00:00-05:00
117.5774866452634,118.21719002632622,116.1274819030155,116.61366271972656,16293400,2020-01-15 00:00:00-05:00
117.23630457108362,117.62012399961401,116.71601196336059,117.06571960449219,10783800,2020-01-16 00:00:00-05:00
117.3130877600712,117.95279126534194,117.12545337214216,117.87602996826172,14697700,2020-01-17 00:00:00-05:00
117.01452919983677,117.76511856657902,116.58806033505992,116.71599578857422,8474200,2020-01-21 00:00:00-05:00
117.05718489489547,117.19364504761265,116.32365788800053,116.57952880859375,7549100,2020-01-22 00:00:00-05:00
115.75221698487066,116.63074204785072,114.90780371398671,116.46014404296875,9345700,2020-01-23 00:00:00-05:00
116.31513316265318,116.36630735248336,112.86074520112639,113.56867218017578,15166400,2020-01-24 00:00:00-05:00
111.11222959499557,113.38957234341201,110.63458642878389,112.61339569091797,12860500,2020-01-27 00:00:00-05:00
113.30424020936903,115.12100166331736,112.99718211876926,114.66040802001953,13062800,2020-01-28 00:00:00-05:00
114.98458910813878,115.60723030910232,114.02930255161353,114.48988342285156,9326000,2020-01-29 00:00:00-05:00
113.17632506284083,116.1104333404971,113.17632506284083,115.90572357177734,9048900,2020-01-30 00:00:00-05:00
114.7116289313086,115.00162470911452,112.13575269274963,112.89486694335938,12785200,2020-01-31 00:00:00-05:00
113.15073096335445,114.49837424069547,113.15073096335445,113.75630950927734,10021100,2020-02-03 00:00:00-05:00
115.61574650984872,116.5113339973698,115.2148646155755,115.39397430419922,9157100,2020-02-04 00:00:00-05:00
116.48572567479495,117.47512366621727,116.00806955762745,117.355712890625,10150700,2020-02-05 00:00:00-05:00
117.9101501932554,117.95278668010846,116.94632611804498,117.37279510498047,8992300,2020-02-06 00:00:00-05:00
116.62218756671813,117.42395122107604,116.25543054152811,116.99748229980469,6379800,2020-02-07 00:00:00-05:00
116.80985244021127,117.57750442243119,116.63926744909593,117.48368072509766,5960700,2020-02-10 00:00:00-05:00
117.9272111750105,118.40486741976719,117.51780455144953,117.70545196533203,6578600,2020-02-11 00:00:00-05:00
118.21722000588467,118.80573633327774,117.53486695674846,117.70545196533203,7958000,2020-02-12 00:00:00-05:00
117.49222514758573,117.99545551105358,116.3407534883126,117.60311126708984,7447500,2020-02-13 00:00:00-05:00
117.56896536304272,117.86749885516653,116.80132640443928,117.24485778808594,6627600,2020-02-14 00:00:00-05:00
117.14250454324676,117.45810046071166,115.18928220395937,115.69251251220703,8996400,2020-02-18 00:00:00-05:00
116.7757259960306,118.0380703896582,116.28954516681249,117.27043151855469,7071200,2020-02-19 00:00:00-05:00
116.99748515517632,118.01248329494135,116.45160544321853,117.27043151855469,7422800,2020-02-20 00:00:00-05:00
116.46868796854424,116.78427086777906,115.07839484631316,115.83750915527344,9772800,2020-02-21 00:00:00-05:00
112.11014977718919,113.61131566355142,111.564270089894,112.7242660522461,13618400,2020-02-24 00:00:00-05:00
111.7348720185102,112.78398205820402,107.12047456197995,107.69194793701172,20797200,2020-02-25 00:00:00-05:00
108.26341265823086,109.98634442858257,107.7601758912994,108.01605987548828,24825600,2020-02-26 00:00:00-05:00
104.83459749806623,107.14605836191781,103.46136699665117,103.52107238769531,23005500,2020-02-27 00:00:00-05:00
100.23726127307044,101.06461209482144,96.09198897786212,99.03462219238281,45931400,2020-02-28 00:00:00-05:00
99.47814393603792,103.70019040310805,97.62727027338804,103.64900970458984,27355400,2020-03-02 00:00:00-05:00
103.17991151843155,104.86872512439015,99.14551189104056,99.75962829589844,32547700,2020-03-03 00:00:00-05:00
100.92814658762396,102.5146116543841,97.83197774407594,102.224609375,25795900,2020-03-04 00:00:00-05:00
98.6593271813802,99.30756181960847,96.02375214450721,97.20933532714844,25025600,2020-03-05 00:00:00-05:00
90.63318486781826,94.09611072790965,89.57553716558158,92.18553161621094,38159400,2020-03-06 00:00:00-05:00
82.36820215756231,84.63701980354833,79.3232145061698,79.6985092163086,40352000,2020-03-09 00:00:00-04:00
84.44085438614435,86.38555180961096,80.67087032785207,85.8908462524414,31102700,2020-03-10 00:00:00-04:00
83.3320256925853,85.33643485443656,80.6452766597027,81.84791564941406,38127000,2020-03-11 00:00:00-04:00
76.41470736844641,82.70086236571507,73.62560315157258,75.10118865966797,49725200,2020-03-12 00:00:00-04:00
81.87351077131116,88.69701426904076,78.47029022389053,88.6287841796875,38543300,2020-03-13 00:00:00-04:00
72.67031344012987,80.15911438590405,72.115908957928,75.3656005859375,38589700,2020-03-16 00:00:00-04:00
77.52351695081066,83.1102622035413,74.63205829846767,79.97145080566406,35239800,2020-03-17 00:00:00-04:00
74.777075601606,77.43824460047823,68.54210067856391,71.55297088623047,41525600,2020-03-18 00:00:00-04:00
69.56562237505486,75.15236897257275,65.59946581384665,72.755615234375,32175100,2020-03-19 00:00:00-04:00
73.60855849837176,76.30383943236212,70.35033531115366,71.22032928466797,30150800,2020-03-20 00:00:00-04:00
70.52089314371092,71.43353627220614,66.60590550327349,67.40766906738281,32536600,2020-03-23 00:00:00-04:00
72.4144234540044,76.84969759065753,70.70854778492256,75.42529296875,34363200,2020-03-24 00:00:00-04:00
76.11619261311921,81.15705980112696,72.10738623081073,78.2400131225586,38111700,2020-03-25 00:00:00-04:00
80.24439224243798,84.07408125961126,79.78380503544935,83.69026184082031,29826300,2020-03-26 00:00:00-04:00
79.48528214428039,80.89262442309257,77.23352668930148,77.72822570800781,30041500,2020-03-27 00:00:00-04:00
77.31880828122519,80.25290971400246,76.16734362106502,79.74967956542969,21656900,2020-03-30 00:00:00-04:00
78.5129391809371,80.32116343059884,76.20147166054876,76.79000091552734,23379300,2020-03-31 00:00:00-04:00
72.58500669419071,73.83029512215921,71.00707303924291,71.9538345336914,28029600,2020-04-01 00:00:00-04:00
71.22882845679193,74.98175560179654,70.75971012339205,74.64057922363281,24018000,2020-04-02 00:00:00-04:00
74.1149045776547,75.39037327037263,71.3312837569031,72.43439483642578,21199400,2020-04-03 00:00:00-04:00
76.6916778956684,78.41528009224497,75.57995368987405,77.09672546386719,26820800,2020-04-06 00:00:00-04:00
81.39713124196106,81.44022393754537,77.8896001671227,78.1136703491211,22563800,2020-04-07 00:00:00-04:00
79.37187881693669,81.75045165863902,78.03609107677518,81.2678451538086,22903300,2020-04-08 00:00:00-04:00
83.52575612606121,89.96341101679096,83.49990314658362,88.55867767333984,42055900,2020-04-09 00:00:00-04:00
88.86031447103335,88.86031447103335,83.8532520418169,84.62025451660156,26911900,2020-04-13 00:00:00-04:00
87.05914902349468,87.90371704101562,80.69905892224051,82.30200958251953,46151300,2020-04-14 00:00:00-04:00
78.55316883302736,79.31155140749956,77.67412805975556,78.242919921875,30118600,2020-04-15 00:00:00-04:00
77.76030981167177,78.05331900579343,75.0197822739137,75.2610855102539,32449600,2020-04-16 00:00:00-04:00
79.28570206741522,82.47436354229212,78.38942812460716,82.02622985839844,30191900,2020-04-17 00:00:00-04:00
79.69075256858574,81.62118528362124,77.9585304339892,79.03578186035156,23679400,2020-04-20 00:00:00-04:00
76.37280301183434,78.75136891401668,76.12287994584035,76.74337768554688,23035000,2020-04-21 00:00:00-04:00
78.15673805008727,79.1736635354541,76.85541664486747,76.99330139160156,16662400,2020-04-22 00:00:00-04:00
77.33802125218774,78.66519560441186,76.92436044696097,77.03639221191406,16638800,2020-04-23 00:00:00-04:00
78.11366251952711,78.51009029408304,76.26078857049933,78.17398834228516,15809200,2020-04-24 00:00:00-04:00
79.23399759813249,82.41403928084169,78.88927583286022,81.54362487792969,22870200,2020-04-27 00:00:00-04:00
84.29276872888792,84.76676199337227,81.89696257390378,82.12103271484375,20238900,2020-04-28 00:00:00-04:00
85.38724421379916,85.70610637412767,83.82737994090047,84.33584594726562,20462600,2020-04-29 00:00:00-04:00
82.38819355164664,83.45682520054282,81.48330623504876,82.52608489990234,19127600,2020-04-30 00:00:00-04:00
80.57839581282465,80.7852262177557,79.14780295575312,80.36294555664062,18547700,2020-05-01 00:00:00-04:00
79.30293068786986,79.8631026921542,78.25153891716084,79.4063491821289,15725900,2020-05-04 00:00:00-04:00
80.70769430717337,81.19030093862396,79.19954200886802,79.28572082519531,18064100,2020-05-05 00:00:00-04:00
79.42358692962988,79.94066623815202,77.50176771918207,77.7947769165039,20978000,2020-05-06 00:00:00-04:00
78.7169283484874,80.06996271461492,78.06196408815896,78.60489654541016,16771900,2020-05-07 00:00:00-04:00
79.97514716465392,81.07825155450777,79.38050228339613,79.88896179199219,20487800,2020-05-08 00:00:00-04:00
78.51869227099175,78.51869227099175,76.98468749151561,77.53623962402344,31907600,2020-05-11 00:00:00-04:00
77.69137790308076,78.24293013377755,74.89052406047124,75.00255584716797,27962900,2020-05-12 00:00:00-04:00
74.4423838712096,74.85605133234056,71.87422002613319,72.41715240478516,35451600,2020-05-13 00:00:00-04:00
71.28820076152509,75.93330899319163,71.01242462332858,75.42484283447266,35152500,2020-05-14 00:00:00-04:00
74.84744089721798,75.21801571578888,73.51165283959513,74.02873229980469,26099000,2020-05-15 00:00:00-04:00
76.43313274117595,78.55316241070821,75.73506946064497,77.94989776611328,30504400,2020-05-18 00:00:00-04:00
77.60520639430234,78.59627258713259,76.34697076379818,76.4159164428711,19597300,2020-05-19 00:00:00-04:00
78.1739786690223,79.62180481108258,77.88096944474643,78.70829772949219,20552400,2020-05-20 00:00:00-04:00
77.7947816994889,79.07887006087515,77.27770235917563,77.70860290527344,14621400,2020-05-21 00:00:00-04:00
77.57070471911283,77.87233373415381,76.45898071365946,77.10533142089844,13557900,2020-05-22 00:00:00-04:00
80.05271157088826,84.0256155608437,79.81140829102463,82.57778930664062,41233900,2020-05-26 00:00:00-04:00
87.96404462330673,88.40356505833651,85.1459577075747,87.36078643798828,39402000,2020-05-27 00:00:00-04:00
88.71382048988497,88.72243376814706,85.6630433546029,86.0594711303711,24713900,2020-05-28 00:00:00-04:00
85.0253143876461,85.47344814414446,83.40512383141127,83.86187744140625,26526400,2020-05-29 00:00:00-04:00
84.24106498069942,85.75783689194607,83.92219617847073,84.97359466552734,15176800,2020-06-01 00:00:00-04:00
86.42141047929479,86.54206210341664,84.39617927436917,85.25798034667969,21195000,2020-06-02 00:00:00-04:00
87.54176004996607,90.42017265785006,87.09361978195895,89.86000061035156,25941100,2020-06-03 00:00:00-04:00
89.47217406134912,91.87659949266445,88.58452013787466,91.73009490966797,26784700,2020-06-04 00:00:00-04:00
99.04680835434286,99.77071817837908,94.39308073904066,95.85814666748047,42231000,2020-06-05 00:00:00-04:00
97.73687315596574,98.40907701181851,96.4700243930027,97.7713394165039,24881800,2020-06-08 00:00:00-04:00
95.35831032190691,96.20287187104486,93.94495678761656,95.26351165771484,17031100,2020-06-09 00:00:00-04:00
95.19456822860526,95.23766092244601,91.22166381729504,91.40264129638672,24913300,2020-06-10 00:00:00-04:00
86.20595142583915,87.54174558179581,83.19826783099872,83.77567291259766,36259200,2020-06-11 00:00:00-04:00
86.791979152268,87.15393399939809,83.87909409795164,86.06806945800781,24856800,2020-06-12 00:00:00-04:00
83.09486142745655,87.41248682848476,82.62087476208725,87.25736236572266,22153600,2020-06-15 00:00:00-04:00
90.80797978950085,91.07513601330088,85.58546091039831,87.95541381835938,22193600,2020-06-16 00:00:00-04:00
88.36046101028154,88.36908086182679,85.49928177414273,85.73197174072266,15639800,2020-06-17 00:00:00-04:00
85.03391158724219,86.62824228151858,84.56853821174704,85.2666015625,16591900,2020-06-18 00:00:00-04:00
86.636870621593,86.69719644052941,83.36203011858353,84.29277038574219,40371200,2020-06-19 00:00:00-04:00
83.8101577561647,84.41341590177922,83.19827975846408,83.37925720214844,16216900,2020-06-22 00:00:00-04:00
85.29246081304353,86.15426196249327,84.32724115865227,84.39618682861328,15381400,2020-06-23 00:00:00-04:00
83.37927120344546,83.4568301601824,81.27647404273145,81.57810974121094,22919800,2020-06-24 00:00:00-04:00
81.3109400592977,84.63749314178912,81.23338110906849,84.42204284667969,25743600,2020-06-25 00:00:00-04:00
81.96590134172641,82.18997146379711,79.28569945375544,79.79415893554688,41896300,2020-06-26 00:00:00-04:00
80.4922208256465,81.43158083094937,79.44082247382543,80.14749908447266,18499700,2020-06-29 00:00:00-04:00
80.00100055907606,81.57809820662065,79.77693042403727,81.0610122680664,19137000,2020-06-30 00:00:00-04:00
81.77630009962346,82.48297668890437,80.17334964039745,80.37156677246094,18755700,2020-07-01 00:00:00-04:00
82.44263797403468,82.63408278510967,79.99738130679067,80.63262939453125,27845600,2020-07-02 00:00:00-04:00
82.17288640447966,82.84293666899352,81.34620006475475,82.66889953613281,18625300,2020-07-06 00:00:00-04:00
81.64205981310872,81.88571444070743,80.05829809462648,80.33676147460938,25757200,2020-07-07 00:00:00-04:00
80.3106496427388,81.22435441742051,79.88425408122066,81.1895523071289,18762200,2020-07-08 00:00:00-04:00
81.38101438936768,81.90313914446446,78.99667078818774,79.43177032470703,25600800,2020-07-09 00:00:00-04:00
80.05830135134676,84.27006097480613,79.94517788081433,83.7740478515625,28954200,2020-07-10 00:00:00-04:00
85.91476170771988,86.38466338830776,83.73926391610337,84.97494506835938,32079200,2020-07-13 00:00:00-04:00
85.60146950999216,86.97637874759586,84.09602246845611,85.46223449707031,42731700,2020-07-14 00:00:00-04:00
87.79438537454399,88.14246633723475,85.84514127820479,86.78495788574219,22508400,2020-07-15 00:00:00-04:00
85.95823985313253,88.08152713489534,85.75809783898681,87.0285873413086,16886900,2020-07-16 00:00:00-04:00
87.01988679023549,87.0895042930494,85.40131636480987,85.4187240600586,16137700,2020-07-17 00:00:00-04:00
84.78347257933072,85.61886266246353,84.63554037107693,84.67034912109375,14458100,2020-07-20 00:00:00-04:00
85.02715021435527,87.06341948764155,84.96623654510397,86.5064926147461,17798100,2020-07-21 00:00:00-04:00
86.71531870722126,87.13301044685304,84.87049471309112,85.87992858886719,14271200,2020-07-22 00:00:00-04:00
85.71460288262843,86.4542707167414,85.25339846744355,86.1323013305664,12870200,2020-07-23 00:00:00-04:00
86.67180987556125,86.84585364054863,85.22728314116547,85.52314758300781,12744200,2020-07-24 00:00:00-04:00
84.8530951051834,84.95751472232836,83.6870251473701,84.32227325439453,11959100,2020-07-27 00:00:00-04:00
83.97419654408496,85.18377252276368,83.97419654408496,84.68775939941406,11754300,2020-07-28 00:00:00-04:00
84.47021981353619,86.7675447280545,84.40930614682895,86.74143981933594,12743500,2020-07-29 00:00:00-04:00
84.87921927678067,85.05325643758854,83.58262450321331,84.42671203613281,14834800,2020-07-30 00:00:00-04:00
83.95679518393285,84.34838204444729,82.88644758525399,84.09602355957031,14535000,2020-07-31 00:00:00-04:00
84.42669529511744,84.90530735107302,83.40856416418372,83.62611389160156,12962800,2020-08-03 00:00:00-04:00
83.46079416212088,83.4955962817575,82.69501474827761,83.14752197265625,13366200,2020-08-04 00:00:00-04:00
83.42596253498147,85.68847811940674,83.29543138530327,84.59202575683594,15260900,2020-08-05 00:00:00-04:00
84.9140275717692,85.36652817084703,84.00901973452144,84.61815643310547,10482100,2020-08-06 00:00:00-04:00
84.34839222974897,86.5760996216774,84.0264161986283,86.48037719726562,14743700,2020-08-07 00:00:00-04:00
87.11561599978543,88.79510021155335,87.04599849153503,87.57682037353516,14989900,2020-08-10 00:00:00-04:00
90.37887156298054,92.38033198265788,90.07430323105356,90.34406280517578,31518600,2020-08-11 00:00:00-04:00
92.3803348660491,92.61528568969989,88.50794508782363,89.57829284667969,19240800,2020-08-12 00:00:00-04:00
88.76030696741748,89.94377825811041,88.44703476464039,89.08228302001953,13598600,2020-08-13 00:00:00-04:00
88.32518886866833,89.90024676240844,88.25557136287775,89.11707305908203,12134400,2020-08-14 00:00:00-04:00
88.32518919115793,88.76028864530156,86.61089627957747,86.76753234863281,14988000,2020-08-17 00:00:00-04:00
86.9415880460474,86.9415880460474,85.38393098974157,85.55796813964844,13246500,2020-08-18 00:00:00-04:00
86.08007941212816,87.53331007995939,85.57536242263633,85.75811004638672,13533000,2020-08-19 00:00:00-04:00
84.63556266722433,85.30561302406596,84.2352718952149,84.73128509521484,13672600,2020-08-20 00:00:00-04:00
84.64424679738178,85.77550805931153,84.35708619687797,84.68775939941406,12228300,2020-08-21 00:00:00-04:00
85.67109206414509,87.20264421975726,84.77478812323699,87.07211303710938,17898300,2020-08-24 00:00:00-04:00
88.12502909416914,88.7428760813388,86.84584244169105,87.4549789428711,13648900,2020-08-25 00:00:00-04:00
86.96770190470538,87.25486256769503,86.19322522146041,86.22802734375,12052400,2020-08-26 00:00:00-04:00
86.14969982972325,89.32592746439495,86.14969982972325,89.06486511230469,22163900,2020-08-27 00:00:00-04:00
89.75231963115009,89.8480420472672,88.59495342834579,89.43034362792969,13756700,2020-08-28 00:00:00-04:00
88.86471829241408,88.91692810439281,87.03729520406608,87.18523406982422,14219400,2020-08-31 00:00:00-04:00
86.62830943135255,87.77697179706911,86.18450610123057,87.1417236328125,11595600,2020-09-01 00:00:00-04:00
86.9763918929602,88.70809277267317,86.63701479653423,88.45573425292969,14475700,2020-09-02 00:00:00-04:00
89.90897874483012,91.36220977772888,87.57684468379742,88.17728424072266,23281200,2020-09-03 00:00:00-04:00
90.5442035749225,91.55363090651028,88.2120701189342,90.08299255371094,26325500,2020-09-04 00:00:00-04:00
89.61310045390975,90.1265147030002,86.56740380053549,86.95028686523438,22108600,2020-09-08 00:00:00-04:00
87.71606387322507,88.49054046991175,86.63701230825954,87.7769775390625,13434000,2020-09-09 00:00:00-04:00
88.23820659589909,89.12580692295676,86.70665403407499,86.87199401855469,15922800,2020-09-10 00:00:00-04:00
86.9938016428496,88.20337781280284,86.663121748931,87.95101928710938,13784300,2020-09-11 00:00:00-04:00
88.33390598693428,90.03079145118308,88.2120786530442,89.16929626464844,19017400,2020-09-14 00:00:00-04:00
89.39554687982326,89.49996651160906,86.27152899343106,86.39335632324219,23683000,2020-09-15 00:00:00-04:00
86.52389164639843,88.00322737301471,85.9408598773631,86.75884246826172,19270600,2020-09-16 00:00:00-04:00
85.88863487968507,86.44556168414648,85.02713976639183,85.76680755615234,18290100,2020-09-17 00:00:00-04:00
85.18377756449667,86.57609460375366,84.79219067939327,85.58406829833984,20121600,2020-09-18 00:00:00-04:00
82.8429524936722,83.5826270473506,81.64208011372394,82.93867492675781,28378800,2020-09-21 00:00:00-04:00
82.63407729733147,83.2432204411247,81.51152004801548,82.03363800048828,19257000,2020-09-22 00:00:00-04:00
82.47746204636418,82.97347522215853,80.63264437313897,80.70225524902344,19952700,2020-09-23 00:00:00-04:00
80.33675833039072,82.05975499097514,79.51876927910322,80.63262939453125,18366500,2020-09-24 00:00:00-04:00
80.10182805375786,81.55505892550191,79.94519195362969,81.33750915527344,13293100,2020-09-25 00:00:00-04:00
82.72111290796806,84.34838739051656,82.10327242890625,83.67833709716797,20894100,2020-09-28 00:00:00-04:00
83.56519280798504,83.56519280798504,82.08585744863198,82.97345733642578,12848200,2020-09-29 00:00:00-04:00
82.97346643143086,84.58333311991693,82.89515171469863,83.7740478515625,16400600,2020-09-30 00:00:00-04:00
84.51371749997145,85.07934145992463,83.5651972697429,84.38318634033203,15778700,2020-10-01 00:00:00-04:00
82.88644467640658,85.79290579640629,82.74720966656457,85.18376922607422,15149600,2020-10-02 00:00:00-04:00
86.3518794648601,87.16867436421006,85.65804236105123,86.98423767089844,13871900,2020-10-05 00:00:00-04:00
87.88886590832443,88.58270306975122,85.64048694520827,86.0884017944336,19220400,2020-10-06 00:00:00-04:00
86.91399624804609,88.1347966002527,86.6592959780657,87.59027099609375,16358500,2020-10-07 00:00:00-04:00
88.27528904441976,89.51365144312597,87.73954156604371,89.39069366455078,15659000,2020-10-08 00:00:00-04:00
89.58392356854235,89.68053421825046,87.92398669729864,88.88130187988281,13689100,2020-10-09 00:00:00-04:00
88.79347709170277,90.46219860019531,88.5739086484984,89.97036743164062,16058000,2020-10-12 00:00:00-04:00
90.4622126940166,90.65543402625146,88.05574405776932,88.51244354248047,21697300,2020-10-13 00:00:00-04:00
88.7320066743653,89.52245448557116,87.91521171956887,88.0206069946289,15204100,2020-10-14 00:00:00-04:00
87.03693290936123,89.39070697949468,86.98423862517903,89.3380126953125,17171200,2020-10-15 00:00:00-04:00
89.06576128960003,89.87377168643594,88.45975014162399,89.1535873413086,13275000,2020-10-16 00:00:00-04:00
89.23263785082028,89.46977558531364,87.44095807085493,87.65174865722656,11725700,2020-10-19 00:00:00-04:00
88.09965801517359,89.38193718150866,87.93279052070363,88.15235900878906,11257100,2020-10-20 00:00:00-04:00
88.14357534454365,88.69688552824023,87.23895423597844,87.27408599853516,10730500,2020-10-21 00:00:00-04:00
87.2301440223068,90.672975334177,87.22135940907084,90.35679626464844,14837200,2020-10-22 00:00:00-04:00
90.90132890812271,91.73568625163843,90.40071316187395,91.17359161376953,15087600,2020-10-23 00:00:00-04:00
90.1548199539938,90.19872962992837,88.04696118888336,88.91645050048828,12410700,2020-10-26 00:00:00-04:00
88.27532388072713,88.6354127456011,87.08965529045088,87.23896026611328,10391700,2020-10-27 00:00:00-04:00
85.63170105860812,86.33432282449631,84.37576917505395,84.78855895996094,16389500,2020-10-28 00:00:00-04:00
84.41968959529224,86.05327958370405,83.64680427562328,85.34187316894531,14208800,2020-10-29 00:00:00-04:00
85.9917990975048,86.43971395331475,84.51629870609453,86.10597229003906,15194500,2020-10-30 00:00:00-04:00
87.29164282943789,88.60026907090601,85.94788482770709,88.04695892333984,15011600,2020-11-02 00:00:00-05:00
90.47974799745528,91.9903797395988,90.18992278701307,90.82228088378906,17482600,2020-11-03 00:00:00-05:00
88.70566435169401,89.64541716145135,86.88763763746444,88.04695892333984,18886500,2020-11-04 00:00:00-05:00
88.75836599443005,92.30659366651469,88.70567170001995,91.64788818359375,17837400,2020-11-05 00:00:00-05:00
92.24508935244253,92.30656824588965,89.92644722715559,90.42706298828125,12552800,2020-11-06 00:00:00-05:00
99.38544739687154,104.4267361675155,96.91749393489002,102.6701889038086,47792400,2020-11-09 00:00:00-05:00
103.06542513300917,103.1532511694979,100.72922039906253,102.33645629882812,20539300,2020-11-10 00:00:00-05:00
102.6614394792747,102.72291838654897,100.08809658788363,100.80828094482422,14443400,2020-11-11 00:00:00-05:00
98.83215462850359,100.08808649390002,98.41936484956454,99.56990814208984,22063000,2020-11-12 00:00:00-05:00
100.73801460944793,100.87854165112181,99.74556750524422,100.19348907470703,11847900,2020-11-13 00:00:00-05:00
103.45186715946929,104.17205137578996,101.64262535520695,103.02151489257812,19858600,2020-11-16 00:00:00-05:00
101.34402113718058,102.26621137926662,100.63262144801,101.97637939453125,14553200,2020-11-17 00:00:00-05:00
103.05665084566728,104.17206239300212,101.17714533354953,101.22106170654297,12571200,2020-11-18 00:00:00-05:00
100.28131631352437,101.72168500425616,99.73678407163376,101.49333190917969,10202500,2020-11-19 00:00:00-05:00
100.50087490216556,101.57237004972635,100.2022583148088,100.62383270263672,12718900,2020-11-20 00:00:00-05:00
101.92368237335825,103.78561863596153,101.50210797953056,103.52214050292969,13209200,2020-11-23 00:00:00-05:00
105.45436334723352,108.46684356196214,105.13818415787956,108.30875396728516,20121600,2020-11-24 00:00:00-05:00
106.59610109696683,107.48315287353192,105.8056532806285,107.1757583618164,11715600,2020-11-25 00:00:00-05:00
107.14941566718369,107.45681019166304,106.34140528835279,106.46436309814453,5983600,2020-11-27 00:00:00-05:00
105.39284166281195,106.02519978490025,103.43428840693826,103.53089904785156,14411800,2020-11-30 00:00:00-05:00
105.69147562273541,106.7805400596731,105.06790197131194,105.16451263427734,12668900,2020-12-01 00:00:00-05:00
105.12935308412477,107.42164784361482,104.751695147102,107.18451690673828,10811300,2020-12-02 00:00:00-05:00
107.01766591265982,107.0527976702939,105.70903976910405,106.48191833496094,12904400,2020-12-03 00:00:00-05:00
107.57097780211105,108.28237743476234,106.87714069712514,107.44801330566406,13583700,2020-12-04 00:00:00-05:00
106.40288540532751,107.29872184411477,105.57730578672296,107.04402160644531,9724300,2020-12-07 00:00:00-05:00
106.3062719362559,107.43924605296772,106.06035632035528,107.1494140625,9592100,2020-12-08 00:00:00-05:00
108.17699994720779,108.29117984824062,105.77931583529612,106.3150634765625,13073900,2020-12-09 00:00:00-05:00
105.38406641434148,106.07790348769359,105.0064084301295,105.6299819946289,13668400,2020-12-10 00:00:00-05:00
104.46189083801673,105.4104214760171,103.96127502604241,105.00641632080078,9981600,2020-12-11 00:00:00-05:00
106.56974204702378,106.64000556075463,103.73292136229018,103.89979553222656,12112400,2020-12-14 00:00:00-05:00
104.7692985960551,106.18332016861926,104.18085666729068,105.67391967773438,12590200,2020-12-15 00:00:00-05:00
105.6563357227337,106.34138818157076,105.26989312515504,105.98129272460938,11169400,2020-12-16 00:00:00-05:00
106.49949394479995,106.66636142768728,105.02399353925549,105.10303497314453,11618000,2020-12-17 00:00:00-05:00
104.63753314751555,105.28745384078361,103.8734325792742,104.5848388671875,28954800,2020-12-18 00:00:00-05:00
108.17698621370133,109.78422893345451,106.35017503608123,108.51073455810547,28323600,2020-12-21 00:00:00-05:00
108.37021313402349,108.48438632576858,106.80688670526197,106.85958099365234,11788200,2020-12-22 00:00:00-05:00
107.83445533306924,111.11919744575962,107.45679733369889,109.845703125,14973200,2020-12-23 00:00:00-05:00
109.86326379624448,110.26727563118868,108.52829060050199,109.3626480102539,4164900,2020-12-24 00:00:00-05:00
110.50440669900831,111.23337554436081,109.59978577798643,110.08283233642578,8072600,2020-12-28 00:00:00-05:00
110.8381481366327,110.90841164706113,109.68761163133,109.79300689697266,8389200,2020-12-29 00:00:00-05:00
110.21457601246114,110.530755112864,109.69639769278253,110.10040283203125,7398000,2020-12-30 00:00:00-05:00
109.86327162037045,111.8306098498949,109.62614063146492,111.60225677490234,8580200,2020-12-31 00:00:00-05:00
111.97990845332896,112.29608755442943,109.59100266754638,110.54832458496094,16819900,2021-01-04 00:00:00-05:00
110.56601803585446,111.7248472199308,109.486806264693,111.14985656738281,13731200,2021-01-05 00:00:00-05:00
114.89169442823635,117.4481843750366,113.12249011062129,116.36897277832031,24909100,2021-01-06 00:00:00-05:00
120.0312388662017,122.24273633665892,119.35009386588625,120.19046020507812,21940400,2021-01-07 00:00:00-05:00
120.27889510876854,120.61504695866397,118.6423819950108,120.32312774658203,12035100,2021-01-08 00:00:00-05:00
119.04934426604656,122.25158857488871,118.63358162399228,122.11890411376953,15937900,2021-01-11 00:00:00-05:00
123.34849647129974,125.31230748638666,122.80889049872341,124.03848266601562,18033500,2021-01-12 00:00:00-05:00
122.59656251495366,124.54267746209823,122.16311767775332,124.1534652709961,14816800,2021-01-13 00:00:00-05:00
124.27733193756218,126.27652103658164,123.84387352099074,124.87885284423828,18565600,2021-01-14 00:00:00-05:00
121.57039197086941,125.30339953733808,121.1988621393414,122.64076232910156,27881000,2021-01-15 00:00:00-05:00
123.7199844797194,124.46304420682738,121.9154089284706,122.1100082397461,19843800,2021-01-19 00:00:00-05:00
121.91542879518516,122.22503031631156,119.81007906072952,120.27891540527344,16028800,2021-01-20 00:00:00-05:00
120.0312329270332,120.4469955107399,118.8193366925185,119.27047729492188,13411700,2021-01-21 00:00:00-05:00
117.37743601590796,118.89009265102118,116.9439776741862,118.3504867553711,12933200,2021-01-22 00:00:00-05:00
116.89091811151702,117.80205405462182,115.05095046486464,116.87322235107422,14212800,2021-01-25 00:00:00-05:00
117.4305098456761,117.80203978250096,116.18322209482281,116.3955307006836,11307800,2021-01-26 00:00:00-05:00
114.63518036063316,114.86518473767035,112.65368050433929,113.10482788085938,17603900,2021-01-27 00:00:00-05:00
114.90941258434657,116.9174562315257,114.10443769753147,115.09518432617188,13761800,2021-01-28 00:00:00-05:00
116.05054332548822,116.5193797090131,113.3967463630866,113.82135009765625,14808100,2021-01-29 00:00:00-05:00
114.46709217939566,115.05978532013303,113.65326281172365,114.66170501708984,11080700,2021-02-01 00:00:00-05:00
116.7139902607565,118.88125503766152,116.07707792252765,118.19126892089844,12253600,2021-02-02 00:00:00-05:00
118.22666597400797,120.09317064110282,118.10282263818746,119.54472351074219,10600800,2021-02-03 00:00:00-05:00
119.83664527036768,122.65851865589761,119.83664527036768,122.29582977294922,12419500,2021-02-04 00:00:00-05:00
123.30423342140725,123.39269870575656,121.52619458840722,122.05694580078125,10051300,2021-02-05 00:00:00-05:00
122.251557961836,124.10922093979032,122.2338622054811,123.96768188476562,10136400,2021-02-08 00:00:00-05:00
123.33962261808657,123.8261547303011,122.55233010846979,123.47232055664062,8614800,2021-02-09 00:00:00-05:00
123.84385886745831,124.61345567108935,122.99463789614416,123.54309844970703,10323200,2021-02-10 00:00:00-05:00
123.54306732082185,124.33035968533336,122.26924293376818,123.19807434082031,9201000,2021-02-11 00:00:00-05:00
123.0034702310388,125.26804108022324,122.95923758987831,124.9495849609375,8324600,2021-02-12 00:00:00-05:00
126.98419403436165,128.54993810400677,125.96689704648293,127.95724487304688,12130600,2021-02-16 00:00:00-05:00
127.33801924615241,128.60300279429336,126.60380048006807,128.35531616210938,10810100,2021-02-17 00:00:00-05:00
127.38223314725974,128.96565913410836,126.85146844331665,128.7887420654297,10587800,2021-02-18 00:00:00-05:00
129.02763235056318,131.6637340338911,129.02763235056318,130.93836975097656,11969800,2021-02-19 00:00:00-05:00
129.92104924074323,132.85792436425152,129.85027970184925,132.16793823242188,11488400,2021-02-22 00:00:00-05:00
134.02554935514723,134.7332310420659,132.32712140528574,133.2294158935547,16234400,2021-02-23 00:00:00-05:00
132.7871275535593,136.0159078022535,132.7871275535593,135.5736083984375,15061400,2021-02-24 00:00:00-05:00
136.46706317908277,137.02435125481222,133.21173251597094,133.733642578125,18127700,2021-02-25 00:00:00-05:00
132.9551998792817,133.45941416704,129.60256293049372,130.1864013671875,19829200,2021-02-26 00:00:00-05:00
132.26523792730686,133.9105925035734,131.34524746643274,133.13214111328125,14845500,2021-03-01 00:00:00-05:00
132.76062836428483,134.2644440646608,132.54831973092533,132.69869995117188,14221700,2021-03-02 00:00:00-05:00
133.7778594543002,137.09510462474537,133.41518424073945,135.2639923095703,14324100,2021-03-03 00:00:00-05:00
134.998657133039,136.56440117960418,131.46910218004555,133.1852264404297,20093900,2021-03-04 00:00:00-05:00
135.538248631561,135.7770941211892,130.8941042662916,133.4948272705078,18465100,2021-03-05 00:00:00-05:00
134.87476671657325,137.51972172505407,133.35325585189665,135.2639923095703,17133300,2021-03-08 00:00:00-05:00
134.01673552367254,136.44938253812862,132.5306158265644,134.30865478515625,16238800,2021-03-09 00:00:00-05:00
134.37941949763726,138.13896474875366,134.02557184584634,137.2278289794922,14342200,2021-03-10 00:00:00-05:00
136.3255350572889,138.13011084824282,135.66208589183546,136.5113067626953,11771500,2021-03-11 00:00:00-05:00
138.75818284722513,139.43932777401042,137.17475676839,138.13011169433594,12849500,2021-03-12 00:00:00-05:00
138.30702578290973,138.81124007272078,136.19283522134114,137.4401092529297,12101100,2021-03-15 00:00:00-04:00
136.30785357399216,136.7590076924054,134.62712091133724,135.79478454589844,12805600,2021-03-16 00:00:00-04:00
137.41362414536968,138.7759143498335,135.38789809841137,137.19247436523438,13952400,2021-03-17 00:00:00-04:00
139.41281209696447,143.03081887900163,138.97935371435443,139.45703125,21898500,2021-03-18 00:00:00-04:00
137.56399166095372,137.94437626654107,133.74253083235064,137.2366943359375,54418800,2021-03-19 00:00:00-04:00
135.16669950581783,136.20167848334194,133.2294259717702,133.54788208007812,19944800,2021-03-22 00:00:00-04:00
132.98175493069473,134.56518103063993,131.76985875088346,132.212158203125,17076300,2021-03-23 00:00:00-04:00
132.68984945039182,135.50286777974355,132.56600613082117,133.23829650878906,13079800,2021-03-24 00:00:00-04:00
132.68985689146615,135.31711713775,132.0971771504335,134.94558715820312,15608300,2021-03-25 00:00:00-04:00
136.49364699908784,137.51093058854568,134.94559853814076,137.19247436523438,16754400,2021-03-26 00:00:00-04:00
134.5651888780552,135.98939373724446,133.60982038575042,135.06056213378906,17570300,2021-03-29 00:00:00-04:00
136.63518028566565,137.88245473415935,136.12211119782742,136.65286254882812,13184300,2021-03-30 00:00:00-04:00
135.59130705339393,136.66167757259564,134.56516917510098,134.6624755859375,16736700,2021-03-31 00:00:00-04:00
134.37057477132078,136.04246624274225,134.0609732383368,135.97171020507812,16561500,2021-04-01 00:00:00-04:00
137.38649372872118,137.86699815555494,135.78484851236016,136.69244384765625,13508000,2021-04-05 00:00:00-04:00
135.9539128240512,137.27973313838046,135.12639696093188,135.73146057128906,13071600,2021-04-06 00:00:00-04:00
136.22976991987025,138.1250539489005,135.829344988577,137.8581085205078,16903500,2021-04-07 00:00:00-04:00
137.0305335146446,138.3741397021505,135.5267547082358,138.02711486816406,12335500,2021-04-08 00:00:00-04:00
138.64114535143966,139.73560667687073,137.89370901101884,139.05935668945312,12122400,2021-04-09 00:00:00-04:00
138.43646110876384,139.9224402439097,138.42756790822,138.76568603515625,12273400,2021-04-12 00:00:00-04:00
137.69794922325642,138.09836057659842,135.6335857290538,137.1106719970703,16113600,2021-04-13 00:00:00-04:00
134.77938013695902,136.87933007306924,134.29887563859845,134.54803466796875,19939600,2021-04-14 00:00:00-04:00
134.5836446024728,135.42896064647715,132.8663193240416,135.4022674560547,17694100,2021-04-15 00:00:00-04:00
136.91491420086862,137.48439144986435,135.86494603885495,136.40773010253906,13773400,2021-04-16 00:00:00-04:00
136.51448713578375,136.92380522581166,135.44671911395525,135.82933044433594,11900200,2021-04-19 00:00:00-04:00
135.01962190832126,135.02851511041231,132.27010179251494,132.82179260253906,13716700,2021-04-20 00:00:00-04:00
131.50482352817488,134.01409061232425,130.6150148164743,133.95179748535156,12236700,2021-04-21 00:00:00-04:00
133.6759880455333,133.73828118606122,131.03325451052095,131.13113403320312,15256100,2021-04-22 00:00:00-04:00
130.96204778174226,134.4768032725598,130.52605017554475,133.640380859375,14041900,2021-04-23 00:00:00-04:00
134.16540934848416,135.66029563363563,133.80949115447174,133.9696502685547,10799100,2021-04-26 00:00:00-04:00
133.91624619665225,134.86834828477384,133.5692212512655,134.58360290527344,12821200,2021-04-27 00:00:00-04:00
135.633555977677,136.04287402119434,134.71705395182013,135.45559692382812,8943700,2021-04-28 00:00:00-04:00
136.6212390758566,138.1695112972306,136.31870733823104,138.0894317626953,12976900,2021-04-29 00:00:00-04:00
137.11957871461993,137.46660369767952,136.1496765406358,136.8615264892578,11705100,2021-04-30 00:00:00-04:00
137.78694101819863,138.34751150412657,136.2564683194128,136.46112060546875,11801100,2021-05-03 00:00:00-04:00
136.0251015594525,138.4898763649516,135.37554477167117,138.34750366210938,12977700,2021-05-04 00:00:00-04:00
138.81017600013018,140.8389390247089,137.59114226079612,140.16268920898438,10506700,2021-05-05 00:00:00-04:00
140.65210339702773,143.09907794260658,139.84237401609494,142.9833984375,13542400,2021-05-06 00:00:00-04:00
139.8957579581598,143.7041390079043,139.71779889158796,143.47279357910156,14257800,2021-05-07 00:00:00-04:00
143.70413196874344,145.68840193976516,143.36600025463534,143.45498657226562,14014300,2021-05-10 00:00:00-04:00
143.33040395065734,144.4960513129199,140.62537757988474,141.07028198242188,15451700,2021-05-11 00:00:00-04:00
142.02242417186227,143.06349913956373,139.72671517485054,140.10043334960938,14381700,2021-05-12 00:00:00-04:00
140.7499750683678,144.54946313714376,140.30507058744251,143.7041473388672,15395000,2021-05-13 00:00:00-04:00
144.49608998866702,146.32909444535633,144.14017180233438,145.9375762939453,10584000,2021-05-14 00:00:00-04:00
145.36808693331238,146.68501398327942,145.06555514240404,146.52484130859375,9886800,2021-05-17 00:00:00-04:00
146.53372251646132,147.26337232853717,144.36260021464494,144.46047973632812,11098100,2021-05-18 00:00:00-04:00
143.25922192583135,143.41938099840758,141.15927253959873,143.3571014404297,13278900,2021-05-19 00:00:00-04:00
143.10794067382812,144.02444258593138,141.94229340177856,143.10794067382812,10426000,2021-05-20 00:00:00-04:00
143.56175865028527,145.23460365694095,143.20584053616548,144.73631286621094,10249000,2021-05-21 00:00:00-04:00
145.35918905240842,146.13331848581586,144.25582107840367,145.51934814453125,9440300,2021-05-24 00:00:00-04:00
145.79519706475324,147.44133542134566,143.75752703332265,144.0155792236328,12609100,2021-05-25 00:00:00-04:00
145.54605997373844,145.69732586959242,143.53508300876896,143.99778747558594,13058300,2021-05-26 00:00:00-04:00
145.8841653421321,146.5960151722586,144.65623830200525,146.24009704589844,15707500,2021-05-27 00:00:00-04:00
146.53373170673237,146.7650907238064,145.2702046241077,146.14222717285156,10291300,2021-05-28 00:00:00-04:00
147.59263491476457,148.5180440062066,147.24560989982623,147.7528076171875,9445400,2021-06-01 00:00:00-04:00
148.82941026661337,148.98958290576957,147.29004489324623,147.7616424560547,10498600,2021-06-02 00:00:00-04:00
147.18330816154628,148.82055344308972,146.515951419649,147.85955810546875,13354400,2021-06-03 00:00:00-04:00
147.8951707147063,148.30447528138743,146.84518895742008,148.09982299804688,8510800,2021-06-04 00:00:00-04:00
148.598087134076,148.68707345553798,146.94304202769,147.40574645996094,7267200,2021-06-07 00:00:00-04:00
146.3646837541664,147.49473138107268,145.18123618353044,146.8184814453125,10370700,2021-06-08 00:00:00-04:00
146.0532262946167,146.12441263297703,144.39818126560513,144.98545837402344,12377400,2021-06-09 00:00:00-04:00
146.24902227773916,147.0320586201159,142.64529275509437,142.72537231445312,12119400,2021-06-10 00:00:00-04:00
142.75204463486938,143.43720133429977,141.53301070700815,142.62747192382812,13683800,2021-06-11 00:00:00-04:00
142.50286316217762,142.66303579437115,139.39743937347654,140.20716857910156,19917900,2021-06-14 00:00:00-04:00
139.43303378368586,139.6287928024233,137.14623226829576,138.0805206298828,24485500,2021-06-15 00:00:00-04:00
137.6801321984925,140.25167946797606,136.23864607392724,139.05044555664062,25321200,2021-06-16 00:00:00-04:00
139.7889893309087,140.1093210910895,134.58360162232225,135.0373992919922,29722400,2021-06-17 00:00:00-04:00
132.84845438472044,133.2043724679428,131.3001822101537,131.62051391601562,43595700,2021-06-18 00:00:00-04:00
132.6526939115442,134.53908417127158,132.59930755738654,133.8539276123047,18664800,2021-06-21 00:00:00-04:00
134.0052127604221,134.3344376766877,132.27898148963655,133.65818786621094,14251200,2021-06-22 00:00:00-04:00
133.6493034094403,135.28654864134094,133.55142388050018,134.46792602539062,12733300,2021-06-23 00:00:00-04:00
135.17975847024215,136.24752637166097,134.55689499253162,135.70474243164062,13733200,2021-06-24 00:00:00-04:00
135.775946184266,137.47548455940333,134.95732356892927,137.0750732421875,15484900,2021-06-25 00:00:00-04:00
136.76364995560715,137.45769993697107,135.35775000998552,137.32423400878906,14125800,2021-06-28 00:00:00-04:00
137.92040295320035,139.08605063803233,136.68356891497444,137.15516662597656,14528700,2021-06-29 00:00:00-04:00
136.8080966842593,138.8813527218361,136.77251030796026,138.40084838867188,12531000,2021-06-30 00:00:00-04:00
139.04152940725274,139.82456555913706,138.29409321358452,139.77117919921875,10479400,2021-07-01 00:00:00-04:00
139.56533581879384,139.89647158916992,138.8225369310208,139.63693237304688,11424000,2021-07-02 00:00:00-04:00
139.41321634861913,139.41321634861913,136.34359049979406,137.29222106933594,15083400,2021-07-06 00:00:00-04:00
136.03927644555347,138.07078588515162,135.62761335114325,137.45327758789062,12271800,2021-07-07 00:00:00-04:00
135.68131660210292,136.504656502713,134.27625981186898,135.0817108154297,17834600,2021-07-08 00:00:00-04:00
136.97003791636607,139.74433295116586,136.54941665705988,139.40426635742188,13694500,2021-07-09 00:00:00-04:00
138.1334805124015,142.4381237113082,137.76655320025083,141.39999389648438,19940400,2021-07-12 00:00:00-04:00
139.65484253197405,140.85405415582431,137.37275174258025,139.29685974121094,22671700,2021-07-13 00:00:00-04:00
139.56530850804393,140.75557538524697,136.88049969933908,138.822509765625,14622800,2021-07-14 00:00:00-04:00
137.7307488878345,140.0844367140476,137.55176428387665,139.12686157226562,11539300,2021-07-15 00:00:00-04:00
139.57430958153876,139.86068217503228,135.1533208638646,135.94981384277344,14002700,2021-07-16 00:00:00-04:00
132.94282521878662,134.0793984436425,130.40120873266216,131.52882385253906,22172900,2021-07-19 00:00:00-04:00
131.12609231558446,135.24279178711066,130.95605220539107,133.98094177246094,15385200,2021-07-20 00:00:00-04:00
136.0751066233586,137.50699692538285,135.457598212308,136.8000030517578,12356700,2021-07-21 00:00:00-04:00
136.81789093491415,137.31905316966308,134.21362254829376,135.07275390625,9913300,2021-07-22 00:00:00-04:00
135.56499114063305,136.7821054520513,134.46422295598927,134.81324768066406,9666100,2021-07-23 00:00:00-04:00
134.41048741843957,135.99452852055626,134.39258486854797,135.7170867919922,8208000,2021-07-26 00:00:00-04:00
134.59841534119988,136.46884260432486,134.06146174946633,135.53810119628906,11218700,2021-07-27 00:00:00-04:00
136.2898959409679,136.71947536352565,135.02804564719685,135.7618865966797,9217300,2021-07-28 00:00:00-04:00
137.05059881302455,137.70389874765246,135.94983055085564,136.92530822753906,9063500,2021-07-29 00:00:00-04:00
136.54940219285166,137.52487962465932,135.31438554905904,135.8334503173828,9805200,2021-07-30 00:00:00-04:00
136.05716714092344,138.22291138874724,135.19803592401777,135.2875213623047,10203200,2021-08-02 00:00:00-04:00
135.9856310824823,137.21170366759847,133.81094142023454,136.82687377929688,10394800,2021-08-03 00:00:00-04:00
135.35916417675537,137.25642544697885,135.05488900240806,135.3502197265625,10155000,2021-08-04 00:00:00-04:00
136.2809341224037,137.54279791100782,136.0392974349662,137.0595245361328,9151500,2021-08-05 00:00:00-04:00
138.8852132851642,141.23890091545053,138.81361671841097,140.9525146484375,13328800,2021-08-06 00:00:00-04:00
140.97037883792242,141.8921621935712,139.52057265312976,140.8003387451172,9516900,2021-08-09 00:00:00-04:00
140.27235765065342,143.17194328937342,139.88752783901163,142.527587890625,8667000,2021-08-10 00:00:00-04:00
143.1898215660956,144.5322261432777,142.366481730768,144.2279510498047,9156500,2021-08-11 00:00:00-04:00
144.87231796504997,145.31082808917265,143.6820508390875,144.79176330566406,8844200,2021-08-12 00:00:00-04:00
144.7917688992858,145.12290468686192,142.8050224520649,143.17193603515625,8980900,2021-08-13 00:00:00-04:00
142.24121213310073,142.3217531422392,140.30814597989212,142.2322540283203,8755800,2021-08-16 00:00:00-04:00
141.01513765580847,142.16959962422604,138.95678116741252,140.5139617919922,9347200,2021-08-17 00:00:00-04:00
139.88750690362875,141.4088960568992,139.01941750066672,139.2342071533203,8065500,2021-08-18 00:00:00-04:00
137.06846113281264,139.21630301224346,136.9342124805697,138.07078552246094,9517700,2021-08-19 00:00:00-04:00
138.13344697401484,138.62565109861626,137.0684704101092,138.46456909179688,6974100,2021-08-20 00:00:00-04:00
139.0105285333412,140.5856123144973,138.92998750231843,140.23658752441406,7934600,2021-08-23 00:00:00-04:00
140.50506931102024,141.89222400031656,140.3887231640754,141.10467529296875,7670900,2021-08-24 00:00:00-04:00
141.8563832966944,144.78282954949546,141.2209860127421,144.01318359375,11335000,2021-08-25 00:00:00-04:00
145.2123788454839,146.6174355820354,144.218998871332,144.75596618652344,11027500,2021-08-26 00:00:00-04:00
144.75596772586024,146.01783137102655,144.31744395860244,145.9193878173828,8780200,2021-08-27 00:00:00-04:00
146.06258063807542,146.31316174583378,143.08244068975668,143.58360290527344,7937600,2021-08-30 00:00:00-04:00
143.58360433717974,144.41588867003878,142.60812689684613,143.14508056640625,12340800,2021-08-31 00:00:00-04:00
143.3867536109833,143.87001340177343,142.26808277932582,142.9392852783203,8729900,2021-09-01 00:00:00-04:00
143.20775769588195,144.63070360398407,142.67973472675868,143.60153198242188,8813300,2021-09-02 00:00:00-04:00
143.5388663521529,143.9863346073383,142.42914016325997,142.73342895507812,7959700,2021-09-03 00:00:00-04:00
143.18089851308284,144.42485972759135,142.25911499146525,142.48284912109375,9285600,2021-09-07 00:00:00-04:00
142.19648263021298,142.81399109865737,141.4357810215628,141.8474578857422,7852700,2021-09-08 00:00:00-04:00
141.641595409479,143.93263053082376,141.47155529950248,142.46493530273438,7904300,2021-09-09 00:00:00-04:00
143.6909879986026,143.83418110175086,140.70190366252396,140.8271942138672,8311600,2021-09-10 00:00:00-04:00
141.87427753364636,143.2345847919822,141.4626144045012,143.06454467773438,10052800,2021-09-13 00:00:00-04:00
143.5925486010396,144.38904148382983,139.84276274470093,140.5676727294922,11685600,2021-09-14 00:00:00-04:00
140.2544563056494,142.01748239025287,140.03072216958955,141.5431671142578,11691500,2021-09-15 00:00:00-04:00
142.66185270170308,143.9505636449726,140.70193928011815,141.48052978515625,10880900,2021-09-16 00:00:00-04:00
140.845131619289,142.30386904469827,140.5050513290669,141.1136016845703,25581600,2021-09-17 00:00:00-04:00
137.72176490536737,138.3213706671224,134.67898654453515,136.8894805908203,15819900,2021-09-20 00:00:00-04:00
137.39958163281923,138.31242056601877,136.54939480106808,136.90736389160156,8999900,2021-09-21 00:00:00-04:00
138.89414533598293,140.72876793526694,138.80465987726637,139.52955627441406,11236200,2021-09-22 00:00:00-04:00
141.39998818527758,144.72020910621504,141.10465745735192,144.24588012695312,12336100,2021-09-23 00:00:00-04:00
144.47852569110427,146.4026333701888,143.92366952712814,145.91041564941406,10102400,2021-09-24 00:00:00-04:00
147.6645224738173,149.81236461117754,147.31549778510507,149.43649291992188,13220900,2021-09-27 00:00:00-04:00
150.08085052072073,151.51275440398723,148.25518604242103,148.6310577392578,13387900,2021-09-28 00:00:00-04:00
148.7474017023156,149.36489641669158,147.70031398014305,148.51470947265625,7777100,2021-09-29 00:00:00-04:00
149.38282915609153,149.4454812784745,145.68673629369786,146.4921875,13161200,2021-09-30 00:00:00-04:00
146.76958416628383,150.6178137993341,146.41161503301515,149.57073974609375,11285000,2021-10-01 00:00:00-04:00
149.4275705249703,152.53300173020202,148.31784418534954,149.40966796875,14120000,2021-10-04 00:00:00-04:00
150.5440584292182,153.1820165110859,150.05787294584516,151.8495330810547,12292900,2021-10-05 00:00:00-04:00
151.24632220965512,152.24568826999482,149.45466197883073,152.1736602783203,8692600,2021-10-06 00:00:00-04:00
154.1364054649048,154.41550540787375,152.6418552190104,153.1370391845703,10195400,2021-10-07 00:00:00-04:00
153.07401096129482,154.26243864518432,152.42577268355993,153.2540740966797,8190100,2021-10-08 00:00:00-04:00
153.7762415787695,154.21739412740064,149.86881585639287,150.03086853027344,12154700,2021-10-11 00:00:00-04:00
149.22957635175604,150.07588806277064,148.34725751466897,148.87844848632812,13032600,2021-10-12 00:00:00-04:00
147.71702020087784,148.92345804616994,144.59287674056355,144.9530029296875,22753500,2021-10-13 00:00:00-04:00
145.62826658682724,147.66300589147187,144.10670784760313,147.1768341064453,15176800,2021-10-14 00:00:00-04:00
148.86946568059687,150.50805797767742,147.78006110657725,150.00387573242188,14267400,2021-10-15 00:00:00-04:00
149.88679946415567,151.80450503191824,149.3736189704041,149.9498291015625,12672900,2021-10-18 00:00:00-04:00
150.71511159477797,151.84052316205657,149.97684875036896,151.7685089111328,8053900,2021-10-19 00:00:00-04:00
151.52541042717715,153.83924937814297,150.76913717971286,153.81224060058594,8185600,2021-10-20 00:00:00-04:00
153.74024507162713,154.25343942942214,151.86755825069275,152.6058349609375,8415200,2021-10-21 00:00:00-04:00
153.08297792417184,154.93765394046346,152.7858676296299,154.65855407714844,8817900,2021-10-22 00:00:00-04:00
155.49588473544569,155.72096706809978,153.48814043685772,153.9022979736328,10159200,2021-10-25 00:00:00-04:00
153.9563257653654,155.29782150277916,153.54216820107072,154.3164520263672,8015100,2021-10-26 00:00:00-04:00
153.34410473777933,153.68622055623746,150.66111332657445,151.10227966308594,9847000,2021-10-27 00:00:00-04:00
151.5254504684559,153.51517087659613,151.21934174996312,153.380126953125,7212900,2021-10-28 00:00:00-04:00
154.11837378982656,155.07273445463179,152.50679027447964,152.9569549560547,8140100,2021-10-29 00:00:00-04:00
154.89265979601123,155.15376300828473,152.16466288587773,152.8759307861328,7435500,2021-11-01 00:00:00-04:00
152.8759070369293,154.57752874363607,152.08361291302472,153.4791259765625,7173800,2021-11-02 00:00:00-04:00
153.17304633995892,154.0733757465528,152.2907136301826,153.53317260742188,8402700,2021-11-03 00:00:00-04:00
153.05600308566838,153.23606622406413,149.89585173232155,151.5164337158203,9574200,2021-11-04 00:00:00-04:00
152.06562572882018,153.13701988163567,150.7241437542327,151.30035400390625,7975600,2021-11-05 00:00:00-04:00
152.20068793094728,153.88429951406158,151.92158801480923,152.20968627929688,6413700,2021-11-08 00:00:00-05:00
150.67011596633395,151.67848040035724,149.99486898185012,151.0572509765625,7990300,2021-11-09 00:00:00-05:00
150.7601079300706,152.11060160589315,150.4359888983559,150.9131622314453,6999200,2021-11-10 00:00:00-05:00
150.8231789765712,151.86755059848315,150.26496542882586,150.90420532226562,5815300,2021-11-11 00:00:00-05:00
150.940196951262,151.02123702656985,149.20256805056079,150.22894287109375,8113400,2021-11-12 00:00:00-05:00
150.54405401936498,151.06623287445632,149.45464962499804,149.95883178710938,6492500,2021-11-15 00:00:00-05:00
150.40900549619514,150.41801758116407,148.66236451609,148.87844848632812,9706100,2021-11-16 00:00:00-05:00
148.743412335762,149.05851935358973,147.10480638649142,148.07716369628906,9909600,2021-11-17 00:00:00-05:00
148.00511334112755,148.41927080859136,146.35750929328196,146.79867553710938,8122500,2021-11-18 00:00:00-05:00
145.22312625170755,145.95239082386934,143.55751146649848,144.88099670410156,12193600,2021-11-19 00:00:00-05:00
147.7980666982759,149.43665894167265,146.74468302653472,147.96913146972656,14549900,2021-11-22 00:00:00-05:00
149.0045013790761,151.7595068802208,148.88745417218593,151.50741577148438,12354400,2021-11-23 00:00:00-05:00
151.6695097182349,152.5518287589451,149.8508403283347,150.3190155029297,9629800,2021-11-24 00:00:00-05:00
145.9793889142002,146.43855190135795,142.99030284823365,145.79031372070312,13619300,2021-11-26 00:00:00-05:00
147.0328127963712,148.3562982995568,143.8906715407024,145.16012573242188,12104400,2021-11-29 00:00:00-05:00
143.29640840022427,144.61989351221192,142.51311260178335,142.99929809570312,18922600,2021-11-30 00:00:00-05:00
144.9529935745702,146.9967445976775,142.07194303371804,142.15296936035156,12253400,2021-12-01 00:00:00-05:00
143.89963103632937,146.978755537475,142.97229297332063,145.14208984375,12969900,2021-12-02 00:00:00-05:00
145.40317016321958,145.7002804566872,141.52275339284643,142.5131072998047,12681800,2021-12-03 00:00:00-05:00
144.96201850348888,146.40255090704522,143.56651905134166,144.19674682617188,11186500,2021-12-06 00:00:00-05:00
145.74530199742017,147.10479420631012,145.09706384456211,146.3665313720703,9851600,2021-12-07 00:00:00-05:00
146.44759529014812,146.99679681787634,144.2057699580239,144.69195556640625,11705700,2021-12-08 00:00:00-05:00
143.73756439299652,144.88998477505703,142.83723511089087,144.4668426513672,11189600,2021-12-09 00:00:00-05:00
145.24116505914304,145.58328093564822,143.26944120822017,143.8906707763672,10405400,2021-12-10 00:00:00-05:00
143.60251453097243,143.86360396724686,141.6037825086853,142.17999267578125,12069000,2021-12-13 00:00:00-05:00
141.75684877739045,144.85398383824779,141.62180487447787,143.2694091796875,12563600,2021-12-14 00:00:00-05:00
143.9176610268092,143.9176610268092,141.66683751208237,142.19802856445312,14014200,2021-12-15 00:00:00-05:00
144.40378827687533,145.6912660735195,142.8822298526287,144.4217987060547,19542800,2021-12-16 00:00:00-05:00
143.4404902382687,143.49450780556813,139.71311323936482,141.13563537597656,28082000,2021-12-17 00:00:00-05:00
139.10986018940912,139.2809249360233,136.7059828663048,138.5966796875,15148000,2021-12-20 00:00:00-05:00
139.9201618989691,141.51373466466325,139.63204996564147,140.53237915039062,11291300,2021-12-21 00:00:00-05:00
140.22632421606875,141.4057537016137,139.7671611016932,141.08163452148438,7273000,2021-12-22 00:00:00-05:00
141.90092096424684,143.26041344785324,141.5407946900802,141.58580017089844,8055200,2021-12-23 00:00:00-05:00
141.8919206333093,142.43211003701234,140.75749678345343,142.39610290527344,6188100,2021-12-27 00:00:00-05:00
142.43209995953023,144.18773943873754,142.32406483402073,142.8282470703125,6342300,2021-12-28 00:00:00-05:00
143.01731351504574,143.7195692637006,142.38707202036107,142.75621032714844,6398900,2021-12-29 00:00:00-05:00
143.25138539923785,144.2687618328362,142.58513681843115,142.68417358398438,6948200,2021-12-30 00:00:00-05:00
142.65716335186605,143.41343660587296,142.21601082266224,142.567138671875,5805900,2021-12-31 00:00:00-05:00
143.92663417466127,146.4295483857598,143.61151344260037,145.58323669433594,13120900,2022-01-03 00:00:00-05:00
147.93311643726375,151.77752668990416,147.86108843918416,151.10227966308594,20195800,2022-01-04 00:00:00-05:00
151.99893862470245,152.4880245666312,148.29450891116423,148.3397979736328,17539400,2022-01-05 00:00:00-05:00
151.17474545928786,151.59137172259832,148.42133039794152,149.91578674316406,14047500,2022-01-06 00:00:00-05:00
150.05163204245767,151.73628303701256,149.499138602838,151.4011688232422,13913300,2022-01-07 00:00:00-05:00
153.1311174675123,153.34848288526294,149.92483935285594,151.5460968017578,12922500,2022-01-10 00:00:00-05:00
152.3974417480769,152.63293933754792,150.6312789284496,151.70004272460938,11854100,2022-01-11 00:00:00-05:00
152.57861948967127,153.602080548675,151.41927740802055,152.5605010986328,12568000,2022-01-12 00:00:00-05:00
152.46994598708932,153.80136461366268,152.0623719590186,152.3703155517578,13623400,2022-01-13 00:00:00-05:00
145.6045415118175,145.84909145982235,142.108437765175,143.00511169433594,40158400,2022-01-14 00:00:00-05:00
141.09400537091457,141.09400537091457,136.34799581262993,137.00918579101562,32324800,2022-01-18 00:00:00-05:00
137.28090048550777,137.87866915964918,134.54560401549648,134.8897705078125,22380000,2022-01-19 00:00:00-05:00
134.9441345650549,136.41140640228232,133.46779662198367,133.73951721191406,14860800,2022-01-20 00:00:00-05:00
133.59459591923107,133.60364820466944,130.6691045697977,131.40274047851562,20705400,2022-01-21 00:00:00-05:00
128.86671648192421,131.76503741958334,126.41220633639274,131.28500366210938,28471400,2022-01-24 00:00:00-05:00
130.10752359042263,133.00585760647542,127.51714689226499,132.7160186767578,18915900,2022-01-25 00:00:00-05:00
134.69955908143967,136.3751575510209,132.19976053325192,133.9749755859375,20709100,2022-01-26 00:00:00-05:00
135.3335881799327,136.20309129100605,130.5423033343082,131.61105346679688,17536800,2022-01-27 00:00:00-05:00
130.59662751581453,132.9243360310003,128.76705721909346,132.78848266601562,14117000,2022-01-28 00:00:00-05:00
131.90992646171335,134.76295766867196,131.0313711868785,134.59088134765625,13985700,2022-01-31 00:00:00-05:00
134.67240391142664,137.19032113741014,134.31917131699825,136.90048217773438,14584900,2022-02-01 00:00:00-05:00
136.31176980375858,136.7102914748952,134.11086214763958,135.8045654296875,12441100,2022-02-02 00:00:00-05:00
135.8588887270999,137.35333097498565,134.31009131468738,134.6814422607422,12474900,2022-02-03 00:00:00-05:00
135.04374716408364,139.0289358894806,134.74485593663667,138.17755126953125,16654400,2022-02-04 00:00:00-05:00
138.82063829913594,139.13763413073667,136.62878287321362,138.63949584960938,12572300,2022-02-07 00:00:00-05:00
140.3875487887437,143.5394718209018,140.2064063285569,141.24798583984375,20411400,2022-02-08 00:00:00-05:00
141.82760381863355,142.58841019583267,141.13020488300734,141.836669921875,9131100,2022-02-09 00:00:00-05:00
141.8910574668332,144.03762395162832,140.5868096410343,141.24798583984375,16455600,2022-02-10 00:00:00-05:00
140.9399958687039,143.27677015045856,138.54888024881436,139.40931701660156,16830000,2022-02-11 00:00:00-05:00
138.33151637755998,139.19195324052455,136.14872740611025,138.11415100097656,17026500,2022-02-14 00:00:00-05:00
139.94371785262393,141.23891320591656,139.34594920215534,140.13392639160156,9500000,2022-02-15 00:00:00-05:00
139.24631770172218,141.3838315759485,139.24631770172218,140.3875274658203,9076500,2022-02-16 00:00:00-05:00
138.57607972337283,139.23725584191646,136.46573645869415,137.15408325195312,11367500,2022-02-17 00:00:00-05:00
137.78811263151658,139.60861707250427,136.88238655376054,137.7971649169922,11733300,2022-02-18 00:00:00-05:00
136.40233502794334,138.79345100819685,136.2302448843944,137.55259704589844,11333500,2022-02-22 00:00:00-05:00
138.68476883944018,138.84780671555845,134.0202851937096,134.6724090576172,11799000,2022-02-23 00:00:00-05:00
129.4644946182167,131.32123593995007,126.60239674414953,130.92271423339844,25655100,2022-02-24 00:00:00-05:00
131.55671805383773,135.97666591249188,131.24877449195674,134.02029418945312,18367700,2022-02-25 00:00:00-05:00
130.0169508072347,131.38459188937176,127.59866440384116,128.4319305419922,31315300,2022-02-28 00:00:00-05:00
126.83786440041379,127.23638605618756,120.98688211328333,123.58631134033203,36840400,2022-03-01 00:00:00-05:00
124.34709853041261,126.83784467129084,123.73121157294801,126.14949798583984,19405600,2022-03-02 00:00:00-05:00
126.65673158016857,127.68925875749613,124.13881418597886,125.25285339355469,16640800,2022-03-03 00:00:00-05:00
122.21867591928329,122.6534205554575,119.91812400311733,121.72957611083984,21016000,2022-03-04 00:00:00-05:00
119.70980320775094,120.18078459525098,116.79336439562074,117.02886199951172,27560100,2022-03-07 00:00:00-05:00
117.4183281352932,119.36563367382159,115.27175484394887,116.20465850830078,19207800,2022-03-08 00:00:00-05:00
120.37097713605539,122.49038643129904,119.95435092488252,120.86007690429688,17536200,2022-03-09 00:00:00-05:00
119.42903137207031,120.86913240074048,118.0342194076307,119.42903137207031,15604200,2022-03-10 00:00:00-05:00
119.99965605051455,121.43975723368114,116.31334418713007,116.7390365600586,20061800,2022-03-11 00:00:00-05:00
117.25531102168036,120.38911569615581,117.0469840609077,117.89836883544922,15786900,2022-03-14 00:00:00-04:00
119.37468305567327,120.95970346925697,118.76784832719213,119.99057006835938,15096600,2022-03-15 00:00:00-04:00
122.15528109107427,125.434019142824,121.75675937492801,125.35249328613281,20354900,2022-03-16 00:00:00-04:00
123.95764503444241,126.97371388653256,123.1062604922555,126.9374771118164,17050500,2022-03-17 00:00:00-04:00
126.97371629890766,127.5714987105596,125.4068143595295,126.89220428466797,23656500,2022-03-18 00:00:00-04:00
127.118623005277,127.48996008409244,125.6513377947832,126.48460388183594,12676100,2022-03-21 00:00:00-04:00
128.85764103509183,130.3611356817063,128.35948897433917,129.1746368408203,13548600,2022-03-22 00:00:00-04:00
127.68923188854842,128.2417252333338,126.07704091267244,126.60236358642578,12093200,2022-03-23 00:00:00-04:00
127.0733802121982,127.44473124648434,125.99556389430064,127.4266128540039,10017600,2022-03-24 00:00:00-04:00
127.78887990576449,129.68184395678463,127.52622544281904,128.54063415527344,8383500,2022-03-25 00:00:00-04:00
126.80163768504003,127.68019299462321,124.89960759165174,127.58961486816406,10818100,2022-03-28 00:00:00-04:00
129.83582170854714,130.06225319822352,127.01901342416176,127.8703842163086,11316500,2022-03-29 00:00:00-04:00
128.52252902483735,128.72178987395299,126.72014291731448,127.29074096679688,8771000,2022-03-30 00:00:00-04:00
126.64766779755745,127.11864918559685,123.41421935507813,123.46857452392578,17353900,2022-03-31 00:00:00-04:00
124.44675906951066,124.45582517537974,121.18615344209228,122.55379486083984,15721300,2022-04-01 00:00:00-04:00
121.47597918725077,124.03013340359544,120.36193996238805,123.09723663330078,17416400,2022-04-04 00:00:00-04:00
122.33078668753056,123.54431913163386,121.36358899404702,121.6646957397461,12110300,2022-04-05 00:00:00-04:00
120.05881605973313,120.95300305741235,119.49310790730492,119.97669982910156,12914700,2022-04-06 00:00:00-04:00
119.48396098022441,120.3690284922998,117.45834398585835,119.61170196533203,12994200,2022-04-07 00:00:00-04:00
120.1409127992433,122.1756490791147,119.9766803646245,121.80155944824219,13126900,2022-04-08 00:00:00-04:00
121.35448455810547,123.08811448270251,120.96214215560025,121.35448455810547,10466400,2022-04-11 00:00:00-04:00
120.5697700577985,122.79612494397738,119.25585478577662,120.02230072021484,12989900,2022-04-12 00:00:00-04:00
115.82508563855157,117.93281889759626,114.97651652779719,116.153564453125,30838000,2022-04-13 00:00:00-04:00
115.42359063544471,117.0659844329834,114.07317718398394,115.07686614990234,18835200,2022-04-14 00:00:00-04:00
114.66628368678744,117.92369976514571,114.54766904402372,117.21199798583984,11834400,2022-04-18 00:00:00-04:00
117.20285669075422,119.82156765056916,117.00211887717334,119.63906860351562,15015400,2022-04-19 00:00:00-04:00
120.91650284707407,121.81980916411331,119.83981685114937,120.05880737304688,13430200,2022-04-20 00:00:00-04:00
120.64277360755946,121.18110966839957,118.5806649770549,119.12812042236328,12174200,2022-04-21 00:00:00-04:00
118.87261761258293,119.09160810599046,115.59696313067283,115.70645141601562,14318800,2022-04-22 00:00:00-04:00
114.97651855182636,115.98932708769678,112.33044225956453,115.66996765136719,17149000,2022-04-25 00:00:00-04:00
113.72648398705482,115.3415061591888,112.11146877628332,112.24832916259766,17209500,2022-04-26 00:00:00-04:00
111.6187296881485,112.74102641482857,110.60592125010383,110.78840637207031,17215200,2022-04-27 00:00:00-04:00
112.05669898450658,112.82315182693868,110.5329266056911,112.54029083251953,13015600,2022-04-28 00:00:00-04:00
112.27571065122036,112.78667466824372,108.4890844101327,108.90880584716797,14874800,2022-04-29 00:00:00-04:00
109.38323773870452,110.14056414586064,107.8685918857528,109.90332794189453,18545000,2022-05-02 00:00:00-04:00
110.88876423830031,113.2976038075298,110.204434657011,112.2574234008789,15720900,2022-05-03 00:00:00-04:00
112.04759805758577,116.2448192895477,111.99284694180407,115.97108459472656,17128500,2022-05-04 00:00:00-04:00
114.28305001797143,115.05862221863555,111.46361523922091,113.06950378417969,15055400,2022-05-05 00:00:00-04:00
112.96002839592614,113.40712186313881,110.56943407156591,112.88703155517578,14417900,2022-05-06 00:00:00-04:00
111.41801318604242,112.531190742474,109.94898470076633,111.18990325927734,14312300,2022-05-09 00:00:00-04:00
112.3304385062324,112.94177136093853,107.2663959960867,108.47994232177734,16382400,2022-05-10 00:00:00-04:00
108.85404174624942,112.12969640875676,107.6131233939682,107.79560852050781,14630300,2022-05-11 00:00:00-04:00
106.75543059509987,107.9598505592568,105.26815658948051,107.7043685913086,16318800,2022-05-12 00:00:00-04:00
108.9544171676672,109.72086309858621,107.63137555639733,108.66242980957031,10443200,2022-05-13 00:00:00-04:00
108.16058755682371,109.00003029122387,106.96529394672433,107.90510559082031,10269000,2022-05-16 00:00:00-04:00
110.44166927866266,112.20267765440366,110.23180514707553,111.48184967041016,11160200,2022-05-17 00:00:00-04:00
110.67891757445244,111.29025038772608,109.06389571089534,109.57485961914062,12664900,2022-05-18 00:00:00-04:00
107.84123344917452,109.17339436678051,107.33026256362494,107.95072174072266,12765800,2022-05-19 00:00:00-04:00
109.00004078105394,109.19165227399658,104.94880646923177,107.06566619873047,13150100,2022-05-20 00:00:00-04:00
109.91247256477673,115.48747903630343,109.9033462196632,113.68997192382812,24376700,2022-05-23 00:00:00-04:00
113.47098872772477,116.32692215742304,112.33043923260158,115.29586791992188,19324900,2022-05-24 00:00:00-04:00
115.22287471346685,116.66453099147205,114.21006617296362,116.09881591796875,12780400,2022-05-25 00:00:00-04:00
117.12986127646452,118.79050795027085,116.9838815288635,118.1061782836914,15990900,2022-05-26 00:00:00-04:00
118.76313151516104,119.77593994140625,117.83243930443572,119.77593994140625,11177800,2022-05-27 00:00:00-04:00
118.78137448622589,121.49132107609474,118.35254070464457,120.6518783569336,17015000,2022-05-31 00:00:00-04:00
121.23583204723752,121.23583204723752,117.40358892743528,118.53501892089844,10768000,2022-06-01 00:00:00-04:00
118.52590305712003,120.451151244524,117.40360620405673,120.44203186035156,8374800,2022-06-02 00:00:00-04:00
119.72121753267022,120.23218153007608,118.60804000001116,118.76315307617188,8596000,2022-06-03 00:00:00-04:00
119.61171472967888,120.79788910238823,118.12444751351012,118.37079620361328,11323500,2022-06-06 00:00:00-04:00
117.54959255465957,118.90913253864038,117.3579741171996,118.68102264404297,6722200,2022-06-07 00:00:00-04:00
117.704698741436,118.11529374319889,115.78857713094067,116.7922592163086,8422100,2022-06-08 00:00:00-04:00
116.21742930018814,116.88351324219863,114.30130065449067,114.33779907226562,13560100,2022-06-09 00:00:00-04:00
111.85596348564636,112.595044270681,108.87228915632453,109.0821533203125,12945200,2022-06-10 00:00:00-04:00
106.62767953902829,107.62223524336072,104.98528566970032,105.83385467529297,16805600,2022-06-13 00:00:00-04:00
105.43238530417366,107.04740013005195,103.3063996328349,104.07284545898438,13357900,2022-06-14 00:00:00-04:00
105.49627610525266,106.70981556368234,103.26079475910525,105.3046646118164,14083500,2022-06-15 00:00:00-04:00
103.89038095113403,104.25535820988891,102.07462796456534,103.49803161621094,16724900,2022-06-16 00:00:00-04:00
103.5983951660543,104.59295100920916,102.33923099805303,103.13304901123047,30919900,2022-06-17 00:00:00-04:00
105.72438752144076,106.78281392326195,104.96706092137282,105.6878890991211,11680500,2022-06-21 00:00:00-04:00
104.82106055776408,106.02548057217425,104.3739670952002,105.09479522705078,9842700,2022-06-22 00:00:00-04:00
104.93967688687427,105.09478994303568,101.71876631883785,103.94511413574219,11851500,2022-06-23 00:00:00-04:00
103.31553459320182,107.50362883828575,102.95055737639468,107.04740905761719,14841100,2022-06-24 00:00:00-04:00
107.72261898930577,108.12409464854798,105.51451678619728,106.1897201538086,11280500,2022-06-27 00:00:00-04:00
107.36677637311129,108.84493117316808,105.47802649816437,105.67876434326172,11590900,2022-06-28 00:00:00-04:00
105.84300493058706,106.59120520422809,104.68420957753614,105.20429992675781,9338400,2022-06-29 00:00:00-04:00
103.26078847532857,104.09111185771982,101.21692570835572,102.74982452392578,15172600,2022-06-30 00:00:00-04:00
102.78633424043745,104.4013494565436,101.42680102811194,104.06375122070312,10573600,2022-07-01 00:00:00-04:00
101.9649649673222,103.75075793445497,100.61182016654233,103.66791534423828,12514200,2022-07-05 00:00:00-04:00
102.84867833972135,104.00851693141456,101.98339591038233,102.99595642089844,10656200,2022-07-06 00:00:00-04:00
104.4779736482631,105.76669014630984,104.3859239747469,105.60099792480469,10347400,2022-07-07 00:00:00-04:00
106.00600357088514,106.45705179635138,104.57920933838736,105.26959228515625,8807800,2022-07-08 00:00:00-04:00
104.52398668550555,105.14993420584102,103.29970584055047,103.88883209228516,7939500,2022-07-11 00:00:00-04:00
103.63109842733463,106.02442489207306,103.33653527818129,103.99009704589844,11250900,2022-07-12 00:00:00-04:00
102.86706581513236,103.53904168415211,101.60596368806691,103.01435089111328,12979900,2022-07-13 00:00:00-04:00
99.40595405887709,99.62688169568881,97.62936802808609,99.4151611328125,26204800,2022-07-14 00:00:00-04:00
100.48296509732012,104.82777029504716,99.1113989106071,103.97169494628906,18863900,2022-07-15 00:00:00-04:00
105.64701048414116,106.63195665721358,102.44363716475807,102.90389251708984,13977900,2022-07-18 00:00:00-04:00
104.13736670181247,105.80349574424046,103.71393264802282,105.45369720458984,11862300,2022-07-19 00:00:00-04:00
105.03028335486721,105.61940971893955,104.45957114007602,105.43531036376953,11667500,2022-07-20 00:00:00-04:00
105.34324293654501,106.34659619216161,104.35829680416785,106.15328979492188,11595900,2022-07-21 00:00:00-04:00
106.07964329466019,107.00936099966074,104.63444188293715,105.63780212402344,7645500,2022-07-22 00:00:00-04:00
106.631945603557,107.2026647095448,105.64699953258584,106.06123352050781,9394000,2022-07-25 00:00:00-04:00
105.47213093910169,106.39264175472044,104.04533636571657,104.40433502197266,10675100,2022-07-26 00:00:00-04:00
104.9474266531289,106.53990622794014,104.2938649002535,106.07965087890625,9337400,2022-07-27 00:00:00-04:00
106.08884955426419,106.760825400753,104.50557015525052,105.68382263183594,10384800,2022-07-28 00:00:00-04:00
106.40184570361367,107.23951394751987,105.66544123790999,106.19013214111328,12944500,2022-07-29 00:00:00-04:00
105.39847971904375,105.95999183222055,104.08214908006299,105.13153076171875,14740400,2022-08-01 00:00:00-04:00
104.86458582198014,105.30643408415578,103.34574163835994,103.49302673339844,14942900,2022-08-02 00:00:00-04:00
104.43194616500924,105.03027958223029,102.83025935915317,104.57923126220703,14394500,2022-08-03 00:00:00-04:00
103.87962184483087,104.31226295899486,102.19508572825393,103.42857360839844,18033900,2022-08-04 00:00:00-04:00
103.58507389925704,106.95414662585252,103.14323267071515,106.5583267211914,14174600,2022-08-05 00:00:00-04:00
107.00937062798492,107.4235976405949,105.10391372868806,105.2603988647461,10332500,2022-08-08 00:00:00-04:00
105.62860737361359,106.77003872434328,105.2788158208089,106.20852661132812,10233800,2022-08-09 00:00:00-04:00
108.58344341613913,109.8813668990951,108.16000932875376,108.97926330566406,12847300,2022-08-10 00:00:00-04:00
110.36924356451821,111.56590336082859,109.82613855417114,110.59016418457031,11684900,2022-08-11 00:00:00-04:00
111.07802180588378,112.53243036232972,109.94579760502282,112.42196655273438,9906700,2022-08-12 00:00:00-04:00
111.51067223974692,112.96508091738139,111.01359558955768,112.72574615478516,8456200,2022-08-15 00:00:00-04:00
112.56925341817482,114.36424645920825,112.18264061286597,113.802734375,9555000,2022-08-16 00:00:00-04:00
112.57846365050901,113.37010343003465,112.01695155054455,112.84540557861328,8149300,2022-08-17 00:00:00-04:00
112.52322174255417,112.7349422856338,110.96756349403482,111.97091674804688,9531800,2022-08-18 00:00:00-04:00
111.03200137371968,111.37258583255228,108.72151758751467,109.20018005371094,13464500,2022-08-19 00:00:00-04:00
107.4696310105106,107.84704379235089,106.3189925628606,107.39598846435547,8967600,2022-08-22 00:00:00-04:00
107.41438988175058,107.96669486657618,106.20851615593294,106.33738708496094,7607000,2022-08-23 00:00:00-04:00
106.1256913325876,107.15666596032227,105.35245860605158,106.59515380859375,9771300,2022-08-24 00:00:00-04:00
106.92652123048647,109.30143338683253,106.48467302527152,109.12654113769531,10758900,2022-08-25 00:00:00-04:00
109.96420138417629,110.45207090490814,105.4905190642391,105.5549545288086,11276200,2022-08-26 00:00:00-04:00
104.93821210850749,105.72985181431905,104.44113552418821,105.29721069335938,8117300,2022-08-29 00:00:00-04:00
105.85872597050883,106.3926238391698,104.34908904893844,105.31562805175781,10745400,2022-08-30 00:00:00-04:00
105.38008805121135,105.88636481865429,104.33069919269441,104.68970489501953,10738300,2022-08-31 00:00:00-04:00
104.28466767420888,105.51814875508357,103.01436531918179,105.4076919555664,9979800,2022-09-01 00:00:00-04:00
106.65957101356452,108.11397249590127,104.19260220291001,104.6712646484375,10666600,2022-09-02 00:00:00-04:00
105.24198801122071,105.62860081234875,103.1616319024369,104.69888305664062,9751900,2022-09-06 00:00:00-04:00
104.13737617375072,106.88050123442652,103.79679169893018,106.68719482421875,10647900,2022-09-07 00:00:00-04:00
106.11647398536539,109.34746855790151,105.5181406166825,109.17256927490234,11435000,2022-09-08 00:00:00-04:00
109.66964379838598,110.50731190305305,109.23700264744271,109.69725799560547,9299700,2022-09-09 00:00:00-04:00
111.03199949219187,111.88807469581263,110.26797395094064,110.99517822265625,8614600,2022-09-12 00:00:00-04:00
108.68469521584524,109.46712788572383,106.57672492541246,107.13823699951172,12904600,2022-09-13 00:00:00-04:00
107.4235926959994,108.47297430105287,105.74826355258604,106.88970184326172,9345700,2022-09-14 00:00:00-04:00
106.8897014218826,109.89056114656883,106.55831701917852,108.50059509277344,10821400,2022-09-15 00:00:00-04:00
108.05875543569121,108.0679625095338,106.19932682704537,107.77339935302734,14844100,2022-09-16 00:00:00-04:00
106.7792411257928,109.29223842513966,106.32819284952926,108.76754760742188,8201300,2022-09-19 00:00:00-04:00
108.07716556167395,108.33490743615872,105.52734696850821,106.62275695800781,9619000,2022-09-20 00:00:00-04:00
107.27632739739371,107.33155579698341,103.48382044657552,103.54825592041016,12606300,2022-09-21 00:00:00-04:00
104.36750167044718,104.5700151501213,102.24112417974747,102.3699951171875,11684500,2022-09-22 00:00:00-04:00
101.30221438639425,101.56915633303487,98.64193878777365,100.46454620361328,18138600,2022-09-23 00:00:00-04:00
99.41516301248987,100.89718591182606,97.62936987399884,98.30134582519531,15753600,2022-09-26 00:00:00-04:00
99.18502981230102,99.5716426281521,96.3314479925907,97.4360580444336,12793600,2022-09-27 00:00:00-04:00
97.52810970867631,100.08713545503974,97.24275362774388,99.40595245361328,12762600,2022-09-28 00:00:00-04:00
98.44861756837865,98.75238778800839,96.10131947300002,97.72142028808594,12713900,2022-09-29 00:00:00-04:00
97.62936143195212,99.06536288244894,96.10131734007865,96.19336700439453,15973400,2022-09-30 00:00:00-04:00
97.22433277643027,99.74652987154877,96.15653710199351,99.16661071777344,12248100,2022-10-03 00:00:00-04:00
101.81770008112989,104.00851325539313,101.12731698159574,103.80599975585938,16013600,2022-10-04 00:00:00-04:00
101.92993291952098,103.04442593490099,101.07548780201138,102.52433013916016,10943500,2022-10-05 00:00:00-04:00
101.6605994336329,102.33858755235345,100.24890775481248,100.43465423583984,11521400,2022-10-06 00:00:00-04:00
99.8588140007547,100.03527809160715,97.769134513063,98.42855072021484,11681100,2022-10-07 00:00:00-04:00
99.12510275804142,99.66377026511873,97.07256705376128,97.50907897949219,8931700,2022-10-10 00:00:00-04:00
96.93325890684241,97.09114408544183,94.5928141414828,94.69497680664062,12739700,2022-10-11 00:00:00-04:00
94.54638824207049,97.2676155318348,94.06343613639491,96.2274169921875,13181000,2022-10-12 00:00:00-04:00
94.71356055217912,102.0692303056117,94.50923521139943,101.57699584960938,22398700,2022-10-13 00:00:00-04:00
103.98245036522299,107.02873754863839,102.83080676593075,103.26731872558594,33387100,2022-10-14 00:00:00-04:00
107.1866277971114,108.6726206528405,106.17429051410751,107.60456085205078,22276300,2022-10-17 00:00:00-04:00
111.13380946123728,111.57960381268292,108.62618966270502,110.37223052978516,21539700,2022-10-18 00:00:00-04:00
109.58280047111477,110.3629512365062,107.42810881712809,108.20825958251953,17072000,2022-10-19 00:00:00-04:00
108.8119385968441,110.25149135761384,107.4095294589742,107.8553237915039,12207400,2022-10-20 00:00:00-04:00
108.1618122291094,113.66927903804999,108.04107773979952,113.52068328857422,20593300,2022-10-21 00:00:00-04:00
113.37207927024636,114.32868698341615,112.6848088788248,113.65998840332031,12624200,2022-10-24 00:00:00-04:00
113.16777352117265,114.48659201272817,112.27617762184887,113.95720672607422,11289100,2022-10-25 00:00:00-04:00
114.23581449610772,116.27905387229795,114.12436237011123,115.2667236328125,11667000,2022-10-26 00:00:00-04:00
116.27906352127872,117.2078100576652,115.35960643427273,115.72181701660156,10727600,2022-10-27 00:00:00-04:00
116.36264109336352,117.28209807527126,115.21099750389915,117.09635162353516,11859500,2022-10-28 00:00:00-04:00
116.74342411305472,118.35015856427883,116.6412614382835,116.91059875488281,13295200,2022-10-31 00:00:00-04:00
117.83006499403739,119.13959380762135,117.32854105933296,119.01885223388672,13386900,2022-11-01 00:00:00-04:00
118.55448334239385,121.07138532028283,117.61644746300342,117.92293548583984,16546100,2022-11-02 00:00:00-04:00
117.30995951660263,119.04671080892807,116.93846661255358,118.13654327392578,12474400,2022-11-03 00:00:00-04:00
120.26337214793094,121.50788887836781,119.306764523777,121.36856842041016,14953200,2022-11-04 00:00:00-04:00
121.66579824249222,122.86387505840675,121.18284606769475,122.00942993164062,12011200,2022-11-07 00:00:00-05:00
121.88868852883078,122.65025324443481,120.86706177083578,122.0837173461914,9884100,2022-11-08 00:00:00-05:00
121.96299610884148,122.06514461825732,120.01262280738962,120.49557495117188,9494000,2022-11-09 00:00:00-05:00
123.17965204873923,125.61296332841313,123.08677173070947,125.455078125,16351600,2022-11-10 00:00:00-05:00
125.55726113037375,126.46742887389904,124.24772496053028,125.659423828125,10704700,2022-11-11 00:00:00-05:00
125.19503016247964,126.05875759912232,124.36844635009766,124.36844635009766,11085600,2022-11-14 00:00:00-05:00
125.08356962635266,126.04019154241703,122.22304292742675,123.46755981445312,14038300,2022-11-15 00:00:00-05:00
123.52327481226828,124.04337054403051,122.62238964419952,123.63471984863281,7893400,2022-11-16 00:00:00-05:00
122.59456000081049,123.4211439672873,121.9258612670821,123.09607696533203,8820200,2022-11-17 00:00:00-05:00
124.98141613008667,125.07428227182552,122.85457883115738,124.30342102050781,9468500,2022-11-18 00:00:00-05:00
124.21056239102535,124.97212715414634,123.29109825146094,123.5697250366211,7800500,2022-11-21 00:00:00-05:00
124.4520176935973,125.6315295905171,124.16410857682804,125.41790771484375,9185700,2022-11-22 00:00:00-05:00
125.32505432096103,126.7738965859241,125.25075290076461,126.75531768798828,7316200,2022-11-23 00:00:00-05:00
126.75531250564474,127.36828856854378,126.36524069422161,126.99679565429688,3220500,2022-11-25 00:00:00-05:00
126.37452929028638,126.96892641867176,124.62848152560325,124.77708435058594,9906900,2022-11-28 00:00:00-05:00
125.0650001485103,126.90391414839458,124.83281353639953,126.8296127319336,7925300,2022-11-29 00:00:00-05:00
126.3930909550867,128.33416748046875,123.6997321323156,128.33416748046875,14761200,2022-11-30 00:00:00-05:00
128.3341657091034,128.77997416710616,125.78011320941839,126.53240966796875,8858500,2022-12-01 00:00:00-05:00
124.90712234165926,125.70584490143003,123.83905535984128,125.52938079833984,8931900,2022-12-02 00:00:00-05:00
124.67494217101027,124.9814302335809,121.29430529052354,122.00942993164062,10154500,2022-12-05 00:00:00-05:00
123.88547613724896,125.48292100686781,120.61628498877958,122.21372985839844,13966700,2022-12-06 00:00:00-05:00
121.9537009971443,123.59758627488979,121.04353339256836,122.13016510009766,11739400,2022-12-07 00:00:00-05:00
122.90102132709893,123.50470086030334,122.06514100626237,123.41183471679688,8907300,2022-12-08 00:00:00-05:00
122.78028479893656,124.22912707542146,122.5945383327418,122.7431411743164,7957800,2022-12-09 00:00:00-05:00
122.9660212719372,125.05570073278501,122.22303546753908,124.64706420898438,8841600,2022-12-12 00:00:00-05:00
127.13609657795338,127.32184302722203,123.59757499324388,124.52632141113281,10025400,2022-12-13 00:00:00-05:00
124.24772259836466,126.04021095727653,123.30039707100424,123.90409088134766,9966100,2022-12-14 00:00:00-05:00
121.80511340857214,122.66885513341445,119.85475401167598,120.82994079589844,12087800,2022-12-15 00:00:00-05:00
119.94758990358301,120.64414969203946,119.2788913729412,120.0776138305664,21133700,2022-12-16 00:00:00-05:00
120.41197330520147,121.97227473283996,119.89187755317076,120.79276275634766,9017200,2022-12-19 00:00:00-05:00
121.63792415500825,122.64097202542649,120.92278541774274,121.37787628173828,8549900,2022-12-20 00:00:00-05:00
122.761705900853,123.50470593717901,122.38093060519519,122.7431411743164,8051700,2022-12-21 00:00:00-05:00
121.75867974575205,121.94442622353574,119.26034923065002,121.35002899169922,8648200,2022-12-22 00:00:00-05:00
121.27571496529464,122.07443749116744,120.40269102171897,121.92583465576172,5091900,2022-12-23 00:00:00-05:00
122.19518029085185,122.79885982986059,121.24785492008051,122.35306549072266,5411000,2022-12-27 00:00:00-05:00
122.45523073517002,123.90407299638251,121.67507291090058,123.02176666259766,8827700,2022-12-28 00:00:00-05:00
123.45827853620783,123.77406315007451,122.88246018003359,123.72762298583984,6585200,2022-12-29 00:00:00-05:00
123.34683840838562,124.75853726255191,123.0032066881043,124.54492950439453,9292500,2022-12-30 00:00:00-05:00
125.6036772302088,126.99679692994762,124.34986383182529,125.49221801757812,11054800,2023-01-03 00:00:00-05:00
126.30021930547504,127.8697887088583,125.91014754502969,126.66242980957031,11687600,2023-01-04 00:00:00-05:00
126.92442762151329,126.97121081886228,125.09063192951598,126.63439178466797,8381300,2023-01-05 00:00:00-05:00
127.36414087714117,129.46925588995748,125.82974650551515,129.05758666992188,10029100,2023-01-06 00:00:00-05:00
129.67509854951157,129.93706729193678,128.06585383105624,128.5242919921875,8482300,2023-01-09 00:00:00-05:00
128.91725635347453,129.7873781123369,128.46816908102488,129.67510986328125,9048700,2023-01-10 00:00:00-05:00
129.95577546123752,130.7510469312383,129.20730146150316,130.63877868652344,8703700,2023-01-11 00:00:00-05:00
130.98493625361903,131.78955857594025,130.25516417944687,130.50778198242188,11001700,2023-01-12 00:00:00-05:00
126.86826726797466,134.2502031548059,126.11977909380654,133.8011016845703,20200000,2023-01-13 00:00:00-05:00
132.07962947065818,132.42579946866013,130.26454973022734,131.73345947265625,14292900,2023-01-17 00:00:00-05:00
129.9745084012047,131.66795460035814,127.626140229482,127.77584075927734,13392600,2023-01-18 00:00:00-05:00
126.6063466682574,127.14898616764246,124.98773627201224,126.07304382324219,13303400,2023-01-19 00:00:00-05:00
126.45661752951354,126.76536948425635,124.95029002219499,126.38176727294922,13092500,2023-01-20 00:00:00-05:00
126.41917731287732,129.07631128701559,126.13850671369528,128.4307403564453,10487100,2023-01-23 00:00:00-05:00
127.63547884614114,131.25627261937325,126.306918893886,129.53475952148438,6945000,2023-01-24 00:00:00-05:00
129.16049889971734,130.16159057617188,128.4120107359931,130.16159057617188,8967000,2023-01-25 00:00:00-05:00
130.4423099880158,131.04109782242318,129.450568975675,130.96624755859375,7487600,2023-01-26 00:00:00-05:00
131.55568250360858,132.16382125834866,130.75106002471506,131.28436279296875,7489900,2023-01-27 00:00:00-05:00
130.2645268428913,131.06914923770393,129.96514009954723,130.1709747314453,6729300,2023-01-30 00:00:00-05:00
130.87267477240277,131.05044233640135,129.34763122465296,130.94752502441406,9188700,2023-01-31 00:00:00-05:00
129.31023631771166,131.8083050350438,129.22602084652598,130.6013641357422,8841800,2023-02-01 00:00:00-05:00
130.98498150363315,131.4153670101149,129.1137674821527,129.9932403564453,11822100,2023-02-02 00:00:00-05:00
129.2821415122905,133.16491832027768,129.23537259300392,132.0047607421875,11501200,2023-02-03 00:00:00-05:00
131.20014838734193,133.08072734722717,131.01302986715476,132.7813262939453,8406200,2023-02-06 00:00:00-05:00
132.27610034281807,135.0454886099237,132.08896755279602,134.39991760253906,10447900,2023-02-07 00:00:00-05:00
133.46429172357497,134.76478448188698,133.11812180861202,133.45494079589844,6958000,2023-02-08 00:00:00-05:00
133.90401900764377,134.10985361247737,130.86329739904875,131.3778839111328,6443100,2023-02-09 00:00:00-05:00
130.7791027393837,132.18251278246726,129.66572848767467,131.9579620361328,6582900,2023-02-10 00:00:00-05:00
132.2012407253809,133.53915156673622,131.67730321334727,133.38946533203125,7134600,2023-02-13 00:00:00-05:00
133.3239751597138,134.54961784014355,132.48193471130134,133.97889709472656,9249400,2023-02-14 00:00:00-05:00
132.491256604929,134.62443859790093,132.20122083128643,134.5402374267578,6728300,2023-02-15 00:00:00-05:00
133.70756735568946,134.15665460938595,132.55676074601678,132.68775939941406,8165300,2023-02-16 00:00:00-05:00
131.90183014250113,133.63270826864397,131.0504388852736,133.08070373535156,7948800,2023-02-17 00:00:00-05:00
131.63051958477524,132.23865827861601,129.81544015534394,130.63877868652344,9996300,2023-02-21 00:00:00-05:00
129.97449908349014,130.45165342724934,128.58980497272103,129.63768005371094,11107500,2023-02-22 00:00:00-05:00
129.7967509191006,131.14402723976872,129.05762769452178,130.6762237548828,8068000,2023-02-23 00:00:00-05:00
130.15224478357936,132.25735979672146,129.98382815889107,131.85504150390625,9126900,2023-02-24 00:00:00-05:00
132.95906092870314,134.08178604776816,132.59417490810137,133.00584411621094,10014700,2023-02-27 00:00:00-05:00
133.73564520236226,134.5028353944571,132.76260608528156,134.11924743652344,11019800,2023-02-28 00:00:00-05:00
132.94970741214163,134.222132995958,132.66902256878635,133.3707275390625,7139200,2023-03-01 00:00:00-05:00
133.08072705632748,133.25848037056855,130.55457707252458,131.98606872558594,11106800,2023-03-02 00:00:00-05:00
132.39770813043643,134.48412149455592,131.99540407421262,134.40927124023438,9513100,2023-03-03 00:00:00-05:00
134.20343894537422,134.76479444821547,133.47366679832203,133.6233673095703,9261300,2023-03-06 00:00:00-05:00
132.86550816108925,133.1461930386579,128.93596270380553,129.6938018798828,11747600,2023-03-07 00:00:00-05:00
129.1137237080717,129.66572823096433,128.0751997071969,128.92660522460938,10002500,2023-03-08 00:00:00-05:00
127.95356910029439,128.50558791162854,120.89910075644895,121.94697570800781,25888100,2023-03-09 00:00:00-05:00
120.65583267772624,126.55014280060574,119.58923459320326,125.04381561279297,37599700,2023-03-10 00:00:00-05:00
122.76096763175336,125.25903593464976,121.07687263086083,122.79838562011719,42901100,2023-03-13 00:00:00-04:00
126.56888175853638,126.80278344929006,122.8358056346661,125.95137786865234,29648100,2023-03-14 00:00:00-04:00
122.54576700636414,122.55513221056388,118.56944549303599,120.00091552734375,34280600,2023-03-15 00:00:00-04:00
119.76699911038006,123.45329150272602,117.9051439224477,122.33056640625,24558500,2023-03-16 00:00:00-04:00
120.11320310827395,120.20675522063422,117.37186781641796,117.70868682861328,38396000,2023-03-17 00:00:00-04:00
118.81269863718325,121.13300650727749,117.89580802374506,118.95304107666016,22875500,2023-03-20 00:00:00-04:00
122.18088112294035,123.24747223874427,121.80664413628934,122.14346313476562,17807800,2023-03-21 00:00:00-04:00
122.15280357710827,122.24636995385222,118.89689638880981,118.9904556274414,17250200,2023-03-22 00:00:00-04:00
119.6641036516477,121.18914007039585,117.90515840943861,118.67235565185547,16677600,2023-03-23 00:00:00-04:00
117.5402766956732,117.5870598897171,115.18255076099294,116.86664581298828,22311100,2023-03-24 00:00:00-04:00
118.62558961079075,121.04881498735799,118.1577862006077,120.21612548828125,18853900,2023-03-27 00:00:00-04:00
120.42194984900343,121.0113723876736,119.51440303052466,120.58100128173828,10820500,2023-03-28 00:00:00-04:00
121.72243029947195,121.83469852854883,119.54245796402887,120.8242416381836,14595300,2023-03-29 00:00:00-04:00
121.58210646049707,121.7411579107486,119.43021500326368,120.45938110351562,12134700,2023-03-30 00:00:00-04:00
121.31077611049695,121.94698185566602,120.55293691795241,121.91891479492188,13105200,2023-03-31 00:00:00-04:00
121.54468563587872,122.97616293101143,121.07688222501895,121.7785873413086,11775400,2023-04-03 00:00:00-04:00
122.09668329861232,122.18088448148947,119.20566181001996,120.15061950683594,11579900,2023-04-04 00:00:00-04:00
119.56598624089786,120.8389592920107,119.2453797054416,120.32977294921875,9614700,2023-04-05 00:00:00-04:00
119.7545817664954,120.77296891283402,119.62256941724412,120.19776916503906,8760200,2023-04-06 00:00:00-04:00
119.32082309953603,120.91440276244276,119.01907956625192,120.59380340576172,9477300,2023-04-10 00:00:00-04:00
120.98040856647904,121.5838955953198,120.26376502193082,121.18785858154297,10516300,2023-04-11 00:00:00-04:00
121.8101974082241,122.98888416618384,120.75409867733731,121.16899871826172,11821000,2023-04-12 00:00:00-04:00
121.13128807142968,121.67818606995738,119.59427592213416,121.63105010986328,12450200,2023-04-13 00:00:00-04:00
127.43960801132674,131.18311834961358,127.20387065696744,130.81536865234375,43931300,2023-04-14 00:00:00-04:00
131.96574940748255,132.06947440424474,129.80640187813333,131.85260009765625,16050500,2023-04-17 00:00:00-04:00
132.26753043753607,133.6913790032315,131.0982678773724,133.3330535888672,13760100,2023-04-18 00:00:00-04:00
133.1727543933867,133.42735478812844,132.39010457863807,133.163330078125,9158100,2023-04-19 00:00:00-04:00
131.92805417508572,133.36132690535828,131.86204081063403,132.77670288085938,10586200,2023-04-20 00:00:00-04:00
131.76776193247454,133.0595980807066,130.86252412544857,132.52210998535156,11842500,2023-04-21 00:00:00-04:00
132.44669268188136,133.0501797844417,132.05064123145874,132.70127868652344,7567500,2023-04-24 00:00:00-04:00
131.63574149174107,131.97520384997313,129.77813002978598,129.8158416748047,10629300,2023-04-25 00:00:00-04:00
129.76870921734252,129.94787192947922,126.35523653606182,127.51506042480469,14416100,2023-04-26 00:00:00-04:00
128.2411166961655,130.04215347942045,127.92051735760889,129.23121643066406,9041100,2023-04-27 00:00:00-04:00
128.76913987117578,130.42873966420566,127.92991566247787,130.35330200195312,9887300,2023-04-28 00:00:00-04:00
134.14399441044077,135.1906689599989,132.79558349441368,133.14447021484375,20415800,2023-05-01 00:00:00-04:00
133.33307904970792,134.2854674353796,130.53251734793272,130.99456787109375,14113400,2023-05-02 00:00:00-04:00
130.54190591635034,130.75878023082657,128.01479426162598,128.2222442626953,12930900,2023-05-03 00:00:00-04:00
127.26046463606963,127.97710104129636,124.29016522316377,126.46837615966797,17089200,2023-05-04 00:00:00-04:00
128.65601611604632,130.01386552966144,128.15625409412766,128.93890380859375,11261400,2023-05-05 00:00:00-04:00
129.6461286059736,130.0987403256374,128.69374042693596,129.25009155273438,7484900,2023-05-08 00:00:00-04:00
128.1751052509304,129.13691766926044,127.49619491899472,128.6277313232422,7343600,2023-05-09 00:00:00-04:00
130.07987772969736,130.18360274790155,127.17559160824746,128.69374084472656,8133400,2023-05-10 00:00:00-04:00
127.29816929303638,129.00490540884266,127.20386859751291,128.28826904296875,7057300,2023-05-11 00:00:00-04:00
129.01435530262526,129.17465498830742,125.53486940466718,126.44953155517578,9988600,2023-05-12 00:00:00-04:00
126.60983693690174,127.9299605185385,126.31752488584416,127.51506042480469,7639500,2023-05-15 00:00:00-04:00
127.73193657095642,128.1845482702446,126.31751242094772,126.65697479248047,6477200,2023-05-16 00:00:00-04:00
128.14682189884383,130.68335816998533,127.73193623540837,130.5513458251953,12711500,2023-05-17 00:00:00-04:00
130.38160399970596,131.7583019230231,129.9006906472577,131.5414276123047,10999600,2023-05-18 00:00:00-04:00
131.81490006956594,132.47497620912503,130.2496148845783,131.2397003173828,13492200,2023-05-19 00:00:00-04:00
132.9558803988621,133.5593675074113,129.8064325007541,130.1553192138672,11402500,2023-05-22 00:00:00-04:00
129.69325388453098,131.09825366748325,128.6748811962516,128.79745483398438,9514900,2023-05-23 00:00:00-04:00
127.67532618030124,128.5711395028684,127.3735898939608,127.6187515258789,8578000,2023-05-24 00:00:00-04:00
127.12842577548419,128.4956993209157,126.90211277395733,127.92992401123047,8472500,2023-05-25 00:00:00-04:00
128.34485265642655,129.74985254342872,127.8922409405316,129.12750244140625,8579900,2023-05-26 00:00:00-04:00
128.99549350941683,129.8630053163132,128.25999405599887,129.6178436279297,7399900,2023-05-30 00:00:00-04:00
128.92948769374922,129.0332127195796,126.73241351990082,127.96768951416016,14219900,2023-05-31 00:00:00-04:00
128.73146343016603,130.34389893834225,127.72250060847747,129.73098754882812,12248100,2023-06-01 00:00:00-04:00
131.5980282354424,133.40848952570417,131.39057819703316,132.45611572265625,12922500,2023-06-02 00:00:00-04:00
132.1166433664904,132.1166433664904,130.24960754989695,131.1548309326172,8511900,2023-06-05 00:00:00-04:00
130.76821391702885,132.10721470654542,130.32504094290516,131.39056396484375,9329500,2023-06-06 00:00:00-04:00
131.58859717434342,133.21047136152305,130.90967242676746,132.66355895996094,9281400,2023-06-07 00:00:00-04:00
132.6447040188252,132.8521540592304,131.52259181525187,132.70127868652344,7368100,2023-06-08 00:00:00-04:00
132.34296578952745,133.71023966320723,132.21095343734322,132.96530151367188,7249100,2023-06-09 00:00:00-04:00
133.02190021583348,133.2576376038491,131.78662421648616,132.9558868408203,7596600,2023-06-12 00:00:00-04:00
132.4655437818874,134.71919254624376,132.1449444001086,133.91769409179688,7701600,2023-06-13 00:00:00-04:00
134.8417868861988,135.41698669250283,132.6730000236622,133.41793823242188,9068700,2023-06-14 00:00:00-04:00
132.56927706754024,135.21896306659968,132.0412276085735,134.92665100097656,9343100,2023-06-15 00:00:00-04:00
134.88893323607326,135.75644507767225,134.37030811656624,135.08694458007812,13813500,2023-06-16 00:00:00-04:00
134.47401250656986,134.84176219156166,132.99357506425298,134.39857482910156,8428600,2023-06-20 00:00:00-04:00
134.74745949749948,135.8035725781131,133.60649881485895,134.2005615234375,9926500,2023-06-21 00:00:00-04:00
134.19113022294022,134.46459361332046,131.0228195828729,131.61688232421875,10075200,2023-06-22 00:00:00-04:00
130.63620143660617,131.23968846733484,129.7686897292003,130.92852783203125,9919500,2023-06-23 00:00:00-04:00
130.94737953244658,132.02234128078595,129.83470613866817,131.24913024902344,8429700,2023-06-26 00:00:00-04:00
131.06998840573164,131.86206258032288,130.6362252787307,131.25857543945312,8154000,2023-06-27 00:00:00-04:00
131.22085297767228,131.26800332928536,130.0893164802942,130.68336486816406,7558600,2023-06-28 00:00:00-04:00
132.07892679085904,135.36981092424716,131.87147677583985,135.24722290039062,15423200,2023-06-29 00:00:00-04:00
136.35048882438767,137.67061222742646,135.4641140873762,137.14256286621094,14212800,2023-06-30 00:00:00-04:00
137.84978205038647,139.06618050698506,137.6706193532151,138.24581909179688,8021600,2023-07-03 00:00:00-04:00
137.60969007504357,138.07489914884223,137.0590217235189,137.32485961914062,8934900,2023-07-05 00:00:00-04:00
135.7868157303733,136.13809846913594,134.28672195972595,135.9672088623047,9709500,2023-07-06 00:00:00-04:00
136.63180836630875,138.46419237517074,135.76782780338763,137.04005432128906,8981500,2023-07-07 00:00:00-04:00
137.19194616585457,138.60659497834587,137.19194616585457,137.80906677246094,9100100,2023-07-10 00:00:00-04:00
138.93886779499942,140.34402739531674,138.3407398240084,139.96424865722656,11260900,2023-07-11 00:00:00-04:00
139.99273865133654,142.29034582809894,139.56550022154343,140.65733337402344,11323200,2023-07-12 00:00:00-04:00
141.17955705864907,141.8156703516085,140.2776058070523,141.34095764160156,11234900,2023-07-13 00:00:00-04:00
143.88537960468162,145.15760578656054,140.90418531210392,142.19540405273438,27028400,2023-07-14 00:00:00-04:00
142.74610613872719,145.974146510634,142.74610613872719,145.62286376953125,17262400,2023-07-17 00:00:00-04:00
145.62283399224123,146.59123721354334,145.09115822672365,145.888671875,13491700,2023-07-18 00:00:00-04:00
145.02472969933115,147.36032255522068,144.52153539682047,146.44886779785156,12510000,2023-07-19 00:00:00-04:00
146.71468231715693,148.67049600880688,146.60075592333797,148.25274658203125,9935900,2023-07-20 00:00:00-04:00
147.9204510636678,148.24325215914703,146.86658849789106,147.11343383789062,10636400,2023-07-21 00:00:00-04:00
147.13242851360997,150.75922534565584,146.90456124389533,150.00918579101562,14381400,2023-07-24 00:00:00-04:00
149.34460559484143,149.74336249042176,148.07237914412127,148.88888549804688,9944700,2023-07-25 00:00:00-04:00
148.7844413440254,150.2465498944333,148.37618094215227,149.7813262939453,8728600,2023-07-26 00:00:00-04:00
149.79081227535502,150.74972647625302,147.6830872509763,148.1293182373047,10778400,2023-07-27 00:00:00-04:00
149.32563275418968,149.6294558502338,148.52811885769776,148.97434997558594,9103800,2023-07-28 00:00:00-04:00
149.23064170216642,151.31938867192284,149.2021601059496,149.97120666503906,8892700,2023-07-31 00:00:00-04:00
149.46802344786906,150.0092028423015,148.252760178746,149.2306671142578,6853900,2023-08-01 00:00:00-04:00
147.69262199947158,147.81605194493736,146.15455739263948,147.54071044921875,8299400,2023-08-02 00:00:00-04:00
147.16092746888367,148.9838223803711,146.54380679368526,148.44265747070312,6084000,2023-08-03 00:00:00-04:00
148.4900899486395,149.81929387132678,147.82549523083503,148.1293182373047,6209400,2023-08-04 00:00:00-04:00
148.68002738062765,149.72438665609457,148.68002738062765,148.83192443847656,7251800,2023-08-07 00:00:00-04:00
146.5153130967039,148.09134801833522,144.87279696598554,147.9964141845703,8623400,2023-08-08 00:00:00-04:00
147.46473415443873,147.6546163036371,145.70829167842498,146.01210021972656,6277800,2023-08-09 00:00:00-04:00
146.57228264909904,147.57867115053412,145.3475158976692,145.7937469482422,5995100,2023-08-10 00:00:00-04:00
145.29056585744866,146.70521489985458,144.91080149736683,146.6387481689453,5180700,2023-08-11 00:00:00-04:00
145.84121388733163,147.08495865248776,145.18610814395512,146.9425506591797,5044300,2023-08-14 00:00:00-04:00
145.11967127600838,145.51842818657462,142.63216699521723,143.2018280029297,10300300,2023-08-15 00:00:00-04:00
142.98342976585087,143.32522339068302,142.10994590133046,142.5941619873047,6978200,2023-08-16 00:00:00-04:00
143.24928974883994,143.61006150117097,140.89470464237237,141.1130828857422,9953900,2023-08-17 00:00:00-04:00
140.18263426757576,141.93907679871285,139.98326307513827,141.43588256835938,8517500,2023-08-18 00:00:00-04:00
142.08147500801272,142.50872793654167,140.53392178733432,141.92007446289062,8327000,2023-08-21 00:00:00-04:00
141.7112024451096,142.071988662852,138.47367347055058,138.97686767578125,9673300,2023-08-22 00:00:00-04:00
138.9484056565021,140.12568381783115,138.10341767515936,139.91680908203125,7858000,2023-08-23 00:00:00-04:00
140.04023867055867,141.8536445600735,139.55603695897915,139.7838897705078,6534000,2023-08-24 00:00:00-04:00
139.8313856579172,141.1036123435282,138.47371415470914,139.61302185058594,6695500,2023-08-25 00:00:00-04:00
140.10670201129946,141.09409797390742,139.688952550822,140.09719848632812,5094100,2023-08-28 00:00:00-04:00
140.23961104180609,141.32195525496348,139.73640232764055,141.2364959716797,6337000,2023-08-29 00:00:00-04:00
141.10356707415934,141.60676126579398,139.74589600652436,140.66683959960938,6277300,2023-08-30 00:00:00-04:00
140.7617813486793,140.8472406307521,138.5781148788713,138.9293975830078,10933900,2023-08-31 00:00:00-04:00
138.7015471192554,140.59090879765037,138.331271808996,139.39463806152344,7903500,2023-09-01 00:00:00-04:00
139.7174321060663,140.71433157905065,137.6761589971782,137.85655212402344,7854700,2023-09-05 00:00:00-04:00
137.38184801803206,138.17936185121528,136.8216905271354,137.6287078857422,8629200,2023-09-06 00:00:00-04:00
136.84066859384592,137.92301282052452,136.13808867976056,136.45140075683594,8373700,2023-09-07 00:00:00-04:00
136.1190747211888,136.83114356067955,135.43548747631147,136.55581665039062,7107900,2023-09-08 00:00:00-04:00
137.42931867492538,137.71414917581293,136.4229301272596,137.15399169921875,6854200,2023-09-11 00:00:00-04:00
137.19193448792967,139.86932037083417,136.76469606687075,138.93887329101562,8363200,2023-09-12 00:00:00-04:00
139.88832972893852,140.23012343964277,138.4452136055929,139.00537109375,8325900,2023-09-13 00:00:00-04:00
140.36301297253587,142.31882649528134,140.05920445289576,141.7017059326172,10034900,2023-09-14 00:00:00-04:00
141.38841868923527,142.15745089014752,140.80926865728838,141.2839813232422,19863400,2023-09-15 00:00:00-04:00
140.66682237127475,141.59725488695372,140.2775546142285,141.57826232910156,6512400,2023-09-18 00:00:00-04:00
141.93909813615926,142.1479728843563,139.7649203316673,141.39791870117188,7943400,2023-09-19 00:00:00-04:00
142.08148962614223,142.65115059807147,140.6478626457967,140.79977416992188,7332000,2023-09-20 00:00:00-04:00
140.1161900091344,141.32196421800222,139.21423885547892,139.6984405517578,8052400,2023-09-21 00:00:00-04:00
139.84084232137923,140.0497170407574,137.8470579369692,138.3597412109375,7071700,2023-09-22 00:00:00-04:00
137.99896065892628,139.10978642093082,136.43240036347447,139.04331970214844,7044700,2023-09-25 00:00:00-04:00
137.28690686127354,138.46418498457916,136.93560964218466,137.60020446777344,7468400,2023-09-26 00:00:00-04:00
137.84706908209623,138.70154610348905,137.20145230988828,138.4072265625,6717800,2023-09-27 00:00:00-04:00
138.88195685418782,141.34096534921892,138.6256079204218,140.12570190429688,8868100,2023-09-28 00:00:00-04:00
141.08462908783375,141.23652615118297,137.53377265366953,137.68568420410156,11917800,2023-09-29 00:00:00-04:00
137.50524391506985,138.2552833967214,135.41651151739072,136.4988555908203,9170600,2023-10-02 00:00:00-04:00
135.95768649583914,136.32796174640745,135.15068376361538,135.4924774169922,9431100,2023-10-03 00:00:00-04:00
135.9481861591363,136.2140240355464,134.75190122821306,136.10009765625,8128700,2023-10-04 00:00:00-04:00
135.85144948928954,136.86527858338553,134.6941761802794,136.67398071289062,8576200,2023-10-05 00:00:00-04:00
136.68353605509205,139.52413684251806,135.94708021546916,138.7781219482422,10270600,2023-10-06 00:00:00-04:00
137.4008702443295,139.06505071436536,137.24783779371216,138.46250915527344,6964900,2023-10-09 00:00:00-04:00
139.08419365845117,140.37538134037726,138.95029390279785,139.30416870117188,11288800,2023-10-10 00:00:00-04:00
140.12671017657786,140.81534171137423,138.70163722888586,139.7823944091797,8698200,2023-10-11 00:00:00-04:00
139.9258555315115,140.55710348194327,138.80683303427986,139.4571990966797,10484400,2023-10-12 00:00:00-04:00
142.02995790017619,146.43910397834466,141.39871014028824,141.55174255371094,29427000,2023-10-13 00:00:00-04:00
142.93859057180651,143.00554773780095,140.32753838358445,141.40830993652344,12663500,2023-10-16 00:00:00-04:00
141.14051455403643,142.80469497559815,140.39448502750164,141.1022491455078,11482700,2023-10-17 00:00:00-04:00
140.20320721701887,141.0544301651543,139.0363603091508,139.55284118652344,9620300,2023-10-18 00:00:00-04:00
139.14156307299834,140.61447482979764,138.56771329009695,138.9598388671875,11143600,2023-10-19 00:00:00-04:00
138.27122982495726,138.81638787908034,135.92796231586297,136.7218017578125,13332900,2023-10-20 00:00:00-04:00
136.7122441498325,137.4199937221178,134.59852530081517,134.8567657470703,10133400,2023-10-23 00:00:00-04:00
135.03846558785716,135.55493179315653,134.2446262808053,135.0193328857422,8881400,2023-10-24 00:00:00-04:00
134.44550405149027,135.02891291384947,133.43167499757715,134.28289794921875,8242600,2023-10-25 00:00:00-04:00
133.6707815939065,135.49756817373063,133.35515763556165,134.62721252441406,9109400,2023-10-26 00:00:00-04:00
132.89606606231024,133.03953944875872,129.29989125591192,129.77810668945312,17434700,2023-10-27 00:00:00-04:00
130.4954410141241,132.02572177610827,130.11285987814452,131.4327392578125,9855500,2023-10-30 00:00:00-04:00
131.7101087493854,133.1734468931873,131.4805600741699,133.00128173828125,9672500,2023-10-31 00:00:00-04:00
133.18299635651664,134.40722668153956,132.43698145826758,132.88650512695312,9432000,2023-11-01 00:00:00-04:00
133.98639854679735,135.31583688693433,133.16386740580762,135.25845336914062,10186200,2023-11-02 00:00:00-04:00
135.99491608553157,137.5060787041398,135.66973307233147,136.76962280273438,9538700,2023-11-03 00:00:00-04:00
136.93221090231273,137.90777451161767,136.56876248838046,137.8025665283203,7625100,2023-11-06 00:00:00-05:00
137.25738029809426,137.97470340564038,136.59745529809166,137.735595703125,6297900,2023-11-07 00:00:00-05:00
137.83127984216011,138.52947042560245,137.36262337164143,138.41470336914062,7618200,2023-11-08 00:00:00-05:00
139.10332233847555,139.30416466915295,137.43912720011375,138.00341796875,7992500,2023-11-09 00:00:00-05:00
138.62511328872822,140.09801062664803,137.80258203420752,140.05018615722656,7983300,2023-11-10 00:00:00-05:00
139.35199634055942,139.8780363190165,138.83553001242464,139.4285125732422,6676300,2023-11-13 00:00:00-05:00
140.2893128418818,142.747347880854,140.13629495065456,141.97264099121094,9927700,2023-11-14 00:00:00-05:00
141.99172734754396,143.61765683865394,141.99172734754396,143.21595764160156,8365300,2023-11-15 00:00:00-05:00
143.5507242132401,144.92798717797052,143.5507242132401,144.85147094726562,8126200,2023-11-16 00:00:00-05:00
145.56880700754405,146.20005502094935,144.93755899413873,146.16180419921875,7812400,2023-11-17 00:00:00-05:00
145.45402430131793,147.05126227688535,145.3009918428977,146.61129760742188,7019000,2023-11-20 00:00:00-05:00
146.5252271201407,146.9365000413645,145.92268551059647,146.3052520751953,7083500,2023-11-21 00:00:00-05:00
146.72606761474492,147.1755913044763,146.23827851645316,146.64955139160156,5174500,2023-11-22 00:00:00-05:00
146.89821203495617,147.7111841021639,146.60172080389682,146.8503875732422,3496900,2023-11-24 00:00:00-05:00
146.74517431639677,146.8408232363841,146.05655754959744,146.51564025878906,6259100,2023-11-27 00:00:00-05:00
146.54433728743072,147.16601150778249,146.0661218582442,146.8503875732422,6582700,2023-11-28 00:00:00-05:00
147.452946899815,148.84934240484264,147.29035540162295,147.59642028808594,9126100,2023-11-29 00:00:00-05:00
148.16070181308922,149.32754858088393,147.6537946460609,149.27972412109375,9869800,2023-11-30 00:00:00-05:00
149.03108844116406,150.9822012992995,149.03108844116406,150.0066375732422,8916000,2023-12-01 00:00:00-05:00
149.2223515851095,151.16390512482474,149.0884518442318,151.1065216064453,9607500,2023-12-04 00:00:00-05:00
150.40831473969268,151.59429428318467,150.13095620620268,151.08738708496094,9135600,2023-12-05 00:00:00-05:00
151.91949457298878,152.2829430183623,149.2032340706674,149.49972534179688,9366000,2023-12-06 00:00:00-05:00
149.86315168247214,150.45613413726664,149.34667085270306,149.9587860107422,8130900,2023-12-07 00:00:00-05:00
150.4083366735589,151.86211590758788,150.14053715597186,151.6134490966797,7369400,2023-12-08 00:00:00-05:00
151.61340501611124,152.35941982591623,151.25951571834995,152.1681365966797,8093900,2023-12-11 00:00:00-05:00
152.29247173389658,153.65060171448343,151.95772971130148,153.52627563476562,10223000,2023-12-12 00:00:00-05:00
153.52630408097065,154.9705095983316,152.80898085024555,154.0427703857422,12379100,2023-12-13 00:00:00-05:00
154.77922885023088,157.65808087606143,154.6644618015135,156.84512329101562,13643000,2023-12-14 00:00:00-05:00
155.9747614435823,158.07890661972826,155.31482175149597,158.0310821533203,20309300,2023-12-15 00:00:00-05:00
158.69101181034705,159.8482996107325,158.41365327308523,158.9875030517578,8469600,2023-12-18 00:00:00-05:00
158.7675260715144,161.12991151250628,158.3371350943328,161.11077880859375,10345700,2023-12-19 00:00:00-05:00
160.67084201722457,162.02897222739736,159.19793016809442,159.2935791015625,10734700,2023-12-20 00:00:00-05:00
159.57094624455908,160.76648500734913,158.46148277013492,160.2021942138672,7601700,2023-12-21 00:00:00-05:00
160.2021552630154,160.90034564441572,159.94391486672606,160.10650634765625,6576300,2023-12-22 00:00:00-05:00
160.16391681612907,161.41683889657807,159.89610275124625,161.0533905029297,4683600,2023-12-26 00:00:00-05:00
160.52737912141274,162.08636635629225,160.27871230969336,162.0194091796875,6428600,2023-12-27 00:00:00-05:00
161.9715663627903,163.22448841091332,161.63680973580614,162.8801727294922,6320100,2023-12-28 00:00:00-05:00
162.59323963007887,163.25317923184892,162.2393648962505,162.6888885498047,6435100,2023-12-29 00:00:00-05:00
161.72289277926848,164.66870161877102,161.55074222727333,164.58262634277344,9977400,2024-01-02 00:00:00-05:00
164.3722178871527,164.54436844700683,162.94713056779034,163.8653106689453,9852300,2024-01-03 00:00:00-05:00
164.21173123041606,166.81964787201198,164.11549250883468,164.95272827148438,11972500,2024-01-04 00:00:00-05:00
165.01048392534204,166.848535049971,165.01048392534204,165.7803497314453,10066000,2024-01-05 00:00:00-05:00
165.53977966308594,165.8669678822626,163.10508933596955,165.53977966308594,11229900,2024-01-08 00:00:00-05:00
165.15483004288654,165.31842414321613,163.69210113971522,164.2310028076172,9923600,2024-01-09 00:00:00-05:00
163.5958590884502,164.63517572002957,162.58541113963955,164.5774383544922,9670200,2024-01-10 00:00:00-05:00
163.91342068320722,163.94228936446135,162.28708311404174,163.88455200195312,11919500,2024-01-11 00:00:00-05:00
167.25270113383752,169.66814045333157,162.53728253539273,162.681640625,19436500,2024-01-12 00:00:00-05:00
158.6591152889438,161.75781462803792,158.11059560979592,161.66159057617188,17206400,2024-01-16 00:00:00-05:00
161.03606860647986,162.70090770042705,160.21809808549406,160.7954864501953,11107500,2024-01-17 00:00:00-05:00
160.8243356200702,161.21889383265452,159.01516800943102,161.113037109375,9382300,2024-01-18 00:00:00-05:00
161.23814365632103,164.14437984764677,160.78584808507614,163.8941650390625,13115700,2024-01-19 00:00:00-05:00
164.03852678986695,165.50125557503034,163.3167803963043,163.7017059326172,12837500,2024-01-22 00:00:00-05:00
163.27826239022693,163.35525042643613,162.09460253693922,162.62388610839844,8360800,2024-01-23 00:00:00-05:00
162.97998750686259,164.5678239715903,162.49882316191835,164.07704162597656,9967100,2024-01-24 00:00:00-05:00
165.81885335169082,166.47324449311114,164.47159906637017,166.4251251220703,8873500,2024-01-25 00:00:00-05:00
166.10754824273263,166.54059319681937,165.30881370414298,165.78997802734375,7443000,2024-01-26 00:00:00-05:00
165.75149082341792,166.328879199069,164.84689954919781,166.2230224609375,6971200,2024-01-29 00:00:00-05:00
166.31924144122868,170.10118551216877,166.31924144122868,169.62965393066406,10822100,2024-01-30 00:00:00-05:00
169.56229176944086,171.58318764804025,167.7723600347859,167.79161071777344,11521800,2024-01-31 00:00:00-05:00
167.0987272074489,168.25351851940997,164.97197467171296,167.18533325195312,9354800,2024-02-01 00:00:00-05:00
166.77156682516997,169.19663926327556,166.73306545410523,168.14768981933594,8607600,2024-02-02 00:00:00-05:00
167.31044088693116,168.49410088199127,166.40584970808408,167.92633056640625,7820200,2024-02-05 00:00:00-05:00
168.03219211800783,169.2447208294231,167.21420696029546,168.5037384033203,6764800,2024-02-06 00:00:00-05:00
169.07151916254605,169.24473126744437,167.40669474604408,168.82130432128906,7225500,2024-02-07 00:00:00-05:00
168.40750489734666,168.70582441372977,167.03138204849066,168.2150421142578,6060300,2024-02-08 00:00:00-05:00
168.40749625854062,168.50373498713284,167.12759752489953,168.4171142578125,6296700,2024-02-09 00:00:00-05:00
168.19579325842392,170.14931916174322,167.15647659768763,169.16773986816406,8539300,2024-02-12 00:00:00-05:00
168.7154541673526,169.5911620177937,166.11715524688623,167.69537353515625,8397600,2024-02-13 00:00:00-05:00
168.47488487137227,169.46608221243557,167.84936243452663,169.39871215820312,7056700,2024-02-14 00:00:00-05:00
169.51417636405145,173.4212427995495,169.51417636405145,173.0940399169922,8723400,2024-02-15 00:00:00-05:00
172.84382735667683,173.19988421286885,171.4484539290391,172.28567504882812,8152600,2024-02-16 00:00:00-05:00
172.43965385763377,173.66181521796128,171.68903876929863,172.9593048095703,9668000,2024-02-20 00:00:00-05:00
173.1710263744216,174.1718563283898,171.79490354267645,174.08523559570312,7024000,2024-02-21 00:00:00-05:00
174.9706120688116,176.51032918535034,174.41245965822617,176.17352294921875,9296500,2024-02-22 00:00:00-05:00
176.88561111332976,178.22324723079254,176.28897210213543,177.058837890625,7105800,2024-02-23 00:00:00-05:00
176.82788325661636,177.51114303518028,175.60572180232452,176.45257568359375,7145400,2024-02-26 00:00:00-05:00
176.40444390207233,176.6257753567488,175.37475999068926,176.53916931152344,5717100,2024-02-27 00:00:00-05:00
176.51993437525894,178.22326016980873,176.0676534263031,177.4341583251953,6131600,2024-02-28 00:00:00-05:00
178.66591675030617,179.406899139091,176.92410447656243,179.05084228515625,9643000,2024-02-29 00:00:00-05:00
178.704418480522,179.41654693233417,178.12703012961975,178.3098602294922,6311800,2024-03-01 00:00:00-05:00
177.7517176702879,180.5232139830772,177.32829074756444,179.64749145507812,7063600,2024-03-04 00:00:00-05:00
179.33956519839563,182.16881373776664,179.33956519839563,181.4470672607422,6617800,2024-03-05 00:00:00-05:00
182.12068588792658,182.90980238103012,180.5617182690242,182.39013671875,7572900,2024-03-06 00:00:00-05:00
182.7558220781647,183.32359240976953,179.5993855462993,180.79266357421875,7618300,2024-03-07 00:00:00-05:00
181.3411995458129,183.28510738443455,180.84078457385738,181.12948608398438,6172200,2024-03-08 00:00:00-05:00
180.22487664110628,181.34118120256278,179.2048108012802,181.1968231201172,5762600,2024-03-11 00:00:00-04:00
181.83197423385838,182.99639822524358,180.8311590157492,182.68844604492188,5708400,2024-03-12 00:00:00-04:00
183.18889180649919,184.50727742581634,182.6884767712957,184.17047119140625,7795500,2024-03-13 00:00:00-04:00
183.83362380358804,184.4110268136827,180.05167960777032,180.88890075683594,10310900,2024-03-14 00:00:00-04:00
179.45501681018882,183.7470084347489,179.45501681018882,183.13111877441406,17214200,2024-03-15 00:00:00-04:00
183.4487109989458,185.4407236226383,182.7365825282125,185.40223693847656,9013800,2024-03-18 00:00:00-04:00
185.45033739219508,186.62436468900606,185.13276721536457,186.48963928222656,8478700,2024-03-19 00:00:00-04:00
186.87459260941117,189.15530668553535,186.31644026104934,188.93397521972656,9367000,2024-03-20 00:00:00-04:00
189.11680348809753,191.91716830113904,188.93395872119092,191.5611114501953,11203800,2024-03-21 00:00:00-04:00
191.51300796226826,192.92763216836758,189.13605516339223,189.21304321289062,8108800,2024-03-22 00:00:00-04:00
189.193809217081,189.52099741793748,187.03818786020395,187.48086547851562,8620000,2024-03-25 00:00:00-04:00
187.25952856744422,189.25155592218692,186.74949555742188,188.35658264160156,5961500,2024-03-26 00:00:00-04:00
189.0975780879144,192.0808027506755,188.98210334978447,192.00381469726562,8725800,2024-03-27 00:00:00-04:00
191.97494121797993,193.15860130615798,191.06071728405237,192.75442504882812,8628300,2024-03-28 00:00:00-04:00
192.45609612932935,193.37030533464744,191.08959132109106,191.44564819335938,7309000,2024-04-01 00:00:00-04:00
190.91637198199464,192.25400815995368,190.6180524629056,191.36866760253906,7014700,2024-04-02 00:00:00-04:00
191.54187143196205,192.04228639809702,190.25235467689177,190.8297576904297,9353400,2024-04-03 00:00:00-04:00
192.76565051880343,193.27865861619978,189.28106805175017,189.3778533935547,9243800,2024-04-04 00:00:00-04:00
189.87149384658753,191.76865177151936,188.85515185913454,191.12013244628906,6532300,2024-04-05 00:00:00-04:00
191.28469574348503,192.60109747099133,191.28469574348503,192.11712646484375,8001000,2024-04-08 00:00:00-04:00
191.72027731975658,192.50430796962533,188.661577082323,190.8297576904297,7351500,2024-04-09 00:00:00-04:00
189.28106567428404,190.75234168569236,187.9549750585706,189.20362854003906,7681400,2024-04-10 00:00:00-04:00
189.7166204704982,190.26835446638705,187.0451060299163,189.16488647460938,10137700,2024-04-11 00:00:00-04:00
182.28283196644617,182.8732623669157,176.68811400398238,176.9300994873047,31532300,2024-04-12 00:00:00-04:00
178.58528836308125,181.45040301106297,176.35901894175802,177.0269012451172,14766600,2024-04-15 00:00:00-04:00
177.0365754685463,177.28824982628674,173.89076415376618,175.00390625,16451800,2024-04-16 00:00:00-04:00
175.55561485062543,176.5719567831886,173.45518273379275,174.30697631835938,9017100,2024-04-17 00:00:00-04:00
175.29429825361947,177.48184180845732,174.2005190913893,175.43948364257812,9557700,2024-04-18 00:00:00-04:00
176.5526312223023,179.92108032799382,175.5943780062277,179.84364318847656,13402300,2024-04-19 00:00:00-04:00
180.02753088626974,184.03481001942976,180.01784201408847,183.337890625,11529700,2024-04-22 00:00:00-04:00
185.00276108430006,186.06748843344988,184.41231586745752,185.98037719726562,9144400,2024-04-23 00:00:00-04:00
184.42197341382698,187.0354136520906,184.0735137307504,186.89022827148438,6964900,2024-04-24 00:00:00-04:00
186.08682353384,187.72264764872023,185.05111864894113,187.17091369628906,9802300,2024-04-25 00:00:00-04:00
187.36453124493508,188.62284397024155,186.87087139552148,187.28709411621094,6413700,2024-04-26 00:00:00-04:00
187.27740196192687,188.03239549172775,186.2610599734651,187.0838165283203,5387800,2024-04-29 00:00:00-04:00
186.62889092266713,188.7390121206503,185.49640057768147,185.59320068359375,8153700,2024-04-30 00:00:00-04:00
186.1062103461062,188.2260056649916,184.67364556836887,185.7093505859375,7445300,2024-05-01 00:00:00-04:00
186.88057942854564,187.29678742228694,183.444382183411,185.51577758789062,6501700,2024-05-02 00:00:00-04:00
185.84487263103708,186.35788073329246,182.4183642905367,184.4026336669922,8922800,2024-05-03 00:00:00-04:00
185.58351541625962,186.0384493375641,183.73475742225128,185.84486389160156,7911100,2024-05-06 00:00:00-04:00
185.5544747029112,186.74503920339973,185.506074649963,185.60287475585938,7688800,2024-05-07 00:00:00-04:00
184.87692883500213,190.34579542934003,184.87692883500213,189.3778533935547,9227600,2024-05-08 00:00:00-04:00
188.9132569881215,191.2556750866502,188.84550872164766,191.16856384277344,7977300,2024-05-09 00:00:00-04:00
192.17520510507694,192.94956168690013,191.91387138979,192.39784240722656,7529800,2024-05-10 00:00:00-04:00
192.426863367981,193.4432053733881,191.69121803054014,192.35910034179688,7049200,2024-05-13 00:00:00-04:00
192.62045868143795,195.1177508226274,191.80739094327103,195.04998779296875,8596200,2024-05-14 00:00:00-04:00
195.53392195594407,196.1921300744696,193.365741729319,195.63072204589844,8370000,2024-05-15 00:00:00-04:00
195.7372472697295,197.92479103860714,195.5146247283363,195.97923278808594,8497900,2024-05-16 00:00:00-04:00
197.27625922000576,198.47651263266445,196.30831720742958,198.22483825683594,9260500,2024-05-17 00:00:00-04:00
197.83765536183188,199.27989419017035,189.13585187942704,189.31008911132812,17373300,2024-05-20 00:00:00-04:00
190.6845765475813,193.49160247723455,190.29740565025773,193.12379455566406,14420800,2024-05-21 00:00:00-04:00
192.6204580268264,194.4982678702276,191.35245636978948,191.95257568359375,9425300,2024-05-22 00:00:00-04:00
191.468615052786,191.9429119756025,189.7844053338992,190.60714721679688,8069400,2024-05-23 00:00:00-04:00
191.4105351363807,194.32403530988782,191.22662378878633,194.27565002441406,7356200,2024-05-24 00:00:00-04:00
193.4528908670126,193.98526192687098,192.29136340799076,193.10443115234375,6910200,2024-05-28 00:00:00-04:00
191.65249796720212,192.61076577410185,190.57808185751023,191.75897216796875,6120000,2024-05-29 00:00:00-04:00
192.19454569676367,193.44319904731097,192.03967144451227,192.9398651123047,6829100,2024-05-30 00:00:00-04:00
192.91084557220412,196.7826136127115,191.99130361650822,196.13409423828125,14417900,2024-05-31 00:00:00-04:00
195.82433398389654,195.930808189422,192.80435981935085,195.3500518798828,6444300,2024-06-03 00:00:00-04:00
193.743271576413,195.50491831176532,191.92353591538358,192.77532958984375,6848300,2024-06-04 00:00:00-04:00
193.35608851946316,193.4141774459212,190.60713678535936,190.9362335205078,8351600,2024-06-05 00:00:00-04:00
190.93622871529655,191.67187406902391,189.06810779253618,190.5974578857422,7640300,2024-06-06 00:00:00-04:00
191.10077539457484,194.4788981753938,190.69424154091888,193.5399932861328,6964500,2024-06-07 00:00:00-04:00
192.8527731617101,194.4014715301683,192.07841659266947,193.21090698242188,6070800,2024-06-10 00:00:00-04:00
191.56540854756057,191.59444562656412,187.39358080831894,188.12921142578125,9235300,2024-06-11 00:00:00-04:00
189.71660923940277,190.41352857736211,185.17695944089198,185.38990783691406,12751300,2024-06-12 00:00:00-04:00
186.15459105301892,188.34213440358081,184.76075237068451,187.45162963867188,8587800,2024-06-13 00:00:00-04:00
185.31248822490792,188.6131739055265,185.2834511472175,187.5677947998047,6874000,2024-06-14 00:00:00-04:00
187.27739622006445,189.31008013466652,186.46432856207215,188.72930908203125,8725400,2024-06-17 00:00:00-04:00
188.36151546527287,191.61380111316439,187.90658155250065,190.6845703125,9023000,2024-06-18 00:00:00-04:00
190.09413401036866,193.056034248581,189.82311142449456,192.30104064941406,8731100,2024-06-20 00:00:00-04:00
190.40386352012888,190.84910853687336,187.99368279772966,190.0070037841797,20972100,2024-06-21 00:00:00-04:00
191.4685828084913,192.84305851929594,190.78135233789956,192.50428771972656,9785900,2024-06-24 00:00:00-04:00
191.73960882413093,193.65614443423036,191.40083801843394,191.7202606201172,6862500,2024-06-25 00:00:00-04:00
191.1201472774884,191.5944441803384,189.98765689602826,191.1007843017578,7758600,2024-06-26 00:00:00-04:00
191.1104530348533,193.45287068422454,190.5877561325711,192.7849884033203,7913500,2024-06-27 00:00:00-04:00
193.59807048213818,196.10505144016432,192.91083994597997,195.77593994140625,15307600,2024-06-28 00:00:00-04:00
196.33736387037416,200.4511176246342,196.1631413890249,198.8636932373047,10205800,2024-07-01 00:00:00-04:00
198.70879223945298,202.16435201772606,198.20547307016201,202.13531494140625,7802900,2024-07-02 00:00:00-04:00
202.83224759934652,203.63564122593985,200.99314895076165,201.99981689453125,5560900,2024-07-03 00:00:00-04:00
201.46451091115304,201.8343569023776,199.06044513660848,199.32322692871094,8093100,2024-07-05 00:00:00-04:00
199.566550251189,201.37689904863052,198.52512110426176,199.69308471679688,8707000,2024-07-08 00:00:00-04:00
200.14079156889778,204.1605327199737,199.96558887640106,202.08740234375,9058900,2024-07-09 00:00:00-04:00
200.6371780955376,202.4183287910824,200.09212943817215,202.25286865234375,8328500,2024-07-10 00:00:00-04:00
200.70532691221428,202.54487365103782,199.89748159231806,201.91221618652344,10658100,2024-07-11 00:00:00-04:00
198.55431351532297,201.91221437653957,196.705039084932,199.46922302246094,15443400,2024-07-12 00:00:00-04:00
201.6591408630545,205.96114879231186,201.20168615358614,204.4427947998047,10719700,2024-07-15 00:00:00-04:00
204.3941349162131,208.03430247505668,202.5253903220117,207.91749572753906,11557000,2024-07-16 00:00:00-04:00
208.09269444146844,211.75231734532403,207.57684377514326,211.0807342529297,11572500,2024-07-17 00:00:00-04:00
209.87384874293699,210.85688185316707,203.6544278135567,204.37466430664062,12415100,2024-07-18 00:00:00-04:00
205.5621151981115,206.68142541530406,203.3429798832742,204.18002319335938,8095900,2024-07-19 00:00:00-04:00
204.84187445918562,206.50621848557168,204.1118953612886,204.6666717529297,7663200,2024-07-22 00:00:00-04:00
205.38691515141903,205.8346273305569,203.76149687218643,204.71533203125,5557300,2024-07-23 00:00:00-04:00
203.9561540312095,206.3699473179496,202.51566616590065,203.0217742919922,7119000,2024-07-24 00:00:00-04:00
203.0801696257991,204.579068287081,202.49619528558682,203.09963989257812,6403800,2024-07-25 00:00:00-04:00
203.65442465737732,207.46977999477056,203.0509652180435,206.5743408203125,8027800,2024-07-26 00:00:00-04:00
206.97340404443028,207.9077838383527,204.92947145063593,205.22146606445312,6533600,2024-07-29 00:00:00-04:00
207.5379171980237,210.02957677682636,207.2751354192565,209.4456024169922,8850700,2024-07-30 00:00:00-04:00
209.04654063182772,210.61356297991412,206.99286556509915,207.11940002441406,9071600,2024-07-31 00:00:00-04:00
207.5087107034121,208.12189786495327,200.87077552160073,202.40859985351562,10918600,2024-08-01 00:00:00-04:00
198.43750856046046,199.2064132873845,191.63409850715638,193.82403564453125,18041700,2024-08-02 00:00:00-04:00
188.8699191549906,190.9333218867359,185.8039981803061,189.6972198486328,13927000,2024-08-05 00:00:00-04:00
190.18387324063494,197.19168414997648,188.8212515924086,194.99200439453125,10605800,2024-08-06 00:00:00-04:00
198.07738022359274,200.2575897059211,194.8557416670121,195.05039978027344,9204400,2024-08-07 00:00:00-04:00
197.0651493642258,199.44001696271343,196.40329395657514,198.61270141601562,7761200,2024-08-08 00:00:00-04:00
198.03845573601825,200.95837200693634,197.48366451584198,200.30625915527344,5540200,2024-08-09 00:00:00-04:00
200.89996516169631,201.61047392400832,198.22337539185617,200.6858367919922,6936000,2024-08-12 00:00:00-04:00
202.18474421099714,202.53513477960428,199.91694064910405,202.38914489746094,6387800,2024-08-13 00:00:00-04:00
202.19446783893002,205.1338394349267,201.59100839582663,204.6277313232422,6999800,2024-08-14 00:00:00-04:00
207.31404556546272,208.1802867580393,205.46477128738826,205.9027557373047,7001000,2024-08-15 00:00:00-04:00
206.0390131699889,208.37494008360167,205.9416766938129,208.25814819335938,7931200,2024-08-16 00:00:00-04:00
208.2873491003476,209.7765051277612,208.11216126251603,209.69863891601562,6090800,2024-08-19 00:00:00-04:00
209.2606700025173,210.23397544438944,207.97589969054405,208.79348754882812,5640000,2024-08-20 00:00:00-04:00
208.7058629087971,209.26065409719806,207.15831093819642,208.871337890625,5202300,2024-08-21 00:00:00-04:00
208.85187367766028,211.0126128451228,208.61827503606966,210.84715270996094,5247100,2024-08-22 00:00:00-04:00
211.7912764956721,213.3388286306895,210.7206345366559,212.48231506347656,7214000,2024-08-23 00:00:00-04:00
213.1636340094112,213.81574691774506,212.22926903833658,213.31936645507812,5105200,2024-08-26 00:00:00-04:00
213.65027056396275,214.53598207363984,213.33882054770734,214.30238342285156,5185200,2024-08-27 00:00:00-04:00
213.39719980974263,216.27819020498686,213.33880386447774,215.3827362060547,6506400,2024-08-28 00:00:00-04:00
216.21978744329084,217.02763270288517,213.0954854438265,216.2781982421875,6416100,2024-08-29 00:00:00-04:00
216.56046671802255,219.46091285543187,216.0056754723349,218.799072265625,8574100,2024-08-30 00:00:00-04:00
216.36580031542942,218.11775306179587,213.38748807233762,214.419189453125,8956100,2024-09-03 00:00:00-04:00
215.13942637103617,216.14194463034985,211.4116796320134,213.47508239746094,7389500,2024-09-04 00:00:00-04:00
214.2731840738585,214.90584151305464,210.26317046221325,211.82046508789062,8067900,2024-09-05 00:00:00-04:00
211.7912564624436,212.90082400071475,205.45502893867877,206.78846740722656,7777000,2024-09-06 00:00:00-04:00
209.44558889056364,212.3265645231964,208.4625409434168,211.0223388671875,8935100,2024-09-09 00:00:00-04:00
212.76457351172357,212.803499194385,195.25480343232988,200.07266235351562,28406900,2024-09-10 00:00:00-04:00
199.77093380286098,202.15552906797424,196.44223110949054,201.6980743408203,13658700,2024-09-11 00:00:00-04:00
202.10687401898278,203.20671394772978,199.42055628008484,201.0849151611328,9054400,2024-09-12 00:00:00-04:00
201.3379576385375,202.30153534063777,197.6004684297529,198.8657684326172,10226700,2024-09-13 00:00:00-04:00
200.335470344673,202.65194215820492,200.1018716810642,202.311279296875,8634900,2024-09-16 00:00:00-04:00
202.1847408407912,204.32600990149194,202.11661718074754,203.66416931152344,7573300,2024-09-17 00:00:00-04:00
203.43056971564306,205.69837322929007,201.18223646968863,201.99008178710938,8259900,2024-09-18 00:00:00-04:00
204.1800020683674,206.25314728673416,201.80513455748857,204.86131286621094,11635200,2024-09-19 00:00:00-04:00
204.325994525629,205.77622491128707,203.9074803343127,205.4550323486328,20885000,2024-09-20 00:00:00-04:00
205.36744331284876,206.14609061797663,204.38441018664537,205.7957000732422,7223500,2024-09-23 00:00:00-04:00
205.513439393661,207.26539217026013,204.75426233237846,205.9416961669922,7323200,2024-09-24 00:00:00-04:00
206.02928663307486,206.574350150001,203.04124668081326,204.57907104492188,8976500,2024-09-25 00:00:00-04:00
205.4939915370097,206.04876793998747,203.43057381246075,204.18002319335938,7807500,2024-09-26 00:00:00-04:00
205.02678821755313,206.76901329935234,203.74203273932275,204.88079833984375,7032500,2024-09-27 00:00:00-04:00
200.80265811513127,205.32853766381098,199.78068435565754,205.231201171875,8663800,2024-09-30 00:00:00-04:00
203.32348640455743,203.50841680159343,200.685837161513,201.5131378173828,8540100,2024-10-01 00:00:00-04:00
201.55206866615586,203.3721448730908,200.19917485723604,201.75645446777344,5810900,2024-10-02 00:00:00-04:00
200.6663896327238,200.97785451596246,198.88523881679325,199.75148010253906,7251300,2024-10-03 00:00:00-04:00
204.96118851447628,207.28205334443106,202.6207341030634,206.8413848876953,10211700,2024-10-04 00:00:00-04:00
206.6553365365295,208.90766041202338,205.34311838855845,206.55740356445312,6718900,2024-10-07 00:00:00-04:00
206.214659941196,206.94911237547785,204.0602691224638,206.38113403320312,6021800,2024-10-08 00:00:00-04:00
205.35288821316414,209.79878177911522,205.03952962566973,208.9957733154297,7024000,2024-10-09 00:00:00-04:00
210.35697364823073,210.35697364823073,207.08621563128509,208.4278106689453,7927100,2024-10-10 00:00:00-04:00
211.19912324790937,219.97338753283674,210.69970101199584,217.681884765625,18320700,2024-10-11 00:00:00-04:00
218.5730325095481,219.06266744569965,214.34259443128457,216.88868713378906,9048900,2024-10-14 00:00:00-04:00
219.02350788076828,220.77639441475992,217.22165486362624,217.7798309326172,9235800,2024-10-15 00:00:00-04:00
217.72106515139072,219.04307046888198,216.45779869098646,219.00390625,6382500,2024-10-16 00:00:00-04:00
219.62087671439372,221.1681250344366,218.6807709840925,219.76776123046875,6470200,2024-10-17 00:00:00-04:00
220.3357035224736,221.23662993933564,218.475096891939,220.69802856445312,7000500,2024-10-18 00:00:00-04:00
220.55117773425016,221.02122312294728,218.27926429434606,218.377197265625,5870000,2024-10-21 00:00:00-04:00
218.396765381251,220.60990985536446,216.51656906880135,219.4739532470703,9586800,2024-10-22 00:00:00-04:00
219.02350399237045,220.1398710530058,217.91692425120232,218.7786865234375,6180500,2024-10-23 00:00:00-04:00
217.23143747236205,220.394474974644,217.06496338723906,220.31613159179688,6002200,2024-10-24 00:00:00-04:00
220.3357153270423,220.942857849908,216.30112834353372,217.70147705078125,6369700,2024-10-25 00:00:00-04:00
218.71993884440727,220.96246034792105,218.32822191766556,220.8253631591797,6843000,2024-10-28 00:00:00-04:00
220.5413770816453,222.0494461278477,218.19112039529367,218.2792510986328,6580000,2024-10-29 00:00:00-04:00
217.92672018698767,221.61857194835616,216.9866294369007,219.75796508789062,7110900,2024-10-30 00:00:00-04:00
220.04193382573413,221.01141636321765,217.22164679914314,217.31956481933594,7829900,2024-10-31 00:00:00-04:00
218.92556292905866,221.46186822718468,218.08339026938503,218.31842041015625,6923500,2024-11-01 00:00:00-04:00
218.0344223689788,219.12141248144985,214.6265675335852,215.2239227294922,8229600,2024-11-04 00:00:00-05:00
215.46875788666088,217.3587565899304,215.43938098465173,216.89849853515625,5600700,2024-11-05 00:00:00-05:00
230.12842309869163,242.85893161053414,229.90319520891288,241.93841552734375,23987800,2024-11-06 00:00:00-05:00
239.43147904643865,239.50003510853182,230.34385600645422,231.4798126220703,16451100,2024-11-07 00:00:00-05:00
234.37844502414484,234.37844502414484,230.8922467086113,232.06736755371094,9502100,2024-11-08 00:00:00-05:00
235.0247712217789,237.0812439469585,234.04550134168815,234.32948303222656,9017100,2024-11-11 00:00:00-05:00
235.5633852001452,236.45452442472,233.8104836535663,234.59390258789062,6861000,2024-11-12 00:00:00-05:00
235.5927577406773,239.02998976007356,235.32835067996282,236.16073608398438,11472600,2024-11-13 00:00:00-05:00
237.3946042340084,239.22583414126578,236.05300927029342,236.8560028076172,10172200,2024-11-14 00:00:00-05:00
236.45452071309373,241.31169113320945,236.45452071309373,240.22470092773438,11518800,2024-11-15 00:00:00-05:00
242.62388768127715,242.79036175926666,237.64919515219538,239.9504852294922,9051400,2024-11-18 00:00:00-05:00
237.22812186580927,240.0679984622398,236.54263595727141,238.0507049560547,6792700,2024-11-19 00:00:00-05:00
239.3335414956658,239.5391947355304,233.69295263010096,235.78858947753906,9015300,2024-11-20 00:00:00-05:00
238.18779927110523,240.4009586752127,237.0910218306447,239.6860809326172,8783500,2024-11-21 00:00:00-05:00
238.5599415227652,243.98509020740502,237.99196318627313,243.3975372314453,7997300,2024-11-22 00:00:00-05:00
244.41595453367563,249.03810935031535,243.89694271651868,245.1014404296875,10295400,2024-11-25 00:00:00-05:00
245.2973257346259,245.79674801065607,243.19188645749702,244.78810119628906,6212100,2024-11-26 00:00:00-05:00
244.1809502113333,245.98280320180402,243.61297188863597,244.61181640625,5472300,2024-11-27 00:00:00-05:00
244.68037111032748,246.5507801542937,244.2788668761305,244.54327392578125,5494800,2024-11-29 00:00:00-05:00
244.37679615800982,245.06228207041164,239.95049221404463,241.14520263671875,8899700,2024-12-02 00:00:00-05:00
243.08415670302463,243.87736291037757,239.55879412118145,239.74485778808594,6657700,2024-12-03 00:00:00-05:00
239.62733237424533,240.26386675037756,237.2085346183818,238.35427856445312,7346300,2024-12-04 00:00:00-05:00
240.30304361033552,242.0559301817918,239.54900159262675,240.39117431640625,6572500,2024-12-05 00:00:00-05:00
240.60660144053932,242.60432032128764,239.76442876384584,242.23219299316406,5519700,2024-12-06 00:00:00-05:00
242.00698166753924,242.73163184981664,238.7068318550342,238.75579833984375,7076500,2024-12-09 00:00:00-05:00
238.83413201717414,242.81976762755573,237.1987530998406,237.8254852294922,9108300,2024-12-10 00:00:00-05:00
238.9418406612238,239.20624770158534,237.15956238226588,238.48158264160156,7884400,2024-12-11 00:00:00-05:00
237.9625839681949,239.03978682734456,236.04320840347538,236.52305603027344,6113800,2024-12-12 00:00:00-05:00
237.05186831410091,237.68838776257604,234.1825997799997,234.9660186767578,10392700,2024-12-13 00:00:00-05:00
235.6221263951343,235.68088019713136,232.5961860525048,234.6134796142578,9032000,2024-12-16 00:00:00-05:00
233.70275916639545,234.06509919571647,231.7246446972801,233.4187774658203,8083600,2024-12-17 00:00:00-05:00
234.04549446770358,234.11405052968323,224.7718077802173,225.59439086914062,11322400,2024-12-18 00:00:00-05:00
227.45502342538467,231.46023372259285,227.45502342538467,228.13072204589844,11790800,2024-12-19 00:00:00-05:00
227.11226932732094,234.25115513761958,226.78910847304047,232.67453002929688,32348400,2024-12-20 00:00:00-05:00
231.17625223907558,233.67337852765274,230.01091866842074,233.44815063476562,8611500,2024-12-23 00:00:00-05:00
234.46659355526893,237.4631721104826,234.1140707231568,237.28689575195312,3729100,2024-12-24 00:00:00-05:00
236.42512754570095,238.2171932767263,235.79839540008058,238.0996856689453,4451800,2024-12-26 00:00:00-05:00
237.68838828184474,238.34449731335218,235.06393721334237,236.17051696777344,5730200,2024-12-27 00:00:00-05:00
233.82027004526657,235.8473508974243,232.19467848181526,234.35887145996094,5723800,2024-12-30 00:00:00-05:00
