Open,High,Low,Close,Volume,Date
151.04081043121997,152.8957614430933,150.61274704618017,152.79112243652344,22622100,2020-01-02 00:00:00-05:00
150.60326014654098,152.15380170810275,150.35592363465673,150.8886260986328,21116200,2020-01-03 00:00:00-05:00
149.4236443274812,151.34519001394506,148.8814201698209,151.27859497070312,20813700,2020-01-06 00:00:00-05:00
151.55453302244598,151.88746483638144,149.65201574834077,149.8993377685547,21634100,2020-01-07 00:00:00-05:00
151.18349353765257,152.96235665110237,150.2512643514122,152.28695678710938,27746500,2020-01-08 00:00:00-05:00
153.95166902241928,154.31315188987753,153.18115197551302,154.18948364257812,21385000,2020-01-09 00:00:00-05:00
154.883901340539,155.26439889865875,153.32382361311434,153.4760284423828,20725900,2020-01-10 00:00:00-05:00
153.87554020246824,155.34999349749867,153.39991104375198,155.3214569091797,21626500,2020-01-13 00:00:00-05:00
155.4261194989962,155.62589016260503,153.83751960953416,154.2275390625,23477400,2020-01-14 00:00:00-05:00
154.69366166701423,155.94932992763327,154.6461103512771,155.2263641357422,21417900,2020-01-15 00:00:00-05:00
156.3393197224824,158.1371974704603,156.03491007528677,158.0706024169922,23865400,2020-01-16 00:00:00-05:00
159.25965632618494,159.30722214224815,157.36664716124207,158.95526123046875,34371700,2020-01-17 00:00:00-05:00
158.55577157743207,159.99218130864583,158.3179569347865,158.38455200195312,29517200,2020-01-21 00:00:00-05:00
159.24064091985528,159.3262652022215,157.6044754075849,157.62350463867188,24138800,2020-01-22 00:00:00-05:00
158.0896452143955,158.66991345348552,157.21448917618713,158.59381103515625,19680800,2020-01-23 00:00:00-05:00
159.34530668619095,159.3643359204746,156.43445798806613,156.99569702148438,24918100,2020-01-24 00:00:00-05:00
153.29526697351514,155.4165834020012,152.39157450488025,154.3701934814453,32078100,2020-01-27 00:00:00-05:00
155.79711137360556,157.68059908383785,155.12172598695543,157.39523315429688,24899900,2020-01-28 00:00:00-05:00
159.65922324879887,160.5248719679126,157.61402327863624,159.84947204589844,34754500,2020-01-29 00:00:00-05:00
165.56651584401405,165.56651584401405,162.46540438725938,164.35841369628906,51597500,2020-01-30 00:00:00-05:00
163.81621076924645,163.99693766743874,161.3143966039244,161.93270874023438,36142700,2020-01-31 00:00:00-05:00
162.12296502881173,165.99459375290948,162.09442843750818,165.8804473876953,30107000,2020-02-03 00:00:00-05:00
168.50592160194358,171.83532618385004,167.71637534499953,171.34066772460938,36433300,2020-02-04 00:00:00-05:00
175.0601111787714,175.22182339174296,169.7140427303393,171.13140869140625,39186300,2020-02-05 00:00:00-05:00
172.14924495581388,174.8603373773768,171.2835962721511,174.67959594726562,27751400,2020-02-06 00:00:00-05:00
173.9376232019867,176.58212068098362,173.58564768539304,174.9269256591797,33529100,2020-02-07 00:00:00-05:00
174.63201831574622,179.6356322600572,174.3181013028354,179.50245666503906,35844300,2020-02-10 00:00:00-05:00
181.35737882234736,181.4049446376646,174.55588816839932,175.4500732421875,53159900,2020-02-11 00:00:00-05:00
176.53452983335058,176.79137365715482,172.98634018174704,175.70693969726562,47062900,2020-02-12 00:00:00-05:00
174.1564396955326,177.15289871119623,173.95666898746248,174.7557373046875,35295800,2020-02-13 00:00:00-05:00
174.31816202108521,176.37288435853526,173.7474009778859,176.31581115722656,23149500,2020-02-14 00:00:00-05:00
176.5630918419848,178.55121863549235,176.45845282574476,178.1041259765625,27792200,2020-02-18 00:00:00-05:00
179.3822975035221,179.49675565565298,177.86566876899207,178.63829040527344,29997500,2020-02-19 00:00:00-05:00
178.32350404731486,178.609663963269,172.74345118234925,175.91024780273438,36862400,2020-02-20 00:00:00-05:00
174.7179393481353,175.03271382255443,169.07110912832576,170.34927368164062,48572600,2020-02-21 00:00:00-05:00
160.02853428667305,166.49568121094842,155.69801694393684,163.0045623779297,68311100,2020-02-24 00:00:00-05:00
166.16182874650244,166.77229643217194,159.9140646567096,160.314697265625,68073300,2020-02-25 00:00:00-05:00
161.87904408082238,165.26522408017428,160.44825887950762,162.31781005859375,56206100,2020-02-26 00:00:00-05:00
155.7838955370893,159.32269602302145,150.69028929512686,150.8810577392578,93174900,2020-02-27 00:00:00-05:00
145.37728717616818,156.15586961350579,144.98620247898583,154.5343017578125,97012700,2020-02-28 00:00:00-05:00
157.68202121865457,164.94087002052518,154.82045161825403,164.81686401367188,71030800,2020-03-02 00:00:00-05:00
165.7803297111569,166.92495506350934,154.7728130951935,156.9189910888672,71677000,2020-03-03 00:00:00-05:00
160.71532480954662,162.82334002083235,157.97774611203417,162.68026733398438,49814400,2020-03-04 00:00:00-05:00
158.38788293870178,162.9854639383648,158.0444939987302,158.5977325439453,47817300,2020-03-05 00:00:00-05:00
155.1066131661126,155.58354143800216,148.8016208295447,154.11460876464844,72821100,2020-03-06 00:00:00-05:00
144.0323615605744,150.47089427934182,143.07850486149775,143.66989135742188,70419300,2020-03-09 00:00:00-04:00
150.86198947404407,153.5995537326078,145.5394669777741,153.49462890625,65354400,2020-03-10 00:00:00-04:00
149.87951421502953,150.42320498839098,144.17544043039595,146.541015625,56371600,2020-03-11 00:00:00-04:00
138.59538160235746,146.38838910499453,132.18546340559118,132.643310546875,93226400,2020-03-12 00:00:00-04:00
140.69386947918466,154.43894862787204,134.23625525895997,151.50106811523438,92727400,2020-03-13 00:00:00-04:00
133.53994558802734,142.45851206167876,128.77066181702637,129.17127990722656,87905900,2020-03-16 00:00:00-04:00
133.53993269767716,140.69385766362416,128.77064938704584,139.80677795410156,81059800,2020-03-17 00:00:00-04:00
131.6322279550157,139.26308174950935,128.78973899188242,133.92147827148438,81593200,2020-03-18 00:00:00-04:00
136.18212226051716,143.22157466077158,132.5860785020876,136.12489318847656,85922700,2020-03-19 00:00:00-04:00
139.26304440324083,140.31229234048558,129.590940394683,131.01219177246094,84866200,2020-03-20 00:00:00-04:00
130.6879003068529,134.0836423608826,126.40509306902422,129.70542907714844,78975200,2020-03-23 00:00:00-04:00
137.1168883034806,142.69695531892708,134.75132797536872,141.49508666992188,82516700,2020-03-24 00:00:00-04:00
142.03878961240642,147.2086906310466,137.7750494516357,140.14060974121094,75638200,2020-03-25 00:00:00-04:00
141.55232885298807,149.4311945319734,141.52371431628413,148.9065704345703,64568100,2020-03-26 00:00:00-04:00
144.74775225902962,147.742861674162,142.3154147961261,142.79234313964844,57042300,2020-03-27 00:00:00-04:00
145.40593346202493,153.18940847212681,143.08805386095278,152.8364715576172,63420300,2020-03-30 00:00:00-04:00
152.04476019890492,157.17651417379767,149.3358105207715,150.43275451660156,77927200,2020-03-31 00:00:00-04:00
145.94004191728072,150.47086021209827,143.86064177033379,145.0911102294922,57969900,2020-04-01 00:00:00-04:00
144.85270245427424,148.30565960881376,143.42191717304067,148.09580993652344,49630700,2020-04-02 00:00:00-04:00
147.94313696146202,150.11792844053107,145.16741127867596,146.7317352294922,41243300,2020-04-03 00:00:00-04:00
152.92227333784066,158.81709922367324,150.30870142023556,157.64385986328125,67111700,2020-04-06 00:00:00-04:00
161.76453069382984,162.15561537698372,155.72661691587626,155.94601440429688,62769000,2020-04-07 00:00:00-04:00
158.0254216203681,158.97927822305374,155.95555453910382,157.51034545898438,48318200,2020-04-08 00:00:00-04:00
158.68361919007526,159.64700932663945,155.79343422568292,157.51991271972656,51385100,2020-04-09 00:00:00-04:00
156.76637042886347,157.93007688572814,154.81096108382366,157.87283325195312,41905300,2020-04-13 00:00:00-04:00
161.2017527315385,165.7325712254723,160.24789620649983,165.68487548828125,52874300,2020-04-14 00:00:00-04:00
163.30026817491645,165.5609185071201,161.43071714722825,163.9488983154297,40940800,2020-04-15 00:00:00-04:00
166.2572154341446,169.09970414895645,164.92180740395108,168.8707733154297,50479600,2020-04-16 00:00:00-04:00
171.21727562276104,171.69420396711413,167.7547711852542,170.3588104248047,52765600,2020-04-17 00:00:00-04:00
168.47973997425348,170.50191183756408,166.9154153233584,166.982177734375,36669600,2020-04-20 00:00:00-04:00
165.49413179476156,165.6562856816567,158.44513160482677,160.07623291015625,56203700,2020-04-21 00:00:00-04:00
163.4814947386525,165.97106123943186,162.93780400303513,165.51321411132812,34620200,2020-04-22 00:00:00-04:00
166.07596247651728,166.9821232770227,163.02362446469579,163.5100860595703,32790800,2020-04-23 00:00:00-04:00
164.12055841490894,166.50519982987552,162.83286078364466,166.49566650390625,34277600,2020-04-24 00:00:00-04:00
168.44154254173102,168.73723577485046,165.30336056336014,166.0187530517578,33194400,2020-04-27 00:00:00-04:00
167.48768603629338,167.56399631501924,161.57377770466547,161.97439575195312,34392700,2020-04-28 00:00:00-04:00
165.22705414797102,169.48124676114833,163.94888969860907,169.24278259277344,51286600,2020-04-29 00:00:00-04:00
171.69422957933304,172.0757664898515,168.09818525116097,170.94068908691406,53875900,2020-04-30 00:00:00-04:00
167.68799480298716,170.3969440799021,165.98058332194304,166.51475524902344,39370500,2020-05-01 00:00:00-04:00
166.43842523573474,170.74031279323725,165.78026192470793,170.5876922607422,30372900,2020-05-04 00:00:00-04:00
172.28557381784552,175.17575814112513,171.59879590392794,172.4191131591797,36839200,2020-05-05 00:00:00-04:00
173.6781927800225,175.70036389685515,173.24896026716397,174.11695861816406,32139300,2020-05-06 00:00:00-04:00
175.6717423711986,176.03421248325236,174.15511409396507,175.1280517578125,28316000,2020-05-07 00:00:00-04:00
176.44437825601807,176.46345946208552,174.8991353225554,176.15821838378906,30877800,2020-05-08 00:00:00-04:00
174.6988728933028,178.85768926144874,174.4127274875704,178.12322998046875,30892700,2020-05-11 00:00:00-04:00
178.18041663139275,178.40933290146666,173.88806191114628,174.08836364746094,32038200,2020-05-12 00:00:00-04:00
174.1265358059176,175.55732079272926,168.39384797708584,171.4557342529297,44711500,2020-05-13 00:00:00-04:00
169.34770096391762,172.35235810390702,167.573527036543,172.19973754882812,41873900,2020-05-14 00:00:00-04:00
170.7975711556123,178.42842443314447,168.83262876539936,174.70838928222656,46610400,2020-05-15 00:00:00-04:00
177.17886054947482,177.6080931015087,175.4714636674925,176.37762451171875,35264500,2020-05-18 00:00:00-04:00
176.4920859259728,177.9896477775563,175.02315316277384,175.1566925048828,26799100,2020-05-19 00:00:00-04:00
176.77320062473433,177.76798251744347,175.94103881842096,177.58624267578125,31261300,2020-05-20 00:00:00-04:00
177.3375642252304,178.55234023196323,175.3193205301286,175.45323181152344,29119500,2020-05-21 00:00:00-04:00
175.22366273267104,176.4384386338719,174.6019203696662,175.5297393798828,20826900,2020-05-22 00:00:00-04:00
178.23672272101425,178.3897683844156,173.22460130414157,173.67416381835938,36073600,2020-05-26 00:00:00-04:00
172.36368435172727,174.07585123879124,168.92024541644372,173.90367126464844,39517100,2020-05-27 00:00:00-04:00
172.88017183753388,176.14187020653338,172.53582655985517,173.51145935058594,33810200,2020-05-28 00:00:00-04:00
174.78367587861493,176.25671457318845,172.56457255301947,175.28106689453125,42130400,2020-05-29 00:00:00-04:00
174.6019059884931,175.04190846445908,173.56888461840913,174.87930297851562,22622400,2020-06-01 00:00:00-04:00
176.23756372819798,176.95494865517844,173.46368118196705,176.86886596679688,30794600,2020-06-02 00:00:00-04:00
176.7827447581164,177.85403467850233,175.59666334966727,177.29925537109375,27311000,2020-06-03 00:00:00-04:00
176.28540132885283,177.75842536571852,174.37237475902313,174.9654083251953,28761800,2020-06-04 00:00:00-04:00
174.6784330023025,179.56621595665115,174.09495937621747,179.05926513671875,39893600,2020-06-05 00:00:00-04:00
177.8540630970701,180.35056308169897,176.4192933264842,180.1688232421875,33211600,2020-06-08 00:00:00-04:00
179.82447697848326,182.40705963306385,179.11665197439055,181.54620361328125,29783900,2020-06-09 00:00:00-04:00
182.81837746989203,189.88700962289897,182.7035859580672,188.28005981445312,43872300,2020-06-10 00:00:00-04:00
184.73138903425857,187.24700868997357,177.97840854130584,178.16970825195312,52854700,2020-06-11 00:00:00-04:00
182.25403113045203,183.3827243729169,177.12711944513842,179.5758056640625,43373600,2020-06-12 00:00:00-04:00
176.55320425253194,182.52185174111463,176.00798473503326,180.72360229492188,32770200,2020-06-15 00:00:00-04:00
184.50184609457222,187.0748691543929,183.13403910914946,185.15228271484375,42556700,2020-06-16 00:00:00-04:00
186.54876031192143,187.78267046088928,185.26703618116915,185.79312133789062,25687800,2020-06-17 00:00:00-04:00
185.56353646984135,187.94525927984577,185.56353646984135,187.78265380859375,23061600,2020-06-18 00:00:00-04:00
189.95395141901264,190.62350773479815,185.91746457854902,186.66354370117188,44441100,2020-06-19 00:00:00-04:00
187.27572310292848,192.0295951308486,186.7400780172869,191.84786987304688,32818900,2020-06-22 00:00:00-04:00
193.3017430015885,195.08085808140584,192.67044080660077,193.12957763671875,30917400,2020-06-23 00:00:00-04:00
192.83308686871308,194.41132797357815,188.0122516696162,189.23658752441406,36740600,2020-06-24 00:00:00-04:00
189.19830119159062,191.88610076811207,186.9696238336156,191.62783813476562,27803900,2020-06-25 00:00:00-04:00
191.0444063818286,191.19745201994246,186.40532541398008,187.79226684570312,54675800,2020-06-26 00:00:00-04:00
187.26615717007454,189.8965685268457,185.13313677470367,189.81048583984375,26701600,2020-06-29 00:00:00-04:00
189.27481438772347,195.51126920842944,189.14090313930907,194.65997314453125,34310300,2020-06-30 00:00:00-04:00
194.3061051830812,197.37651920325007,192.99568667298786,195.7982635498047,32061200,2020-07-01 00:00:00-04:00
196.73564108780818,198.97389321742278,196.08521907415263,197.29042053222656,29315800,2020-07-02 00:00:00-04:00
199.74863290839815,201.94861596277482,199.0408079583998,201.5373077392578,31897600,2020-07-06 00:00:00-04:00
201.29817349995886,205.33465983977123,198.94515951129856,199.19384765625,33600700,2020-07-07 00:00:00-04:00
200.93472078064175,203.98598541378726,199.61472798711608,203.57469177246094,33600000,2020-07-08 00:00:00-04:00
206.9224792519767,206.97030782569425,202.27382503412377,204.99989318847656,33121700,2020-07-09 00:00:00-04:00
204.33036050426486,204.77036303130967,201.90082321516783,204.37818908691406,26177600,2020-07-10 00:00:00-04:00
205.1529527212435,206.41555718586292,197.51998126087832,198.06520080566406,38135600,2020-07-13 00:00:00-04:00
197.16609009947808,199.7678074285818,193.2443797532636,199.28955078125,37591800,2020-07-14 00:00:00-04:00
200.4469310815335,202.13996376214706,196.11392686464205,198.99302673339844,32179400,2020-07-15 00:00:00-04:00
196.46785135633993,196.75480830244825,193.51222838046834,195.05221557617188,29940700,2020-07-16 00:00:00-04:00
195.57827143485213,196.1234764146672,192.63220878244547,194.0574188232422,31635300,2020-07-17 00:00:00-04:00
196.08517101020536,203.06771904327343,194.18170482757938,202.39816284179688,36884800,2020-07-20 00:00:00-04:00
204.36857095291603,204.63639342512735,198.98339809586633,199.67208862304688,37990400,2020-07-21 00:00:00-04:00
200.1025450789428,203.06774163784718,199.32777177422597,202.54165649414062,49605700,2020-07-22 00:00:00-04:00
198.17997288593918,201.7477630468443,193.35913816897454,193.732177734375,67457000,2020-07-23 00:00:00-04:00
191.7043605733263,194.03825495562663,188.92090385040757,192.5460968017578,39827000,2020-07-24 00:00:00-04:00
192.7087082336092,195.09999114255334,192.12523462001752,194.98521423339844,30160900,2020-07-27 00:00:00-04:00
194.75567012189074,195.79826609743196,192.9669949532802,193.2348175048828,23251400,2020-07-28 00:00:00-04:00
193.6939226783325,195.75042021682404,193.22522595682696,195.1860809326172,19632600,2020-07-29 00:00:00-04:00
192.25915284158472,195.56869492931756,190.89134597384654,195.0330352783203,25079600,2020-07-30 00:00:00-04:00
195.51129868383293,196.18086962208122,190.35569294976955,196.0947723388672,51044000,2020-07-31 00:00:00-04:00
202.32165161877367,208.17550702250776,201.2886157366033,207.1233367919922,78983000,2020-08-03 00:00:00-04:00
204.85644582294373,205.43035962454596,201.16430400722945,204.01470947265625,49280100,2020-08-04 00:00:00-04:00
205.5546740182705,205.6503311731883,202.36949801181146,203.67991638183594,28806400,2020-08-05 00:00:00-04:00
203.10600788717565,206.96075488712705,202.3503688866513,206.94163513183594,32656800,2020-08-06 00:00:00-04:00
205.50687550334305,206.31990300040553,201.75733075780226,203.23992919921875,27820400,2020-08-07 00:00:00-04:00
202.46512061783247,202.6659947852699,197.37647865378128,199.19384765625,36716500,2020-08-10 00:00:00-04:00
198.1512785277796,198.6199606560436,194.30609136716086,194.53565979003906,36446500,2020-08-11 00:00:00-04:00
196.36260698797477,201.13561356193034,195.8460962329997,200.093017578125,28013100,2020-08-12 00:00:00-04:00
200.33210779153006,202.1590513317306,199.09819770816105,199.62428283691406,22588900,2020-08-13 00:00:00-04:00
199.68167102417888,200.47557865465978,198.48602964006278,199.81558227539062,17958900,2020-08-14 00:00:00-04:00
200.48515243581372,202.00600476831298,199.83471593557545,201.1355743408203,20184800,2020-08-17 00:00:00-04:00
201.37474009494085,203.12516115245592,200.1121501522033,202.29299926757812,21336200,2020-08-18 00:00:00-04:00
202.78194862696958,203.36683258941633,200.6341748927937,201.06564331054688,27627600,2020-08-19 00:00:00-04:00
200.91226288752276,206.14745587889678,200.3082128492784,205.7447509765625,26981500,2020-08-20 00:00:00-04:00
205.0543721150226,207.34596391714066,204.08596386267155,204.24896240234375,36249300,2020-08-21 00:00:00-04:00
205.94611770309248,206.6460708350552,203.68328899285845,204.89141845703125,25460100,2020-08-24 00:00:00-04:00
204.3257087243152,207.6911807782171,204.3257087243152,207.55694580078125,23043700,2020-08-25 00:00:00-04:00
208.9089016813827,212.9455487864781,208.41030833185587,212.04425048828125,39600800,2020-08-26 00:00:00-04:00
213.71261815914224,221.63251163516162,210.3663118494096,217.2506866455078,57602200,2020-08-27 00:00:00-04:00
218.78478808590117,221.14350517267079,217.25067611667052,219.4847412109375,26292900,2020-08-28 00:00:00-04:00
217.65337102666288,219.2833713197023,215.07412829784337,216.243896484375,28774200,2020-08-31 00:00:00-04:00
216.2247349646736,218.08485879041012,215.1892016607424,217.9122772216797,25725500,2020-09-01 00:00:00-04:00
218.58340731956525,223.27206250514445,217.9889403085082,222.11187744140625,34080800,2020-09-02 00:00:00-04:00
219.82990946115655,219.86825604076049,206.10911995937482,208.35276794433594,58400300,2020-09-03 00:00:00-04:00
206.24335217978393,209.36911775904642,196.74138882603222,205.4283447265625,59664100,2020-09-04 00:00:00-04:00
197.997437643837,201.38209000793702,193.8744856529957,194.3155517578125,52924300,2020-09-08 00:00:00-04:00
199.05217155822652,205.99405853242104,198.18921986500675,202.59022521972656,45679000,2020-09-09 00:00:00-04:00
204.61330615433806,205.89814313148807,195.70582586008229,196.9139404296875,35461500,2020-09-10 00:00:00-04:00
198.66864072960442,200.03976880285725,192.95404894109103,195.62916564941406,33620100,2020-09-11 00:00:00-04:00
195.83049239384434,200.5862578795132,195.62913263534196,196.9523162841797,30375800,2020-09-14 00:00:00-04:00
199.83838550770025,201.14238861992482,198.40973041333572,200.18356323242188,21823900,2020-09-15 00:00:00-04:00
201.94779697883519,201.97656056981185,196.21402529943012,196.60714721679688,26328100,2020-09-16 00:00:00-04:00
191.81305616529662,195.916828390825,191.72676537623815,194.5552978515625,34011300,2020-09-17 00:00:00-04:00
194.44976468598855,195.26475737462349,188.16945633815408,192.1389923095703,55225300,2020-09-18 00:00:00-04:00
189.0707782458869,194.36349841827462,188.29413203216168,194.2004852294922,39839700,2020-09-21 00:00:00-04:00
196.61677910804298,199.53161718314183,193.75948285972405,198.87960815429688,33517100,2020-09-22 00:00:00-04:00
199.33974379228468,199.53152052761635,191.79379450722695,192.3307342529297,30803800,2020-09-23 00:00:00-04:00
191.62125722458802,197.10573954514186,190.9980119519485,194.82373046875,31202500,2020-09-24 00:00:00-04:00
195.16890368391725,200.4328455125299,194.20048071309097,199.26309204101562,29437300,2020-09-25 00:00:00-04:00
202.19713261400415,203.81755010191583,199.49323759453853,200.81642150878906,32004900,2020-09-28 00:00:00-04:00
200.73010675192674,201.4204622220947,198.29468200146903,198.7261505126953,24221900,2020-09-29 00:00:00-04:00
199.1767869931301,203.25179475383445,198.03578247925066,201.66973876953125,33829100,2020-09-30 00:00:00-04:00
204.69964038543978,205.17905308654628,202.6189910182993,203.71205139160156,27158400,2020-10-01 00:00:00-04:00
199.4356975884024,202.3025910082213,197.07698049680502,197.70022583007812,33154800,2020-10-02 00:00:00-04:00
198.68780529598595,201.74646073579936,198.45768192751362,201.7176971435547,21331600,2020-10-05 00:00:00-04:00
200.2219174695407,201.52590590584774,196.38661605306922,197.43173217773438,28554300,2020-10-06 00:00:00-04:00
198.53441775932657,201.4588386382245,198.20842058083093,201.19036865234375,25681100,2020-10-07 00:00:00-04:00
201.84231429138708,202.4943231215223,199.74249911518376,201.90943908691406,19925800,2020-10-08 00:00:00-04:00
202.5326957249404,206.9720622405995,202.5326957249404,206.9241180419922,26458000,2020-10-09 00:00:00-04:00
209.7813856142197,214.64263701595948,207.88291557454943,212.28392028808594,40461400,2020-10-12 00:00:00-04:00
213.54958766520096,215.93706810447387,211.35386937390456,213.68382263183594,28950800,2020-10-13 00:00:00-04:00
213.81807545397245,214.9878436739825,210.107425642433,211.7661895751953,23421700,2020-10-14 00:00:00-04:00
208.1610097896488,211.2867754707797,207.1158789362711,210.6156005859375,22733100,2020-10-15 00:00:00-04:00
211.08541569006942,213.1373015554528,210.28960344623061,210.6156005859375,26057900,2020-10-16 00:00:00-04:00
211.34426516501912,213.1468613621215,204.92013875454347,205.39955139160156,27625800,2020-10-19 00:00:00-04:00
206.91451708098484,208.41986529898946,204.31609389953766,205.81185913085938,22753500,2020-10-20 00:00:00-04:00
204.3448694172439,207.98840894984195,204.3448694172439,205.95570373535156,22724900,2020-10-21 00:00:00-04:00
205.12151335460695,207.16381616381312,202.98333678251518,206.0419921875,22351500,2020-10-22 00:00:00-04:00
206.17621001281267,207.37474167806434,204.38321132336048,207.32679748535156,18879600,2020-10-23 00:00:00-04:00
205.04482977945148,207.4322958032438,199.53158340310517,201.4300537109375,37111600,2020-10-26 00:00:00-04:00
202.87788957225516,205.8310739485392,201.66977467625932,204.46954345703125,36700300,2020-10-27 00:00:00-04:00
199.1192762411455,200.24110024392866,193.77862617846768,194.33473205566406,51195600,2020-10-28 00:00:00-04:00
195.66751029659352,198.82203948797712,194.9963207988178,196.29074096679688,31432600,2020-10-29 00:00:00-04:00
195.12098138875402,195.87844706580935,191.40073391687426,194.13339233398438,36953700,2020-10-30 00:00:00-04:00
195.87841969764497,196.82766203875832,191.88011983803784,193.99913024902344,30842200,2020-11-02 00:00:00-05:00
195.49490312023417,199.55073031837892,194.75660349250577,197.93031311035156,27512000,2020-11-03 00:00:00-05:00
205.20784331055373,209.33079600125956,203.67371661570434,207.48025512695312,42311800,2020-11-04 00:00:00-05:00
212.89753785348552,214.89189599594695,212.04418402320016,214.0960693359375,36080100,2020-11-05 00:00:00-05:00
213.1085464685072,215.12208583391666,209.05271877417096,214.50843811035156,25231900,2020-11-06 00:00:00-05:00
215.19878504738315,218.72725565955997,208.90889247401392,209.39788818359375,44395000,2020-11-09 00:00:00-05:00
205.66806832374087,207.5857193104424,201.08488363596544,202.32176208496094,44045100,2020-11-10 00:00:00-05:00
203.64491943032922,209.06227691014422,203.46274026943215,207.63363647460938,29440800,2020-11-11 00:00:00-05:00
208.26647628927805,210.08823873834052,205.6297063795474,206.56935119628906,21593900,2020-11-12 00:00:00-05:00
207.451473173631,208.46782580105932,205.34206012776832,207.5952911376953,18621100,2020-11-13 00:00:00-05:00
206.0227857401021,208.77462427595356,205.68720566632413,208.28561401367188,24953300,2020-11-16 00:00:00-05:00
207.2022035133558,208.7171349804939,205.26537184033953,205.62973022460938,24154100,2020-11-17 00:00:00-05:00
205.38935669345682,206.85059099540263,202.77452254000343,202.91873168945312,28372800,2020-11-18 00:00:00-05:00
203.20714178040058,204.79333979305358,201.81319330215703,204.20692443847656,24792700,2020-11-19 00:00:00-05:00
203.99537057585076,205.04322264970614,201.88043561271846,202.25535583496094,22843100,2020-11-20 00:00:00-05:00
202.79375500799998,204.0819412748359,200.111634964733,201.98623657226562,25683500,2020-11-23 00:00:00-05:00
201.48634012873154,205.966167884209,200.7845691949016,205.59124755859375,33979700,2020-11-24 00:00:00-05:00
206.79293748669645,206.96597088377368,204.2454035709281,205.6008758544922,21012900,2020-11-25 00:00:00-05:00
206.54298182630274,207.90807676542295,205.76428758442702,206.9082794189453,14512200,2020-11-27 00:00:00-05:00
205.82197549364963,206.4564458958065,202.6880117806121,205.7931365966797,33064800,2020-11-30 00:00:00-05:00
206.21610523136007,208.91747073268834,205.10096702441447,207.8503875732422,30904500,2020-12-01 00:00:00-05:00
206.57180161644624,207.13898610870106,204.5722217772667,207.0428466796875,23724500,2020-12-02 00:00:00-05:00
206.31224772970052,208.0138159646571,205.3893590366748,205.95655822753906,25120900,2020-12-03 00:00:00-05:00
205.93732826589252,207.0524811628778,204.93753095520978,206.07191467285156,24666000,2020-12-04 00:00:00-05:00
206.08153203035755,207.2062930539194,204.75489872167418,206.00462341308594,24620000,2020-12-07 00:00:00-05:00
205.696963041931,208.5617387933713,204.65871891677193,207.6580810546875,23284100,2020-12-08 00:00:00-05:00
206.840989365072,206.90827523519087,203.0437163456567,203.61090087890625,32440600,2020-12-09 00:00:00-05:00
203.5820405728166,204.8413878398677,202.2265538799134,202.38037109375,26733300,2020-12-10 00:00:00-05:00
201.92854057276654,205.07211201200164,201.02488278476247,205.01441955566406,30979400,2020-12-11 00:00:00-05:00
204.8606455997479,207.85040024359688,204.6491505701134,205.91810607910156,28798400,2020-12-14 00:00:00-05:00
206.8505361453583,207.09086999522773,204.0338304659194,205.8507537841797,27000600,2020-12-15 00:00:00-05:00
206.4468321694633,211.59959187346084,206.41799327328266,210.8016815185547,35023300,2020-12-16 00:00:00-05:00
211.36884685156218,212.34941323916237,209.49424542586814,210.93624877929688,32515800,2020-12-17 00:00:00-05:00
210.1383514404297,211.19582649894002,207.66772650382657,210.1383514404297,63354900,2020-12-18 00:00:00-05:00
209.1385782828704,215.33919043070517,208.87901354427856,213.98370361328125,37181900,2020-12-21 00:00:00-05:00
214.07982465441432,216.90615363299253,213.27230628019683,215.281494140625,22612200,2020-12-22 00:00:00-05:00
214.48356820713616,214.91616625687516,212.26288550550217,212.47438049316406,18699600,2020-12-23 00:00:00-05:00
212.85893405514418,214.96426143799516,212.64743904242195,214.13751220703125,10550600,2020-12-24 00:00:00-05:00
215.7717791429796,217.2906911980974,214.39707623360107,216.26206970214844,17933500,2020-12-28 00:00:00-05:00
217.5598563272588,218.39621360154018,214.93541425812904,215.48336791992188,17403200,2020-12-29 00:00:00-05:00
216.5216158168502,216.90615886299983,212.90699919594755,213.10887145996094,20272300,2020-12-30 00:00:00-05:00
213.12811911349903,214.3778584417663,211.18621691630892,213.82028198242188,20942100,2020-12-31 00:00:00-05:00
213.926055126652,214.3778841276913,206.50454155195453,209.273193359375,37130100,2021-01-04 00:00:00-05:00
208.85978237905934,210.07107471127767,207.36010108090161,209.47503662109375,23823000,2021-01-05 00:00:00-05:00
203.966548432064,208.11952477521555,203.7454453774139,204.04345703125,35930700,2021-01-06 00:00:00-05:00
205.7642836638974,210.8593657306565,205.44705579625224,209.84996032714844,27694500,2021-01-07 00:00:00-05:00
210.22491252829053,212.05145940888474,208.63871427431988,211.12857055664062,22956200,2021-01-08 00:00:00-05:00
210.0230222852734,210.4460123619004,208.3502928010175,209.08091735839844,23031300,2021-01-11 00:00:00-05:00
208.12916175268282,208.70596899227266,205.072121521782,206.61985778808594,23249300,2021-01-12 00:00:00-05:00
205.7450508153582,208.37910099174917,205.6585194623859,207.975341796875,20087100,2021-01-13 00:00:00-05:00
207.5619967995437,209.05207008476174,204.5145643571503,204.7837371826172,29480800,2021-01-14 00:00:00-05:00
205.26441162063566,206.21612461662198,203.83201608510745,204.42803955078125,31746500,2021-01-15 00:00:00-05:00
205.48549221860986,208.59060221597767,204.40880100018782,208.0714874267578,30480900,2021-01-19 00:00:00-05:00
209.28276291190494,217.0599646081616,208.88861178460542,215.66603088378906,37777300,2021-01-20 00:00:00-05:00
216.012148486978,217.55029161428877,213.82030406529316,216.27171325683594,30709400,2021-01-21 00:00:00-05:00
218.30012022572993,221.17451935101673,217.06961165977887,217.21380615234375,30172700,2021-01-22 00:00:00-05:00
220.2611986316542,220.89568362124726,215.5506602590629,220.6553497314453,33152100,2021-01-25 00:00:00-05:00
222.89529324543827,225.12558441420293,221.1841168940043,223.3471221923828,49169600,2021-01-26 00:00:00-05:00
228.79788295270222,231.14354426779957,221.2417842146544,223.8950653076172,69870600,2021-01-27 00:00:00-05:00
226.5002982458668,233.25848684590053,226.0003995892036,229.69192504882812,49111200,2021-01-28 00:00:00-05:00
226.86563711704437,228.81714758652205,222.4050396626925,222.991455078125,42503100,2021-01-29 00:00:00-05:00
225.9715669034434,233.1239068460614,223.4432493228023,230.38409423828125,33314200,2021-02-01 00:00:00-05:00
231.9703108623903,232.94125465334326,229.46122406057862,230.24951171875,25916300,2021-02-02 00:00:00-05:00
230.30717912149223,235.61374112697695,230.00915276059507,233.60455322265625,27158100,2021-02-03 00:00:00-05:00
233.27772429583018,233.8353007616422,231.0762573300535,232.65284729003906,25296100,2021-02-04 00:00:00-05:00
232.8643186308661,233.8737239461473,231.12430353926055,232.83547973632812,18054800,2021-02-05 00:00:00-05:00
233.7487481721473,234.2582548729624,231.4992263607579,233.0950469970703,22211900,2021-02-08 00:00:00-05:00
232.51824112301904,235.29650047098852,232.04719605846225,234.34478759765625,23565000,2021-02-09 00:00:00-05:00
235.52723852750492,236.4116655813092,231.57614834749486,233.43153381347656,22186700,2021-02-10 00:00:00-05:00
235.3157376694766,235.67142716359078,232.78742023275922,235.03695678710938,15751100,2021-02-11 00:00:00-05:00
234.4985502220906,235.81558976869007,233.34495061120657,235.517578125,16561100,2021-02-12 00:00:00-05:00
235.55607452010733,236.61354960880325,233.52765570002188,234.27749633789062,26728500,2021-02-16 00:00:00-05:00
232.52383013252495,235.4048344432104,232.15767652677806,235.29884338378906,21653500,2021-02-17 00:00:00-05:00
232.98633869109634,235.0386897154469,232.08059954957508,234.90379333496094,16925600,2021-02-18 00:00:00-05:00
234.8652516018974,234.97124266251927,231.42537193657122,232.18658447265625,25262600,2021-02-19 00:00:00-05:00
228.7660156487048,229.2574208051001,223.92899103069783,225.9620819091797,36446900,2021-02-22 00:00:00-05:00
221.9344039637966,226.27037760985954,220.39271856415579,224.76724243164062,30228700,2021-02-23 00:00:00-05:00
221.62607102742007,226.62689654449298,220.65289108022142,226.00059509277344,26339700,2021-02-24 00:00:00-05:00
223.6206454640999,226.0391502353063,219.57373913394193,220.64328002929688,39542200,2021-02-25 00:00:00-05:00
223.09072091619055,226.7907492315371,221.17325120411084,223.9097442626953,37819200,2021-02-26 00:00:00-05:00
227.30142764913856,228.8142081300534,224.65166528284777,228.30352783203125,25324000,2021-03-01 00:00:00-05:00
228.37095934349503,228.65039705142556,224.94072400929227,225.3454132080078,22812500,2021-03-02 00:00:00-05:00
223.69773120014005,225.0659701891596,218.97632822975632,219.26539611816406,34029500,2021-03-03 00:00:00-05:00
218.47531263340943,224.01572463485476,216.08569826256274,218.46566772460938,44727800,2021-03-04 00:00:00-05:00
221.15395671882018,224.7672685097658,218.20549664982508,223.15814208984375,41872800,2021-03-05 00:00:00-05:00
222.93648613335145,224.86358550525085,218.85104487458958,219.1015625,35267400,2021-03-08 00:00:00-05:00
224.39149326896538,226.80036788855628,223.22559148393768,225.25868225097656,33080500,2021-03-09 00:00:00-05:00
228.36130202469465,228.36130202469465,223.58208855958944,223.9482421875,29746800,2021-03-10 00:00:00-05:00
226.3956255745659,230.45216124830165,225.76930949892613,228.4865264892578,29907600,2021-03-11 00:00:00-05:00
225.48027844351745,227.2243158933277,224.72871079226346,227.1568603515625,22653700,2021-03-12 00:00:00-05:00
226.3956551753094,226.6172675005386,223.360464648673,226.25111389160156,26034900,2021-03-15 00:00:00-04:00
227.66754157982132,231.30975858381365,227.33993818218457,229.04542541503906,28092200,2021-03-16 00:00:00-04:00
227.54228256273657,229.8548109365538,224.72871887180514,228.39984130859375,29562100,2021-03-17 00:00:00-04:00
224.08312390572942,225.6537146778169,221.93441211449593,222.31019592285156,34833000,2021-03-18 00:00:00-04:00
222.59928144301026,223.99642572837095,220.99015502303175,221.95370483398438,46430700,2021-03-19 00:00:00-04:00
221.87660163832476,228.26492638484754,221.7513354679177,227.3881072998047,30127000,2021-03-22 00:00:00-04:00
228.83341955518355,232.26365407494552,228.42873045255334,228.92013549804688,31638400,2021-03-23 00:00:00-04:00
229.18032483029094,229.3248514186312,226.7425450229314,226.87744140625,25620100,2021-03-24 00:00:00-04:00
226.72325318085586,228.3034741413882,223.12921682416135,223.8711395263672,34061900,2021-03-25 00:00:00-04:00
223.10996639827545,228.08188705685933,223.10996639827545,227.86026000976562,25479900,2021-03-26 00:00:00-04:00
227.96621905911806,228.1685709644326,223.4279082241939,226.66543579101562,25227500,2021-03-29 00:00:00-04:00
225.0177738706146,225.3261168505075,222.6763550152882,223.39901733398438,24792000,2021-03-30 00:00:00-04:00
224.4203943599418,230.38477015809215,223.91934433177798,227.1761474609375,43623500,2021-03-31 00:00:00-04:00
229.77768848531582,233.9883957926477,229.3729993926236,233.51626586914062,30338000,2021-04-01 00:00:00-04:00
233.9113368678305,240.8489069737812,233.85352623404805,239.99134826660156,36910600,2021-04-05 00:00:00-04:00
238.58458250461078,240.30933029268618,237.8811952203503,238.82546997070312,22931900,2021-04-06 00:00:00-04:00
238.7772763423201,241.78354704819517,238.17988016425605,240.7910919189453,22719800,2021-04-07 00:00:00-04:00
243.55648215564094,244.87654065021187,242.81454470786034,244.01898193359375,23625200,2021-04-08 00:00:00-04:00
243.6528267842257,246.6591120785743,243.2385074384209,246.5242156982422,24326800,2021-04-09 00:00:00-04:00
245.42578962524593,248.277903660416,245.33905896446214,246.58204650878906,27148700,2021-04-12 00:00:00-04:00
247.88281528674034,249.74245922592584,247.46846655097832,249.06796264648438,23837500,2021-04-13 00:00:00-04:00
248.09483555963993,249.39560438328456,245.859392763928,246.27371215820312,23070900,2021-04-14 00:00:00-04:00
248.52840316568023,250.4555028456161,248.33571084081115,250.0411834716797,25627500,2021-04-15 00:00:00-04:00
250.01223390218613,251.4864637201999,248.2104007251918,251.23593139648438,24878600,2021-04-16 00:00:00-04:00
250.70596601745999,251.9489532014055,248.42235823185737,249.30880737304688,23209300,2021-04-19 00:00:00-04:00
248.42239502515122,250.7156480558065,247.47810571688026,248.8463592529297,19722900,2021-04-20 00:00:00-04:00
249.50155044559443,251.17811743850237,247.87314917343832,251.08175659179688,24030400,2021-04-21 00:00:00-04:00
250.72532856348516,252.23810906822524,246.3219128616896,247.79615783691406,25606200,2021-04-22 00:00:00-04:00
248.48022992608404,251.9779204442921,247.89244925075985,251.6310272216797,21462600,2021-04-23 00:00:00-04:00
252.12242421733816,252.8739918255724,250.68674453877372,252.01641845703125,19763300,2021-04-26 00:00:00-04:00
252.04534404118542,253.59667451171134,250.638569564994,252.421142578125,31014200,2021-04-27 00:00:00-04:00
246.7458045014703,247.18905855365446,243.72990381278854,245.28121948242188,46903100,2021-04-28 00:00:00-04:00
246.14846851720552,246.76513987661076,239.92392957788607,243.3059844970703,40589000,2021-04-29 00:00:00-04:00
240.63697229842265,243.8552256361316,240.50207589212962,242.98802185058594,30945100,2021-04-30 00:00:00-04:00
244.16351722830558,245.0789013145946,241.9666248264187,242.67965698242188,19626600,2021-05-03 00:00:00-04:00
241.82209157802384,242.0533488201837,236.80199071116783,238.75799560546875,32756100,2021-05-04 00:00:00-04:00
239.98165863613463,240.40562280833282,236.8597673728567,237.48606872558594,21901300,2021-05-05 00:00:00-04:00
237.46686169080553,240.75257026464385,235.77101921847165,240.62730407714844,26491100,2021-05-06 00:00:00-04:00
242.95908444287628,245.0307254048169,242.01480972352581,243.25779724121094,27032900,2021-05-07 00:00:00-04:00
241.72571259717046,242.55436594120278,238.11240116143676,238.1702117919922,29299900,2021-05-10 00:00:00-04:00
235.6360806074667,237.6113604206807,233.72825633008125,237.2548370361328,33641600,2021-05-11 00:00:00-04:00
233.34285752909457,235.47230909481863,229.39231209908553,230.2884063720703,36684400,2021-05-12 00:00:00-04:00
232.9863314597455,236.64782343406685,232.62017785153265,234.17149353027344,29624300,2021-05-13 00:00:00-04:00
236.6285281495661,240.09729811694152,236.54181220846695,239.10484313964844,23901100,2021-05-14 00:00:00-04:00
237.56320677225798,237.6017422952167,234.64365204657955,236.24313354492188,24970200,2021-05-17 00:00:00-04:00
237.2934532941592,237.42834970075526,234.046279923959,234.2197265625,20168000,2021-05-18 00:00:00-04:00
231.11953416207322,234.90536910405467,230.4338423981237,234.79913330078125,25739800,2021-05-19 00:00:00-04:00
235.6103869428777,239.46381831338093,235.51380358455043,238.04412841796875,21800700,2021-05-20 00:00:00-04:00
239.0968445135114,239.8308279648836,236.3637004017269,236.7789764404297,21863100,2021-05-21 00:00:00-04:00
239.3092890013529,242.56395952418902,239.03887328396996,242.19696044921875,21411500,2021-05-24 00:00:00-04:00
243.15315009062772,244.09960536402323,242.23566688523528,243.1048583984375,17704300,2021-05-25 00:00:00-04:00
242.82473156759428,244.28306083094176,242.16801182939886,242.8826904296875,17771600,2021-05-26 00:00:00-04:00
242.57365495139308,242.87304278179596,240.71936910222183,240.77731323242188,24426200,2021-05-27 00:00:00-04:00
242.40948869610196,243.45252730828054,241.01877054653053,241.13465881347656,18270200,2021-05-28 00:00:00-04:00
242.63155096829556,242.6894950870054,238.50770399689978,238.93263244628906,23213300,2021-06-01 00:00:00-04:00
239.6376848701333,240.73866745632938,237.42605251919264,238.83609008789062,19406700,2021-06-02 00:00:00-04:00
236.8272869148477,237.9089499261885,234.6832657769733,237.30052185058594,25307700,2021-06-03 00:00:00-04:00
239.2803383111711,243.03720136663765,239.0388946321911,242.20663452148438,25281100,2021-06-04 00:00:00-04:00
241.42432680763184,245.3936609443304,241.26014689644853,245.1232452392578,23079200,2021-06-07 00:00:00-04:00
246.4270577067104,247.24797203542894,243.86774609965053,243.9257049560547,22455000,2021-06-08 00:00:00-04:00
245.1232687272785,246.78440235278245,244.54381276226331,244.91079711914062,17937600,2021-06-09 00:00:00-04:00
245.58686514076032,248.64836946011133,244.98808948598523,248.43589782714844,24563600,2021-06-10 00:00:00-04:00
249.16021356263965,249.64310092841745,247.82743971739598,249.06365966796875,18999700,2021-06-11 00:00:00-04:00
249.0733121276695,251.0531681285007,248.01095396540734,250.99522399902344,19150500,2021-06-14 00:00:00-04:00
250.8792321589457,251.0917037286355,248.8607669834423,249.51748657226562,18038900,2021-06-15 00:00:00-04:00
250.5219449324532,251.661551976009,245.7123911746522,248.5710906982422,27220000,2021-06-16 00:00:00-04:00
247.3059327720719,252.7915259561424,247.24798864832576,251.97061157226562,27565500,2021-06-17 00:00:00-04:00
250.74408530466727,253.32268719965396,249.89419886914507,250.55091857910156,37202200,2021-06-18 00:00:00-04:00
250.9275938620824,254.50094262852164,249.09262779573734,253.64141845703125,26696100,2021-06-21 00:00:00-04:00
253.72833188091008,256.69326730119366,253.41927690151593,256.4228515625,24694100,2021-06-22 00:00:00-04:00
256.88639899107653,257.69764618957555,255.37979284056348,256.1910400390625,19518700,2021-06-23 00:00:00-04:00
257.0506100457399,258.68277172504975,256.3842231128569,257.5624694824219,21446900,2021-06-24 00:00:00-04:00
257.11816284124166,258.1032422481122,255.6984731081372,255.94955444335938,25611100,2021-06-25 00:00:00-04:00
257.0794802224393,259.69672049551116,256.80906457953625,259.52288818359375,19590000,2021-06-28 00:00:00-04:00
259.66785809687894,262.3527107827182,258.8083338762617,262.11126708984375,19937800,2021-06-29 00:00:00-04:00
261.425522007778,262.0725744679508,260.3728312580289,261.6283264160156,21656500,2021-06-30 00:00:00-04:00
260.38253145258466,262.5362198815575,260.3728937462325,262.304443359375,16725300,2021-07-01 00:00:00-04:00
263.48263005971666,268.485335349886,263.1735751181436,268.1473083496094,26458000,2021-07-02 00:00:00-04:00
268.5143754292633,269.80851016769424,264.91202469468215,268.15704345703125,31565600,2021-07-06 00:00:00-04:00
269.83753616748146,271.0833942025596,267.66454236061054,270.3493957519531,23260000,2021-07-07 00:00:00-04:00
267.4230102236361,269.1903944407324,265.46248874918336,267.92523193359375,24618600,2021-07-08 00:00:00-04:00
266.28343840641656,268.5336808014434,265.89713436744273,268.4274597167969,23916700,2021-07-09 00:00:00-04:00
269.60569640968833,270.19480488995174,267.1139809234751,267.82867431640625,18931700,2021-07-12 00:00:00-04:00
268.02177128034975,273.16936668942884,267.8962453327776,271.3633728027344,26120100,2021-07-13 00:00:00-04:00
272.68650643884115,273.95166900294385,270.94809420573137,272.8410339355469,23113700,2021-07-14 00:00:00-04:00
272.3483929649397,272.8409473623312,270.2526494551674,271.4115905761719,22604200,2021-07-15 00:00:00-04:00
272.4160649742224,274.37658635189194,269.895377789731,271.1412353515625,26186800,2021-07-16 00:00:00-04:00
269.3835065978364,270.77422440288206,265.056855180452,267.52923583984375,32935600,2021-07-19 00:00:00-04:00
268.51439602462887,271.3537766070522,266.8049850507663,269.76025390625,26259700,2021-07-20 00:00:00-04:00
269.3545755433379,271.8849007070508,267.79969232178405,271.7690124511719,24364300,2021-07-21 00:00:00-04:00
274.1255021437583,276.6172175095201,273.7198932527501,276.3468017578125,23384100,2021-07-22 00:00:00-04:00
277.53474241361965,280.06506806462244,276.6945229235811,279.75604248046875,22768100,2021-07-23 00:00:00-04:00
279.10891909383747,279.7753060682077,276.8297046974641,279.1571960449219,23176100,2021-07-26 00:00:00-04:00
279.52416684362873,279.66902715530136,273.2659655945296,276.73309326171875,33604100,2021-07-27 00:00:00-04:00
279.0992579270903,280.2195602635999,274.1158562811447,276.424072265625,33566900,2021-07-28 00:00:00-04:00
276.4433776384405,278.7419264472982,276.288850129018,276.6944885253906,18168300,2021-07-29 00:00:00-04:00
275.409954820777,276.8489495390509,274.193069397049,275.1588439941406,20944800,2021-07-30 00:00:00-04:00
276.5591709193791,276.95514200007204,274.0288464519692,275.0718994140625,16267400,2021-08-02 00:00:00-04:00
275.6515046795733,277.3995550159911,274.2800912551279,277.2933044433594,17879000,2021-08-03 00:00:00-04:00
276.42401866440616,277.7471252056278,274.90774540592605,276.7041015625,16191300,2021-08-04 00:00:00-04:00
277.0614540709244,279.71733452870075,276.30815097455206,279.611083984375,13900200,2021-08-05 00:00:00-04:00
278.6356932572146,279.5918008650478,277.7761395496052,279.55316162109375,16589300,2021-08-06 00:00:00-04:00
279.83323563184877,281.57161840390836,277.9596302468189,278.4618225097656,16117600,2021-08-09 00:00:00-04:00
278.91578079094836,279.350391287468,275.4390147112354,276.6365661621094,18616600,2021-08-10 00:00:00-04:00
277.3801402153559,278.7805253038503,276.0763384903963,277.1290588378906,13955900,2021-08-11 00:00:00-04:00
276.82001772470846,280.0457018111786,276.5399347983644,279.89117431640625,14561300,2021-08-12 00:00:00-04:00
279.5724619986874,282.8753948641659,279.39860015858017,282.8271179199219,18249000,2021-08-13 00:00:00-04:00
283.1555268919196,284.72974459233865,280.09400768966105,284.51727294921875,22507600,2021-08-16 00:00:00-04:00
282.3829587894671,283.3873435417661,281.1177664582875,283.04931640625,20075300,2021-08-17 00:00:00-04:00
282.584906790216,285.27490019159507,280.87219349881707,281.31732177734375,21813000,2021-08-18 00:00:00-04:00
279.34323605347345,287.8389693688387,279.29486668933555,287.16162109375,29850500,2021-08-19 00:00:00-04:00
290.01610191766974,295.9379527131224,288.4098434454515,294.505859375,40817600,2021-08-20 00:00:00-04:00
293.4318927580328,295.51227784777274,292.0772254574719,294.78656005859375,22830200,2021-08-23 00:00:00-04:00
295.14455649009165,295.75416411720346,292.22234368388376,292.822265625,18175800,2021-08-24 00:00:00-04:00
294.44789277116877,294.7285119245155,290.6935374583888,292.2320556640625,20006100,2021-08-25 00:00:00-04:00
291.2450649242012,292.63844549546803,289.2711337228512,289.4065856933594,17666100,2021-08-26 00:00:00-04:00
289.3097983902033,291.12893565694833,287.2197276707217,290.01617431640625,22605700,2021-08-27 00:00:00-04:00
291.3708023601306,294.37044130921845,291.31274730875384,293.7608337402344,16348100,2021-08-30 00:00:00-04:00
294.56397325018554,294.64137014097446,291.73849949919145,292.106201171875,26285300,2021-08-31 00:00:00-04:00
293.06407579808854,295.308969030427,291.72875086627477,292.0577392578125,18983800,2021-09-01 00:00:00-04:00
292.41586380657077,293.5382811968724,290.4612452351726,291.39984130859375,16285600,2021-09-02 00:00:00-04:00
291.2450305839683,292.8029200030928,290.53868422414,291.39019775390625,14747900,2021-09-03 00:00:00-04:00
291.26435619148464,291.341753077698,288.5453365467867,290.4612121582031,17180400,2021-09-07 00:00:00-04:00
290.0741328950949,290.87724729980795,287.8389252710793,290.4902038574219,15046800,2021-09-08 00:00:00-04:00
291.08061442641997,292.35788499894164,287.38428422239673,287.6261901855469,19927000,2021-09-09 00:00:00-04:00
288.7582061327018,290.2096413237398,285.8166225439312,286.13592529296875,19633400,2021-09-10 00:00:00-04:00
287.9164397003886,288.87440730860834,284.55878405189975,287.37457275390625,23652900,2021-09-13 00:00:00-04:00
289.8613287594078,291.63209651757876,288.4486065448419,290.0838928222656,21853400,2021-09-14 00:00:00-04:00
293.4415896256201,295.4348922001529,292.04820905494216,294.9510803222656,28356300,2021-09-15 00:00:00-04:00
293.92532118377784,295.4251257835696,291.0224507097095,295.3380432128906,19550800,2021-09-16 00:00:00-04:00
294.3220536600285,294.6413564227662,289.8322664356044,290.1612548828125,41372500,2021-09-17 00:00:00-04:00
286.73588112231,289.0485156418267,280.14636693580707,284.7716064453125,38278700,2021-09-20 00:00:00-04:00
286.1166313271891,287.90674093489395,284.5490857833115,285.25543212890625,22364100,2021-09-21 00:00:00-04:00
287.1230056257612,290.50000305978375,284.97487972214134,288.9130859375,26626300,2021-09-22 00:00:00-04:00
289.17432362572237,291.1579402272472,287.8970533651699,289.861328125,18604600,2021-09-23 00:00:00-04:00
288.5744083394524,290.0935550094492,287.3164798916889,289.65814208984375,14999000,2021-09-24 00:00:00-04:00
286.5520631529288,286.8713659435622,283.4556558635324,284.6458435058594,23571700,2021-09-27 00:00:00-04:00
280.41734353295584,281.36562541354573,273.59560808741685,274.3406677246094,43186200,2021-09-28 00:00:00-04:00
275.86950665981914,277.4854216078808,273.847176788506,274.80511474609375,26353700,2021-09-29 00:00:00-04:00
276.4596910937672,278.5110481087357,272.5021146772433,272.79241943359375,32343600,2021-09-30 00:00:00-04:00
272.9859370571118,280.591473121402,272.18282254521546,279.7399597167969,30086300,2021-10-01 00:00:00-04:00
278.0950532665713,278.43372747696765,271.1765495236149,273.9439392089844,31350700,2021-10-04 00:00:00-04:00
274.8534821527337,280.99789815078844,274.8534821527337,279.4110107421875,24993000,2021-10-05 00:00:00-04:00
276.52747949792473,284.1233308910271,276.26623174874106,283.6201477050781,28002600,2021-10-06 00:00:00-04:00
285.62310526075913,287.03585686969717,284.4039196983198,285.3038024902344,20430500,2021-10-07 00:00:00-04:00
286.62944199586633,287.03585686969717,284.2490963906474,285.3038024902344,17685700,2021-10-08 00:00:00-04:00
283.436273068754,288.3227596639586,283.2717640897847,284.703857421875,19298600,2021-10-11 00:00:00-04:00
285.777928613406,285.8746968719073,282.8847437202349,283.3975830078125,17974100,2021-10-12 00:00:00-04:00
285.3618855710783,287.65514882778945,283.9878470364655,286.716552734375,23416300,2021-10-13 00:00:00-04:00
289.5226329431941,293.4511821777656,288.1873077249307,292.9480285644531,27262900,2021-10-14 00:00:00-04:00
292.55129699928466,294.5929980202647,290.7902150726535,294.3607482910156,25384800,2021-10-15 00:00:00-04:00
293.74150347823866,298.2312616290106,292.8899899851107,297.341064453125,22729300,2021-10-18 00:00:00-04:00
298.36672045007583,299.2859450829905,297.2733011398646,298.2506103515625,17682100,2021-10-19 00:00:00-04:00
299.19889456122667,299.6730502203194,296.1992554003437,297.4571838378906,16537100,2021-10-20 00:00:00-04:00
297.2249048301966,300.9502314477249,296.44110267723477,300.69866943359375,16918100,2021-10-21 00:00:00-04:00
300.35038713771274,301.0180498454364,297.83455964059056,299.1505432128906,17449300,2021-10-22 00:00:00-04:00
299.344027778111,299.382740991033,296.5379251966183,298.15386962890625,17554500,2021-10-25 00:00:00-04:00
300.9309624270938,302.28562966394617,298.6086715168423,300.06976318359375,28107300,2021-10-26 00:00:00-04:00
305.769065317171,315.5420698297333,305.769065317171,312.7069396972656,52588700,2021-10-27 00:00:00-04:00
313.82938350979595,314.35190857919804,310.95553992238246,313.8487548828125,26297900,2021-10-28 00:00:00-04:00
313.63578037754513,321.25097188392533,313.4132163627804,320.8832702636719,34766000,2021-10-29 00:00:00-04:00
320.6317075483545,320.7575033275931,315.803275751438,318.7061462402344,27073200,2021-11-01 00:00:00-04:00
319.615746287968,322.6540985408013,319.31578533683205,322.3444519042969,26487100,2021-11-02 00:00:00-04:00
323.0895110318984,324.0571346226076,319.94473436209347,323.186279296875,21500100,2021-11-03 00:00:00-04:00
322.1122803057055,325.6441010433751,318.84170734665486,325.5473327636719,23992200,2021-11-04 00:00:00-04:00
327.5502856614122,327.8212190976407,323.5927085435073,325.1795959472656,22570100,2021-11-05 00:00:00-04:00
326.3794592729646,326.7181334708356,323.61206968994304,326.0794982910156,20897000,2021-11-08 00:00:00-05:00
326.1955373686938,327.7534265278024,323.6990817817537,325.0731201171875,21307400,2021-11-09 00:00:00-05:00
323.73774153322125,323.79579657010873,319.2382989973208,320.08978271484375,25500900,2021-11-10 00:00:00-05:00
320.52532546851364,322.9637263705038,319.80929343616174,321.6671142578125,16849800,2021-11-11 00:00:00-05:00
323.1088726269063,326.3117042528894,322.9830768391955,325.8182067871094,23831000,2021-11-12 00:00:00-05:00
326.6116778913146,326.9406663714479,323.21530960920296,325.18927001953125,16723000,2021-11-15 00:00:00-05:00
324.81189871408384,329.6403607923408,324.64741923064287,328.5179138183594,20886800,2021-11-16 00:00:00-05:00
328.56639143125483,331.7169218037687,327.65515874144324,328.7408752441406,19053400,2021-11-17 00:00:00-05:00
327.82958890843764,331.968919377058,326.8020338448508,330.82501220703125,22463500,2021-11-18 00:00:00-05:00
332.15311691229243,334.53781745644864,331.7265812593797,332.60870361328125,21963400,2021-11-19 00:00:00-05:00
334.0725435603883,338.96800083487767,329.1577090566747,329.42913818359375,31031100,2021-11-22 00:00:00-05:00
326.73415634565987,329.0607250462627,323.3509815757989,327.3448791503906,30427600,2021-11-23 00:00:00-05:00
325.98778479533405,327.81025009025836,323.6903259484439,327.5679016113281,21661300,2021-11-24 00:00:00-05:00
324.1168653701531,327.5872826116313,318.07753055559016,319.58978271484375,24217200,2021-11-26 00:00:00-05:00
324.6888092738123,328.65362694624383,324.4949186520059,326.32708740234375,28563500,2021-11-29 00:00:00-05:00
325.0571366420449,327.4418371105094,318.92085731132687,320.4718933105469,42885600,2021-11-30 00:00:00-05:00
324.87299621520316,328.8959751540694,319.3086844600099,319.9775390625,33337600,2021-12-01 00:00:00-05:00
320.1907852858541,323.28315411578535,317.76730059678897,319.40557861328125,30766000,2021-12-02 00:00:00-05:00
321.82907013934687,322.5173611058219,308.2963396315105,313.1239318847656,41779300,2021-12-03 00:00:00-05:00
314.0352014055968,317.4280804409498,309.4596604945785,316.2066345214844,30032600,2021-12-06 00:00:00-05:00
321.4898528511312,325.52250601428386,319.99697774973174,324.6694641113281,31021900,2021-12-07 00:00:00-05:00
325.04742480661497,325.2316119908199,320.675449408199,324.71783447265625,24761000,2021-12-08 00:00:00-05:00
324.1749632436444,326.19128920048627,321.9550433018123,322.9050598144531,22214200,2021-12-09 00:00:00-05:00
324.72756760726975,332.502095755915,324.5433804062018,332.0561828613281,38095700,2021-12-10 00:00:00-05:00
330.253091015941,333.26792128473744,328.70205493313443,329.01226806640625,28899400,2021-12-13 00:00:00-05:00
323.0214181808544,324.3979704573752,314.19022487037,318.290771484375,44438700,2021-12-14 00:00:00-05:00
318.55250653000735,324.93113478361175,314.5683119105372,324.40765380859375,35381100,2021-12-15 00:00:00-05:00
325.435231330319,326.45311271750325,313.1336198644179,314.9560852050781,35034800,2021-12-16 00:00:00-05:00
311.05915654824156,314.975516655784,307.54025153723586,313.8897705078125,47750300,2021-12-17 00:00:00-05:00
310.25450469368167,312.9203379086466,307.850426764206,310.1188049316406,28326500,2021-12-20 00:00:00-05:00
313.39534333476564,317.6994543581608,310.01213871076055,317.2729187011719,24740600,2021-12-21 00:00:00-05:00
318.2519911161229,323.3994701251989,315.78004861655177,323.0020446777344,24831500,2021-12-22 00:00:00-05:00
322.5657848066247,326.09439241528247,322.5464075808319,324.4464111328125,19617800,2021-12-23 00:00:00-05:00
325.1928799261171,331.99804425764506,325.1637992915189,331.9689636230469,19947000,2021-12-27 00:00:00-05:00
332.6475065317783,333.287310047464,329.9041348473056,330.8056640625,15661500,2021-12-28 00:00:00-05:00
330.8541536931299,333.7623356344708,329.2837401781748,331.4842834472656,15042000,2021-12-29 00:00:00-05:00
331.4454493807866,332.62811104177933,328.4500259833207,328.9347229003906,15994500,2021-12-30 00:00:00-05:00
328.14949449804215,328.973455535573,325.57090352022,326.0265197753906,18000800,2021-12-31 00:00:00-05:00
325.08618926668373,327.6550767028216,319.6866591570619,324.5045471191406,28865100,2022-01-03 00:00:00-05:00
324.58218888565546,324.94088952565954,316.1387751979915,318.9403381347656,32674300,2022-01-04 00:00:00-05:00
315.8866733646423,316.09026737820085,306.3090867462832,306.69683837890625,40054300,2022-01-05 00:00:00-05:00
303.56567778767305,308.9458313978056,301.9564804488897,304.2733459472656,39646100,2022-01-06 00:00:00-05:00
304.53511645338995,306.8131982496803,300.59937921535504,304.4284973144531,32720000,2022-01-07 00:00:00-05:00
300.0176962380316,305.08763677546057,295.36461754386573,304.6513977050781,44289500,2022-01-10 00:00:00-05:00
303.7887461444276,306.91987034311245,300.405569997776,305.33978271484375,29386800,2022-01-11 00:00:00-05:00
309.8861668515591,313.5116906389341,307.37541056986225,308.52899169921875,34372200,2022-01-12 00:00:00-05:00
310.6616359674152,311.0590909801725,294.69571870801707,295.4712219238281,45366000,2022-01-13 00:00:00-05:00
294.9380882282628,301.30701312506073,294.4533912878713,300.70599365234375,39846400,2022-01-14 00:00:00-05:00
294.763606781819,300.3182148295546,292.50490245478125,293.3870544433594,42333200,2022-01-18 00:00:00-05:00
296.9156305153396,304.30240641930027,293.4355103792751,294.04620361328125,45933900,2022-01-19 00:00:00-05:00
299.6105751651282,302.11159837189933,291.9232887564094,292.36920166015625,35380700,2022-01-20 00:00:00-05:00
293.4258322374997,294.80235496310996,286.5625070860677,286.96966552734375,57984400,2022-01-21 00:00:00-05:00
283.2568694279383,288.01656677151595,267.6011364861104,287.2992248535156,85731500,2022-01-24 00:00:00-05:00
282.5977240186681,285.9615223318833,276.4420958772445,279.66046142578125,72848600,2022-01-25 00:00:00-05:00
298.5635434661092,299.0579436987643,284.0614226158442,287.6287841796875,90428900,2022-01-26 00:00:00-05:00
293.39678404727476,297.89475670818956,288.81153989507334,290.6630859375,53481300,2022-01-27 00:00:00-05:00
291.0410572774416,299.0385546450456,285.43796333535903,298.8252868652344,49743700,2022-01-28 00:00:00-05:00
299.49425923874566,302.81927323790046,296.99320639325083,301.4621276855469,46444500,2022-01-31 00:00:00-05:00
300.90955255092064,301.1228203841136,295.7911541378428,299.31005859375,40950400,2022-02-01 00:00:00-05:00
300.1534150830392,305.47537772113645,299.4263697135264,303.8661804199219,36636000,2022-02-02 00:00:00-05:00
300.0177347073169,301.7045003566659,290.7794112211101,292.0299377441406,43730000,2022-02-03 00:00:00-05:00
291.02162776661146,299.3487147654339,290.78898278262085,296.5762634277344,35096500,2022-02-04 00:00:00-05:00
296.7993425518359,298.41821379352973,290.72122388231634,291.7391052246094,28533300,2022-02-07 00:00:00-05:00
292.02989517247903,296.20798026867743,290.7696950101349,295.23858642578125,32421200,2022-02-08 00:00:00-05:00
300.3860439692402,302.38299277668517,297.9819663435666,301.6850280761719,31284700,2022-02-09 00:00:00-05:00
294.7344717662527,299.658978794528,291.49670032603785,293.1252746582031,45386200,2022-02-10 00:00:00-05:00
293.91050210959537,294.97684118279875,285.21503873193984,286.00994873046875,39175600,2022-02-11 00:00:00-05:00
284.77882629708716,287.6773340827328,282.4329097004765,285.97119140625,36359500,2022-02-14 00:00:00-05:00
290.8279212445617,291.59372125137065,287.92941288996394,291.2738342285156,27058300,2022-02-15 00:00:00-05:00
289.83612248855013,292.2646183764721,285.2802618312306,290.9338073730469,29982100,2022-02-16 00:00:00-05:00
287.8836521540953,288.31106987595297,281.7055717749834,282.4147033691406,32461600,2022-02-17 00:00:00-05:00
284.6683187638748,285.45514917784027,278.12110235566274,279.69476318359375,34264000,2022-02-18 00:00:00-05:00
276.848487840858,283.2014403886753,276.36278873938284,279.4906921386719,41736100,2022-02-22 00:00:00-05:00
281.88040784681664,283.3569525301801,272.08872407192825,272.25384521484375,37811200,2022-02-23 00:00:00-05:00
264.7157541586324,286.7179192209472,263.75404970523874,286.1642150878906,56989700,2022-02-24 00:00:00-05:00
286.6984789913166,289.11725102312295,283.3082791147429,288.806396484375,32546700,2022-02-25 00:00:00-05:00
285.8923251751029,290.5841971057396,284.6197953558414,290.24420166015625,34627500,2022-02-28 00:00:00-05:00
287.9224869789125,291.39038646773963,283.79404367642127,286.51397705078125,31217800,2022-03-01 00:00:00-05:00
286.91222446701073,292.847484256712,285.29972916949754,291.6040954589844,31873000,2022-03-02 00:00:00-05:00
294.2268235947487,294.4599496832263,285.6396371693534,287.4561767578125,27314500,2022-03-03 00:00:00-05:00
285.872836378718,287.20364741070586,278.9564846846294,281.56951904296875,32356500,2022-03-04 00:00:00-05:00
280.27755582691316,281.40438143444726,270.56357263581685,270.9327087402344,43157200,2022-03-07 00:00:00-05:00
269.8544445547455,275.8382618324214,262.27754942912713,267.9602355957031,48159500,2022-03-08 00:00:00-05:00
275.3330500505064,281.31686525655334,272.74912782666473,280.2483215332031,35204500,2022-03-09 00:00:00-05:00
274.925099925405,278.4027219816775,272.55488601450895,277.4216003417969,30628000,2022-03-10 00:00:00-05:00
279.72379451628825,281.2294793900966,271.43776973309735,272.0594787597656,27209300,2022-03-11 00:00:00-05:00
272.32177230866523,277.2370449099139,267.93106304456427,268.5333251953125,30660700,2022-03-14 00:00:00-04:00
272.3316046207133,279.58795337999106,270.75794362504166,278.9371032714844,34245100,2022-03-15 00:00:00-04:00
280.8409590240361,286.1448152890781,275.10002093883594,285.969970703125,37826300,2022-03-16 00:00:00-04:00
284.9014229476991,287.1550445309803,281.09352847125103,286.7762145996094,30816600,2022-03-17 00:00:00-04:00
286.9219156173707,292.3908928751007,284.35743948050003,291.8371887207031,43390600,2022-03-18 00:00:00-04:00
290.3412792491695,291.55552723764225,286.4653795115505,290.6035461425781,28351200,2022-03-21 00:00:00-04:00
291.2251763552564,296.27645898935685,290.2246373680648,295.36334228515625,27599700,2022-03-22 00:00:00-04:00
291.914948142402,294.55715302572054,289.20473825507435,290.9241027832031,25715400,2022-03-23 00:00:00-04:00
290.584124550762,295.49939796385246,289.7875707673661,295.4022521972656,24484500,2022-03-24 00:00:00-04:00
296.49991734768025,296.7621842197346,290.7298090046941,294.9942321777344,22566500,2022-03-25 00:00:00-04:00
295.62561433366324,301.9105621534724,295.62561433366324,301.8134460449219,29578200,2022-03-28 00:00:00-04:00
304.93166587278824,306.7870403167867,300.21065437950557,306.3887634277344,30393400,2022-03-29 00:00:00-04:00
304.78594052626613,306.913305177859,302.668269699275,304.883056640625,28163600,2022-03-30 00:00:00-04:00
304.9219344786806,306.1264885845464,299.083850585326,299.4918212890625,33422100,2022-03-31 00:00:00-04:00
300.5215111712641,301.2597834241502,296.8010684307619,300.5700988769531,27110500,2022-04-01 00:00:00-04:00
301.2209056188057,306.09731457992234,300.85176950899194,305.9613342285156,24289600,2022-04-04 00:00:00-04:00
304.3099383163862,305.8641815434495,301.0071899868292,301.9883117675781,23156700,2022-04-05 00:00:00-04:00
296.46106638553516,298.21929503681264,288.2235976616029,290.9338073730469,40110400,2022-04-06 00:00:00-04:00
288.17505745754556,294.9651228945871,287.87392632036267,292.7503356933594,31411200,2022-04-07 00:00:00-04:00
291.8468883177177,292.50743200328867,287.80586809966695,288.47613525390625,24361900,2022-04-08 00:00:00-04:00
283.444334820197,284.2408589427509,276.8485316772578,277.1011047363281,34569300,2022-04-11 00:00:00-04:00
280.96724774660083,282.42434526371244,272.46751223011626,273.99261474609375,30966700,2022-04-12 00:00:00-04:00
274.6434627479795,280.32611930894404,273.25434059478465,279.3935852050781,21907200,2022-04-13 00:00:00-04:00
279.85011388563913,280.06382268306834,271.33096203916773,271.82635498046875,28221600,2022-04-14 00:00:00-04:00
270.93276670268006,274.38121961538,270.3790624275961,272.4967041015625,20778000,2022-04-18 00:00:00-04:00
271.38929164584124,277.9850951288017,270.44703400541835,277.13995361328125,22297700,2022-04-19 00:00:00-04:00
281.1226451360591,281.4140823953161,277.20791140895244,278.1695861816406,22906700,2022-04-20 00:00:00-04:00
280.3261675783032,284.91116970849527,272.0498629863568,272.7784118652344,29454600,2022-04-21 00:00:00-04:00
273.6234514112398,275.0999957209801,265.5608578098642,266.1922607421875,29405800,2022-04-22 00:00:00-04:00
265.4734657946964,273.0697784310283,263.0255229577328,272.6909484863281,35678900,2022-04-25 00:00:00-04:00
269.56301966815096,270.39840795008814,262.27753265009284,262.4912414550781,46518400,2022-04-26 00:00:00-04:00
274.031484376404,282.6477831207664,271.17557081505095,275.11944580078125,63477700,2022-04-27 00:00:00-04:00
277.03305889616263,282.6574628531849,273.40973288749205,281.3460693359375,33646600,2022-04-28 00:00:00-04:00
280.3552308662172,281.5889255994555,268.5916124491754,269.5824279785156,37073900,2022-04-29 00:00:00-04:00
269.76704691143607,276.7902681599754,268.31967275198224,276.3337097167969,35151100,2022-05-02 00:00:00-04:00
275.83825274986134,276.0034035044094,272.13722760135903,273.7206115722656,25978600,2022-05-03 00:00:00-04:00
274.5074186198129,282.56031814029586,268.8150392969301,281.6860656738281,33599300,2022-05-04 00:00:00-04:00
277.3730510124764,278.159881184839,266.49337928776083,269.41729736328125,43260400,2022-05-05 00:00:00-04:00
266.9499217082714,271.26293184126416,263.5111639763515,266.8722229003906,37780300,2022-05-06 00:00:00-04:00
262.3358470968672,264.570051538234,255.7886314279648,257.0125732421875,47726000,2022-05-09 00:00:00-04:00
263.9192042299002,265.92028233912083,257.4885522823345,261.7918395996094,39336400,2022-05-10 00:00:00-04:00
258.08108673464193,263.59862182505924,251.88356099344725,253.09780883789062,48975900,2022-05-11 00:00:00-04:00
250.31965376069257,252.44701860866542,242.86902988003934,248.0465850830078,51033800,2022-05-12 00:00:00-04:00
249.98935885039046,255.51661755817597,248.04656224715404,253.65151977539062,34925100,2022-05-13 00:00:00-04:00
252.52469868871455,258.21710825290523,248.46426083031778,254.02066040039062,32550900,2022-05-16 00:00:00-04:00
258.49882336445273,260.6553290764096,254.9532250048792,259.18853759765625,28828800,2022-05-17 00:00:00-04:00
256.07284113929967,256.65704367780984,246.11229334160456,247.38778686523438,31356000,2022-05-18 00:00:00-04:00
247.2124499404851,250.88316985796476,245.24566599039852,246.47247314453125,32692300,2022-05-19 00:00:00-04:00
250.46451695558721,251.7302939364053,239.9489912660256,245.9077911376953,39199300,2022-05-20 00:00:00-04:00
248.76060475810127,254.61230085567473,246.75485101727517,253.78468322753906,33175400,2022-05-23 00:00:00-04:00
251.09738523468087,254.4467508800761,246.82300027694097,252.78179931640625,29043900,2022-05-24 00:00:00-04:00
251.34081362161467,257.6111618480984,250.35740670345945,255.6054229736328,28547900,2022-05-25 00:00:00-04:00
255.36199947266203,260.0745140342106,254.5441279914447,258.8963928222656,25002100,2022-05-26 00:00:00-04:00
261.40851519708474,266.1404933803553,260.5127340056959,266.0431213378906,26910800,2022-05-27 00:00:00-04:00
265.3517260163773,267.53271628392065,261.84654186228,264.7091064453125,37827700,2022-05-31 00:00:00-04:00
267.95149662352827,270.3759028018856,262.9274027190376,265.2447204589844,25292200,2022-06-01 00:00:00-04:00
257.48464843811894,267.41597223525304,254.70970880591457,267.3478088378906,44008200,2022-06-02 00:00:00-04:00
263.19023737158795,266.2475464172639,261.34028787235826,262.9078674316406,28059000,2022-06-03 00:00:00-04:00
264.8941403781675,266.95829640703147,260.18162592964813,261.67132568359375,22400300,2022-06-06 00:00:00-04:00
259.6169327151611,265.9359818654596,258.9353582624585,265.32257080078125,22860700,2022-06-07 00:00:00-04:00
264.55340602953294,265.8094369636133,262.508712110135,263.28765869140625,17372300,2022-06-08 00:00:00-04:00
260.72691036326086,265.52705139070684,257.65988452101186,257.815673828125,26439700,2022-06-09 00:00:00-04:00
253.71652916101232,253.71652916101232,245.87857126759548,246.3264617919922,31422800,2022-06-10 00:00:00-04:00
238.65402892286738,242.4610466893475,235.16832104311976,235.87908935546875,46135800,2022-06-13 00:00:00-04:00
237.43691245609412,239.2673994308343,235.14880373766889,238.05032348632812,28651500,2022-06-14 00:00:00-04:00
241.76971832268623,248.57561287293495,239.92949994824272,245.12884521484375,33111700,2022-06-15 00:00:00-04:00
239.50109230773435,240.90316631225872,236.61906450455473,238.5177001953125,33169200,2022-06-16 00:00:00-04:00
238.25482422814653,243.90206053731393,237.60247319436613,241.1271209716797,43084800,2022-06-17 00:00:00-04:00
243.66836636124324,248.0401090587858,242.93812070160013,247.0567169189453,29928300,2022-06-21 00:00:00-04:00
245.2554237872834,250.39636659426804,243.7754551783502,246.4627685546875,25939900,2022-06-22 00:00:00-04:00
248.83850165297127,252.5384008649408,246.9495972945259,252.0418243408203,25861400,2022-06-23 00:00:00-04:00
254.91408106276444,260.92158008015326,254.82645517381317,260.6489562988281,33923200,2022-06-24 00:00:00-04:00
261.14555619251996,261.2331820993187,256.34541555511356,257.91302490234375,24615100,2022-06-27 00:00:00-04:00
257.0269576827798,259.87977635141715,249.56871328861286,249.72450256347656,27295500,2022-06-28 00:00:00-04:00
250.80523555573384,255.0698738258011,249.02343483819726,253.40492248535156,20069800,2022-06-29 00:00:00-04:00
250.27948365294694,252.69417300750064,246.23879748722132,250.06527709960938,31730900,2022-06-30 00:00:00-04:00
249.63690825299287,252.9278568169159,247.90377835039504,252.74285888671875,22837700,2022-07-01 00:00:00-04:00
249.41297928429609,256.0533537422768,248.03038259148036,255.92677307128906,22941000,2022-07-05 00:00:00-04:00
256.8030448567487,260.93135728272176,255.4885967886615,259.1982421875,23824400,2022-07-06 00:00:00-04:00
258.1369298596105,261.9731555407947,258.03955784314934,261.3305358886719,20859900,2022-07-07 00:00:00-04:00
257.81564471898173,261.0384595044661,256.35515355768905,260.61004638671875,19658800,2022-07-08 00:00:00-04:00
258.652987654912,259.50981391999767,255.2743834632221,257.54302978515625,19455200,2022-07-11 00:00:00-04:00
258.8769459056364,258.93536317826056,245.40146874432753,246.98854064941406,35868500,2022-07-12 00:00:00-04:00
243.60020738417253,246.8717083934276,241.57499105873987,246.06356811523438,29497400,2022-07-13 00:00:00-04:00
243.9702421285469,248.41986514063294,239.46218697709963,247.38778686523438,25102800,2022-07-14 00:00:00-04:00
248.98456055892254,253.51207769247128,248.05958569750663,249.95822143554688,29774100,2022-07-15 00:00:00-04:00
252.90837187190323,253.9696584904297,246.6282632029574,247.55323791503906,20975000,2022-07-18 00:00:00-04:00
250.79556321406503,252.8792118165183,246.99829162159293,252.6942138671875,25012600,2022-07-19 00:00:00-04:00
253.0544736031829,257.89356968724485,252.09055877626747,255.36204528808594,22788300,2022-07-20 00:00:00-04:00
252.9472838954083,257.9129586685057,250.25997125528832,257.8642578125,22404700,2022-07-21 00:00:00-04:00
258.2537423042944,258.3413681974842,252.24627271008507,253.5022735595703,21881300,2022-07-22 00:00:00-04:00
254.1254914759352,254.61232191937572,250.04584998280214,252.01263427734375,21056000,2022-07-25 00:00:00-04:00
253.01546796056851,253.0349601923591,242.99652024774517,245.26513671875,39348000,2022-07-26 00:00:00-04:00
254.28125487951846,262.937083830948,252.03210083704948,261.6615905761719,45994000,2022-07-27 00:00:00-04:00
262.6449933275576,270.5219054098013,260.81450632143316,269.12957763671875,33459300,2022-07-28 00:00:00-04:00
270.38561261895575,274.5723421203902,269.3437884448539,273.34552001953125,32152800,2022-07-29 00:00:00-04:00
270.50244104227005,273.87129897154,268.5745820293401,270.68743896484375,21539600,2022-08-01 00:00:00-04:00
268.73042525392265,270.5706587329471,265.20577732907145,267.5815124511719,22754200,2022-08-02 00:00:00-04:00
269.4703733954384,276.0328377004394,269.3243005039463,275.02996826171875,23518900,2022-08-03 00:00:00-04:00
274.3776155284762,276.3249372276528,272.7905733032149,276.17889404296875,18098700,2022-08-04 00:00:00-04:00
271.7973999930235,276.1788734901075,271.33977823922174,275.4583740234375,16774600,2022-08-05 00:00:00-04:00
276.5683509224571,278.389121660764,271.96295414598876,272.9366149902344,18739200,2022-08-08 00:00:00-04:00
272.27449902360144,275.6238645762856,270.29793922937904,274.8644104003906,23405200,2022-08-09 00:00:00-04:00
280.5798779306673,282.1766663743065,279.3822643126082,281.5437927246094,24687800,2022-08-10 00:00:00-04:00
283.18925104786797,283.53975467502244,278.9635667202551,279.4601135253906,20065900,2022-08-11 00:00:00-04:00
280.8816642309204,284.2213134765625,279.38221835406904,284.2213134765625,22619700,2022-08-12 00:00:00-04:00
283.33523050405944,286.43146403599656,282.4686583199803,285.74017333984375,18085700,2022-08-15 00:00:00-04:00
284.29920717683063,286.29522964293864,282.77058230494487,285.000244140625,18102900,2022-08-16 00:00:00-04:00
282.7072658170179,286.2296574450953,282.44383012146875,284.2489318847656,18253400,2022-08-17 00:00:00-04:00
283.14633488290866,284.8245871918749,282.0632619914761,283.1268310546875,17186200,2022-08-18 00:00:00-04:00
281.8876880642846,282.22919866799805,278.62876156472737,279.2044372558594,20570000,2022-08-19 00:00:00-04:00
275.2331875620073,275.6039687594136,270.4911664208778,271.00830078125,25061100,2022-08-22 00:00:00-04:00
269.7301025390625,272.09134632698925,268.7153376389546,269.7301025390625,17527400,2022-08-23 00:00:00-04:00
268.72513550456136,270.50096684081166,268.43239936541056,269.0959167480469,18137000,2022-08-24 00:00:00-04:00
270.5985399327254,272.2475220668953,267.85674757926176,272.0816650390625,16583400,2022-08-25 00:00:00-04:00
272.306030389581,273.5354566259213,261.47547845229536,261.5827941894531,27549300,2022-08-26 00:00:00-04:00
259.3971520734982,260.9095177308766,257.44569714689953,258.7922058105469,20338500,2022-08-29 00:00:00-04:00
260.1972703784425,260.5680218228097,254.33313846551115,256.5870666503906,22767100,2022-08-30 00:00:00-04:00
258.9483855381076,260.6266085765179,254.9869037281879,255.12351989746094,24791800,2022-08-31 00:00:00-04:00
252.58660569721067,254.5575945582779,249.21059644985115,254.0794677734375,23263400,2022-09-01 00:00:00-04:00
255.34787394019799,258.3140638137126,248.29335407849214,249.84475708007812,22855400,2022-09-02 00:00:00-04:00
249.98140494870378,251.57181580911544,245.82479614477606,247.10299682617188,21328200,2022-09-06 00:00:00-04:00
248.51780000142463,252.54754459384247,247.0737274194597,251.8255157470703,24126700,2022-09-07 00:00:00-04:00
251.2595764515314,254.1086838315487,248.60558180021502,252.2450408935547,20319900,2022-09-08 00:00:00-04:00
254.1770208837589,258.7922228079521,253.97212644052357,258.0408935546875,22084700,2022-09-09 00:00:00-04:00
259.3288562062833,260.95833424847086,258.7239099148687,260.177734375,18747700,2022-09-12 00:00:00-04:00
252.55732112555575,254.0794537555011,245.4832962296118,245.87359619140625,33353300,2022-09-13 00:00:00-04:00
247.37619258985976,248.0591988641248,243.79527444125134,246.09799194335938,23913000,2022-09-14 00:00:00-04:00
243.7074542260417,245.29787987720312,238.09702127641052,239.42401123046875,31530900,2022-09-15 00:00:00-04:00
238.33120061380296,239.34596558037185,236.18460303002797,238.799560546875,39791800,2022-09-16 00:00:00-04:00
236.58465548733815,239.1898462068976,235.00398165238354,238.58489990234375,26826900,2022-09-19 00:00:00-04:00
236.19435819350156,237.59939325821156,233.82333267549006,236.56512451171875,26660300,2022-09-20 00:00:00-04:00
238.3409629469102,241.64867860903064,233.10129609605303,233.15008544921875,28625600,2022-09-21 00:00:00-04:00
232.09628535405986,237.9408981793507,231.8035790277941,235.13079833984375,31061200,2022-09-22 00:00:00-04:00
233.72573895914633,235.27715686765256,229.49108554182823,232.1450653076172,34176000,2022-09-23 00:00:00-04:00
231.29622310665232,235.58941845298165,231.14985503831448,231.68650817871094,27694200,2022-09-26 00:00:00-04:00
234.15509253004862,235.93092381180116,228.8081097419373,230.6717529296875,27018700,2022-09-27 00:00:00-04:00
231.06203437528512,236.44805451845707,229.03251932295336,235.21864318847656,29029700,2022-09-28 00:00:00-04:00
233.0915358630107,234.12580460416743,228.7202809445972,231.7352752685547,27484200,2022-09-29 00:00:00-04:00
232.50608809787929,234.70147486593402,227.0810458443,227.24691772460938,35694800,2022-09-30 00:00:00-04:00
229.69599282969966,235.74549978528202,228.9641972732562,234.89662170410156,28880400,2022-10-03 00:00:00-04:00
239.1410199274479,244.28310738743892,239.03368932013967,242.8390350341797,34888400,2022-10-04 00:00:00-04:00
240.01921394484737,244.49779961267382,238.17508955877648,243.1512908935547,20347100,2022-10-05 00:00:00-04:00
241.91211821206613,244.2636251213658,240.10703122323224,240.79978942871094,20239900,2022-10-06 00:00:00-04:00
235.05274661637694,235.46256526438881,227.51037728003038,228.55441284179688,37769600,2022-10-07 00:00:00-04:00
227.39329913104484,228.86664231097572,221.22669412281707,223.68553161621094,29743600,2022-10-10 00:00:00-04:00
222.09506995780728,223.50011982084274,218.6702720829725,219.938720703125,30474000,2022-10-11 00:00:00-04:00
219.92898195872448,222.32927826237437,218.52394680485463,220.27049255371094,21903900,2022-10-12 00:00:00-04:00
214.51369484245026,230.36926657051526,213.81116985788702,228.55441284179688,42551800,2022-10-13 00:00:00-04:00
229.822825910581,231.481574406119,222.7975915879221,223.0122528076172,30198600,2022-10-14 00:00:00-04:00
230.09605601233935,233.15983963119882,229.43255359972767,231.76454162597656,28142300,2022-10-17 00:00:00-04:00
237.33595204197528,238.00919148115057,229.65696682991847,232.71099853515625,26329600,2022-10-18 00:00:00-04:00
231.2864410309145,233.7940678630011,228.60319039452398,230.7400360107422,19985700,2022-10-19 00:00:00-04:00
230.04729394929115,235.45281815032266,229.1691302009418,230.41806030273438,21811000,2022-10-20 00:00:00-04:00
229.04228963437978,237.10179380895985,228.80810966337896,236.24314880371094,26299700,2022-10-21 00:00:00-04:00
237.84328721098777,241.82425648073266,235.44300633072908,241.2485809326172,24911200,2022-10-24 00:00:00-04:00
241.25836910616306,244.94661775526365,239.8630859691524,244.5758514404297,34775500,2022-10-25 00:00:00-04:00
225.55893893934157,232.51588122743283,224.475880748936,225.70530700683594,82543200,2022-10-26 00:00:00-04:00
225.4320803427003,228.01776721146956,220.29975893201416,221.2462158203125,40424600,2022-10-27 00:00:00-04:00
220.74857626199804,230.85711290132215,220.56318567055376,230.1448211669922,40647700,2022-10-28 00:00:00-04:00
228.08604636794266,229.2178937981287,225.53939709423386,226.49562072753906,28357300,2022-10-31 00:00:00-04:00
228.9056486445067,230.01797725896833,221.81210644356696,222.6317138671875,30592300,2022-11-01 00:00:00-04:00
223.89042351168925,225.685758416669,214.6990579834419,214.7576141357422,38407000,2022-11-02 00:00:00-04:00
214.74786673711404,215.06010669058617,208.78617098234167,209.04962158203125,36633900,2022-11-03 00:00:00-04:00
212.2695216011054,216.21145416874165,208.2495141580714,216.0163116455078,36789100,2022-11-04 00:00:00-04:00
216.6017670874102,222.86593625575733,215.9089939667199,222.3390350341797,33498000,2022-11-07 00:00:00-05:00
223.14887115740464,226.02726423874347,220.3582899758322,223.3147430419922,28192500,2022-11-08 00:00:00-05:00
221.85112775378298,223.08055377079376,218.88492309452312,219.060546875,27852900,2022-11-09 00:00:00-05:00
229.7155294272081,237.42378598771606,229.29597372810505,237.082275390625,46268000,2022-11-10 00:00:00-05:00
237.09203737840352,241.9706750181947,236.05775369249454,241.11203002929688,34620200,2022-11-11 00:00:00-05:00
236.1163342575776,237.98972951829813,233.40381264053644,235.68701171875,31123300,2022-11-14 00:00:00-05:00
239.69722338869778,241.00469467728894,234.20387274977523,236.09678649902344,31390100,2022-11-15 00:00:00-05:00
237.56446612877613,238.55273762838763,235.2454800077999,236.52728271484375,24093300,2022-11-16 00:00:00-05:00
232.6623379461831,238.01461012681563,232.51557231907879,236.4783935546875,23123500,2022-11-17 00:00:00-05:00
238.26898078474412,238.49404129362665,233.8854070506041,236.0282745361328,27613500,2022-11-18 00:00:00-05:00
236.23374231089764,239.40401380150684,235.9989173392521,236.8404083251953,26394700,2022-11-21 00:00:00-05:00
238.34726178052222,240.03024378872047,235.5292575473347,239.7562713623047,19665700,2022-11-22 00:00:00-05:00
239.83456376214852,242.93633491013367,239.0126464403006,242.25140380859375,19508500,2022-11-23 00:00:00-05:00
241.98719641652858,243.3472791412151,241.4196778430826,242.163330078125,9200800,2022-11-25 00:00:00-05:00
240.78368479357738,241.34140906534282,235.61732607964368,236.55665588378906,24778200,2022-11-28 00:00:00-05:00
236.20441840998745,237.56450128373822,233.0830883095049,235.15745544433594,17956300,2022-11-29 00:00:00-05:00
235.3922760619219,249.83459470450774,234.69755065431445,249.648681640625,47594200,2022-11-30 00:00:00-05:00
248.40598508985425,250.60755864010457,245.519480532268,249.20834350585938,26041500,2022-12-01 00:00:00-05:00
244.44318669201743,250.54887499999236,244.31597987547545,249.53126525878906,21528500,2022-12-02 00:00:00-05:00
246.5860592259716,248.35711568212665,242.72107687347514,244.8150177001953,23435300,2022-12-05 00:00:00-05:00
245.42166189613354,246.4392716289712,238.533173950974,239.84432983398438,22463700,2022-12-06 00:00:00-05:00
239.56059501119066,240.86197158934914,236.99698930720933,239.11048889160156,20481500,2022-12-07 00:00:00-05:00
239.57035707306187,243.38642715920767,237.8286688296212,242.07525634765625,22611800,2022-12-08 00:00:00-05:00
239.43340405061218,242.96570787382834,238.90503285210087,240.13790893554688,20609700,2022-12-09 00:00:00-05:00
242.12419433216994,247.10463998852305,241.8502218945569,247.07528686523438,30665100,2022-12-12 00:00:00-05:00
256.0577219976388,258.2397370836631,247.62325261498822,251.39039611816406,42196900,2022-12-13 00:00:00-05:00
251.5958700706499,256.93834770699095,248.83655694939137,251.68392944335938,35410900,2022-12-14 00:00:00-05:00
248.25925401561503,248.728918924476,242.01656425839232,243.65061950683594,35560400,2022-12-15 00:00:00-05:00
243.2005220025338,244.46275107803268,238.2689883313514,239.42359924316406,86102000,2022-12-16 00:00:00-05:00
239.5899138337531,239.93238680595584,233.57228537641447,235.2748260498047,29696400,2022-12-19 00:00:00-05:00
234.24744039254352,237.68190498867048,233.2885368978721,236.59579467773438,25150800,2022-12-20 00:00:00-05:00
236.48815622889643,240.3335644481044,234.94216046535638,239.16917419433594,23690600,2022-12-21 00:00:00-05:00
236.06742458351349,236.7817237519787,228.836478039085,233.06350708007812,28651700,2022-12-22 00:00:00-05:00
231.02826751372717,233.72885938875746,228.9049736414497,233.5918731689453,21207000,2022-12-23 00:00:00-05:00
233.56252628177612,233.78757187810967,230.75430123545564,231.8599853515625,16688600,2022-12-27 00:00:00-05:00
231.7914607924466,234.5605530300066,229.1300016429323,229.4822540283203,17457100,2022-12-28 00:00:00-05:00
230.57816095790326,236.71321757486763,230.57816095790326,235.8227996826172,19770700,2022-12-29 00:00:00-05:00
233.08305265228162,234.79538769550024,231.56641005649837,234.6584014892578,21938500,2022-12-30 00:00:00-05:00
237.84825439790933,240.46078689316013,232.290495791577,234.423583984375,25740000,2023-01-03 00:00:00-05:00
227.28067869083657,227.85797664505387,221.09671066302377,224.16912841796875,50623400,2023-01-04 00:00:00-05:00
222.31005275576163,222.65252580322002,216.98713353927943,217.52529907226562,39585600,2023-01-05 00:00:00-05:00
218.20041337731763,220.90100504687248,214.6289776058487,220.0888671875,43613600,2023-01-06 00:00:00-05:00
221.57615730202494,226.26307141609416,221.53702478368263,222.2317352294922,27369800,2023-01-09 00:00:00-05:00
222.85800882623798,226.3316066068968,222.4372707078429,223.924560546875,27033900,2023-01-10 00:00:00-05:00
226.311983326322,230.87169062751605,226.13586459822005,230.69557189941406,28669300,2023-01-11 00:00:00-05:00
230.1965511287431,234.73668494527053,228.53314279943885,233.37660217285156,27269500,2023-01-12 00:00:00-05:00
231.8991306833696,234.2181172124819,229.86389601484052,234.0811309814453,21333300,2023-01-13 00:00:00-05:00
232.84820632219572,235.72493150416275,231.9871416608243,235.17698669433594,29831300,2023-01-17 00:00:00-05:00
236.37076466345434,237.16332887463713,230.45097410915378,230.73472595214844,30028700,2023-01-18 00:00:00-05:00
228.74842139423623,230.4509772666671,225.71513580011168,226.938232421875,28623000,2023-01-19 00:00:00-05:00
229.80515114547578,235.55860174293485,229.46267816024536,235.04978942871094,35389800,2023-01-20 00:00:00-05:00
235.9108818315434,239.8932766589855,234.49207780928063,237.35902404785156,31934000,2023-01-23 00:00:00-05:00
237.28074883436128,238.69953795471773,235.2650879547733,236.8306427001953,40234400,2023-01-24 00:00:00-05:00
229.43332655230378,238.06350250540547,225.93037643234288,235.431396484375,66526600,2023-01-25 00:00:00-05:00
238.40597158463132,242.9656790686591,236.79149012411796,242.662353515625,33454500,2023-01-26 00:00:00-05:00
243.6310618794315,244.45297920647357,241.51754738385625,242.8189239501953,26498900,2023-01-27 00:00:00-05:00
239.24745305758034,240.31400454491248,236.9871731308744,237.4862060546875,25867400,2023-01-30 00:00:00-05:00
238.21029409203948,242.61344191233738,237.72105544533972,242.47645568847656,26541100,2023-01-31 00:00:00-05:00
242.66235279117208,249.68781212878685,240.18680659624076,247.31011962890625,31259900,2023-02-01 00:00:00-05:00
253.2494929338685,258.9931497026044,251.71327646099442,258.90509033203125,39940400,2023-02-02 00:00:00-05:00
253.95398684195544,258.51369428484844,251.5665000287539,252.7895965576172,29077300,2023-02-03 00:00:00-05:00
251.8991842011105,252.74066029817823,249.29643114757204,251.24359130859375,22518000,2023-02-06 00:00:00-05:00
254.92266746149838,262.98531015234266,254.48234077073667,261.8013610839844,50841400,2023-02-07 00:00:00-05:00
267.3200383189596,270.8034154831506,260.48046096986917,260.9892883300781,54686000,2023-02-08 00:00:00-05:00
267.9070265007635,268.0831750785003,257.14377806067694,257.9461364746094,42375100,2023-02-09 00:00:00-05:00
255.90116143595523,258.4060608799008,255.0498909814336,257.4373779296875,25818500,2023-02-10 00:00:00-05:00
261.8796493414977,268.6898422196811,261.4001752133106,265.4804382324219,44630900,2023-02-13 00:00:00-05:00
266.8014029280315,269.0518886421272,263.4843507418386,266.3121643066406,37047900,2023-02-14 00:00:00-05:00
263.20263513184307,265.566675446504,261.10343462754037,264.1835632324219,28922400,2023-02-15 00:00:00-05:00
258.9846298555741,261.6527555228092,256.90506704379015,257.1502990722656,29603600,2023-02-16 00:00:00-05:00
254.44294147679955,255.12957315105942,251.11758101538413,253.13829040527344,30000100,2023-02-17 00:00:00-05:00
249.62656685950031,250.61731377289414,246.791685383644,247.85108947753906,28397400,2023-02-21 00:00:00-05:00
249.24402266661136,249.48925469685545,245.5655422129501,246.71322631835938,22491100,2023-02-22 00:00:00-05:00
250.68598313263473,251.94156990467263,245.70286658270774,249.9110565185547,29219100,2023-02-23 00:00:00-05:00
245.19276526490697,246.21292378160817,243.36823861745583,244.4668731689453,24990900,2023-02-24 00:00:00-05:00
247.6451146739916,247.99824938864867,244.63365822291965,245.38897705078125,21190000,2023-02-27 00:00:00-05:00
244.3197548443397,246.69359891216772,243.98622793422533,244.66307067871094,22491000,2023-02-28 00:00:00-05:00
245.97753899310177,246.14429498347712,241.10232486069782,241.57318115234375,27565300,2023-03-01 00:00:00-05:00
241.84780200241096,246.60529383372395,240.92572728524587,246.32083129882812,24808200,2023-03-02 00:00:00-05:00
247.38021397852944,250.74478955196716,246.59546865075498,250.42108154296875,30760100,2023-03-03 00:00:00-05:00
251.53939752130754,255.159024778159,251.09798284876422,251.97100830078125,24109800,2023-03-06 00:00:00-05:00
251.41183036535284,252.77533463239405,248.5573413069621,249.30284118652344,21473200,2023-03-07 00:00:00-05:00
249.19493159082262,249.68539556928397,246.02653848093868,248.86141967773438,17340200,2023-03-08 00:00:00-05:00
250.94099934444543,254.60966035641655,246.78185938190114,247.50775146484375,26653400,2023-03-09 00:00:00-05:00
246.29137753996716,247.96875585756072,242.8777526581834,243.84886169433594,28333900,2023-03-10 00:00:00-05:00
242.68160000285428,252.99116366046172,241.0434519121512,249.07725524902344,33339700,2023-03-13 00:00:00-04:00
251.85326561713225,256.09088178887293,250.98024029023756,255.81622314453125,33620300,2023-03-14 00:00:00-04:00
255.02167441477647,261.39770646973017,254.2663406895164,260.3775329589844,46028000,2023-03-15 00:00:00-04:00
260.15192277848104,271.28546226233277,258.25873880453594,270.9323425292969,54768800,2023-03-16 00:00:00-04:00
272.95303899433276,277.9263212786572,271.05003625066047,274.1007080078125,69527400,2023-03-17 00:00:00-04:00
271.6974947352568,272.1879588192312,264.70347210809354,267.0380859375,43466600,2023-03-20 00:00:00-04:00
269.63743720664905,269.7551437524182,264.37964865648445,268.55841064453125,34558700,2023-03-21 00:00:00-04:00
268.18577030466906,275.68007630090824,266.9890366746355,267.0969543457031,34873300,2023-03-22 00:00:00-04:00
272.63909952913014,275.6995897493697,269.9513666959404,272.36444091796875,36610900,2023-03-23 00:00:00-04:00
271.9524869231275,275.27784742962956,270.02987629936445,275.218994140625,28172000,2023-03-24 00:00:00-04:00
275.1503053082786,276.09198781080295,270.26527306825443,271.10888671875,26840200,2023-03-27 00:00:00-04:00
270.53018284762516,270.87351368720647,266.86149121075977,269.9808654785156,21878600,2023-03-28 00:00:00-04:00
273.6396997041648,275.7781457546804,273.1002012129155,275.16015625,25087000,2023-03-29 00:00:00-04:00
278.80924974969867,279.0348440904467,276.1116970382485,278.6326599121094,25053400,2023-03-30 00:00:00-04:00
278.3186656946347,283.7529843526712,277.60257759753506,282.8014831542969,32766000,2023-03-31 00:00:00-04:00
281.0555031510767,282.77212729380244,278.5345407324913,281.7519836425781,24883300,2023-04-03 00:00:00-04:00
281.7519757409846,284.9105652724409,280.22173037151373,281.7029113769531,25824300,2023-04-04 00:00:00-04:00
280.3982947048252,281.67348922118816,277.52418264519775,278.9170837402344,22064800,2023-04-05 00:00:00-04:00
277.8086342608768,286.5094615754292,276.65114630640034,286.03863525390625,29770300,2023-04-06 00:00:00-04:00
283.69419877058414,284.0767750869852,279.280022455151,283.87078857421875,23103000,2023-04-10 00:00:00-04:00
280.30020580456596,280.5258300453537,276.2686056649449,277.4358825683594,27276600,2023-04-11 00:00:00-04:00
279.35850689315987,281.53616835496916,276.58246375618245,278.0832824707031,27403400,2023-04-12 00:00:00-04:00
278.1813345252159,284.370987067152,277.76936157858967,284.3121337890625,24222700,2023-04-13 00:00:00-04:00
281.52638414818057,282.9781686132696,278.2795143077269,280.68280029296875,20987900,2023-04-14 00:00:00-04:00
284.40044560842966,286.0386085271272,280.702357854445,283.2919921875,23836200,2023-04-17 00:00:00-04:00
286.0091903829201,286.1955691018291,281.53616100019883,282.8702087402344,20161800,2023-04-18 00:00:00-04:00
280.5355652058813,283.5372022349438,279.11323768855965,282.94866943359375,17150300,2023-04-19 00:00:00-04:00
279.8097365276155,283.51764349522205,279.642965581356,280.6533203125,23244400,2023-04-20 00:00:00-04:00
279.57430155150945,280.810250487239,277.6614799588713,280.30999755859375,21676400,2023-04-21 00:00:00-04:00
276.71005291350576,279.51552334052303,273.4043294234808,276.3961486816406,26611000,2023-04-24 00:00:00-04:00
274.1792287517983,276.22936493295845,270.11817196073184,270.167236328125,45772200,2023-04-25 00:00:00-04:00
291.04140663076737,293.8566657529909,287.1471205098991,289.73675537109375,64599200,2023-04-26 00:00:00-04:00
290.3252582511895,299.3792343711165,289.6189889013241,299.0162658691406,46462600,2023-04-27 00:00:00-04:00
298.2119472041732,303.038096464785,297.525285592319,301.39996337890625,36469600,2023-04-28 00:00:00-04:00
301.11541161171004,302.7143287347689,299.3301158095498,299.7322998046875,21294100,2023-05-01 00:00:00-04:00
301.8903917190822,303.28329262686395,298.1138131714134,299.585205078125,26404400,2023-05-02 00:00:00-04:00
300.7721438172862,302.7241809919645,298.29039713141395,298.594482421875,22360800,2023-05-03 00:00:00-04:00
300.39936209486564,301.8903917190822,297.6135303437571,299.585205078125,22519900,2023-05-04 00:00:00-04:00
299.8893128499304,306.0201129213296,298.46695525914686,304.72528076171875,28197100,2023-05-05 00:00:00-04:00
304.2152426463564,304.28391479928877,300.2522846595883,302.7634582519531,21318600,2023-05-08 00:00:00-04:00
302.12579484871236,304.1268961575847,300.46802429382234,301.1448669433594,21340800,2023-05-09 00:00:00-04:00
302.73401078657963,307.03048044641207,301.8021470979915,306.3536376953125,30078000,2023-05-10 00:00:00-04:00
304.1858287503453,305.1863646978888,300.41906820391165,304.19561767578125,31680200,2023-05-11 00:00:00-04:00
304.62712329568626,304.72522206504215,300.75247635823115,303.0772705078125,19774700,2023-05-12 00:00:00-04:00
303.2048941545713,303.98962469259277,301.72368308333836,303.5580139160156,16336500,2023-05-15 00:00:00-04:00
303.92094882910635,307.72695475671816,303.92094882910635,305.7945251464844,26730300,2023-05-16 00:00:00-04:00
307.0037079063203,309.10746737687026,305.4799275878983,308.68475341796875,24315000,2023-05-17 00:00:00-04:00
309.20581541203563,313.6394823198299,308.4095290274022,313.1282653808594,27276000,2023-05-18 00:00:00-04:00
311.37834159149793,313.35432671083794,311.0146096045722,312.9512634277344,27546700,2023-05-19 00:00:00-04:00
313.2068506490171,317.12929964929396,312.6268415738599,315.7431640625,24115700,2023-05-22 00:00:00-04:00
314.612676200923,317.2571435018196,309.91359107162907,309.9234313964844,30797200,2023-05-23 00:00:00-04:00
309.4024010311534,311.14242845628706,307.3182622495086,308.53729248046875,23384900,2023-05-24 00:00:00-04:00
317.7683276646015,321.3663764150408,314.5831825416838,320.4029846191406,43301700,2023-05-25 00:00:00-04:00
318.5351269811533,327.75635143562505,318.3975124375742,327.2550048828125,36630600,2023-05-26 00:00:00-04:00
329.5553637104811,330.0567102220312,324.9250712145435,325.6033935546875,29503100,2023-05-30 00:00:00-04:00
326.66512243856624,330.2533305472488,321.78906193921273,322.8311462402344,45950600,2023-05-31 00:00:00-04:00
320.41277005822946,327.8841260635335,319.2232608919035,326.9501953125,26773900,2023-06-01 00:00:00-04:00
328.59191548486876,331.7869004521861,326.9206805784931,329.7224426269531,25873800,2023-06-02 00:00:00-04:00
329.5455435788118,332.8290019187476,328.99502541409146,330.25335693359375,21307100,2023-06-05 00:00:00-04:00
329.6537104627404,329.69304176567135,326.5472275540523,328.0316467285156,20396200,2023-06-06 00:00:00-04:00
326.03594244738656,328.8278643518396,317.04083634658787,317.90594482421875,40717100,2023-06-07 00:00:00-04:00
318.45645718009644,321.1107645064962,317.87644809786565,319.7541198730469,23277700,2023-06-08 00:00:00-04:00
319.48869141586215,324.40405344263496,318.91852262119164,321.25823974609375,22529000,2023-06-09 00:00:00-04:00
323.0178783710778,326.47831201668896,319.65578795519957,326.2325439453125,24260300,2023-06-12 00:00:00-04:00
328.80820192187525,331.27572305928487,324.79728003412475,328.6312561035156,22951300,2023-06-13 00:00:00-04:00
328.68042148204876,333.3008737465053,327.1763219152769,331.629638671875,26003800,2023-06-14 00:00:00-04:00
331.76726551850345,343.9180252922513,331.492006462169,342.2074890136719,38899100,2023-06-15 00:00:00-04:00
345.37296607001366,345.5204209141478,336.1615834609438,336.5351257324219,46552000,2023-06-16 00:00:00-04:00
333.5663176321454,336.28941757561955,330.17470560784415,332.32763671875,26375400,2023-06-20 00:00:00-04:00
330.67606636446294,332.0130604612283,326.4488669428893,327.91363525390625,25117800,2023-06-21 00:00:00-04:00
328.4641622943436,334.3625969961484,327.69736698314864,333.95953369140625,23556800,2023-06-22 00:00:00-04:00
328.7000760810229,332.23914275155624,327.8055065902251,329.3489074707031,23146900,2023-06-23 00:00:00-04:00
328.07092355992313,330.420451002799,322.9294440913957,323.03759765625,21520600,2023-06-26 00:00:00-04:00
326.24237697831273,330.45976577699514,323.72571415230334,328.9065246582031,24354100,2023-06-27 00:00:00-04:00
328.9949670467207,332.25877415923435,328.15934962319983,330.1648254394531,20259500,2023-06-28 00:00:00-04:00
329.04414644357956,330.4204417692503,326.9895287786518,329.3783874511719,16997000,2023-06-29 00:00:00-04:00
332.0327017922602,336.928413125334,331.49202397478524,334.7754821777344,26832800,2023-06-30 00:00:00-04:00
333.44834517518075,335.1293906566377,330.87270016823766,332.2686462402344,12508700,2023-07-03 00:00:00-04:00
329.417734623584,335.8666873183972,329.06384295177827,332.4259338378906,18172400,2023-07-05 00:00:00-04:00
331.5903346098022,337.18401940600376,329.8208161509684,335.4931335449219,28161200,2023-07-06 00:00:00-04:00
333.5761156416205,336.00430553625574,331.29538059868645,331.51165771484375,21214800,2023-07-07 00:00:00-04:00
328.93602028459145,329.55536067649837,322.0446733856095,326.212890625,32791400,2023-07-10 00:00:00-04:00
325.45593589359305,327.22545415637865,321.4646644778311,326.8420715332031,26698200,2023-07-11 00:00:00-04:00
330.9021549914973,335.86665829831014,329.9879049173375,331.49200439453125,29995300,2023-07-12 00:00:00-04:00
333.8120884565548,337.92132421715075,333.28122091779636,336.859619140625,20567200,2023-07-13 00:00:00-04:00
341.70613067280914,345.4811250749577,338.48165441257885,339.3959045410156,28352700,2023-07-14 00:00:00-04:00
339.82848340532155,341.1163059378195,336.4074104186514,339.8776550292969,20363900,2023-07-17 00:00:00-04:00
339.97592078654986,360.57129992405726,336.3779021410324,353.4046936035156,64738600,2023-07-18 00:00:00-04:00
355.6264109803811,356.3243839257748,346.47401010132427,349.0693054199219,39732900,2023-07-19 00:00:00-04:00
347.58491867049014,351.91043126765385,339.52371292046627,340.9983215332031,33778400,2023-07-20 00:00:00-04:00
343.2397402503529,344.3702675687518,334.077497807225,337.9508056640625,69405400,2023-07-21 00:00:00-04:00
339.99559089055157,341.04748554440357,336.515506241867,339.2680969238281,26678100,2023-07-24 00:00:00-04:00
341.23427216529524,345.933387393559,339.2288259183692,345.0387878417969,41637700,2023-07-25 00:00:00-04:00
335.66025722913804,338.83559201935464,327.47124698104943,332.0523681640625,58383700,2023-07-26 00:00:00-04:00
334.71650028968384,335.55208782574067,323.47995999932067,325.1217041015625,39635300,2023-07-27 00:00:00-04:00
328.02178951344797,334.2544650928314,327.53025330055345,332.6422119140625,28484900,2023-07-28 00:00:00-04:00
331.2167760424693,331.9835713371964,327.7170105936494,330.23370361328125,25446000,2023-07-31 00:00:00-04:00
329.5160790520631,332.8093779810009,328.05131060347867,330.6466064453125,18311900,2023-08-01 00:00:00-04:00
327.9824769066263,327.9824769066263,320.8355207632289,321.95623779296875,27761300,2023-08-02 00:00:00-04:00
320.4815702922133,324.2958956222293,320.43242867753213,321.1304016113281,18253700,2023-08-03 00:00:00-04:00
326.2621405409097,329.46696682953365,321.70066925891746,322.2315368652344,23741500,2023-08-04 00:00:00-04:00
322.8114365067281,325.5050449262713,321.97581907701306,324.52197265625,17741500,2023-08-07 00:00:00-04:00
321.42533064951436,323.1850385754183,317.5323725014756,320.5307312011719,22327600,2023-08-08 00:00:00-04:00
320.9436383983928,321.5727891157856,315.61537294318714,316.7754211425781,22373300,2023-08-09 00:00:00-04:00
320.5012521187965,322.70335468908695,315.74318531670457,317.46356201171875,20113700,2023-08-10 00:00:00-04:00
314.83874557692735,316.9523450296426,313.8065016574717,315.5760498046875,24355500,2023-08-11 00:00:00-04:00
315.94964327343246,318.5744296997712,314.66179086831823,318.5547790527344,18836100,2023-08-14 00:00:00-04:00
317.53239911449145,319.5870169204076,315.4679409838277,316.41168212890625,16966300,2023-08-15 00:00:00-04:00
316.03730499135764,319.6035867530306,315.0521512600074,315.64324951171875,20698900,2023-08-16 00:00:00-04:00
315.7811727106464,317.0914138920389,311.5154403900697,312.1755065917969,21257200,2023-08-17 00:00:00-04:00
309.8209872544114,313.6532496991234,306.9246328799907,311.7814636230469,24755000,2023-08-18 00:00:00-04:00
313.2099487204276,317.9780896310704,312.33317744873216,317.101318359375,24040000,2023-08-21 00:00:00-04:00
320.66754426236673,321.23892020655586,316.6875147112175,317.67266845703125,16084600,2023-08-22 00:00:00-04:00
319.012512305478,324.31264458594995,318.6578413021839,322.1452941894531,21166400,2023-08-23 00:00:00-04:00
327.90841965393514,328.03649444705104,315.2097738519858,315.2196350097656,23281400,2023-08-24 00:00:00-04:00
316.697405641925,320.5296384398639,314.06703166493907,318.18499755859375,21684100,2023-08-25 00:00:00-04:00
320.8252107812668,321.30792655371766,316.94370215408395,318.8943176269531,14808500,2023-08-28 00:00:00-04:00
317.1013395977492,324.09593824452344,317.1013395977492,323.5343933105469,19284600,2023-08-29 00:00:00-04:00
323.7905387861943,324.9135985752183,321.6034959712418,323.90875244140625,15222100,2023-08-30 00:00:00-04:00
324.3126669507392,325.99727165516003,321.92858135018474,322.89404296875,26411000,2023-08-31 00:00:00-04:00
326.3913218734916,327.06121928059684,321.9285761050108,323.7806701660156,14942000,2023-09-01 00:00:00-04:00
324.1155849082222,329.8787403792181,323.78063623976607,328.5980224609375,18553900,2023-09-05 00:00:00-04:00
328.4305957244297,329.4945486553449,325.2780913747757,327.9380187988281,17535800,2023-09-06 00:00:00-04:00
326.37160197842854,328.1350055862109,324.14514483010225,325.0120849609375,18381000,2023-09-07 00:00:00-04:00
325.189406952983,331.16929760056996,324.5687552625587,329.3073425292969,19530100,2023-09-08 00:00:00-04:00
332.23323193058377,333.3957361727716,330.4501060970783,332.9228515625,16583300,2023-09-11 00:00:00-04:00
330.8343426682216,331.7899430173362,326.5587789605408,326.8444519042969,17565500,2023-09-12 00:00:00-04:00
326.39135007495753,331.84911133096693,326.25344415664256,331.0708312988281,16544400,2023-09-13 00:00:00-04:00
334.1149015081179,335.7995060691533,331.57321796102076,333.6716003417969,20267000,2023-09-14 00:00:00-04:00
331.91798541655635,332.3908399335854,324.75589904418035,325.31744384765625,37679800,2023-09-15 00:00:00-04:00
322.93337930199704,325.494785002062,321.5147555316382,324.1746826171875,16834200,2023-09-18 00:00:00-04:00
321.32765063479235,324.4998472951053,319.6922916047418,323.77081298828125,16505900,2023-09-19 00:00:00-04:00
324.61807821569823,324.696877301014,315.75169292433986,316.0078125,21436500,2023-09-20 00:00:00-04:00
314.5202436355422,320.51982727691046,310.323478402221,314.7862243652344,35560400,2023-09-21 00:00:00-04:00
316.5495989744166,316.6776737677098,311.4563410385971,312.3035888671875,21447900,2023-09-22 00:00:00-04:00
311.88986692369065,312.9538499627099,310.3234758438393,312.8257751464844,17836000,2023-09-25 00:00:00-04:00
310.4515206404709,311.190385987701,305.41736910779923,307.50592041015625,26297600,2023-09-26 00:00:00-04:00
307.6635249378913,309.6338325713444,305.0922879071992,308.1462707519531,19410100,2023-09-27 00:00:00-04:00
306.3729610383482,310.7963219055671,304.85584588034675,308.983642578125,19683600,2023-09-28 00:00:00-04:00
313.0326245233169,314.72709028665287,310.30375928067184,311.06231689453125,24147300,2023-09-29 00:00:00-04:00
311.5844531197729,317.11118175682213,310.50077789049766,317.0224914550781,20570000,2023-10-02 00:00:00-04:00
316.0668823806455,316.6185961714055,306.5897075763458,308.73736572265625,21033500,2023-10-03 00:00:00-04:00
309.36780894776786,315.2885921855911,309.33825553994615,314.224609375,20720100,2023-10-04 00:00:00-04:00
314.3527326674706,315.2295340089772,310.2249357059366,314.61871337890625,16965600,2023-10-05 00:00:00-04:00
311.8504393547701,324.3027984562463,311.6041508921413,322.4014587402344,25673600,2023-10-06 00:00:00-04:00
319.9286944478217,325.3962859760922,318.3819957765028,324.9234313964844,19891200,2023-10-09 00:00:00-04:00
326.0465014357721,326.1844374022075,322.80536699864604,323.5146789550781,20557100,2023-10-10 00:00:00-04:00
326.2927750434713,327.87888826275554,324.25352956797366,327.4848327636719,20063200,2023-10-11 00:00:00-04:00
325.66232361261683,328.67689206438564,323.83978293130957,326.2435607910156,19313100,2023-10-12 00:00:00-04:00
327.44539972348696,328.8738545851508,321.5147550613679,322.86444091796875,21072400,2023-10-13 00:00:00-04:00
326.1351476327568,331.14960684186315,325.69184646938805,327.7015686035156,22158000,2023-10-16 00:00:00-04:00
324.6968264635894,328.50936673162636,322.5491984669727,327.1301574707031,18338500,2023-10-17 00:00:00-04:00
327.553777299333,330.60776009184275,323.4259804727019,325.2091064453125,23153600,2023-10-18 00:00:00-04:00
327.2188179633477,331.87860610828534,325.99723691191247,326.4011535644531,25052100,2023-10-19 00:00:00-04:00
326.7952358568411,326.9922786523629,320.6183320494055,321.8202209472656,25027700,2023-10-20 00:00:00-04:00
320.63796897489897,327.79019430214015,319.57401623039823,324.4308166503906,24374700,2023-10-23 00:00:00-04:00
326.38145191312543,326.91344339948563,322.73640078016155,325.6228942871094,31153600,2023-10-24 00:00:00-04:00
339.8977607961559,341.0602651549816,332.607628527267,335.61236572265625,55053800,2023-10-25 00:00:00-04:00
335.48428431504954,336.5580983520132,322.086186588402,323.0220947265625,37828500,2023-10-26 00:00:00-04:00
325.524334192952,331.7209594661993,323.52447335800804,324.9135437011719,29856500,2023-10-27 00:00:00-04:00
328.46012188812404,334.41045907381,326.9035620962308,332.3022155761719,22828100,2023-10-30 00:00:00-04:00
333.81936627648764,333.9671333314319,329.7211229204908,333.09033203125,20265300,2023-10-31 00:00:00-04:00
334.7454551138456,342.2621842488645,334.60751913563803,340.9322204589844,28158800,2023-11-01 00:00:00-04:00
342.08475984776277,343.6511506169798,339.65142901556914,343.14874267578125,24348100,2023-11-02 00:00:00-04:00
344.43933508440006,349.12867689079525,342.17346325846154,347.562255859375,23637700,2023-11-03 00:00:00-04:00
348.2026170147718,352.2318923839863,348.10409562346064,351.23687744140625,23828300,2023-11-06 00:00:00-05:00
354.0642616553695,357.07882980965496,352.3205502922459,355.177490234375,25833900,2023-11-07 00:00:00-05:00
356.31040835628005,358.4678975179717,355.1971797857397,357.807861328125,26767800,2023-11-08 00:00:00-05:00
356.9212273081889,359.3742808349746,355.01002643681795,355.33514404296875,24847300,2023-11-09 00:00:00-05:00
356.12324268113645,364.60543265510057,355.70949491528955,364.18182373046875,28042100,2023-11-10 00:00:00-05:00
362.7533207541214,362.9996091955093,360.4677568025591,361.2361755371094,19986500,2023-11-13 00:00:00-05:00
365.5018918638483,366.4279387672935,361.8962256351267,364.7728576660156,27683900,2023-11-14 00:00:00-05:00
366.5102924140752,368.33653212587393,362.39384971370214,364.9209899902344,26860100,2023-11-15 00:00:00-05:00
366.19437308883926,371.5151437395558,365.4243947338304,371.33746337890625,27182300,2023-11-16 00:00:00-05:00
368.81033934726474,369.56058551454436,362.2852703283084,365.0986633300781,40157000,2023-11-17 00:00:00-05:00
366.45106107636286,374.0027780403626,366.2338861383217,372.5911560058594,52465100,2023-11-20 00:00:00-05:00
370.8438565468528,371.38677875759095,366.352291403694,368.2772521972656,28423100,2023-11-21 00:00:00-05:00
373.1439165670346,374.9109292631738,370.15284352020876,372.995849609375,23345300,2023-11-22 00:00:00-05:00
372.48257746347025,373.114370096836,370.32073924284447,372.581298828125,10176600,2023-11-24 00:00:00-05:00
371.93964684936924,375.75007453622237,371.36711114799243,373.7461242675781,22179200,2023-11-27 00:00:00-05:00
373.489446576594,378.07970326739826,373.30188504482646,377.7835693359375,20453100,2023-11-28 00:00:00-05:00
378.8299276120449,379.36296865802484,372.5911120600972,373.9830017089844,28963400,2023-11-29 00:00:00-05:00
373.6276187137067,375.20706991666657,370.64642678569544,374.042236328125,30554400,2023-11-30 00:00:00-05:00
371.9199171267098,373.3019258337439,366.5399191549517,369.6988220214844,33040500,2023-12-01 00:00:00-05:00
364.3583020623017,364.77288959280634,358.23793933360014,364.3977966308594,32063300,2023-12-04 00:00:00-05:00
361.742346716279,368.28714793242324,360.92299258913255,367.7343444824219,23065000,2023-12-05 00:00:00-05:00
368.74126102951465,369.37302349150957,363.30203657488124,364.0621337890625,21182100,2023-12-06 00:00:00-05:00
363.4995118262456,366.678147018609,361.6140451938454,366.1845703125,23118900,2023-12-07 00:00:00-05:00
364.45698375048454,369.64938924330534,363.4994439145067,369.42236328125,20154400,2023-12-08 00:00:00-05:00
363.7462494405494,366.8261628369694,361.39681982710596,366.5299987792969,27708800,2023-12-11 00:00:00-05:00
366.085815070236,369.60995965587347,365.70081081484244,369.5704650878906,24838300,2023-12-12 00:00:00-05:00
371.1893743181654,372.7885879751983,366.00681947505166,369.5605773925781,30955500,2023-12-13 00:00:00-05:00
368.51420016236455,368.9584312025777,359.45213999645404,361.22900390625,43277500,2023-12-14 00:00:00-05:00
362.1372470428442,367.6159366081374,361.5745623495023,365.9674072265625,78502300,2023-12-15 00:00:00-05:00
364.70382867203534,368.2082111244825,363.9437012883022,367.8627014160156,21802900,2023-12-18 00:00:00-05:00
366.7175631601881,368.46484375,365.0887662696819,368.46484375,20603700,2023-12-19 00:00:00-05:00
370.18247020291363,371.1992368493833,365.76989395307385,365.8587341308594,26316700,2023-12-20 00:00:00-05:00
367.77385084137376,369.60009056981636,365.2862352366139,368.74127197265625,17708000,2023-12-21 00:00:00-05:00
368.8794208793357,370.3601507609569,367.921881017533,369.7678527832031,17107500,2023-12-22 00:00:00-05:00
370.18246075808156,372.0975404317787,368.7017309150492,369.8468322753906,12673100,2023-12-26 00:00:00-05:00
368.8893422344082,370.241737520185,368.0206424558139,369.26446533203125,14905400,2023-12-27 00:00:00-05:00
370.547763529963,371.6237571110033,369.3533163620971,370.45892333984375,14327000,2023-12-28 00:00:00-05:00
371.1696118812418,372.3147132350874,368.68199660424824,371.2091064453125,18730800,2023-12-29 00:00:00-05:00
369.0571084332548,371.0709095466851,362.0581953380122,366.10552978515625,25258600,2024-01-02 00:00:00-05:00
364.2694496401492,368.46485117398277,363.77587298911,365.8390197753906,23083500,2024-01-03 00:00:00-05:00
365.9081044717195,368.30687961312606,362.4530681341208,363.2131652832031,20901500,2024-01-04 00:00:00-05:00
364.22996302547705,367.2802631804361,361.7916931110851,363.025634765625,21004600,2024-01-05 00:00:00-05:00
364.5556942050089,370.3799226566514,364.26944144422686,369.87646484375,23134000,2024-01-08 00:00:00-05:00
367.23093330789527,371.15978442404423,366.4214603176876,370.9623718261719,20830000,2024-01-09 00:00:00-05:00
371.53491598944055,379.2347304946399,371.4855703702305,377.8526916503906,25514200,2024-01-10 00:00:00-05:00
381.0412075766554,385.66107820004805,375.4934103589662,379.6888122558594,27850800,2024-01-11 00:00:00-05:00
380.53773385254453,383.68675543751164,379.7085286566561,383.4794616699219,21661200,2024-01-12 00:00:00-05:00
388.602812151916,388.96805409085823,382.64039716399947,385.25634765625,27202300,2024-01-16 00:00:00-05:00
382.99576492837696,385.09837624388496,379.86647557529443,384.46661376953125,22234100,2024-01-17 00:00:00-05:00
386.68771541228006,388.92854269445195,385.1082640110595,388.8100891113281,23392100,2024-01-18 00:00:00-05:00
390.67584188543066,393.5484619140625,388.44486554606345,393.5484619140625,29331100,2024-01-19 00:00:00-05:00
394.8810866300338,395.4733846867512,388.53369758806053,391.41619873046875,27016900,2024-01-22 00:00:00-05:00
390.6659247403921,394.24929609694567,388.8692984754516,393.77545166015625,20525900,2024-01-23 00:00:00-05:00
396.38157265965583,400.4190263282457,395.3055791013252,397.3884582519531,24867000,2024-01-24 00:00:00-05:00
399.12583992803854,401.7812847845524,397.3588270396622,399.66876220703125,21021200,2024-01-25 00:00:00-05:00
399.1751640590117,400.95205802517637,397.260084299944,398.7408142089844,17803300,2024-01-26 00:00:00-05:00
400.84349696671285,404.71315145121497,399.1357107830947,404.45648193359375,24510200,2024-01-29 00:00:00-05:00
406.963808061775,407.7436374380847,401.228450095284,403.3409423828125,33477600,2024-01-30 00:00:00-05:00
401.7319152692152,409.98453286629814,392.1071701932433,392.472412109375,47871100,2024-01-31 00:00:00-05:00
396.6677820088373,402.75853089052634,396.6381686159988,398.5927429199219,30657700,2024-02-01 00:00:00-05:00
398.6223850112119,407.3488168603616,398.375596677948,405.93719482421875,28256700,2024-02-02 00:00:00-05:00
404.63412212946537,405.87794489838444,398.800042648597,400.438720703125,25352300,2024-02-05 00:00:00-05:00
400.6657964934495,402.72894332826615,397.7339499122829,400.2807922363281,18382600,2024-02-06 00:00:00-05:00
402.2057657386807,408.977623299913,402.16627116929635,408.7308349609375,22340500,2024-02-07 00:00:00-05:00
408.73084278763224,410.22145402375685,407.23038050312016,408.7900695800781,21225300,2024-02-08 00:00:00-05:00
409.91537777577173,415.4138284838294,409.7574296442869,415.14727783203125,22032800,2024-02-09 00:00:00-05:00
415.1571934592156,415.3348738248099,409.4218351407045,409.92529296875,21202900,2024-02-12 00:00:00-05:00
399.73788224054636,404.80198377503444,398.2078065895252,401.10015869140625,27824900,2024-02-13 00:00:00-05:00
403.5725652715375,405.3230467916911,400.1111396506927,404.9768981933594,20401200,2024-02-14 00:00:00-05:00
403.6417964220221,404.62087571418016,399.8342222462888,402.0791931152344,21825500,2024-02-15 00:00:00-05:00
403.4637615690979,403.79014145741866,398.9935884935407,399.60675048828125,22296500,2024-02-16 00:00:00-05:00
398.7958219344355,400.0320454973026,393.62348186339256,398.3507995605469,24307900,2024-02-20 00:00:00-05:00
395.7596706387702,397.8563009238514,392.8421710254568,397.74749755859375,18518900,2024-02-21 00:00:00-05:00
405.66919761409457,408.28008583103167,404.0670568612319,407.11309814453125,27009900,2024-02-22 00:00:00-05:00
411.0888090231092,411.2766872182918,404.46263934607134,405.8175354003906,16295900,2024-02-23 00:00:00-05:00
406.9251806067473,407.61747779162243,402.870361769412,403.04840087890625,16193500,2024-02-26 00:00:00-05:00
403.49343334978465,403.819813241038,399.39907699066305,402.98907470703125,14835800,2024-02-27 00:00:00-05:00
403.6813927822056,404.7890443009674,400.8529276668845,403.2264709472656,13183100,2024-02-28 00:00:00-05:00
404.1362529543669,409.6349718737528,401.4462297996057,409.0811462402344,31947300,2024-02-29 00:00:00-05:00
406.7373238991448,411.28663268034427,406.35163783892614,410.92071533203125,17823400,2024-03-01 00:00:00-05:00
408.8834074088287,412.75031823241517,407.7757559549475,410.34710693359375,17596000,2024-03-04 00:00:00-05:00
409.3976273142039,409.68443959713613,396.2244535460073,398.2122802734375,26919200,2024-03-05 00:00:00-05:00
398.528845115555,400.6947114111353,393.99933484491305,397.6585388183594,22344100,2024-03-06 00:00:00-05:00
401.644063065413,405.26372907387855,397.8068205149772,404.63079833984375,18718500,2024-03-07 00:00:00-05:00
403.46376381248507,405.8966732764971,399.87376610841244,401.7429504394531,18002200,2024-03-08 00:00:00-05:00
399.31010315335084,401.20892561066205,396.8376560715736,400.06170654296875,16120800,2024-03-11 00:00:00-04:00
403.1275136284859,410.98990677094014,402.306674544951,410.7030944824219,22457000,2024-03-12 00:00:00-04:00
413.49205243943396,413.571157465626,406.9153492946695,410.5251159667969,17115900,2024-03-13 00:00:00-04:00
415.60844401398504,423.10492026926096,413.3832416992079,420.5335693359375,34157300,2024-03-14 00:00:00-04:00
414.66890001382535,417.94241719453214,408.2405382709743,411.8305358886719,45079900,2024-03-15 00:00:00-04:00
409.68443962233437,416.0930326692394,409.2196184111682,412.7206115722656,20106000,2024-03-18 00:00:00-04:00
413.2250029233721,417.0227081134529,410.970132443708,416.76556396484375,19837900,2024-03-19 00:00:00-04:00
417.3490447100486,421.26539222387987,416.02381676802577,420.54345703125,17860100,2024-03-20 00:00:00-04:00
425.0927391745549,426.07184869793537,422.4521827120365,424.6378173828125,21296200,2024-03-21 00:00:00-04:00
424.9642424933846,425.1224525568096,421.3742442819616,424.0148010253906,17648500,2024-03-22 00:00:00-04:00
420.5533901588077,422.6994877147333,416.96339181712204,418.1996154785156,18060500,2024-03-25 00:00:00-04:00
420.9192467125738,421.2950634803322,416.7062176065533,417.0028991699219,16725600,2024-03-26 00:00:00-04:00
419.7621445438776,419.7720439894081,414.3919971559481,416.7853088378906,16705000,2024-03-27 00:00:00-04:00
416.3205361885006,417.2205105809206,414.5008186915298,416.08319091796875,21871200,2024-03-28 00:00:00-04:00
419.2776155006833,423.1741947697811,417.5666711434428,419.8907775878906,16316000,2024-04-01 00:00:00-04:00
415.4798987691936,417.7249001210624,413.23492759856475,416.7952575683594,17912000,2024-04-02 00:00:00-04:00
415.10403521223935,418.5951287705414,414.47107436548686,415.81610107421875,16502300,2024-04-03 00:00:00-04:00
420.30610003731573,423.9455650411732,412.96789407723793,413.27447509765625,19370900,2024-04-04 00:00:00-04:00
415.38103851823735,421.8094013848157,413.7096617584277,420.8302917480469,16554800,2024-04-05 00:00:00-04:00
420.48411653092035,422.5708472466926,418.63470088049553,419.9104919433594,14272400,2024-04-08 00:00:00-04:00
421.74014941976674,423.02580987120587,416.97326404906397,421.5819091796875,12496900,2024-04-09 00:00:00-04:00
417.5369697470064,419.3566871510799,415.0744221472326,418.5951843261719,16216600,2024-04-10 00:00:00-04:00
421.1269229662574,424.6377853261897,417.70503488754406,423.2136535644531,17966400,2024-04-11 00:00:00-04:00
419.3764509864425,420.4940018672189,415.14362290023075,417.2501525878906,19253800,2024-04-12 00:00:00-04:00
421.89830118645745,422.1158776982849,408.8734389917399,409.0811462402344,20273500,2024-04-15 00:00:00-04:00
410.00096447508815,413.7887401482267,409.1702258721835,410.0108337402344,16765600,2024-04-16 00:00:00-04:00
412.6514043206412,414.26344459371984,405.8076577445542,407.301025390625,15855500,2024-04-17 00:00:00-04:00
406.1043740582622,407.3504970183281,399.49800284316774,399.814453125,21029900,2024-04-18 00:00:00-04:00
399.57714244619206,401.0111739189742,393.38612489454715,394.72125244140625,30565800,2024-04-19 00:00:00-04:00
395.6706483655049,398.4101391191041,391.38838318863185,396.54095458984375,20286900,2024-04-22 00:00:00-04:00
399.78474792729656,403.70112538714915,398.6177602817404,403.07806396484375,15734500,2024-04-23 00:00:00-04:00
405.04615566067775,407.92408759573516,402.2967957988556,404.5516662597656,15065300,2024-04-24 00:00:00-04:00
389.6873267702122,395.4827584021969,383.7534537964164,394.6421203613281,40586500,2024-04-25 00:00:00-04:00
407.6274206623671,408.4482598176065,401.28806269332824,401.8418884277344,29694700,2024-04-26 00:00:00-04:00
400.7836477446808,401.84186227525186,394.7904387950027,397.81671142578125,19582100,2024-04-29 00:00:00-04:00
397.06507853790987,397.72770759660574,384.880882973138,385.0390930175781,28781400,2024-04-30 00:00:00-04:00
388.2829428234783,397.29255516859246,386.0083037107917,390.5872802734375,23562500,2024-05-01 00:00:00-04:00
393.2773438288502,395.5223150142754,390.3005077512401,393.4553527832031,17709400,2024-05-02 00:00:00-04:00
397.8463990370952,402.66272106797066,397.431014652392,402.1781311035156,17446700,2024-05-03 00:00:00-04:00
404.254952201575,409.3679552945795,401.8912785681901,408.9822692871094,16996600,2024-05-06 00:00:00-04:00
410.08992636606695,410.09982581142424,404.58130756204883,404.82855224609375,20018200,2024-05-07 00:00:00-04:00
403.67150584083475,407.6867575111484,402.2275750059519,406.015380859375,11792300,2024-05-08 00:00:00-04:00
406.0450438901993,408.1713423301442,404.59124380852967,407.7757568359375,14689700,2024-05-09 00:00:00-04:00
408.38888718882157,410.8019977518393,407.2614369275202,410.1690368652344,13402300,2024-05-10 00:00:00-04:00
413.4030363250276,413.73928549404195,406.29227636469005,409.1603088378906,15440200,2024-05-13 00:00:00-04:00
407.47905225770086,412.8887677392151,407.01423099397886,411.9690246582031,15109300,2024-05-14 00:00:00-04:00
414.039731407047,419.89514266479534,413.41554606061356,419.171875,22239500,2024-05-15 00:00:00-04:00
417.9036811134131,421.49026736821406,416.46709338675123,417.1011657714844,17530100,2024-05-16 00:00:00-04:00
418.63686307177926,419.01335772051186,414.1685137971008,416.328369140625,15352200,2024-05-17 00:00:00-04:00
416.32836301288194,422.82776355183796,416.11039402133315,421.4109802246094,16272100,2024-05-20 00:00:00-04:00
422.8872055338078,428.9705026738853,420.92551485184475,425.0768127441406,21453300,2024-05-21 00:00:00-04:00
426.1171006588035,428.41567724259045,423.1844517072994,426.5431213378906,18073700,2024-05-22 00:00:00-04:00
428.97051846736764,429.5947037930371,421.4902723328989,423.0556640625,17211700,2024-05-23 00:00:00-04:00
423.2438961414034,427.07814273445496,420.4895772016025,426.18646240234375,11855300,2024-05-24 00:00:00-04:00
425.6613420880028,426.8403520047686,422.65933260946946,426.344970703125,15718000,2024-05-28 00:00:00-04:00
421.75776247263485,426.95926647856015,421.75776247263485,425.20562744140625,15517100,2024-05-29 00:00:00-04:00
420.3805569661453,420.3805569661453,410.4134876792539,410.83953857421875,28394500,2024-05-30 00:00:00-04:00
412.90034931684085,412.90034931684085,400.7734237177811,411.2953186035156,47995300,2024-05-31 00:00:00-04:00
411.6916074194493,412.58328776743826,405.14268074171713,409.7001647949219,17484700,2024-06-03 00:00:00-04:00
408.62023297171766,412.5932008783865,405.89563568095855,412.22662353515625,14348900,2024-06-04 00:00:00-04:00
413.95055154632206,420.1626226445845,412.45449022904074,420.0932922363281,16988000,2024-06-05 00:00:00-04:00
420.09327287817626,421.3812522043053,416.69493407447,420.5985412597656,14861300,2024-06-06 00:00:00-04:00
422.26302099566783,422.3422686978654,419.09256866562976,419.9347229003906,13621700,2024-06-07 00:00:00-04:00
420.7769019274312,424.12565422580445,419.9743866143219,423.9176025390625,13982900,2024-06-10 00:00:00-04:00
421.5497237355039,428.8219183123646,421.3218374300627,428.6831970214844,14551100,2024-06-11 00:00:00-04:00
431.2988409046944,439.304190496973,429.24795478740447,436.9858093261719,22366200,2024-06-12 00:00:00-04:00
436.7777391476236,439.2942848532079,435.31139947750404,437.5009765625,15960600,2024-06-13 00:00:00-04:00
434.23146172147676,439.04658401937843,432.6858743754039,438.4818420410156,13582000,2024-06-14 00:00:00-04:00
438.5016341053226,446.774508213362,436.64891280244507,444.2282409667969,20790000,2024-06-17 00:00:00-04:00
445.55587588842855,445.9819268194956,440.7804227549636,442.2170104980469,17112500,2024-06-18 00:00:00-04:00
442.17734964919055,442.4052359389207,437.1938148300054,441.5829162597656,19877400,2024-06-20 00:00:00-04:00
443.2473590081868,446.4177810593381,442.38540041854355,445.62518310546875,34187100,2024-06-21 00:00:00-04:00
445.64505871404725,448.5678208280709,442.2863888206815,443.5347595214844,15913700,2024-06-24 00:00:00-04:00
444.10935261048957,447.25008347754516,442.62320865306464,446.784423828125,16413400,2024-06-25 00:00:00-04:00
444.85243223057404,449.40994649209836,444.0499168986336,447.9832458496094,16507000,2024-06-26 00:00:00-04:00
448.0030763133488,451.95624009852935,447.5968599727324,448.6669006347656,14806300,2024-06-27 00:00:00-04:00
448.88481228887935,451.1734714446709,442.28632983499693,442.82135009765625,28362300,2024-06-28 00:00:00-04:00
444.5155853207817,453.1451197526249,441.5432972962699,452.51104736328125,17662800,2024-07-01 00:00:00-04:00
449.0136518862479,455.3446095932429,448.92445663899935,455.0374755859375,13979800,2024-07-02 00:00:00-04:00
453.957548019874,456.76139305889615,453.65041401249385,456.5137023925781,9932800,2024-07-03 00:00:00-04:00
455.36439189726417,464.0236777303131,454.7303195449201,463.240966796875,16000300,2024-07-05 00:00:00-04:00
462.24033104325304,463.37973235023577,460.16964060410885,461.9331970214844,12962300,2024-07-08 00:00:00-04:00
462.68618634343386,463.0131247345819,453.76932193852826,455.29510498046875,17207200,2024-07-09 00:00:00-04:00
456.9595498058476,462.1511364069266,454.6213342335764,461.9430847167969,18196100,2024-07-10 00:00:00-04:00
458.70329986086364,460.4866605260143,447.37885985942484,450.4997863769531,23111200,2024-07-11 00:00:00-04:00
450.1331757277914,452.1444226722039,446.48717647887116,449.3603820800781,16324300,2024-07-12 00:00:00-04:00
449.1126945889487,453.0361364302562,447.2599732817251,449.7666015625,14429400,2024-07-15 00:00:00-04:00
450.0241804503721,450.10342815310236,442.5340177618738,445.3675842285156,17175700,2024-07-16 00:00:00-04:00
438.5016326704633,440.7407659095282,435.12312844393387,439.42303466796875,21778000,2024-07-17 00:00:00-04:00
440.23548357189634,440.5426175824252,430.38730015927666,436.3021545410156,20794800,2024-07-18 00:00:00-04:00
429.09935802944165,437.0650990974587,428.00951294471497,433.0722961425781,20940400,2024-07-19 00:00:00-04:00
437.70904816681343,440.493088848888,434.8556468413205,438.8484191894531,15808800,2024-07-22 00:00:00-04:00
439.7995470523178,444.2480920401895,439.00694900358457,440.74078369140625,13107100,2024-07-23 00:00:00-04:00
436.3814061869237,437.4018904716854,423.64018322624884,424.9380798339844,26805800,2024-07-24 00:00:00-04:00
424.83902093903856,425.8297836093588,413.65333216081086,414.53509521484375,29943800,2024-07-25 00:00:00-04:00
414.33694493801545,424.9579215661057,413.41551271082733,421.34161376953125,23583800,2024-07-26 00:00:00-04:00
427.59332152811265,428.15806348242296,420.77690004799786,422.78814697265625,15125800,2024-07-29 00:00:00-04:00
423.7689846137446,425.0866855808969,413.5046682551027,419.0133361816406,32687600,2024-07-30 00:00:00-04:00
416.61569885909415,417.88387385546883,408.4022679352166,414.4855651855469,42891400,2024-07-31 00:00:00-04:00
416.9030180044247,423.5113878535516,409.2741336141255,413.2569885253906,30296400,2024-08-01 00:00:00-04:00
408.6796642573762,411.16648811391514,400.60495493552725,404.71661376953125,29437900,2024-08-02 00:00:00-04:00
385.57513628803423,397.3354847916009,382.0182715597293,391.4998779296875,40709200,2024-08-05 00:00:00-04:00
396.3051131703428,401.92275145323185,394.818968995954,395.918701171875,24946500,2024-08-06 00:00:00-04:00
404.86528162523547,406.29195208719375,393.7984490340414,394.74957275390625,20650900,2024-08-07 00:00:00-04:00
398.7225546793256,402.1109462771406,396.24564785929977,398.9702453613281,20203000,2024-08-08 00:00:00-04:00
400.2978317019802,404.2806866644843,398.5441926988125,402.2694396972656,19276700,2024-08-09 00:00:00-04:00
403.29984520555183,404.98415381866863,400.50588725302117,403.0521545410156,16762900,2024-08-12 00:00:00-04:00
405.80648457334803,411.11698828818714,405.7866802044894,410.1856689453125,19414300,2024-08-13 00:00:00-04:00
410.9683392009438,413.8613794713292,408.6400711388976,413.0093078613281,18267000,2024-08-14 00:00:00-04:00
416.671793760154,417.972029702109,414.5477559984779,417.89263916015625,20752100,2024-08-15 00:00:00-04:00
417.4658479496036,418.20032404609645,414.19042017435385,415.3517150878906,22775600,2024-08-16 00:00:00-04:00
415.8380594178836,418.60727787010427,413.3566884761521,418.388916015625,15234000,2024-08-19 00:00:00-04:00
418.5576761663757,422.6866508922164,418.4981256850532,421.6345520019531,16387600,2024-08-20 00:00:00-04:00
420.9199419299025,423.2226616504916,418.5775420794304,420.9795227050781,16067300,2024-08-21 00:00:00-04:00
421.19784052472494,423.60975624910697,411.5204932561933,412.4534912109375,19361900,2024-08-22 00:00:00-04:00
413.87282122855413,416.13583025134443,409.0192452654988,413.6842346191406,18493800,2024-08-23 00:00:00-04:00
413.26738834241513,414.17061105594456,408.274870910172,410.4088439941406,13152800,2024-08-26 00:00:00-04:00
409.7835172509794,411.27233984867695,407.19298047026894,410.7562255859375,13492900,2024-08-27 00:00:00-04:00
411.7884806509906,411.9075816112939,404.2748820734033,407.5403747558594,14882700,2024-08-28 00:00:00-04:00
411.84801018793996,418.9050143386061,407.54035403170906,410.04156494140625,17045200,2024-08-29 00:00:00-04:00
412.50314414345024,414.37904497336154,409.05899979142845,414.03167724609375,24308300,2024-08-30 00:00:00-04:00
414.7958934848788,416.75121498794704,403.9969623587052,406.3890075683594,20313600,2024-09-03 00:00:00-04:00
402.8853476688359,408.1756176150405,401.356814564364,405.8530578613281,15135800,2024-09-04 00:00:00-04:00
404.58255066568705,410.0217264889614,403.10366332769695,405.3468322753906,14195500,2024-09-05 00:00:00-04:00
406.01183707940055,407.5899853655918,397.813377784307,398.7066955566406,19609500,2024-09-06 00:00:00-04:00
404.2054095225525,405.6049064318399,399.1533416913916,402.6967468261719,15295100,2024-09-09 00:00:00-04:00
405.1582655587275,413.2276585385216,404.6619913629379,411.1135559082031,19594300,2024-09-10 00:00:00-04:00
412.4039016604537,420.83062873076756,406.5280012140519,419.8877258300781,19266900,2024-09-11 00:00:00-04:00
420.1556701684846,424.18541433930886,416.62220020874884,423.81817626953125,17395700,2024-09-12 00:00:00-04:00
422.65686865025475,428.61215900524985,422.2896305914577,427.38140869140625,15874600,2024-09-13 00:00:00-04:00
427.39131738494893,430.2994767251264,425.0290475107509,428.12579345703125,13834700,2024-09-16 00:00:00-04:00
436.949603136594,438.5575267353336,429.0488958810436,431.9074401855469,18874200,2024-09-17 00:00:00-04:00
431.75857288155333,432.78089656665435,427.20277916114134,427.59979248046875,18898000,2024-09-18 00:00:00-04:00
437.9421630848395,438.21014026162374,433.64441133789575,435.42108154296875,21706600,2024-09-19 00:00:00-04:00
433.961970566144,435.96690723520663,430.98432565496967,432.0264892578125,55167100,2024-09-20 00:00:00-04:00
431.0439144432746,433.2076626680782,427.1829169494896,430.2796630859375,15128900,2024-09-23 00:00:00-04:00
429.77346247181356,430.1208604741096,422.9248844858402,425.9720153808594,17015800,2024-09-24 00:00:00-04:00
426.6270665374025,429.89255926301774,425.3764761475162,428.89007568359375,13396400,2024-09-25 00:00:00-04:00
431.847870478453,432.05629715674354,425.93229062231114,428.0960388183594,14492000,2024-09-26 00:00:00-04:00
428.3044858973661,428.6320438404545,424.2846768880014,424.83056640625,14896100,2024-09-27 00:00:00-04:00
425.01914436125503,427.21269814697155,422.20031052363777,427.09356689453125,16807300,2024-09-30 00:00:00-04:00
425.257391898111,425.28716713975047,415.68921038228643,417.5552062988281,19092900,2024-10-01 00:00:00-04:00
419.4310992466512,419.66933146547984,413.6048448503053,414.021728515625,16582300,2024-10-02 00:00:00-04:00
414.51800085029123,416.4236768512481,411.20289276743637,413.4361267089844,13686400,2024-10-03 00:00:00-04:00
415.1234652064613,416.62222309915006,411.87784259208183,412.959716796875,19169700,2024-10-04 00:00:00-04:00
412.90013544904184,414.0018496365578,405.95229663138974,406.48828125,20919800,2024-10-07 00:00:00-04:00
407.83814388099404,412.5626841012525,405.1285060524599,411.6197509765625,19229300,2024-10-08 00:00:00-04:00
412.7611596791307,417.247497795826,411.2127866111198,414.3492431640625,14974300,2024-10-09 00:00:00-04:00
412.1358625356339,414.24006019253727,410.0713450038319,412.7413024902344,13848400,2024-10-10 00:00:00-04:00
413.03912198810315,414.02173524996044,410.1706424598083,413.2177734375,14144900,2024-10-11 00:00:00-04:00
414.65690697024394,420.88020441582967,414.40876988651684,416.0167236328125,16653100,2024-10-14 00:00:00-04:00
419.0340894861109,419.3318721896264,412.1656713035286,415.6197204589844,18900200,2024-10-15 00:00:00-04:00
412.0763232895253,413.25742799200697,407.4212689749873,413.01922607421875,15508900,2024-10-16 00:00:00-04:00
419.2127339196968,419.35170523704693,412.49319205621896,413.6147766113281,14820000,2024-10-17 00:00:00-04:00
414.0316484156336,416.52292426802023,413.1582009892299,415.0440368652344,17145300,2024-10-18 00:00:00-04:00
413.019271734373,415.8381058037946,410.6669366656409,415.6594543457031,14206100,2024-10-21 00:00:00-04:00
415.37156548627684,427.37147187061,414.92493688547415,424.3243713378906,25482200,2024-10-22 00:00:00-04:00
427.6493981928425,427.86776005710016,419.3814831724278,421.4360656738281,19654400,2024-10-23 00:00:00-04:00
422.1605988036373,422.80577949754775,419.2524392532927,421.5650939941406,13581600,2024-10-24 00:00:00-04:00
423.5799986091625,429.29705725112956,423.3914119749303,424.9596252441406,16899100,2024-10-25 00:00:00-04:00
428.44345209470936,428.72136443906953,423.12337684387694,423.4112243652344,14882400,2024-10-28 00:00:00-04:00
424.81074467410167,429.94223358580945,422.62712592652906,428.7313232421875,17644100,2024-10-29 00:00:00-04:00
434.1803619383898,435.2324607886903,428.8801572707895,429.30694580078125,29749100,2024-10-30 00:00:00-04:00
412.2648925685448,413.05894946974416,403.2724064074055,403.3220520019531,53971000,2024-10-31 00:00:00-04:00
405.96225191647693,412.4038816750557,404.46349406157685,407.3121032714844,24230400,2024-11-01 00:00:00-04:00
406.74633205416956,407.3617375208185,402.5478716062057,405.41632080078125,19672300,2024-11-04 00:00:00-05:00
405.3269805306338,411.8083202953773,405.039133016745,408.3939514160156,17626000,2024-11-05 00:00:00-05:00
409.346825702744,417.31698816741806,407.4609595048601,417.0489807128906,26681800,2024-11-06 00:00:00-05:00
418.14078738908074,423.66928922885575,416.75122569160607,422.2598571777344,19901800,2024-11-07 00:00:00-05:00
422.15070185689933,423.3219017245024,418.6370719639162,419.39141845703125,16891400,2024-11-08 00:00:00-05:00
419.37154486777723,421.6444892164841,412.90014011467326,414.8951721191406,24503300,2024-11-11 00:00:00-05:00
415.13333628988977,421.27721283536147,414.0911726663183,419.8777160644531,19401200,2024-11-12 00:00:00-05:00
418.4981158636683,426.13078508233804,415.0936518803662,422.0315856933594,21502200,2024-11-13 00:00:00-05:00
421.83308381585454,424.9794756745813,416.87034165331505,423.7090148925781,30246900,2024-11-14 00:00:00-05:00
416.69168340974903,419.64945830467593,410.5577414665236,411.9075927734375,28247600,2024-11-15 00:00:00-05:00
411.778543667536,415.282238255226,409.0291955453545,412.66192626953125,24727000,2024-11-18 00:00:00-05:00
410.03166915459735,414.82569505476647,408.48329602030253,414.67681884765625,18133500,2024-11-19 00:00:00-05:00
413.76364252316546,414.18052617467214,407.52050466835993,412.3939208984375,19191700,2024-11-20 00:00:00-05:00
417.2074811714516,417.48594978990576,408.047821251109,410.61370849609375,20780200,2024-11-21 00:00:00-05:00
409.1218929874132,415.11893833486243,408.8135895391823,414.72113037109375,24814600,2024-11-22 00:00:00-05:00
416.09361024787086,418.778836873561,412.58290247238904,416.5013732910156,27691100,2024-11-25 00:00:00-05:00
417.29700327286355,426.69537265560376,416.5610569682543,425.6510925292969,23458900,2024-11-26 00:00:00-05:00
422.78684605590655,424.895286183322,419.7137359172663,420.6784362792969,18332400,2024-11-27 00:00:00-05:00
417.7942649272981,422.55809676444443,415.51677094971404,421.1458435058594,16271900,2024-11-29 00:00:00-05:00
419.2662066130162,430.63373653101576,419.00761775180223,428.6247863769531,20207200,2024-12-02 00:00:00-05:00
427.4909833141871,430.1066156030698,425.40245343840513,428.84356689453125,18302000,2024-12-03 00:00:00-05:00
430.6635477279166,437.2672755840065,430.26573974460115,435.0295715332031,26009400,2024-12-04 00:00:00-05:00
435.5268443828614,442.2300015529848,433.7864078777922,440.2011413574219,21697800,2024-12-05 00:00:00-05:00
439.8828865059849,443.66213830194334,439.35578408835863,441.1459655761719,18821000,2024-12-06 00:00:00-05:00
440.1812568830996,445.8799237829371,438.09272702914495,443.5825500488281,19144400,2024-12-09 00:00:00-05:00
441.96149226752044,447.16289170564096,439.1867306857862,440.9072570800781,18469500,2024-12-10 00:00:00-05:00
441.62334015579273,447.8889300799693,441.62334015579273,446.5363464355469,19200200,2024-12-11 00:00:00-05:00
446.65565750056305,453.66714837494953,446.65565750056305,447.10321044921875,20834800,2024-12-12 00:00:00-05:00
445.98933356109154,448.9629838704377,443.14494732322726,444.8257141113281,20177800,2024-12-13 00:00:00-05:00
444.82570192667384,449.70887289523523,442.84658679582157,449.1221008300781,23598800,2024-12-16 00:00:00-05:00
448.545282051395,452.80189103583194,447.11314908926647,451.9764099121094,22733500,2024-12-17 00:00:00-05:00
448.8536235978926,450.17634202962637,434.6317523490202,434.999755859375,24444500,2024-12-18 00:00:00-05:00
439.2066057877418,440.7580781855559,433.9355816606558,434.6416931152344,22963700,2024-12-19 00:00:00-05:00
430.7431322726768,441.3150464611244,426.28763393531244,434.2140808105469,64263700,2024-12-20 00:00:00-05:00
434.35327712310794,435.25830776300677,430.4646409959487,432.8714294433594,19152500,2024-12-23 00:00:00-05:00
432.27469051669533,437.1976515770788,431.817212852652,436.9291076660156,7164500,2024-12-24 00:00:00-05:00
436.6804901261448,438.5303413291557,434.24389716434194,435.7157897949219,8194200,2024-12-26 00:00:00-05:00
432.22498090820386,432.8415878431465,424.020065946368,428.1772155761719,18117700,2024-12-27 00:00:00-05:00
423.7316509986102,425.21349868579347,419.59438106008827,422.50836181640625,13158700,2024-12-30 00:00:00-05:00
