Open,High,Low,Close,Volume,Date
0.029999999329447746,0.029999999329447746,0.029999999329447746,0.029999999329447746,0,2020-01-02 00:00:00+11:00
0.029999999329447746,0.029999999329447746,0.029999999329447746,0.029999999329447746,0,2020-01-03 00:00:00+11:00
0.029999999329447746,0.029999999329447746,0.029999999329447746,0.029999999329447746,0,2020-01-06 00:00:00+11:00
0.029999999329447746,0.029999999329447746,0.029999999329447746,0.029999999329447746,59238,2020-01-07 00:00:00+11:00
0.029999999329447746,0.029999999329447746,0.029999999329447746,0.029999999329447746,57095,2020-01-08 00:00:00+11:00
0.029999999329447746,0.029999999329447746,0.029999999329447746,0.029999999329447746,0,2020-01-09 00:00:00+11:00
0.029999999329447746,0.029999999329447746,0.029999999329447746,0.029999999329447746,0,2020-01-10 00:00:00+11:00
0.029999999329447746,0.029999999329447746,0.029999999329447746,0.029999999329447746,0,2020-01-13 00:00:00+11:00
0.029999999329447746,0.029999999329447746,0.029999999329447746,0.029999999329447746,91776,2020-01-14 00:00:00+11:00
0.029999999329447746,0.029999999329447746,0.029999999329447746,0.029999999329447746,0,2020-01-15 00:00:00+11:00
0.029999999329447746,0.029999999329447746,0.029999999329447746,0.029999999329447746,44166,2020-01-16 00:00:00+11:00
0.029999999329447746,0.029999999329447746,0.029999999329447746,0.029999999329447746,0,2020-01-17 00:00:00+11:00
0.029999999329447746,0.029999999329447746,0.029999999329447746,0.029999999329447746,0,2020-01-20 00:00:00+11:00
0.029999999329447746,0.029999999329447746,0.029999999329447746,0.029999999329447746,0,2020-01-21 00:00:00+11:00
0.029999999329447746,0.029999999329447746,0.029999999329447746,0.029999999329447746,0,2020-01-22 00:00:00+11:00
0.029999999329447746,0.029999999329447746,0.029999999329447746,0.029999999329447746,0,2020-01-23 00:00:00+11:00
0.029999999329447746,0.029999999329447746,0.029999999329447746,0.029999999329447746,0,2020-01-24 00:00:00+11:00
0.029999999329447746,0.029999999329447746,0.029999999329447746,0.029999999329447746,83333,2020-01-28 00:00:00+11:00
0.029999999329447746,0.029999999329447746,0.029999999329447746,0.029999999329447746,83333,2020-01-29 00:00:00+11:00
0.029999999329447746,0.029999999329447746,0.029999999329447746,0.029999999329447746,0,2020-01-30 00:00:00+11:00
0.029999999329447746,0.029999999329447746,0.029999999329447746,0.029999999329447746,0,2020-01-31 00:00:00+11:00
0.029999999329447746,0.029999999329447746,0.029999999329447746,0.029999999329447746,0,2020-02-03 00:00:00+11:00
0.029999999329447746,0.029999999329447746,0.029999999329447746,0.029999999329447746,0,2020-02-04 00:00:00+11:00
0.029999999329447746,0.029999999329447746,0.029999999329447746,0.029999999329447746,19030,2020-02-05 00:00:00+11:00
0.029999999329447746,0.029999999329447746,0.029999999329447746,0.029999999329447746,0,2020-02-06 00:00:00+11:00
0.029999999329447746,0.029999999329447746,0.029999999329447746,0.029999999329447746,0,2020-02-07 00:00:00+11:00
0.029999999329447746,0.029999999329447746,0.029999999329447746,0.029999999329447746,0,2020-02-10 00:00:00+11:00
0.029999999329447746,0.029999999329447746,0.029999999329447746,0.029999999329447746,0,2020-02-11 00:00:00+11:00
0.029999999329447746,0.029999999329447746,0.029999999329447746,0.029999999329447746,0,2020-02-12 00:00:00+11:00
0.029999999329447746,0.029999999329447746,0.029999999329447746,0.029999999329447746,0,2020-02-13 00:00:00+11:00
0.029999999329447746,0.029999999329447746,0.029999999329447746,0.029999999329447746,0,2020-02-14 00:00:00+11:00
0.029999999329447746,0.029999999329447746,0.029999999329447746,0.029999999329447746,33333,2020-02-17 00:00:00+11:00
0.029999999329447746,0.029999999329447746,0.029999999329447746,0.029999999329447746,0,2020-02-18 00:00:00+11:00
0.029999999329447746,0.029999999329447746,0.029999999329447746,0.029999999329447746,0,2020-02-19 00:00:00+11:00
0.029999999329447746,0.029999999329447746,0.029999999329447746,0.029999999329447746,0,2020-02-20 00:00:00+11:00
0.029999999329447746,0.029999999329447746,0.029999999329447746,0.029999999329447746,0,2020-02-21 00:00:00+11:00
0.029999999329447746,0.029999999329447746,0.029999999329447746,0.029999999329447746,0,2020-02-24 00:00:00+11:00
0.029999999329447746,0.029999999329447746,0.029999999329447746,0.029999999329447746,0,2020-02-25 00:00:00+11:00
0.05999999865889549,0.05999999865889549,0.05999999865889549,0.05999999865889549,8333,2020-02-26 00:00:00+11:00
0.029999999329447746,0.029999999329447746,0.029999999329447746,0.029999999329447746,999,2020-02-27 00:00:00+11:00
0.029999999329447746,0.029999999329447746,0.029999999329447746,0.029999999329447746,0,2020-02-28 00:00:00+11:00
0.029999999329447746,0.029999999329447746,0.029999999329447746,0.029999999329447746,16666,2020-03-02 00:00:00+11:00
0.029999999329447746,0.029999999329447746,0.029999999329447746,0.029999999329447746,0,2020-03-03 00:00:00+11:00
0.029999999329447746,0.029999999329447746,0.029999999329447746,0.029999999329447746,0,2020-03-04 00:00:00+11:00
0.029999999329447746,0.029999999329447746,0.029999999329447746,0.029999999329447746,0,2020-03-05 00:00:00+11:00
0.029999999329447746,0.029999999329447746,0.029999999329447746,0.029999999329447746,0,2020-03-06 00:00:00+11:00
0.029999999329447746,0.029999999329447746,0.029999999329447746,0.029999999329447746,0,2020-03-09 00:00:00+11:00
0.029999999329447746,0.029999999329447746,0.029999999329447746,0.029999999329447746,0,2020-03-10 00:00:00+11:00
0.029999999329447746,0.029999999329447746,0.029999999329447746,0.029999999329447746,0,2020-03-11 00:00:00+11:00
0.029999999329447746,0.029999999329447746,0.029999999329447746,0.029999999329447746,0,2020-03-12 00:00:00+11:00
0.029999999329447746,0.029999999329447746,0.029999999329447746,0.029999999329447746,0,2020-03-13 00:00:00+11:00
0.029999999329447746,0.029999999329447746,0.029999999329447746,0.029999999329447746,0,2020-03-16 00:00:00+11:00
0.029999999329447746,0.029999999329447746,0.029999999329447746,0.029999999329447746,0,2020-03-17 00:00:00+11:00
0.029999999329447746,0.029999999329447746,0.029999999329447746,0.029999999329447746,0,2020-03-18 00:00:00+11:00
0.029999999329447746,0.029999999329447746,0.029999999329447746,0.029999999329447746,0,2020-03-19 00:00:00+11:00
0.029999999329447746,0.029999999329447746,0.029999999329447746,0.029999999329447746,0,2020-03-20 00:00:00+11:00
0.029999999329447746,0.029999999329447746,0.029999999329447746,0.029999999329447746,0,2020-03-23 00:00:00+11:00
0.029999999329447746,0.029999999329447746,0.029999999329447746,0.029999999329447746,2673,2020-03-24 00:00:00+11:00
0.029999999329447746,0.029999999329447746,0.029999999329447746,0.029999999329447746,0,2020-03-25 00:00:00+11:00
0.029999999329447746,0.029999999329447746,0.029999999329447746,0.029999999329447746,0,2020-03-26 00:00:00+11:00
0.029999999329447746,0.029999999329447746,0.029999999329447746,0.029999999329447746,0,2020-03-27 00:00:00+11:00
0.029999999329447746,0.029999999329447746,0.029999999329447746,0.029999999329447746,0,2020-03-30 00:00:00+11:00
0.029999999329447746,0.029999999329447746,0.029999999329447746,0.029999999329447746,0,2020-03-31 00:00:00+11:00
0.029999999329447746,0.029999999329447746,0.029999999329447746,0.029999999329447746,0,2020-04-01 00:00:00+11:00
0.029999999329447746,0.029999999329447746,0.029999999329447746,0.029999999329447746,0,2020-04-02 00:00:00+11:00
0.029999999329447746,0.029999999329447746,0.029999999329447746,0.029999999329447746,0,2020-04-03 00:00:00+11:00
0.029999999329447746,0.029999999329447746,0.029999999329447746,0.029999999329447746,0,2020-04-06 00:00:00+10:00
0.029999999329447746,0.029999999329447746,0.029999999329447746,0.029999999329447746,0,2020-04-07 00:00:00+10:00
0.029999999329447746,0.029999999329447746,0.029999999329447746,0.029999999329447746,0,2020-04-08 00:00:00+10:00
0.029999999329447746,0.029999999329447746,0.029999999329447746,0.029999999329447746,0,2020-04-09 00:00:00+10:00
0.029999999329447746,0.05999999865889549,0.029999999329447746,0.05999999865889549,341587,2020-04-14 00:00:00+10:00
0.05999999865889549,0.05999999865889549,0.05999999865889549,0.05999999865889549,38333,2020-04-15 00:00:00+10:00
0.05999999865889549,0.05999999865889549,0.05999999865889549,0.05999999865889549,0,2020-04-16 00:00:00+10:00
0.029999999329447746,0.05999999865889549,0.029999999329447746,0.05999999865889549,66666,2020-04-17 00:00:00+10:00
0.029999999329447746,0.029999999329447746,0.029999999329447746,0.029999999329447746,80173,2020-04-20 00:00:00+10:00
0.029999999329447746,0.029999999329447746,0.029999999329447746,0.029999999329447746,0,2020-04-21 00:00:00+10:00
0.029999999329447746,0.029999999329447746,0.029999999329447746,0.029999999329447746,0,2020-04-22 00:00:00+10:00
0.029999999329447746,0.029999999329447746,0.029999999329447746,0.029999999329447746,0,2020-04-23 00:00:00+10:00
0.029999999329447746,0.029999999329447746,0.029999999329447746,0.029999999329447746,0,2020-04-24 00:00:00+10:00
0.029999999329447746,0.029999999329447746,0.029999999329447746,0.029999999329447746,0,2020-04-27 00:00:00+10:00
0.029999999329447746,0.029999999329447746,0.029999999329447746,0.029999999329447746,0,2020-04-28 00:00:00+10:00
0.029999999329447746,0.029999999329447746,0.029999999329447746,0.029999999329447746,0,2020-04-29 00:00:00+10:00
0.029999999329447746,0.029999999329447746,0.029999999329447746,0.029999999329447746,0,2020-04-30 00:00:00+10:00
0.029999999329447746,0.029999999329447746,0.029999999329447746,0.029999999329447746,373513,2020-05-01 00:00:00+10:00
0.029999999329447746,0.029999999329447746,0.029999999329447746,0.029999999329447746,0,2020-05-04 00:00:00+10:00
0.029999999329447746,0.029999999329447746,0.029999999329447746,0.029999999329447746,0,2020-05-05 00:00:00+10:00
0.029999999329447746,0.029999999329447746,0.029999999329447746,0.029999999329447746,0,2020-05-06 00:00:00+10:00
0.029999999329447746,0.029999999329447746,0.029999999329447746,0.029999999329447746,0,2020-05-07 00:00:00+10:00
0.029999999329447746,0.029999999329447746,0.029999999329447746,0.029999999329447746,0,2020-05-08 00:00:00+10:00
0.029999999329447746,0.029999999329447746,0.029999999329447746,0.029999999329447746,0,2020-05-11 00:00:00+10:00
0.029999999329447746,0.029999999329447746,0.029999999329447746,0.029999999329447746,9999,2020-05-12 00:00:00+10:00
0.029999999329447746,0.029999999329447746,0.029999999329447746,0.029999999329447746,0,2020-05-13 00:00:00+10:00
0.029999999329447746,0.029999999329447746,0.029999999329447746,0.029999999329447746,0,2020-05-14 00:00:00+10:00
0.029999999329447746,0.029999999329447746,0.029999999329447746,0.029999999329447746,0,2020-05-15 00:00:00+10:00
0.029999999329447746,0.029999999329447746,0.029999999329447746,0.029999999329447746,0,2020-05-18 00:00:00+10:00
0.029999999329447746,0.029999999329447746,0.029999999329447746,0.029999999329447746,0,2020-05-19 00:00:00+10:00
0.029999999329447746,0.029999999329447746,0.029999999329447746,0.029999999329447746,0,2020-05-20 00:00:00+10:00
0.029999999329447746,0.029999999329447746,0.029999999329447746,0.029999999329447746,66666,2020-05-21 00:00:00+10:00
0.029999999329447746,0.029999999329447746,0.029999999329447746,0.029999999329447746,0,2020-05-22 00:00:00+10:00
0.029999999329447746,0.029999999329447746,0.029999999329447746,0.029999999329447746,33333,2020-05-25 00:00:00+10:00
0.029999999329447746,0.029999999329447746,0.029999999329447746,0.029999999329447746,0,2020-05-26 00:00:00+10:00
0.029999999329447746,0.029999999329447746,0.029999999329447746,0.029999999329447746,0,2020-05-27 00:00:00+10:00
0.029999999329447746,0.029999999329447746,0.029999999329447746,0.029999999329447746,0,2020-05-28 00:00:00+10:00
0.029999999329447746,0.029999999329447746,0.029999999329447746,0.029999999329447746,0,2020-05-29 00:00:00+10:00
0.029999999329447746,0.029999999329447746,0.029999999329447746,0.029999999329447746,49999,2020-06-01 00:00:00+10:00
0.029999999329447746,0.029999999329447746,0.029999999329447746,0.029999999329447746,0,2020-06-02 00:00:00+10:00
0.029999999329447746,0.029999999329447746,0.029999999329447746,0.029999999329447746,0,2020-06-03 00:00:00+10:00
0.029999999329447746,0.029999999329447746,0.029999999329447746,0.029999999329447746,0,2020-06-04 00:00:00+10:00
0.029999999329447746,0.029999999329447746,0.029999999329447746,0.029999999329447746,0,2020-06-05 00:00:00+10:00
0.029999999329447746,0.05999999865889549,0.029999999329447746,0.05999999865889549,488605,2020-06-09 00:00:00+10:00
0.05999999865889549,0.05999999865889549,0.05999999865889549,0.05999999865889549,103334,2020-06-10 00:00:00+10:00
0.05999999865889549,0.09000000357627869,0.05999999865889549,0.05999999865889549,1327001,2020-06-11 00:00:00+10:00
0.05999999865889549,0.05999999865889549,0.029999999329447746,0.029999999329447746,466811,2020-06-12 00:00:00+10:00
0.029999999329447746,0.04500000178813934,0.029999999329447746,0.029999999329447746,261996,2020-06-15 00:00:00+10:00
0.029999999329447746,0.029999999329447746,0.029999999329447746,0.029999999329447746,8334,2020-06-16 00:00:00+10:00
0.05999999865889549,0.05999999865889549,0.05999999865889549,0.05999999865889549,3329,2020-06-17 00:00:00+10:00
0.029999999329447746,0.04500000178813934,0.029999999329447746,0.04500000178813934,58299,2020-06-18 00:00:00+10:00
0.04500000178813934,0.04500000178813934,0.04500000178813934,0.04500000178813934,0,2020-06-19 00:00:00+10:00
0.04500000178813934,0.04500000178813934,0.04500000178813934,0.04500000178813934,0,2020-06-22 00:00:00+10:00
0.04500000178813934,0.04500000178813934,0.04500000178813934,0.04500000178813934,0,2020-06-23 00:00:00+10:00
0.04500000178813934,0.04500000178813934,0.04500000178813934,0.04500000178813934,0,2020-06-24 00:00:00+10:00
0.029999999329447746,0.04500000178813934,0.029999999329447746,0.04500000178813934,69166,2020-06-25 00:00:00+10:00
0.04500000178813934,0.04500000178813934,0.04500000178813934,0.04500000178813934,0,2020-06-26 00:00:00+10:00
0.029999999329447746,0.029999999329447746,0.029999999329447746,0.029999999329447746,83333,2020-06-29 00:00:00+10:00
0.029999999329447746,0.029999999329447746,0.029999999329447746,0.029999999329447746,0,2020-06-30 00:00:00+10:00
0.029999999329447746,0.029999999329447746,0.029999999329447746,0.029999999329447746,0,2020-07-01 00:00:00+10:00
0.029999999329447746,0.029999999329447746,0.029999999329447746,0.029999999329447746,0,2020-07-02 00:00:00+10:00
0.029999999329447746,0.029999999329447746,0.029999999329447746,0.029999999329447746,0,2020-07-03 00:00:00+10:00
0.029999999329447746,0.029999999329447746,0.029999999329447746,0.029999999329447746,0,2020-07-06 00:00:00+10:00
0.029999999329447746,0.029999999329447746,0.029999999329447746,0.029999999329447746,1022,2020-07-07 00:00:00+10:00
0.029999999329447746,0.029999999329447746,0.029999999329447746,0.029999999329447746,0,2020-07-08 00:00:00+10:00
0.029999999329447746,0.029999999329447746,0.029999999329447746,0.029999999329447746,0,2020-07-09 00:00:00+10:00
0.029999999329447746,0.029999999329447746,0.029999999329447746,0.029999999329447746,0,2020-07-10 00:00:00+10:00
0.029999999329447746,0.029999999329447746,0.029999999329447746,0.029999999329447746,0,2020-07-13 00:00:00+10:00
0.029999999329447746,0.029999999329447746,0.029999999329447746,0.029999999329447746,0,2020-07-14 00:00:00+10:00
0.029999999329447746,0.029999999329447746,0.029999999329447746,0.029999999329447746,0,2020-07-15 00:00:00+10:00
0.029999999329447746,0.029999999329447746,0.029999999329447746,0.029999999329447746,0,2020-07-16 00:00:00+10:00
0.029999999329447746,0.029999999329447746,0.029999999329447746,0.029999999329447746,0,2020-07-17 00:00:00+10:00
0.029999999329447746,0.029999999329447746,0.029999999329447746,0.029999999329447746,0,2020-07-20 00:00:00+10:00
0.029999999329447746,0.029999999329447746,0.029999999329447746,0.029999999329447746,0,2020-07-21 00:00:00+10:00
0.029999999329447746,0.029999999329447746,0.029999999329447746,0.029999999329447746,0,2020-07-22 00:00:00+10:00
0.029999999329447746,0.029999999329447746,0.029999999329447746,0.029999999329447746,0,2020-07-23 00:00:00+10:00
0.029999999329447746,0.029999999329447746,0.029999999329447746,0.029999999329447746,0,2020-07-24 00:00:00+10:00
0.029999999329447746,0.029999999329447746,0.029999999329447746,0.029999999329447746,0,2020-07-27 00:00:00+10:00
0.029999999329447746,0.04500000178813934,0.029999999329447746,0.04500000178813934,53522,2020-07-28 00:00:00+10:00
0.029999999329447746,0.029999999329447746,0.029999999329447746,0.029999999329447746,2083,2020-07-29 00:00:00+10:00
0.029999999329447746,0.029999999329447746,0.029999999329447746,0.029999999329447746,0,2020-07-30 00:00:00+10:00
0.029999999329447746,0.029999999329447746,0.029999999329447746,0.029999999329447746,0,2020-07-31 00:00:00+10:00
0.029999999329447746,0.029999999329447746,0.029999999329447746,0.029999999329447746,0,2020-08-03 00:00:00+10:00
0.029999999329447746,0.029999999329447746,0.029999999329447746,0.029999999329447746,0,2020-08-04 00:00:00+10:00
0.029999999329447746,0.029999999329447746,0.029999999329447746,0.029999999329447746,644353,2020-08-05 00:00:00+10:00
0.029999999329447746,0.029999999329447746,0.029999999329447746,0.029999999329447746,0,2020-08-06 00:00:00+10:00
0.029999999329447746,0.029999999329447746,0.029999999329447746,0.029999999329447746,0,2020-08-07 00:00:00+10:00
0.029999999329447746,0.029999999329447746,0.029999999329447746,0.029999999329447746,0,2020-08-10 00:00:00+10:00
0.029999999329447746,0.029999999329447746,0.029999999329447746,0.029999999329447746,6666,2020-08-11 00:00:00+10:00
0.029999999329447746,0.029999999329447746,0.029999999329447746,0.029999999329447746,98373,2020-08-12 00:00:00+10:00
0.029999999329447746,0.029999999329447746,0.029999999329447746,0.029999999329447746,18749,2020-08-13 00:00:00+10:00
0.029999999329447746,0.029999999329447746,0.029999999329447746,0.029999999329447746,0,2020-08-14 00:00:00+10:00
0.029999999329447746,0.029999999329447746,0.029999999329447746,0.029999999329447746,0,2020-08-17 00:00:00+10:00
0.029999999329447746,0.029999999329447746,0.029999999329447746,0.029999999329447746,0,2020-08-18 00:00:00+10:00
0.029999999329447746,0.029999999329447746,0.029999999329447746,0.029999999329447746,0,2020-08-19 00:00:00+10:00
0.029999999329447746,0.029999999329447746,0.029999999329447746,0.029999999329447746,0,2020-08-20 00:00:00+10:00
0.029999999329447746,0.029999999329447746,0.029999999329447746,0.029999999329447746,0,2020-08-21 00:00:00+10:00
0.029999999329447746,0.029999999329447746,0.029999999329447746,0.029999999329447746,41666,2020-08-24 00:00:00+10:00
0.029999999329447746,0.029999999329447746,0.029999999329447746,0.029999999329447746,0,2020-08-25 00:00:00+10:00
0.029999999329447746,0.029999999329447746,0.029999999329447746,0.04500000178813934,16666,2020-08-26 00:00:00+10:00
0.029999999329447746,0.04500000178813934,0.029999999329447746,0.04500000178813934,793196,2020-08-27 00:00:00+10:00
0.04500000178813934,0.04500000178813934,0.04500000178813934,0.04500000178813934,0,2020-08-28 00:00:00+10:00
0.04500000178813934,0.04500000178813934,0.04500000178813934,0.04500000178813934,0,2020-08-31 00:00:00+10:00
0.029999999329447746,0.029999999329447746,0.029999999329447746,0.029999999329447746,333333,2020-09-01 00:00:00+10:00
0.029999999329447746,0.029999999329447746,0.029999999329447746,0.029999999329447746,0,2020-09-02 00:00:00+10:00
0.029999999329447746,0.029999999329447746,0.029999999329447746,0.029999999329447746,66666,2020-09-03 00:00:00+10:00
0.029999999329447746,0.029999999329447746,0.029999999329447746,0.04500000178813934,9999,2020-09-04 00:00:00+10:00
0.029999999329447746,0.04500000178813934,0.029999999329447746,0.04500000178813934,105095,2020-09-07 00:00:00+10:00
0.029999999329447746,0.029999999329447746,0.029999999329447746,0.04500000178813934,9999,2020-09-08 00:00:00+10:00
0.05999999865889549,0.05999999865889549,0.05999999865889549,0.05999999865889549,5200,2020-09-09 00:00:00+10:00
0.05999999865889549,0.05999999865889549,0.05999999865889549,0.05999999865889549,29033,2020-09-10 00:00:00+10:00
0.05999999865889549,0.05999999865889549,0.05999999865889549,0.05999999865889549,0,2020-09-11 00:00:00+10:00
0.05999999865889549,0.05999999865889549,0.05999999865889549,0.05999999865889549,50000,2020-09-14 00:00:00+10:00
0.05999999865889549,0.05999999865889549,0.05999999865889549,0.05999999865889549,0,2020-09-15 00:00:00+10:00
0.05999999865889549,0.05999999865889549,0.05999999865889549,0.05999999865889549,49166,2020-09-16 00:00:00+10:00
0.05999999865889549,0.05999999865889549,0.05999999865889549,0.05999999865889549,10333,2020-09-17 00:00:00+10:00
0.05999999865889549,0.05999999865889549,0.05999999865889549,0.05999999865889549,0,2020-09-18 00:00:00+10:00
0.05999999865889549,0.05999999865889549,0.05999999865889549,0.05999999865889549,0,2020-09-21 00:00:00+10:00
0.05999999865889549,0.05999999865889549,0.05999999865889549,0.05999999865889549,16666,2020-09-22 00:00:00+10:00
0.05999999865889549,0.05999999865889549,0.05999999865889549,0.05999999865889549,0,2020-09-23 00:00:00+10:00
0.05999999865889549,0.05999999865889549,0.05999999865889549,0.05999999865889549,4999,2020-09-24 00:00:00+10:00
0.05999999865889549,0.05999999865889549,0.05999999865889549,0.05999999865889549,0,2020-09-25 00:00:00+10:00
0.05999999865889549,0.05999999865889549,0.05999999865889549,0.05999999865889549,0,2020-09-28 00:00:00+10:00
0.05999999865889549,0.05999999865889549,0.05999999865889549,0.05999999865889549,0,2020-09-29 00:00:00+10:00
0.029999999329447746,0.029999999329447746,0.029999999329447746,0.029999999329447746,1915333,2020-09-30 00:00:00+10:00
0.029999999329447746,0.029999999329447746,0.029999999329447746,0.04500000178813934,8333,2020-10-01 00:00:00+10:00
0.04500000178813934,0.04500000178813934,0.04500000178813934,0.04500000178813934,0,2020-10-02 00:00:00+10:00
0.04500000178813934,0.04500000178813934,0.04500000178813934,0.04500000178813934,0,2020-10-05 00:00:00+11:00
0.04500000178813934,0.04500000178813934,0.04500000178813934,0.04500000178813934,0,2020-10-06 00:00:00+11:00
0.04500000178813934,0.04500000178813934,0.04500000178813934,0.04500000178813934,0,2020-10-07 00:00:00+11:00
0.04500000178813934,0.04500000178813934,0.04500000178813934,0.04500000178813934,0,2020-10-08 00:00:00+11:00
0.04500000178813934,0.04500000178813934,0.04500000178813934,0.04500000178813934,0,2020-10-09 00:00:00+11:00
0.04500000178813934,0.04500000178813934,0.04500000178813934,0.04500000178813934,0,2020-10-12 00:00:00+11:00
0.04500000178813934,0.04500000178813934,0.04500000178813934,0.04500000178813934,0,2020-10-13 00:00:00+11:00
0.04500000178813934,0.04500000178813934,0.04500000178813934,0.04500000178813934,0,2020-10-14 00:00:00+11:00
0.04500000178813934,0.04500000178813934,0.04500000178813934,0.04500000178813934,0,2020-10-15 00:00:00+11:00
0.04500000178813934,0.04500000178813934,0.04500000178813934,0.04500000178813934,0,2020-10-16 00:00:00+11:00
0.029999999329447746,0.029999999329447746,0.029999999329447746,0.029999999329447746,8333,2020-10-19 00:00:00+11:00
0.029999999329447746,0.029999999329447746,0.029999999329447746,0.029999999329447746,0,2020-10-20 00:00:00+11:00
0.029999999329447746,0.029999999329447746,0.029999999329447746,0.029999999329447746,45200,2020-10-21 00:00:00+11:00
0.029999999329447746,0.029999999329447746,0.029999999329447746,0.029999999329447746,0,2020-10-22 00:00:00+11:00
0.029999999329447746,0.029999999329447746,0.029999999329447746,0.029999999329447746,0,2020-10-23 00:00:00+11:00
0.029999999329447746,0.029999999329447746,0.029999999329447746,0.029999999329447746,0,2020-10-26 00:00:00+11:00
0.029999999329447746,0.029999999329447746,0.029999999329447746,0.029999999329447746,0,2020-10-27 00:00:00+11:00
0.029999999329447746,0.029999999329447746,0.029999999329447746,0.029999999329447746,0,2020-10-28 00:00:00+11:00
0.029999999329447746,0.029999999329447746,0.029999999329447746,0.029999999329447746,0,2020-10-29 00:00:00+11:00
0.029999999329447746,0.029999999329447746,0.029999999329447746,0.029999999329447746,8333,2020-10-30 00:00:00+11:00
0.029999999329447746,0.029999999329447746,0.029999999329447746,0.029999999329447746,0,2020-11-02 00:00:00+11:00
0.029999999329447746,0.029999999329447746,0.029999999329447746,0.029999999329447746,16666,2020-11-03 00:00:00+11:00
0.029999999329447746,0.029999999329447746,0.029999999329447746,0.029999999329447746,1666,2020-11-04 00:00:00+11:00
0.029999999329447746,0.029999999329447746,0.029999999329447746,0.029999999329447746,3333,2020-11-05 00:00:00+11:00
0.029999999329447746,0.029999999329447746,0.029999999329447746,0.029999999329447746,0,2020-11-06 00:00:00+11:00
0.029999999329447746,0.029999999329447746,0.029999999329447746,0.029999999329447746,0,2020-11-09 00:00:00+11:00
0.029999999329447746,0.029999999329447746,0.029999999329447746,0.029999999329447746,0,2020-11-10 00:00:00+11:00
0.029999999329447746,0.029999999329447746,0.029999999329447746,0.029999999329447746,0,2020-11-11 00:00:00+11:00
0.029999999329447746,0.029999999329447746,0.029999999329447746,0.029999999329447746,0,2020-11-12 00:00:00+11:00
0.029999999329447746,0.029999999329447746,0.029999999329447746,0.029999999329447746,33333,2020-11-13 00:00:00+11:00
0.029999999329447746,0.029999999329447746,0.029999999329447746,0.029999999329447746,0,2020-11-16 00:00:00+11:00
0.029999999329447746,0.029999999329447746,0.029999999329447746,0.029999999329447746,16666,2020-11-17 00:00:00+11:00
0.029999999329447746,0.029999999329447746,0.029999999329447746,0.029999999329447746,19166,2020-11-18 00:00:00+11:00
0.029999999329447746,0.029999999329447746,0.029999999329447746,0.029999999329447746,4066,2020-11-19 00:00:00+11:00
0.029999999329447746,0.029999999329447746,0.029999999329447746,0.029999999329447746,33333,2020-11-20 00:00:00+11:00
0.029999999329447746,0.029999999329447746,0.029999999329447746,0.029999999329447746,2166,2020-11-23 00:00:00+11:00
0.029999999329447746,0.029999999329447746,0.029999999329447746,0.029999999329447746,66299,2020-11-24 00:00:00+11:00
0.029999999329447746,0.029999999329447746,0.029999999329447746,0.029999999329447746,0,2020-11-25 00:00:00+11:00
0.04500000178813934,0.04500000178813934,0.029999999329447746,0.029999999329447746,36866,2020-11-26 00:00:00+11:00
0.029999999329447746,0.029999999329447746,0.029999999329447746,0.029999999329447746,0,2020-11-27 00:00:00+11:00
0.029999999329447746,0.029999999329447746,0.029999999329447746,0.029999999329447746,0,2020-11-30 00:00:00+11:00
0.029999999329447746,0.029999999329447746,0.029999999329447746,0.029999999329447746,23333,2020-12-01 00:00:00+11:00
0.029999999329447746,0.029999999329447746,0.029999999329447746,0.029999999329447746,0,2020-12-02 00:00:00+11:00
0.029999999329447746,0.029999999329447746,0.029999999329447746,0.029999999329447746,0,2020-12-03 00:00:00+11:00
0.04500000178813934,0.04500000178813934,0.029999999329447746,0.029999999329447746,66501,2020-12-04 00:00:00+11:00
0.029999999329447746,0.029999999329447746,0.029999999329447746,0.029999999329447746,0,2020-12-07 00:00:00+11:00
0.029999999329447746,0.029999999329447746,0.029999999329447746,0.029999999329447746,0,2020-12-08 00:00:00+11:00
0.029999999329447746,0.029999999329447746,0.029999999329447746,0.029999999329447746,16666,2020-12-09 00:00:00+11:00
0.029999999329447746,0.029999999329447746,0.029999999329447746,0.029999999329447746,93609,2020-12-10 00:00:00+11:00
0.029999999329447746,0.029999999329447746,0.029999999329447746,0.029999999329447746,21166,2020-12-11 00:00:00+11:00
0.029999999329447746,0.029999999329447746,0.029999999329447746,0.029999999329447746,3958,2020-12-14 00:00:00+11:00
0.029999999329447746,0.029999999329447746,0.029999999329447746,0.029999999329447746,615931,2020-12-15 00:00:00+11:00
0.029999999329447746,0.029999999329447746,0.029999999329447746,0.029999999329447746,502821,2020-12-16 00:00:00+11:00
0.029999999329447746,0.029999999329447746,0.029999999329447746,0.029999999329447746,0,2020-12-17 00:00:00+11:00
0.029999999329447746,0.029999999329447746,0.029999999329447746,0.029999999329447746,0,2020-12-18 00:00:00+11:00
0.029999999329447746,0.029999999329447746,0.029999999329447746,0.029999999329447746,0,2020-12-21 00:00:00+11:00
0.029999999329447746,0.029999999329447746,0.029999999329447746,0.029999999329447746,0,2020-12-22 00:00:00+11:00
0.029999999329447746,0.029999999329447746,0.029999999329447746,0.029999999329447746,0,2020-12-23 00:00:00+11:00
0.029999999329447746,0.029999999329447746,0.029999999329447746,0.029999999329447746,16666,2020-12-24 00:00:00+11:00
0.029999999329447746,0.029999999329447746,0.029999999329447746,0.029999999329447746,0,2020-12-29 00:00:00+11:00
0.029999999329447746,0.029999999329447746,0.029999999329447746,0.029999999329447746,0,2020-12-30 00:00:00+11:00
0.029999999329447746,0.029999999329447746,0.029999999329447746,0.029999999329447746,83,2020-12-31 00:00:00+11:00
0.029999999329447746,0.029999999329447746,0.029999999329447746,0.029999999329447746,28672,2021-01-04 00:00:00+11:00
0.029999999329447746,0.029999999329447746,0.029999999329447746,0.029999999329447746,4166,2021-01-05 00:00:00+11:00
0.029999999329447746,0.029999999329447746,0.029999999329447746,0.029999999329447746,0,2021-01-06 00:00:00+11:00
0.029999999329447746,0.029999999329447746,0.029999999329447746,0.029999999329447746,44310,2021-01-07 00:00:00+11:00
0.029999999329447746,0.029999999329447746,0.029999999329447746,0.029999999329447746,0,2021-01-08 00:00:00+11:00
0.029999999329447746,0.029999999329447746,0.029999999329447746,0.029999999329447746,39666,2021-01-11 00:00:00+11:00
0.029999999329447746,0.029999999329447746,0.029999999329447746,0.029999999329447746,1706,2021-01-12 00:00:00+11:00
0.029999999329447746,0.029999999329447746,0.029999999329447746,0.029999999329447746,0,2021-01-13 00:00:00+11:00
0.029999999329447746,0.029999999329447746,0.029999999329447746,0.029999999329447746,0,2021-01-14 00:00:00+11:00
0.029999999329447746,0.029999999329447746,0.029999999329447746,0.029999999329447746,33333,2021-01-15 00:00:00+11:00
0.029999999329447746,0.029999999329447746,0.029999999329447746,0.029999999329447746,0,2021-01-18 00:00:00+11:00
0.029999999329447746,0.029999999329447746,0.029999999329447746,0.029999999329447746,0,2021-01-19 00:00:00+11:00
0.029999999329447746,0.029999999329447746,0.029999999329447746,0.029999999329447746,0,2021-01-20 00:00:00+11:00
0.029999999329447746,0.09000000357627869,0.029999999329447746,0.05999999865889549,2580207,2021-01-21 00:00:00+11:00
0.09000000357627869,0.09000000357627869,0.029999999329447746,0.029999999329447746,1489868,2021-01-22 00:00:00+11:00
0.05999999865889549,0.05999999865889549,0.04500000178813934,0.05999999865889549,152919,2021-01-25 00:00:00+11:00
0.05999999865889549,0.05999999865889549,0.05999999865889549,0.05999999865889549,430364,2021-01-27 00:00:00+11:00
0.05999999865889549,0.05999999865889549,0.05999999865889549,0.05999999865889549,254586,2021-01-28 00:00:00+11:00
0.05999999865889549,0.05999999865889549,0.05999999865889549,0.05999999865889549,0,2021-01-29 00:00:00+11:00
0.05999999865889549,0.05999999865889549,0.04500000178813934,0.04500000178813934,356595,2021-02-01 00:00:00+11:00
0.05999999865889549,0.05999999865889549,0.05999999865889549,0.05999999865889549,168362,2021-02-02 00:00:00+11:00
0.05999999865889549,0.05999999865889549,0.05999999865889549,0.05999999865889549,120750,2021-02-03 00:00:00+11:00
0.05999999865889549,0.05999999865889549,0.05999999865889549,0.05999999865889549,213677,2021-02-04 00:00:00+11:00
0.029999999329447746,0.09000000357627869,0.029999999329447746,0.09000000357627869,301325,2021-02-05 00:00:00+11:00
0.09000000357627869,0.09000000357627869,0.09000000357627869,0.09000000357627869,246822,2021-02-08 00:00:00+11:00
0.09000000357627869,0.09000000357627869,0.09000000357627869,0.09000000357627869,176944,2021-02-09 00:00:00+11:00
0.09000000357627869,0.09000000357627869,0.09000000357627869,0.09000000357627869,268333,2021-02-10 00:00:00+11:00
0.09000000357627869,0.09000000357627869,0.05999999865889549,0.09000000357627869,272083,2021-02-11 00:00:00+11:00
0.09000000357627869,0.11999999731779099,0.09000000357627869,0.09000000357627869,267391,2021-02-12 00:00:00+11:00
0.09000000357627869,0.11999999731779099,0.09000000357627869,0.11999999731779099,264232,2021-02-15 00:00:00+11:00
0.11999999731779099,0.18000000715255737,0.11999999731779099,0.18000000715255737,1444890,2021-02-16 00:00:00+11:00
0.18000000715255737,0.18000000715255737,0.09000000357627869,0.09000000357627869,4240160,2021-02-17 00:00:00+11:00
0.11999999731779099,0.11999999731779099,0.10499999672174454,0.11999999731779099,1320422,2021-02-18 00:00:00+11:00
0.15000000596046448,0.15000000596046448,0.11999999731779099,0.11999999731779099,617066,2021-02-19 00:00:00+11:00
0.15000000596046448,0.18000000715255737,0.11999999731779099,0.15000000596046448,1125255,2021-02-22 00:00:00+11:00
0.15000000596046448,0.15000000596046448,0.11999999731779099,0.11999999731779099,274037,2021-02-23 00:00:00+11:00
0.15000000596046448,0.15000000596046448,0.11999999731779099,0.11999999731779099,156947,2021-02-24 00:00:00+11:00
0.11999999731779099,0.13500000536441803,0.11999999731779099,0.11999999731779099,1529282,2021-02-25 00:00:00+11:00
0.11999999731779099,0.11999999731779099,0.11999999731779099,0.11999999731779099,0,2021-02-26 00:00:00+11:00
0.11999999731779099,0.11999999731779099,0.11999999731779099,0.11999999731779099,0,2021-03-01 00:00:00+11:00
0.11999999731779099,0.11999999731779099,0.11999999731779099,0.11999999731779099,0,2021-03-02 00:00:00+11:00
0.11999999731779099,0.11999999731779099,0.11999999731779099,0.11999999731779099,0,2021-03-03 00:00:00+11:00
0.11999999731779099,0.11999999731779099,0.11999999731779099,0.11999999731779099,0,2021-03-04 00:00:00+11:00
0.11999999731779099,0.11999999731779099,0.11999999731779099,0.11999999731779099,0,2021-03-05 00:00:00+11:00
0.11999999731779099,0.11999999731779099,0.11999999731779099,0.11999999731779099,0,2021-03-08 00:00:00+11:00
0.11999999731779099,0.11999999731779099,0.11999999731779099,0.11999999731779099,0,2021-03-09 00:00:00+11:00
0.11999999731779099,0.11999999731779099,0.11999999731779099,0.11999999731779099,0,2021-03-10 00:00:00+11:00
0.11999999731779099,0.11999999731779099,0.11999999731779099,0.11999999731779099,0,2021-03-11 00:00:00+11:00
0.11999999731779099,0.11999999731779099,0.11999999731779099,0.11999999731779099,0,2021-03-12 00:00:00+11:00
0.11999999731779099,0.11999999731779099,0.11999999731779099,0.11999999731779099,0,2021-03-15 00:00:00+11:00
0.11999999731779099,0.11999999731779099,0.11999999731779099,0.11999999731779099,0,2021-03-16 00:00:00+11:00
0.11999999731779099,0.11999999731779099,0.11999999731779099,0.11999999731779099,0,2021-03-17 00:00:00+11:00
0.11999999731779099,0.11999999731779099,0.11999999731779099,0.11999999731779099,0,2021-03-18 00:00:00+11:00
0.11999999731779099,0.11999999731779099,0.11999999731779099,0.11999999731779099,0,2021-03-19 00:00:00+11:00
0.11999999731779099,0.11999999731779099,0.11999999731779099,0.11999999731779099,0,2021-03-22 00:00:00+11:00
0.11999999731779099,0.11999999731779099,0.11999999731779099,0.11999999731779099,0,2021-03-23 00:00:00+11:00
0.11999999731779099,0.11999999731779099,0.11999999731779099,0.11999999731779099,0,2021-03-24 00:00:00+11:00
0.11999999731779099,0.11999999731779099,0.11999999731779099,0.11999999731779099,0,2021-03-25 00:00:00+11:00
0.11999999731779099,0.11999999731779099,0.11999999731779099,0.11999999731779099,0,2021-03-26 00:00:00+11:00
0.11999999731779099,0.11999999731779099,0.11999999731779099,0.11999999731779099,0,2021-03-29 00:00:00+11:00
0.11999999731779099,0.11999999731779099,0.11999999731779099,0.11999999731779099,0,2021-03-30 00:00:00+11:00
0.11999999731779099,0.11999999731779099,0.11999999731779099,0.11999999731779099,0,2021-03-31 00:00:00+11:00
0.11999999731779099,0.11999999731779099,0.11999999731779099,0.11999999731779099,0,2021-04-01 00:00:00+11:00
0.11999999731779099,0.11999999731779099,0.11999999731779099,0.11999999731779099,0,2021-04-06 00:00:00+10:00
0.11999999731779099,0.11999999731779099,0.11999999731779099,0.11999999731779099,0,2021-04-07 00:00:00+10:00
0.11999999731779099,0.11999999731779099,0.11999999731779099,0.11999999731779099,0,2021-04-08 00:00:00+10:00
0.11999999731779099,0.11999999731779099,0.11999999731779099,0.11999999731779099,0,2021-04-09 00:00:00+10:00
0.11999999731779099,0.11999999731779099,0.11999999731779099,0.11999999731779099,0,2021-04-12 00:00:00+10:00
0.11999999731779099,0.11999999731779099,0.11999999731779099,0.11999999731779099,0,2021-04-13 00:00:00+10:00
0.11999999731779099,0.13500000536441803,0.11999999731779099,0.11999999731779099,512303,2021-04-14 00:00:00+10:00
0.11999999731779099,0.11999999731779099,0.09000000357627869,0.09000000357627869,158179,2021-04-15 00:00:00+10:00
0.09000000357627869,0.09000000357627869,0.09000000357627869,0.09000000357627869,42749,2021-04-16 00:00:00+10:00
0.09000000357627869,0.10499999672174454,0.09000000357627869,0.10499999672174454,14722,2021-04-19 00:00:00+10:00
0.09000000357627869,0.10499999672174454,0.09000000357627869,0.10499999672174454,39229,2021-04-20 00:00:00+10:00
0.10499999672174454,0.10499999672174454,0.09000000357627869,0.09000000357627869,19499,2021-04-21 00:00:00+10:00
0.09000000357627869,0.10499999672174454,0.09000000357627869,0.09000000357627869,139599,2021-04-22 00:00:00+10:00
0.09000000357627869,0.09000000357627869,0.09000000357627869,0.09000000357627869,4208,2021-04-23 00:00:00+10:00
0.09000000357627869,0.11999999731779099,0.09000000357627869,0.10499999672174454,45298,2021-04-26 00:00:00+10:00
0.09000000357627869,0.09000000357627869,0.09000000357627869,0.09000000357627869,9461,2021-04-27 00:00:00+10:00
0.09000000357627869,0.09000000357627869,0.07500000298023224,0.09000000357627869,477118,2021-04-28 00:00:00+10:00
0.05999999865889549,0.09000000357627869,0.05999999865889549,0.07500000298023224,66111,2021-04-29 00:00:00+10:00
0.09000000357627869,0.09000000357627869,0.07500000298023224,0.09000000357627869,72862,2021-04-30 00:00:00+10:00
0.09000000357627869,0.09000000357627869,0.07500000298023224,0.07500000298023224,80339,2021-05-03 00:00:00+10:00
0.09000000357627869,0.10499999672174454,0.09000000357627869,0.10499999672174454,612823,2021-05-04 00:00:00+10:00
0.09000000357627869,0.10499999672174454,0.09000000357627869,0.10499999672174454,50627,2021-05-05 00:00:00+10:00
0.09000000357627869,0.09000000357627869,0.09000000357627869,0.09000000357627869,59007,2021-05-06 00:00:00+10:00
0.09000000357627869,0.09000000357627869,0.07500000298023224,0.07500000298023224,68899,2021-05-07 00:00:00+10:00
0.09000000357627869,0.09000000357627869,0.09000000357627869,0.09000000357627869,46666,2021-05-10 00:00:00+10:00
0.09000000357627869,0.09000000357627869,0.07500000298023224,0.07500000298023224,16715,2021-05-11 00:00:00+10:00
0.07500000298023224,0.07500000298023224,0.05999999865889549,0.05999999865889549,99612,2021-05-12 00:00:00+10:00
0.05999999865889549,0.09000000357627869,0.05999999865889549,0.09000000357627869,534456,2021-05-13 00:00:00+10:00
0.09000000357627869,0.09000000357627869,0.09000000357627869,0.09000000357627869,16905,2021-05-14 00:00:00+10:00
0.09000000357627869,0.09000000357627869,0.05999999865889549,0.05999999865889549,55406,2021-05-17 00:00:00+10:00
0.05999999865889549,0.09000000357627869,0.05999999865889549,0.09000000357627869,16353,2021-05-18 00:00:00+10:00
0.09000000357627869,0.09000000357627869,0.07500000298023224,0.09000000357627869,75345,2021-05-19 00:00:00+10:00
0.07500000298023224,0.07500000298023224,0.07500000298023224,0.07500000298023224,3333,2021-05-20 00:00:00+10:00
0.09000000357627869,0.09000000357627869,0.07500000298023224,0.07500000298023224,36444,2021-05-21 00:00:00+10:00
0.07500000298023224,0.07500000298023224,0.07500000298023224,0.07500000298023224,28333,2021-05-24 00:00:00+10:00
0.07500000298023224,0.07500000298023224,0.07500000298023224,0.07500000298023224,2972,2021-05-25 00:00:00+10:00
0.09000000357627869,0.09000000357627869,0.07500000298023224,0.07500000298023224,89698,2021-05-26 00:00:00+10:00
0.05999999865889549,0.05999999865889549,0.05999999865889549,0.05999999865889549,3414,2021-05-27 00:00:00+10:00
0.05999999865889549,0.05999999865889549,0.05999999865889549,0.05999999865889549,0,2021-05-28 00:00:00+10:00
0.05999999865889549,0.05999999865889549,0.05999999865889549,0.05999999865889549,0,2021-05-31 00:00:00+10:00
0.05999999865889549,0.05999999865889549,0.05999999865889549,0.05999999865889549,0,2021-06-01 00:00:00+10:00
0.05999999865889549,0.05999999865889549,0.05999999865889549,0.05999999865889549,0,2021-06-02 00:00:00+10:00
0.07500000298023224,0.07500000298023224,0.07500000298023224,0.07500000298023224,12849,2021-06-03 00:00:00+10:00
0.07500000298023224,0.07500000298023224,0.07500000298023224,0.07500000298023224,0,2021-06-04 00:00:00+10:00
0.07500000298023224,0.07500000298023224,0.07500000298023224,0.07500000298023224,0,2021-06-07 00:00:00+10:00
0.05999999865889549,0.05999999865889549,0.05999999865889549,0.05999999865889549,4036,2021-06-08 00:00:00+10:00
0.05999999865889549,0.05999999865889549,0.05999999865889549,0.05999999865889549,1,2021-06-09 00:00:00+10:00
0.05999999865889549,0.05999999865889549,0.05999999865889549,0.05999999865889549,0,2021-06-10 00:00:00+10:00
0.05999999865889549,0.05999999865889549,0.05999999865889549,0.05999999865889549,14333,2021-06-11 00:00:00+10:00
0.05999999865889549,0.05999999865889549,0.05999999865889549,0.05999999865889549,4,2021-06-15 00:00:00+10:00
0.05999999865889549,0.05999999865889549,0.05999999865889549,0.05999999865889549,9999,2021-06-16 00:00:00+10:00
0.05999999865889549,0.07500000298023224,0.05999999865889549,0.05999999865889549,7056,2021-06-17 00:00:00+10:00
0.05999999865889549,0.05999999865889549,0.05999999865889549,0.05999999865889549,0,2021-06-18 00:00:00+10:00
0.05999999865889549,0.05999999865889549,0.05999999865889549,0.05999999865889549,6158,2021-06-21 00:00:00+10:00
0.05999999865889549,0.05999999865889549,0.05999999865889549,0.05999999865889549,23749,2021-06-22 00:00:00+10:00
0.05999999865889549,0.05999999865889549,0.05999999865889549,0.05999999865889549,6124,2021-06-23 00:00:00+10:00
0.07500000298023224,0.07500000298023224,0.05999999865889549,0.05999999865889549,44166,2021-06-24 00:00:00+10:00
0.05999999865889549,0.05999999865889549,0.05999999865889549,0.05999999865889549,1303971,2021-06-25 00:00:00+10:00
0.05999999865889549,0.05999999865889549,0.05999999865889549,0.05999999865889549,111333,2021-06-28 00:00:00+10:00
0.05999999865889549,0.05999999865889549,0.05999999865889549,0.05999999865889549,33869,2021-06-29 00:00:00+10:00
0.05999999865889549,0.05999999865889549,0.05999999865889549,0.05999999865889549,105638,2021-06-30 00:00:00+10:00
0.05999999865889549,0.05999999865889549,0.05999999865889549,0.05999999865889549,107194,2021-07-01 00:00:00+10:00
0.05999999865889549,0.05999999865889549,0.05999999865889549,0.05999999865889549,10666,2021-07-02 00:00:00+10:00
0.05999999865889549,0.09000000357627869,0.05999999865889549,0.07500000298023224,207970,2021-07-05 00:00:00+10:00
0.07500000298023224,0.07500000298023224,0.07500000298023224,0.07500000298023224,0,2021-07-06 00:00:00+10:00
0.07500000298023224,0.07500000298023224,0.07500000298023224,0.07500000298023224,0,2021-07-07 00:00:00+10:00
0.07500000298023224,0.07500000298023224,0.07500000298023224,0.07500000298023224,0,2021-07-08 00:00:00+10:00
0.07500000298023224,0.07500000298023224,0.07500000298023224,0.07500000298023224,0,2021-07-09 00:00:00+10:00
0.05999999865889549,0.05999999865889549,0.05999999865889549,0.05999999865889549,191916,2021-07-12 00:00:00+10:00
0.05999999865889549,0.05999999865889549,0.05999999865889549,0.05999999865889549,6666,2021-07-13 00:00:00+10:00
0.05999999865889549,0.05999999865889549,0.05999999865889549,0.05999999865889549,0,2021-07-14 00:00:00+10:00
0.05999999865889549,0.05999999865889549,0.05999999865889549,0.05999999865889549,0,2021-07-15 00:00:00+10:00
0.05999999865889549,0.05999999865889549,0.05999999865889549,0.05999999865889549,402988,2021-07-16 00:00:00+10:00
0.05999999865889549,0.05999999865889549,0.05999999865889549,0.05999999865889549,44866,2021-07-19 00:00:00+10:00
0.05999999865889549,0.05999999865889549,0.05999999865889549,0.05999999865889549,94,2021-07-20 00:00:00+10:00
0.05999999865889549,0.05999999865889549,0.05999999865889549,0.05999999865889549,0,2021-07-21 00:00:00+10:00
0.05999999865889549,0.05999999865889549,0.05999999865889549,0.05999999865889549,16,2021-07-22 00:00:00+10:00
0.05999999865889549,0.05999999865889549,0.05999999865889549,0.05999999865889549,29066,2021-07-23 00:00:00+10:00
0.05999999865889549,0.05999999865889549,0.05999999865889549,0.05999999865889549,1071,2021-07-26 00:00:00+10:00
0.05999999865889549,0.05999999865889549,0.05999999865889549,0.05999999865889549,0,2021-07-27 00:00:00+10:00
0.05999999865889549,0.05999999865889549,0.05999999865889549,0.05999999865889549,34189,2021-07-28 00:00:00+10:00
0.05999999865889549,0.05999999865889549,0.05999999865889549,0.05999999865889549,979,2021-07-29 00:00:00+10:00
0.05999999865889549,0.05999999865889549,0.04500000178813934,0.05999999865889549,86629,2021-07-30 00:00:00+10:00
0.05999999865889549,0.05999999865889549,0.04500000178813934,0.04500000178813934,21566,2021-08-02 00:00:00+10:00
0.04500000178813934,0.04500000178813934,0.04500000178813934,0.04500000178813934,0,2021-08-03 00:00:00+10:00
0.04500000178813934,0.04500000178813934,0.04500000178813934,0.04500000178813934,0,2021-08-04 00:00:00+10:00
0.04500000178813934,0.04500000178813934,0.04500000178813934,0.04500000178813934,666,2021-08-05 00:00:00+10:00
0.029999999329447746,0.029999999329447746,0.029999999329447746,0.029999999329447746,41666,2021-08-06 00:00:00+10:00
0.029999999329447746,0.029999999329447746,0.029999999329447746,0.029999999329447746,0,2021-08-09 00:00:00+10:00
0.04500000178813934,0.05999999865889549,0.04500000178813934,0.05999999865889549,26293,2021-08-10 00:00:00+10:00
0.05999999865889549,0.05999999865889549,0.05999999865889549,0.05999999865889549,4771,2021-08-11 00:00:00+10:00
0.04500000178813934,0.05999999865889549,0.04500000178813934,0.05999999865889549,368610,2021-08-12 00:00:00+10:00
0.05999999865889549,0.05999999865889549,0.05999999865889549,0.05999999865889549,5853,2021-08-13 00:00:00+10:00
0.05999999865889549,0.05999999865889549,0.05999999865889549,0.05999999865889549,86699,2021-08-16 00:00:00+10:00
0.05999999865889549,0.05999999865889549,0.05999999865889549,0.05999999865889549,0,2021-08-17 00:00:00+10:00
0.05999999865889549,0.05999999865889549,0.05999999865889549,0.05999999865889549,0,2021-08-18 00:00:00+10:00
0.05999999865889549,0.05999999865889549,0.05999999865889549,0.05999999865889549,223133,2021-08-19 00:00:00+10:00
0.05999999865889549,0.05999999865889549,0.05999999865889549,0.05999999865889549,32562,2021-08-20 00:00:00+10:00
0.05999999865889549,0.05999999865889549,0.05999999865889549,0.05999999865889549,16584,2021-08-23 00:00:00+10:00
0.05999999865889549,0.07500000298023224,0.05999999865889549,0.07500000298023224,45082,2021-08-24 00:00:00+10:00
0.05999999865889549,0.07500000298023224,0.05999999865889549,0.07500000298023224,8620,2021-08-25 00:00:00+10:00
0.05999999865889549,0.05999999865889549,0.05999999865889549,0.05999999865889549,82,2021-08-26 00:00:00+10:00
0.07500000298023224,0.07500000298023224,0.05999999865889549,0.05999999865889549,17777,2021-08-27 00:00:00+10:00
0.05999999865889549,0.05999999865889549,0.05999999865889549,0.05999999865889549,0,2021-08-30 00:00:00+10:00
0.05999999865889549,0.07500000298023224,0.05999999865889549,0.07500000298023224,38418,2021-08-31 00:00:00+10:00
0.05999999865889549,0.05999999865889549,0.05999999865889549,0.05999999865889549,47158,2021-09-01 00:00:00+10:00
0.05999999865889549,0.05999999865889549,0.05999999865889549,0.05999999865889549,168,2021-09-02 00:00:00+10:00
0.05999999865889549,0.07500000298023224,0.05999999865889549,0.07500000298023224,18021,2021-09-03 00:00:00+10:00
0.05999999865889549,0.07500000298023224,0.05999999865889549,0.07500000298023224,98333,2021-09-06 00:00:00+10:00
0.07500000298023224,0.07500000298023224,0.07500000298023224,0.07500000298023224,1780,2021-09-07 00:00:00+10:00
0.07500000298023224,0.07500000298023224,0.07500000298023224,0.07500000298023224,1499,2021-09-08 00:00:00+10:00
0.07500000298023224,0.07500000298023224,0.07500000298023224,0.07500000298023224,0,2021-09-09 00:00:00+10:00
0.07500000298023224,0.07500000298023224,0.07500000298023224,0.07500000298023224,0,2021-09-10 00:00:00+10:00
0.07500000298023224,0.07500000298023224,0.07500000298023224,0.07500000298023224,0,2021-09-13 00:00:00+10:00
0.07500000298023224,0.07500000298023224,0.07500000298023224,0.07500000298023224,0,2021-09-14 00:00:00+10:00
0.07500000298023224,0.07500000298023224,0.07500000298023224,0.07500000298023224,0,2021-09-15 00:00:00+10:00
0.07500000298023224,0.07500000298023224,0.07500000298023224,0.07500000298023224,0,2021-09-16 00:00:00+10:00
0.07500000298023224,0.07500000298023224,0.07500000298023224,0.07500000298023224,0,2021-09-17 00:00:00+10:00
0.05999999865889549,0.07500000298023224,0.05999999865889549,0.07500000298023224,9444,2021-09-20 00:00:00+10:00
0.05999999865889549,0.07500000298023224,0.05999999865889549,0.07500000298023224,108084,2021-09-21 00:00:00+10:00
0.05999999865889549,0.05999999865889549,0.05999999865889549,0.05999999865889549,35710,2021-09-22 00:00:00+10:00
0.05999999865889549,0.05999999865889549,0.05999999865889549,0.05999999865889549,33511,2021-09-23 00:00:00+10:00
0.05999999865889549,0.05999999865889549,0.05999999865889549,0.05999999865889549,24999,2021-09-24 00:00:00+10:00
0.05999999865889549,0.05999999865889549,0.05999999865889549,0.05999999865889549,0,2021-09-27 00:00:00+10:00
0.05999999865889549,0.05999999865889549,0.05999999865889549,0.05999999865889549,8660,2021-09-28 00:00:00+10:00
0.05999999865889549,0.05999999865889549,0.05999999865889549,0.05999999865889549,8333,2021-09-29 00:00:00+10:00
0.05999999865889549,0.05999999865889549,0.05999999865889549,0.05999999865889549,33333,2021-09-30 00:00:00+10:00
0.05999999865889549,0.05999999865889549,0.05999999865889549,0.05999999865889549,6666,2021-10-01 00:00:00+10:00
0.05999999865889549,0.05999999865889549,0.05999999865889549,0.05999999865889549,73,2021-10-04 00:00:00+11:00
0.05999999865889549,0.05999999865889549,0.05999999865889549,0.05999999865889549,7257,2021-10-05 00:00:00+11:00
0.05999999865889549,0.05999999865889549,0.05999999865889549,0.05999999865889549,149,2021-10-06 00:00:00+11:00
0.05999999865889549,0.05999999865889549,0.05999999865889549,0.05999999865889549,12222,2021-10-07 00:00:00+11:00
0.05999999865889549,0.05999999865889549,0.05999999865889549,0.05999999865889549,0,2021-10-08 00:00:00+11:00
0.05999999865889549,0.05999999865889549,0.05999999865889549,0.05999999865889549,8333,2021-10-11 00:00:00+11:00
0.05999999865889549,0.05999999865889549,0.05999999865889549,0.05999999865889549,25166,2021-10-12 00:00:00+11:00
0.05999999865889549,0.05999999865889549,0.05999999865889549,0.05999999865889549,0,2021-10-13 00:00:00+11:00
0.05999999865889549,0.05999999865889549,0.05999999865889549,0.05999999865889549,0,2021-10-14 00:00:00+11:00
0.05999999865889549,0.05999999865889549,0.05999999865889549,0.05999999865889549,0,2021-10-15 00:00:00+11:00
0.05999999865889549,0.05999999865889549,0.05999999865889549,0.05999999865889549,78491,2021-10-18 00:00:00+11:00
0.05999999865889549,0.05999999865889549,0.05999999865889549,0.05999999865889549,1,2021-10-19 00:00:00+11:00
0.05999999865889549,0.05999999865889549,0.05999999865889549,0.05999999865889549,13987,2021-10-20 00:00:00+11:00
0.05999999865889549,0.05999999865889549,0.05999999865889549,0.05999999865889549,299,2021-10-21 00:00:00+11:00
0.05999999865889549,0.05999999865889549,0.05999999865889549,0.05999999865889549,153585,2021-10-22 00:00:00+11:00
0.05999999865889549,0.05999999865889549,0.05999999865889549,0.05999999865889549,711,2021-10-25 00:00:00+11:00
0.05999999865889549,0.05999999865889549,0.04500000178813934,0.05999999865889549,29266,2021-10-26 00:00:00+11:00
0.05999999865889549,0.05999999865889549,0.05999999865889549,0.05999999865889549,189307,2021-10-27 00:00:00+11:00
0.05999999865889549,0.05999999865889549,0.05999999865889549,0.05999999865889549,82,2021-10-28 00:00:00+11:00
0.05999999865889549,0.05999999865889549,0.05999999865889549,0.05999999865889549,6666,2021-10-29 00:00:00+11:00
0.05999999865889549,0.05999999865889549,0.05999999865889549,0.05999999865889549,11713,2021-11-01 00:00:00+11:00
0.05999999865889549,0.05999999865889549,0.05999999865889549,0.05999999865889549,0,2021-11-02 00:00:00+11:00
0.05999999865889549,0.05999999865889549,0.05999999865889549,0.05999999865889549,31645,2021-11-03 00:00:00+11:00
0.05999999865889549,0.05999999865889549,0.05999999865889549,0.05999999865889549,0,2021-11-04 00:00:00+11:00
0.05999999865889549,0.05999999865889549,0.05999999865889549,0.05999999865889549,0,2021-11-05 00:00:00+11:00
0.05999999865889549,0.05999999865889549,0.05999999865889549,0.05999999865889549,245645,2021-11-08 00:00:00+11:00
0.05999999865889549,0.05999999865889549,0.05999999865889549,0.05999999865889549,19499,2021-11-09 00:00:00+11:00
0.05999999865889549,0.05999999865889549,0.05999999865889549,0.05999999865889549,0,2021-11-10 00:00:00+11:00
0.05999999865889549,0.05999999865889549,0.05999999865889549,0.05999999865889549,5580,2021-11-11 00:00:00+11:00
0.05999999865889549,0.05999999865889549,0.05999999865889549,0.05999999865889549,16,2021-11-12 00:00:00+11:00
0.05999999865889549,0.05999999865889549,0.05999999865889549,0.05999999865889549,244575,2021-11-15 00:00:00+11:00
0.05999999865889549,0.05999999865889549,0.05999999865889549,0.05999999865889549,156280,2021-11-16 00:00:00+11:00
0.05999999865889549,0.05999999865889549,0.05999999865889549,0.05999999865889549,66592,2021-11-17 00:00:00+11:00
0.05999999865889549,0.05999999865889549,0.05999999865889549,0.05999999865889549,41666,2021-11-18 00:00:00+11:00
0.05999999865889549,0.05999999865889549,0.05999999865889549,0.05999999865889549,3,2021-11-19 00:00:00+11:00
0.05999999865889549,0.05999999865889549,0.05999999865889549,0.05999999865889549,8999,2021-11-22 00:00:00+11:00
0.05999999865889549,0.05999999865889549,0.05999999865889549,0.05999999865889549,0,2021-11-23 00:00:00+11:00
0.05999999865889549,0.05999999865889549,0.05999999865889549,0.05999999865889549,11326,2021-11-24 00:00:00+11:00
0.05999999865889549,0.05999999865889549,0.05999999865889549,0.05999999865889549,6987,2021-11-25 00:00:00+11:00
0.05999999865889549,0.05999999865889549,0.05999999865889549,0.05999999865889549,0,2021-11-26 00:00:00+11:00
0.05999999865889549,0.05999999865889549,0.05999999865889549,0.05999999865889549,0,2021-11-29 00:00:00+11:00
0.05999999865889549,0.05999999865889549,0.05999999865889549,0.05999999865889549,0,2021-11-30 00:00:00+11:00
0.05999999865889549,0.05999999865889549,0.05999999865889549,0.05999999865889549,82,2021-12-01 00:00:00+11:00
0.05999999865889549,0.05999999865889549,0.05999999865889549,0.05999999865889549,22185,2021-12-02 00:00:00+11:00
0.05999999865889549,0.05999999865889549,0.05999999865889549,0.05999999865889549,11591,2021-12-03 00:00:00+11:00
0.05999999865889549,0.05999999865889549,0.05999999865889549,0.05999999865889549,0,2021-12-06 00:00:00+11:00
0.05999999865889549,0.05999999865889549,0.05999999865889549,0.05999999865889549,0,2021-12-07 00:00:00+11:00
0.05999999865889549,0.05999999865889549,0.05999999865889549,0.05999999865889549,141167,2021-12-08 00:00:00+11:00
0.09000000357627869,0.09000000357627869,0.05999999865889549,0.07500000298023224,326517,2021-12-09 00:00:00+11:00
0.05999999865889549,0.05999999865889549,0.05999999865889549,0.05999999865889549,13333,2021-12-10 00:00:00+11:00
0.05999999865889549,0.05999999865889549,0.05999999865889549,0.05999999865889549,5512,2021-12-13 00:00:00+11:00
0.05999999865889549,0.05999999865889549,0.05999999865889549,0.05999999865889549,0,2021-12-14 00:00:00+11:00
0.05999999865889549,0.05999999865889549,0.05999999865889549,0.05999999865889549,0,2021-12-15 00:00:00+11:00
0.05999999865889549,0.07500000298023224,0.05999999865889549,0.07500000298023224,83186,2021-12-16 00:00:00+11:00
0.07500000298023224,0.07500000298023224,0.07500000298023224,0.07500000298023224,0,2021-12-17 00:00:00+11:00
0.07500000298023224,0.07500000298023224,0.07500000298023224,0.07500000298023224,0,2021-12-20 00:00:00+11:00
0.05999999865889549,0.05999999865889549,0.05999999865889549,0.05999999865889549,41666,2021-12-21 00:00:00+11:00
0.05999999865889549,0.05999999865889549,0.05999999865889549,0.05999999865889549,76666,2021-12-22 00:00:00+11:00
0.05999999865889549,0.05999999865889549,0.05999999865889549,0.05999999865889549,0,2021-12-23 00:00:00+11:00
0.05999999865889549,0.05999999865889549,0.05999999865889549,0.05999999865889549,0,2021-12-24 00:00:00+11:00
0.05999999865889549,0.07500000298023224,0.05999999865889549,0.05999999865889549,788336,2021-12-29 00:00:00+11:00
0.07500000298023224,0.07500000298023224,0.07500000298023224,0.07500000298023224,72999,2021-12-30 00:00:00+11:00
0.05999999865889549,0.05999999865889549,0.05999999865889549,0.05999999865889549,57,2021-12-31 00:00:00+11:00
0.05999999865889549,0.09000000357627869,0.05999999865889549,0.09000000357627869,58970,2022-01-04 00:00:00+11:00
0.09000000357627869,0.10499999672174454,0.09000000357627869,0.09000000357627869,1869762,2022-01-05 00:00:00+11:00
0.11999999731779099,0.13500000536441803,0.10499999672174454,0.13500000536441803,803556,2022-01-06 00:00:00+11:00
0.11999999731779099,0.15000000596046448,0.11999999731779099,0.11999999731779099,628387,2022-01-07 00:00:00+11:00
0.11999999731779099,0.11999999731779099,0.11999999731779099,0.11999999731779099,721680,2022-01-10 00:00:00+11:00
0.11999999731779099,0.11999999731779099,0.09000000357627869,0.09000000357627869,165966,2022-01-11 00:00:00+11:00
0.09000000357627869,0.11999999731779099,0.09000000357627869,0.10499999672174454,45705,2022-01-12 00:00:00+11:00
0.10499999672174454,0.10499999672174454,0.10499999672174454,0.10499999672174454,81666,2022-01-13 00:00:00+11:00
0.10499999672174454,0.10499999672174454,0.10499999672174454,0.10499999672174454,18851,2022-01-14 00:00:00+11:00
0.10499999672174454,0.11999999731779099,0.10499999672174454,0.11999999731779099,682930,2022-01-17 00:00:00+11:00
0.15000000596046448,0.15000000596046448,0.09000000357627869,0.09000000357627869,127454,2022-01-18 00:00:00+11:00
0.11999999731779099,0.11999999731779099,0.11999999731779099,0.11999999731779099,26219,2022-01-19 00:00:00+11:00
0.11999999731779099,0.11999999731779099,0.11999999731779099,0.11999999731779099,37845,2022-01-20 00:00:00+11:00
0.11999999731779099,0.11999999731779099,0.11999999731779099,0.11999999731779099,73241,2022-01-21 00:00:00+11:00
0.11999999731779099,0.11999999731779099,0.11999999731779099,0.11999999731779099,67801,2022-01-24 00:00:00+11:00
0.09000000357627869,0.11999999731779099,0.09000000357627869,0.11999999731779099,22958,2022-01-25 00:00:00+11:00
0.11999999731779099,0.11999999731779099,0.09000000357627869,0.09000000357627869,672663,2022-01-27 00:00:00+11:00
0.10499999672174454,0.10499999672174454,0.10499999672174454,0.10499999672174454,87666,2022-01-28 00:00:00+11:00
0.10499999672174454,0.10499999672174454,0.10499999672174454,0.10499999672174454,0,2022-01-31 00:00:00+11:00
0.10499999672174454,0.10499999672174454,0.10499999672174454,0.10499999672174454,0,2022-02-01 00:00:00+11:00
0.09000000357627869,0.09000000357627869,0.09000000357627869,0.09000000357627869,1176,2022-02-02 00:00:00+11:00
0.09000000357627869,0.09000000357627869,0.09000000357627869,0.09000000357627869,0,2022-02-03 00:00:00+11:00
0.09000000357627869,0.10499999672174454,0.09000000357627869,0.10499999672174454,3465,2022-02-04 00:00:00+11:00
0.09000000357627869,0.09000000357627869,0.09000000357627869,0.09000000357627869,0,2022-02-07 00:00:00+11:00
0.09000000357627869,0.09000000357627869,0.09000000357627869,0.09000000357627869,4166,2022-02-08 00:00:00+11:00
0.09000000357627869,0.09000000357627869,0.09000000357627869,0.09000000357627869,0,2022-02-09 00:00:00+11:00
0.09000000357627869,0.09000000357627869,0.05999999865889549,0.09000000357627869,1164994,2022-02-10 00:00:00+11:00
0.09000000357627869,0.09000000357627869,0.09000000357627869,0.09000000357627869,330933,2022-02-11 00:00:00+11:00
0.09000000357627869,0.09000000357627869,0.09000000357627869,0.09000000357627869,5332,2022-02-14 00:00:00+11:00
0.09000000357627869,0.09000000357627869,0.09000000357627869,0.09000000357627869,37819,2022-02-15 00:00:00+11:00
0.09000000357627869,0.09000000357627869,0.09000000357627869,0.09000000357627869,33333,2022-02-16 00:00:00+11:00
0.09000000357627869,0.09000000357627869,0.09000000357627869,0.09000000357627869,280975,2022-02-17 00:00:00+11:00
0.09000000357627869,0.09000000357627869,0.09000000357627869,0.09000000357627869,50364,2022-02-18 00:00:00+11:00
0.09000000357627869,0.09000000357627869,0.09000000357627869,0.09000000357627869,0,2022-02-21 00:00:00+11:00
0.09000000357627869,0.09000000357627869,0.09000000357627869,0.09000000357627869,27821,2022-02-22 00:00:00+11:00
0.09000000357627869,0.09000000357627869,0.07500000298023224,0.07500000298023224,16716,2022-02-23 00:00:00+11:00
0.07500000298023224,0.07500000298023224,0.05999999865889549,0.05999999865889549,156666,2022-02-24 00:00:00+11:00
0.07500000298023224,0.07500000298023224,0.07500000298023224,0.07500000298023224,7999,2022-02-25 00:00:00+11:00
0.07500000298023224,0.07500000298023224,0.07500000298023224,0.07500000298023224,0,2022-02-28 00:00:00+11:00
0.05999999865889549,0.05999999865889549,0.05999999865889549,0.05999999865889549,1666,2022-03-01 00:00:00+11:00
0.05999999865889549,0.05999999865889549,0.05999999865889549,0.05999999865889549,0,2022-03-02 00:00:00+11:00
0.05999999865889549,0.05999999865889549,0.05999999865889549,0.05999999865889549,166,2022-03-03 00:00:00+11:00
0.05999999865889549,0.05999999865889549,0.05999999865889549,0.05999999865889549,0,2022-03-04 00:00:00+11:00
0.05999999865889549,0.05999999865889549,0.05999999865889549,0.05999999865889549,0,2022-03-07 00:00:00+11:00
0.05999999865889549,0.05999999865889549,0.05999999865889549,0.05999999865889549,0,2022-03-08 00:00:00+11:00
0.05999999865889549,0.05999999865889549,0.05999999865889549,0.05999999865889549,165,2022-03-09 00:00:00+11:00
0.05999999865889549,0.05999999865889549,0.05999999865889549,0.05999999865889549,0,2022-03-10 00:00:00+11:00
0.05999999865889549,0.05999999865889549,0.05999999865889549,0.05999999865889549,94444,2022-03-11 00:00:00+11:00
0.05999999865889549,0.05999999865889549,0.05999999865889549,0.05999999865889549,0,2022-03-14 00:00:00+11:00
0.05999999865889549,0.05999999865889549,0.05999999865889549,0.05999999865889549,0,2022-03-15 00:00:00+11:00
0.05999999865889549,0.05999999865889549,0.05999999865889549,0.05999999865889549,0,2022-03-16 00:00:00+11:00
0.05999999865889549,0.05999999865889549,0.05999999865889549,0.05999999865889549,0,2022-03-17 00:00:00+11:00
0.05999999865889549,0.05999999865889549,0.05999999865889549,0.05999999865889549,110,2022-03-18 00:00:00+11:00
0.05999999865889549,0.05999999865889549,0.05999999865889549,0.05999999865889549,0,2022-03-21 00:00:00+11:00
0.05999999865889549,0.05999999865889549,0.05999999865889549,0.05999999865889549,0,2022-03-22 00:00:00+11:00
0.05999999865889549,0.05999999865889549,0.05999999865889549,0.05999999865889549,26739,2022-03-23 00:00:00+11:00
0.05999999865889549,0.05999999865889549,0.05999999865889549,0.05999999865889549,7103,2022-03-24 00:00:00+11:00
0.05999999865889549,0.05999999865889549,0.05999999865889549,0.05999999865889549,49999,2022-03-25 00:00:00+11:00
0.05999999865889549,0.05999999865889549,0.05999999865889549,0.05999999865889549,0,2022-03-28 00:00:00+11:00
0.05999999865889549,0.05999999865889549,0.05999999865889549,0.05999999865889549,0,2022-03-29 00:00:00+11:00
0.05999999865889549,0.05999999865889549,0.05999999865889549,0.05999999865889549,41666,2022-03-30 00:00:00+11:00
0.05999999865889549,0.05999999865889549,0.05999999865889549,0.05999999865889549,0,2022-03-31 00:00:00+11:00
0.05999999865889549,0.05999999865889549,0.05999999865889549,0.05999999865889549,41008,2022-04-01 00:00:00+11:00
0.05999999865889549,0.05999999865889549,0.05999999865889549,0.05999999865889549,55598,2022-04-04 00:00:00+10:00
0.05999999865889549,0.05999999865889549,0.05999999865889549,0.05999999865889549,0,2022-04-05 00:00:00+10:00
0.05999999865889549,0.05999999865889549,0.05999999865889549,0.05999999865889549,0,2022-04-06 00:00:00+10:00
0.05999999865889549,0.05999999865889549,0.05999999865889549,0.05999999865889549,31999,2022-04-07 00:00:00+10:00
0.05999999865889549,0.05999999865889549,0.05999999865889549,0.05999999865889549,0,2022-04-08 00:00:00+10:00
0.05999999865889549,0.05999999865889549,0.05999999865889549,0.05999999865889549,0,2022-04-11 00:00:00+10:00
0.05999999865889549,0.05999999865889549,0.05999999865889549,0.05999999865889549,0,2022-04-12 00:00:00+10:00
0.05999999865889549,0.05999999865889549,0.05999999865889549,0.05999999865889549,212333,2022-04-13 00:00:00+10:00
0.05999999865889549,0.05999999865889549,0.05999999865889549,0.05999999865889549,853,2022-04-14 00:00:00+10:00
0.05999999865889549,0.05999999865889549,0.05999999865889549,0.05999999865889549,17555,2022-04-19 00:00:00+10:00
0.05999999865889549,0.07500000298023224,0.05999999865889549,0.07500000298023224,136166,2022-04-20 00:00:00+10:00
0.07500000298023224,0.07500000298023224,0.07500000298023224,0.07500000298023224,11999,2022-04-21 00:00:00+10:00
0.05999999865889549,0.05999999865889549,0.05999999865889549,0.05999999865889549,16666,2022-04-22 00:00:00+10:00
0.05999999865889549,0.05999999865889549,0.05999999865889549,0.05999999865889549,33333,2022-04-26 00:00:00+10:00
0.09000000357627869,0.09000000357627869,0.09000000357627869,0.09000000357627869,186495,2022-04-27 00:00:00+10:00
0.09000000357627869,0.09000000357627869,0.07500000298023224,0.07500000298023224,8344,2022-04-28 00:00:00+10:00
0.05999999865889549,0.05999999865889549,0.05999999865889549,0.05999999865889549,88,2022-04-29 00:00:00+10:00
0.09000000357627869,0.09000000357627869,0.05999999865889549,0.05999999865889549,33533,2022-05-02 00:00:00+10:00
0.05999999865889549,0.05999999865889549,0.05999999865889549,0.05999999865889549,3333,2022-05-03 00:00:00+10:00
0.07500000298023224,0.07500000298023224,0.07500000298023224,0.07500000298023224,3333,2022-05-04 00:00:00+10:00
0.09000000357627869,0.09000000357627869,0.07500000298023224,0.09000000357627869,299999,2022-05-05 00:00:00+10:00
0.09000000357627869,0.09000000357627869,0.09000000357627869,0.09000000357627869,535,2022-05-06 00:00:00+10:00
0.09000000357627869,0.09000000357627869,0.09000000357627869,0.09000000357627869,12409,2022-05-09 00:00:00+10:00
0.09000000357627869,0.09000000357627869,0.09000000357627869,0.09000000357627869,176,2022-05-10 00:00:00+10:00
0.09000000357627869,0.09000000357627869,0.09000000357627869,0.09000000357627869,11,2022-05-11 00:00:00+10:00
0.05999999865889549,0.05999999865889549,0.05999999865889549,0.05999999865889549,738271,2022-05-12 00:00:00+10:00
0.05999999865889549,0.05999999865889549,0.05999999865889549,0.05999999865889549,390588,2022-05-13 00:00:00+10:00
0.05999999865889549,0.05999999865889549,0.05999999865889549,0.05999999865889549,628,2022-05-16 00:00:00+10:00
0.05999999865889549,0.05999999865889549,0.05999999865889549,0.05999999865889549,0,2022-05-17 00:00:00+10:00
0.05999999865889549,0.05999999865889549,0.05999999865889549,0.05999999865889549,0,2022-05-18 00:00:00+10:00
0.05999999865889549,0.05999999865889549,0.05999999865889549,0.05999999865889549,56666,2022-05-19 00:00:00+10:00
0.05999999865889549,0.05999999865889549,0.05999999865889549,0.05999999865889549,0,2022-05-20 00:00:00+10:00
0.05999999865889549,0.05999999865889549,0.05999999865889549,0.05999999865889549,53333,2022-05-23 00:00:00+10:00
0.05999999865889549,0.05999999865889549,0.05999999865889549,0.05999999865889549,286666,2022-05-24 00:00:00+10:00
0.05999999865889549,0.05999999865889549,0.05999999865889549,0.05999999865889549,4167,2022-05-25 00:00:00+10:00
0.05999999865889549,0.05999999865889549,0.05999999865889549,0.05999999865889549,66729,2022-05-26 00:00:00+10:00
0.05999999865889549,0.05999999865889549,0.05999999865889549,0.05999999865889549,0,2022-05-27 00:00:00+10:00
0.05999999865889549,0.05999999865889549,0.05999999865889549,0.05999999865889549,0,2022-05-30 00:00:00+10:00
0.05999999865889549,0.05999999865889549,0.05999999865889549,0.05999999865889549,0,2022-05-31 00:00:00+10:00
0.05999999865889549,0.05999999865889549,0.05999999865889549,0.05999999865889549,0,2022-06-01 00:00:00+10:00
0.05999999865889549,0.05999999865889549,0.05999999865889549,0.05999999865889549,867294,2022-06-02 00:00:00+10:00
0.05999999865889549,0.05999999865889549,0.05999999865889549,0.05999999865889549,388909,2022-06-03 00:00:00+10:00
0.05999999865889549,0.05999999865889549,0.05999999865889549,0.05999999865889549,34077,2022-06-06 00:00:00+10:00
0.05999999865889549,0.05999999865889549,0.05999999865889549,0.05999999865889549,16666,2022-06-07 00:00:00+10:00
0.05999999865889549,0.05999999865889549,0.05999999865889549,0.05999999865889549,82,2022-06-08 00:00:00+10:00
0.05999999865889549,0.05999999865889549,0.05999999865889549,0.05999999865889549,0,2022-06-09 00:00:00+10:00
0.029999999329447746,0.029999999329447746,0.029999999329447746,0.029999999329447746,13190,2022-06-10 00:00:00+10:00
0.05999999865889549,0.05999999865889549,0.05999999865889549,0.05999999865889549,13835,2022-06-14 00:00:00+10:00
0.05999999865889549,0.05999999865889549,0.05999999865889549,0.05999999865889549,8659,2022-06-15 00:00:00+10:00
0.05999999865889549,0.05999999865889549,0.05999999865889549,0.05999999865889549,0,2022-06-16 00:00:00+10:00
0.05999999865889549,0.05999999865889549,0.05999999865889549,0.05999999865889549,165,2022-06-17 00:00:00+10:00
0.05999999865889549,0.05999999865889549,0.05999999865889549,0.05999999865889549,74,2022-06-20 00:00:00+10:00
0.05999999865889549,0.05999999865889549,0.04500000178813934,0.04500000178813934,4173,2022-06-21 00:00:00+10:00
0.04500000178813934,0.04500000178813934,0.04500000178813934,0.04500000178813934,0,2022-06-22 00:00:00+10:00
0.04500000178813934,0.04500000178813934,0.04500000178813934,0.04500000178813934,0,2022-06-23 00:00:00+10:00
0.04500000178813934,0.04500000178813934,0.04500000178813934,0.04500000178813934,0,2022-06-24 00:00:00+10:00
0.04500000178813934,0.04500000178813934,0.04500000178813934,0.04500000178813934,0,2022-06-27 00:00:00+10:00
0.04500000178813934,0.04500000178813934,0.04500000178813934,0.04500000178813934,205333,2022-06-28 00:00:00+10:00
0.04500000178813934,0.04500000178813934,0.04500000178813934,0.04500000178813934,0,2022-06-29 00:00:00+10:00
0.05999999865889549,0.05999999865889549,0.05999999865889549,0.05999999865889549,7116,2022-06-30 00:00:00+10:00
0.05999999865889549,0.05999999865889549,0.05999999865889549,0.05999999865889549,0,2022-07-01 00:00:00+10:00
0.05999999865889549,0.05999999865889549,0.05999999865889549,0.05999999865889549,0,2022-07-04 00:00:00+10:00
0.05999999865889549,0.05999999865889549,0.05999999865889549,0.05999999865889549,0,2022-07-05 00:00:00+10:00
0.05999999865889549,0.05999999865889549,0.05999999865889549,0.05999999865889549,0,2022-07-06 00:00:00+10:00
0.05999999865889549,0.05999999865889549,0.05999999865889549,0.05999999865889549,16699,2022-07-07 00:00:00+10:00
0.05999999865889549,0.05999999865889549,0.05999999865889549,0.05999999865889549,1,2022-07-08 00:00:00+10:00
0.05999999865889549,0.05999999865889549,0.05999999865889549,0.05999999865889549,49,2022-07-11 00:00:00+10:00
0.05999999865889549,0.05999999865889549,0.05999999865889549,0.05999999865889549,16334,2022-07-12 00:00:00+10:00
0.05999999865889549,0.05999999865889549,0.05999999865889549,0.05999999865889549,0,2022-07-13 00:00:00+10:00
0.05999999865889549,0.05999999865889549,0.05999999865889549,0.05999999865889549,0,2022-07-14 00:00:00+10:00
0.029999999329447746,0.04500000178813934,0.029999999329447746,0.04500000178813934,7356,2022-07-15 00:00:00+10:00
0.04500000178813934,0.04500000178813934,0.04500000178813934,0.04500000178813934,0,2022-07-18 00:00:00+10:00
0.04500000178813934,0.04500000178813934,0.04500000178813934,0.04500000178813934,3042,2022-07-19 00:00:00+10:00
0.04500000178813934,0.04500000178813934,0.04500000178813934,0.04500000178813934,0,2022-07-20 00:00:00+10:00
0.029999999329447746,0.029999999329447746,0.029999999329447746,0.029999999329447746,552,2022-07-21 00:00:00+10:00
0.04500000178813934,0.04500000178813934,0.04500000178813934,0.04500000178813934,33333,2022-07-22 00:00:00+10:00
0.04500000178813934,0.04500000178813934,0.04500000178813934,0.04500000178813934,0,2022-07-25 00:00:00+10:00
0.04500000178813934,0.04500000178813934,0.04500000178813934,0.04500000178813934,0,2022-07-26 00:00:00+10:00
0.04500000178813934,0.04500000178813934,0.04500000178813934,0.04500000178813934,82,2022-07-27 00:00:00+10:00
0.04500000178813934,0.04500000178813934,0.04500000178813934,0.04500000178813934,0,2022-07-28 00:00:00+10:00
0.029999999329447746,0.04500000178813934,0.029999999329447746,0.04500000178813934,11118,2022-07-29 00:00:00+10:00
0.029999999329447746,0.029999999329447746,0.029999999329447746,0.029999999329447746,28299,2022-08-01 00:00:00+10:00
0.04500000178813934,0.04500000178813934,0.04500000178813934,0.04500000178813934,66,2022-08-02 00:00:00+10:00
0.04500000178813934,0.04500000178813934,0.04500000178813934,0.04500000178813934,0,2022-08-03 00:00:00+10:00
0.029999999329447746,0.05999999865889549,0.029999999329447746,0.05999999865889549,132504,2022-08-04 00:00:00+10:00
0.05999999865889549,0.05999999865889549,0.05999999865889549,0.05999999865889549,2832,2022-08-05 00:00:00+10:00
0.05999999865889549,0.05999999865889549,0.05999999865889549,0.05999999865889549,148,2022-08-08 00:00:00+10:00
0.05999999865889549,0.05999999865889549,0.05999999865889549,0.05999999865889549,0,2022-08-09 00:00:00+10:00
0.05999999865889549,0.05999999865889549,0.04500000178813934,0.04500000178813934,52792,2022-08-10 00:00:00+10:00
0.05999999865889549,0.05999999865889549,0.04500000178813934,0.04500000178813934,11333,2022-08-11 00:00:00+10:00
0.04500000178813934,0.04500000178813934,0.04500000178813934,0.04500000178813934,0,2022-08-12 00:00:00+10:00
0.05999999865889549,0.05999999865889549,0.05999999865889549,0.05999999865889549,8499,2022-08-15 00:00:00+10:00
0.05999999865889549,0.05999999865889549,0.05999999865889549,0.05999999865889549,66001,2022-08-16 00:00:00+10:00
0.05999999865889549,0.05999999865889549,0.05999999865889549,0.05999999865889549,2129,2022-08-17 00:00:00+10:00
0.05999999865889549,0.05999999865889549,0.05999999865889549,0.05999999865889549,0,2022-08-18 00:00:00+10:00
0.05999999865889549,0.05999999865889549,0.04500000178813934,0.04500000178813934,33130,2022-08-19 00:00:00+10:00
0.04500000178813934,0.04500000178813934,0.04500000178813934,0.04500000178813934,0,2022-08-22 00:00:00+10:00
0.04500000178813934,0.04500000178813934,0.04500000178813934,0.04500000178813934,0,2022-08-23 00:00:00+10:00
0.029999999329447746,0.029999999329447746,0.029999999329447746,0.029999999329447746,16723,2022-08-24 00:00:00+10:00
0.04500000178813934,0.04500000178813934,0.04500000178813934,0.04500000178813934,2976,2022-08-25 00:00:00+10:00
0.04500000178813934,0.04500000178813934,0.04500000178813934,0.04500000178813934,0,2022-08-26 00:00:00+10:00
0.04500000178813934,0.04500000178813934,0.04500000178813934,0.04500000178813934,15333,2022-08-29 00:00:00+10:00
0.04500000178813934,0.04500000178813934,0.04500000178813934,0.04500000178813934,0,2022-08-30 00:00:00+10:00
0.04500000178813934,0.04500000178813934,0.04500000178813934,0.04500000178813934,0,2022-08-31 00:00:00+10:00
0.04500000178813934,0.04500000178813934,0.04500000178813934,0.04500000178813934,0,2022-09-01 00:00:00+10:00
0.029999999329447746,0.029999999329447746,0.029999999329447746,0.029999999329447746,125,2022-09-02 00:00:00+10:00
0.04500000178813934,0.04500000178813934,0.04500000178813934,0.04500000178813934,17999,2022-09-05 00:00:00+10:00
0.04500000178813934,0.04500000178813934,0.04500000178813934,0.04500000178813934,0,2022-09-06 00:00:00+10:00
0.04500000178813934,0.04500000178813934,0.04500000178813934,0.04500000178813934,0,2022-09-07 00:00:00+10:00
0.04500000178813934,0.04500000178813934,0.04500000178813934,0.04500000178813934,0,2022-09-08 00:00:00+10:00
0.04500000178813934,0.04500000178813934,0.04500000178813934,0.04500000178813934,0,2022-09-09 00:00:00+10:00
0.04500000178813934,0.04500000178813934,0.04500000178813934,0.04500000178813934,0,2022-09-12 00:00:00+10:00
0.04500000178813934,0.04500000178813934,0.04500000178813934,0.04500000178813934,4333,2022-09-13 00:00:00+10:00
0.04500000178813934,0.04500000178813934,0.04500000178813934,0.04500000178813934,0,2022-09-14 00:00:00+10:00
0.04500000178813934,0.04500000178813934,0.04500000178813934,0.04500000178813934,0,2022-09-15 00:00:00+10:00
0.04500000178813934,0.04500000178813934,0.04500000178813934,0.04500000178813934,0,2022-09-16 00:00:00+10:00
0.04500000178813934,0.04500000178813934,0.04500000178813934,0.04500000178813934,9991,2022-09-19 00:00:00+10:00
0.04500000178813934,0.04500000178813934,0.04500000178813934,0.04500000178813934,0,2022-09-20 00:00:00+10:00
0.04500000178813934,0.04500000178813934,0.04500000178813934,0.04500000178813934,0,2022-09-21 00:00:00+10:00
0.04500000178813934,0.04500000178813934,0.04500000178813934,0.04500000178813934,0,2022-09-23 00:00:00+10:00
0.04500000178813934,0.04500000178813934,0.04500000178813934,0.04500000178813934,0,2022-09-26 00:00:00+10:00
0.04500000178813934,0.04500000178813934,0.04500000178813934,0.04500000178813934,0,2022-09-27 00:00:00+10:00
0.029999999329447746,0.029999999329447746,0.029999999329447746,0.029999999329447746,394,2022-09-28 00:00:00+10:00
0.029999999329447746,0.029999999329447746,0.029999999329447746,0.029999999329447746,0,2022-09-29 00:00:00+10:00
0.029999999329447746,0.04500000178813934,0.029999999329447746,0.04500000178813934,279166,2022-09-30 00:00:00+10:00
0.04500000178813934,0.04500000178813934,0.04500000178813934,0.04500000178813934,72222,2022-10-03 00:00:00+11:00
0.04500000178813934,0.04500000178813934,0.04500000178813934,0.04500000178813934,0,2022-10-04 00:00:00+11:00
0.04500000178813934,0.04500000178813934,0.04500000178813934,0.04500000178813934,0,2022-10-05 00:00:00+11:00
0.04500000178813934,0.04500000178813934,0.04500000178813934,0.04500000178813934,0,2022-10-06 00:00:00+11:00
0.04500000178813934,0.04500000178813934,0.04500000178813934,0.04500000178813934,0,2022-10-07 00:00:00+11:00
0.04500000178813934,0.04500000178813934,0.04500000178813934,0.04500000178813934,0,2022-10-10 00:00:00+11:00
0.04500000178813934,0.04500000178813934,0.04500000178813934,0.04500000178813934,23333,2022-10-11 00:00:00+11:00
0.04500000178813934,0.04500000178813934,0.04500000178813934,0.04500000178813934,0,2022-10-12 00:00:00+11:00
0.05999999865889549,0.05999999865889549,0.05999999865889549,0.05999999865889549,109999,2022-10-13 00:00:00+11:00
0.05999999865889549,0.05999999865889549,0.05999999865889549,0.05999999865889549,5178,2022-10-14 00:00:00+11:00
0.05999999865889549,0.05999999865889549,0.05999999865889549,0.05999999865889549,0,2022-10-17 00:00:00+11:00
0.05999999865889549,0.05999999865889549,0.05999999865889549,0.05999999865889549,0,2022-10-18 00:00:00+11:00
0.05999999865889549,0.05999999865889549,0.05999999865889549,0.05999999865889549,0,2022-10-19 00:00:00+11:00
0.05999999865889549,0.05999999865889549,0.05999999865889549,0.05999999865889549,0,2022-10-20 00:00:00+11:00
0.05999999865889549,0.05999999865889549,0.05999999865889549,0.05999999865889549,0,2022-10-21 00:00:00+11:00
0.05999999865889549,0.05999999865889549,0.05999999865889549,0.05999999865889549,12,2022-10-24 00:00:00+11:00
0.05999999865889549,0.05999999865889549,0.05999999865889549,0.05999999865889549,16,2022-10-25 00:00:00+11:00
0.05999999865889549,0.05999999865889549,0.05999999865889549,0.05999999865889549,16666,2022-10-26 00:00:00+11:00
0.05999999865889549,0.05999999865889549,0.05999999865889549,0.05999999865889549,0,2022-10-27 00:00:00+11:00
0.05999999865889549,0.05999999865889549,0.05999999865889549,0.05999999865889549,0,2022-10-28 00:00:00+11:00
0.05999999865889549,0.05999999865889549,0.05999999865889549,0.05999999865889549,0,2022-10-31 00:00:00+11:00
0.029999999329447746,0.029999999329447746,0.029999999329447746,0.029999999329447746,289,2022-11-01 00:00:00+11:00
0.029999999329447746,0.029999999329447746,0.029999999329447746,0.029999999329447746,0,2022-11-02 00:00:00+11:00
0.029999999329447746,0.029999999329447746,0.029999999329447746,0.029999999329447746,0,2022-11-03 00:00:00+11:00
0.029999999329447746,0.029999999329447746,0.029999999329447746,0.029999999329447746,0,2022-11-04 00:00:00+11:00
0.029999999329447746,0.029999999329447746,0.029999999329447746,0.029999999329447746,0,2022-11-07 00:00:00+11:00
0.029999999329447746,0.029999999329447746,0.029999999329447746,0.029999999329447746,0,2022-11-08 00:00:00+11:00
0.029999999329447746,0.029999999329447746,0.029999999329447746,0.029999999329447746,110,2022-11-09 00:00:00+11:00
0.029999999329447746,0.029999999329447746,0.029999999329447746,0.029999999329447746,0,2022-11-10 00:00:00+11:00
0.029999999329447746,0.029999999329447746,0.029999999329447746,0.029999999329447746,0,2022-11-11 00:00:00+11:00
0.029999999329447746,0.029999999329447746,0.029999999329447746,0.029999999329447746,0,2022-11-14 00:00:00+11:00
0.029999999329447746,0.029999999329447746,0.029999999329447746,0.029999999329447746,0,2022-11-15 00:00:00+11:00
0.05999999865889549,0.05999999865889549,0.05999999865889549,0.05999999865889549,11119,2022-11-16 00:00:00+11:00
0.05999999865889549,0.05999999865889549,0.05999999865889549,0.05999999865889549,199,2022-11-17 00:00:00+11:00
0.05999999865889549,0.05999999865889549,0.05999999865889549,0.05999999865889549,0,2022-11-18 00:00:00+11:00
0.05999999865889549,0.05999999865889549,0.05999999865889549,0.05999999865889549,0,2022-11-21 00:00:00+11:00
0.05999999865889549,0.05999999865889549,0.05999999865889549,0.05999999865889549,0,2022-11-22 00:00:00+11:00
0.05999999865889549,0.05999999865889549,0.05999999865889549,0.05999999865889549,0,2022-11-23 00:00:00+11:00
0.05999999865889549,0.05999999865889549,0.05999999865889549,0.05999999865889549,0,2022-11-24 00:00:00+11:00
0.05999999865889549,0.05999999865889549,0.05999999865889549,0.05999999865889549,0,2022-11-25 00:00:00+11:00
0.029999999329447746,0.029999999329447746,0.029999999329447746,0.029999999329447746,165,2022-11-28 00:00:00+11:00
0.029999999329447746,0.029999999329447746,0.029999999329447746,0.029999999329447746,0,2022-11-29 00:00:00+11:00
0.029999999329447746,0.029999999329447746,0.029999999329447746,0.029999999329447746,0,2022-11-30 00:00:00+11:00
0.029999999329447746,0.029999999329447746,0.029999999329447746,0.029999999329447746,0,2022-12-01 00:00:00+11:00
0.029999999329447746,0.029999999329447746,0.029999999329447746,0.029999999329447746,0,2022-12-02 00:00:00+11:00
0.029999999329447746,0.029999999329447746,0.029999999329447746,0.029999999329447746,0,2022-12-05 00:00:00+11:00
0.029999999329447746,0.029999999329447746,0.029999999329447746,0.029999999329447746,165,2022-12-06 00:00:00+11:00
0.029999999329447746,0.029999999329447746,0.029999999329447746,0.029999999329447746,0,2022-12-07 00:00:00+11:00
0.029999999329447746,0.029999999329447746,0.029999999329447746,0.029999999329447746,0,2022-12-08 00:00:00+11:00
0.029999999329447746,0.029999999329447746,0.029999999329447746,0.029999999329447746,16,2022-12-09 00:00:00+11:00
0.029999999329447746,0.029999999329447746,0.029999999329447746,0.029999999329447746,0,2022-12-12 00:00:00+11:00
0.029999999329447746,0.029999999329447746,0.029999999329447746,0.029999999329447746,0,2022-12-13 00:00:00+11:00
0.029999999329447746,0.029999999329447746,0.029999999329447746,0.029999999329447746,0,2022-12-14 00:00:00+11:00
0.029999999329447746,0.029999999329447746,0.029999999329447746,0.029999999329447746,6666,2022-12-15 00:00:00+11:00
0.029999999329447746,0.029999999329447746,0.029999999329447746,0.029999999329447746,0,2022-12-16 00:00:00+11:00
0.029999999329447746,0.029999999329447746,0.029999999329447746,0.029999999329447746,0,2022-12-19 00:00:00+11:00
0.029999999329447746,0.029999999329447746,0.029999999329447746,0.029999999329447746,0,2022-12-20 00:00:00+11:00
0.029999999329447746,0.029999999329447746,0.029999999329447746,0.029999999329447746,0,2022-12-21 00:00:00+11:00
0.029999999329447746,0.029999999329447746,0.029999999329447746,0.029999999329447746,0,2022-12-22 00:00:00+11:00
0.029999999329447746,0.029999999329447746,0.029999999329447746,0.029999999329447746,0,2022-12-23 00:00:00+11:00
0.029999999329447746,0.029999999329447746,0.029999999329447746,0.029999999329447746,0,2022-12-28 00:00:00+11:00
0.029999999329447746,0.029999999329447746,0.029999999329447746,0.029999999329447746,331,2022-12-29 00:00:00+11:00
0.029999999329447746,0.029999999329447746,0.029999999329447746,0.029999999329447746,0,2022-12-30 00:00:00+11:00
0.029999999329447746,0.029999999329447746,0.029999999329447746,0.029999999329447746,165,2023-01-03 00:00:00+11:00
0.05999999865889549,0.05999999865889549,0.04500000178813934,0.04500000178813934,44173,2023-01-04 00:00:00+11:00
0.04500000178813934,0.04500000178813934,0.04500000178813934,0.04500000178813934,0,2023-01-05 00:00:00+11:00
0.04500000178813934,0.04500000178813934,0.04500000178813934,0.04500000178813934,0,2023-01-06 00:00:00+11:00
0.029999999329447746,0.029999999329447746,0.029999999329447746,0.029999999329447746,841,2023-01-09 00:00:00+11:00
0.029999999329447746,0.029999999329447746,0.029999999329447746,0.029999999329447746,0,2023-01-10 00:00:00+11:00
0.04500000178813934,0.04500000178813934,0.04500000178813934,0.04500000178813934,1652,2023-01-11 00:00:00+11:00
0.029999999329447746,0.029999999329447746,0.029999999329447746,0.029999999329447746,6566,2023-01-12 00:00:00+11:00
0.04500000178813934,0.04500000178813934,0.04500000178813934,0.04500000178813934,9000,2023-01-13 00:00:00+11:00
0.029999999329447746,0.029999999329447746,0.029999999329447746,0.029999999329447746,535,2023-01-16 00:00:00+11:00
0.029999999329447746,0.029999999329447746,0.029999999329447746,0.029999999329447746,0,2023-01-17 00:00:00+11:00
0.029999999329447746,0.029999999329447746,0.029999999329447746,0.029999999329447746,0,2023-01-18 00:00:00+11:00
0.029999999329447746,0.029999999329447746,0.029999999329447746,0.029999999329447746,0,2023-01-19 00:00:00+11:00
0.029999999329447746,0.029999999329447746,0.029999999329447746,0.029999999329447746,0,2023-01-20 00:00:00+11:00
0.029999999329447746,0.029999999329447746,0.029999999329447746,0.029999999329447746,0,2023-01-23 00:00:00+11:00
0.029999999329447746,0.029999999329447746,0.029999999329447746,0.029999999329447746,0,2023-01-24 00:00:00+11:00
0.029999999329447746,0.029999999329447746,0.029999999329447746,0.029999999329447746,0,2023-01-25 00:00:00+11:00
0.029999999329447746,0.029999999329447746,0.029999999329447746,0.029999999329447746,337108,2023-01-27 00:00:00+11:00
0.029999999329447746,0.029999999329447746,0.029999999329447746,0.029999999329447746,0,2023-01-30 00:00:00+11:00
0.029999999329447746,0.029999999329447746,0.029999999329447746,0.029999999329447746,45,2023-01-31 00:00:00+11:00
0.029999999329447746,0.029999999329447746,0.029999999329447746,0.029999999329447746,33333,2023-02-01 00:00:00+11:00
0.029999999329447746,0.029999999329447746,0.029999999329447746,0.029999999329447746,0,2023-02-02 00:00:00+11:00
0.04500000178813934,0.04500000178813934,0.029999999329447746,0.029999999329447746,199999,2023-02-03 00:00:00+11:00
0.029999999329447746,0.029999999329447746,0.029999999329447746,0.029999999329447746,34466,2023-02-06 00:00:00+11:00
0.04500000178813934,0.04500000178813934,0.04500000178813934,0.04500000178813934,9000,2023-02-07 00:00:00+11:00
0.04500000178813934,0.04500000178813934,0.04500000178813934,0.04500000178813934,0,2023-02-08 00:00:00+11:00
0.04500000178813934,0.04500000178813934,0.04500000178813934,0.04500000178813934,0,2023-02-09 00:00:00+11:00
0.029999999329447746,0.05999999865889549,0.029999999329447746,0.04500000178813934,11522,2023-02-10 00:00:00+11:00
0.04500000178813934,0.04500000178813934,0.04500000178813934,0.04500000178813934,0,2023-02-13 00:00:00+11:00
0.029999999329447746,0.029999999329447746,0.029999999329447746,0.029999999329447746,2211,2023-02-14 00:00:00+11:00
0.029999999329447746,0.029999999329447746,0.029999999329447746,0.029999999329447746,0,2023-02-15 00:00:00+11:00
0.029999999329447746,0.029999999329447746,0.029999999329447746,0.029999999329447746,0,2023-02-16 00:00:00+11:00
0.029999999329447746,0.029999999329447746,0.029999999329447746,0.029999999329447746,0,2023-02-17 00:00:00+11:00
0.029999999329447746,0.029999999329447746,0.029999999329447746,0.029999999329447746,0,2023-02-20 00:00:00+11:00
0.029999999329447746,0.029999999329447746,0.029999999329447746,0.029999999329447746,3333,2023-02-21 00:00:00+11:00
0.029999999329447746,0.029999999329447746,0.029999999329447746,0.029999999329447746,433,2023-02-22 00:00:00+11:00
0.029999999329447746,0.029999999329447746,0.029999999329447746,0.029999999329447746,0,2023-02-23 00:00:00+11:00
0.029999999329447746,0.029999999329447746,0.029999999329447746,0.029999999329447746,85787,2023-02-24 00:00:00+11:00
0.029999999329447746,0.029999999329447746,0.029999999329447746,0.029999999329447746,0,2023-02-27 00:00:00+11:00
0.029999999329447746,0.029999999329447746,0.029999999329447746,0.029999999329447746,122222,2023-02-28 00:00:00+11:00
0.029999999329447746,0.029999999329447746,0.029999999329447746,0.029999999329447746,66666,2023-03-01 00:00:00+11:00
0.029999999329447746,0.029999999329447746,0.029999999329447746,0.029999999329447746,82,2023-03-02 00:00:00+11:00
0.029999999329447746,0.029999999329447746,0.029999999329447746,0.029999999329447746,0,2023-03-03 00:00:00+11:00
0.029999999329447746,0.029999999329447746,0.029999999329447746,0.029999999329447746,0,2023-03-06 00:00:00+11:00
0.029999999329447746,0.029999999329447746,0.029999999329447746,0.029999999329447746,1258928,2023-03-07 00:00:00+11:00
0.029999999329447746,0.029999999329447746,0.029999999329447746,0.029999999329447746,33,2023-03-08 00:00:00+11:00
0.029999999329447746,0.029999999329447746,0.029999999329447746,0.029999999329447746,0,2023-03-09 00:00:00+11:00
0.029999999329447746,0.029999999329447746,0.029999999329447746,0.029999999329447746,3996,2023-03-10 00:00:00+11:00
0.029999999329447746,0.029999999329447746,0.029999999329447746,0.029999999329447746,18268,2023-03-13 00:00:00+11:00
0.029999999329447746,0.029999999329447746,0.029999999329447746,0.029999999329447746,0,2023-03-14 00:00:00+11:00
0.029999999329447746,0.029999999329447746,0.029999999329447746,0.029999999329447746,0,2023-03-15 00:00:00+11:00
0.029999999329447746,0.029999999329447746,0.029999999329447746,0.029999999329447746,1599,2023-03-16 00:00:00+11:00
0.029999999329447746,0.029999999329447746,0.029999999329447746,0.029999999329447746,327,2023-03-17 00:00:00+11:00
0.029999999329447746,0.029999999329447746,0.029999999329447746,0.029999999329447746,1519,2023-03-20 00:00:00+11:00
0.029999999329447746,0.029999999329447746,0.029999999329447746,0.029999999329447746,0,2023-03-21 00:00:00+11:00
0.029999999329447746,0.029999999329447746,0.029999999329447746,0.029999999329447746,0,2023-03-22 00:00:00+11:00
0.029999999329447746,0.029999999329447746,0.029999999329447746,0.029999999329447746,10,2023-03-23 00:00:00+11:00
0.029999999329447746,0.029999999329447746,0.029999999329447746,0.029999999329447746,0,2023-03-24 00:00:00+11:00
0.029999999329447746,0.029999999329447746,0.029999999329447746,0.029999999329447746,2,2023-03-27 00:00:00+11:00
0.029999999329447746,0.029999999329447746,0.029999999329447746,0.029999999329447746,0,2023-03-28 00:00:00+11:00
0.029999999329447746,0.029999999329447746,0.029999999329447746,0.029999999329447746,0,2023-03-29 00:00:00+11:00
0.029999999329447746,0.029999999329447746,0.029999999329447746,0.029999999329447746,0,2023-03-30 00:00:00+11:00
0.029999999329447746,0.029999999329447746,0.029999999329447746,0.029999999329447746,16604,2023-03-31 00:00:00+11:00
0.029999999329447746,0.029999999329447746,0.029999999329447746,0.029999999329447746,65,2023-04-03 00:00:00+10:00
0.029999999329447746,0.029999999329447746,0.029999999329447746,0.029999999329447746,0,2023-04-04 00:00:00+10:00
0.029999999329447746,0.029999999329447746,0.029999999329447746,0.029999999329447746,22157,2023-04-05 00:00:00+10:00
0.029999999329447746,0.029999999329447746,0.029999999329447746,0.029999999329447746,1014,2023-04-06 00:00:00+10:00
0.029999999329447746,0.029999999329447746,0.029999999329447746,0.029999999329447746,1,2023-04-11 00:00:00+10:00
0.029999999329447746,0.029999999329447746,0.029999999329447746,0.029999999329447746,166,2023-04-12 00:00:00+10:00
0.029999999329447746,0.029999999329447746,0.029999999329447746,0.029999999329447746,111,2023-04-13 00:00:00+10:00
0.029999999329447746,0.029999999329447746,0.029999999329447746,0.029999999329447746,0,2023-04-14 00:00:00+10:00
0.029999999329447746,0.029999999329447746,0.029999999329447746,0.029999999329447746,15,2023-04-17 00:00:00+10:00
0.029999999329447746,0.029999999329447746,0.029999999329447746,0.029999999329447746,1209,2023-04-18 00:00:00+10:00
0.029999999329447746,0.029999999329447746,0.029999999329447746,0.029999999329447746,0,2023-04-19 00:00:00+10:00
0.029999999329447746,0.029999999329447746,0.029999999329447746,0.029999999329447746,32,2023-04-20 00:00:00+10:00
0.029999999329447746,0.029999999329447746,0.029999999329447746,0.029999999329447746,0,2023-04-21 00:00:00+10:00
0.029999999329447746,0.029999999329447746,0.029999999329447746,0.029999999329447746,0,2023-04-24 00:00:00+10:00
0.029999999329447746,0.029999999329447746,0.029999999329447746,0.029999999329447746,0,2023-04-26 00:00:00+10:00
0.029999999329447746,0.029999999329447746,0.029999999329447746,0.029999999329447746,0,2023-04-27 00:00:00+10:00
0.029999999329447746,0.029999999329447746,0.029999999329447746,0.029999999329447746,0,2023-04-28 00:00:00+10:00
0.029999999329447746,0.029999999329447746,0.029999999329447746,0.029999999329447746,7,2023-05-01 00:00:00+10:00
0.029999999329447746,0.029999999329447746,0.029999999329447746,0.029999999329447746,0,2023-05-02 00:00:00+10:00
0.029999999329447746,0.029999999329447746,0.029999999329447746,0.029999999329447746,0,2023-05-03 00:00:00+10:00
0.029999999329447746,0.029999999329447746,0.029999999329447746,0.029999999329447746,0,2023-05-04 00:00:00+10:00
0.029999999329447746,0.029999999329447746,0.029999999329447746,0.029999999329447746,0,2023-05-05 00:00:00+10:00
0.029999999329447746,0.029999999329447746,0.029999999329447746,0.029999999329447746,0,2023-05-08 00:00:00+10:00
0.029999999329447746,0.029999999329447746,0.029999999329447746,0.029999999329447746,333,2023-05-09 00:00:00+10:00
0.029999999329447746,0.029999999329447746,0.029999999329447746,0.029999999329447746,0,2023-05-10 00:00:00+10:00
0.029999999329447746,0.029999999329447746,0.029999999329447746,0.029999999329447746,0,2023-05-11 00:00:00+10:00
0.029999999329447746,0.029999999329447746,0.029999999329447746,0.029999999329447746,0,2023-05-12 00:00:00+10:00
0.029999999329447746,0.029999999329447746,0.029999999329447746,0.029999999329447746,0,2023-05-15 00:00:00+10:00
0.029999999329447746,0.029999999329447746,0.029999999329447746,0.029999999329447746,163,2023-05-16 00:00:00+10:00
0.029999999329447746,0.029999999329447746,0.029999999329447746,0.029999999329447746,0,2023-05-17 00:00:00+10:00
0.029999999329447746,0.029999999329447746,0.029999999329447746,0.029999999329447746,0,2023-05-18 00:00:00+10:00
0.029999999329447746,0.029999999329447746,0.029999999329447746,0.029999999329447746,0,2023-05-19 00:00:00+10:00
0.029999999329447746,0.029999999329447746,0.029999999329447746,0.029999999329447746,1308,2023-05-22 00:00:00+10:00
0.029999999329447746,0.029999999329447746,0.029999999329447746,0.029999999329447746,0,2023-05-23 00:00:00+10:00
0.029999999329447746,0.029999999329447746,0.029999999329447746,0.029999999329447746,0,2023-05-24 00:00:00+10:00
0.029999999329447746,0.029999999329447746,0.029999999329447746,0.029999999329447746,0,2023-05-25 00:00:00+10:00
0.029999999329447746,0.029999999329447746,0.029999999329447746,0.029999999329447746,0,2023-05-26 00:00:00+10:00
0.029999999329447746,0.029999999329447746,0.029999999329447746,0.029999999329447746,0,2023-05-29 00:00:00+10:00
0.029999999329447746,0.029999999329447746,0.029999999329447746,0.029999999329447746,0,2023-05-30 00:00:00+10:00
0.029999999329447746,0.029999999329447746,0.029999999329447746,0.029999999329447746,0,2023-05-31 00:00:00+10:00
0.029999999329447746,0.029999999329447746,0.029999999329447746,0.029999999329447746,0,2023-06-01 00:00:00+10:00
0.029999999329447746,0.029999999329447746,0.029999999329447746,0.029999999329447746,0,2023-06-02 00:00:00+10:00
0.029999999329447746,0.029999999329447746,0.029999999329447746,0.029999999329447746,0,2023-06-05 00:00:00+10:00
0.029999999329447746,0.029999999329447746,0.029999999329447746,0.029999999329447746,0,2023-06-06 00:00:00+10:00
0.029999999329447746,0.029999999329447746,0.029999999329447746,0.029999999329447746,0,2023-06-07 00:00:00+10:00
0.029999999329447746,0.029999999329447746,0.029999999329447746,0.029999999329447746,0,2023-06-08 00:00:00+10:00
0.029999999329447746,0.029999999329447746,0.029999999329447746,0.029999999329447746,0,2023-06-09 00:00:00+10:00
0.029999999329447746,0.029999999329447746,0.029999999329447746,0.029999999329447746,196,2023-06-13 00:00:00+10:00
0.029999999329447746,0.029999999329447746,0.029999999329447746,0.029999999329447746,0,2023-06-14 00:00:00+10:00
0.029999999329447746,0.029999999329447746,0.029999999329447746,0.029999999329447746,32,2023-06-15 00:00:00+10:00
0.029999999329447746,0.029999999329447746,0.029999999329447746,0.029999999329447746,0,2023-06-16 00:00:00+10:00
0.029999999329447746,0.029999999329447746,0.029999999329447746,0.029999999329447746,0,2023-06-19 00:00:00+10:00
0.029999999329447746,0.029999999329447746,0.029999999329447746,0.029999999329447746,0,2023-06-20 00:00:00+10:00
0.029999999329447746,0.029999999329447746,0.029999999329447746,0.029999999329447746,0,2023-06-21 00:00:00+10:00
0.029999999329447746,0.029999999329447746,0.029999999329447746,0.029999999329447746,14,2023-06-22 00:00:00+10:00
0.029999999329447746,0.029999999329447746,0.029999999329447746,0.029999999329447746,5,2023-06-23 00:00:00+10:00
0.029999999329447746,0.029999999329447746,0.029999999329447746,0.029999999329447746,14,2023-06-26 00:00:00+10:00
0.029999999329447746,0.029999999329447746,0.029999999329447746,0.029999999329447746,0,2023-06-27 00:00:00+10:00
0.029999999329447746,0.029999999329447746,0.029999999329447746,0.029999999329447746,0,2023-06-28 00:00:00+10:00
0.029999999329447746,0.029999999329447746,0.029999999329447746,0.029999999329447746,0,2023-06-29 00:00:00+10:00
0.029999999329447746,0.029999999329447746,0.029999999329447746,0.029999999329447746,0,2023-06-30 00:00:00+10:00
0.029999999329447746,0.029999999329447746,0.029999999329447746,0.029999999329447746,0,2023-07-03 00:00:00+10:00
0.029999999329447746,0.029999999329447746,0.029999999329447746,0.029999999329447746,0,2023-07-04 00:00:00+10:00
0.029999999329447746,0.029999999329447746,0.029999999329447746,0.029999999329447746,0,2023-07-05 00:00:00+10:00
0.029999999329447746,0.029999999329447746,0.029999999329447746,0.029999999329447746,0,2023-07-06 00:00:00+10:00
0.029999999329447746,0.029999999329447746,0.029999999329447746,0.029999999329447746,0,2023-07-07 00:00:00+10:00
0.029999999329447746,0.029999999329447746,0.029999999329447746,0.029999999329447746,0,2023-07-10 00:00:00+10:00
0.029999999329447746,0.029999999329447746,0.029999999329447746,0.029999999329447746,0,2023-07-11 00:00:00+10:00
0.029999999329447746,0.029999999329447746,0.029999999329447746,0.029999999329447746,0,2023-07-12 00:00:00+10:00
0.029999999329447746,0.029999999329447746,0.029999999329447746,0.029999999329447746,0,2023-07-13 00:00:00+10:00
0.029999999329447746,0.029999999329447746,0.029999999329447746,0.029999999329447746,4,2023-07-14 00:00:00+10:00
0.029999999329447746,0.029999999329447746,0.029999999329447746,0.029999999329447746,0,2023-07-17 00:00:00+10:00
0.029999999329447746,0.029999999329447746,0.029999999329447746,0.029999999329447746,0,2023-07-18 00:00:00+10:00
0.029999999329447746,0.029999999329447746,0.029999999329447746,0.029999999329447746,0,2023-07-19 00:00:00+10:00
0.029999999329447746,0.029999999329447746,0.029999999329447746,0.029999999329447746,229,2023-07-20 00:00:00+10:00
0.029999999329447746,0.029999999329447746,0.029999999329447746,0.029999999329447746,0,2023-07-21 00:00:00+10:00
0.029999999329447746,0.029999999329447746,0.029999999329447746,0.029999999329447746,4316,2023-07-24 00:00:00+10:00
0.029999999329447746,0.029999999329447746,0.029999999329447746,0.029999999329447746,0,2023-07-25 00:00:00+10:00
0.029999999329447746,0.029999999329447746,0.029999999329447746,0.029999999329447746,15,2023-07-26 00:00:00+10:00
0.029999999329447746,0.029999999329447746,0.029999999329447746,0.029999999329447746,163,2023-07-27 00:00:00+10:00
0.029999999329447746,0.029999999329447746,0.029999999329447746,0.029999999329447746,168,2023-07-28 00:00:00+10:00
0.029999999329447746,0.029999999329447746,0.029999999329447746,0.029999999329447746,130,2023-07-31 00:00:00+10:00
0.029999999329447746,0.029999999329447746,0.029999999329447746,0.029999999329447746,3394,2023-08-01 00:00:00+10:00
0.029999999329447746,0.029999999329447746,0.029999999329447746,0.029999999329447746,505,2023-08-02 00:00:00+10:00
0.029999999329447746,0.029999999329447746,0.029999999329447746,0.029999999329447746,163,2023-08-03 00:00:00+10:00
0.029999999329447746,0.029999999329447746,0.029999999329447746,0.029999999329447746,32,2023-08-04 00:00:00+10:00
0.029999999329447746,0.029999999329447746,0.029999999329447746,0.029999999329447746,1,2023-08-07 00:00:00+10:00
0.029999999329447746,0.029999999329447746,0.029999999329447746,0.029999999329447746,3092,2023-08-08 00:00:00+10:00
0.029999999329447746,0.029999999329447746,0.029999999329447746,0.029999999329447746,804,2023-08-09 00:00:00+10:00
0.029999999329447746,0.029999999329447746,0.029999999329447746,0.029999999329447746,144,2023-08-10 00:00:00+10:00
0.029999999329447746,0.029999999329447746,0.029999999329447746,0.029999999329447746,16666,2023-08-11 00:00:00+10:00
0.029999999329447746,0.029999999329447746,0.029999999329447746,0.029999999329447746,50,2023-08-14 00:00:00+10:00
0.029999999329447746,0.029999999329447746,0.029999999329447746,0.029999999329447746,0,2023-08-15 00:00:00+10:00
0.029999999329447746,0.029999999329447746,0.029999999329447746,0.029999999329447746,14,2023-08-16 00:00:00+10:00
0.029999999329447746,0.029999999329447746,0.029999999329447746,0.029999999329447746,0,2023-08-17 00:00:00+10:00
0.029999999329447746,0.029999999329447746,0.029999999329447746,0.029999999329447746,0,2023-08-18 00:00:00+10:00
0.029999999329447746,0.029999999329447746,0.029999999329447746,0.029999999329447746,0,2023-08-21 00:00:00+10:00
0.029999999329447746,0.029999999329447746,0.029999999329447746,0.029999999329447746,3333,2023-08-22 00:00:00+10:00
0.029999999329447746,0.029999999329447746,0.029999999329447746,0.029999999329447746,29,2023-08-23 00:00:00+10:00
0.029999999329447746,0.029999999329447746,0.029999999329447746,0.029999999329447746,66,2023-08-24 00:00:00+10:00
0.029999999329447746,0.029999999329447746,0.029999999329447746,0.029999999329447746,0,2023-08-25 00:00:00+10:00
0.029999999329447746,0.029999999329447746,0.029999999329447746,0.029999999329447746,333,2023-08-28 00:00:00+10:00
0.029999999329447746,0.029999999329447746,0.029999999329447746,0.029999999329447746,0,2023-08-29 00:00:00+10:00
0.029999999329447746,0.029999999329447746,0.029999999329447746,0.029999999329447746,29,2023-08-30 00:00:00+10:00
0.029999999329447746,0.029999999329447746,0.029999999329447746,0.029999999329447746,0,2023-08-31 00:00:00+10:00
0.029999999329447746,0.029999999329447746,0.029999999329447746,0.029999999329447746,0,2023-09-01 00:00:00+10:00
0.029999999329447746,0.029999999329447746,0.029999999329447746,0.029999999329447746,81,2023-09-04 00:00:00+10:00
0.029999999329447746,0.029999999329447746,0.029999999329447746,0.029999999329447746,0,2023-09-05 00:00:00+10:00
0.029999999329447746,0.029999999329447746,0.029999999329447746,0.029999999329447746,29,2023-09-06 00:00:00+10:00
0.029999999329447746,0.029999999329447746,0.029999999329447746,0.029999999329447746,0,2023-09-07 00:00:00+10:00
0.029999999329447746,0.029999999329447746,0.029999999329447746,0.029999999329447746,0,2023-09-08 00:00:00+10:00
0.029999999329447746,0.029999999329447746,0.029999999329447746,0.029999999329447746,3,2023-09-11 00:00:00+10:00
0.029999999329447746,0.029999999329447746,0.029999999329447746,0.029999999329447746,1433,2023-09-12 00:00:00+10:00
0.029999999329447746,0.029999999329447746,0.029999999329447746,0.029999999329447746,63,2023-09-13 00:00:00+10:00
0.029999999329447746,0.029999999329447746,0.029999999329447746,0.029999999329447746,0,2023-09-14 00:00:00+10:00
0.029999999329447746,0.029999999329447746,0.029999999329447746,0.029999999329447746,0,2023-09-15 00:00:00+10:00
0.029999999329447746,0.029999999329447746,0.029999999329447746,0.029999999329447746,999,2023-09-18 00:00:00+10:00
0.029999999329447746,0.029999999329447746,0.029999999329447746,0.029999999329447746,0,2023-09-19 00:00:00+10:00
0.029999999329447746,0.029999999329447746,0.029999999329447746,0.029999999329447746,29,2023-09-20 00:00:00+10:00
0.029999999329447746,0.029999999329447746,0.029999999329447746,0.029999999329447746,0,2023-09-21 00:00:00+10:00
0.029999999329447746,0.029999999329447746,0.029999999329447746,0.029999999329447746,5,2023-09-22 00:00:00+10:00
0.029999999329447746,0.029999999329447746,0.029999999329447746,0.029999999329447746,0,2023-09-25 00:00:00+10:00
0.029999999329447746,0.029999999329447746,0.029999999329447746,0.029999999329447746,0,2023-09-26 00:00:00+10:00
0.029999999329447746,0.029999999329447746,0.029999999329447746,0.029999999329447746,30,2023-09-27 00:00:00+10:00
0.029999999329447746,0.029999999329447746,0.029999999329447746,0.029999999329447746,0,2023-09-28 00:00:00+10:00
0.029999999329447746,0.029999999329447746,0.029999999329447746,0.029999999329447746,0,2023-09-29 00:00:00+10:00
0.029999999329447746,0.029999999329447746,0.029999999329447746,0.029999999329447746,65,2023-10-02 00:00:00+11:00
0.029999999329447746,0.029999999329447746,0.029999999329447746,0.029999999329447746,0,2023-10-03 00:00:00+11:00
0.029999999329447746,0.029999999329447746,0.029999999329447746,0.029999999329447746,0,2023-10-04 00:00:00+11:00
0.029999999329447746,0.029999999329447746,0.029999999329447746,0.029999999329447746,0,2023-10-05 00:00:00+11:00
0.029999999329447746,0.029999999329447746,0.029999999329447746,0.029999999329447746,0,2023-10-06 00:00:00+11:00
0.029999999329447746,0.029999999329447746,0.029999999329447746,0.029999999329447746,0,2023-10-09 00:00:00+11:00
0.029999999329447746,0.029999999329447746,0.029999999329447746,0.029999999329447746,327,2023-10-10 00:00:00+11:00
0.029999999329447746,0.029999999329447746,0.029999999329447746,0.029999999329447746,0,2023-10-11 00:00:00+11:00
0.029999999329447746,0.029999999329447746,0.029999999329447746,0.029999999329447746,163,2023-10-12 00:00:00+11:00
0.029999999329447746,0.029999999329447746,0.029999999329447746,0.029999999329447746,0,2023-10-13 00:00:00+11:00
0.029999999329447746,0.029999999329447746,0.029999999329447746,0.029999999329447746,0,2023-10-16 00:00:00+11:00
0.029999999329447746,0.029999999329447746,0.029999999329447746,0.029999999329447746,0,2023-10-17 00:00:00+11:00
0.029999999329447746,0.029999999329447746,0.029999999329447746,0.029999999329447746,0,2023-10-18 00:00:00+11:00
0.029999999329447746,0.029999999329447746,0.029999999329447746,0.029999999329447746,0,2023-10-19 00:00:00+11:00
0.029999999329447746,0.029999999329447746,0.029999999329447746,0.029999999329447746,0,2023-10-20 00:00:00+11:00
0.029999999329447746,0.029999999329447746,0.029999999329447746,0.029999999329447746,0,2023-10-23 00:00:00+11:00
0.029999999329447746,0.029999999329447746,0.029999999329447746,0.029999999329447746,0,2023-10-24 00:00:00+11:00
0.029999999329447746,0.029999999329447746,0.029999999329447746,0.029999999329447746,15,2023-10-25 00:00:00+11:00
0.029999999329447746,0.029999999329447746,0.029999999329447746,0.029999999329447746,0,2023-10-26 00:00:00+11:00
0.029999999329447746,0.029999999329447746,0.029999999329447746,0.029999999329447746,0,2023-10-27 00:00:00+11:00
0.029999999329447746,0.029999999329447746,0.029999999329447746,0.029999999329447746,0,2023-10-30 00:00:00+11:00
0.029999999329447746,0.029999999329447746,0.029999999329447746,0.029999999329447746,0,2023-10-31 00:00:00+11:00
0.029999999329447746,0.029999999329447746,0.029999999329447746,0.029999999329447746,15,2023-11-01 00:00:00+11:00
0.029999999329447746,0.029999999329447746,0.029999999329447746,0.029999999329447746,0,2023-11-02 00:00:00+11:00
0.029999999329447746,0.029999999329447746,0.029999999329447746,0.029999999329447746,0,2023-11-03 00:00:00+11:00
0.029999999329447746,0.029999999329447746,0.029999999329447746,0.029999999329447746,16,2023-11-06 00:00:00+11:00
0.029999999329447746,0.029999999329447746,0.029999999329447746,0.029999999329447746,0,2023-11-07 00:00:00+11:00
0.029999999329447746,0.029999999329447746,0.029999999329447746,0.029999999329447746,0,2023-11-08 00:00:00+11:00
0.029999999329447746,0.029999999329447746,0.029999999329447746,0.029999999329447746,333,2023-11-09 00:00:00+11:00
0.029999999329447746,0.029999999329447746,0.029999999329447746,0.029999999329447746,0,2023-11-10 00:00:00+11:00
0.029999999329447746,0.029999999329447746,0.029999999329447746,0.029999999329447746,0,2023-11-13 00:00:00+11:00
0.029999999329447746,0.029999999329447746,0.029999999329447746,0.029999999329447746,0,2023-11-14 00:00:00+11:00
0.029999999329447746,0.029999999329447746,0.029999999329447746,0.029999999329447746,0,2023-11-15 00:00:00+11:00
0.029999999329447746,0.029999999329447746,0.029999999329447746,0.029999999329447746,215,2023-11-16 00:00:00+11:00
0.029999999329447746,0.029999999329447746,0.029999999329447746,0.029999999329447746,500,2023-11-17 00:00:00+11:00
0.029999999329447746,0.029999999329447746,0.029999999329447746,0.029999999329447746,441,2023-11-20 00:00:00+11:00
0.029999999329447746,0.029999999329447746,0.029999999329447746,0.029999999329447746,0,2023-11-21 00:00:00+11:00
0.029999999329447746,0.029999999329447746,0.029999999329447746,0.029999999329447746,0,2023-11-22 00:00:00+11:00
0.029999999329447746,0.029999999329447746,0.029999999329447746,0.029999999329447746,0,2023-11-23 00:00:00+11:00
0.029999999329447746,0.029999999329447746,0.029999999329447746,0.029999999329447746,666,2023-11-24 00:00:00+11:00
0.029999999329447746,0.029999999329447746,0.029999999329447746,0.029999999329447746,56,2023-11-27 00:00:00+11:00
0.029999999329447746,0.029999999329447746,0.029999999329447746,0.029999999329447746,3904,2023-11-28 00:00:00+11:00
0.029999999329447746,0.029999999329447746,0.029999999329447746,0.029999999329447746,0,2023-11-29 00:00:00+11:00
0.029999999329447746,0.029999999329447746,0.029999999329447746,0.029999999329447746,0,2023-11-30 00:00:00+11:00
0.029999999329447746,0.029999999329447746,0.029999999329447746,0.029999999329447746,65,2023-12-01 00:00:00+11:00
0.029999999329447746,0.029999999329447746,0.029999999329447746,0.029999999329447746,0,2023-12-04 00:00:00+11:00
0.029999999329447746,0.029999999329447746,0.029999999329447746,0.029999999329447746,0,2023-12-05 00:00:00+11:00
0.029999999329447746,0.029999999329447746,0.029999999329447746,0.029999999329447746,0,2023-12-06 00:00:00+11:00
0.029999999329447746,0.029999999329447746,0.029999999329447746,0.029999999329447746,0,2023-12-07 00:00:00+11:00
0.029999999329447746,0.029999999329447746,0.029999999329447746,0.029999999329447746,0,2023-12-08 00:00:00+11:00
0.029999999329447746,0.029999999329447746,0.029999999329447746,0.029999999329447746,0,2023-12-11 00:00:00+11:00
0.029999999329447746,0.029999999329447746,0.029999999329447746,0.029999999329447746,0,2023-12-12 00:00:00+11:00
0.004999999888241291,0.004999999888241291,0.004999999888241291,0.004999999888241291,63,2023-12-13 00:00:00+11:00
0.004999999888241291,0.004999999888241291,0.004999999888241291,0.004999999888241291,4029,2023-12-14 00:00:00+11:00
0.004999999888241291,0.00800000037997961,0.004999999888241291,0.00800000037997961,2311078,2023-12-15 00:00:00+11:00
0.008999999612569809,0.010999999940395355,0.008999999612569809,0.010999999940395355,579984,2023-12-18 00:00:00+11:00
0.010999999940395355,0.010999999940395355,0.010999999940395355,0.010999999940395355,9770,2023-12-19 00:00:00+11:00
0.010999999940395355,0.010999999940395355,0.010999999940395355,0.010999999940395355,15496,2023-12-20 00:00:00+11:00
0.014000000432133675,0.014000000432133675,0.014000000432133675,0.014000000432133675,266985,2023-12-21 00:00:00+11:00
0.017000000923871994,0.017000000923871994,0.017000000923871994,0.017000000923871994,12500,2023-12-22 00:00:00+11:00
0.017000000923871994,0.023000000044703484,0.017000000923871994,0.023000000044703484,104041,2023-12-27 00:00:00+11:00
0.023000000044703484,0.02800000086426735,0.023000000044703484,0.02800000086426735,240187,2023-12-28 00:00:00+11:00
0.027000000700354576,0.027000000700354576,0.026000000536441803,0.026000000536441803,3786,2023-12-29 00:00:00+11:00
0.026000000536441803,0.026000000536441803,0.026000000536441803,0.026000000536441803,250112,2024-01-02 00:00:00+11:00
0.026000000536441803,0.026000000536441803,0.026000000536441803,0.026000000536441803,0,2024-01-03 00:00:00+11:00
0.026000000536441803,0.027000000700354576,0.026000000536441803,0.026000000536441803,504031,2024-01-04 00:00:00+11:00
0.026000000536441803,0.026000000536441803,0.026000000536441803,0.026000000536441803,92076,2024-01-05 00:00:00+11:00
0.026000000536441803,0.026000000536441803,0.026000000536441803,0.026000000536441803,754,2024-01-08 00:00:00+11:00
0.026000000536441803,0.026000000536441803,0.026000000536441803,0.026000000536441803,0,2024-01-09 00:00:00+11:00
0.026000000536441803,0.026000000536441803,0.026000000536441803,0.026000000536441803,0,2024-01-10 00:00:00+11:00
0.026000000536441803,0.026000000536441803,0.026000000536441803,0.026000000536441803,0,2024-01-11 00:00:00+11:00
0.02500000037252903,0.02500000037252903,0.02500000037252903,0.02500000037252903,200,2024-01-12 00:00:00+11:00
0.02500000037252903,0.02500000037252903,0.02500000037252903,0.02500000037252903,0,2024-01-15 00:00:00+11:00
0.02500000037252903,0.02500000037252903,0.02500000037252903,0.02500000037252903,0,2024-01-16 00:00:00+11:00
0.023000000044703484,0.023000000044703484,0.02199999988079071,0.02199999988079071,434,2024-01-17 00:00:00+11:00
0.020999999716877937,0.020999999716877937,0.01899999938905239,0.020999999716877937,98262,2024-01-18 00:00:00+11:00
0.019999999552965164,0.019999999552965164,0.017999999225139618,0.01899999938905239,192666,2024-01-19 00:00:00+11:00
0.01899999938905239,0.01899999938905239,0.01899999938905239,0.01899999938905239,0,2024-01-22 00:00:00+11:00
0.01899999938905239,0.01899999938905239,0.01899999938905239,0.01899999938905239,0,2024-01-23 00:00:00+11:00
0.020999999716877937,0.020999999716877937,0.020999999716877937,0.020999999716877937,194137,2024-01-24 00:00:00+11:00
0.020999999716877937,0.020999999716877937,0.01899999938905239,0.01899999938905239,55333,2024-01-25 00:00:00+11:00
0.01899999938905239,0.01899999938905239,0.01899999938905239,0.01899999938905239,150,2024-01-29 00:00:00+11:00
0.01899999938905239,0.01899999938905239,0.017000000923871994,0.017000000923871994,55683,2024-01-30 00:00:00+11:00
0.017000000923871994,0.017000000923871994,0.017000000923871994,0.017000000923871994,40489,2024-01-31 00:00:00+11:00
0.017000000923871994,0.017000000923871994,0.017000000923871994,0.017000000923871994,0,2024-02-01 00:00:00+11:00
0.017000000923871994,0.017000000923871994,0.017000000923871994,0.017000000923871994,882,2024-02-02 00:00:00+11:00
0.017000000923871994,0.017000000923871994,0.017000000923871994,0.017000000923871994,0,2024-02-05 00:00:00+11:00
0.017000000923871994,0.017000000923871994,0.017000000923871994,0.017000000923871994,0,2024-02-06 00:00:00+11:00
0.010999999940395355,0.010999999940395355,0.010999999940395355,0.010999999940395355,4325,2024-02-07 00:00:00+11:00
0.010999999940395355,0.010999999940395355,0.010999999940395355,0.010999999940395355,74006,2024-02-08 00:00:00+11:00
0.010999999940395355,0.010999999940395355,0.009999999776482582,0.009999999776482582,24770,2024-02-09 00:00:00+11:00
0.009999999776482582,0.009999999776482582,0.009999999776482582,0.009999999776482582,3000,2024-02-12 00:00:00+11:00
0.009999999776482582,0.009999999776482582,0.009999999776482582,0.009999999776482582,30,2024-02-13 00:00:00+11:00
0.009999999776482582,0.009999999776482582,0.009999999776482582,0.009999999776482582,0,2024-02-14 00:00:00+11:00
0.008999999612569809,0.008999999612569809,0.008999999612569809,0.008999999612569809,281681,2024-02-15 00:00:00+11:00
0.00800000037997961,0.00800000037997961,0.00800000037997961,0.00800000037997961,324633,2024-02-16 00:00:00+11:00
0.00800000037997961,0.00800000037997961,0.00800000037997961,0.00800000037997961,5831,2024-02-19 00:00:00+11:00
0.00800000037997961,0.008999999612569809,0.00800000037997961,0.008999999612569809,22400,2024-02-20 00:00:00+11:00
0.008999999612569809,0.008999999612569809,0.008999999612569809,0.008999999612569809,27,2024-02-21 00:00:00+11:00
0.008999999612569809,0.008999999612569809,0.008999999612569809,0.008999999612569809,101636,2024-02-22 00:00:00+11:00
0.008999999612569809,0.008999999612569809,0.008999999612569809,0.008999999612569809,0,2024-02-23 00:00:00+11:00
0.008999999612569809,0.008999999612569809,0.008999999612569809,0.008999999612569809,0,2024-02-26 00:00:00+11:00
0.007000000216066837,0.007000000216066837,0.007000000216066837,0.007000000216066837,5393,2024-02-27 00:00:00+11:00
0.007000000216066837,0.007000000216066837,0.007000000216066837,0.007000000216066837,10900,2024-02-28 00:00:00+11:00
0.007000000216066837,0.007000000216066837,0.007000000216066837,0.007000000216066837,67208,2024-02-29 00:00:00+11:00
0.007000000216066837,0.007000000216066837,0.007000000216066837,0.007000000216066837,6667,2024-03-01 00:00:00+11:00
0.007000000216066837,0.007000000216066837,0.007000000216066837,0.007000000216066837,17060,2024-03-04 00:00:00+11:00
0.007000000216066837,0.007000000216066837,0.007000000216066837,0.007000000216066837,7010,2024-03-05 00:00:00+11:00
0.006000000052154064,0.007000000216066837,0.006000000052154064,0.007000000216066837,103205,2024-03-06 00:00:00+11:00
0.007000000216066837,0.007000000216066837,0.007000000216066837,0.007000000216066837,128,2024-03-07 00:00:00+11:00
0.007000000216066837,0.007000000216066837,0.007000000216066837,0.007000000216066837,0,2024-03-08 00:00:00+11:00
0.007000000216066837,0.007000000216066837,0.007000000216066837,0.007000000216066837,10,2024-03-11 00:00:00+11:00
0.007000000216066837,0.00800000037997961,0.006000000052154064,0.006000000052154064,143333,2024-03-12 00:00:00+11:00
0.006000000052154064,0.006000000052154064,0.006000000052154064,0.006000000052154064,55,2024-03-13 00:00:00+11:00
0.006000000052154064,0.006000000052154064,0.006000000052154064,0.006000000052154064,0,2024-03-14 00:00:00+11:00
0.006000000052154064,0.007000000216066837,0.006000000052154064,0.007000000216066837,81546,2024-03-15 00:00:00+11:00
0.007000000216066837,0.007000000216066837,0.007000000216066837,0.007000000216066837,2591,2024-03-18 00:00:00+11:00
0.006000000052154064,0.006000000052154064,0.006000000052154064,0.006000000052154064,13872,2024-03-19 00:00:00+11:00
0.006000000052154064,0.006000000052154064,0.006000000052154064,0.006000000052154064,0,2024-03-20 00:00:00+11:00
0.006000000052154064,0.006000000052154064,0.006000000052154064,0.006000000052154064,0,2024-03-21 00:00:00+11:00
0.006000000052154064,0.006000000052154064,0.006000000052154064,0.006000000052154064,0,2024-03-22 00:00:00+11:00
0.006000000052154064,0.006000000052154064,0.006000000052154064,0.006000000052154064,0,2024-03-25 00:00:00+11:00
0.006000000052154064,0.006000000052154064,0.006000000052154064,0.006000000052154064,0,2024-03-26 00:00:00+11:00
0.006000000052154064,0.006000000052154064,0.006000000052154064,0.006000000052154064,0,2024-03-27 00:00:00+11:00
0.006000000052154064,0.006000000052154064,0.006000000052154064,0.006000000052154064,8333,2024-03-28 00:00:00+11:00
0.006000000052154064,0.007000000216066837,0.006000000052154064,0.007000000216066837,22349,2024-04-02 00:00:00+11:00
0.007000000216066837,0.007000000216066837,0.007000000216066837,0.007000000216066837,0,2024-04-03 00:00:00+11:00
0.007000000216066837,0.007000000216066837,0.007000000216066837,0.007000000216066837,1122,2024-04-04 00:00:00+11:00
0.007000000216066837,0.007000000216066837,0.007000000216066837,0.007000000216066837,0,2024-04-05 00:00:00+11:00
0.007000000216066837,0.007000000216066837,0.007000000216066837,0.007000000216066837,62500,2024-04-08 00:00:00+10:00
0.007000000216066837,0.007000000216066837,0.007000000216066837,0.007000000216066837,1358,2024-04-09 00:00:00+10:00
0.007000000216066837,0.007000000216066837,0.007000000216066837,0.007000000216066837,0,2024-04-10 00:00:00+10:00
0.007000000216066837,0.007000000216066837,0.007000000216066837,0.007000000216066837,0,2024-04-11 00:00:00+10:00
0.007000000216066837,0.007000000216066837,0.007000000216066837,0.007000000216066837,0,2024-04-12 00:00:00+10:00
0.007000000216066837,0.007000000216066837,0.007000000216066837,0.007000000216066837,0,2024-04-15 00:00:00+10:00
0.007000000216066837,0.007000000216066837,0.007000000216066837,0.007000000216066837,302849,2024-04-16 00:00:00+10:00
0.007000000216066837,0.007000000216066837,0.007000000216066837,0.007000000216066837,0,2024-04-17 00:00:00+10:00
0.007000000216066837,0.007000000216066837,0.007000000216066837,0.007000000216066837,0,2024-04-18 00:00:00+10:00
0.007000000216066837,0.007000000216066837,0.007000000216066837,0.007000000216066837,7010,2024-04-19 00:00:00+10:00
0.007000000216066837,0.007000000216066837,0.007000000216066837,0.007000000216066837,40000,2024-04-22 00:00:00+10:00
0.007000000216066837,0.007000000216066837,0.007000000216066837,0.007000000216066837,34240,2024-04-23 00:00:00+10:00
0.007000000216066837,0.007000000216066837,0.006000000052154064,0.006000000052154064,34296,2024-04-24 00:00:00+10:00
0.006000000052154064,0.006000000052154064,0.006000000052154064,0.006000000052154064,39,2024-04-26 00:00:00+10:00
0.006000000052154064,0.006000000052154064,0.006000000052154064,0.006000000052154064,1161,2024-04-29 00:00:00+10:00
0.007000000216066837,0.007000000216066837,0.007000000216066837,0.007000000216066837,100000,2024-04-30 00:00:00+10:00
0.007000000216066837,0.007000000216066837,0.007000000216066837,0.007000000216066837,0,2024-05-01 00:00:00+10:00
0.007000000216066837,0.007000000216066837,0.007000000216066837,0.007000000216066837,0,2024-05-02 00:00:00+10:00
0.007000000216066837,0.007000000216066837,0.007000000216066837,0.007000000216066837,701,2024-05-03 00:00:00+10:00
0.007000000216066837,0.007000000216066837,0.007000000216066837,0.007000000216066837,0,2024-05-06 00:00:00+10:00
0.007000000216066837,0.007000000216066837,0.007000000216066837,0.007000000216066837,0,2024-05-07 00:00:00+10:00
0.007000000216066837,0.007000000216066837,0.007000000216066837,0.007000000216066837,0,2024-05-08 00:00:00+10:00
0.007000000216066837,0.007000000216066837,0.007000000216066837,0.007000000216066837,0,2024-05-09 00:00:00+10:00
0.007000000216066837,0.007000000216066837,0.006000000052154064,0.006000000052154064,40285,2024-05-10 00:00:00+10:00
0.006000000052154064,0.006000000052154064,0.006000000052154064,0.006000000052154064,2060,2024-05-13 00:00:00+10:00
0.006000000052154064,0.006000000052154064,0.006000000052154064,0.006000000052154064,0,2024-05-14 00:00:00+10:00
0.006000000052154064,0.006000000052154064,0.006000000052154064,0.006000000052154064,0,2024-05-15 00:00:00+10:00
0.006000000052154064,0.006000000052154064,0.006000000052154064,0.006000000052154064,0,2024-05-16 00:00:00+10:00
0.006000000052154064,0.006000000052154064,0.006000000052154064,0.006000000052154064,0,2024-05-17 00:00:00+10:00
0.006000000052154064,0.006000000052154064,0.006000000052154064,0.006000000052154064,0,2024-05-20 00:00:00+10:00
0.006000000052154064,0.006000000052154064,0.006000000052154064,0.006000000052154064,41667,2024-05-21 00:00:00+10:00
0.006000000052154064,0.006000000052154064,0.006000000052154064,0.006000000052154064,834,2024-05-22 00:00:00+10:00
0.006000000052154064,0.006000000052154064,0.006000000052154064,0.006000000052154064,0,2024-05-23 00:00:00+10:00
0.006000000052154064,0.00800000037997961,0.006000000052154064,0.00800000037997961,487613,2024-05-24 00:00:00+10:00
0.00800000037997961,0.00800000037997961,0.00800000037997961,0.00800000037997961,236479,2024-05-27 00:00:00+10:00
0.00800000037997961,0.00800000037997961,0.00800000037997961,0.00800000037997961,2454,2024-05-28 00:00:00+10:00
0.00800000037997961,0.00800000037997961,0.007000000216066837,0.007000000216066837,47398,2024-05-29 00:00:00+10:00
0.007000000216066837,0.007000000216066837,0.007000000216066837,0.007000000216066837,0,2024-05-30 00:00:00+10:00
0.007000000216066837,0.007000000216066837,0.007000000216066837,0.007000000216066837,33333,2024-05-31 00:00:00+10:00
0.007000000216066837,0.007000000216066837,0.007000000216066837,0.007000000216066837,190231,2024-06-03 00:00:00+10:00
0.007000000216066837,0.007000000216066837,0.007000000216066837,0.007000000216066837,0,2024-06-04 00:00:00+10:00
0.007000000216066837,0.007000000216066837,0.007000000216066837,0.007000000216066837,0,2024-06-05 00:00:00+10:00
0.007000000216066837,0.007000000216066837,0.006000000052154064,0.006000000052154064,168179,2024-06-06 00:00:00+10:00
0.006000000052154064,0.006000000052154064,0.006000000052154064,0.006000000052154064,0,2024-06-07 00:00:00+10:00
0.006000000052154064,0.006000000052154064,0.006000000052154064,0.006000000052154064,184,2024-06-11 00:00:00+10:00
0.006000000052154064,0.006000000052154064,0.006000000052154064,0.006000000052154064,953,2024-06-12 00:00:00+10:00
0.006000000052154064,0.006000000052154064,0.006000000052154064,0.006000000052154064,0,2024-06-13 00:00:00+10:00
0.006000000052154064,0.006000000052154064,0.006000000052154064,0.006000000052154064,26333,2024-06-14 00:00:00+10:00
0.006000000052154064,0.006000000052154064,0.006000000052154064,0.006000000052154064,0,2024-06-17 00:00:00+10:00
0.006000000052154064,0.006000000052154064,0.006000000052154064,0.006000000052154064,0,2024-06-18 00:00:00+10:00
0.006000000052154064,0.006000000052154064,0.006000000052154064,0.006000000052154064,0,2024-06-19 00:00:00+10:00
0.006000000052154064,0.006000000052154064,0.006000000052154064,0.006000000052154064,12483,2024-06-20 00:00:00+10:00
0.006000000052154064,0.006000000052154064,0.006000000052154064,0.006000000052154064,12667,2024-06-21 00:00:00+10:00
0.006000000052154064,0.006000000052154064,0.006000000052154064,0.006000000052154064,96169,2024-06-24 00:00:00+10:00
0.006000000052154064,0.006000000052154064,0.006000000052154064,0.006000000052154064,0,2024-06-25 00:00:00+10:00
0.006000000052154064,0.006000000052154064,0.006000000052154064,0.006000000052154064,6361,2024-06-26 00:00:00+10:00
0.006000000052154064,0.006000000052154064,0.006000000052154064,0.006000000052154064,66667,2024-06-27 00:00:00+10:00
0.006000000052154064,0.006000000052154064,0.006000000052154064,0.006000000052154064,33766,2024-06-28 00:00:00+10:00
0.006000000052154064,0.006000000052154064,0.006000000052154064,0.006000000052154064,1399643,2024-07-01 00:00:00+10:00
0.006000000052154064,0.006000000052154064,0.006000000052154064,0.006000000052154064,0,2024-07-02 00:00:00+10:00
0.004999999888241291,0.004999999888241291,0.004999999888241291,0.004999999888241291,10333,2024-07-03 00:00:00+10:00
0.004999999888241291,0.004999999888241291,0.004999999888241291,0.004999999888241291,12250,2024-07-04 00:00:00+10:00
0.004999999888241291,0.004999999888241291,0.004999999888241291,0.004999999888241291,41779,2024-07-05 00:00:00+10:00
0.006000000052154064,0.00800000037997961,0.006000000052154064,0.007000000216066837,921779,2024-07-08 00:00:00+10:00
0.007000000216066837,0.007000000216066837,0.007000000216066837,0.007000000216066837,73239,2024-07-09 00:00:00+10:00
0.007000000216066837,0.007000000216066837,0.007000000216066837,0.007000000216066837,633,2024-07-10 00:00:00+10:00
0.007000000216066837,0.007000000216066837,0.007000000216066837,0.007000000216066837,53016,2024-07-11 00:00:00+10:00
0.007000000216066837,0.007000000216066837,0.007000000216066837,0.007000000216066837,0,2024-07-12 00:00:00+10:00
0.006000000052154064,0.006000000052154064,0.006000000052154064,0.006000000052154064,22167,2024-07-15 00:00:00+10:00
0.007000000216066837,0.00800000037997961,0.007000000216066837,0.00800000037997961,115000,2024-07-16 00:00:00+10:00
0.00800000037997961,0.00800000037997961,0.00800000037997961,0.00800000037997961,0,2024-07-17 00:00:00+10:00
0.00800000037997961,0.00800000037997961,0.00800000037997961,0.00800000037997961,2693,2024-07-18 00:00:00+10:00
0.00800000037997961,0.00800000037997961,0.00800000037997961,0.00800000037997961,0,2024-07-19 00:00:00+10:00
0.00800000037997961,0.00800000037997961,0.00800000037997961,0.00800000037997961,148,2024-07-22 00:00:00+10:00
0.00800000037997961,0.00800000037997961,0.00800000037997961,0.00800000037997961,0,2024-07-23 00:00:00+10:00
0.00800000037997961,0.00800000037997961,0.00800000037997961,0.00800000037997961,2500,2024-07-24 00:00:00+10:00
0.00800000037997961,0.00800000037997961,0.00800000037997961,0.00800000037997961,12,2024-07-25 00:00:00+10:00
0.00800000037997961,0.00800000037997961,0.00800000037997961,0.00800000037997961,0,2024-07-26 00:00:00+10:00
0.00800000037997961,0.00800000037997961,0.00800000037997961,0.00800000037997961,0,2024-07-29 00:00:00+10:00
0.00800000037997961,0.00800000037997961,0.00800000037997961,0.00800000037997961,491,2024-07-30 00:00:00+10:00
0.008999999612569809,0.010999999940395355,0.008999999612569809,0.010999999940395355,484771,2024-07-31 00:00:00+10:00
0.009999999776482582,0.009999999776482582,0.009999999776482582,0.009999999776482582,50000,2024-08-01 00:00:00+10:00
0.009999999776482582,0.009999999776482582,0.009999999776482582,0.009999999776482582,0,2024-08-02 00:00:00+10:00
0.007000000216066837,0.007000000216066837,0.006000000052154064,0.007000000216066837,147238,2024-08-05 00:00:00+10:00
0.007000000216066837,0.007000000216066837,0.007000000216066837,0.007000000216066837,110553,2024-08-06 00:00:00+10:00
0.007000000216066837,0.007000000216066837,0.007000000216066837,0.007000000216066837,6667,2024-08-07 00:00:00+10:00
0.007000000216066837,0.007000000216066837,0.007000000216066837,0.007000000216066837,0,2024-08-08 00:00:00+10:00
0.007000000216066837,0.007000000216066837,0.007000000216066837,0.007000000216066837,0,2024-08-09 00:00:00+10:00
0.007000000216066837,0.007000000216066837,0.007000000216066837,0.007000000216066837,0,2024-08-12 00:00:00+10:00
0.007000000216066837,0.007000000216066837,0.007000000216066837,0.007000000216066837,0,2024-08-13 00:00:00+10:00
0.007000000216066837,0.007000000216066837,0.007000000216066837,0.007000000216066837,0,2024-08-14 00:00:00+10:00
0.007000000216066837,0.007000000216066837,0.007000000216066837,0.007000000216066837,0,2024-08-15 00:00:00+10:00
0.007000000216066837,0.007000000216066837,0.007000000216066837,0.007000000216066837,0,2024-08-16 00:00:00+10:00
0.007000000216066837,0.007000000216066837,0.007000000216066837,0.007000000216066837,0,2024-08-19 00:00:00+10:00
0.00800000037997961,0.00800000037997961,0.00800000037997961,0.00800000037997961,4715,2024-08-20 00:00:00+10:00
0.008999999612569809,0.008999999612569809,0.008999999612569809,0.008999999612569809,398,2024-08-21 00:00:00+10:00
0.006000000052154064,0.006000000052154064,0.006000000052154064,0.006000000052154064,1247,2024-08-22 00:00:00+10:00
0.006000000052154064,0.006000000052154064,0.006000000052154064,0.006000000052154064,0,2024-08-23 00:00:00+10:00
0.006000000052154064,0.006000000052154064,0.006000000052154064,0.006000000052154064,0,2024-08-26 00:00:00+10:00
0.006000000052154064,0.006000000052154064,0.006000000052154064,0.006000000052154064,0,2024-08-27 00:00:00+10:00
0.006000000052154064,0.006000000052154064,0.006000000052154064,0.006000000052154064,0,2024-08-28 00:00:00+10:00
0.006000000052154064,0.006000000052154064,0.006000000052154064,0.006000000052154064,0,2024-08-29 00:00:00+10:00
0.006000000052154064,0.006000000052154064,0.006000000052154064,0.006000000052154064,289602,2024-08-30 00:00:00+10:00
0.006000000052154064,0.006000000052154064,0.006000000052154064,0.006000000052154064,128129,2024-09-02 00:00:00+10:00
0.006000000052154064,0.006000000052154064,0.006000000052154064,0.006000000052154064,22286,2024-09-03 00:00:00+10:00
0.006000000052154064,0.006000000052154064,0.004999999888241291,0.004999999888241291,201500,2024-09-04 00:00:00+10:00
0.004999999888241291,0.004999999888241291,0.004999999888241291,0.004999999888241291,0,2024-09-05 00:00:00+10:00
0.004999999888241291,0.004999999888241291,0.004999999888241291,0.004999999888241291,17,2024-09-06 00:00:00+10:00
0.006000000052154064,0.006000000052154064,0.004999999888241291,0.004999999888241291,172713,2024-09-09 00:00:00+10:00
0.004999999888241291,0.004999999888241291,0.004999999888241291,0.004999999888241291,0,2024-09-10 00:00:00+10:00
0.004999999888241291,0.004999999888241291,0.004999999888241291,0.004999999888241291,0,2024-09-11 00:00:00+10:00
0.004999999888241291,0.004999999888241291,0.004999999888241291,0.004999999888241291,0,2024-09-12 00:00:00+10:00
0.004999999888241291,0.004999999888241291,0.004999999888241291,0.004999999888241291,16667,2024-09-13 00:00:00+10:00
0.004999999888241291,0.004999999888241291,0.004999999888241291,0.004999999888241291,0,2024-09-16 00:00:00+10:00
0.004999999888241291,0.004999999888241291,0.004999999888241291,0.004999999888241291,0,2024-09-17 00:00:00+10:00
0.004999999888241291,0.004999999888241291,0.004999999888241291,0.004999999888241291,0,2024-09-18 00:00:00+10:00
0.004999999888241291,0.004999999888241291,0.004999999888241291,0.004999999888241291,0,2024-09-19 00:00:00+10:00
0.004999999888241291,0.004999999888241291,0.004999999888241291,0.004999999888241291,0,2024-09-20 00:00:00+10:00
0.004999999888241291,0.004999999888241291,0.004999999888241291,0.004999999888241291,0,2024-09-23 00:00:00+10:00
0.004999999888241291,0.004999999888241291,0.004999999888241291,0.004999999888241291,0,2024-09-24 00:00:00+10:00
0.004999999888241291,0.004999999888241291,0.004999999888241291,0.004999999888241291,0,2024-09-25 00:00:00+10:00
0.004999999888241291,0.004999999888241291,0.004999999888241291,0.004999999888241291,0,2024-09-26 00:00:00+10:00
0.004999999888241291,0.004999999888241291,0.004999999888241291,0.004999999888241291,0,2024-09-27 00:00:00+10:00
0.006000000052154064,0.006000000052154064,0.006000000052154064,0.006000000052154064,1749,2024-09-30 00:00:00+10:00
0.006000000052154064,0.006000000052154064,0.006000000052154064,0.006000000052154064,0,2024-10-01 00:00:00+10:00
0.006000000052154064,0.006000000052154064,0.006000000052154064,0.006000000052154064,0,2024-10-02 00:00:00+10:00
0.006000000052154064,0.006000000052154064,0.006000000052154064,0.006000000052154064,14,2024-10-03 00:00:00+10:00
0.006000000052154064,0.006000000052154064,0.006000000052154064,0.006000000052154064,0,2024-10-04 00:00:00+10:00
0.006000000052154064,0.006000000052154064,0.006000000052154064,0.006000000052154064,35920,2024-10-07 00:00:00+11:00
0.006000000052154064,0.006000000052154064,0.006000000052154064,0.006000000052154064,0,2024-10-08 00:00:00+11:00
0.007000000216066837,0.007000000216066837,0.007000000216066837,0.007000000216066837,701,2024-10-09 00:00:00+11:00
0.007000000216066837,0.007000000216066837,0.007000000216066837,0.007000000216066837,10700,2024-10-10 00:00:00+11:00
0.007000000216066837,0.007000000216066837,0.007000000216066837,0.007000000216066837,0,2024-10-11 00:00:00+11:00
0.007000000216066837,0.007000000216066837,0.007000000216066837,0.007000000216066837,0,2024-10-14 00:00:00+11:00
0.00800000037997961,0.00800000037997961,0.00800000037997961,0.00800000037997961,100000,2024-10-15 00:00:00+11:00
0.009999999776482582,0.009999999776482582,0.009999999776482582,0.009999999776482582,47086,2024-10-16 00:00:00+11:00
0.009999999776482582,0.009999999776482582,0.009999999776482582,0.009999999776482582,0,2024-10-17 00:00:00+11:00
0.009999999776482582,0.009999999776482582,0.00800000037997961,0.00800000037997961,161384,2024-10-18 00:00:00+11:00
0.00800000037997961,0.00800000037997961,0.00800000037997961,0.00800000037997961,2389,2024-10-21 00:00:00+11:00
0.00800000037997961,0.008999999612569809,0.00800000037997961,0.008999999612569809,130264,2024-10-22 00:00:00+11:00
0.008999999612569809,0.008999999612569809,0.008999999612569809,0.008999999612569809,0,2024-10-23 00:00:00+11:00
0.008999999612569809,0.008999999612569809,0.008999999612569809,0.008999999612569809,0,2024-10-24 00:00:00+11:00
0.008999999612569809,0.008999999612569809,0.008999999612569809,0.008999999612569809,14236,2024-10-25 00:00:00+11:00
0.008999999612569809,0.009999999776482582,0.008999999612569809,0.009999999776482582,125384,2024-10-28 00:00:00+11:00
0.009999999776482582,0.009999999776482582,0.008999999612569809,0.008999999612569809,4100,2024-10-29 00:00:00+11:00
0.008999999612569809,0.008999999612569809,0.008999999612569809,0.008999999612569809,0,2024-10-30 00:00:00+11:00
0.008999999612569809,0.008999999612569809,0.008999999612569809,0.008999999612569809,86,2024-10-31 00:00:00+11:00
0.008999999612569809,0.008999999612569809,0.008999999612569809,0.008999999612569809,0,2024-11-01 00:00:00+11:00
0.008999999612569809,0.008999999612569809,0.008999999612569809,0.008999999612569809,0,2024-11-04 00:00:00+11:00
0.008999999612569809,0.008999999612569809,0.008999999612569809,0.008999999612569809,110,2024-11-05 00:00:00+11:00
0.008999999612569809,0.008999999612569809,0.008999999612569809,0.008999999612569809,0,2024-11-06 00:00:00+11:00
0.008999999612569809,0.008999999612569809,0.008999999612569809,0.008999999612569809,0,2024-11-07 00:00:00+11:00
0.006000000052154064,0.007000000216066837,0.006000000052154064,0.007000000216066837,44617,2024-11-08 00:00:00+11:00
0.007000000216066837,0.007000000216066837,0.006000000052154064,0.006000000052154064,16715,2024-11-11 00:00:00+11:00
0.006000000052154064,0.007000000216066837,0.006000000052154064,0.007000000216066837,4584,2024-11-12 00:00:00+11:00
0.007000000216066837,0.007000000216066837,0.007000000216066837,0.007000000216066837,0,2024-11-13 00:00:00+11:00
0.007000000216066837,0.007000000216066837,0.007000000216066837,0.007000000216066837,0,2024-11-14 00:00:00+11:00
0.007000000216066837,0.007000000216066837,0.007000000216066837,0.007000000216066837,0,2024-11-15 00:00:00+11:00
0.007000000216066837,0.007000000216066837,0.006000000052154064,0.006000000052154064,46672,2024-11-18 00:00:00+11:00
0.006000000052154064,0.006000000052154064,0.006000000052154064,0.006000000052154064,1101,2024-11-19 00:00:00+11:00
0.007000000216066837,0.007000000216066837,0.007000000216066837,0.007000000216066837,2,2024-11-20 00:00:00+11:00
0.008999999612569809,0.010999999940395355,0.008999999612569809,0.010999999940395355,56284,2024-11-21 00:00:00+11:00
0.010999999940395355,0.010999999940395355,0.010999999940395355,0.010999999940395355,0,2024-11-22 00:00:00+11:00
0.010999999940395355,0.010999999940395355,0.010999999940395355,0.010999999940395355,0,2024-11-25 00:00:00+11:00
0.010999999940395355,0.010999999940395355,0.010999999940395355,0.010999999940395355,0,2024-11-26 00:00:00+11:00
0.010999999940395355,0.010999999940395355,0.010999999940395355,0.010999999940395355,0,2024-11-27 00:00:00+11:00
0.010999999940395355,0.010999999940395355,0.010999999940395355,0.010999999940395355,43354,2024-11-28 00:00:00+11:00
0.012000000104308128,0.012000000104308128,0.012000000104308128,0.012000000104308128,10,2024-11-29 00:00:00+11:00
0.012000000104308128,0.013000000268220901,0.012000000104308128,0.013000000268220901,32001,2024-12-02 00:00:00+11:00
0.013000000268220901,0.014999999664723873,0.013000000268220901,0.014999999664723873,206267,2024-12-03 00:00:00+11:00
0.009999999776482582,0.010999999940395355,0.009999999776482582,0.010999999940395355,9466,2024-12-04 00:00:00+11:00
0.010999999940395355,0.010999999940395355,0.010999999940395355,0.010999999940395355,0,2024-12-05 00:00:00+11:00
0.013000000268220901,0.013000000268220901,0.013000000268220901,0.013000000268220901,3334,2024-12-06 00:00:00+11:00
0.014999999664723873,0.014999999664723873,0.009999999776482582,0.009999999776482582,799865,2024-12-09 00:00:00+11:00
0.009999999776482582,0.009999999776482582,0.009999999776482582,0.009999999776482582,1659,2024-12-10 00:00:00+11:00
0.009999999776482582,0.009999999776482582,0.00800000037997961,0.00800000037997961,33333,2024-12-11 00:00:00+11:00
0.009999999776482582,0.009999999776482582,0.009999999776482582,0.009999999776482582,2500,2024-12-12 00:00:00+11:00
0.009999999776482582,0.009999999776482582,0.009999999776482582,0.009999999776482582,0,2024-12-13 00:00:00+11:00
0.009999999776482582,0.009999999776482582,0.009999999776482582,0.009999999776482582,8,2024-12-16 00:00:00+11:00
0.00800000037997961,0.00800000037997961,0.00800000037997961,0.00800000037997961,22284,2024-12-17 00:00:00+11:00
0.00800000037997961,0.009999999776482582,0.00800000037997961,0.009999999776482582,33341,2024-12-18 00:00:00+11:00
0.009999999776482582,0.009999999776482582,0.009999999776482582,0.009999999776482582,0,2024-12-19 00:00:00+11:00
0.009999999776482582,0.009999999776482582,0.009999999776482582,0.009999999776482582,3372,2024-12-20 00:00:00+11:00
0.010999999940395355,0.010999999940395355,0.010999999940395355,0.010999999940395355,6666,2024-12-23 00:00:00+11:00
0.010999999940395355,0.010999999940395355,0.010999999940395355,0.010999999940395355,0,2024-12-24 00:00:00+11:00
0.012000000104308128,0.012000000104308128,0.012000000104308128,0.012000000104308128,16667,2024-12-27 00:00:00+11:00
0.013000000268220901,0.014000000432133675,0.013000000268220901,0.014000000432133675,31539,2024-12-30 00:00:00+11:00
