Open,High,Low,Close,Volume,Date
0.09200000017881393,0.09300000220537186,0.09200000017881393,0.09300000220537186,13283,2020-01-02 00:00:00+11:00
0.09300000220537186,0.09300000220537186,0.09300000220537186,0.09300000220537186,12114,2020-01-03 00:00:00+11:00
0.09300000220537186,0.09300000220537186,0.08900000154972076,0.08900000154972076,286815,2020-01-06 00:00:00+11:00
0.09000000357627869,0.09000000357627869,0.09000000357627869,0.09000000357627869,110000,2020-01-07 00:00:00+11:00
0.08900000154972076,0.08900000154972076,0.08699999749660492,0.08699999749660492,219961,2020-01-08 00:00:00+11:00
0.08699999749660492,0.08699999749660492,0.08699999749660492,0.08699999749660492,0,2020-01-09 00:00:00+11:00
0.08699999749660492,0.09000000357627869,0.08699999749660492,0.09000000357627869,262504,2020-01-10 00:00:00+11:00
0.09099999815225601,0.09099999815225601,0.08799999952316284,0.08799999952316284,95519,2020-01-13 00:00:00+11:00
0.08799999952316284,0.08799999952316284,0.08399999886751175,0.08399999886751175,225394,2020-01-14 00:00:00+11:00
0.08500000089406967,0.08500000089406967,0.08500000089406967,0.08500000089406967,7157,2020-01-15 00:00:00+11:00
0.08500000089406967,0.08500000089406967,0.08500000089406967,0.08500000089406967,31374,2020-01-16 00:00:00+11:00
0.08500000089406967,0.08500000089406967,0.08500000089406967,0.08500000089406967,0,2020-01-17 00:00:00+11:00
0.0860000029206276,0.0860000029206276,0.08299999684095383,0.08299999684095383,189585,2020-01-20 00:00:00+11:00
0.08299999684095383,0.08299999684095383,0.08299999684095383,0.08299999684095383,0,2020-01-21 00:00:00+11:00
0.08299999684095383,0.08299999684095383,0.08299999684095383,0.08299999684095383,0,2020-01-22 00:00:00+11:00
0.08299999684095383,0.08299999684095383,0.08299999684095383,0.08299999684095383,0,2020-01-23 00:00:00+11:00
0.08299999684095383,0.08299999684095383,0.08299999684095383,0.08299999684095383,0,2020-01-24 00:00:00+11:00
0.08500000089406967,0.08500000089406967,0.08500000089406967,0.08500000089406967,6000,2020-01-28 00:00:00+11:00
0.08500000089406967,0.08500000089406967,0.08500000089406967,0.08500000089406967,0,2020-01-29 00:00:00+11:00
0.08500000089406967,0.08500000089406967,0.08500000089406967,0.08500000089406967,50000,2020-01-30 00:00:00+11:00
0.08500000089406967,0.08500000089406967,0.08500000089406967,0.08500000089406967,12115,2020-01-31 00:00:00+11:00
0.08299999684095383,0.08299999684095383,0.08299999684095383,0.08299999684095383,410791,2020-02-03 00:00:00+11:00
0.07999999821186066,0.07999999821186066,0.07999999821186066,0.07999999821186066,140342,2020-02-04 00:00:00+11:00
0.08100000023841858,0.08100000023841858,0.08100000023841858,0.08100000023841858,135708,2020-02-05 00:00:00+11:00
0.08100000023841858,0.08100000023841858,0.08100000023841858,0.08100000023841858,20000,2020-02-06 00:00:00+11:00
0.08100000023841858,0.08100000023841858,0.08100000023841858,0.08100000023841858,0,2020-02-07 00:00:00+11:00
0.08100000023841858,0.08100000023841858,0.08100000023841858,0.08100000023841858,0,2020-02-10 00:00:00+11:00
0.08100000023841858,0.08100000023841858,0.08100000023841858,0.08100000023841858,0,2020-02-11 00:00:00+11:00
0.08100000023841858,0.08100000023841858,0.08100000023841858,0.08100000023841858,0,2020-02-12 00:00:00+11:00
0.08100000023841858,0.08100000023841858,0.08100000023841858,0.08100000023841858,0,2020-02-13 00:00:00+11:00
0.08100000023841858,0.08100000023841858,0.08100000023841858,0.08100000023841858,0,2020-02-14 00:00:00+11:00
0.0820000022649765,0.0820000022649765,0.0820000022649765,0.0820000022649765,50083,2020-02-17 00:00:00+11:00
0.08500000089406967,0.08500000089406967,0.08500000089406967,0.08500000089406967,20000,2020-02-18 00:00:00+11:00
0.0820000022649765,0.0820000022649765,0.0820000022649765,0.0820000022649765,22543,2020-02-19 00:00:00+11:00
0.0820000022649765,0.0820000022649765,0.0820000022649765,0.0820000022649765,0,2020-02-20 00:00:00+11:00
0.0820000022649765,0.0820000022649765,0.0820000022649765,0.0820000022649765,0,2020-02-21 00:00:00+11:00
0.0820000022649765,0.08500000089406967,0.0820000022649765,0.08500000089406967,112375,2020-02-24 00:00:00+11:00
0.08100000023841858,0.08100000023841858,0.07999999821186066,0.07999999821186066,69742,2020-02-25 00:00:00+11:00
0.07800000160932541,0.07800000160932541,0.07699999958276749,0.07800000160932541,110000,2020-02-26 00:00:00+11:00
0.07999999821186066,0.07999999821186066,0.07999999821186066,0.07999999821186066,12000,2020-02-27 00:00:00+11:00
0.07900000363588333,0.07999999821186066,0.07800000160932541,0.07800000160932541,95678,2020-02-28 00:00:00+11:00
0.07999999821186066,0.07999999821186066,0.07199999690055847,0.07199999690055847,423101,2020-03-02 00:00:00+11:00
0.07199999690055847,0.07199999690055847,0.07199999690055847,0.07199999690055847,0,2020-03-03 00:00:00+11:00
0.07900000363588333,0.07900000363588333,0.07800000160932541,0.07800000160932541,31028,2020-03-04 00:00:00+11:00
0.07800000160932541,0.07800000160932541,0.07800000160932541,0.07800000160932541,0,2020-03-05 00:00:00+11:00
0.07999999821186066,0.07999999821186066,0.07800000160932541,0.07800000160932541,70950,2020-03-06 00:00:00+11:00
0.07800000160932541,0.07800000160932541,0.07800000160932541,0.07800000160932541,44479,2020-03-09 00:00:00+11:00
0.06499999761581421,0.06499999761581421,0.061000000685453415,0.06499999761581421,406992,2020-03-10 00:00:00+11:00
0.06800000369548798,0.06800000369548798,0.06400000303983688,0.06400000303983688,125000,2020-03-11 00:00:00+11:00
0.061000000685453415,0.061000000685453415,0.05900000035762787,0.05900000035762787,250000,2020-03-12 00:00:00+11:00
0.050999999046325684,0.050999999046325684,0.05000000074505806,0.050999999046325684,243261,2020-03-13 00:00:00+11:00
0.052000001072883606,0.052000001072883606,0.050999999046325684,0.050999999046325684,150000,2020-03-16 00:00:00+11:00
0.050999999046325684,0.050999999046325684,0.050999999046325684,0.050999999046325684,0,2020-03-17 00:00:00+11:00
0.050999999046325684,0.050999999046325684,0.050999999046325684,0.050999999046325684,0,2020-03-18 00:00:00+11:00
0.050999999046325684,0.050999999046325684,0.05000000074505806,0.05000000074505806,360000,2020-03-19 00:00:00+11:00
0.05000000074505806,0.05000000074505806,0.05000000074505806,0.05000000074505806,1990,2020-03-20 00:00:00+11:00
0.05000000074505806,0.05000000074505806,0.05000000074505806,0.05000000074505806,20000,2020-03-23 00:00:00+11:00
0.05000000074505806,0.05000000074505806,0.05000000074505806,0.05000000074505806,4165,2020-03-24 00:00:00+11:00
0.05000000074505806,0.05000000074505806,0.05000000074505806,0.05000000074505806,0,2020-03-25 00:00:00+11:00
0.05000000074505806,0.05000000074505806,0.03999999910593033,0.05000000074505806,130000,2020-03-26 00:00:00+11:00
0.05000000074505806,0.05000000074505806,0.05000000074505806,0.05000000074505806,200000,2020-03-27 00:00:00+11:00
0.05000000074505806,0.05000000074505806,0.05000000074505806,0.05000000074505806,0,2020-03-30 00:00:00+11:00
0.050999999046325684,0.050999999046325684,0.050999999046325684,0.050999999046325684,100000,2020-03-31 00:00:00+11:00
0.050999999046325684,0.050999999046325684,0.050999999046325684,0.050999999046325684,0,2020-04-01 00:00:00+11:00
0.050999999046325684,0.050999999046325684,0.050999999046325684,0.050999999046325684,0,2020-04-02 00:00:00+11:00
0.054999999701976776,0.054999999701976776,0.05299999937415123,0.05299999937415123,119990,2020-04-03 00:00:00+11:00
0.05299999937415123,0.05299999937415123,0.05299999937415123,0.05299999937415123,0,2020-04-06 00:00:00+10:00
0.057999998331069946,0.057999998331069946,0.054999999701976776,0.054999999701976776,53732,2020-04-07 00:00:00+10:00
0.054999999701976776,0.054999999701976776,0.054999999701976776,0.054999999701976776,0,2020-04-08 00:00:00+10:00
0.054999999701976776,0.054999999701976776,0.041999999433755875,0.04500000178813934,54097,2020-04-09 00:00:00+10:00
0.054999999701976776,0.054999999701976776,0.05000000074505806,0.05000000074505806,193080,2020-04-14 00:00:00+10:00
0.05000000074505806,0.05000000074505806,0.05000000074505806,0.05000000074505806,0,2020-04-15 00:00:00+10:00
0.054999999701976776,0.054999999701976776,0.052000001072883606,0.052000001072883606,127872,2020-04-16 00:00:00+10:00
0.052000001072883606,0.052000001072883606,0.052000001072883606,0.052000001072883606,0,2020-04-17 00:00:00+10:00
0.05400000140070915,0.05400000140070915,0.05400000140070915,0.05400000140070915,220170,2020-04-20 00:00:00+10:00
0.054999999701976776,0.054999999701976776,0.05400000140070915,0.05400000140070915,55000,2020-04-21 00:00:00+10:00
0.05400000140070915,0.05400000140070915,0.05400000140070915,0.05400000140070915,0,2020-04-22 00:00:00+10:00
0.05400000140070915,0.05400000140070915,0.05400000140070915,0.05400000140070915,0,2020-04-23 00:00:00+10:00
0.05400000140070915,0.05400000140070915,0.05400000140070915,0.05400000140070915,0,2020-04-24 00:00:00+10:00
0.057999998331069946,0.05999999865889549,0.057999998331069946,0.05999999865889549,353269,2020-04-27 00:00:00+10:00
0.05999999865889549,0.05999999865889549,0.05999999865889549,0.05999999865889549,0,2020-04-28 00:00:00+10:00
0.05999999865889549,0.05999999865889549,0.05999999865889549,0.05999999865889549,0,2020-04-29 00:00:00+10:00
0.06199999898672104,0.06199999898672104,0.05700000002980232,0.05700000002980232,60157,2020-04-30 00:00:00+10:00
0.05700000002980232,0.05700000002980232,0.05700000002980232,0.05700000002980232,85233,2020-05-01 00:00:00+10:00
0.05700000002980232,0.05700000002980232,0.05700000002980232,0.05700000002980232,0,2020-05-04 00:00:00+10:00
0.05700000002980232,0.05700000002980232,0.05700000002980232,0.05700000002980232,0,2020-05-05 00:00:00+10:00
0.05700000002980232,0.05700000002980232,0.05700000002980232,0.05700000002980232,0,2020-05-06 00:00:00+10:00
0.05700000002980232,0.05700000002980232,0.05700000002980232,0.05700000002980232,0,2020-05-07 00:00:00+10:00
0.05700000002980232,0.05700000002980232,0.05700000002980232,0.05700000002980232,0,2020-05-08 00:00:00+10:00
0.07999999821186066,0.07999999821186066,0.07999999821186066,0.07999999821186066,65600,2020-05-11 00:00:00+10:00
0.08500000089406967,0.08500000089406967,0.08500000089406967,0.08500000089406967,49412,2020-05-12 00:00:00+10:00
0.07999999821186066,0.07999999821186066,0.07999999821186066,0.07999999821186066,6500,2020-05-13 00:00:00+10:00
0.09000000357627869,0.09000000357627869,0.07999999821186066,0.07999999821186066,14525,2020-05-14 00:00:00+10:00
0.07999999821186066,0.07999999821186066,0.07999999821186066,0.07999999821186066,4089,2020-05-15 00:00:00+10:00
0.07999999821186066,0.07999999821186066,0.07999999821186066,0.07999999821186066,0,2020-05-18 00:00:00+10:00
0.07999999821186066,0.07999999821186066,0.07999999821186066,0.07999999821186066,0,2020-05-19 00:00:00+10:00
0.0820000022649765,0.0820000022649765,0.07999999821186066,0.07999999821186066,29260,2020-05-20 00:00:00+10:00
0.07999999821186066,0.07999999821186066,0.07999999821186066,0.07999999821186066,0,2020-05-21 00:00:00+10:00
0.07999999821186066,0.07999999821186066,0.07999999821186066,0.07999999821186066,0,2020-05-22 00:00:00+10:00
0.07999999821186066,0.07999999821186066,0.07999999821186066,0.07999999821186066,0,2020-05-25 00:00:00+10:00
0.08399999886751175,0.08500000089406967,0.0729999989271164,0.07599999755620956,151044,2020-05-26 00:00:00+10:00
0.07500000298023224,0.07599999755620956,0.07500000298023224,0.07599999755620956,53000,2020-05-27 00:00:00+10:00
0.07599999755620956,0.07599999755620956,0.07599999755620956,0.07599999755620956,0,2020-05-28 00:00:00+10:00
0.07599999755620956,0.07599999755620956,0.07599999755620956,0.07599999755620956,0,2020-05-29 00:00:00+10:00
0.07599999755620956,0.07599999755620956,0.07599999755620956,0.07599999755620956,0,2020-06-01 00:00:00+10:00
0.07599999755620956,0.07599999755620956,0.07599999755620956,0.07599999755620956,0,2020-06-02 00:00:00+10:00
0.07599999755620956,0.07599999755620956,0.07599999755620956,0.07599999755620956,0,2020-06-03 00:00:00+10:00
0.07400000095367432,0.07400000095367432,0.0729999989271164,0.0729999989271164,19120,2020-06-04 00:00:00+10:00
0.0729999989271164,0.0729999989271164,0.0729999989271164,0.0729999989271164,8725,2020-06-05 00:00:00+10:00
0.07500000298023224,0.07500000298023224,0.06800000369548798,0.06800000369548798,125000,2020-06-09 00:00:00+10:00
0.06499999761581421,0.06499999761581421,0.06499999761581421,0.06499999761581421,76458,2020-06-10 00:00:00+10:00
0.07500000298023224,0.07999999821186066,0.07000000029802322,0.07000000029802322,352721,2020-06-11 00:00:00+10:00
0.07000000029802322,0.07000000029802322,0.07000000029802322,0.07000000029802322,30000,2020-06-12 00:00:00+10:00
0.07000000029802322,0.07000000029802322,0.07000000029802322,0.07000000029802322,0,2020-06-15 00:00:00+10:00
0.0729999989271164,0.07400000095367432,0.07199999690055847,0.07199999690055847,113448,2020-06-16 00:00:00+10:00
0.07500000298023224,0.07500000298023224,0.07500000298023224,0.07500000298023224,7952,2020-06-17 00:00:00+10:00
0.0729999989271164,0.0729999989271164,0.06700000166893005,0.06700000166893005,386272,2020-06-18 00:00:00+10:00
0.06700000166893005,0.06700000166893005,0.06700000166893005,0.06700000166893005,0,2020-06-19 00:00:00+10:00
0.06800000369548798,0.07000000029802322,0.06800000369548798,0.0689999982714653,313420,2020-06-22 00:00:00+10:00
0.07000000029802322,0.07000000029802322,0.06800000369548798,0.06800000369548798,506913,2020-06-23 00:00:00+10:00
0.07000000029802322,0.07000000029802322,0.06599999964237213,0.06599999964237213,219037,2020-06-24 00:00:00+10:00
0.06499999761581421,0.06499999761581421,0.06499999761581421,0.06499999761581421,9003,2020-06-25 00:00:00+10:00
0.06800000369548798,0.07000000029802322,0.06800000369548798,0.07000000029802322,74821,2020-06-26 00:00:00+10:00
0.07000000029802322,0.07000000029802322,0.07000000029802322,0.07000000029802322,218259,2020-06-29 00:00:00+10:00
0.07000000029802322,0.07199999690055847,0.07000000029802322,0.07199999690055847,72567,2020-06-30 00:00:00+10:00
0.07500000298023224,0.07800000160932541,0.07500000298023224,0.07800000160932541,256241,2020-07-01 00:00:00+10:00
0.07800000160932541,0.07800000160932541,0.07800000160932541,0.07800000160932541,15000,2020-07-02 00:00:00+10:00
0.07000000029802322,0.07000000029802322,0.07000000029802322,0.07000000029802322,26495,2020-07-03 00:00:00+10:00
0.07199999690055847,0.07199999690055847,0.07199999690055847,0.07199999690055847,13000,2020-07-06 00:00:00+10:00
0.07199999690055847,0.07199999690055847,0.07199999690055847,0.07199999690055847,0,2020-07-07 00:00:00+10:00
0.07199999690055847,0.07199999690055847,0.07199999690055847,0.07199999690055847,40997,2020-07-08 00:00:00+10:00
0.07199999690055847,0.07199999690055847,0.07199999690055847,0.07199999690055847,0,2020-07-09 00:00:00+10:00
0.07199999690055847,0.07199999690055847,0.07199999690055847,0.07199999690055847,0,2020-07-10 00:00:00+10:00
0.07199999690055847,0.07199999690055847,0.07199999690055847,0.07199999690055847,0,2020-07-13 00:00:00+10:00
0.07199999690055847,0.07400000095367432,0.07000000029802322,0.07000000029802322,78122,2020-07-14 00:00:00+10:00
0.0729999989271164,0.0729999989271164,0.0689999982714653,0.0689999982714653,235560,2020-07-15 00:00:00+10:00
0.0689999982714653,0.0689999982714653,0.0689999982714653,0.0689999982714653,0,2020-07-16 00:00:00+10:00
0.0689999982714653,0.0689999982714653,0.0689999982714653,0.0689999982714653,0,2020-07-17 00:00:00+10:00
0.0689999982714653,0.0689999982714653,0.0689999982714653,0.0689999982714653,0,2020-07-20 00:00:00+10:00
0.0689999982714653,0.0689999982714653,0.06700000166893005,0.06700000166893005,330000,2020-07-21 00:00:00+10:00
0.06700000166893005,0.06700000166893005,0.06700000166893005,0.06700000166893005,9508,2020-07-22 00:00:00+10:00
0.06700000166893005,0.06700000166893005,0.06700000166893005,0.06700000166893005,0,2020-07-23 00:00:00+10:00
0.06599999964237213,0.06650000065565109,0.06499999761581421,0.06499999761581421,214500,2020-07-24 00:00:00+10:00
0.06499999761581421,0.06499999761581421,0.05999999865889549,0.05999999865889549,72700,2020-07-27 00:00:00+10:00
0.05999999865889549,0.05999999865889549,0.05999999865889549,0.05999999865889549,0,2020-07-28 00:00:00+10:00
0.06199999898672104,0.06199999898672104,0.06199999898672104,0.06199999898672104,10000,2020-07-29 00:00:00+10:00
0.06199999898672104,0.06199999898672104,0.06199999898672104,0.06199999898672104,0,2020-07-30 00:00:00+10:00
0.06199999898672104,0.06199999898672104,0.06199999898672104,0.06199999898672104,0,2020-07-31 00:00:00+10:00
0.06199999898672104,0.06199999898672104,0.061000000685453415,0.061000000685453415,396500,2020-08-03 00:00:00+10:00
0.06199999898672104,0.06199999898672104,0.05999999865889549,0.05999999865889549,232593,2020-08-04 00:00:00+10:00
0.05999999865889549,0.05999999865889549,0.05999999865889549,0.05999999865889549,158463,2020-08-05 00:00:00+10:00
0.05999999865889549,0.05999999865889549,0.05999999865889549,0.05999999865889549,0,2020-08-06 00:00:00+10:00
0.05999999865889549,0.05999999865889549,0.05999999865889549,0.05999999865889549,0,2020-08-07 00:00:00+10:00
0.05999999865889549,0.05999999865889549,0.05999999865889549,0.05999999865889549,0,2020-08-10 00:00:00+10:00
0.05999999865889549,0.05999999865889549,0.05999999865889549,0.05999999865889549,0,2020-08-11 00:00:00+10:00
0.061000000685453415,0.06199999898672104,0.05999999865889549,0.05999999865889549,94277,2020-08-12 00:00:00+10:00
0.05900000035762787,0.05900000035762787,0.057999998331069946,0.057999998331069946,70526,2020-08-13 00:00:00+10:00
0.057999998331069946,0.057999998331069946,0.057999998331069946,0.057999998331069946,0,2020-08-14 00:00:00+10:00
0.057999998331069946,0.057999998331069946,0.057999998331069946,0.057999998331069946,65000,2020-08-17 00:00:00+10:00
0.057999998331069946,0.057999998331069946,0.0560000017285347,0.0560000017285347,100000,2020-08-18 00:00:00+10:00
0.06199999898672104,0.06199999898672104,0.06199999898672104,0.06199999898672104,45000,2020-08-19 00:00:00+10:00
0.06199999898672104,0.06199999898672104,0.06199999898672104,0.06199999898672104,0,2020-08-20 00:00:00+10:00
0.05999999865889549,0.05999999865889549,0.057999998331069946,0.057999998331069946,110500,2020-08-21 00:00:00+10:00
0.05999999865889549,0.05999999865889549,0.057999998331069946,0.057999998331069946,248453,2020-08-24 00:00:00+10:00
0.057999998331069946,0.05999999865889549,0.057999998331069946,0.05999999865889549,92064,2020-08-25 00:00:00+10:00
0.05999999865889549,0.05999999865889549,0.05700000002980232,0.05700000002980232,308332,2020-08-26 00:00:00+10:00
0.05900000035762787,0.05900000035762787,0.057999998331069946,0.05900000035762787,177411,2020-08-27 00:00:00+10:00
0.057999998331069946,0.057999998331069946,0.057999998331069946,0.057999998331069946,30000,2020-08-28 00:00:00+10:00
0.057999998331069946,0.057999998331069946,0.057999998331069946,0.057999998331069946,30000,2020-08-31 00:00:00+10:00
0.05900000035762787,0.05900000035762787,0.05900000035762787,0.05900000035762787,27000,2020-09-01 00:00:00+10:00
0.05900000035762787,0.05900000035762787,0.05900000035762787,0.05900000035762787,0,2020-09-02 00:00:00+10:00
0.05900000035762787,0.05900000035762787,0.05900000035762787,0.05900000035762787,0,2020-09-03 00:00:00+10:00
0.057999998331069946,0.057999998331069946,0.0560000017285347,0.0560000017285347,305310,2020-09-04 00:00:00+10:00
0.0560000017285347,0.0560000017285347,0.0560000017285347,0.0560000017285347,0,2020-09-07 00:00:00+10:00
0.05700000002980232,0.05700000002980232,0.05700000002980232,0.05700000002980232,51100,2020-09-08 00:00:00+10:00
0.05700000002980232,0.05700000002980232,0.05700000002980232,0.05700000002980232,0,2020-09-09 00:00:00+10:00
0.05700000002980232,0.05700000002980232,0.05700000002980232,0.05700000002980232,88000,2020-09-10 00:00:00+10:00
0.05700000002980232,0.05700000002980232,0.05700000002980232,0.05700000002980232,80000,2020-09-11 00:00:00+10:00
0.05700000002980232,0.05700000002980232,0.05700000002980232,0.05700000002980232,0,2020-09-14 00:00:00+10:00
0.05700000002980232,0.061000000685453415,0.05700000002980232,0.061000000685453415,209100,2020-09-15 00:00:00+10:00
0.061000000685453415,0.061000000685453415,0.061000000685453415,0.061000000685453415,0,2020-09-16 00:00:00+10:00
0.061000000685453415,0.061000000685453415,0.061000000685453415,0.061000000685453415,0,2020-09-17 00:00:00+10:00
0.061000000685453415,0.061000000685453415,0.061000000685453415,0.061000000685453415,0,2020-09-18 00:00:00+10:00
0.06400000303983688,0.06400000303983688,0.06400000303983688,0.06400000303983688,15000,2020-09-21 00:00:00+10:00
0.06400000303983688,0.06400000303983688,0.06400000303983688,0.06400000303983688,0,2020-09-22 00:00:00+10:00
0.06400000303983688,0.06400000303983688,0.06400000303983688,0.06400000303983688,5000,2020-09-23 00:00:00+10:00
0.06400000303983688,0.06400000303983688,0.06400000303983688,0.06400000303983688,0,2020-09-24 00:00:00+10:00
0.0729999989271164,0.0729999989271164,0.06499999761581421,0.06499999761581421,154905,2020-09-25 00:00:00+10:00
0.06499999761581421,0.06499999761581421,0.06499999761581421,0.06499999761581421,120000,2020-09-28 00:00:00+10:00
0.06499999761581421,0.06499999761581421,0.06499999761581421,0.06499999761581421,0,2020-09-29 00:00:00+10:00
0.06499999761581421,0.06499999761581421,0.06499999761581421,0.06499999761581421,5000,2020-09-30 00:00:00+10:00
0.06499999761581421,0.06499999761581421,0.06499999761581421,0.06499999761581421,0,2020-10-01 00:00:00+10:00
0.06499999761581421,0.06499999761581421,0.06499999761581421,0.06499999761581421,0,2020-10-02 00:00:00+10:00
0.06499999761581421,0.06499999761581421,0.06499999761581421,0.06499999761581421,32143,2020-10-05 00:00:00+11:00
0.06499999761581421,0.06499999761581421,0.06499999761581421,0.06499999761581421,0,2020-10-06 00:00:00+11:00
0.06499999761581421,0.06499999761581421,0.06499999761581421,0.06499999761581421,0,2020-10-07 00:00:00+11:00
0.06199999898672104,0.06199999898672104,0.0560000017285347,0.05700000002980232,1402629,2020-10-08 00:00:00+11:00
0.06499999761581421,0.06499999761581421,0.05999999865889549,0.05999999865889549,171088,2020-10-09 00:00:00+11:00
0.061000000685453415,0.061000000685453415,0.05700000002980232,0.057999998331069946,767406,2020-10-12 00:00:00+11:00
0.057999998331069946,0.057999998331069946,0.057999998331069946,0.057999998331069946,0,2020-10-13 00:00:00+11:00
0.05900000035762787,0.05999999865889549,0.05900000035762787,0.05999999865889549,37025,2020-10-14 00:00:00+11:00
0.05900000035762787,0.05900000035762787,0.0560000017285347,0.0560000017285347,1396673,2020-10-15 00:00:00+11:00
0.0560000017285347,0.05900000035762787,0.0560000017285347,0.057999998331069946,1042163,2020-10-16 00:00:00+11:00
0.05700000002980232,0.05700000002980232,0.05700000002980232,0.05700000002980232,50965,2020-10-19 00:00:00+11:00
0.05700000002980232,0.05700000002980232,0.05700000002980232,0.05700000002980232,0,2020-10-20 00:00:00+11:00
0.05700000002980232,0.05700000002980232,0.05700000002980232,0.05700000002980232,0,2020-10-21 00:00:00+11:00
0.05999999865889549,0.06499999761581421,0.05999999865889549,0.06499999761581421,255193,2020-10-22 00:00:00+11:00
0.06499999761581421,0.06499999761581421,0.06199999898672104,0.06199999898672104,51600,2020-10-23 00:00:00+11:00
0.061000000685453415,0.061000000685453415,0.05999999865889549,0.061000000685453415,316393,2020-10-26 00:00:00+11:00
0.061000000685453415,0.061000000685453415,0.05700000002980232,0.057999998331069946,588185,2020-10-27 00:00:00+11:00
0.057999998331069946,0.057999998331069946,0.057999998331069946,0.057999998331069946,0,2020-10-28 00:00:00+11:00
0.05900000035762787,0.05900000035762787,0.05900000035762787,0.05900000035762787,14493,2020-10-29 00:00:00+11:00
0.057999998331069946,0.05900000035762787,0.0560000017285347,0.057999998331069946,760714,2020-10-30 00:00:00+11:00
0.057999998331069946,0.057999998331069946,0.057999998331069946,0.057999998331069946,199500,2020-11-02 00:00:00+11:00
0.057999998331069946,0.057999998331069946,0.057999998331069946,0.057999998331069946,80000,2020-11-03 00:00:00+11:00
0.057999998331069946,0.057999998331069946,0.057999998331069946,0.057999998331069946,87969,2020-11-04 00:00:00+11:00
0.057999998331069946,0.057999998331069946,0.057999998331069946,0.057999998331069946,0,2020-11-05 00:00:00+11:00
0.057999998331069946,0.057999998331069946,0.057999998331069946,0.057999998331069946,0,2020-11-06 00:00:00+11:00
0.057999998331069946,0.057999998331069946,0.057999998331069946,0.057999998331069946,0,2020-11-09 00:00:00+11:00
0.057999998331069946,0.057999998331069946,0.0560000017285347,0.0560000017285347,235068,2020-11-10 00:00:00+11:00
0.05700000002980232,0.05700000002980232,0.05700000002980232,0.05700000002980232,113407,2020-11-11 00:00:00+11:00
0.0560000017285347,0.0560000017285347,0.054999999701976776,0.0560000017285347,555290,2020-11-12 00:00:00+11:00
0.0560000017285347,0.0560000017285347,0.0560000017285347,0.0560000017285347,0,2020-11-13 00:00:00+11:00
0.0560000017285347,0.0560000017285347,0.0560000017285347,0.0560000017285347,0,2020-11-16 00:00:00+11:00
0.0560000017285347,0.0560000017285347,0.0560000017285347,0.0560000017285347,0,2020-11-17 00:00:00+11:00
0.0560000017285347,0.0560000017285347,0.0560000017285347,0.0560000017285347,0,2020-11-18 00:00:00+11:00
0.05700000002980232,0.06499999761581421,0.05700000002980232,0.06499999761581421,101494,2020-11-19 00:00:00+11:00
0.06499999761581421,0.06499999761581421,0.06499999761581421,0.06499999761581421,0,2020-11-20 00:00:00+11:00
0.06499999761581421,0.06499999761581421,0.06499999761581421,0.06499999761581421,0,2020-11-23 00:00:00+11:00
0.06499999761581421,0.06499999761581421,0.06499999761581421,0.06499999761581421,0,2020-11-24 00:00:00+11:00
0.06199999898672104,0.06199999898672104,0.06199999898672104,0.06199999898672104,156985,2020-11-25 00:00:00+11:00
0.06800000369548798,0.06800000369548798,0.06800000369548798,0.06800000369548798,70900,2020-11-26 00:00:00+11:00
0.06800000369548798,0.06800000369548798,0.06800000369548798,0.06800000369548798,23511,2020-11-27 00:00:00+11:00
0.06800000369548798,0.07599999755620956,0.06800000369548798,0.07599999755620956,69783,2020-11-30 00:00:00+11:00
0.07100000232458115,0.07100000232458115,0.07100000232458115,0.07100000232458115,50000,2020-12-01 00:00:00+11:00
0.07199999690055847,0.07199999690055847,0.07199999690055847,0.07199999690055847,15000,2020-12-02 00:00:00+11:00
0.07199999690055847,0.07199999690055847,0.07199999690055847,0.07199999690055847,0,2020-12-03 00:00:00+11:00
0.07199999690055847,0.07199999690055847,0.07199999690055847,0.07199999690055847,6900,2020-12-04 00:00:00+11:00
0.07199999690055847,0.07199999690055847,0.07199999690055847,0.07199999690055847,0,2020-12-07 00:00:00+11:00
0.07199999690055847,0.07199999690055847,0.07199999690055847,0.07199999690055847,0,2020-12-08 00:00:00+11:00
0.07199999690055847,0.07199999690055847,0.07199999690055847,0.07199999690055847,6958,2020-12-09 00:00:00+11:00
0.07199999690055847,0.07199999690055847,0.07199999690055847,0.07199999690055847,0,2020-12-10 00:00:00+11:00
0.07199999690055847,0.07199999690055847,0.07199999690055847,0.07199999690055847,0,2020-12-11 00:00:00+11:00
0.07199999690055847,0.07199999690055847,0.07199999690055847,0.07199999690055847,0,2020-12-14 00:00:00+11:00
0.07199999690055847,0.07199999690055847,0.07199999690055847,0.07199999690055847,0,2020-12-15 00:00:00+11:00
0.07199999690055847,0.07199999690055847,0.07199999690055847,0.07199999690055847,0,2020-12-16 00:00:00+11:00
0.06700000166893005,0.06700000166893005,0.06400000303983688,0.06499999761581421,385243,2020-12-17 00:00:00+11:00
0.06499999761581421,0.06499999761581421,0.06199999898672104,0.06300000101327896,190000,2020-12-18 00:00:00+11:00
0.06199999898672104,0.06199999898672104,0.057999998331069946,0.057999998331069946,580187,2020-12-21 00:00:00+11:00
0.05700000002980232,0.05700000002980232,0.054999999701976776,0.0560000017285347,1462896,2020-12-22 00:00:00+11:00
0.0560000017285347,0.0560000017285347,0.050999999046325684,0.050999999046325684,684281,2020-12-23 00:00:00+11:00
0.05299999937415123,0.05299999937415123,0.04600000008940697,0.052000001072883606,663638,2020-12-24 00:00:00+11:00
0.052000001072883606,0.052000001072883606,0.052000001072883606,0.052000001072883606,0,2020-12-29 00:00:00+11:00
0.052000001072883606,0.052000001072883606,0.052000001072883606,0.052000001072883606,0,2020-12-30 00:00:00+11:00
0.052000001072883606,0.052000001072883606,0.052000001072883606,0.052000001072883606,0,2020-12-31 00:00:00+11:00
0.05299999937415123,0.054999999701976776,0.050999999046325684,0.050999999046325684,784398,2021-01-04 00:00:00+11:00
0.050999999046325684,0.050999999046325684,0.050999999046325684,0.050999999046325684,0,2021-01-05 00:00:00+11:00
0.052000001072883606,0.052000001072883606,0.05000000074505806,0.05000000074505806,1022487,2021-01-06 00:00:00+11:00
0.050999999046325684,0.05299999937415123,0.05000000074505806,0.05000000074505806,416719,2021-01-07 00:00:00+11:00
0.057999998331069946,0.057999998331069946,0.05299999937415123,0.05299999937415123,122550,2021-01-08 00:00:00+11:00
0.054999999701976776,0.054999999701976776,0.05299999937415123,0.05299999937415123,406000,2021-01-11 00:00:00+11:00
0.05299999937415123,0.05299999937415123,0.05299999937415123,0.05299999937415123,25379,2021-01-12 00:00:00+11:00
0.05299999937415123,0.05299999937415123,0.05299999937415123,0.05299999937415123,0,2021-01-13 00:00:00+11:00
0.05299999937415123,0.05299999937415123,0.05000000074505806,0.05299999937415123,391742,2021-01-14 00:00:00+11:00
0.05299999937415123,0.05299999937415123,0.05000000074505806,0.05000000074505806,27298,2021-01-15 00:00:00+11:00
0.052000001072883606,0.052000001072883606,0.052000001072883606,0.052000001072883606,201901,2021-01-18 00:00:00+11:00
0.0560000017285347,0.0560000017285347,0.0560000017285347,0.0560000017285347,21808,2021-01-19 00:00:00+11:00
0.05299999937415123,0.05299999937415123,0.05299999937415123,0.05299999937415123,6097,2021-01-20 00:00:00+11:00
0.054999999701976776,0.054999999701976776,0.05299999937415123,0.05299999937415123,62957,2021-01-21 00:00:00+11:00
0.05400000140070915,0.054999999701976776,0.05400000140070915,0.054999999701976776,11151,2021-01-22 00:00:00+11:00
0.054999999701976776,0.054999999701976776,0.054999999701976776,0.054999999701976776,32314,2021-01-25 00:00:00+11:00
0.054999999701976776,0.054999999701976776,0.054999999701976776,0.054999999701976776,0,2021-01-27 00:00:00+11:00
0.05700000002980232,0.05700000002980232,0.05700000002980232,0.05700000002980232,100000,2021-01-28 00:00:00+11:00
0.054999999701976776,0.054999999701976776,0.054999999701976776,0.054999999701976776,165640,2021-01-29 00:00:00+11:00
0.054999999701976776,0.054999999701976776,0.054999999701976776,0.054999999701976776,0,2021-02-01 00:00:00+11:00
0.054999999701976776,0.054999999701976776,0.054999999701976776,0.054999999701976776,0,2021-02-02 00:00:00+11:00
0.057999998331069946,0.05900000035762787,0.057999998331069946,0.05900000035762787,93011,2021-02-03 00:00:00+11:00
0.05900000035762787,0.05900000035762787,0.054999999701976776,0.054999999701976776,117160,2021-02-04 00:00:00+11:00
0.054999999701976776,0.054999999701976776,0.054999999701976776,0.054999999701976776,0,2021-02-05 00:00:00+11:00
0.054999999701976776,0.054999999701976776,0.05400000140070915,0.05400000140070915,290000,2021-02-08 00:00:00+11:00
0.05400000140070915,0.05400000140070915,0.05400000140070915,0.05400000140070915,0,2021-02-09 00:00:00+11:00
0.05400000140070915,0.05400000140070915,0.05400000140070915,0.05400000140070915,0,2021-02-10 00:00:00+11:00
0.05700000002980232,0.05700000002980232,0.05400000140070915,0.05400000140070915,350000,2021-02-11 00:00:00+11:00
0.054999999701976776,0.054999999701976776,0.05299999937415123,0.05299999937415123,254121,2021-02-12 00:00:00+11:00
0.05400000140070915,0.05400000140070915,0.05400000140070915,0.05400000140070915,15538,2021-02-15 00:00:00+11:00
0.05400000140070915,0.05400000140070915,0.052000001072883606,0.05299999937415123,429000,2021-02-16 00:00:00+11:00
0.05299999937415123,0.05299999937415123,0.052000001072883606,0.052000001072883606,227000,2021-02-17 00:00:00+11:00
0.052000001072883606,0.05400000140070915,0.052000001072883606,0.05400000140070915,79945,2021-02-18 00:00:00+11:00
0.052000001072883606,0.052000001072883606,0.050999999046325684,0.050999999046325684,343101,2021-02-19 00:00:00+11:00
0.050999999046325684,0.050999999046325684,0.050999999046325684,0.050999999046325684,292694,2021-02-22 00:00:00+11:00
0.050999999046325684,0.050999999046325684,0.050999999046325684,0.050999999046325684,100000,2021-02-23 00:00:00+11:00
0.050999999046325684,0.050999999046325684,0.050999999046325684,0.050999999046325684,0,2021-02-24 00:00:00+11:00
0.05299999937415123,0.05299999937415123,0.05000000074505806,0.05000000074505806,686520,2021-02-25 00:00:00+11:00
0.050999999046325684,0.050999999046325684,0.05000000074505806,0.050999999046325684,878911,2021-02-26 00:00:00+11:00
0.052000001072883606,0.054999999701976776,0.050999999046325684,0.05299999937415123,166860,2021-03-01 00:00:00+11:00
0.05299999937415123,0.054999999701976776,0.05299999937415123,0.054999999701976776,144598,2021-03-02 00:00:00+11:00
0.057999998331069946,0.061000000685453415,0.057999998331069946,0.061000000685453415,450316,2021-03-03 00:00:00+11:00
0.05900000035762787,0.05900000035762787,0.05900000035762787,0.05900000035762787,47626,2021-03-04 00:00:00+11:00
0.05700000002980232,0.05700000002980232,0.05700000002980232,0.05700000002980232,61077,2021-03-05 00:00:00+11:00
0.05700000002980232,0.05700000002980232,0.05700000002980232,0.05700000002980232,0,2021-03-08 00:00:00+11:00
0.05900000035762787,0.05999999865889549,0.05900000035762787,0.05999999865889549,178275,2021-03-09 00:00:00+11:00
0.054999999701976776,0.054999999701976776,0.054999999701976776,0.054999999701976776,5544,2021-03-10 00:00:00+11:00
0.054999999701976776,0.054999999701976776,0.054999999701976776,0.054999999701976776,15350,2021-03-11 00:00:00+11:00
0.054999999701976776,0.054999999701976776,0.054999999701976776,0.054999999701976776,0,2021-03-12 00:00:00+11:00
0.0560000017285347,0.05700000002980232,0.0560000017285347,0.05700000002980232,35247,2021-03-15 00:00:00+11:00
0.05999999865889549,0.05999999865889549,0.05999999865889549,0.05999999865889549,174000,2021-03-16 00:00:00+11:00
0.05999999865889549,0.06499999761581421,0.05999999865889549,0.06499999761581421,472694,2021-03-17 00:00:00+11:00
0.06499999761581421,0.06499999761581421,0.06499999761581421,0.06499999761581421,85000,2021-03-18 00:00:00+11:00
0.06499999761581421,0.07000000029802322,0.06499999761581421,0.07000000029802322,150344,2021-03-19 00:00:00+11:00
0.07000000029802322,0.07199999690055847,0.07000000029802322,0.07199999690055847,67054,2021-03-22 00:00:00+11:00
0.0689999982714653,0.07199999690055847,0.0689999982714653,0.07199999690055847,116500,2021-03-23 00:00:00+11:00
0.06800000369548798,0.06800000369548798,0.061000000685453415,0.061000000685453415,573700,2021-03-24 00:00:00+11:00
0.061000000685453415,0.061000000685453415,0.061000000685453415,0.061000000685453415,0,2021-03-25 00:00:00+11:00
0.061000000685453415,0.061000000685453415,0.061000000685453415,0.061000000685453415,0,2021-03-26 00:00:00+11:00
0.0689999982714653,0.0689999982714653,0.06499999761581421,0.06499999761581421,53756,2021-03-29 00:00:00+11:00
0.06400000303983688,0.06499999761581421,0.06400000303983688,0.06499999761581421,74154,2021-03-30 00:00:00+11:00
0.06300000101327896,0.0689999982714653,0.06300000101327896,0.0689999982714653,47500,2021-03-31 00:00:00+11:00
0.0689999982714653,0.0689999982714653,0.0689999982714653,0.0689999982714653,0,2021-04-01 00:00:00+11:00
0.0689999982714653,0.0689999982714653,0.0689999982714653,0.0689999982714653,0,2021-04-06 00:00:00+10:00
0.0689999982714653,0.0689999982714653,0.0689999982714653,0.0689999982714653,0,2021-04-07 00:00:00+10:00
0.0689999982714653,0.0689999982714653,0.0689999982714653,0.0689999982714653,38805,2021-04-08 00:00:00+10:00
0.0689999982714653,0.0689999982714653,0.0689999982714653,0.0689999982714653,6738,2021-04-09 00:00:00+10:00
0.07000000029802322,0.07000000029802322,0.07000000029802322,0.07000000029802322,68483,2021-04-12 00:00:00+10:00
0.0689999982714653,0.0689999982714653,0.06499999761581421,0.06599999964237213,133099,2021-04-13 00:00:00+10:00
0.06599999964237213,0.06599999964237213,0.06599999964237213,0.06599999964237213,36901,2021-04-14 00:00:00+10:00
0.06599999964237213,0.06599999964237213,0.06599999964237213,0.06599999964237213,0,2021-04-15 00:00:00+10:00
0.06199999898672104,0.06199999898672104,0.06199999898672104,0.06199999898672104,5040,2021-04-16 00:00:00+10:00
0.06300000101327896,0.06300000101327896,0.06300000101327896,0.06300000101327896,524615,2021-04-19 00:00:00+10:00
0.06199999898672104,0.06199999898672104,0.05999999865889549,0.05999999865889549,812500,2021-04-20 00:00:00+10:00
0.05999999865889549,0.05999999865889549,0.05999999865889549,0.05999999865889549,0,2021-04-21 00:00:00+10:00
0.05999999865889549,0.05999999865889549,0.05999999865889549,0.05999999865889549,0,2021-04-22 00:00:00+10:00
0.05999999865889549,0.05999999865889549,0.05999999865889549,0.05999999865889549,0,2021-04-23 00:00:00+10:00
0.0689999982714653,0.0689999982714653,0.061000000685453415,0.061000000685453415,123377,2021-04-26 00:00:00+10:00
0.06199999898672104,0.06199999898672104,0.05999999865889549,0.05999999865889549,515000,2021-04-27 00:00:00+10:00
0.06499999761581421,0.06499999761581421,0.06499999761581421,0.06499999761581421,24014,2021-04-28 00:00:00+10:00
0.05999999865889549,0.05999999865889549,0.05999999865889549,0.05999999865889549,85000,2021-04-29 00:00:00+10:00
0.05999999865889549,0.05999999865889549,0.05999999865889549,0.05999999865889549,0,2021-04-30 00:00:00+10:00
0.05999999865889549,0.05999999865889549,0.05999999865889549,0.05999999865889549,1882,2021-05-03 00:00:00+10:00
0.05999999865889549,0.05999999865889549,0.057999998331069946,0.057999998331069946,200684,2021-05-04 00:00:00+10:00
0.057999998331069946,0.057999998331069946,0.057999998331069946,0.057999998331069946,10000,2021-05-05 00:00:00+10:00
0.057999998331069946,0.057999998331069946,0.054999999701976776,0.054999999701976776,393834,2021-05-06 00:00:00+10:00
0.054999999701976776,0.054999999701976776,0.054999999701976776,0.054999999701976776,1534,2021-05-07 00:00:00+10:00
0.054999999701976776,0.054999999701976776,0.054999999701976776,0.054999999701976776,113132,2021-05-10 00:00:00+10:00
0.054999999701976776,0.054999999701976776,0.054999999701976776,0.054999999701976776,0,2021-05-11 00:00:00+10:00
0.054999999701976776,0.054999999701976776,0.054999999701976776,0.054999999701976776,0,2021-05-12 00:00:00+10:00
0.054999999701976776,0.054999999701976776,0.052000001072883606,0.05400000140070915,435782,2021-05-13 00:00:00+10:00
0.05400000140070915,0.05400000140070915,0.05400000140070915,0.05400000140070915,0,2021-05-14 00:00:00+10:00
0.05299999937415123,0.05400000140070915,0.05299999937415123,0.05299999937415123,115000,2021-05-17 00:00:00+10:00
0.052000001072883606,0.052000001072883606,0.05000000074505806,0.05000000074505806,238190,2021-05-18 00:00:00+10:00
0.052000001072883606,0.057999998331069946,0.052000001072883606,0.052000001072883606,67550,2021-05-19 00:00:00+10:00
0.052000001072883606,0.052000001072883606,0.052000001072883606,0.052000001072883606,0,2021-05-20 00:00:00+10:00
0.052000001072883606,0.052000001072883606,0.052000001072883606,0.052000001072883606,0,2021-05-21 00:00:00+10:00
0.0560000017285347,0.0560000017285347,0.052000001072883606,0.052000001072883606,60289,2021-05-24 00:00:00+10:00
0.050999999046325684,0.050999999046325684,0.050999999046325684,0.050999999046325684,99740,2021-05-25 00:00:00+10:00
0.050999999046325684,0.050999999046325684,0.050999999046325684,0.050999999046325684,300260,2021-05-26 00:00:00+10:00
0.050999999046325684,0.050999999046325684,0.05000000074505806,0.05000000074505806,108310,2021-05-27 00:00:00+10:00
0.05000000074505806,0.05000000074505806,0.05000000074505806,0.05000000074505806,0,2021-05-28 00:00:00+10:00
0.050999999046325684,0.050999999046325684,0.05000000074505806,0.05000000074505806,7732629,2021-05-31 00:00:00+10:00
0.05000000074505806,0.05000000074505806,0.04899999871850014,0.04899999871850014,201243,2021-06-01 00:00:00+10:00
0.05000000074505806,0.05000000074505806,0.04899999871850014,0.05000000074505806,194962,2021-06-02 00:00:00+10:00
0.052000001072883606,0.054999999701976776,0.052000001072883606,0.054999999701976776,177906,2021-06-03 00:00:00+10:00
0.054999999701976776,0.054999999701976776,0.054999999701976776,0.054999999701976776,7838,2021-06-04 00:00:00+10:00
0.05400000140070915,0.05400000140070915,0.052000001072883606,0.052000001072883606,9958,2021-06-07 00:00:00+10:00
0.052000001072883606,0.052000001072883606,0.052000001072883606,0.052000001072883606,0,2021-06-08 00:00:00+10:00
0.052000001072883606,0.052000001072883606,0.052000001072883606,0.052000001072883606,0,2021-06-09 00:00:00+10:00
0.05000000074505806,0.05000000074505806,0.05000000074505806,0.05000000074505806,90000,2021-06-10 00:00:00+10:00
0.04899999871850014,0.05000000074505806,0.04899999871850014,0.05000000074505806,640000,2021-06-11 00:00:00+10:00
0.05000000074505806,0.05000000074505806,0.04899999871850014,0.04899999871850014,550020,2021-06-15 00:00:00+10:00
0.05000000074505806,0.054999999701976776,0.05000000074505806,0.054999999701976776,251094,2021-06-16 00:00:00+10:00
0.052000001072883606,0.052000001072883606,0.052000001072883606,0.052000001072883606,215,2021-06-17 00:00:00+10:00
0.052000001072883606,0.052000001072883606,0.04800000041723251,0.04800000041723251,269910,2021-06-18 00:00:00+10:00
0.05000000074505806,0.05000000074505806,0.05000000074505806,0.05000000074505806,241740,2021-06-21 00:00:00+10:00
0.05000000074505806,0.05000000074505806,0.05000000074505806,0.05000000074505806,0,2021-06-22 00:00:00+10:00
0.05000000074505806,0.05000000074505806,0.05000000074505806,0.05000000074505806,0,2021-06-23 00:00:00+10:00
0.05000000074505806,0.05000000074505806,0.05000000074505806,0.05000000074505806,235300,2021-06-24 00:00:00+10:00
0.05000000074505806,0.05000000074505806,0.05000000074505806,0.05000000074505806,30960,2021-06-25 00:00:00+10:00
0.04800000041723251,0.05000000074505806,0.04699999839067459,0.05000000074505806,300350,2021-06-28 00:00:00+10:00
0.05000000074505806,0.05000000074505806,0.04800000041723251,0.04800000041723251,19490,2021-06-29 00:00:00+10:00
0.04800000041723251,0.04800000041723251,0.04800000041723251,0.04800000041723251,9106,2021-06-30 00:00:00+10:00
0.04800000041723251,0.04800000041723251,0.04800000041723251,0.04800000041723251,0,2021-07-01 00:00:00+10:00
0.05000000074505806,0.05000000074505806,0.05000000074505806,0.05000000074505806,15747,2021-07-02 00:00:00+10:00
0.054999999701976776,0.054999999701976776,0.054999999701976776,0.054999999701976776,41955,2021-07-05 00:00:00+10:00
0.054999999701976776,0.054999999701976776,0.054999999701976776,0.054999999701976776,0,2021-07-06 00:00:00+10:00
0.054999999701976776,0.054999999701976776,0.054999999701976776,0.054999999701976776,4,2021-07-07 00:00:00+10:00
0.054999999701976776,0.054999999701976776,0.054999999701976776,0.054999999701976776,12,2021-07-08 00:00:00+10:00
0.052000001072883606,0.052000001072883606,0.052000001072883606,0.052000001072883606,30000,2021-07-09 00:00:00+10:00
0.052000001072883606,0.052000001072883606,0.052000001072883606,0.052000001072883606,0,2021-07-12 00:00:00+10:00
0.054999999701976776,0.054999999701976776,0.052000001072883606,0.052000001072883606,126353,2021-07-13 00:00:00+10:00
0.052000001072883606,0.052000001072883606,0.052000001072883606,0.052000001072883606,0,2021-07-14 00:00:00+10:00
0.054999999701976776,0.054999999701976776,0.04800000041723251,0.05000000074505806,1663760,2021-07-15 00:00:00+10:00
0.05000000074505806,0.05000000074505806,0.04899999871850014,0.05000000074505806,241279,2021-07-16 00:00:00+10:00
0.05000000074505806,0.05000000074505806,0.04699999839067459,0.04699999839067459,445231,2021-07-19 00:00:00+10:00
0.04699999839067459,0.04800000041723251,0.04699999839067459,0.04800000041723251,295278,2021-07-20 00:00:00+10:00
0.04699999839067459,0.04699999839067459,0.04600000008940697,0.04699999839067459,636231,2021-07-21 00:00:00+10:00
0.04699999839067459,0.04699999839067459,0.04699999839067459,0.04699999839067459,100000,2021-07-22 00:00:00+10:00
0.04699999839067459,0.04699999839067459,0.04699999839067459,0.04699999839067459,61,2021-07-23 00:00:00+10:00
0.04800000041723251,0.04800000041723251,0.04500000178813934,0.04500000178813934,167037,2021-07-26 00:00:00+10:00
0.04500000178813934,0.04500000178813934,0.04500000178813934,0.04500000178813934,0,2021-07-27 00:00:00+10:00
0.04600000008940697,0.04800000041723251,0.04600000008940697,0.04800000041723251,52433,2021-07-28 00:00:00+10:00
0.04800000041723251,0.04800000041723251,0.04800000041723251,0.04800000041723251,127194,2021-07-29 00:00:00+10:00
0.04899999871850014,0.04899999871850014,0.04899999871850014,0.04899999871850014,150000,2021-07-30 00:00:00+10:00
0.04899999871850014,0.04899999871850014,0.04899999871850014,0.04899999871850014,0,2021-08-02 00:00:00+10:00
0.04899999871850014,0.04899999871850014,0.04899999871850014,0.04899999871850014,578927,2021-08-03 00:00:00+10:00
0.04800000041723251,0.04800000041723251,0.04600000008940697,0.04600000008940697,425390,2021-08-04 00:00:00+10:00
0.04699999839067459,0.04699999839067459,0.04699999839067459,0.04699999839067459,71822,2021-08-05 00:00:00+10:00
0.04800000041723251,0.04899999871850014,0.04800000041723251,0.04899999871850014,110417,2021-08-06 00:00:00+10:00
0.05000000074505806,0.05000000074505806,0.05000000074505806,0.05000000074505806,451693,2021-08-09 00:00:00+10:00
0.052000001072883606,0.052000001072883606,0.05000000074505806,0.05000000074505806,195005,2021-08-10 00:00:00+10:00
0.05000000074505806,0.05400000140070915,0.05000000074505806,0.05400000140070915,347656,2021-08-11 00:00:00+10:00
0.05999999865889549,0.06400000303983688,0.05999999865889549,0.06400000303983688,109100,2021-08-12 00:00:00+10:00
0.06400000303983688,0.06400000303983688,0.061000000685453415,0.061000000685453415,251962,2021-08-13 00:00:00+10:00
0.06400000303983688,0.06400000303983688,0.06400000303983688,0.06400000303983688,160350,2021-08-16 00:00:00+10:00
0.05999999865889549,0.05999999865889549,0.05999999865889549,0.05999999865889549,376655,2021-08-17 00:00:00+10:00
0.05999999865889549,0.05999999865889549,0.05999999865889549,0.05999999865889549,146398,2021-08-18 00:00:00+10:00
0.05900000035762787,0.05900000035762787,0.054999999701976776,0.054999999701976776,215592,2021-08-19 00:00:00+10:00
0.054999999701976776,0.054999999701976776,0.054999999701976776,0.054999999701976776,0,2021-08-20 00:00:00+10:00
0.0560000017285347,0.0560000017285347,0.0560000017285347,0.0560000017285347,92,2021-08-23 00:00:00+10:00
0.0560000017285347,0.0560000017285347,0.0560000017285347,0.0560000017285347,18,2021-08-24 00:00:00+10:00
0.0560000017285347,0.0560000017285347,0.05000000074505806,0.054999999701976776,241544,2021-08-25 00:00:00+10:00
0.054999999701976776,0.054999999701976776,0.054999999701976776,0.054999999701976776,18166,2021-08-26 00:00:00+10:00
0.054999999701976776,0.054999999701976776,0.05000000074505806,0.05000000074505806,114026,2021-08-27 00:00:00+10:00
0.05000000074505806,0.05000000074505806,0.04899999871850014,0.04899999871850014,559408,2021-08-30 00:00:00+10:00
0.05000000074505806,0.05000000074505806,0.05000000074505806,0.05000000074505806,115976,2021-08-31 00:00:00+10:00
0.05700000002980232,0.05700000002980232,0.05700000002980232,0.05700000002980232,500,2021-09-01 00:00:00+10:00
0.05700000002980232,0.05700000002980232,0.05700000002980232,0.05700000002980232,0,2021-09-02 00:00:00+10:00
0.054999999701976776,0.054999999701976776,0.050999999046325684,0.050999999046325684,140919,2021-09-03 00:00:00+10:00
0.05299999937415123,0.05299999937415123,0.050999999046325684,0.050999999046325684,507005,2021-09-06 00:00:00+10:00
0.050999999046325684,0.050999999046325684,0.050999999046325684,0.050999999046325684,0,2021-09-07 00:00:00+10:00
0.050999999046325684,0.050999999046325684,0.050999999046325684,0.050999999046325684,0,2021-09-08 00:00:00+10:00
0.052000001072883606,0.052000001072883606,0.05000000074505806,0.05000000074505806,100000,2021-09-09 00:00:00+10:00
0.05000000074505806,0.05000000074505806,0.05000000074505806,0.05000000074505806,0,2021-09-10 00:00:00+10:00
0.05000000074505806,0.05000000074505806,0.04699999839067459,0.04699999839067459,715775,2021-09-13 00:00:00+10:00
0.04800000041723251,0.04800000041723251,0.04699999839067459,0.04800000041723251,257331,2021-09-14 00:00:00+10:00
0.04800000041723251,0.04800000041723251,0.04800000041723251,0.04800000041723251,19961,2021-09-15 00:00:00+10:00
0.04899999871850014,0.04899999871850014,0.04699999839067459,0.04699999839067459,2600,2021-09-16 00:00:00+10:00
0.04800000041723251,0.04800000041723251,0.04800000041723251,0.04800000041723251,200000,2021-09-17 00:00:00+10:00
0.04899999871850014,0.04899999871850014,0.04800000041723251,0.04800000041723251,500000,2021-09-20 00:00:00+10:00
0.04800000041723251,0.04800000041723251,0.04699999839067459,0.04699999839067459,961392,2021-09-21 00:00:00+10:00
0.04699999839067459,0.04699999839067459,0.04699999839067459,0.04699999839067459,0,2021-09-22 00:00:00+10:00
0.04699999839067459,0.04699999839067459,0.04699999839067459,0.04699999839067459,0,2021-09-23 00:00:00+10:00
0.04699999839067459,0.04699999839067459,0.04699999839067459,0.04699999839067459,0,2021-09-24 00:00:00+10:00
0.04699999839067459,0.04699999839067459,0.04699999839067459,0.04699999839067459,0,2021-09-27 00:00:00+10:00
0.04800000041723251,0.052000001072883606,0.04800000041723251,0.052000001072883606,384526,2021-09-28 00:00:00+10:00
0.052000001072883606,0.05700000002980232,0.052000001072883606,0.05700000002980232,134948,2021-09-29 00:00:00+10:00
0.05700000002980232,0.05700000002980232,0.05700000002980232,0.05700000002980232,20000,2021-09-30 00:00:00+10:00
0.05299999937415123,0.05700000002980232,0.05299999937415123,0.05700000002980232,20800,2021-10-01 00:00:00+10:00
0.05400000140070915,0.05400000140070915,0.05000000074505806,0.05000000074505806,957900,2021-10-04 00:00:00+11:00
0.050999999046325684,0.050999999046325684,0.05000000074505806,0.05000000074505806,198854,2021-10-05 00:00:00+11:00
0.05000000074505806,0.05000000074505806,0.05000000074505806,0.05000000074505806,0,2021-10-06 00:00:00+11:00
0.04800000041723251,0.05000000074505806,0.04800000041723251,0.05000000074505806,299189,2021-10-07 00:00:00+11:00
0.05000000074505806,0.05000000074505806,0.05000000074505806,0.05000000074505806,99590,2021-10-08 00:00:00+11:00
0.054999999701976776,0.054999999701976776,0.054999999701976776,0.054999999701976776,50000,2021-10-11 00:00:00+11:00
0.054999999701976776,0.054999999701976776,0.054999999701976776,0.054999999701976776,0,2021-10-12 00:00:00+11:00
0.054999999701976776,0.054999999701976776,0.04699999839067459,0.04699999839067459,1067982,2021-10-13 00:00:00+11:00
0.04899999871850014,0.04899999871850014,0.04800000041723251,0.04800000041723251,184500,2021-10-14 00:00:00+11:00
0.05299999937415123,0.0560000017285347,0.05299999937415123,0.0560000017285347,100000,2021-10-15 00:00:00+11:00
0.05299999937415123,0.05400000140070915,0.05000000074505806,0.05000000074505806,213080,2021-10-18 00:00:00+11:00
0.05000000074505806,0.05000000074505806,0.05000000074505806,0.05000000074505806,7920,2021-10-19 00:00:00+11:00
0.05000000074505806,0.05000000074505806,0.05000000074505806,0.05000000074505806,0,2021-10-20 00:00:00+11:00
0.05000000074505806,0.05000000074505806,0.05000000074505806,0.05000000074505806,0,2021-10-21 00:00:00+11:00
0.05400000140070915,0.05400000140070915,0.05400000140070915,0.05400000140070915,10990,2021-10-22 00:00:00+11:00
0.05400000140070915,0.054999999701976776,0.04699999839067459,0.04699999839067459,2797555,2021-10-25 00:00:00+11:00
0.04699999839067459,0.04699999839067459,0.04600000008940697,0.04699999839067459,2397867,2021-10-26 00:00:00+11:00
0.04699999839067459,0.04699999839067459,0.04699999839067459,0.04699999839067459,2924,2021-10-27 00:00:00+11:00
0.04899999871850014,0.04899999871850014,0.04899999871850014,0.04899999871850014,25194,2021-10-28 00:00:00+11:00
0.04800000041723251,0.04800000041723251,0.04800000041723251,0.04800000041723251,437679,2021-10-29 00:00:00+11:00
0.05000000074505806,0.05000000074505806,0.05000000074505806,0.05000000074505806,99000,2021-11-01 00:00:00+11:00
0.05000000074505806,0.05000000074505806,0.04800000041723251,0.04800000041723251,17566,2021-11-02 00:00:00+11:00
0.05000000074505806,0.05000000074505806,0.05000000074505806,0.05000000074505806,44870,2021-11-03 00:00:00+11:00
0.054999999701976776,0.05999999865889549,0.054999999701976776,0.05999999865889549,472396,2021-11-04 00:00:00+11:00
0.0560000017285347,0.0560000017285347,0.0560000017285347,0.0560000017285347,294294,2021-11-05 00:00:00+11:00
0.054999999701976776,0.054999999701976776,0.054999999701976776,0.054999999701976776,19,2021-11-08 00:00:00+11:00
0.05400000140070915,0.05400000140070915,0.05400000140070915,0.05400000140070915,100000,2021-11-09 00:00:00+11:00
0.05400000140070915,0.05400000140070915,0.05400000140070915,0.05400000140070915,0,2021-11-10 00:00:00+11:00
0.05400000140070915,0.05400000140070915,0.05400000140070915,0.05400000140070915,0,2021-11-11 00:00:00+11:00
0.05400000140070915,0.05400000140070915,0.05400000140070915,0.05400000140070915,27574,2021-11-12 00:00:00+11:00
0.05400000140070915,0.05400000140070915,0.05400000140070915,0.05400000140070915,0,2021-11-15 00:00:00+11:00
0.052000001072883606,0.052000001072883606,0.04899999871850014,0.05000000074505806,240294,2021-11-16 00:00:00+11:00
0.05000000074505806,0.05000000074505806,0.04899999871850014,0.04899999871850014,171977,2021-11-17 00:00:00+11:00
0.04899999871850014,0.04899999871850014,0.04899999871850014,0.04899999871850014,137770,2021-11-18 00:00:00+11:00
0.04899999871850014,0.04899999871850014,0.04899999871850014,0.04899999871850014,60000,2021-11-19 00:00:00+11:00
0.04800000041723251,0.04800000041723251,0.04800000041723251,0.04800000041723251,430540,2021-11-22 00:00:00+11:00
0.04800000041723251,0.04800000041723251,0.04699999839067459,0.04699999839067459,216680,2021-11-23 00:00:00+11:00
0.04699999839067459,0.04699999839067459,0.04600000008940697,0.04600000008940697,674443,2021-11-24 00:00:00+11:00
0.04600000008940697,0.04600000008940697,0.04600000008940697,0.04600000008940697,0,2021-11-25 00:00:00+11:00
0.04699999839067459,0.04800000041723251,0.04699999839067459,0.04800000041723251,10870,2021-11-26 00:00:00+11:00
0.04800000041723251,0.04800000041723251,0.04800000041723251,0.04800000041723251,30000,2021-11-29 00:00:00+11:00
0.04800000041723251,0.04800000041723251,0.04800000041723251,0.04800000041723251,3,2021-11-30 00:00:00+11:00
0.04800000041723251,0.04800000041723251,0.04800000041723251,0.04800000041723251,104,2021-12-01 00:00:00+11:00
0.04800000041723251,0.04800000041723251,0.04800000041723251,0.04800000041723251,0,2021-12-02 00:00:00+11:00
0.04800000041723251,0.04800000041723251,0.04800000041723251,0.04800000041723251,0,2021-12-03 00:00:00+11:00
0.04600000008940697,0.04600000008940697,0.04600000008940697,0.04600000008940697,40000,2021-12-06 00:00:00+11:00
0.04699999839067459,0.04699999839067459,0.04699999839067459,0.04699999839067459,18604,2021-12-07 00:00:00+11:00
0.04600000008940697,0.04600000008940697,0.04600000008940697,0.04600000008940697,3,2021-12-08 00:00:00+11:00
0.04600000008940697,0.04600000008940697,0.04600000008940697,0.04600000008940697,0,2021-12-09 00:00:00+11:00
0.04699999839067459,0.04699999839067459,0.04600000008940697,0.04600000008940697,1491,2021-12-10 00:00:00+11:00
0.04600000008940697,0.04600000008940697,0.04600000008940697,0.04600000008940697,0,2021-12-13 00:00:00+11:00
0.04600000008940697,0.04600000008940697,0.04500000178813934,0.04500000178813934,291821,2021-12-14 00:00:00+11:00
0.04500000178813934,0.04500000178813934,0.04500000178813934,0.04500000178813934,0,2021-12-15 00:00:00+11:00
0.04500000178813934,0.04500000178813934,0.04500000178813934,0.04500000178813934,200000,2021-12-16 00:00:00+11:00
0.04699999839067459,0.04699999839067459,0.04699999839067459,0.04699999839067459,10653,2021-12-17 00:00:00+11:00
0.04699999839067459,0.04800000041723251,0.04699999839067459,0.04800000041723251,305650,2021-12-20 00:00:00+11:00
0.04899999871850014,0.05000000074505806,0.04899999871850014,0.04899999871850014,592535,2021-12-21 00:00:00+11:00
0.04899999871850014,0.04899999871850014,0.04899999871850014,0.04899999871850014,189779,2021-12-22 00:00:00+11:00
0.04899999871850014,0.04899999871850014,0.04899999871850014,0.04899999871850014,66523,2021-12-23 00:00:00+11:00
0.04899999871850014,0.052000001072883606,0.04899999871850014,0.052000001072883606,161641,2021-12-24 00:00:00+11:00
0.054999999701976776,0.054999999701976776,0.05400000140070915,0.054999999701976776,801435,2021-12-29 00:00:00+11:00
0.054999999701976776,0.054999999701976776,0.054999999701976776,0.054999999701976776,50067,2021-12-30 00:00:00+11:00
0.052000001072883606,0.05299999937415123,0.052000001072883606,0.05299999937415123,255105,2021-12-31 00:00:00+11:00
0.05299999937415123,0.0560000017285347,0.05299999937415123,0.0560000017285347,316960,2022-01-04 00:00:00+11:00
0.0560000017285347,0.0560000017285347,0.050999999046325684,0.050999999046325684,382813,2022-01-05 00:00:00+11:00
0.050999999046325684,0.050999999046325684,0.050999999046325684,0.050999999046325684,30155,2022-01-06 00:00:00+11:00
0.05000000074505806,0.05000000074505806,0.05000000074505806,0.05000000074505806,1,2022-01-07 00:00:00+11:00
0.05000000074505806,0.05000000074505806,0.05000000074505806,0.05000000074505806,240000,2022-01-10 00:00:00+11:00
0.05299999937415123,0.05299999937415123,0.05000000074505806,0.05000000074505806,276570,2022-01-11 00:00:00+11:00
0.04800000041723251,0.04899999871850014,0.04800000041723251,0.04899999871850014,1832534,2022-01-12 00:00:00+11:00
0.05000000074505806,0.05400000140070915,0.04800000041723251,0.05400000140070915,400001,2022-01-13 00:00:00+11:00
0.04899999871850014,0.04899999871850014,0.04899999871850014,0.04899999871850014,59359,2022-01-14 00:00:00+11:00
0.04899999871850014,0.04899999871850014,0.04899999871850014,0.04899999871850014,44704,2022-01-17 00:00:00+11:00
0.04899999871850014,0.04899999871850014,0.04899999871850014,0.04899999871850014,0,2022-01-18 00:00:00+11:00
0.04899999871850014,0.04899999871850014,0.04899999871850014,0.04899999871850014,0,2022-01-19 00:00:00+11:00
0.04899999871850014,0.04899999871850014,0.04899999871850014,0.04899999871850014,0,2022-01-20 00:00:00+11:00
0.04899999871850014,0.04899999871850014,0.04899999871850014,0.04899999871850014,508000,2022-01-21 00:00:00+11:00
0.04899999871850014,0.04899999871850014,0.04899999871850014,0.04899999871850014,0,2022-01-24 00:00:00+11:00
0.04800000041723251,0.04800000041723251,0.04800000041723251,0.04800000041723251,245,2022-01-25 00:00:00+11:00
0.05299999937415123,0.05299999937415123,0.052000001072883606,0.052000001072883606,60524,2022-01-27 00:00:00+11:00
0.052000001072883606,0.052000001072883606,0.052000001072883606,0.052000001072883606,0,2022-01-28 00:00:00+11:00
0.052000001072883606,0.052000001072883606,0.04800000041723251,0.04800000041723251,29808,2022-01-31 00:00:00+11:00
0.04800000041723251,0.04800000041723251,0.04800000041723251,0.04800000041723251,2,2022-02-01 00:00:00+11:00
0.04800000041723251,0.04800000041723251,0.04800000041723251,0.04800000041723251,0,2022-02-02 00:00:00+11:00
0.04800000041723251,0.04800000041723251,0.04800000041723251,0.04800000041723251,0,2022-02-03 00:00:00+11:00
0.054999999701976776,0.0560000017285347,0.052000001072883606,0.05400000140070915,1062153,2022-02-04 00:00:00+11:00
0.05000000074505806,0.05000000074505806,0.04899999871850014,0.04899999871850014,64927,2022-02-07 00:00:00+11:00
0.04899999871850014,0.04899999871850014,0.04899999871850014,0.04899999871850014,0,2022-02-08 00:00:00+11:00
0.04899999871850014,0.04899999871850014,0.04899999871850014,0.04899999871850014,0,2022-02-09 00:00:00+11:00
0.050999999046325684,0.05299999937415123,0.050999999046325684,0.05299999937415123,240001,2022-02-10 00:00:00+11:00
0.05299999937415123,0.05299999937415123,0.05000000074505806,0.05000000074505806,149843,2022-02-11 00:00:00+11:00
0.05000000074505806,0.05000000074505806,0.04899999871850014,0.05000000074505806,177655,2022-02-14 00:00:00+11:00
0.05000000074505806,0.05000000074505806,0.05000000074505806,0.05000000074505806,138377,2022-02-15 00:00:00+11:00
0.05000000074505806,0.050999999046325684,0.05000000074505806,0.050999999046325684,100001,2022-02-16 00:00:00+11:00
0.05000000074505806,0.05400000140070915,0.05000000074505806,0.05400000140070915,70001,2022-02-17 00:00:00+11:00
0.05000000074505806,0.05000000074505806,0.05000000074505806,0.05000000074505806,32261,2022-02-18 00:00:00+11:00
0.05000000074505806,0.05000000074505806,0.05000000074505806,0.05000000074505806,0,2022-02-21 00:00:00+11:00
0.052000001072883606,0.052000001072883606,0.05000000074505806,0.05000000074505806,326964,2022-02-22 00:00:00+11:00
0.052000001072883606,0.052000001072883606,0.052000001072883606,0.052000001072883606,68608,2022-02-23 00:00:00+11:00
0.052000001072883606,0.052000001072883606,0.052000001072883606,0.052000001072883606,0,2022-02-24 00:00:00+11:00
0.052000001072883606,0.052000001072883606,0.05000000074505806,0.05000000074505806,52506,2022-02-25 00:00:00+11:00
0.05000000074505806,0.052000001072883606,0.04899999871850014,0.050999999046325684,513886,2022-02-28 00:00:00+11:00
0.04899999871850014,0.04899999871850014,0.04899999871850014,0.04899999871850014,1,2022-03-01 00:00:00+11:00
0.04899999871850014,0.04899999871850014,0.04899999871850014,0.04899999871850014,0,2022-03-02 00:00:00+11:00
0.052000001072883606,0.052000001072883606,0.052000001072883606,0.052000001072883606,177631,2022-03-03 00:00:00+11:00
0.052000001072883606,0.054999999701976776,0.052000001072883606,0.054999999701976776,325113,2022-03-04 00:00:00+11:00
0.054999999701976776,0.0560000017285347,0.05400000140070915,0.054999999701976776,147208,2022-03-07 00:00:00+11:00
0.057999998331069946,0.06199999898672104,0.0560000017285347,0.0560000017285347,367904,2022-03-08 00:00:00+11:00
0.05900000035762787,0.05900000035762787,0.05900000035762787,0.05900000035762787,1922,2022-03-09 00:00:00+11:00
0.05700000002980232,0.05900000035762787,0.05700000002980232,0.05900000035762787,40019,2022-03-10 00:00:00+11:00
0.05900000035762787,0.05900000035762787,0.05900000035762787,0.05900000035762787,0,2022-03-11 00:00:00+11:00
0.0560000017285347,0.0560000017285347,0.0560000017285347,0.0560000017285347,62518,2022-03-14 00:00:00+11:00
0.05900000035762787,0.05900000035762787,0.0560000017285347,0.05900000035762787,50470,2022-03-15 00:00:00+11:00
0.057999998331069946,0.057999998331069946,0.057999998331069946,0.057999998331069946,9212,2022-03-16 00:00:00+11:00
0.057999998331069946,0.057999998331069946,0.057999998331069946,0.057999998331069946,0,2022-03-17 00:00:00+11:00
0.05700000002980232,0.057999998331069946,0.05700000002980232,0.057999998331069946,80647,2022-03-18 00:00:00+11:00
0.0560000017285347,0.057999998331069946,0.054999999701976776,0.057999998331069946,661843,2022-03-21 00:00:00+11:00
0.05900000035762787,0.05999999865889549,0.05900000035762787,0.05999999865889549,500003,2022-03-22 00:00:00+11:00
0.06400000303983688,0.07100000232458115,0.06400000303983688,0.07100000232458115,4227099,2022-03-23 00:00:00+11:00
0.07100000232458115,0.07100000232458115,0.06499999761581421,0.07000000029802322,260214,2022-03-24 00:00:00+11:00
0.07199999690055847,0.07199999690055847,0.06800000369548798,0.07199999690055847,165207,2022-03-25 00:00:00+11:00
0.07199999690055847,0.07199999690055847,0.0689999982714653,0.07199999690055847,652282,2022-03-28 00:00:00+11:00
0.07199999690055847,0.07199999690055847,0.07000000029802322,0.07199999690055847,3866,2022-03-29 00:00:00+11:00
0.07000000029802322,0.07199999690055847,0.07000000029802322,0.07000000029802322,162860,2022-03-30 00:00:00+11:00
0.0729999989271164,0.0729999989271164,0.06800000369548798,0.07000000029802322,114959,2022-03-31 00:00:00+11:00
0.07199999690055847,0.07199999690055847,0.07000000029802322,0.07000000029802322,104311,2022-04-01 00:00:00+11:00
0.07100000232458115,0.07100000232458115,0.0689999982714653,0.0689999982714653,250000,2022-04-04 00:00:00+10:00
0.0689999982714653,0.0689999982714653,0.06800000369548798,0.06800000369548798,165918,2022-04-05 00:00:00+10:00
0.06800000369548798,0.06800000369548798,0.06800000369548798,0.06800000369548798,67000,2022-04-06 00:00:00+10:00
0.0689999982714653,0.06949999928474426,0.0689999982714653,0.06949999928474426,55211,2022-04-07 00:00:00+10:00
0.0689999982714653,0.0689999982714653,0.06400000303983688,0.06400000303983688,535117,2022-04-08 00:00:00+10:00
0.06300000101327896,0.06300000101327896,0.05999999865889549,0.05999999865889549,756986,2022-04-11 00:00:00+10:00
0.05999999865889549,0.05999999865889549,0.05700000002980232,0.05999999865889549,384421,2022-04-12 00:00:00+10:00
0.05999999865889549,0.05999999865889549,0.05999999865889549,0.05999999865889549,91881,2022-04-13 00:00:00+10:00
0.05900000035762787,0.06599999964237213,0.05900000035762787,0.06400000303983688,117830,2022-04-14 00:00:00+10:00
0.06400000303983688,0.06499999761581421,0.05900000035762787,0.06499999761581421,223832,2022-04-19 00:00:00+10:00
0.05999999865889549,0.05999999865889549,0.05900000035762787,0.05999999865889549,294146,2022-04-20 00:00:00+10:00
0.05999999865889549,0.05999999865889549,0.05999999865889549,0.05999999865889549,0,2022-04-21 00:00:00+10:00
0.061000000685453415,0.061000000685453415,0.05999999865889549,0.05999999865889549,50000,2022-04-22 00:00:00+10:00
0.05999999865889549,0.05999999865889549,0.05999999865889549,0.05999999865889549,17898,2022-04-26 00:00:00+10:00
0.061000000685453415,0.061000000685453415,0.05900000035762787,0.05900000035762787,121382,2022-04-27 00:00:00+10:00
0.05900000035762787,0.05900000035762787,0.05900000035762787,0.05900000035762787,12048,2022-04-28 00:00:00+10:00
0.05900000035762787,0.05900000035762787,0.05900000035762787,0.05900000035762787,100000,2022-04-29 00:00:00+10:00
0.05999999865889549,0.05999999865889549,0.05999999865889549,0.05999999865889549,43582,2022-05-02 00:00:00+10:00
0.05999999865889549,0.05999999865889549,0.05999999865889549,0.05999999865889549,85,2022-05-03 00:00:00+10:00
0.05999999865889549,0.05999999865889549,0.05999999865889549,0.05999999865889549,773,2022-05-04 00:00:00+10:00
0.05999999865889549,0.05999999865889549,0.05999999865889549,0.05999999865889549,42074,2022-05-05 00:00:00+10:00
0.05900000035762787,0.05900000035762787,0.05900000035762787,0.05900000035762787,122661,2022-05-06 00:00:00+10:00
0.05999999865889549,0.05999999865889549,0.054999999701976776,0.054999999701976776,438515,2022-05-09 00:00:00+10:00
0.05000000074505806,0.052000001072883606,0.04699999839067459,0.04899999871850014,527980,2022-05-10 00:00:00+10:00
0.05000000074505806,0.05000000074505806,0.04800000041723251,0.05000000074505806,1315818,2022-05-11 00:00:00+10:00
0.050999999046325684,0.050999999046325684,0.04500000178813934,0.04500000178813934,1360793,2022-05-12 00:00:00+10:00
0.04500000178813934,0.04500000178813934,0.04500000178813934,0.04500000178813934,0,2022-05-13 00:00:00+10:00
0.04800000041723251,0.04800000041723251,0.04600000008940697,0.04600000008940697,240000,2022-05-16 00:00:00+10:00
0.04899999871850014,0.04899999871850014,0.04800000041723251,0.04800000041723251,305082,2022-05-17 00:00:00+10:00
0.04899999871850014,0.04899999871850014,0.04899999871850014,0.04899999871850014,30138,2022-05-18 00:00:00+10:00
0.04800000041723251,0.04899999871850014,0.04699999839067459,0.04699999839067459,343158,2022-05-19 00:00:00+10:00
0.04699999839067459,0.04699999839067459,0.04699999839067459,0.04699999839067459,0,2022-05-20 00:00:00+10:00
0.04899999871850014,0.05000000074505806,0.04899999871850014,0.05000000074505806,19915,2022-05-23 00:00:00+10:00
0.05299999937415123,0.05299999937415123,0.05299999937415123,0.05299999937415123,94,2022-05-24 00:00:00+10:00
0.05299999937415123,0.05299999937415123,0.05299999937415123,0.05299999937415123,1795,2022-05-25 00:00:00+10:00
0.05299999937415123,0.05299999937415123,0.04899999871850014,0.05299999937415123,127638,2022-05-26 00:00:00+10:00
0.05299999937415123,0.05299999937415123,0.05299999937415123,0.05299999937415123,0,2022-05-27 00:00:00+10:00
0.054999999701976776,0.054999999701976776,0.054999999701976776,0.054999999701976776,10000,2022-05-30 00:00:00+10:00
0.05000000074505806,0.05000000074505806,0.04899999871850014,0.04899999871850014,607478,2022-05-31 00:00:00+10:00
0.04899999871850014,0.04899999871850014,0.04899999871850014,0.04899999871850014,0,2022-06-01 00:00:00+10:00
0.04899999871850014,0.04899999871850014,0.04899999871850014,0.04899999871850014,0,2022-06-02 00:00:00+10:00
0.050999999046325684,0.050999999046325684,0.050999999046325684,0.050999999046325684,2400,2022-06-03 00:00:00+10:00
0.052000001072883606,0.052000001072883606,0.04899999871850014,0.04899999871850014,500000,2022-06-06 00:00:00+10:00
0.04899999871850014,0.04899999871850014,0.04899999871850014,0.04899999871850014,0,2022-06-07 00:00:00+10:00
0.04899999871850014,0.04899999871850014,0.04899999871850014,0.04899999871850014,10000,2022-06-08 00:00:00+10:00
0.04899999871850014,0.04899999871850014,0.04899999871850014,0.04899999871850014,0,2022-06-09 00:00:00+10:00
0.04899999871850014,0.04899999871850014,0.04899999871850014,0.04899999871850014,46345,2022-06-10 00:00:00+10:00
0.04899999871850014,0.04899999871850014,0.04500000178813934,0.04500000178813934,875679,2022-06-14 00:00:00+10:00
0.04600000008940697,0.04600000008940697,0.04600000008940697,0.04600000008940697,192307,2022-06-15 00:00:00+10:00
0.04600000008940697,0.04600000008940697,0.04600000008940697,0.04600000008940697,3915,2022-06-16 00:00:00+10:00
0.04600000008940697,0.04600000008940697,0.04600000008940697,0.04600000008940697,20852,2022-06-17 00:00:00+10:00
0.04600000008940697,0.04600000008940697,0.041999999433755875,0.041999999433755875,234639,2022-06-20 00:00:00+10:00
0.0430000014603138,0.0430000014603138,0.041999999433755875,0.041999999433755875,6200,2022-06-21 00:00:00+10:00
0.04600000008940697,0.04600000008940697,0.04600000008940697,0.04600000008940697,110000,2022-06-22 00:00:00+10:00
0.04699999839067459,0.04699999839067459,0.04500000178813934,0.04500000178813934,260798,2022-06-23 00:00:00+10:00
0.04600000008940697,0.04600000008940697,0.04500000178813934,0.04500000178813934,11780,2022-06-24 00:00:00+10:00
0.04500000178813934,0.04500000178813934,0.04500000178813934,0.04500000178813934,26250,2022-06-27 00:00:00+10:00
0.04500000178813934,0.04500000178813934,0.04500000178813934,0.04500000178813934,0,2022-06-28 00:00:00+10:00
0.04699999839067459,0.04699999839067459,0.04600000008940697,0.04600000008940697,71500,2022-06-29 00:00:00+10:00
0.04600000008940697,0.04600000008940697,0.04600000008940697,0.04600000008940697,0,2022-06-30 00:00:00+10:00
0.05299999937415123,0.06199999898672104,0.05299999937415123,0.05999999865889549,1687824,2022-07-01 00:00:00+10:00
0.061000000685453415,0.06300000101327896,0.061000000685453415,0.06300000101327896,141925,2022-07-04 00:00:00+10:00
0.06199999898672104,0.06199999898672104,0.05999999865889549,0.05999999865889549,776242,2022-07-05 00:00:00+10:00
0.05999999865889549,0.061000000685453415,0.05999999865889549,0.05999999865889549,253115,2022-07-06 00:00:00+10:00
0.05999999865889549,0.05999999865889549,0.05999999865889549,0.05999999865889549,0,2022-07-07 00:00:00+10:00
0.05999999865889549,0.05999999865889549,0.05999999865889549,0.05999999865889549,47361,2022-07-08 00:00:00+10:00
0.05999999865889549,0.05999999865889549,0.05999999865889549,0.05999999865889549,102639,2022-07-11 00:00:00+10:00
0.05999999865889549,0.05999999865889549,0.05999999865889549,0.05999999865889549,334,2022-07-12 00:00:00+10:00
0.05900000035762787,0.05900000035762787,0.05900000035762787,0.05900000035762787,6200,2022-07-13 00:00:00+10:00
0.05900000035762787,0.05900000035762787,0.05900000035762787,0.05900000035762787,0,2022-07-14 00:00:00+10:00
0.05900000035762787,0.05900000035762787,0.05900000035762787,0.05900000035762787,20844,2022-07-15 00:00:00+10:00
0.05900000035762787,0.05900000035762787,0.05900000035762787,0.05900000035762787,0,2022-07-18 00:00:00+10:00
0.05900000035762787,0.05900000035762787,0.0560000017285347,0.0560000017285347,138112,2022-07-19 00:00:00+10:00
0.0560000017285347,0.0560000017285347,0.0560000017285347,0.0560000017285347,0,2022-07-20 00:00:00+10:00
0.05700000002980232,0.05700000002980232,0.05700000002980232,0.05700000002980232,55166,2022-07-21 00:00:00+10:00
0.05700000002980232,0.05700000002980232,0.05700000002980232,0.05700000002980232,0,2022-07-22 00:00:00+10:00
0.057999998331069946,0.057999998331069946,0.0560000017285347,0.0560000017285347,77908,2022-07-25 00:00:00+10:00
0.05900000035762787,0.05900000035762787,0.05900000035762787,0.05900000035762787,40018,2022-07-26 00:00:00+10:00
0.05900000035762787,0.05900000035762787,0.05900000035762787,0.05900000035762787,100,2022-07-27 00:00:00+10:00
0.05900000035762787,0.05900000035762787,0.05900000035762787,0.05900000035762787,0,2022-07-28 00:00:00+10:00
0.05900000035762787,0.05900000035762787,0.05900000035762787,0.05900000035762787,10501,2022-07-29 00:00:00+10:00
0.05700000002980232,0.05700000002980232,0.05700000002980232,0.05700000002980232,40000,2022-08-01 00:00:00+10:00
0.057999998331069946,0.057999998331069946,0.057999998331069946,0.057999998331069946,56500,2022-08-02 00:00:00+10:00
0.057999998331069946,0.057999998331069946,0.057999998331069946,0.057999998331069946,0,2022-08-03 00:00:00+10:00
0.05900000035762787,0.05900000035762787,0.054999999701976776,0.054999999701976776,232460,2022-08-04 00:00:00+10:00
0.054999999701976776,0.054999999701976776,0.054999999701976776,0.054999999701976776,0,2022-08-05 00:00:00+10:00
0.054999999701976776,0.054999999701976776,0.054999999701976776,0.054999999701976776,45097,2022-08-08 00:00:00+10:00
0.05400000140070915,0.05400000140070915,0.05400000140070915,0.05400000140070915,110,2022-08-09 00:00:00+10:00
0.05400000140070915,0.05400000140070915,0.05400000140070915,0.05400000140070915,0,2022-08-10 00:00:00+10:00
0.05400000140070915,0.05400000140070915,0.05400000140070915,0.05400000140070915,0,2022-08-11 00:00:00+10:00
0.05400000140070915,0.05400000140070915,0.052000001072883606,0.052000001072883606,34961,2022-08-12 00:00:00+10:00
0.052000001072883606,0.052000001072883606,0.052000001072883606,0.052000001072883606,0,2022-08-15 00:00:00+10:00
0.05299999937415123,0.05400000140070915,0.050999999046325684,0.050999999046325684,428650,2022-08-16 00:00:00+10:00
0.052000001072883606,0.052000001072883606,0.05000000074505806,0.05000000074505806,100957,2022-08-17 00:00:00+10:00
0.05000000074505806,0.05000000074505806,0.05000000074505806,0.05000000074505806,15552,2022-08-18 00:00:00+10:00
0.050999999046325684,0.050999999046325684,0.050999999046325684,0.050999999046325684,55029,2022-08-19 00:00:00+10:00
0.050999999046325684,0.050999999046325684,0.050999999046325684,0.050999999046325684,0,2022-08-22 00:00:00+10:00
0.05400000140070915,0.05400000140070915,0.05400000140070915,0.05400000140070915,10000,2022-08-23 00:00:00+10:00
0.052000001072883606,0.052000001072883606,0.052000001072883606,0.052000001072883606,100000,2022-08-24 00:00:00+10:00
0.05000000074505806,0.05000000074505806,0.05000000074505806,0.05000000074505806,206057,2022-08-25 00:00:00+10:00
0.050999999046325684,0.050999999046325684,0.050999999046325684,0.050999999046325684,262776,2022-08-26 00:00:00+10:00
0.061000000685453415,0.061000000685453415,0.05999999865889549,0.05999999865889549,27676,2022-08-29 00:00:00+10:00
0.05999999865889549,0.05999999865889549,0.05999999865889549,0.05999999865889549,0,2022-08-30 00:00:00+10:00
0.054999999701976776,0.054999999701976776,0.054999999701976776,0.054999999701976776,18000,2022-08-31 00:00:00+10:00
0.050999999046325684,0.050999999046325684,0.050999999046325684,0.050999999046325684,157894,2022-09-01 00:00:00+10:00
0.052000001072883606,0.05400000140070915,0.050999999046325684,0.05400000140070915,238500,2022-09-02 00:00:00+10:00
0.054999999701976776,0.054999999701976776,0.05400000140070915,0.05400000140070915,209543,2022-09-05 00:00:00+10:00
0.052000001072883606,0.052000001072883606,0.052000001072883606,0.052000001072883606,108737,2022-09-06 00:00:00+10:00
0.052000001072883606,0.052000001072883606,0.052000001072883606,0.052000001072883606,0,2022-09-07 00:00:00+10:00
0.052000001072883606,0.052000001072883606,0.052000001072883606,0.052000001072883606,60000,2022-09-08 00:00:00+10:00
0.05299999937415123,0.05299999937415123,0.052000001072883606,0.052000001072883606,150001,2022-09-09 00:00:00+10:00
0.052000001072883606,0.052000001072883606,0.052000001072883606,0.052000001072883606,3000,2022-09-12 00:00:00+10:00
0.052000001072883606,0.052000001072883606,0.052000001072883606,0.052000001072883606,0,2022-09-13 00:00:00+10:00
0.052000001072883606,0.052000001072883606,0.052000001072883606,0.052000001072883606,0,2022-09-14 00:00:00+10:00
0.052000001072883606,0.052000001072883606,0.052000001072883606,0.052000001072883606,0,2022-09-15 00:00:00+10:00
0.052000001072883606,0.052000001072883606,0.052000001072883606,0.052000001072883606,0,2022-09-16 00:00:00+10:00
0.052000001072883606,0.052000001072883606,0.052000001072883606,0.052000001072883606,0,2022-09-19 00:00:00+10:00
0.052000001072883606,0.052000001072883606,0.052000001072883606,0.052000001072883606,0,2022-09-20 00:00:00+10:00
0.05400000140070915,0.05400000140070915,0.05400000140070915,0.05400000140070915,10000,2022-09-21 00:00:00+10:00
0.05400000140070915,0.05400000140070915,0.05299999937415123,0.05299999937415123,189200,2022-09-23 00:00:00+10:00
0.05400000140070915,0.05400000140070915,0.05400000140070915,0.05400000140070915,100185,2022-09-26 00:00:00+10:00
0.05299999937415123,0.05299999937415123,0.05000000074505806,0.05299999937415123,79852,2022-09-27 00:00:00+10:00
0.05299999937415123,0.05299999937415123,0.05299999937415123,0.05299999937415123,0,2022-09-28 00:00:00+10:00
0.05299999937415123,0.05299999937415123,0.05299999937415123,0.05299999937415123,0,2022-09-29 00:00:00+10:00
0.05299999937415123,0.05299999937415123,0.05299999937415123,0.05299999937415123,0,2022-09-30 00:00:00+10:00
0.05299999937415123,0.05299999937415123,0.05299999937415123,0.05299999937415123,4713,2022-10-03 00:00:00+11:00
0.05299999937415123,0.05299999937415123,0.05299999937415123,0.05299999937415123,0,2022-10-04 00:00:00+11:00
0.05299999937415123,0.05299999937415123,0.05299999937415123,0.05299999937415123,0,2022-10-05 00:00:00+11:00
0.050999999046325684,0.050999999046325684,0.050999999046325684,0.050999999046325684,8208,2022-10-06 00:00:00+11:00
0.05299999937415123,0.05299999937415123,0.05299999937415123,0.05299999937415123,19,2022-10-07 00:00:00+11:00
0.05299999937415123,0.05400000140070915,0.05299999937415123,0.05400000140070915,73720,2022-10-10 00:00:00+11:00
0.057999998331069946,0.05900000035762787,0.05700000002980232,0.05700000002980232,60772,2022-10-11 00:00:00+11:00
0.05700000002980232,0.05700000002980232,0.05700000002980232,0.05700000002980232,20594,2022-10-12 00:00:00+11:00
0.057999998331069946,0.057999998331069946,0.057999998331069946,0.057999998331069946,10898,2022-10-13 00:00:00+11:00
0.057999998331069946,0.057999998331069946,0.057999998331069946,0.057999998331069946,38369,2022-10-14 00:00:00+11:00
0.05900000035762787,0.05900000035762787,0.05900000035762787,0.05900000035762787,304,2022-10-17 00:00:00+11:00
0.05900000035762787,0.05900000035762787,0.05900000035762787,0.05900000035762787,675,2022-10-18 00:00:00+11:00
0.05900000035762787,0.05900000035762787,0.05900000035762787,0.05900000035762787,0,2022-10-19 00:00:00+11:00
0.05900000035762787,0.05900000035762787,0.05900000035762787,0.05900000035762787,0,2022-10-20 00:00:00+11:00
0.054999999701976776,0.05900000035762787,0.05299999937415123,0.05900000035762787,332430,2022-10-21 00:00:00+11:00
0.05999999865889549,0.061000000685453415,0.05999999865889549,0.061000000685453415,132409,2022-10-24 00:00:00+11:00
0.05999999865889549,0.05999999865889549,0.05999999865889549,0.05999999865889549,50000,2022-10-25 00:00:00+11:00
0.05999999865889549,0.05999999865889549,0.05999999865889549,0.05999999865889549,302,2022-10-26 00:00:00+11:00
0.05999999865889549,0.05999999865889549,0.0560000017285347,0.0560000017285347,39392,2022-10-27 00:00:00+11:00
0.0560000017285347,0.0560000017285347,0.0560000017285347,0.0560000017285347,0,2022-10-28 00:00:00+11:00
0.0560000017285347,0.0560000017285347,0.0560000017285347,0.0560000017285347,0,2022-10-31 00:00:00+11:00
0.0560000017285347,0.0560000017285347,0.0560000017285347,0.0560000017285347,0,2022-11-01 00:00:00+11:00
0.0560000017285347,0.0560000017285347,0.0560000017285347,0.0560000017285347,0,2022-11-02 00:00:00+11:00
0.05700000002980232,0.05700000002980232,0.054999999701976776,0.054999999701976776,50000,2022-11-03 00:00:00+11:00
0.054999999701976776,0.054999999701976776,0.054999999701976776,0.054999999701976776,31651,2022-11-04 00:00:00+11:00
0.054999999701976776,0.054999999701976776,0.054999999701976776,0.054999999701976776,0,2022-11-07 00:00:00+11:00
0.0560000017285347,0.0560000017285347,0.0560000017285347,0.0560000017285347,1,2022-11-08 00:00:00+11:00
0.0560000017285347,0.0560000017285347,0.0560000017285347,0.0560000017285347,0,2022-11-09 00:00:00+11:00
0.0560000017285347,0.0560000017285347,0.0560000017285347,0.0560000017285347,0,2022-11-10 00:00:00+11:00
0.0560000017285347,0.0560000017285347,0.0560000017285347,0.0560000017285347,0,2022-11-11 00:00:00+11:00
0.057999998331069946,0.057999998331069946,0.057999998331069946,0.057999998331069946,25000,2022-11-14 00:00:00+11:00
0.057999998331069946,0.05900000035762787,0.057500001043081284,0.057999998331069946,32954,2022-11-15 00:00:00+11:00
0.05700000002980232,0.05700000002980232,0.05700000002980232,0.05700000002980232,17500,2022-11-16 00:00:00+11:00
0.05299999937415123,0.05400000140070915,0.05299999937415123,0.05400000140070915,2784,2022-11-17 00:00:00+11:00
0.05400000140070915,0.05400000140070915,0.05400000140070915,0.05400000140070915,0,2022-11-18 00:00:00+11:00
0.05400000140070915,0.05400000140070915,0.05400000140070915,0.05400000140070915,0,2022-11-21 00:00:00+11:00
0.054999999701976776,0.054999999701976776,0.052000001072883606,0.052000001072883606,240100,2022-11-22 00:00:00+11:00
0.052000001072883606,0.052000001072883606,0.052000001072883606,0.052000001072883606,0,2022-11-23 00:00:00+11:00
0.052000001072883606,0.052000001072883606,0.052000001072883606,0.052000001072883606,0,2022-11-24 00:00:00+11:00
0.05299999937415123,0.05299999937415123,0.05000000074505806,0.05000000074505806,107333,2022-11-25 00:00:00+11:00
0.05299999937415123,0.05299999937415123,0.05299999937415123,0.05299999937415123,75000,2022-11-28 00:00:00+11:00
0.05299999937415123,0.05299999937415123,0.05299999937415123,0.05299999937415123,0,2022-11-29 00:00:00+11:00
0.05299999937415123,0.05299999937415123,0.05299999937415123,0.05299999937415123,0,2022-11-30 00:00:00+11:00
0.05700000002980232,0.05700000002980232,0.0560000017285347,0.0560000017285347,142994,2022-12-01 00:00:00+11:00
0.0560000017285347,0.0560000017285347,0.0560000017285347,0.0560000017285347,0,2022-12-02 00:00:00+11:00
0.05900000035762787,0.05999999865889549,0.05900000035762787,0.05999999865889549,42283,2022-12-05 00:00:00+11:00
0.061000000685453415,0.06300000101327896,0.061000000685453415,0.06300000101327896,305763,2022-12-06 00:00:00+11:00
0.06499999761581421,0.06499999761581421,0.06499999761581421,0.06499999761581421,11400,2022-12-07 00:00:00+11:00
0.06499999761581421,0.06499999761581421,0.06499999761581421,0.06499999761581421,0,2022-12-08 00:00:00+11:00
0.06499999761581421,0.06499999761581421,0.06499999761581421,0.06499999761581421,0,2022-12-09 00:00:00+11:00
0.06400000303983688,0.06499999761581421,0.06400000303983688,0.06499999761581421,76759,2022-12-12 00:00:00+11:00
0.06499999761581421,0.06499999761581421,0.06499999761581421,0.06499999761581421,0,2022-12-13 00:00:00+11:00
0.061000000685453415,0.061000000685453415,0.05700000002980232,0.05700000002980232,142400,2022-12-14 00:00:00+11:00
0.05700000002980232,0.05700000002980232,0.05700000002980232,0.05700000002980232,0,2022-12-15 00:00:00+11:00
0.057999998331069946,0.057999998331069946,0.054999999701976776,0.054999999701976776,100264,2022-12-16 00:00:00+11:00
0.052000001072883606,0.05400000140070915,0.050999999046325684,0.050999999046325684,716621,2022-12-19 00:00:00+11:00
0.050999999046325684,0.050999999046325684,0.050999999046325684,0.050999999046325684,124400,2022-12-20 00:00:00+11:00
0.050999999046325684,0.050999999046325684,0.05000000074505806,0.05000000074505806,80479,2022-12-21 00:00:00+11:00
0.05000000074505806,0.05000000074505806,0.05000000074505806,0.05000000074505806,35660,2022-12-22 00:00:00+11:00
0.050999999046325684,0.050999999046325684,0.050999999046325684,0.050999999046325684,98699,2022-12-23 00:00:00+11:00
0.052000001072883606,0.052000001072883606,0.050999999046325684,0.050999999046325684,38000,2022-12-28 00:00:00+11:00
0.050999999046325684,0.050999999046325684,0.050999999046325684,0.050999999046325684,0,2022-12-29 00:00:00+11:00
0.050999999046325684,0.050999999046325684,0.050999999046325684,0.050999999046325684,0,2022-12-30 00:00:00+11:00
0.050999999046325684,0.050999999046325684,0.050999999046325684,0.050999999046325684,0,2023-01-03 00:00:00+11:00
0.050999999046325684,0.050999999046325684,0.050999999046325684,0.050999999046325684,0,2023-01-04 00:00:00+11:00
0.05299999937415123,0.054499998688697815,0.05299999937415123,0.05400000140070915,93108,2023-01-05 00:00:00+11:00
0.05400000140070915,0.05400000140070915,0.05400000140070915,0.05400000140070915,0,2023-01-06 00:00:00+11:00
0.05400000140070915,0.0560000017285347,0.05400000140070915,0.0560000017285347,61141,2023-01-09 00:00:00+11:00
0.0560000017285347,0.0560000017285347,0.0560000017285347,0.0560000017285347,0,2023-01-10 00:00:00+11:00
0.0560000017285347,0.0560000017285347,0.0560000017285347,0.0560000017285347,0,2023-01-11 00:00:00+11:00
0.054999999701976776,0.05700000002980232,0.054999999701976776,0.0560000017285347,50011,2023-01-12 00:00:00+11:00
0.05299999937415123,0.05299999937415123,0.05299999937415123,0.05299999937415123,36244,2023-01-13 00:00:00+11:00
0.05299999937415123,0.05299999937415123,0.05299999937415123,0.05299999937415123,0,2023-01-16 00:00:00+11:00
0.057999998331069946,0.057999998331069946,0.057999998331069946,0.057999998331069946,96086,2023-01-17 00:00:00+11:00
0.057999998331069946,0.05999999865889549,0.057500001043081284,0.05849999934434891,106416,2023-01-18 00:00:00+11:00
0.05999999865889549,0.061000000685453415,0.05999999865889549,0.05999999865889549,1269994,2023-01-19 00:00:00+11:00
0.057999998331069946,0.05999999865889549,0.057999998331069946,0.05999999865889549,51666,2023-01-20 00:00:00+11:00
0.061000000685453415,0.06199999898672104,0.061000000685453415,0.06199999898672104,31816,2023-01-23 00:00:00+11:00
0.0625,0.06300000101327896,0.0625,0.06300000101327896,16003,2023-01-24 00:00:00+11:00
0.06499999761581421,0.06499999761581421,0.06400000303983688,0.06400000303983688,75384,2023-01-25 00:00:00+11:00
0.06400000303983688,0.06400000303983688,0.06400000303983688,0.06400000303983688,0,2023-01-27 00:00:00+11:00
0.06400000303983688,0.06400000303983688,0.06400000303983688,0.06400000303983688,0,2023-01-30 00:00:00+11:00
0.05999999865889549,0.05999999865889549,0.05900000035762787,0.05900000035762787,467000,2023-01-31 00:00:00+11:00
0.05900000035762787,0.05900000035762787,0.05900000035762787,0.05900000035762787,71418,2023-02-01 00:00:00+11:00
0.05900000035762787,0.05900000035762787,0.05900000035762787,0.05900000035762787,300,2023-02-02 00:00:00+11:00
0.05999999865889549,0.05999999865889549,0.05999999865889549,0.05999999865889549,534604,2023-02-03 00:00:00+11:00
0.05999999865889549,0.05999999865889549,0.05999999865889549,0.05999999865889549,0,2023-02-06 00:00:00+11:00
0.06400000303983688,0.06400000303983688,0.06400000303983688,0.06400000303983688,8281,2023-02-07 00:00:00+11:00
0.06300000101327896,0.06300000101327896,0.05999999865889549,0.06300000101327896,164101,2023-02-08 00:00:00+11:00
0.061000000685453415,0.061000000685453415,0.05999999865889549,0.05999999865889549,123000,2023-02-09 00:00:00+11:00
0.05999999865889549,0.05999999865889549,0.05999999865889549,0.05999999865889549,0,2023-02-10 00:00:00+11:00
0.05999999865889549,0.05999999865889549,0.05999999865889549,0.05999999865889549,389150,2023-02-13 00:00:00+11:00
0.05999999865889549,0.05999999865889549,0.05900000035762787,0.05900000035762787,848475,2023-02-14 00:00:00+11:00
0.05900000035762787,0.05900000035762787,0.05900000035762787,0.05900000035762787,0,2023-02-15 00:00:00+11:00
0.05900000035762787,0.05900000035762787,0.05900000035762787,0.05900000035762787,96452,2023-02-16 00:00:00+11:00
0.05299999937415123,0.05900000035762787,0.05299999937415123,0.05299999937415123,327740,2023-02-17 00:00:00+11:00
0.05299999937415123,0.05299999937415123,0.05299999937415123,0.05299999937415123,0,2023-02-20 00:00:00+11:00
0.05299999937415123,0.05299999937415123,0.05299999937415123,0.05299999937415123,0,2023-02-21 00:00:00+11:00
0.05999999865889549,0.05999999865889549,0.05999999865889549,0.05999999865889549,1500,2023-02-22 00:00:00+11:00
0.061000000685453415,0.061000000685453415,0.05999999865889549,0.05999999865889549,311041,2023-02-23 00:00:00+11:00
0.057999998331069946,0.057999998331069946,0.054999999701976776,0.054999999701976776,114723,2023-02-24 00:00:00+11:00
0.05900000035762787,0.05900000035762787,0.05900000035762787,0.05900000035762787,185761,2023-02-27 00:00:00+11:00
0.05900000035762787,0.05999999865889549,0.05900000035762787,0.05900000035762787,28195,2023-02-28 00:00:00+11:00
0.05400000140070915,0.057999998331069946,0.05400000140070915,0.054999999701976776,1061490,2023-03-01 00:00:00+11:00
0.0560000017285347,0.0560000017285347,0.05400000140070915,0.05400000140070915,592823,2023-03-02 00:00:00+11:00
0.05299999937415123,0.05299999937415123,0.05299999937415123,0.05299999937415123,1390,2023-03-03 00:00:00+11:00
0.05299999937415123,0.05299999937415123,0.052000001072883606,0.052000001072883606,487539,2023-03-06 00:00:00+11:00
0.05400000140070915,0.05400000140070915,0.05400000140070915,0.05400000140070915,6,2023-03-07 00:00:00+11:00
0.05400000140070915,0.05400000140070915,0.052000001072883606,0.052000001072883606,557257,2023-03-08 00:00:00+11:00
0.052000001072883606,0.052000001072883606,0.05000000074505806,0.05000000074505806,275000,2023-03-09 00:00:00+11:00
0.05000000074505806,0.05000000074505806,0.05000000074505806,0.05000000074505806,0,2023-03-10 00:00:00+11:00
0.05000000074505806,0.05000000074505806,0.05000000074505806,0.05000000074505806,0,2023-03-13 00:00:00+11:00
0.050999999046325684,0.050999999046325684,0.050999999046325684,0.050999999046325684,14316,2023-03-14 00:00:00+11:00
0.050999999046325684,0.050999999046325684,0.050999999046325684,0.050999999046325684,0,2023-03-15 00:00:00+11:00
0.054999999701976776,0.05700000002980232,0.054999999701976776,0.05700000002980232,47200,2023-03-16 00:00:00+11:00
0.05700000002980232,0.05700000002980232,0.05700000002980232,0.05700000002980232,0,2023-03-17 00:00:00+11:00
0.05700000002980232,0.05700000002980232,0.05700000002980232,0.05700000002980232,0,2023-03-20 00:00:00+11:00
0.05400000140070915,0.05400000140070915,0.050999999046325684,0.050999999046325684,139756,2023-03-21 00:00:00+11:00
0.052000001072883606,0.05900000035762787,0.052000001072883606,0.057999998331069946,58776,2023-03-22 00:00:00+11:00
0.05700000002980232,0.05700000002980232,0.05700000002980232,0.05700000002980232,8979,2023-03-23 00:00:00+11:00
0.057500001043081284,0.057999998331069946,0.057500001043081284,0.057999998331069946,100000,2023-03-24 00:00:00+11:00
0.057999998331069946,0.057999998331069946,0.057999998331069946,0.057999998331069946,0,2023-03-27 00:00:00+11:00
0.057999998331069946,0.057999998331069946,0.050999999046325684,0.05400000140070915,70619,2023-03-28 00:00:00+11:00
0.05400000140070915,0.05400000140070915,0.05400000140070915,0.05400000140070915,0,2023-03-29 00:00:00+11:00
0.05400000140070915,0.05400000140070915,0.05400000140070915,0.05400000140070915,0,2023-03-30 00:00:00+11:00
0.05400000140070915,0.05400000140070915,0.05400000140070915,0.05400000140070915,0,2023-03-31 00:00:00+11:00
0.05400000140070915,0.05400000140070915,0.05400000140070915,0.05400000140070915,0,2023-04-03 00:00:00+10:00
0.05400000140070915,0.05400000140070915,0.050999999046325684,0.050999999046325684,15680,2023-04-04 00:00:00+10:00
0.050999999046325684,0.05400000140070915,0.050999999046325684,0.05400000140070915,86876,2023-04-05 00:00:00+10:00
0.05400000140070915,0.05400000140070915,0.05400000140070915,0.05400000140070915,0,2023-04-06 00:00:00+10:00
0.05400000140070915,0.05400000140070915,0.05400000140070915,0.05400000140070915,0,2023-04-11 00:00:00+10:00
0.05400000140070915,0.05400000140070915,0.05400000140070915,0.05400000140070915,0,2023-04-12 00:00:00+10:00
0.05400000140070915,0.05400000140070915,0.05400000140070915,0.05400000140070915,0,2023-04-13 00:00:00+10:00
0.05400000140070915,0.05400000140070915,0.05400000140070915,0.05400000140070915,0,2023-04-14 00:00:00+10:00
0.05400000140070915,0.05400000140070915,0.05400000140070915,0.05400000140070915,0,2023-04-17 00:00:00+10:00
0.05400000140070915,0.05400000140070915,0.05400000140070915,0.05400000140070915,0,2023-04-18 00:00:00+10:00
0.0560000017285347,0.06400000303983688,0.0560000017285347,0.06400000303983688,945414,2023-04-19 00:00:00+10:00
0.05999999865889549,0.05999999865889549,0.05999999865889549,0.05999999865889549,103592,2023-04-20 00:00:00+10:00
0.05999999865889549,0.05999999865889549,0.05999999865889549,0.05999999865889549,11666,2023-04-21 00:00:00+10:00
0.05999999865889549,0.05999999865889549,0.05999999865889549,0.05999999865889549,0,2023-04-24 00:00:00+10:00
0.05999999865889549,0.05999999865889549,0.05999999865889549,0.05999999865889549,0,2023-04-26 00:00:00+10:00
0.05999999865889549,0.05999999865889549,0.05999999865889549,0.05999999865889549,1,2023-04-27 00:00:00+10:00
0.05999999865889549,0.05999999865889549,0.05999999865889549,0.05999999865889549,16666,2023-04-28 00:00:00+10:00
0.05999999865889549,0.05999999865889549,0.05999999865889549,0.05999999865889549,0,2023-05-01 00:00:00+10:00
0.05999999865889549,0.06300000101327896,0.05900000035762787,0.05999999865889549,264521,2023-05-02 00:00:00+10:00
0.05999999865889549,0.05999999865889549,0.05999999865889549,0.05999999865889549,250000,2023-05-03 00:00:00+10:00
0.05999999865889549,0.05999999865889549,0.05999999865889549,0.05999999865889549,0,2023-05-04 00:00:00+10:00
0.05999999865889549,0.05999999865889549,0.05999999865889549,0.05999999865889549,0,2023-05-05 00:00:00+10:00
0.05700000002980232,0.05700000002980232,0.054999999701976776,0.054999999701976776,122029,2023-05-08 00:00:00+10:00
0.054999999701976776,0.054999999701976776,0.054999999701976776,0.054999999701976776,3532,2023-05-09 00:00:00+10:00
0.054999999701976776,0.054999999701976776,0.054999999701976776,0.054999999701976776,0,2023-05-10 00:00:00+10:00
0.054999999701976776,0.054999999701976776,0.054999999701976776,0.054999999701976776,50000,2023-05-11 00:00:00+10:00
0.054999999701976776,0.054999999701976776,0.054999999701976776,0.054999999701976776,597706,2023-05-12 00:00:00+10:00
0.054999999701976776,0.054999999701976776,0.054999999701976776,0.054999999701976776,0,2023-05-15 00:00:00+10:00
0.054999999701976776,0.054999999701976776,0.054999999701976776,0.054999999701976776,0,2023-05-16 00:00:00+10:00
0.054999999701976776,0.054999999701976776,0.054999999701976776,0.054999999701976776,0,2023-05-17 00:00:00+10:00
0.054999999701976776,0.054999999701976776,0.054999999701976776,0.054999999701976776,0,2023-05-18 00:00:00+10:00
0.054999999701976776,0.054999999701976776,0.054999999701976776,0.054999999701976776,0,2023-05-19 00:00:00+10:00
0.054999999701976776,0.054999999701976776,0.05400000140070915,0.05400000140070915,100194,2023-05-22 00:00:00+10:00
0.0560000017285347,0.05700000002980232,0.0560000017285347,0.05700000002980232,100194,2023-05-23 00:00:00+10:00
0.05700000002980232,0.05700000002980232,0.05700000002980232,0.05700000002980232,0,2023-05-24 00:00:00+10:00
0.05700000002980232,0.05700000002980232,0.05700000002980232,0.05700000002980232,0,2023-05-25 00:00:00+10:00
0.05700000002980232,0.05700000002980232,0.05700000002980232,0.05700000002980232,0,2023-05-26 00:00:00+10:00
0.05700000002980232,0.05700000002980232,0.05700000002980232,0.05700000002980232,0,2023-05-29 00:00:00+10:00
0.05700000002980232,0.05700000002980232,0.05700000002980232,0.05700000002980232,0,2023-05-30 00:00:00+10:00
0.0560000017285347,0.0560000017285347,0.0560000017285347,0.0560000017285347,25743,2023-05-31 00:00:00+10:00
0.05400000140070915,0.05700000002980232,0.05400000140070915,0.05700000002980232,89361,2023-06-01 00:00:00+10:00
0.05700000002980232,0.05700000002980232,0.05700000002980232,0.05700000002980232,20000,2023-06-02 00:00:00+10:00
0.05400000140070915,0.05400000140070915,0.05400000140070915,0.05400000140070915,10587,2023-06-05 00:00:00+10:00
0.054999999701976776,0.057999998331069946,0.054999999701976776,0.057999998331069946,180000,2023-06-06 00:00:00+10:00
0.057999998331069946,0.057999998331069946,0.057999998331069946,0.057999998331069946,0,2023-06-07 00:00:00+10:00
0.057999998331069946,0.057999998331069946,0.057999998331069946,0.057999998331069946,0,2023-06-08 00:00:00+10:00
0.05400000140070915,0.05400000140070915,0.05400000140070915,0.05400000140070915,137464,2023-06-09 00:00:00+10:00
0.05400000140070915,0.05400000140070915,0.05400000140070915,0.05400000140070915,546,2023-06-13 00:00:00+10:00
0.05299999937415123,0.05299999937415123,0.050999999046325684,0.05299999937415123,827896,2023-06-14 00:00:00+10:00
0.05299999937415123,0.05299999937415123,0.05299999937415123,0.05299999937415123,0,2023-06-15 00:00:00+10:00
0.05299999937415123,0.05299999937415123,0.052000001072883606,0.052000001072883606,375,2023-06-16 00:00:00+10:00
0.050999999046325684,0.050999999046325684,0.05000000074505806,0.05000000074505806,100255,2023-06-19 00:00:00+10:00
0.050999999046325684,0.052000001072883606,0.050999999046325684,0.052000001072883606,94634,2023-06-20 00:00:00+10:00
0.05000000074505806,0.05000000074505806,0.05000000074505806,0.05000000074505806,160000,2023-06-21 00:00:00+10:00
0.05000000074505806,0.05000000074505806,0.05000000074505806,0.05000000074505806,345571,2023-06-22 00:00:00+10:00
0.05000000074505806,0.05000000074505806,0.05000000074505806,0.05000000074505806,40750,2023-06-23 00:00:00+10:00
0.05000000074505806,0.050999999046325684,0.05000000074505806,0.050999999046325684,163541,2023-06-26 00:00:00+10:00
0.050999999046325684,0.050999999046325684,0.05000000074505806,0.050999999046325684,230000,2023-06-27 00:00:00+10:00
0.050999999046325684,0.050999999046325684,0.050999999046325684,0.050999999046325684,275076,2023-06-28 00:00:00+10:00
0.050999999046325684,0.050999999046325684,0.050999999046325684,0.050999999046325684,0,2023-06-29 00:00:00+10:00
0.050999999046325684,0.050999999046325684,0.050999999046325684,0.050999999046325684,0,2023-06-30 00:00:00+10:00
0.050999999046325684,0.050999999046325684,0.050999999046325684,0.050999999046325684,100000,2023-07-03 00:00:00+10:00
0.050999999046325684,0.050999999046325684,0.050999999046325684,0.050999999046325684,0,2023-07-04 00:00:00+10:00
0.050999999046325684,0.050999999046325684,0.050999999046325684,0.050999999046325684,0,2023-07-05 00:00:00+10:00
0.05299999937415123,0.0560000017285347,0.05299999937415123,0.0560000017285347,26000,2023-07-06 00:00:00+10:00
0.05400000140070915,0.05400000140070915,0.05400000140070915,0.05400000140070915,115194,2023-07-07 00:00:00+10:00
0.054999999701976776,0.054999999701976776,0.054999999701976776,0.054999999701976776,2328,2023-07-10 00:00:00+10:00
0.054999999701976776,0.054999999701976776,0.054999999701976776,0.054999999701976776,247672,2023-07-11 00:00:00+10:00
0.054999999701976776,0.054999999701976776,0.054999999701976776,0.054999999701976776,26508,2023-07-12 00:00:00+10:00
0.05400000140070915,0.05400000140070915,0.05400000140070915,0.05400000140070915,10909,2023-07-13 00:00:00+10:00
0.050999999046325684,0.050999999046325684,0.050999999046325684,0.050999999046325684,3110,2023-07-14 00:00:00+10:00
0.050999999046325684,0.050999999046325684,0.050999999046325684,0.050999999046325684,0,2023-07-17 00:00:00+10:00
0.050999999046325684,0.050999999046325684,0.050999999046325684,0.050999999046325684,45000,2023-07-18 00:00:00+10:00
0.050999999046325684,0.050999999046325684,0.050999999046325684,0.050999999046325684,129375,2023-07-19 00:00:00+10:00
0.050999999046325684,0.050999999046325684,0.050999999046325684,0.050999999046325684,168250,2023-07-20 00:00:00+10:00
0.05299999937415123,0.05299999937415123,0.05299999937415123,0.05299999937415123,43997,2023-07-21 00:00:00+10:00
0.052000001072883606,0.052000001072883606,0.052000001072883606,0.052000001072883606,93513,2023-07-24 00:00:00+10:00
0.052000001072883606,0.052000001072883606,0.050999999046325684,0.050999999046325684,87607,2023-07-25 00:00:00+10:00
0.050999999046325684,0.05299999937415123,0.050999999046325684,0.05299999937415123,47392,2023-07-26 00:00:00+10:00
0.05299999937415123,0.05299999937415123,0.05299999937415123,0.05299999937415123,0,2023-07-27 00:00:00+10:00
0.05299999937415123,0.05299999937415123,0.05299999937415123,0.05299999937415123,186,2023-07-28 00:00:00+10:00
0.05299999937415123,0.05299999937415123,0.05299999937415123,0.05299999937415123,200283,2023-07-31 00:00:00+10:00
0.05299999937415123,0.05299999937415123,0.05299999937415123,0.05299999937415123,0,2023-08-01 00:00:00+10:00
0.05299999937415123,0.05299999937415123,0.05299999937415123,0.05299999937415123,0,2023-08-02 00:00:00+10:00
0.05299999937415123,0.05299999937415123,0.05299999937415123,0.05299999937415123,57244,2023-08-03 00:00:00+10:00
0.05400000140070915,0.05400000140070915,0.05400000140070915,0.05400000140070915,10017,2023-08-04 00:00:00+10:00
0.05400000140070915,0.05400000140070915,0.05400000140070915,0.05400000140070915,18524,2023-08-07 00:00:00+10:00
0.05400000140070915,0.05400000140070915,0.05400000140070915,0.05400000140070915,0,2023-08-08 00:00:00+10:00
0.05400000140070915,0.0560000017285347,0.05400000140070915,0.0560000017285347,301566,2023-08-09 00:00:00+10:00
0.0560000017285347,0.0560000017285347,0.0560000017285347,0.0560000017285347,0,2023-08-10 00:00:00+10:00
0.0560000017285347,0.05700000002980232,0.0560000017285347,0.05700000002980232,10756,2023-08-11 00:00:00+10:00
0.05700000002980232,0.05700000002980232,0.05700000002980232,0.05700000002980232,17543,2023-08-14 00:00:00+10:00
0.05400000140070915,0.05400000140070915,0.05400000140070915,0.05400000140070915,75850,2023-08-15 00:00:00+10:00
0.05400000140070915,0.05400000140070915,0.05299999937415123,0.05299999937415123,166046,2023-08-16 00:00:00+10:00
0.05400000140070915,0.054999999701976776,0.05299999937415123,0.054999999701976776,527657,2023-08-17 00:00:00+10:00
0.054999999701976776,0.054999999701976776,0.054999999701976776,0.054999999701976776,5,2023-08-18 00:00:00+10:00
0.054999999701976776,0.054999999701976776,0.054999999701976776,0.054999999701976776,0,2023-08-21 00:00:00+10:00
0.054999999701976776,0.054999999701976776,0.054999999701976776,0.054999999701976776,0,2023-08-22 00:00:00+10:00
0.05700000002980232,0.05700000002980232,0.05700000002980232,0.05700000002980232,69943,2023-08-23 00:00:00+10:00
0.05400000140070915,0.05400000140070915,0.05400000140070915,0.05400000140070915,20000,2023-08-24 00:00:00+10:00
0.054999999701976776,0.054999999701976776,0.054999999701976776,0.054999999701976776,40036,2023-08-25 00:00:00+10:00
0.054999999701976776,0.054999999701976776,0.05400000140070915,0.05400000140070915,110500,2023-08-28 00:00:00+10:00
0.05400000140070915,0.05400000140070915,0.05400000140070915,0.05400000140070915,0,2023-08-29 00:00:00+10:00
0.05400000140070915,0.05400000140070915,0.05400000140070915,0.05400000140070915,0,2023-08-30 00:00:00+10:00
0.05400000140070915,0.05400000140070915,0.05400000140070915,0.05400000140070915,0,2023-08-31 00:00:00+10:00
0.05400000140070915,0.05400000140070915,0.052000001072883606,0.052000001072883606,63822,2023-09-01 00:00:00+10:00
0.05299999937415123,0.05299999937415123,0.05299999937415123,0.05299999937415123,50000,2023-09-04 00:00:00+10:00
0.05299999937415123,0.05299999937415123,0.05299999937415123,0.05299999937415123,0,2023-09-05 00:00:00+10:00
0.05299999937415123,0.05299999937415123,0.05299999937415123,0.05299999937415123,9670,2023-09-06 00:00:00+10:00
0.05299999937415123,0.054999999701976776,0.05299999937415123,0.054999999701976776,118782,2023-09-07 00:00:00+10:00
0.054999999701976776,0.054999999701976776,0.054999999701976776,0.054999999701976776,0,2023-09-08 00:00:00+10:00
0.05299999937415123,0.05299999937415123,0.052000001072883606,0.052000001072883606,216905,2023-09-11 00:00:00+10:00
0.052000001072883606,0.052000001072883606,0.052000001072883606,0.052000001072883606,0,2023-09-12 00:00:00+10:00
0.052000001072883606,0.052000001072883606,0.052000001072883606,0.052000001072883606,0,2023-09-13 00:00:00+10:00
0.052000001072883606,0.052000001072883606,0.052000001072883606,0.052000001072883606,0,2023-09-14 00:00:00+10:00
0.052000001072883606,0.052000001072883606,0.050999999046325684,0.050999999046325684,201452,2023-09-15 00:00:00+10:00
0.0560000017285347,0.0560000017285347,0.0560000017285347,0.0560000017285347,109439,2023-09-18 00:00:00+10:00
0.0560000017285347,0.0560000017285347,0.0560000017285347,0.0560000017285347,0,2023-09-19 00:00:00+10:00
0.0560000017285347,0.0560000017285347,0.0560000017285347,0.0560000017285347,0,2023-09-20 00:00:00+10:00
0.0560000017285347,0.0560000017285347,0.0560000017285347,0.0560000017285347,0,2023-09-21 00:00:00+10:00
0.054999999701976776,0.054999999701976776,0.054999999701976776,0.054999999701976776,19,2023-09-22 00:00:00+10:00
0.054999999701976776,0.054999999701976776,0.054999999701976776,0.054999999701976776,0,2023-09-25 00:00:00+10:00
0.0560000017285347,0.0560000017285347,0.0560000017285347,0.0560000017285347,17870,2023-09-26 00:00:00+10:00
0.0560000017285347,0.0560000017285347,0.0560000017285347,0.0560000017285347,112431,2023-09-27 00:00:00+10:00
0.0560000017285347,0.0560000017285347,0.0560000017285347,0.0560000017285347,0,2023-09-28 00:00:00+10:00
0.0560000017285347,0.0560000017285347,0.0560000017285347,0.0560000017285347,0,2023-09-29 00:00:00+10:00
0.0560000017285347,0.0560000017285347,0.0560000017285347,0.0560000017285347,0,2023-10-02 00:00:00+11:00
0.0560000017285347,0.0560000017285347,0.0560000017285347,0.0560000017285347,0,2023-10-03 00:00:00+11:00
0.0560000017285347,0.0560000017285347,0.0560000017285347,0.0560000017285347,0,2023-10-04 00:00:00+11:00
0.0560000017285347,0.0560000017285347,0.0560000017285347,0.0560000017285347,0,2023-10-05 00:00:00+11:00
0.0560000017285347,0.0560000017285347,0.0560000017285347,0.0560000017285347,0,2023-10-06 00:00:00+11:00
0.0560000017285347,0.0560000017285347,0.0560000017285347,0.0560000017285347,37660,2023-10-09 00:00:00+11:00
0.0560000017285347,0.0560000017285347,0.0560000017285347,0.0560000017285347,227,2023-10-10 00:00:00+11:00
0.0560000017285347,0.0560000017285347,0.0560000017285347,0.0560000017285347,0,2023-10-11 00:00:00+11:00
0.0560000017285347,0.0560000017285347,0.0560000017285347,0.0560000017285347,0,2023-10-12 00:00:00+11:00
0.0560000017285347,0.0560000017285347,0.0560000017285347,0.0560000017285347,26500,2023-10-13 00:00:00+11:00
0.0560000017285347,0.0560000017285347,0.0560000017285347,0.0560000017285347,100000,2023-10-16 00:00:00+11:00
0.0560000017285347,0.0560000017285347,0.0560000017285347,0.0560000017285347,0,2023-10-17 00:00:00+11:00
0.0560000017285347,0.0560000017285347,0.0560000017285347,0.0560000017285347,0,2023-10-18 00:00:00+11:00
0.0560000017285347,0.0560000017285347,0.0560000017285347,0.0560000017285347,0,2023-10-19 00:00:00+11:00
0.0560000017285347,0.057999998331069946,0.0560000017285347,0.057999998331069946,18938,2023-10-20 00:00:00+11:00
0.057999998331069946,0.057999998331069946,0.057999998331069946,0.057999998331069946,90,2023-10-23 00:00:00+11:00
0.057999998331069946,0.057999998331069946,0.057999998331069946,0.057999998331069946,0,2023-10-24 00:00:00+11:00
0.05700000002980232,0.05700000002980232,0.05700000002980232,0.05700000002980232,13377,2023-10-25 00:00:00+11:00
0.05700000002980232,0.05700000002980232,0.05700000002980232,0.05700000002980232,0,2023-10-26 00:00:00+11:00
0.05700000002980232,0.05700000002980232,0.0560000017285347,0.0560000017285347,274695,2023-10-27 00:00:00+11:00
0.0560000017285347,0.0560000017285347,0.0560000017285347,0.0560000017285347,0,2023-10-30 00:00:00+11:00
0.0560000017285347,0.0560000017285347,0.0560000017285347,0.0560000017285347,8651,2023-10-31 00:00:00+11:00
0.05700000002980232,0.05900000035762787,0.05700000002980232,0.05900000035762787,46082,2023-11-01 00:00:00+11:00
0.05900000035762787,0.05900000035762787,0.05900000035762787,0.05900000035762787,0,2023-11-02 00:00:00+11:00
0.05900000035762787,0.05900000035762787,0.05900000035762787,0.05900000035762787,0,2023-11-03 00:00:00+11:00
0.05900000035762787,0.05900000035762787,0.05900000035762787,0.05900000035762787,450,2023-11-06 00:00:00+11:00
0.05900000035762787,0.05900000035762787,0.05900000035762787,0.05900000035762787,7550,2023-11-07 00:00:00+11:00
0.05900000035762787,0.05900000035762787,0.05900000035762787,0.05900000035762787,0,2023-11-08 00:00:00+11:00
0.05900000035762787,0.05900000035762787,0.05900000035762787,0.05900000035762787,20,2023-11-09 00:00:00+11:00
0.05900000035762787,0.05999999865889549,0.05900000035762787,0.05999999865889549,116197,2023-11-10 00:00:00+11:00
0.05999999865889549,0.05999999865889549,0.05999999865889549,0.05999999865889549,8334,2023-11-13 00:00:00+11:00
0.057999998331069946,0.05900000035762787,0.057999998331069946,0.05900000035762787,41666,2023-11-14 00:00:00+11:00
0.05900000035762787,0.05900000035762787,0.05900000035762787,0.05900000035762787,0,2023-11-15 00:00:00+11:00
0.05900000035762787,0.05900000035762787,0.05900000035762787,0.05900000035762787,17,2023-11-16 00:00:00+11:00
0.05900000035762787,0.05900000035762787,0.05900000035762787,0.05900000035762787,0,2023-11-17 00:00:00+11:00
0.05900000035762787,0.05900000035762787,0.05900000035762787,0.05900000035762787,154,2023-11-20 00:00:00+11:00
0.05900000035762787,0.05900000035762787,0.0560000017285347,0.0560000017285347,230044,2023-11-21 00:00:00+11:00
0.052000001072883606,0.054999999701976776,0.052000001072883606,0.054999999701976776,269230,2023-11-22 00:00:00+11:00
0.054999999701976776,0.054999999701976776,0.054999999701976776,0.054999999701976776,0,2023-11-23 00:00:00+11:00
0.0560000017285347,0.05700000002980232,0.0560000017285347,0.05700000002980232,183220,2023-11-24 00:00:00+11:00
0.05700000002980232,0.05700000002980232,0.05700000002980232,0.05700000002980232,0,2023-11-27 00:00:00+11:00
0.05700000002980232,0.05700000002980232,0.05700000002980232,0.05700000002980232,0,2023-11-28 00:00:00+11:00
0.05700000002980232,0.05700000002980232,0.05700000002980232,0.05700000002980232,0,2023-11-29 00:00:00+11:00
0.057999998331069946,0.05900000035762787,0.057999998331069946,0.05900000035762787,141335,2023-11-30 00:00:00+11:00
0.05900000035762787,0.05900000035762787,0.05900000035762787,0.05900000035762787,7000,2023-12-01 00:00:00+11:00
0.05900000035762787,0.05900000035762787,0.05900000035762787,0.05900000035762787,0,2023-12-04 00:00:00+11:00
0.05900000035762787,0.05900000035762787,0.05900000035762787,0.05900000035762787,0,2023-12-05 00:00:00+11:00
0.05299999937415123,0.05299999937415123,0.05299999937415123,0.05299999937415123,50000,2023-12-06 00:00:00+11:00
0.052000001072883606,0.05299999937415123,0.052000001072883606,0.05299999937415123,46600,2023-12-07 00:00:00+11:00
0.057999998331069946,0.05900000035762787,0.057999998331069946,0.05900000035762787,60000,2023-12-08 00:00:00+11:00
0.05900000035762787,0.05900000035762787,0.05900000035762787,0.05900000035762787,0,2023-12-11 00:00:00+11:00
0.05900000035762787,0.05900000035762787,0.05900000035762787,0.05900000035762787,0,2023-12-12 00:00:00+11:00
0.05700000002980232,0.057999998331069946,0.05700000002980232,0.057999998331069946,10000,2023-12-13 00:00:00+11:00
0.05400000140070915,0.05400000140070915,0.05400000140070915,0.05400000140070915,10430,2023-12-14 00:00:00+11:00
0.05400000140070915,0.05400000140070915,0.05400000140070915,0.05400000140070915,0,2023-12-15 00:00:00+11:00
0.05400000140070915,0.05400000140070915,0.05400000140070915,0.05400000140070915,0,2023-12-18 00:00:00+11:00
0.05400000140070915,0.05400000140070915,0.05400000140070915,0.05400000140070915,0,2023-12-19 00:00:00+11:00
0.05400000140070915,0.05400000140070915,0.05400000140070915,0.05400000140070915,0,2023-12-20 00:00:00+11:00
0.05400000140070915,0.05400000140070915,0.05400000140070915,0.05400000140070915,0,2023-12-21 00:00:00+11:00
0.057999998331069946,0.057999998331069946,0.057999998331069946,0.057999998331069946,1727,2023-12-22 00:00:00+11:00
0.057999998331069946,0.057999998331069946,0.057999998331069946,0.057999998331069946,1000,2023-12-27 00:00:00+11:00
0.057999998331069946,0.057999998331069946,0.057999998331069946,0.057999998331069946,0,2023-12-28 00:00:00+11:00
0.057999998331069946,0.057999998331069946,0.057999998331069946,0.057999998331069946,0,2023-12-29 00:00:00+11:00
0.057999998331069946,0.057999998331069946,0.057999998331069946,0.057999998331069946,109,2024-01-02 00:00:00+11:00
0.057999998331069946,0.057999998331069946,0.057999998331069946,0.057999998331069946,25087,2024-01-03 00:00:00+11:00
0.057999998331069946,0.057999998331069946,0.057999998331069946,0.057999998331069946,0,2024-01-04 00:00:00+11:00
0.0560000017285347,0.0560000017285347,0.054999999701976776,0.054999999701976776,97734,2024-01-05 00:00:00+11:00
0.054999999701976776,0.054999999701976776,0.054999999701976776,0.054999999701976776,1279,2024-01-08 00:00:00+11:00
0.057999998331069946,0.057999998331069946,0.05400000140070915,0.05400000140070915,196021,2024-01-09 00:00:00+11:00
0.054999999701976776,0.054999999701976776,0.054999999701976776,0.054999999701976776,3979,2024-01-10 00:00:00+11:00
0.054999999701976776,0.054999999701976776,0.054999999701976776,0.054999999701976776,0,2024-01-11 00:00:00+11:00
0.054999999701976776,0.054999999701976776,0.054999999701976776,0.054999999701976776,0,2024-01-12 00:00:00+11:00
0.054999999701976776,0.054999999701976776,0.054999999701976776,0.054999999701976776,0,2024-01-15 00:00:00+11:00
0.054999999701976776,0.054999999701976776,0.054999999701976776,0.054999999701976776,10000,2024-01-16 00:00:00+11:00
0.057999998331069946,0.057999998331069946,0.057999998331069946,0.057999998331069946,10339,2024-01-17 00:00:00+11:00
0.057999998331069946,0.057999998331069946,0.057999998331069946,0.057999998331069946,8700,2024-01-18 00:00:00+11:00
0.057999998331069946,0.057999998331069946,0.057999998331069946,0.057999998331069946,0,2024-01-19 00:00:00+11:00
0.057999998331069946,0.057999998331069946,0.057999998331069946,0.057999998331069946,0,2024-01-22 00:00:00+11:00
0.057999998331069946,0.057999998331069946,0.057999998331069946,0.057999998331069946,0,2024-01-23 00:00:00+11:00
0.057999998331069946,0.057999998331069946,0.057999998331069946,0.057999998331069946,0,2024-01-24 00:00:00+11:00
0.057999998331069946,0.057999998331069946,0.057999998331069946,0.057999998331069946,0,2024-01-25 00:00:00+11:00
0.05700000002980232,0.05700000002980232,0.05700000002980232,0.05700000002980232,87,2024-01-29 00:00:00+11:00
0.05700000002980232,0.05700000002980232,0.05700000002980232,0.05700000002980232,11509,2024-01-30 00:00:00+11:00
0.054999999701976776,0.054999999701976776,0.05400000140070915,0.054999999701976776,165900,2024-01-31 00:00:00+11:00
0.05400000140070915,0.05400000140070915,0.05400000140070915,0.05400000140070915,72268,2024-02-01 00:00:00+11:00
0.054999999701976776,0.054999999701976776,0.05400000140070915,0.054999999701976776,220512,2024-02-02 00:00:00+11:00
0.054999999701976776,0.054999999701976776,0.054999999701976776,0.054999999701976776,80471,2024-02-05 00:00:00+11:00
0.054999999701976776,0.0560000017285347,0.054999999701976776,0.054999999701976776,367947,2024-02-06 00:00:00+11:00
0.054999999701976776,0.054999999701976776,0.05400000140070915,0.05400000140070915,128912,2024-02-07 00:00:00+11:00
0.05400000140070915,0.05400000140070915,0.05400000140070915,0.05400000140070915,74418,2024-02-08 00:00:00+11:00
0.05400000140070915,0.05400000140070915,0.05400000140070915,0.05400000140070915,0,2024-02-09 00:00:00+11:00
0.05350000038743019,0.05350000038743019,0.05299999937415123,0.05299999937415123,60309,2024-02-12 00:00:00+11:00
0.05350000038743019,0.05350000038743019,0.05350000038743019,0.05350000038743019,60000,2024-02-13 00:00:00+11:00
0.052000001072883606,0.05299999937415123,0.052000001072883606,0.05299999937415123,4882,2024-02-14 00:00:00+11:00
0.05299999937415123,0.05299999937415123,0.05299999937415123,0.05299999937415123,0,2024-02-15 00:00:00+11:00
0.05299999937415123,0.05299999937415123,0.05299999937415123,0.05299999937415123,43472,2024-02-16 00:00:00+11:00
0.05299999937415123,0.05299999937415123,0.05299999937415123,0.05299999937415123,0,2024-02-19 00:00:00+11:00
0.05299999937415123,0.05299999937415123,0.05299999937415123,0.05299999937415123,52,2024-02-20 00:00:00+11:00
0.05400000140070915,0.05400000140070915,0.052000001072883606,0.052000001072883606,1223215,2024-02-21 00:00:00+11:00
0.052000001072883606,0.052000001072883606,0.05000000074505806,0.052000001072883606,1120510,2024-02-22 00:00:00+11:00
0.052000001072883606,0.052000001072883606,0.052000001072883606,0.052000001072883606,100000,2024-02-23 00:00:00+11:00
0.052000001072883606,0.05400000140070915,0.052000001072883606,0.05299999937415123,68979,2024-02-26 00:00:00+11:00
0.05299999937415123,0.05400000140070915,0.05299999937415123,0.05400000140070915,200482,2024-02-27 00:00:00+11:00
0.052000001072883606,0.052000001072883606,0.052000001072883606,0.052000001072883606,10406,2024-02-28 00:00:00+11:00
0.05299999937415123,0.05400000140070915,0.05299999937415123,0.05400000140070915,318255,2024-02-29 00:00:00+11:00
0.054999999701976776,0.0560000017285347,0.054999999701976776,0.0560000017285347,319555,2024-03-01 00:00:00+11:00
0.05700000002980232,0.05900000035762787,0.05700000002980232,0.05900000035762787,696702,2024-03-04 00:00:00+11:00
0.05900000035762787,0.06199999898672104,0.05900000035762787,0.061000000685453415,647198,2024-03-05 00:00:00+11:00
0.061000000685453415,0.061000000685453415,0.05999999865889549,0.05999999865889549,649136,2024-03-06 00:00:00+11:00
0.05999999865889549,0.05999999865889549,0.05999999865889549,0.05999999865889549,0,2024-03-07 00:00:00+11:00
0.05999999865889549,0.061000000685453415,0.05999999865889549,0.061000000685453415,179129,2024-03-08 00:00:00+11:00
0.061000000685453415,0.061000000685453415,0.061000000685453415,0.061000000685453415,50000,2024-03-11 00:00:00+11:00
0.061000000685453415,0.061000000685453415,0.052000001072883606,0.054999999701976776,621050,2024-03-12 00:00:00+11:00
0.054999999701976776,0.054999999701976776,0.054999999701976776,0.054999999701976776,1,2024-03-13 00:00:00+11:00
0.05700000002980232,0.05700000002980232,0.05700000002980232,0.05700000002980232,105219,2024-03-14 00:00:00+11:00
0.05700000002980232,0.05700000002980232,0.05700000002980232,0.05700000002980232,0,2024-03-15 00:00:00+11:00
0.0560000017285347,0.05700000002980232,0.0560000017285347,0.05700000002980232,26905,2024-03-18 00:00:00+11:00
0.0560000017285347,0.0560000017285347,0.0560000017285347,0.0560000017285347,8000,2024-03-19 00:00:00+11:00
0.05700000002980232,0.05700000002980232,0.054999999701976776,0.054999999701976776,90358,2024-03-20 00:00:00+11:00
0.054999999701976776,0.054999999701976776,0.054999999701976776,0.054999999701976776,0,2024-03-21 00:00:00+11:00
0.05900000035762787,0.061000000685453415,0.05900000035762787,0.05999999865889549,57395,2024-03-22 00:00:00+11:00
0.06199999898672104,0.06300000101327896,0.061000000685453415,0.061000000685453415,450731,2024-03-25 00:00:00+11:00
0.06300000101327896,0.06599999964237213,0.061000000685453415,0.061000000685453415,347931,2024-03-26 00:00:00+11:00
0.061000000685453415,0.0689999982714653,0.061000000685453415,0.061000000685453415,183670,2024-03-27 00:00:00+11:00
0.06199999898672104,0.06199999898672104,0.06199999898672104,0.06199999898672104,271079,2024-03-28 00:00:00+11:00
0.06199999898672104,0.06300000101327896,0.06199999898672104,0.06300000101327896,79741,2024-04-02 00:00:00+11:00
0.06300000101327896,0.06300000101327896,0.05999999865889549,0.05999999865889549,25705,2024-04-03 00:00:00+11:00
0.061000000685453415,0.06199999898672104,0.05999999865889549,0.06199999898672104,796294,2024-04-04 00:00:00+11:00
0.06300000101327896,0.06599999964237213,0.061000000685453415,0.06599999964237213,498621,2024-04-05 00:00:00+11:00
0.06599999964237213,0.06700000166893005,0.06599999964237213,0.06700000166893005,57293,2024-04-08 00:00:00+10:00
0.06599999964237213,0.06599999964237213,0.06599999964237213,0.06599999964237213,37338,2024-04-09 00:00:00+10:00
0.06599999964237213,0.06599999964237213,0.06599999964237213,0.06599999964237213,0,2024-04-10 00:00:00+10:00
0.06599999964237213,0.06599999964237213,0.06599999964237213,0.06599999964237213,0,2024-04-11 00:00:00+10:00
0.06700000166893005,0.06700000166893005,0.06700000166893005,0.06700000166893005,8058,2024-04-12 00:00:00+10:00
0.06849999725818634,0.0689999982714653,0.06800000369548798,0.06800000369548798,51047,2024-04-15 00:00:00+10:00
0.06800000369548798,0.06800000369548798,0.06700000166893005,0.06800000369548798,50925,2024-04-16 00:00:00+10:00
0.06700000166893005,0.06700000166893005,0.06599999964237213,0.06599999964237213,273108,2024-04-17 00:00:00+10:00
0.05999999865889549,0.06400000303983688,0.05999999865889549,0.06400000303983688,587557,2024-04-18 00:00:00+10:00
0.05999999865889549,0.06499999761581421,0.05999999865889549,0.06499999761581421,312815,2024-04-19 00:00:00+10:00
0.06400000303983688,0.06499999761581421,0.06300000101327896,0.06300000101327896,94181,2024-04-22 00:00:00+10:00
0.06400000303983688,0.06400000303983688,0.06199999898672104,0.06199999898672104,82931,2024-04-23 00:00:00+10:00
0.06199999898672104,0.06199999898672104,0.061000000685453415,0.06199999898672104,280892,2024-04-24 00:00:00+10:00
0.06199999898672104,0.06300000101327896,0.05999999865889549,0.06199999898672104,684313,2024-04-26 00:00:00+10:00
0.06300000101327896,0.06300000101327896,0.06199999898672104,0.06199999898672104,383,2024-04-29 00:00:00+10:00
0.06199999898672104,0.06199999898672104,0.061000000685453415,0.061000000685453415,229951,2024-04-30 00:00:00+10:00
0.05999999865889549,0.05999999865889549,0.05700000002980232,0.05999999865889549,389296,2024-05-01 00:00:00+10:00
0.05950000137090683,0.05999999865889549,0.05950000137090683,0.05999999865889549,48418,2024-05-02 00:00:00+10:00
0.05999999865889549,0.05999999865889549,0.05999999865889549,0.05999999865889549,85,2024-05-03 00:00:00+10:00
0.05999999865889549,0.05999999865889549,0.05999999865889549,0.05999999865889549,159204,2024-05-06 00:00:00+10:00
0.05999999865889549,0.061000000685453415,0.05999999865889549,0.05999999865889549,344630,2024-05-07 00:00:00+10:00
0.05999999865889549,0.05999999865889549,0.05999999865889549,0.05999999865889549,0,2024-05-08 00:00:00+10:00
0.05999999865889549,0.05999999865889549,0.05999999865889549,0.05999999865889549,0,2024-05-09 00:00:00+10:00
0.05999999865889549,0.06400000303983688,0.05900000035762787,0.061000000685453415,783715,2024-05-10 00:00:00+10:00
0.06199999898672104,0.06199999898672104,0.06199999898672104,0.06199999898672104,21464,2024-05-13 00:00:00+10:00
0.06199999898672104,0.06199999898672104,0.06199999898672104,0.06199999898672104,0,2024-05-14 00:00:00+10:00
0.061000000685453415,0.061000000685453415,0.05999999865889549,0.05999999865889549,105028,2024-05-15 00:00:00+10:00
0.061000000685453415,0.06199999898672104,0.061000000685453415,0.061000000685453415,402894,2024-05-16 00:00:00+10:00
0.06300000101327896,0.06499999761581421,0.06300000101327896,0.06499999761581421,483825,2024-05-17 00:00:00+10:00
0.06499999761581421,0.06700000166893005,0.06499999761581421,0.06700000166893005,497408,2024-05-20 00:00:00+10:00
0.06700000166893005,0.06800000369548798,0.06400000303983688,0.06800000369548798,247358,2024-05-21 00:00:00+10:00
0.06800000369548798,0.06800000369548798,0.06800000369548798,0.06800000369548798,203,2024-05-22 00:00:00+10:00
0.06700000166893005,0.06700000166893005,0.06499999761581421,0.06599999964237213,71690,2024-05-23 00:00:00+10:00
0.06700000166893005,0.07199999690055847,0.06700000166893005,0.07199999690055847,811012,2024-05-24 00:00:00+10:00
0.07500000298023224,0.07800000160932541,0.07100000232458115,0.07599999755620956,766616,2024-05-27 00:00:00+10:00
0.07800000160932541,0.07800000160932541,0.07699999958276749,0.07699999958276749,328059,2024-05-28 00:00:00+10:00
0.07800000160932541,0.07800000160932541,0.07800000160932541,0.07800000160932541,32300,2024-05-29 00:00:00+10:00
0.07800000160932541,0.07999999821186066,0.07800000160932541,0.07800000160932541,792523,2024-05-30 00:00:00+10:00
0.07999999821186066,0.08100000023841858,0.07800000160932541,0.07800000160932541,818739,2024-05-31 00:00:00+10:00
0.08100000023841858,0.08900000154972076,0.07800000160932541,0.08500000089406967,1642582,2024-06-03 00:00:00+10:00
0.08500000089406967,0.0860000029206276,0.08399999886751175,0.0860000029206276,804610,2024-06-04 00:00:00+10:00
0.08500000089406967,0.08500000089406967,0.08299999684095383,0.08500000089406967,280493,2024-06-05 00:00:00+10:00
0.08500000089406967,0.08500000089406967,0.08399999886751175,0.08399999886751175,78736,2024-06-06 00:00:00+10:00
0.07900000363588333,0.08500000089406967,0.07900000363588333,0.08500000089406967,7397,2024-06-07 00:00:00+10:00
0.08399999886751175,0.08399999886751175,0.07699999958276749,0.07800000160932541,183805,2024-06-11 00:00:00+10:00
0.07800000160932541,0.08100000023841858,0.07800000160932541,0.08100000023841858,27342,2024-06-12 00:00:00+10:00
0.08299999684095383,0.08399999886751175,0.08299999684095383,0.08299999684095383,174920,2024-06-13 00:00:00+10:00
0.08299999684095383,0.08299999684095383,0.08299999684095383,0.08299999684095383,0,2024-06-14 00:00:00+10:00
0.08299999684095383,0.08299999684095383,0.07800000160932541,0.07800000160932541,79740,2024-06-17 00:00:00+10:00
0.07900000363588333,0.08100000023841858,0.07699999958276749,0.08100000023841858,52967,2024-06-18 00:00:00+10:00
0.07800000160932541,0.07800000160932541,0.07500000298023224,0.07500000298023224,32700,2024-06-19 00:00:00+10:00
0.07500000298023224,0.07999999821186066,0.07500000298023224,0.07999999821186066,110515,2024-06-20 00:00:00+10:00
0.07999999821186066,0.08299999684095383,0.07999999821186066,0.0820000022649765,637514,2024-06-21 00:00:00+10:00
0.08699999749660492,0.08699999749660492,0.08500000089406967,0.0860000029206276,385371,2024-06-24 00:00:00+10:00
0.08399999886751175,0.08399999886751175,0.08100000023841858,0.08100000023841858,52155,2024-06-25 00:00:00+10:00
0.08100000023841858,0.08100000023841858,0.08100000023841858,0.08100000023841858,0,2024-06-26 00:00:00+10:00
0.0820000022649765,0.0820000022649765,0.07800000160932541,0.07800000160932541,71949,2024-06-27 00:00:00+10:00
0.07800000160932541,0.07800000160932541,0.07599999755620956,0.07599999755620956,110534,2024-06-28 00:00:00+10:00
0.07999999821186066,0.07999999821186066,0.07699999958276749,0.07800000160932541,80443,2024-07-01 00:00:00+10:00
0.07999999821186066,0.07999999821186066,0.07999999821186066,0.07999999821186066,46087,2024-07-02 00:00:00+10:00
0.08399999886751175,0.08399999886751175,0.08399999886751175,0.08399999886751175,30520,2024-07-03 00:00:00+10:00
0.08399999886751175,0.08399999886751175,0.08399999886751175,0.08399999886751175,2094,2024-07-04 00:00:00+10:00
0.07999999821186066,0.07999999821186066,0.07900000363588333,0.07900000363588333,176529,2024-07-05 00:00:00+10:00
0.08100000023841858,0.08399999886751175,0.08100000023841858,0.08399999886751175,8537,2024-07-08 00:00:00+10:00
0.08100000023841858,0.08100000023841858,0.07800000160932541,0.07800000160932541,191701,2024-07-09 00:00:00+10:00
0.07999999821186066,0.07999999821186066,0.07800000160932541,0.07999999821186066,327411,2024-07-10 00:00:00+10:00
0.07999999821186066,0.08399999886751175,0.07999999821186066,0.08399999886751175,134249,2024-07-11 00:00:00+10:00
0.08299999684095383,0.08299999684095383,0.07800000160932541,0.07800000160932541,78946,2024-07-12 00:00:00+10:00
0.08399999886751175,0.08399999886751175,0.07900000363588333,0.07999999821186066,133179,2024-07-15 00:00:00+10:00
0.07999999821186066,0.07999999821186066,0.07900000363588333,0.07900000363588333,193487,2024-07-16 00:00:00+10:00
0.07900000363588333,0.07900000363588333,0.07900000363588333,0.07900000363588333,25479,2024-07-17 00:00:00+10:00
0.07900000363588333,0.07999999821186066,0.07900000363588333,0.07900000363588333,24829,2024-07-18 00:00:00+10:00
0.07900000363588333,0.07900000363588333,0.07900000363588333,0.07900000363588333,0,2024-07-19 00:00:00+10:00
0.07999999821186066,0.07999999821186066,0.07900000363588333,0.07900000363588333,605871,2024-07-22 00:00:00+10:00
0.08299999684095383,0.08299999684095383,0.07900000363588333,0.07999999821186066,302539,2024-07-23 00:00:00+10:00
0.07999999821186066,0.07999999821186066,0.07800000160932541,0.07800000160932541,567507,2024-07-24 00:00:00+10:00
0.07800000160932541,0.07800000160932541,0.07800000160932541,0.07800000160932541,994675,2024-07-25 00:00:00+10:00
0.07699999958276749,0.07699999958276749,0.07000000029802322,0.07199999690055847,233830,2024-07-26 00:00:00+10:00
0.07000000029802322,0.07000000029802322,0.0689999982714653,0.0689999982714653,520848,2024-07-29 00:00:00+10:00
0.0689999982714653,0.0689999982714653,0.06800000369548798,0.0689999982714653,139714,2024-07-30 00:00:00+10:00
0.0689999982714653,0.0689999982714653,0.0689999982714653,0.0689999982714653,0,2024-07-31 00:00:00+10:00
0.07000000029802322,0.07199999690055847,0.07000000029802322,0.07199999690055847,242704,2024-08-01 00:00:00+10:00
0.07199999690055847,0.07199999690055847,0.07100000232458115,0.07100000232458115,185132,2024-08-02 00:00:00+10:00
0.07100000232458115,0.07100000232458115,0.07000000029802322,0.07000000029802322,12074,2024-08-05 00:00:00+10:00
0.07000000029802322,0.07000000029802322,0.07000000029802322,0.07000000029802322,0,2024-08-06 00:00:00+10:00
0.06700000166893005,0.07000000029802322,0.06700000166893005,0.07000000029802322,23139,2024-08-07 00:00:00+10:00
0.07000000029802322,0.07000000029802322,0.0689999982714653,0.0689999982714653,93883,2024-08-08 00:00:00+10:00
0.07000000029802322,0.07199999690055847,0.0689999982714653,0.0689999982714653,850675,2024-08-09 00:00:00+10:00
0.0689999982714653,0.07199999690055847,0.06800000369548798,0.06800000369548798,206121,2024-08-12 00:00:00+10:00
0.07000000029802322,0.07000000029802322,0.07000000029802322,0.07000000029802322,266000,2024-08-13 00:00:00+10:00
0.07000000029802322,0.07000000029802322,0.06700000166893005,0.07000000029802322,438872,2024-08-14 00:00:00+10:00
0.07000000029802322,0.07000000029802322,0.07000000029802322,0.07000000029802322,0,2024-08-15 00:00:00+10:00
0.07000000029802322,0.07000000029802322,0.0689999982714653,0.07000000029802322,88843,2024-08-16 00:00:00+10:00
0.07000000029802322,0.07000000029802322,0.07000000029802322,0.07000000029802322,701,2024-08-19 00:00:00+10:00
0.07000000029802322,0.07000000029802322,0.07000000029802322,0.07000000029802322,10456,2024-08-20 00:00:00+10:00
0.07100000232458115,0.07599999755620956,0.07100000232458115,0.07599999755620956,38283,2024-08-21 00:00:00+10:00
0.07599999755620956,0.07599999755620956,0.07599999755620956,0.07599999755620956,2,2024-08-22 00:00:00+10:00
0.07599999755620956,0.07599999755620956,0.07599999755620956,0.07599999755620956,0,2024-08-23 00:00:00+10:00
0.07400000095367432,0.07400000095367432,0.07199999690055847,0.07199999690055847,22187,2024-08-26 00:00:00+10:00
0.07199999690055847,0.07199999690055847,0.07199999690055847,0.07199999690055847,0,2024-08-27 00:00:00+10:00
0.0729999989271164,0.0729999989271164,0.07100000232458115,0.07100000232458115,214290,2024-08-28 00:00:00+10:00
0.0729999989271164,0.0729999989271164,0.0729999989271164,0.0729999989271164,140000,2024-08-29 00:00:00+10:00
0.07400000095367432,0.07400000095367432,0.07400000095367432,0.07400000095367432,52804,2024-08-30 00:00:00+10:00
0.07500000298023224,0.07500000298023224,0.07500000298023224,0.07500000298023224,97499,2024-09-02 00:00:00+10:00
0.07500000298023224,0.07500000298023224,0.07500000298023224,0.07500000298023224,33500,2024-09-03 00:00:00+10:00
0.07500000298023224,0.07500000298023224,0.07500000298023224,0.07500000298023224,20001,2024-09-04 00:00:00+10:00
0.07500000298023224,0.07500000298023224,0.07500000298023224,0.07500000298023224,2,2024-09-05 00:00:00+10:00
0.0729999989271164,0.0729999989271164,0.0689999982714653,0.07000000029802322,404026,2024-09-06 00:00:00+10:00
0.06700000166893005,0.06700000166893005,0.06400000303983688,0.06499999761581421,230823,2024-09-09 00:00:00+10:00
0.06499999761581421,0.06499999761581421,0.06499999761581421,0.06499999761581421,14171,2024-09-10 00:00:00+10:00
0.06499999761581421,0.07000000029802322,0.06499999761581421,0.07000000029802322,1326,2024-09-11 00:00:00+10:00
0.07000000029802322,0.07000000029802322,0.07000000029802322,0.07000000029802322,2500,2024-09-12 00:00:00+10:00
0.06800000369548798,0.06800000369548798,0.06800000369548798,0.06800000369548798,65102,2024-09-13 00:00:00+10:00
0.06800000369548798,0.06800000369548798,0.06800000369548798,0.06800000369548798,12916,2024-09-16 00:00:00+10:00
0.06800000369548798,0.06800000369548798,0.06300000101327896,0.06300000101327896,76441,2024-09-17 00:00:00+10:00
0.06400000303983688,0.0689999982714653,0.06300000101327896,0.0689999982714653,84818,2024-09-18 00:00:00+10:00
0.0689999982714653,0.07000000029802322,0.0689999982714653,0.07000000029802322,456478,2024-09-19 00:00:00+10:00
0.07000000029802322,0.07000000029802322,0.07000000029802322,0.07000000029802322,0,2024-09-20 00:00:00+10:00
0.0689999982714653,0.07000000029802322,0.0689999982714653,0.07000000029802322,173695,2024-09-23 00:00:00+10:00
0.07000000029802322,0.07000000029802322,0.07000000029802322,0.07000000029802322,0,2024-09-24 00:00:00+10:00
0.06800000369548798,0.06800000369548798,0.06800000369548798,0.06800000369548798,800,2024-09-25 00:00:00+10:00
0.061000000685453415,0.06800000369548798,0.061000000685453415,0.06800000369548798,1416610,2024-09-26 00:00:00+10:00
0.06599999964237213,0.06599999964237213,0.06599999964237213,0.06599999964237213,50000,2024-09-27 00:00:00+10:00
0.0689999982714653,0.07100000232458115,0.0689999982714653,0.07000000029802322,255784,2024-09-30 00:00:00+10:00
0.07000000029802322,0.07000000029802322,0.06800000369548798,0.06800000369548798,17486,2024-10-01 00:00:00+10:00
0.07100000232458115,0.07100000232458115,0.07100000232458115,0.07100000232458115,143630,2024-10-02 00:00:00+10:00
0.07000000029802322,0.07000000029802322,0.0689999982714653,0.0689999982714653,10703,2024-10-03 00:00:00+10:00
0.0689999982714653,0.0689999982714653,0.0689999982714653,0.0689999982714653,6176,2024-10-04 00:00:00+10:00
0.0689999982714653,0.0689999982714653,0.06700000166893005,0.06700000166893005,118846,2024-10-07 00:00:00+11:00
0.06700000166893005,0.06700000166893005,0.06700000166893005,0.06700000166893005,0,2024-10-08 00:00:00+11:00
0.0689999982714653,0.0689999982714653,0.06599999964237213,0.0689999982714653,63626,2024-10-09 00:00:00+11:00
0.06700000166893005,0.0689999982714653,0.06599999964237213,0.0689999982714653,30010,2024-10-10 00:00:00+11:00
0.07000000029802322,0.07000000029802322,0.07000000029802322,0.07000000029802322,7840,2024-10-11 00:00:00+11:00
0.0689999982714653,0.0689999982714653,0.0689999982714653,0.0689999982714653,57,2024-10-14 00:00:00+11:00
0.07000000029802322,0.07000000029802322,0.07000000029802322,0.07000000029802322,7878,2024-10-15 00:00:00+11:00
0.07000000029802322,0.07000000029802322,0.06800000369548798,0.06800000369548798,75268,2024-10-16 00:00:00+11:00
0.06800000369548798,0.06800000369548798,0.06800000369548798,0.06800000369548798,0,2024-10-17 00:00:00+11:00
0.07000000029802322,0.07199999690055847,0.07000000029802322,0.07100000232458115,167509,2024-10-18 00:00:00+11:00
0.07000000029802322,0.07000000029802322,0.06700000166893005,0.07000000029802322,254779,2024-10-21 00:00:00+11:00
0.07000000029802322,0.07000000029802322,0.07000000029802322,0.07000000029802322,576113,2024-10-22 00:00:00+11:00
0.07000000029802322,0.07000000029802322,0.07000000029802322,0.07000000029802322,146000,2024-10-23 00:00:00+11:00
0.07000000029802322,0.07100000232458115,0.07000000029802322,0.07000000029802322,301292,2024-10-24 00:00:00+11:00
0.07000000029802322,0.07000000029802322,0.07000000029802322,0.07000000029802322,61751,2024-10-25 00:00:00+11:00
0.07000000029802322,0.07000000029802322,0.07000000029802322,0.07000000029802322,42312,2024-10-28 00:00:00+11:00
0.07500000298023224,0.07500000298023224,0.07500000298023224,0.07500000298023224,39400,2024-10-29 00:00:00+11:00
0.07000000029802322,0.07100000232458115,0.07000000029802322,0.07100000232458115,174839,2024-10-30 00:00:00+11:00
0.07100000232458115,0.07100000232458115,0.07000000029802322,0.07000000029802322,107137,2024-10-31 00:00:00+11:00
0.07000000029802322,0.07000000029802322,0.0689999982714653,0.0689999982714653,27856,2024-11-01 00:00:00+11:00
0.0689999982714653,0.0689999982714653,0.06599999964237213,0.06599999964237213,106218,2024-11-04 00:00:00+11:00
0.06599999964237213,0.06599999964237213,0.06599999964237213,0.06599999964237213,0,2024-11-05 00:00:00+11:00
0.06599999964237213,0.06599999964237213,0.06599999964237213,0.06599999964237213,0,2024-11-06 00:00:00+11:00
0.0689999982714653,0.07000000029802322,0.0689999982714653,0.07000000029802322,948787,2024-11-07 00:00:00+11:00
0.07000000029802322,0.07000000029802322,0.07000000029802322,0.07000000029802322,154594,2024-11-08 00:00:00+11:00
0.07000000029802322,0.07500000298023224,0.07000000029802322,0.07500000298023224,328265,2024-11-11 00:00:00+11:00
0.07800000160932541,0.08500000089406967,0.07800000160932541,0.08500000089406967,1188618,2024-11-12 00:00:00+11:00
0.08500000089406967,0.10000000149011612,0.08500000089406967,0.08699999749660492,1850961,2024-11-13 00:00:00+11:00
0.09000000357627869,0.09000000357627869,0.0820000022649765,0.09000000357627869,527653,2024-11-14 00:00:00+11:00
0.08900000154972076,0.08900000154972076,0.08900000154972076,0.08900000154972076,3573,2024-11-15 00:00:00+11:00
0.09000000357627869,0.09000000357627869,0.08500000089406967,0.08500000089406967,214000,2024-11-18 00:00:00+11:00
0.0860000029206276,0.0860000029206276,0.0860000029206276,0.0860000029206276,3953,2024-11-19 00:00:00+11:00
0.08900000154972076,0.09000000357627869,0.08799999952316284,0.08799999952316284,99974,2024-11-20 00:00:00+11:00
0.08799999952316284,0.0949999988079071,0.08799999952316284,0.0949999988079071,204833,2024-11-21 00:00:00+11:00
0.0949999988079071,0.0949999988079071,0.09099999815225601,0.09399999678134918,56333,2024-11-22 00:00:00+11:00
0.09399999678134918,0.09799999743700027,0.09399999678134918,0.09799999743700027,595293,2024-11-25 00:00:00+11:00
0.09799999743700027,0.0989999994635582,0.09799999743700027,0.09799999743700027,212036,2024-11-26 00:00:00+11:00
0.0949999988079071,0.0949999988079071,0.09099999815225601,0.09099999815225601,235316,2024-11-27 00:00:00+11:00
0.09099999815225601,0.09099999815225601,0.09099999815225601,0.09099999815225601,274119,2024-11-28 00:00:00+11:00
0.09300000220537186,0.09300000220537186,0.09099999815225601,0.09099999815225601,78099,2024-11-29 00:00:00+11:00
0.09300000220537186,0.09399999678134918,0.09300000220537186,0.09300000220537186,75502,2024-12-02 00:00:00+11:00
0.09300000220537186,0.09600000083446503,0.09000000357627869,0.09600000083446503,1057680,2024-12-03 00:00:00+11:00
0.0949999988079071,0.09549999982118607,0.0949999988079071,0.09549999982118607,249880,2024-12-04 00:00:00+11:00
0.09799999743700027,0.09799999743700027,0.09799999743700027,0.09799999743700027,2227,2024-12-05 00:00:00+11:00
0.09600000083446503,0.09600000083446503,0.0949999988079071,0.0949999988079071,13069,2024-12-06 00:00:00+11:00
0.0949999988079071,0.0949999988079071,0.0949999988079071,0.0949999988079071,169799,2024-12-09 00:00:00+11:00
0.0949999988079071,0.09799999743700027,0.0949999988079071,0.0949999988079071,309500,2024-12-10 00:00:00+11:00
0.09350000321865082,0.09600000083446503,0.09350000321865082,0.09600000083446503,104883,2024-12-11 00:00:00+11:00
0.0925000011920929,0.0925000011920929,0.09200000017881393,0.09200000017881393,214436,2024-12-12 00:00:00+11:00
0.09200000017881393,0.09399999678134918,0.09200000017881393,0.09200000017881393,127143,2024-12-13 00:00:00+11:00
0.09200000017881393,0.0949999988079071,0.09200000017881393,0.0949999988079071,72344,2024-12-16 00:00:00+11:00
0.0949999988079071,0.0949999988079071,0.09399999678134918,0.09399999678134918,22479,2024-12-17 00:00:00+11:00
0.09300000220537186,0.09300000220537186,0.09000000357627869,0.09200000017881393,1113792,2024-12-18 00:00:00+11:00
0.09000000357627869,0.0949999988079071,0.08900000154972076,0.09149999916553497,601429,2024-12-19 00:00:00+11:00
0.09099999815225601,0.09200000017881393,0.09000000357627869,0.09000000357627869,144127,2024-12-20 00:00:00+11:00
0.09099999815225601,0.09099999815225601,0.09099999815225601,0.09099999815225601,20369,2024-12-23 00:00:00+11:00
0.09099999815225601,0.09099999815225601,0.09099999815225601,0.09099999815225601,979,2024-12-24 00:00:00+11:00
0.09099999815225601,0.09099999815225601,0.09099999815225601,0.09099999815225601,0,2024-12-27 00:00:00+11:00
0.09300000220537186,0.09399999678134918,0.09300000220537186,0.09399999678134918,25684,2024-12-30 00:00:00+11:00
