Open,High,Low,Close,Volume,Date
0.6599021240590455,0.6630445122718811,0.6567597358462098,0.6630445122718811,35156,2020-01-02 00:00:00+11:00
0.6599021271496721,0.6599021271496721,0.6536173506945663,0.6567597389221191,69268,2020-01-03 00:00:00+11:00
0.6567596483956207,0.659902036190033,0.6536172606012086,0.659902036190033,143188,2020-01-06 00:00:00+11:00
0.659902164691513,0.6693294048309326,0.659902164691513,0.6693294048309326,161029,2020-01-07 00:00:00+11:00
0.6724718405288074,0.6724718405288074,0.6630445997264175,0.6661869883537292,93324,2020-01-08 00:00:00+11:00
0.6661869415041599,0.6693294048309326,0.6661869415041599,0.6693294048309326,52467,2020-01-09 00:00:00+11:00
0.6661869883537292,0.6693294519014956,0.6661869883537292,0.6661869883537292,32910,2020-01-10 00:00:00+11:00
0.6661869883537292,0.6661869883537292,0.6661869883537292,0.6661869883537292,85057,2020-01-13 00:00:00+11:00
0.6693294048309326,0.672471793237256,0.6693294048309326,0.6693294048309326,67533,2020-01-14 00:00:00+11:00
0.6693294048309326,0.6693294048309326,0.6693294048309326,0.6693294048309326,83432,2020-01-15 00:00:00+11:00
0.6693293636179971,0.6693293636179971,0.6630445122718811,0.6630445122718811,91740,2020-01-16 00:00:00+11:00
0.663044515377225,0.6661869036047778,0.6473325742394604,0.6567597389221191,264060,2020-01-17 00:00:00+11:00
0.6536172606012086,0.659902036190033,0.6536172606012086,0.659902036190033,70331,2020-01-20 00:00:00+11:00
0.6599021240590455,0.6630445122718811,0.6599021240590455,0.6630445122718811,125423,2020-01-21 00:00:00+11:00
0.6630445122718811,0.6630445122718811,0.6599021240590455,0.6630445122718811,28154,2020-01-22 00:00:00+11:00
0.6630445220061368,0.6724717617034912,0.6599021337471673,0.6724717617034912,216033,2020-01-23 00:00:00+11:00
0.6724717304630634,0.6756141185760498,0.669329342350077,0.6756141185760498,88200,2020-01-24 00:00:00+11:00
0.6756142291561191,0.6756142291561191,0.6630445997264175,0.6661869883537292,346533,2020-01-28 00:00:00+11:00
0.6661869102651063,0.6724717617034912,0.6661869102651063,0.6724717617034912,176248,2020-01-29 00:00:00+11:00
0.672471793237256,0.6756141816435794,0.6661869415041599,0.6693294048309326,3480185,2020-01-30 00:00:00+11:00
0.6724718405288074,0.6724718405288074,0.6661869883537292,0.6661869883537292,91965,2020-01-31 00:00:00+11:00
0.6630444239844451,0.6630444239844451,0.659902036190033,0.659902036190033,216393,2020-02-03 00:00:00+11:00
0.659902036190033,0.659902036190033,0.6567596483956207,0.659902036190033,161178,2020-02-04 00:00:00+11:00
0.6599022110991057,0.6661869883537292,0.6599022110991057,0.6661869883537292,46259,2020-02-05 00:00:00+11:00
0.6599021240590455,0.6693293636179971,0.6599021240590455,0.6630445122718811,118074,2020-02-06 00:00:00+11:00
0.6599021240590455,0.6661869004847167,0.6599021240590455,0.6630445122718811,539913,2020-02-07 00:00:00+11:00
0.6693294519014956,0.6693294519014956,0.6661869883537292,0.6661869883537292,112233,2020-02-10 00:00:00+11:00
0.6693294519014956,0.6693294519014956,0.6661869883537292,0.6661869883537292,750992,2020-02-11 00:00:00+11:00
0.6661869883537292,0.6661869883537292,0.6630445997264175,0.6661869883537292,150952,2020-02-12 00:00:00+11:00
0.6674440037410176,0.6693294519014956,0.6661869883537292,0.6661869883537292,68344,2020-02-13 00:00:00+11:00
0.6693294048309326,0.6693294048309326,0.6693294048309326,0.6693294048309326,162321,2020-02-14 00:00:00+11:00
0.6693293734445217,0.6724717617034912,0.6693293734445217,0.6724717617034912,286874,2020-02-17 00:00:00+11:00
0.6693293734445217,0.6724717617034912,0.6661869102651063,0.6724717617034912,200961,2020-02-18 00:00:00+11:00
0.6724717304630634,0.6756141185760498,0.6724717304630634,0.6756141185760498,258179,2020-02-19 00:00:00+11:00
0.6756141499624607,0.6756141499624607,0.6724717617034912,0.6724717617034912,168160,2020-02-20 00:00:00+11:00
0.6756141157263479,0.6818988919258118,0.6756141157263479,0.6818988919258118,278944,2020-02-21 00:00:00+11:00
0.6818989264803998,0.6818989264803998,0.6724717617034912,0.6724717617034912,239904,2020-02-24 00:00:00+11:00
0.6693293734445217,0.6724717617034912,0.6661869102651063,0.6724717617034912,239136,2020-02-25 00:00:00+11:00
0.6693292744937042,0.6693292744937042,0.659902036190033,0.659902036190033,480786,2020-02-26 00:00:00+11:00
0.659902164691513,0.6693294048309326,0.659902164691513,0.6693294048309326,149004,2020-02-27 00:00:00+11:00
0.6599022189839222,0.6661869963136392,0.6504750529893468,0.6536174416542053,375005,2020-02-28 00:00:00+11:00
0.64419025182724,0.64419025182724,0.6221935319870189,0.64419025182724,341982,2020-03-02 00:00:00+11:00
0.647332489490509,0.6567596529389609,0.647332489490509,0.647332489490509,297022,2020-03-03 00:00:00+11:00
0.6473326403758429,0.6473326403758429,0.6410478632786369,0.64419025182724,208657,2020-03-04 00:00:00+11:00
0.6473324586964029,0.6536172340297325,0.644190071029738,0.6504748463630676,38683,2020-03-05 00:00:00+11:00
0.6410477138582078,0.647332489490509,0.6347629382259066,0.647332489490509,300987,2020-03-06 00:00:00+11:00
0.6379054576223958,0.6441902345510538,0.6190511268364217,0.6221935153007507,181897,2020-03-09 00:00:00+11:00
0.6033392089486295,0.622193579129021,0.6033392089486295,0.6159088015556335,212214,2020-03-10 00:00:00+11:00
0.6159087267266999,0.6159087267266999,0.6033391356468201,0.6033391356468201,250967,2020-03-11 00:00:00+11:00
0.6033390818413605,0.6064814699660379,0.5656303868850117,0.5907695293426514,336313,2020-03-12 00:00:00+11:00
0.5624880857301755,0.5876272320747375,0.5593456971196336,0.5876272320747375,187496,2020-03-13 00:00:00+11:00
0.5624879486935778,0.5781999253786707,0.5530607851586528,0.5719151496887207,208982,2020-03-16 00:00:00+11:00
0.556203214907477,0.5593456029891968,0.5342064983354392,0.5593456029891968,131822,2020-03-17 00:00:00+11:00
0.5593455666795237,0.5593455666795237,0.5184944868087769,0.5184944868087769,177584,2020-03-18 00:00:00+11:00
0.5184944822969655,0.5184944822969655,0.4682162392305287,0.47135862708091736,83929,2020-03-19 00:00:00+11:00
0.5153522123544257,0.5153522123544257,0.4682163463541248,0.4902130663394928,157194,2020-03-20 00:00:00+11:00
0.47135863749279017,0.47135863749279017,0.389656476657524,0.40851080417633057,390802,2020-03-23 00:00:00+11:00
0.38965654602814775,0.43993479915623035,0.38965654602814775,0.424222856760025,218058,2020-03-24 00:00:00+11:00
0.47135871730804824,0.5342065612665448,0.47135871730804824,0.5090674161911011,384722,2020-03-25 00:00:00+11:00
0.5090674161911011,0.5279217469025149,0.5090674161911011,0.5090674161911011,305457,2020-03-26 00:00:00+11:00
0.534206598830543,0.5530609308677437,0.4996402859687805,0.4996402859687805,315391,2020-03-27 00:00:00+11:00
0.5334279427535322,0.5334279427535322,0.4978660747647458,0.5204963684082031,24322,2020-03-30 00:00:00+11:00
0.5204963118962044,0.5431265645434892,0.517263418660878,0.5237292051315308,200652,2020-03-31 00:00:00+11:00
0.5366607874070043,0.5366607874070043,0.5204963209492229,0.533427894115448,70127,2020-04-01 00:00:00+11:00
0.5334278169916395,0.5334278169916395,0.5172633528709412,0.5172633528709412,81534,2020-04-02 00:00:00+11:00
0.5204962456950808,0.5398936026399189,0.5172633528709412,0.5172633528709412,275936,2020-04-03 00:00:00+11:00
0.5463596349031482,0.5754556814013557,0.536660914197942,0.5431267023086548,320931,2020-04-06 00:00:00+10:00
0.5592912371872673,0.562524131393275,0.5301951507940595,0.5495925545692444,163795,2020-04-07 00:00:00+10:00
0.5592911243438721,0.5592911243438721,0.5431266180360693,0.5592911243438721,23538,2020-04-08 00:00:00+10:00
0.5625239610671997,0.5689897475214459,0.5560581746129535,0.5625239610671997,136282,2020-04-09 00:00:00+10:00
0.5689897041601598,0.6045515654875604,0.5689897041601598,0.578688383102417,146584,2020-04-14 00:00:00+10:00
0.5883871348499238,0.5948529211879791,0.581921309972742,0.5916200280189514,89868,2020-04-15 00:00:00+10:00
0.5948529211879791,0.6077844938640895,0.5916200280189514,0.5916200280189514,39153,2020-04-16 00:00:00+10:00
0.594853038513601,0.6045517199335998,0.5851543185544682,0.5883872509002686,121949,2020-04-17 00:00:00+10:00
0.5916201447069348,0.607784613740266,0.581921424747802,0.5883872509002686,103092,2020-04-20 00:00:00+10:00
0.5819212198257446,0.5819212198257446,0.5786883271575333,0.5819212198257446,3961,2020-04-21 00:00:00+10:00
0.5786883728895924,0.5786883728895924,0.5689896941184998,0.5689896941184998,181706,2020-04-22 00:00:00+10:00
0.5689897597854793,0.5754555463790894,0.5689897597854793,0.5754555463790894,94449,2020-04-23 00:00:00+10:00
0.5754556032721906,0.5754556032721906,0.565756922422904,0.5722227096557617,74442,2020-04-24 00:00:00+10:00
0.5657567564846875,0.5819212198257446,0.5657567564846875,0.5819212198257446,27382,2020-04-27 00:00:00+10:00
0.578688383102417,0.578688383102417,0.5722225971409123,0.578688383102417,71689,2020-04-28 00:00:00+10:00
0.5722225870421973,0.5754554799658949,0.5657568011948022,0.5689896941184998,104034,2020-04-29 00:00:00+10:00
0.5754556032721906,0.5786884968886196,0.5689898160393329,0.5722227096557617,167644,2020-04-30 00:00:00+10:00
0.5689897475214459,0.5706061941350075,0.5625239610671997,0.5625239610671997,759103,2020-05-01 00:00:00+10:00
0.5625240178976063,0.568989805005075,0.5592911243438721,0.5592911243438721,75157,2020-05-04 00:00:00+10:00
0.5592910016511385,0.5689896801847238,0.554118357684244,0.5560581088066101,330930,2020-05-05 00:00:00+10:00
0.5592911243438721,0.568989805005075,0.5592911243438721,0.5592911243438721,6881,2020-05-06 00:00:00+10:00
0.5625240178976063,0.5625240178976063,0.5592911243438721,0.5592911243438721,22008,2020-05-07 00:00:00+10:00
0.5625239610671997,0.5625239610671997,0.5592910678400766,0.5625239610671997,111083,2020-05-08 00:00:00+10:00
0.5689896941184998,0.5689896941184998,0.5625239082711047,0.5689896941184998,94179,2020-05-11 00:00:00+10:00
0.5689896941184998,0.5689896941184998,0.5689896941184998,0.5689896941184998,40719,2020-05-12 00:00:00+10:00
0.5722225870421973,0.5722225870421973,0.5592910153474071,0.5689896941184998,165384,2020-05-13 00:00:00+10:00
0.5592912371872673,0.5657570255992825,0.5495925545692444,0.5495925545692444,168092,2020-05-14 00:00:00+10:00
0.5592910016511385,0.5592910016511385,0.5560581088066101,0.5560581088066101,112713,2020-05-15 00:00:00+10:00
0.5560581088066101,0.562523894495667,0.5560581088066101,0.5560581088066101,88902,2020-05-18 00:00:00+10:00
0.5625240178976063,0.5625240178976063,0.5528253372364034,0.5592911243438721,133427,2020-05-19 00:00:00+10:00
0.5625239048862827,0.5657567977905273,0.5625239048862827,0.5657567977905273,72277,2020-05-20 00:00:00+10:00
0.5625239610671997,0.5625239610671997,0.5625239610671997,0.5625239610671997,5283,2020-05-21 00:00:00+10:00
0.5625239048862827,0.5657567977905273,0.5625239048862827,0.5657567977905273,11703,2020-05-22 00:00:00+10:00
0.5625239082711047,0.5689896941184998,0.5625239082711047,0.5689896941184998,21542,2020-05-25 00:00:00+10:00
0.5689897597854793,0.5786884396758945,0.5689897597854793,0.5754555463790894,91244,2020-05-26 00:00:00+10:00
0.5754555463790894,0.5754555463790894,0.5754555463790894,0.5754555463790894,2950,2020-05-27 00:00:00+10:00
0.5786885309411357,0.5883872509002686,0.5754556371344695,0.5883872509002686,176404,2020-05-28 00:00:00+10:00
0.5883870437012881,0.5916199363694995,0.5819212198257446,0.5819212198257446,46603,2020-05-29 00:00:00+10:00
0.5819212198257446,0.5819212198257446,0.5819212198257446,0.5819212198257446,48630,2020-06-01 00:00:00+10:00
0.5819212198257446,0.5916199363694995,0.5819212198257446,0.5819212198257446,91057,2020-06-02 00:00:00+10:00
0.5819212760831693,0.5883871005837985,0.578688383102417,0.578688383102417,44141,2020-06-03 00:00:00+10:00
0.5786883271575333,0.5851541124939561,0.5786883271575333,0.5819212198257446,72752,2020-06-04 00:00:00+10:00
0.5819213329726994,0.5819213329726994,0.5754555463790894,0.5754555463790894,37208,2020-06-05 00:00:00+10:00
0.5786884396758945,0.5819213329726994,0.5754555463790894,0.5754555463790894,233042,2020-06-09 00:00:00+10:00
0.5754555463790894,0.5819213329726994,0.5754555463790894,0.5754555463790894,178654,2020-06-10 00:00:00+10:00
0.5819213329726994,0.5819213329726994,0.5754555463790894,0.5754555463790894,2100,2020-06-11 00:00:00+10:00
0.5754554901216646,0.5819212760831693,0.5625239181986551,0.578688383102417,118406,2020-06-12 00:00:00+10:00
0.5689896906947719,0.5689896906947719,0.5657567977905273,0.5657567977905273,45769,2020-06-15 00:00:00+10:00
0.5689896941184998,0.5722225870421973,0.5689896941184998,0.5689896941184998,27207,2020-06-16 00:00:00+10:00
0.5722225835990165,0.5722225835990165,0.5657567977905273,0.5657567977905273,63040,2020-06-17 00:00:00+10:00
0.5689897475214459,0.5689897475214459,0.5625239610671997,0.5625239610671997,57944,2020-06-18 00:00:00+10:00
0.5689896941184998,0.5689896941184998,0.5625239082711047,0.5689896941184998,56890,2020-06-19 00:00:00+10:00
0.5786883694075056,0.5786883694075056,0.5625239048862827,0.5657567977905273,57404,2020-06-22 00:00:00+10:00
0.5786883271575333,0.5819212198257446,0.5625238638164761,0.5819212198257446,201604,2020-06-23 00:00:00+10:00
0.5819212198257446,0.5883870437012881,0.5786883271575333,0.5819212198257446,169365,2020-06-24 00:00:00+10:00
0.5819212198257446,0.5883870437012881,0.5786883271575333,0.5819212198257446,160542,2020-06-25 00:00:00+10:00
0.5883872509002686,0.594853038513601,0.581921424747802,0.5883872509002686,35861,2020-06-26 00:00:00+10:00
0.5965102105838095,0.5965102105838095,0.569998670250056,0.5799404978752136,85765,2020-06-29 00:00:00+10:00
0.5799405255903065,0.5832544682903975,0.5666847547899425,0.5733126401901245,268018,2020-06-30 00:00:00+10:00
0.583254386538614,0.6031380794574774,0.583254386538614,0.5931962132453918,88876,2020-07-01 00:00:00+10:00
0.5931962132453918,0.6097659639286628,0.5931962132453918,0.5931962132453918,45068,2020-07-02 00:00:00+10:00
0.5931962295635036,0.5965101718902588,0.5898822872367484,0.5965101718902588,20830,2020-07-03 00:00:00+10:00
0.5965101718902588,0.603138096049078,0.5965101718902588,0.5965101718902588,68373,2020-07-06 00:00:00+10:00
0.5965101554809845,0.5965101554809845,0.5931962132453918,0.5931962132453918,70454,2020-07-07 00:00:00+10:00
0.5898823142051697,0.5898823142051697,0.5832544292486437,0.5898823142051697,93683,2020-07-08 00:00:00+10:00
0.5898822710097992,0.5931962132453918,0.583254386538614,0.5931962132453918,68579,2020-07-09 00:00:00+10:00
0.5931962132453918,0.5965101554809845,0.5931962132453918,0.5931962132453918,26960,2020-07-10 00:00:00+10:00
0.5931962680420902,0.5931962680420902,0.5766265553334944,0.5799404978752136,134908,2020-07-13 00:00:00+10:00
0.5931962566834328,0.5931962566834328,0.5832544292486437,0.5898823142051697,26800,2020-07-14 00:00:00+10:00
0.5865683392099875,0.5898822815045394,0.579940454620884,0.5832543969154358,154895,2020-07-15 00:00:00+10:00
0.586568382958652,0.6031381351725591,0.5799404978752136,0.5799404978752136,187757,2020-07-16 00:00:00+10:00
0.5965102105838095,0.5965102105838095,0.5799404978752136,0.5799404978752136,134710,2020-07-17 00:00:00+10:00
0.5832545317091677,0.5931963608904414,0.5766266455883186,0.5865684747695923,88630,2020-07-20 00:00:00+10:00
0.5799404867703806,0.5898823142051697,0.5799404867703806,0.5898823142051697,89400,2020-07-21 00:00:00+10:00
0.5799404867703806,0.5898823142051697,0.5799404867703806,0.5898823142051697,46116,2020-07-22 00:00:00+10:00
0.5865683287742066,0.5931962132453918,0.5699986175962433,0.5931962132453918,245000,2020-07-23 00:00:00+10:00
0.5832545317091677,0.5865684747695923,0.5766266455883186,0.5865684747695923,56764,2020-07-24 00:00:00+10:00
0.579940454620884,0.5931962237990912,0.5733125700317803,0.5832543969154358,63283,2020-07-27 00:00:00+10:00
0.5898823255003711,0.5898823255003711,0.5799404978752136,0.5799404978752136,24600,2020-07-28 00:00:00+10:00
0.5931962132453918,0.5998240977165772,0.5931962132453918,0.5931962132453918,100755,2020-07-29 00:00:00+10:00
0.5931962566834328,0.5931962566834328,0.5799404867703806,0.5898823142051697,199482,2020-07-30 00:00:00+10:00
0.5898822815045394,0.5898822815045394,0.579940454620884,0.5832543969154358,129195,2020-07-31 00:00:00+10:00
0.579940454620884,0.5832543969154358,0.579940454620884,0.5832543969154358,39793,2020-08-03 00:00:00+10:00
0.5898823090270364,0.5898823090270364,0.5699986543320018,0.5766265392303467,166531,2020-08-04 00:00:00+10:00
0.5832543969154358,0.5832543969154358,0.5832543969154358,0.5832543969154358,21360,2020-08-05 00:00:00+10:00
0.5832544241286916,0.5832544241286916,0.5699986543320018,0.5766265392303467,124494,2020-08-06 00:00:00+10:00
0.5832543969154358,0.5832543969154358,0.5733125700317803,0.5832543969154358,79359,2020-08-07 00:00:00+10:00
0.5766265123263321,0.5832543969154358,0.5766265123263321,0.5832543969154358,4065,2020-08-10 00:00:00+10:00
0.5832544292486437,0.5931962566834328,0.5766265442921176,0.5898823142051697,227596,2020-08-11 00:00:00+10:00
0.5898822815045394,0.5898822815045394,0.5766265123263321,0.5832543969154358,33382,2020-08-12 00:00:00+10:00
0.583254386538614,0.5931962132453918,0.5799404443030213,0.5931962132453918,71352,2020-08-13 00:00:00+10:00
0.5832543969154358,0.5832543969154358,0.5832543969154358,0.5832543969154358,77482,2020-08-14 00:00:00+10:00
0.579940454620884,0.5832543969154358,0.579940454620884,0.5832543969154358,83583,2020-08-17 00:00:00+10:00
0.5865683392099875,0.5865683392099875,0.5832543969154358,0.5832543969154358,20491,2020-08-18 00:00:00+10:00
0.5799404867703806,0.5898823142051697,0.5799404867703806,0.5898823142051697,10548,2020-08-19 00:00:00+10:00
0.5832544292486437,0.5898823142051697,0.5832544292486437,0.5898823142051697,40383,2020-08-20 00:00:00+10:00
0.5898823142051697,0.5898823142051697,0.5898823142051697,0.5898823142051697,0,2020-08-21 00:00:00+10:00
0.5832543969154358,0.5865683392099875,0.579940454620884,0.5832543969154358,241182,2020-08-24 00:00:00+10:00
0.5865683717269067,0.5898823142051697,0.5865683717269067,0.5898823142051697,99431,2020-08-25 00:00:00+10:00
0.5865684747695923,0.5865684747695923,0.5865684747695923,0.5865684747695923,47433,2020-08-26 00:00:00+10:00
0.5898823142051697,0.5898823142051697,0.5898823142051697,0.5898823142051697,141336,2020-08-27 00:00:00+10:00
0.5865683717269067,0.5898823142051697,0.5865683717269067,0.5898823142051697,19116,2020-08-28 00:00:00+10:00
0.5898824178300168,0.5898824178300168,0.5865684747695923,0.5865684747695923,55683,2020-08-31 00:00:00+10:00
0.5931962237990912,0.5931962237990912,0.5832543969154358,0.5832543969154358,41049,2020-09-01 00:00:00+10:00
0.5878939724213982,0.5898823142051697,0.5832544292486437,0.5898823142051697,88381,2020-09-02 00:00:00+10:00
0.5898823255003711,0.5898823255003711,0.5766265553334944,0.5799404978752136,128519,2020-09-03 00:00:00+10:00
0.5733125642014634,0.5733125642014634,0.5699986219406128,0.5699986219406128,121432,2020-09-04 00:00:00+10:00
0.5699986219406128,0.5733125642014634,0.5699986219406128,0.5699986219406128,30215,2020-09-07 00:00:00+10:00
0.5699986974900335,0.5733126401901245,0.5666847547899425,0.5733126401901245,63569,2020-09-08 00:00:00+10:00
0.5699986974900335,0.5733126401901245,0.5666847547899425,0.5733126401901245,3700,2020-09-09 00:00:00+10:00
0.5733125967811742,0.5766265392303467,0.5699986543320018,0.5766265392303467,50000,2020-09-10 00:00:00+10:00
0.5666847547899425,0.5766265828902155,0.5666847547899425,0.5733126401901245,85841,2020-09-11 00:00:00+10:00
0.5733125642014634,0.5733125642014634,0.5666846796797622,0.5699986219406128,100801,2020-09-14 00:00:00+10:00
0.5666847547899425,0.5733126401901245,0.5666847547899425,0.5733126401901245,67260,2020-09-15 00:00:00+10:00
0.5733125642014634,0.5733125642014634,0.5699986219406128,0.5699986219406128,65528,2020-09-16 00:00:00+10:00
0.5666848265847565,0.573312712824643,0.5633708834648132,0.5633708834648132,294268,2020-09-17 00:00:00+10:00
0.5666848265847565,0.5699987697046998,0.5633708834648132,0.5633708834648132,153100,2020-09-18 00:00:00+10:00
0.5666847229003906,0.5666847229003906,0.5666847229003906,0.5666847229003906,4291,2020-09-21 00:00:00+10:00
0.5666846854426767,0.5832543969154358,0.5633707431481249,0.5832543969154358,178272,2020-09-22 00:00:00+10:00
0.5865683287742066,0.5965101554809845,0.583254386538614,0.5931962132453918,128374,2020-09-23 00:00:00+10:00
0.5945218301973909,0.603138096049078,0.5931962295635036,0.5965101718902588,170657,2020-09-24 00:00:00+10:00
0.5965101718902588,0.5965101718902588,0.5965101718902588,0.5965101718902588,138675,2020-09-25 00:00:00+10:00
0.5965101718902588,0.5965101718902588,0.5931962295635036,0.5965101718902588,151187,2020-09-28 00:00:00+10:00
0.599769930571963,0.599769930571963,0.5862919672410198,0.5964004397392273,62502,2020-09-29 00:00:00+10:00
0.5930308299266186,0.5930308299266186,0.5829223594564753,0.5862918496131897,97457,2020-09-30 00:00:00+10:00
0.5930308103561401,0.5930308103561401,0.5930308103561401,0.5930308103561401,2000,2020-10-01 00:00:00+10:00
0.5930308299266186,0.5930308299266186,0.5862918496131897,0.5862918496131897,20853,2020-10-02 00:00:00+10:00
0.5862918496131897,0.5862918496131897,0.5795528692997608,0.5862918496131897,21905,2020-10-05 00:00:00+11:00
0.586291949378761,0.586291949378761,0.5829224586486816,0.5829224586486816,37169,2020-10-06 00:00:00+11:00
0.5862918496131897,0.5862918496131897,0.5795528692997608,0.5862918496131897,130670,2020-10-07 00:00:00+11:00
0.5829223402195842,0.5930308103561401,0.5795528501740655,0.5930308103561401,93308,2020-10-08 00:00:00+11:00
0.5896612990374681,0.5896612990374681,0.5795528292655945,0.5795528292655945,96743,2020-10-09 00:00:00+11:00
0.5829224586486816,0.5846072040137212,0.5829224586486816,0.5829224586486816,58961,2020-10-12 00:00:00+11:00
0.5842701394521647,0.5862918496131897,0.5842701394521647,0.5862918496131897,121000,2020-10-13 00:00:00+11:00
0.5829223594564753,0.5862918496131897,0.5829223594564753,0.5862918496131897,164543,2020-10-14 00:00:00+11:00
0.5829223594564753,0.5896613397699042,0.5829223594564753,0.5862918496131897,46249,2020-10-15 00:00:00+11:00
0.586291949378761,0.586291949378761,0.5829224586486816,0.5829224586486816,161547,2020-10-16 00:00:00+11:00
0.5829223594564753,0.5930308299266186,0.5829223594564753,0.5862918496131897,105046,2020-10-19 00:00:00+11:00
0.5896613597869873,0.5896613597869873,0.5896613597869873,0.5896613597869873,1137,2020-10-20 00:00:00+11:00
0.5862918496131897,0.5896613397699042,0.5862918496131897,0.5862918496131897,67775,2020-10-21 00:00:00+11:00
0.5862918496131897,0.5862918496131897,0.5862918496131897,0.5862918496131897,41537,2020-10-22 00:00:00+11:00
0.5896613597869873,0.5896613597869873,0.5862918695158896,0.5896613597869873,59241,2020-10-23 00:00:00+11:00
0.5896613397699042,0.5896613397699042,0.5862918496131897,0.5862918496131897,26036,2020-10-26 00:00:00+11:00
0.5896613597869873,0.593030850058085,0.5862918695158896,0.5896613597869873,139366,2020-10-27 00:00:00+11:00
0.5930308299266186,0.5930308299266186,0.5862918496131897,0.5862918496131897,77747,2020-10-28 00:00:00+11:00
0.5896613597869873,0.5896613597869873,0.5862918695158896,0.5896613597869873,130623,2020-10-29 00:00:00+11:00
0.5896613203106216,0.5930308103561401,0.5896613203106216,0.5930308103561401,77146,2020-10-30 00:00:00+11:00
0.5862918496131897,0.5896613397699042,0.5862918496131897,0.5862918496131897,269018,2020-11-02 00:00:00+11:00
0.586291949378761,0.5896614401088401,0.5829224586486816,0.5829224586486816,57281,2020-11-03 00:00:00+11:00
0.5829224586486816,0.586291949378761,0.5829224586486816,0.5829224586486816,96700,2020-11-04 00:00:00+11:00
0.5829223594564753,0.5862918496131897,0.5795528692997608,0.5862918496131897,163909,2020-11-05 00:00:00+11:00
0.5862919704594284,0.5862919704594284,0.5761834979057312,0.5761834979057312,155174,2020-11-06 00:00:00+11:00
0.5829223191895524,0.5829223191895524,0.5795528292655945,0.5795528292655945,215746,2020-11-09 00:00:00+11:00
0.5829223594564753,0.5930308299266186,0.5795528692997608,0.5862918496131897,381364,2020-11-10 00:00:00+11:00
0.5896614401088401,0.5896614401088401,0.5761834771885231,0.5829224586486816,248374,2020-11-11 00:00:00+11:00
0.5896613597869873,0.5896613597869873,0.582922379244792,0.5896613597869873,82800,2020-11-12 00:00:00+11:00
0.5862918695158896,0.593030850058085,0.5862918695158896,0.5896613597869873,113697,2020-11-13 00:00:00+11:00
0.5896613203106216,0.5930308103561401,0.5896613203106216,0.5930308103561401,70000,2020-11-16 00:00:00+11:00
0.593030850058085,0.5964003403291827,0.582922379244792,0.5896613597869873,339994,2020-11-17 00:00:00+11:00
0.5930308299266186,0.5930308299266186,0.5862918496131897,0.5862918496131897,208770,2020-11-18 00:00:00+11:00
0.5862918496131897,0.5862918496131897,0.5829223594564753,0.5862918496131897,132609,2020-11-19 00:00:00+11:00
0.586291949378761,0.5896614401088401,0.5795529679186024,0.5829224586486816,181054,2020-11-20 00:00:00+11:00
0.5862918091135103,0.5862918091135103,0.5795528292655945,0.5795528292655945,94921,2020-11-23 00:00:00+11:00
0.5795529887569636,0.5795529887569636,0.5761834979057312,0.5761834979057312,315735,2020-11-24 00:00:00+11:00
0.5896613597869873,0.5896613597869873,0.5795528889736943,0.5896613597869873,361087,2020-11-25 00:00:00+11:00
0.5862918695158896,0.593030850058085,0.5862918695158896,0.5896613597869873,231011,2020-11-26 00:00:00+11:00
0.5930308103561401,0.5930308103561401,0.5862918302651029,0.5930308103561401,68646,2020-11-27 00:00:00+11:00
0.5930308299266186,0.5930308299266186,0.5829223594564753,0.5862918496131897,456512,2020-11-30 00:00:00+11:00
0.593030788961426,0.593030788961426,0.5795528292655945,0.5795528292655945,188378,2020-12-01 00:00:00+11:00
0.5829223594564753,0.5896613397699042,0.5829223594564753,0.5862918496131897,157652,2020-12-02 00:00:00+11:00
0.5862918496131897,0.5913460848482613,0.5862918496131897,0.5862918496131897,211734,2020-12-03 00:00:00+11:00
0.593030850058085,0.5964003403291827,0.5896613597869873,0.5896613597869873,289086,2020-12-04 00:00:00+11:00
0.5896613597869873,0.593030850058085,0.5896613597869873,0.5896613597869873,147735,2020-12-07 00:00:00+11:00
0.5896613397699042,0.5930308299266186,0.5862918496131897,0.5862918496131897,80061,2020-12-08 00:00:00+11:00
0.5896613203106216,0.5930308103561401,0.5896613203106216,0.5930308103561401,48788,2020-12-09 00:00:00+11:00
0.593030850058085,0.5964003403291827,0.5896613597869873,0.5896613597869873,140767,2020-12-10 00:00:00+11:00
0.5930308299266186,0.5930308299266186,0.5829223594564753,0.5862918496131897,211750,2020-12-11 00:00:00+11:00
0.5862918496131897,0.5964003200833331,0.5862918496131897,0.5862918496131897,143062,2020-12-14 00:00:00+11:00
0.5896613597869873,0.5896613597869873,0.5862918695158896,0.5896613597869873,155423,2020-12-15 00:00:00+11:00
0.5896613203106216,0.5930308103561401,0.5896613203106216,0.5930308103561401,95485,2020-12-16 00:00:00+11:00
0.5913460653333809,0.5930308103561401,0.5896613203106216,0.5930308103561401,37195,2020-12-17 00:00:00+11:00
0.5896613597869873,0.5896613597869873,0.5896613597869873,0.5896613597869873,29930,2020-12-18 00:00:00+11:00
0.5930308103561401,0.5930308103561401,0.5930308103561401,0.5930308103561401,52458,2020-12-21 00:00:00+11:00
0.593030850058085,0.5997698306002803,0.5896613597869873,0.5896613597869873,145263,2020-12-22 00:00:00+11:00
0.599769930571963,0.6065089122374347,0.5964004397392273,0.5964004397392273,238110,2020-12-23 00:00:00+11:00
0.6031393809149163,0.6031393809149163,0.596400399701844,0.5997698903083801,47774,2020-12-24 00:00:00+11:00
0.6065088706235803,0.6132478919941725,0.6065088706235803,0.6098783612251282,142238,2020-12-29 00:00:00+11:00
0.6131923742535957,0.6166180267817276,0.6029154166692001,0.6097667217254639,104950,2020-12-30 00:00:00+11:00
0.606341069197332,0.6097667217254639,0.606341069197332,0.6097667217254639,17682,2020-12-31 00:00:00+11:00
0.6097666083740237,0.6131922602653503,0.6097666083740237,0.6131922602653503,53928,2021-01-04 00:00:00+11:00
0.6097667217254639,0.6097667217254639,0.606341069197332,0.6097667217254639,39729,2021-01-05 00:00:00+11:00
0.6063409388092993,0.6063409388092993,0.6029152870178223,0.6029152870178223,64036,2021-01-06 00:00:00+11:00
0.5994896352263452,0.6029152870178223,0.5994896352263452,0.6029152870178223,60247,2021-01-07 00:00:00+11:00
0.6063410639762878,0.6097667164749223,0.6063410639762878,0.6063410639762878,22987,2021-01-08 00:00:00+11:00
0.6097667164749223,0.6097667164749223,0.6029154114776534,0.6063410639762878,72888,2021-01-11 00:00:00+11:00
0.6063409388092993,0.6097665906007763,0.6029152870178223,0.6029152870178223,89568,2021-01-12 00:00:00+11:00
0.6063409388092993,0.6063409388092993,0.6029152870178223,0.6029152870178223,212102,2021-01-13 00:00:00+11:00
0.6029152870178223,0.6029152870178223,0.6029152870178223,0.6029152870178223,179,2021-01-14 00:00:00+11:00
0.6029152870178223,0.6063409388092993,0.5994896352263452,0.6029152870178223,213856,2021-01-15 00:00:00+11:00
0.5994897484779358,0.6063410533551925,0.5960640960393075,0.5994897484779358,139724,2021-01-18 00:00:00+11:00
0.6029154009165641,0.6029154009165641,0.5994897484779358,0.5994897484779358,65301,2021-01-19 00:00:00+11:00
0.5960641453059985,0.6029154507495383,0.5926384925842285,0.5926384925842285,76998,2021-01-20 00:00:00+11:00
0.6029152870178223,0.6029152870178223,0.5994896352263452,0.6029152870178223,106641,2021-01-21 00:00:00+11:00
0.5994897431368678,0.6029153955449758,0.5960640907287598,0.5960640907287598,160266,2021-01-22 00:00:00+11:00
0.6029154114776534,0.6063410639762878,0.5960641064803844,0.6063410639762878,105582,2021-01-25 00:00:00+11:00
0.6029154009165641,0.6029154009165641,0.5960640960393075,0.5994897484779358,56268,2021-01-27 00:00:00+11:00
0.6029154009165641,0.6029154009165641,0.5960640960393075,0.5994897484779358,22850,2021-01-28 00:00:00+11:00
0.5994897641410682,0.6097667217254639,0.5960641116129364,0.6097667217254639,189813,2021-01-29 00:00:00+11:00
0.6029152870178223,0.6029152870178223,0.5926383316433913,0.6029152870178223,104325,2021-02-01 00:00:00+11:00
0.5960641453059985,0.5994897980277685,0.5926384925842285,0.5926384925842285,220573,2021-02-02 00:00:00+11:00
0.5960640907287598,0.5960640907287598,0.5960640907287598,0.5960640907287598,19494,2021-02-03 00:00:00+11:00
0.5926384436006792,0.5994897484779358,0.5926384436006792,0.5994897484779358,39363,2021-02-04 00:00:00+11:00
0.5994897484779358,0.5994897484779358,0.5960640960393075,0.5994897484779358,24462,2021-02-05 00:00:00+11:00
0.5994897431368678,0.6029153955449758,0.5960640907287598,0.5960640907287598,159393,2021-02-08 00:00:00+11:00
0.5994897589790189,0.6063410639762878,0.5994897589790189,0.6063410639762878,109150,2021-02-09 00:00:00+11:00
0.6063410639762878,0.6063410639762878,0.6063410639762878,0.6063410639762878,29350,2021-02-10 00:00:00+11:00
0.6063409388092993,0.6063409388092993,0.6029152870178223,0.6029152870178223,63586,2021-02-11 00:00:00+11:00
0.6063410533551925,0.6063410533551925,0.5960640960393075,0.5994897484779358,69775,2021-02-12 00:00:00+11:00
0.5994897641410682,0.6097667217254639,0.5960641116129364,0.6097667217254639,14789,2021-02-15 00:00:00+11:00
0.6097667057938209,0.6097667057938209,0.5994897484779358,0.5994897484779358,78030,2021-02-16 00:00:00+11:00
0.6029154009165641,0.6029154009165641,0.5994897484779358,0.5994897484779358,85552,2021-02-17 00:00:00+11:00
0.6029152870178223,0.6063409388092993,0.5994896352263452,0.6029152870178223,33372,2021-02-18 00:00:00+11:00
0.6029152870178223,0.6029152870178223,0.6029152870178223,0.6029152870178223,56600,2021-02-19 00:00:00+11:00
0.6029154507495383,0.6029154507495383,0.5926384925842285,0.5926384925842285,116766,2021-02-22 00:00:00+11:00
0.5960640907287598,0.5960640907287598,0.5926384383206518,0.5960640907287598,105451,2021-02-23 00:00:00+11:00
0.6029152870178223,0.6029152870178223,0.5960639834348683,0.6029152870178223,62738,2021-02-24 00:00:00+11:00
0.6029152870178223,0.6063409388092993,0.6029152870178223,0.6029152870178223,65556,2021-02-25 00:00:00+11:00
0.6029153955449758,0.6063410479530837,0.5960640907287598,0.5960640907287598,223160,2021-02-26 00:00:00+11:00
0.6029152870178223,0.6097665906007763,0.5994896352263452,0.6029152870178223,279453,2021-03-01 00:00:00+11:00
0.6097666083740237,0.616617912156677,0.6063409564826971,0.6131922602653503,140510,2021-03-02 00:00:00+11:00
0.6131922602653503,0.616617912156677,0.6131922602653503,0.6131922602653503,103381,2021-03-03 00:00:00+11:00
0.616617912156677,0.616617912156677,0.6063409564826971,0.6131922602653503,130424,2021-03-04 00:00:00+11:00
0.6097667217254639,0.6097667217254639,0.6097667217254639,0.6097667217254639,47342,2021-03-05 00:00:00+11:00
0.6166180214721912,0.6166180214721912,0.6063410639762878,0.6063410639762878,70931,2021-03-08 00:00:00+11:00
0.6063409388092993,0.6063409388092993,0.6029152870178223,0.6029152870178223,13725,2021-03-09 00:00:00+11:00
0.6131922423922533,0.6131922423922533,0.6029152870178223,0.6029152870178223,117652,2021-03-10 00:00:00+11:00
0.6029154166692001,0.6131923742535957,0.6029154166692001,0.6097667217254639,112358,2021-03-11 00:00:00+11:00
0.6097666083740237,0.6131922602653503,0.6097666083740237,0.6131922602653503,17821,2021-03-12 00:00:00+11:00
0.6131922602653503,0.616617912156677,0.6131922602653503,0.6131922602653503,99869,2021-03-15 00:00:00+11:00
0.6131922602653503,0.616617912156677,0.6131922602653503,0.6131922602653503,91277,2021-03-16 00:00:00+11:00
0.6131922602653503,0.6131922602653503,0.6131922602653503,0.6131922602653503,26000,2021-03-17 00:00:00+11:00
0.6131922602653503,0.6131922602653503,0.6097666083740237,0.6131922602653503,98085,2021-03-18 00:00:00+11:00
0.6131922602653503,0.6131922602653503,0.6097666083740237,0.6131922602653503,23852,2021-03-19 00:00:00+11:00
0.6166179180145264,0.6166179180145264,0.6166179180145264,0.6166179180145264,832,2021-03-22 00:00:00+11:00
0.6166179180145264,0.6166179180145264,0.6131922660906561,0.6166179180145264,63700,2021-03-23 00:00:00+11:00
0.6166180423583235,0.6200436949729919,0.6166180423583235,0.6200436949729919,29743,2021-03-24 00:00:00+11:00
0.6200435699383966,0.6200435699383966,0.6166179180145264,0.6166179180145264,74760,2021-03-25 00:00:00+11:00
0.6200436949729919,0.6200436949729919,0.6200436949729919,0.6200436949729919,11308,2021-03-26 00:00:00+11:00
0.623469352722168,0.623469352722168,0.6166180070481677,0.623469352722168,38105,2021-03-29 00:00:00+11:00
0.6372854819281848,0.6372854819281848,0.6268381476402283,0.6268381476402283,538887,2021-03-30 00:00:00+11:00
0.6338031411544133,0.6407680039944853,0.63032066822052,0.63032066822052,91043,2021-03-31 00:00:00+11:00
0.63032066822052,0.6338031411544133,0.626838236800484,0.63032066822052,48820,2021-04-01 00:00:00+11:00
0.63032066822052,0.63032066822052,0.63032066822052,0.63032066822052,88042,2021-04-06 00:00:00+10:00
0.63032066822052,0.6372855725744493,0.63032066822052,0.63032066822052,19721,2021-04-07 00:00:00+10:00
0.6372855009097453,0.6407679319381714,0.6372855009097453,0.6407679319381714,59243,2021-04-08 00:00:00+10:00
0.640767990841896,0.6546977162361145,0.640767990841896,0.6546977162361145,211277,2021-04-09 00:00:00+10:00
0.6546977162361145,0.6616625789332237,0.6477328535390052,0.6546977162361145,37295,2021-04-12 00:00:00+10:00
0.6407679322248525,0.6546976563447887,0.6407679322248525,0.6477327942848206,52666,2021-04-13 00:00:00+10:00
0.6442503929138184,0.647732824104121,0.6442503929138184,0.6442503929138184,74959,2021-04-14 00:00:00+10:00
0.6477328833562501,0.6546977463739746,0.6442504518473878,0.6512153148651123,899970,2021-04-15 00:00:00+10:00
0.6581802368164062,0.6581802368164062,0.6477329413543669,0.6581802368164062,188770,2021-04-16 00:00:00+10:00
0.6546978049957265,0.6686275322784455,0.6546978049957265,0.6581802368164062,2108813,2021-04-19 00:00:00+10:00
0.6651450099294738,0.6686274412761838,0.6616625785827637,0.6616625785827637,87158,2021-04-20 00:00:00+10:00
0.6651449096918484,0.6755922436714172,0.6651449096918484,0.6755922436714172,329879,2021-04-21 00:00:00+10:00
0.6686274579786897,0.682557225227356,0.6686274579786897,0.682557225227356,182005,2021-04-22 00:00:00+10:00
0.6790748070796099,0.6790748070796099,0.6651450395584106,0.6651450395584106,75982,2021-04-23 00:00:00+10:00
0.6755923755777746,0.6755923755777746,0.6651450395584106,0.6651450395584106,338557,2021-04-26 00:00:00+10:00
0.6755922436714172,0.6755922436714172,0.6651449096918484,0.6755922436714172,1714,2021-04-27 00:00:00+10:00
0.668627471060246,0.6755923755777746,0.6651450395584106,0.6651450395584106,288776,2021-04-28 00:00:00+10:00
0.6755924053586067,0.6755924053586067,0.6686275005340576,0.6686275005340576,21064,2021-04-29 00:00:00+10:00
0.6755923755777746,0.6755923755777746,0.6651450395584106,0.6651450395584106,52625,2021-04-30 00:00:00+10:00
0.6651449096918484,0.6755922436714172,0.6651449096918484,0.6755922436714172,12075,2021-05-03 00:00:00+10:00
0.6755922436714172,0.6755922436714172,0.6651449096918484,0.6755922436714172,4283,2021-05-04 00:00:00+10:00
0.6686275005340576,0.6755924053586067,0.6686275005340576,0.6686275005340576,403048,2021-05-05 00:00:00+10:00
0.6686275005340576,0.6686275005340576,0.6686275005340576,0.6686275005340576,275677,2021-05-06 00:00:00+10:00
0.6755924053586067,0.6755924053586067,0.665145068878713,0.6686275005340576,85070,2021-05-07 00:00:00+10:00
0.6755922143715433,0.6790746450424194,0.6651448808450666,0.6790746450424194,161407,2021-05-10 00:00:00+10:00
0.6790746744933235,0.6790746744933235,0.6721097713356609,0.6755922436714172,73986,2021-05-11 00:00:00+10:00
0.6790747768301704,0.6790747768301704,0.6616625785827637,0.6616625785827637,98438,2021-05-12 00:00:00+10:00
0.6616625785827637,0.6616625785827637,0.6616625785827637,0.6616625785827637,129080,2021-05-13 00:00:00+10:00
0.661662668637086,0.661662668637086,0.6581802368164062,0.6581802368164062,92478,2021-05-14 00:00:00+10:00
0.6721098729788876,0.6721098729788876,0.6512152848875599,0.6546977162361145,1150847,2021-05-17 00:00:00+10:00
0.6616625785827637,0.6616625785827637,0.6581801472360536,0.6616625785827637,103704,2021-05-18 00:00:00+10:00
0.6721099025620813,0.6721099025620813,0.6651450395584106,0.6651450395584106,9144,2021-05-19 00:00:00+10:00
0.6721097713356609,0.6755922436714172,0.6651449096918484,0.6755922436714172,178897,2021-05-20 00:00:00+10:00
0.6755922436714172,0.6755922436714172,0.6686273405137546,0.6755922436714172,107670,2021-05-21 00:00:00+10:00
0.6755923150038684,0.6755923150038684,0.668627411110816,0.672109842300415,130455,2021-05-24 00:00:00+10:00
0.6686275005340576,0.6686275005340576,0.6686275005340576,0.6686275005340576,49170,2021-05-25 00:00:00+10:00
0.6686273405137546,0.6755922436714172,0.6651449096918484,0.6755922436714172,1559326,2021-05-26 00:00:00+10:00
0.6755922436714172,0.6755922436714172,0.6686273405137546,0.6755922436714172,90050,2021-05-27 00:00:00+10:00
0.6755924053586067,0.6755924053586067,0.6686275005340576,0.6686275005340576,60835,2021-05-28 00:00:00+10:00
0.6686273115159428,0.6790746450424194,0.6686273115159428,0.6790746450424194,140367,2021-05-31 00:00:00+10:00
0.6755923150038684,0.6755923150038684,0.668627411110816,0.672109842300415,28271,2021-06-01 00:00:00+10:00
0.668627471060246,0.6755923755777746,0.6651450395584106,0.6651450395584106,306528,2021-06-02 00:00:00+10:00
0.672109842300415,0.672109842300415,0.668627411110816,0.672109842300415,20468,2021-06-03 00:00:00+10:00
0.6686275005340576,0.6721099321894022,0.6686275005340576,0.6686275005340576,791116,2021-06-04 00:00:00+10:00
0.6721097713356609,0.6755922436714172,0.6721097713356609,0.6755922436714172,26300,2021-06-07 00:00:00+10:00
0.6755924053586067,0.6755924053586067,0.6686275005340576,0.6686275005340576,201166,2021-06-08 00:00:00+10:00
0.6755922143715433,0.6790746450424194,0.6755922143715433,0.6790746450424194,54491,2021-06-09 00:00:00+10:00
0.6790746450424194,0.6825570757132956,0.6790746450424194,0.6790746450424194,143024,2021-06-10 00:00:00+10:00
0.6790746744933235,0.6825571053152297,0.6686273405137546,0.6755922436714172,79900,2021-06-11 00:00:00+10:00
0.6825571053152297,0.6825571053152297,0.6755922436714172,0.6755922436714172,119775,2021-06-15 00:00:00+10:00
0.6755923623599515,0.682557225227356,0.6755923623599515,0.682557225227356,13979,2021-06-16 00:00:00+10:00
0.6825570757132956,0.6825570757132956,0.6755922143715433,0.6790746450424194,100680,2021-06-17 00:00:00+10:00
0.6825570757132956,0.6825570757132956,0.6755922143715433,0.6790746450424194,134127,2021-06-18 00:00:00+10:00
0.6790746450424194,0.6790746450424194,0.672109742186819,0.6790746450424194,173634,2021-06-21 00:00:00+10:00
0.6755923623599515,0.682557225227356,0.6755923623599515,0.682557225227356,27473,2021-06-22 00:00:00+10:00
0.6755923623599515,0.682557225227356,0.6755923623599515,0.682557225227356,201654,2021-06-23 00:00:00+10:00
0.6790746450424194,0.6790746450424194,0.6790746450424194,0.6790746450424194,63458,2021-06-24 00:00:00+10:00
0.6790746450424194,0.6790746450424194,0.6686273115159428,0.6790746450424194,105954,2021-06-25 00:00:00+10:00
0.6790746450424194,0.6825570757132956,0.6790746450424194,0.6790746450424194,24694,2021-06-28 00:00:00+10:00
0.6895681812234791,0.6895681812234791,0.6860319375991821,0.6860319375991821,43218,2021-06-29 00:00:00+10:00
0.6860319018303896,0.7178580927896862,0.6860319018303896,0.7037131190299988,50218,2021-06-30 00:00:00+10:00
0.7072493624699207,0.7072493624699207,0.7037131190299988,0.7037131190299988,9097,2021-07-01 00:00:00+10:00
0.7001770734786987,0.703713317918057,0.6895683401606236,0.7001770734786987,77990,2021-07-02 00:00:00+10:00
0.6931044859680401,0.7037132177764441,0.6931044859680401,0.6966407299041748,32482,2021-07-05 00:00:00+10:00
0.6931045055389404,0.6931045055389404,0.6931045055389404,0.6931045055389404,2020,2021-07-06 00:00:00+10:00
0.6895681619644165,0.6966406490154816,0.6895681619644165,0.6895681619644165,87617,2021-07-07 00:00:00+10:00
0.6966407495749265,0.6966407495749265,0.6931045055389404,0.6931045055389404,31373,2021-07-08 00:00:00+10:00
0.7001770734786987,0.7001770734786987,0.7001770734786987,0.7001770734786987,4568,2021-07-09 00:00:00+10:00
0.7001769120963697,0.7001769120963697,0.6860319375991821,0.6860319375991821,20648,2021-07-12 00:00:00+10:00
0.6860319375991821,0.6913363030356275,0.6860319375991821,0.6860319375991821,44531,2021-07-13 00:00:00+10:00
0.6860319375991821,0.6860319375991821,0.6824956518195361,0.6860319375991821,113105,2021-07-14 00:00:00+10:00
0.6860319375991821,0.6860319375991821,0.6789594081952391,0.6860319375991821,6863,2021-07-15 00:00:00+10:00
0.6860319375991821,0.6860319375991821,0.6824956518195361,0.6860319375991821,62346,2021-07-16 00:00:00+10:00
0.6860319375991821,0.6860319375991821,0.6718869209466455,0.6860319375991821,42290,2021-07-19 00:00:00+10:00
0.6824957132339478,0.6860319993318067,0.6789594692914418,0.6824957132339478,25651,2021-07-20 00:00:00+10:00
0.6718869610633968,0.6824956925697092,0.6718869610633968,0.6754232048988342,235091,2021-07-21 00:00:00+10:00
0.6754233041184468,0.6789595484733582,0.6718870597635354,0.6789595484733582,61480,2021-07-22 00:00:00+10:00
0.6789595484733582,0.6789595484733582,0.6718870597635354,0.6789595484733582,110740,2021-07-23 00:00:00+10:00
0.6789595484733582,0.6789595484733582,0.6789595484733582,0.6789595484733582,5576,2021-07-26 00:00:00+10:00
0.6789595484733582,0.6789595484733582,0.6754233041184468,0.6789595484733582,13778,2021-07-27 00:00:00+10:00
0.6754232048988342,0.6789594487342717,0.6754232048988342,0.6754232048988342,143267,2021-07-28 00:00:00+10:00
0.6754232048988342,0.6789594487342717,0.6754232048988342,0.6754232048988342,56071,2021-07-29 00:00:00+10:00
0.6860320793385389,0.6860320793385389,0.6754233041184468,0.6789595484733582,150384,2021-07-30 00:00:00+10:00
0.6860320793385389,0.6860320793385389,0.6789595484733582,0.6789595484733582,137371,2021-08-02 00:00:00+10:00
0.6789594487342717,0.6789594487342717,0.6754232048988342,0.6754232048988342,38301,2021-08-03 00:00:00+10:00
0.6754231645709423,0.6860319375991821,0.6754231645709423,0.6860319375991821,63834,2021-08-04 00:00:00+10:00
0.6824957928282696,0.6824957928282696,0.6754233041184468,0.6789595484733582,58386,2021-08-05 00:00:00+10:00
0.6789594487342717,0.6789594487342717,0.6718869610633968,0.6754232048988342,308033,2021-08-06 00:00:00+10:00
0.6754232048988342,0.6754232048988342,0.6683507172279594,0.6754232048988342,111138,2021-08-09 00:00:00+10:00
0.6718869903457602,0.6718869903457602,0.6683507463562052,0.6701188683509827,166285,2021-08-10 00:00:00+10:00
0.6718869805335999,0.6718869805335999,0.6683507365956877,0.6718869805335999,99951,2021-08-11 00:00:00+10:00
0.6718869805335999,0.6718869805335999,0.6683507365956877,0.6718869805335999,87899,2021-08-12 00:00:00+10:00
0.6683507561683655,0.6718870002098366,0.6648145121268944,0.6683507561683655,307908,2021-08-13 00:00:00+10:00
0.6718868996179227,0.6718868996179227,0.6630462908378213,0.6648144125938416,269562,2021-08-16 00:00:00+10:00
0.664814431843037,0.6665825536502519,0.6577419446141775,0.6612781882286072,241175,2021-08-17 00:00:00+10:00
0.6577419446141775,0.664814431843037,0.6506694573853178,0.6612781882286072,668918,2021-08-18 00:00:00+10:00
0.664814431843037,0.664814431843037,0.6577419446141775,0.6612781882286072,310636,2021-08-19 00:00:00+10:00
0.6612781882286072,0.664814431843037,0.6577419446141775,0.6612781882286072,243655,2021-08-20 00:00:00+10:00
0.6577419255697605,0.6683506561058822,0.6577419255697605,0.6648144125938416,197105,2021-08-23 00:00:00+10:00
0.664814431843037,0.664814431843037,0.6577419446141775,0.6612781882286072,59534,2021-08-24 00:00:00+10:00
0.6612782271431964,0.6612782271431964,0.6542057394981384,0.6542057394981384,678131,2021-08-25 00:00:00+10:00
0.6542057590611792,0.6577420029894542,0.650669515132904,0.650669515132904,79526,2021-08-26 00:00:00+10:00
0.6559737825599954,0.657741904258728,0.6506694174637976,0.657741904258728,142033,2021-08-27 00:00:00+10:00
0.657741904258728,0.657741904258728,0.6542056608612627,0.657741904258728,256853,2021-08-30 00:00:00+10:00
0.6542057394981384,0.6577419833206675,0.6506694956756095,0.6542057394981384,663315,2021-08-31 00:00:00+10:00
0.6542056820577199,0.6648144125938416,0.6506694385456794,0.6648144125938416,666859,2021-09-01 00:00:00+10:00
0.6577420029894542,0.6577420029894542,0.647133271204629,0.650669515132904,224749,2021-09-02 00:00:00+10:00
0.6506694944293018,0.6506694944293018,0.6435970067977905,0.6435970067977905,240023,2021-09-03 00:00:00+10:00
0.6435970272763539,0.650669515132904,0.640060741192726,0.650669515132904,52616,2021-09-06 00:00:00+10:00
0.6506694944293018,0.6506694944293018,0.6400607208266834,0.6435970067977905,135219,2021-09-07 00:00:00+10:00
0.647133271204629,0.650669515132904,0.640060741192726,0.650669515132904,183328,2021-09-08 00:00:00+10:00
0.6435969306688671,0.657741904258728,0.6400606451160554,0.657741904258728,492198,2021-09-09 00:00:00+10:00
0.657741904258728,0.6648143910536585,0.657741904258728,0.657741904258728,77895,2021-09-10 00:00:00+10:00
0.6648144125938416,0.6648144125938416,0.6542056820577199,0.6648144125938416,63816,2021-09-13 00:00:00+10:00
0.6648145121268944,0.6683507561683655,0.6542057800024808,0.6683507561683655,125409,2021-09-14 00:00:00+10:00
0.6648144125938416,0.6718868996179227,0.661278169081801,0.6648144125938416,157906,2021-09-15 00:00:00+10:00
0.6718868996179227,0.6718868996179227,0.6648144125938416,0.6648144125938416,21136,2021-09-16 00:00:00+10:00
0.6718869190718966,0.6718869190718966,0.6577419446141775,0.6612781882286072,46592,2021-09-17 00:00:00+10:00
0.6718869594245718,0.6718869594245718,0.6400607228279114,0.6400607228279114,483113,2021-09-20 00:00:00+10:00
0.640060622526046,0.6471331512267083,0.6365243792533875,0.6365243792533875,372483,2021-09-21 00:00:00+10:00
0.6435969079540498,0.6435969079540498,0.6329881359807288,0.6365243792533875,366686,2021-09-22 00:00:00+10:00
0.6365244770109278,0.6435970067977905,0.6329882331951723,0.6435970067977905,623682,2021-09-23 00:00:00+10:00
0.6435968665747509,0.6435968665747509,0.6329880952835083,0.6329880952835083,300771,2021-09-24 00:00:00+10:00
0.6365243792533875,0.6435969079540498,0.6365243792533875,0.6365243792533875,206821,2021-09-27 00:00:00+10:00
0.6400605813741085,0.6400605813741085,0.6329880952835083,0.6329880952835083,590977,2021-09-28 00:00:00+10:00
0.6400627673676321,0.6400627673676321,0.6256793478790021,0.6292752027511597,289978,2021-09-29 00:00:00+10:00
0.6328710576233172,0.6328710576233172,0.6292752027511597,0.6292752027511597,149345,2021-09-30 00:00:00+10:00
0.6328710837827306,0.6328710837827306,0.6256793737411499,0.6256793737411499,231572,2021-10-01 00:00:00+10:00
0.6328709559085,0.6436585187911987,0.6328709559085,0.6436585187911987,94211,2021-10-04 00:00:00+11:00
0.6436586488451018,0.6436586488451018,0.6256793737411499,0.6256793737411499,135805,2021-10-05 00:00:00+11:00
0.6328710317611694,0.6328710317611694,0.6292751770359558,0.6328710317611694,89627,2021-10-06 00:00:00+11:00
0.6328710317611694,0.6328710317611694,0.6256793223107422,0.6328710317611694,83566,2021-10-07 00:00:00+11:00
0.6328710061912491,0.6364668607711792,0.6328710061912491,0.6364668607711792,258000,2021-10-08 00:00:00+11:00
0.636466886486383,0.6400627412115967,0.6328710317611694,0.6328710317611694,190655,2021-10-11 00:00:00+11:00
0.6328710576233172,0.6364669124954746,0.6292752027511597,0.6292752027511597,167122,2021-10-12 00:00:00+11:00
0.6256793478790021,0.6328710576233172,0.6256793478790021,0.6292752027511597,345917,2021-10-13 00:00:00+11:00
0.6328710837827306,0.6328710837827306,0.6256793737411499,0.6256793737411499,377397,2021-10-14 00:00:00+11:00
0.6256793223107422,0.6328710317611694,0.6220834675855286,0.6328710317611694,680224,2021-10-15 00:00:00+11:00
0.6328710317611694,0.6400627412115967,0.6256793223107422,0.6328710317611694,150961,2021-10-18 00:00:00+11:00
0.6256793478790021,0.6292752027511597,0.6220834930068446,0.6292752027511597,289447,2021-10-19 00:00:00+11:00
0.629275151611319,0.6364668607711792,0.629275151611319,0.6364668607711792,92557,2021-10-20 00:00:00+11:00
0.6364668439511479,0.650850261890755,0.6328709894662462,0.6472544074058533,313172,2021-10-21 00:00:00+11:00
0.6544461929199322,0.6616379022598267,0.6544461929199322,0.6616379022598267,110712,2021-10-22 00:00:00+11:00
0.6472544407140688,0.6616379022598267,0.6472544407140688,0.6616379022598267,264440,2021-10-25 00:00:00+11:00
0.6616378681296293,0.6616378681296293,0.6544461591607149,0.6580420136451721,3292002,2021-10-26 00:00:00+11:00
0.6508502871447673,0.6580420392595889,0.6508502871447673,0.6544461846351624,128226,2021-10-27 00:00:00+11:00
0.6616378938840155,0.6652337485084421,0.6436585778959142,0.6544461846351624,379270,2021-10-28 00:00:00+11:00
0.6580420137265253,0.6580420137265253,0.6436585529209515,0.6472544074058533,199065,2021-10-29 00:00:00+11:00
0.6472544157476441,0.6652337312698364,0.6472544157476441,0.6652337312698364,124826,2021-11-01 00:00:00+11:00
0.665233824454192,0.6688296794891357,0.6616379694192482,0.6688296794891357,222491,2021-11-02 00:00:00+11:00
0.6688295100518824,0.6760212182998657,0.6652336559278907,0.6760212182998657,269191,2021-11-03 00:00:00+11:00
0.6724255345240795,0.6760213895590232,0.6688296794891357,0.6688296794891357,315968,2021-11-04 00:00:00+11:00
0.6760213209396156,0.6760213209396156,0.6616379022598267,0.6616379022598267,109498,2021-11-05 00:00:00+11:00
0.6760213123817218,0.6760213123817218,0.6544461846351624,0.6544461846351624,56010,2021-11-08 00:00:00+11:00
0.6652337569297739,0.6652337569297739,0.6616379022598267,0.6616379022598267,507,2021-11-09 00:00:00+11:00
0.6616379694192482,0.6688296794891357,0.6580421143843045,0.6688296794891357,86396,2021-11-10 00:00:00+11:00
0.6688295510026112,0.6688295510026112,0.6472543820717064,0.650850236415863,413100,2021-11-11 00:00:00+11:00
0.6544461336259847,0.6544461336259847,0.650850236415863,0.650850236415863,89463,2021-11-12 00:00:00+11:00
0.6652336966584547,0.6652336966584547,0.650850236415863,0.650850236415863,33954,2021-11-15 00:00:00+11:00
0.650850236415863,0.6580419879701414,0.6472543820717064,0.650850236415863,245340,2021-11-16 00:00:00+11:00
0.650850236415863,0.6580419879701414,0.650850236415863,0.650850236415863,59699,2021-11-17 00:00:00+11:00
0.6580419879701414,0.6652336966584547,0.650850236415863,0.650850236415863,97053,2021-11-18 00:00:00+11:00
0.6526482064539063,0.6544461336259847,0.6472543820717064,0.650850236415863,142151,2021-11-19 00:00:00+11:00
0.6544461846351624,0.6544461846351624,0.6472544325203408,0.6544461846351624,120436,2021-11-22 00:00:00+11:00
0.6544461846351624,0.6544461846351624,0.6508502871447673,0.6544461846351624,112551,2021-11-23 00:00:00+11:00
0.650850236415863,0.6544461336259847,0.6472543820717064,0.650850236415863,491573,2021-11-24 00:00:00+11:00
0.6472543730854317,0.6508502273796646,0.6400626644969658,0.6436585187911987,228495,2021-11-25 00:00:00+11:00
0.6472544245109695,0.6472544245109695,0.6364668607711792,0.6364668607711792,92519,2021-11-26 00:00:00+11:00
0.6328710317611694,0.636466886486383,0.6310731043985626,0.6328710317611694,402518,2021-11-29 00:00:00+11:00
0.6472543730854317,0.6472543730854317,0.6364668102027329,0.6436585187911987,82905,2021-11-30 00:00:00+11:00
0.6400627412115967,0.6472544506620238,0.6328710317611694,0.6328710317611694,190684,2021-12-01 00:00:00+11:00
0.6364668607711792,0.6364668607711792,0.6364668607711792,0.6364668607711792,288431,2021-12-02 00:00:00+11:00
0.640062689781189,0.6472543986537469,0.640062689781189,0.640062689781189,59358,2021-12-03 00:00:00+11:00
0.6472544245109695,0.6472544245109695,0.6364668607711792,0.6364668607711792,54989,2021-12-06 00:00:00+11:00
0.6436585699310394,0.6436585699310394,0.6364668607711792,0.6364668607711792,80109,2021-12-07 00:00:00+11:00
0.6436585529209515,0.6472544074058533,0.6400626984360497,0.6472544074058533,169995,2021-12-08 00:00:00+11:00
0.6472543986537469,0.6472543986537469,0.640062689781189,0.640062689781189,254494,2021-12-09 00:00:00+11:00
0.6400626984360497,0.6472544074058533,0.6400626984360497,0.6472544074058533,94614,2021-12-10 00:00:00+11:00
0.6472544074058533,0.6472544074058533,0.6436585529209515,0.6472544074058533,46916,2021-12-13 00:00:00+11:00
0.6544461846351624,0.6544461846351624,0.6544461846351624,0.6544461846351624,30810,2021-12-14 00:00:00+11:00
0.6580419879701414,0.6580419879701414,0.6400626733833931,0.650850236415863,127533,2021-12-15 00:00:00+11:00
0.650850261890755,0.650850261890755,0.6400626984360497,0.6472544074058533,126631,2021-12-16 00:00:00+11:00
0.6472544074058533,0.650850261890755,0.6472544074058533,0.6472544074058533,141328,2021-12-17 00:00:00+11:00
0.6472543986537469,0.6472543986537469,0.640062689781189,0.640062689781189,91677,2021-12-20 00:00:00+11:00
0.6400626644969658,0.6472543730854317,0.6400626644969658,0.6436585187911987,176897,2021-12-21 00:00:00+11:00
0.6472544074058533,0.6544461592416235,0.6436585529209515,0.6472544074058533,152876,2021-12-22 00:00:00+11:00
0.6436585529209515,0.6472544074058533,0.6436585529209515,0.6472544074058533,93827,2021-12-23 00:00:00+11:00
0.6472544074058533,0.6472544074058533,0.6436585529209515,0.6472544074058533,186828,2021-12-24 00:00:00+11:00
0.6436585528413765,0.6580420136451721,0.6436585528413765,0.6580420136451721,48754,2021-12-29 00:00:00+11:00
0.6615779995918274,0.6615779995918274,0.6615779995918274,0.6615779995918274,104,2021-12-30 00:00:00+11:00
0.6542677996007458,0.6579229235649109,0.6542677996007458,0.6579229235649109,47786,2021-12-31 00:00:00+11:00
0.6579228758925088,0.6615779995918274,0.6542677521931902,0.6615779995918274,68450,2022-01-04 00:00:00+11:00
0.6615780475290759,0.6615780475290759,0.6469575516724158,0.6579229235649109,93453,2022-01-05 00:00:00+11:00
0.6506126284366601,0.6542677521356572,0.6433023810386658,0.6433023810386658,138126,2022-01-06 00:00:00+11:00
0.6542676091194153,0.6542676091194153,0.6469573633193663,0.6542676091194153,1010,2022-01-07 00:00:00+11:00
0.6506126523017883,0.6542677761348591,0.6506126523017883,0.6506126523017883,54609,2022-01-10 00:00:00+11:00
0.6506124862193907,0.6542676091194153,0.6506124862193907,0.6542676091194153,39767,2022-01-11 00:00:00+11:00
0.6506126404366398,0.6542677642030525,0.6433023929038143,0.646957516670227,163461,2022-01-12 00:00:00+11:00
0.6469575284687175,0.6506126523017883,0.6469575284687175,0.6506126523017883,156409,2022-01-13 00:00:00+11:00
0.6542677521931902,0.6615779995918274,0.6542677521931902,0.6615779995918274,90541,2022-01-14 00:00:00+11:00
0.6615779995918274,0.6615779995918274,0.6579228758925088,0.6615779995918274,74370,2022-01-17 00:00:00+11:00
0.6652331948280334,0.6688883186810023,0.6579229035495824,0.6652331948280334,187636,2022-01-18 00:00:00+11:00
0.6652332150657556,0.6652332150657556,0.6579229235649109,0.6579229235649109,32237,2022-01-19 00:00:00+11:00
0.6615779995918274,0.6652331668636575,0.6615779995918274,0.6615779995918274,45877,2022-01-20 00:00:00+11:00
0.6652332150657556,0.6652332150657556,0.6506126756365808,0.6579229235649109,71553,2022-01-21 00:00:00+11:00
0.6469575047376629,0.6469575047376629,0.6396472573396685,0.6433023810386658,276675,2022-01-24 00:00:00+11:00
0.6433022839819545,0.6433022839819545,0.6213715450967198,0.6323369145393372,182536,2022-01-25 00:00:00+11:00
0.6213715795307673,0.6323369495810437,0.6213715795307673,0.6250267028808594,30456,2022-01-27 00:00:00+11:00
0.6250266682442589,0.6323369145393372,0.6250266682442589,0.6323369145393372,146541,2022-01-28 00:00:00+11:00
0.6323369145393372,0.6323369145393372,0.6323369145393372,0.6323369145393372,0,2022-01-31 00:00:00+11:00
0.7017843531498859,0.7310253842041551,0.7017843531498859,0.7090946435928345,642956,2022-02-01 00:00:00+11:00
0.7090946629724514,0.7090946629724514,0.7017843723297119,0.7017843723297119,139368,2022-02-02 00:00:00+11:00
0.7017843723297119,0.7017843723297119,0.694474125259482,0.7017843723297119,384101,2022-02-03 00:00:00+11:00
0.6981291770935059,0.6981291770935059,0.6944740539337889,0.6981291770935059,188984,2022-02-04 00:00:00+11:00
0.7017843478821575,0.7017843478821575,0.6908189776588053,0.6944741010665894,128112,2022-02-07 00:00:00+11:00
0.7017843723297119,0.7017843723297119,0.694474125259482,0.7017843723297119,223444,2022-02-08 00:00:00+11:00
0.6981292244743734,0.6981292244743734,0.6944741010665894,0.6944741010665894,46535,2022-02-09 00:00:00+11:00
0.6944741010665894,0.6944741010665894,0.6908189776588053,0.6944741010665894,79420,2022-02-10 00:00:00+11:00
0.6908190250396729,0.6908190250396729,0.6908190250396729,0.6908190250396729,30938,2022-02-11 00:00:00+11:00
0.6908189776588053,0.6944741010665894,0.6908189776588053,0.6944741010665894,86082,2022-02-14 00:00:00+11:00
0.6944741010665894,0.6944741010665894,0.6944741010665894,0.6944741010665894,41023,2022-02-15 00:00:00+11:00
0.6944741010665894,0.6944741010665894,0.6871638542510212,0.6944741010665894,25557,2022-02-16 00:00:00+11:00
0.6944741010665894,0.6944741010665894,0.6944741010665894,0.6944741010665894,110,2022-02-17 00:00:00+11:00
0.6944741486981492,0.6944741486981492,0.6871639013811967,0.6908190250396729,457761,2022-02-18 00:00:00+11:00
0.6908190250396729,0.6944741486981492,0.6908190250396729,0.6908190250396729,43376,2022-02-21 00:00:00+11:00
0.6981292487945969,0.7017843723297119,0.694474125259482,0.7017843723297119,258626,2022-02-22 00:00:00+11:00
0.6944741010665894,0.6944741010665894,0.6944741010665894,0.6944741010665894,405242,2022-02-23 00:00:00+11:00
0.6908189530812108,0.6926465147200828,0.6798535832479788,0.6871638298034668,372885,2022-02-24 00:00:00+11:00
0.6871638298034668,0.6871638298034668,0.6798535832479788,0.6871638298034668,345737,2022-02-25 00:00:00+11:00
0.6871638298034668,0.6871638298034668,0.6871638298034668,0.6871638298034668,16448,2022-02-28 00:00:00+11:00
0.6835088015354507,0.6871639253212677,0.6798536777496338,0.6798536777496338,84505,2022-03-01 00:00:00+11:00
0.6835088133811951,0.6835088133811951,0.6816812514566135,0.6835088133811951,45040,2022-03-02 00:00:00+11:00
0.6835088015354507,0.6835088015354507,0.6798536777496338,0.6798536777496338,55048,2022-03-03 00:00:00+11:00
0.6871639372303581,0.6871639372303581,0.679853689532032,0.6835088133811951,12182,2022-03-04 00:00:00+11:00
0.6835088380341467,0.6835088380341467,0.672543466091156,0.672543466091156,95009,2022-03-07 00:00:00+11:00
0.6761985180381991,0.6761985180381991,0.66888827085495,0.66888827085495,115189,2022-03-08 00:00:00+11:00
0.6725433944465745,0.6761985180381991,0.66888827085495,0.66888827085495,62650,2022-03-09 00:00:00+11:00
0.6761985656828688,0.6835088133811951,0.6761985656828688,0.6835088133811951,262012,2022-03-10 00:00:00+11:00
0.6835087546541372,0.7017843723297119,0.6835087546541372,0.7017843723297119,202883,2022-03-11 00:00:00+11:00
0.6981291770935059,0.6981291770935059,0.6944740539337889,0.6981291770935059,76223,2022-03-14 00:00:00+11:00
0.7017843002532227,0.7017843002532227,0.6981291770935059,0.6981291770935059,19946,2022-03-15 00:00:00+11:00
0.6835087308432372,0.6944741010665894,0.6835087308432372,0.6944741010665894,38343,2022-03-16 00:00:00+11:00
0.6944741010665894,0.6944741010665894,0.6944741010665894,0.6944741010665894,296,2022-03-17 00:00:00+11:00
0.6944741849286843,0.6944741849286843,0.6835088133811951,0.6835088133811951,61347,2022-03-18 00:00:00+11:00
0.6835088133811951,0.6835088133811951,0.6835088133811951,0.6835088133811951,11,2022-03-21 00:00:00+11:00
0.6871639480328038,0.705439567565918,0.683508824126181,0.705439567565918,102091,2022-03-22 00:00:00+11:00
0.7017843723297119,0.7054394958648269,0.694474125259482,0.7017843723297119,72237,2022-03-23 00:00:00+11:00
0.7017843002532227,0.7017843002532227,0.6981291770935059,0.6981291770935059,468,2022-03-24 00:00:00+11:00
0.6981292244743734,0.7017843478821575,0.6944741010665894,0.6944741010665894,23475,2022-03-25 00:00:00+11:00
0.6944741849286843,0.6981293087778473,0.6835088133811951,0.6835088133811951,78508,2022-03-28 00:00:00+11:00
0.6944740763589548,0.6944740763589548,0.6835087065257228,0.6871638298034668,29040,2022-03-29 00:00:00+11:00
0.6981840133666992,0.7093252370257,0.6981840133666992,0.6981840133666992,57562,2022-03-30 00:00:00+11:00
0.713038978245367,0.713038978245367,0.6981840133666992,0.6981840133666992,34988,2022-03-31 00:00:00+11:00
0.694470226764679,0.7056114496956214,0.6907564857876981,0.694470226764679,60063,2022-04-01 00:00:00+11:00
0.7056114958060331,0.7056114958060331,0.6981840133666992,0.6981840133666992,19595,2022-04-04 00:00:00+10:00
0.7037546251961996,0.7056114958060331,0.6981840133666992,0.6981840133666992,86414,2022-04-05 00:00:00+10:00
0.6981840133666992,0.6981840133666992,0.6981840133666992,0.6981840133666992,6006,2022-04-06 00:00:00+10:00
0.6944703606696424,0.6944703606696424,0.690756618976593,0.690756618976593,21691,2022-04-07 00:00:00+10:00
0.690756618976593,0.690756618976593,0.690756618976593,0.690756618976593,42062,2022-04-08 00:00:00+10:00
0.6944703152751698,0.6944703152751698,0.6870428323745728,0.6870428323745728,36802,2022-04-11 00:00:00+10:00
0.6870429068346269,0.6870429068346269,0.683329164981842,0.683329164981842,42737,2022-04-12 00:00:00+10:00
0.6833291355904941,0.690756618976593,0.6833291355904941,0.690756618976593,26970,2022-04-13 00:00:00+10:00
0.694470226764679,0.7056114496956214,0.694470226764679,0.694470226764679,48984,2022-04-14 00:00:00+10:00
0.694470226764679,0.7056114496956214,0.694470226764679,0.694470226764679,63369,2022-04-19 00:00:00+10:00
0.6944702721470322,0.6981840133666992,0.6944702721470322,0.6981840133666992,42809,2022-04-20 00:00:00+10:00
0.6981840133666992,0.7018977545863662,0.6981840133666992,0.6981840133666992,35934,2022-04-21 00:00:00+10:00
0.6981839677416598,0.6981839677416598,0.6907564857876981,0.694470226764679,63584,2022-04-22 00:00:00+10:00
0.6944703606696424,0.6944703606696424,0.6870428772835435,0.690756618976593,60055,2022-04-26 00:00:00+10:00
0.6870429068346269,0.6870429068346269,0.683329164981842,0.683329164981842,55414,2022-04-27 00:00:00+10:00
0.6907565426228139,0.6907565426228139,0.679615318775177,0.679615318775177,82930,2022-04-28 00:00:00+10:00
0.6870429068346269,0.6870429068346269,0.683329164981842,0.683329164981842,6464,2022-04-29 00:00:00+10:00
0.683329164981842,0.6907566486874118,0.683329164981842,0.683329164981842,36555,2022-05-02 00:00:00+10:00
0.6907565738248712,0.6907565738248712,0.6833290909242743,0.6870428323745728,72734,2022-05-03 00:00:00+10:00
0.683329164981842,0.683329164981842,0.683329164981842,0.683329164981842,52950,2022-05-04 00:00:00+10:00
0.6907566486874118,0.6907566486874118,0.683329164981842,0.683329164981842,81625,2022-05-05 00:00:00+10:00
0.6796154231290572,0.683329164981842,0.6796154231290572,0.683329164981842,127392,2022-05-06 00:00:00+10:00
0.6796154231290572,0.683329164981842,0.6759016812762723,0.683329164981842,88498,2022-05-09 00:00:00+10:00
0.6684740638201031,0.6759015908027484,0.6684740638201031,0.6721878051757812,33857,2022-05-10 00:00:00+10:00
0.6684740638201031,0.6721878051757812,0.6610465811087469,0.6721878051757812,49330,2022-05-11 00:00:00+10:00
0.6647602915763855,0.6647602915763855,0.6647602915763855,0.6647602915763855,105210,2022-05-12 00:00:00+10:00
0.6647602774694512,0.668474018573761,0.6647602774694512,0.668474018573761,47263,2022-05-13 00:00:00+10:00
0.6759015593970307,0.6759015593970307,0.6647602915763855,0.6647602915763855,648,2022-05-16 00:00:00+10:00
0.668474018573761,0.668474018573761,0.668474018573761,0.668474018573761,20000,2022-05-17 00:00:00+10:00
0.668474018573761,0.668474018573761,0.6647602774694512,0.668474018573761,29521,2022-05-18 00:00:00+10:00
0.6647602915763855,0.6647602915763855,0.6647602915763855,0.6647602915763855,90347,2022-05-19 00:00:00+10:00
0.668474047104639,0.668474047104639,0.66104656457901,0.66104656457901,46094,2022-05-20 00:00:00+10:00
0.6573328375816345,0.6573328375816345,0.6573328375816345,0.6573328375816345,35000,2022-05-23 00:00:00+10:00
0.6573328375816345,0.6573328375816345,0.6573328375816345,0.6573328375816345,32934,2022-05-24 00:00:00+10:00
0.6573328375816345,0.6573328375816345,0.6536190962382243,0.6573328375816345,33522,2022-05-25 00:00:00+10:00
0.6610465789250446,0.6610465789250446,0.6573328375816345,0.6573328375816345,11080,2022-05-26 00:00:00+10:00
0.6573328233161955,0.66104656457901,0.653619082053381,0.66104656457901,55000,2022-05-27 00:00:00+10:00
0.6647603058418244,0.6647603058418244,0.6573328233161955,0.66104656457901,2194,2022-05-30 00:00:00+10:00
0.6629034352104173,0.6629034352104173,0.66104656457901,0.66104656457901,16356,2022-05-31 00:00:00+10:00
0.6647603202684547,0.6647603202684547,0.6536190962382243,0.6573328375816345,83676,2022-06-01 00:00:00+10:00
0.6573329718957951,0.6573329718957951,0.6536192297935486,0.6536192297935486,33308,2022-06-02 00:00:00+10:00
0.6610467139980415,0.6610467139980415,0.6499054876913022,0.6536192297935486,246080,2022-06-03 00:00:00+10:00
0.6536190939792123,0.6536190939792123,0.6424778699874878,0.6424778699874878,246751,2022-06-06 00:00:00+10:00
0.6499053672318342,0.6499053672318342,0.6387641429901123,0.6387641429901123,52025,2022-06-07 00:00:00+10:00
0.6424778699874878,0.6461916113180626,0.6387641286569129,0.6424778699874878,70970,2022-06-08 00:00:00+10:00
0.6424779149987528,0.6461916565895081,0.6387641734079975,0.6461916565895081,69933,2022-06-09 00:00:00+10:00
0.6387641286569129,0.6424778699874878,0.6313366459957633,0.6424778699874878,95720,2022-06-10 00:00:00+10:00
0.6239091744426728,0.6239091744426728,0.6016267244813919,0.6090542078018188,182534,2022-06-14 00:00:00+10:00
0.6016267244813919,0.6164816911222458,0.6016267244813919,0.6090542078018188,81747,2022-06-15 00:00:00+10:00
0.6127679186223425,0.616481660095649,0.6016266942024231,0.6016266942024231,107906,2022-06-16 00:00:00+10:00
0.6090541457299343,0.6090541457299343,0.5719166886413786,0.5941991806030273,84284,2022-06-17 00:00:00+10:00
0.5793441534042358,0.5904854211783841,0.5756304122366154,0.5793441534042358,229618,2022-06-20 00:00:00+10:00
0.5793441545599404,0.586771681181285,0.5793441545599404,0.5830579400062561,13195,2022-06-21 00:00:00+10:00
0.5867717266082764,0.5904854680708175,0.5793441994119037,0.5867717266082764,45769,2022-06-22 00:00:00+10:00
0.5867717266082764,0.5867717266082764,0.5867717266082764,0.5867717266082764,1,2022-06-23 00:00:00+10:00
0.5904854393213006,0.5941991806030273,0.5867716980395737,0.5941991806030273,132377,2022-06-24 00:00:00+10:00
0.5941991949772172,0.5941991949772172,0.5904854536056519,0.5904854536056519,70641,2022-06-27 00:00:00+10:00
0.5904854393213006,0.5979129218847541,0.5737735592822419,0.5941991806030273,338344,2022-06-28 00:00:00+10:00
0.5978597402572632,0.5978597402572632,0.5978597402572632,0.5978597402572632,3888,2022-06-29 00:00:00+10:00
0.5902919549782757,0.5940759194046378,0.5827241163413044,0.58650803565979,100208,2022-06-30 00:00:00+10:00
0.5902918577194214,0.5940758215223224,0.5883998983719054,0.5902918577194214,26115,2022-07-01 00:00:00+10:00
0.597859725980608,0.6092114817953863,0.597859725980608,0.6054275631904602,64116,2022-07-04 00:00:00+10:00
0.6054275631904602,0.6054275631904602,0.6054275631904602,0.6054275631904602,718,2022-07-05 00:00:00+10:00
0.6054275631904602,0.6054275631904602,0.597859725980608,0.6054275631904602,34498,2022-07-06 00:00:00+10:00
0.5978597402572632,0.6054275776478324,0.5978597402572632,0.5978597402572632,7458,2022-07-07 00:00:00+10:00
0.5978597402572632,0.5978597402572632,0.5978597402572632,0.5978597402572632,31884,2022-07-08 00:00:00+10:00
0.5978597402572632,0.5978597402572632,0.5978597402572632,0.5978597402572632,13,2022-07-11 00:00:00+10:00
0.5978597402173543,0.5978597402173543,0.5902918577194214,0.5902918577194214,25107,2022-07-12 00:00:00+10:00
0.5865079390243894,0.5978597402173543,0.5865079390243894,0.5902918577194214,89894,2022-07-13 00:00:00+10:00
0.5902918577194214,0.5902918577194214,0.5865079390243894,0.5902918577194214,7591,2022-07-14 00:00:00+10:00
0.5902918577194214,0.5940758215223224,0.5902918577194214,0.5902918577194214,34115,2022-07-15 00:00:00+10:00
0.5902919327427701,0.5978598162025458,0.5827240943908691,0.5827240943908691,57647,2022-07-18 00:00:00+10:00
0.5978597402572632,0.5978597402572632,0.5978597402572632,0.5978597402572632,42,2022-07-19 00:00:00+10:00
0.5978597175398459,0.5978597175398459,0.5902918353289714,0.5940757989883423,21596,2022-07-20 00:00:00+10:00
0.5940758101264999,0.5940758101264999,0.5883998870849609,0.5883998870849609,19611,2022-07-21 00:00:00+10:00
0.5865080135668197,0.6016437353784962,0.5827240943908691,0.5827240943908691,275426,2022-07-22 00:00:00+10:00
0.5978598162025458,0.5978598162025458,0.5827240943908691,0.5827240943908691,18559,2022-07-25 00:00:00+10:00
0.5940758970265952,0.5940758970265952,0.5827240943908691,0.5827240943908691,11414,2022-07-26 00:00:00+10:00
0.5940757989883423,0.5940757989883423,0.5902918353289714,0.5940757989883423,20136,2022-07-27 00:00:00+10:00
0.5940757989883423,0.5940757989883423,0.5902918353289714,0.5940757989883423,789,2022-07-28 00:00:00+10:00
0.5940758215223224,0.5940758215223224,0.5902918577194214,0.5902918577194214,94512,2022-07-29 00:00:00+10:00
0.5940758215223224,0.5940758215223224,0.5902918577194214,0.5902918577194214,24686,2022-08-01 00:00:00+10:00
0.5902918577194214,0.5921838621748063,0.5902918577194214,0.5902918577194214,42661,2022-08-02 00:00:00+10:00
0.5940759194046378,0.5940759194046378,0.58650803565979,0.58650803565979,48933,2022-08-03 00:00:00+10:00
0.5902918577194214,0.5902918577194214,0.5865079390243894,0.5902918577194214,38051,2022-08-04 00:00:00+10:00
0.5865079390243894,0.5902918577194214,0.5865079390243894,0.5902918577194214,67012,2022-08-05 00:00:00+10:00
0.5865079390243894,0.5902918577194214,0.5865079390243894,0.5902918577194214,272,2022-08-08 00:00:00+10:00
0.5902918353289714,0.5940757989883423,0.5902918353289714,0.5940757989883423,51564,2022-08-09 00:00:00+10:00
0.5902919549782757,0.5902919549782757,0.5827241163413044,0.58650803565979,123067,2022-08-10 00:00:00+10:00
0.5902918577194214,0.5902918577194214,0.5865079390243894,0.5902918577194214,44774,2022-08-11 00:00:00+10:00
0.5865079167774678,0.5940757989883423,0.5865079167774678,0.5940757989883423,3948,2022-08-12 00:00:00+10:00
0.5940757989883423,0.5940757989883423,0.5940757989883423,0.5940757989883423,7981,2022-08-15 00:00:00+10:00
0.5902918577194214,0.5902918577194214,0.5902918577194214,0.5902918577194214,13,2022-08-16 00:00:00+10:00
0.590291857758825,0.5978597402572632,0.590291857758825,0.5978597402572632,29314,2022-08-17 00:00:00+10:00
0.5940758215223224,0.5997516995648704,0.5902918577194214,0.5902918577194214,31048,2022-08-18 00:00:00+10:00
0.5902918353289714,0.5940757989883423,0.5902918353289714,0.5940757989883423,12174,2022-08-19 00:00:00+10:00
0.590291857758825,0.5978597402572632,0.590291857758825,0.5978597402572632,93619,2022-08-22 00:00:00+10:00
0.5902918577194214,0.5902918577194214,0.5902918577194214,0.5902918577194214,36831,2022-08-23 00:00:00+10:00
0.5978597419468696,0.628131091594696,0.5865079407210657,0.628131091594696,813295,2022-08-24 00:00:00+10:00
0.6281311888267779,0.6281311888267779,0.6205633502433515,0.6243472695350647,1400477,2022-08-25 00:00:00+10:00
0.6319148774083867,0.6394827583366799,0.6281309594981698,0.6356987953186035,360551,2022-08-26 00:00:00+10:00
0.6243471951814457,0.6356989517047026,0.6243471951814457,0.6319150328636169,238996,2022-08-29 00:00:00+10:00
0.6356989517047026,0.6356989517047026,0.6281311140225313,0.6319150328636169,53746,2022-08-30 00:00:00+10:00
0.6319150103006743,0.6319150103006743,0.628131091594696,0.628131091594696,59775,2022-08-31 00:00:00+10:00
0.6319149960951213,0.6470507156866501,0.6319149960951213,0.6432667970657349,2014077,2022-09-01 00:00:00+10:00
0.6432667742837174,0.6432667742837174,0.6319149737151406,0.639482855796814,126647,2022-09-02 00:00:00+10:00
0.6319150328636169,0.6394829156536589,0.6319150328636169,0.6319150328636169,10525,2022-09-05 00:00:00+10:00
0.6356989517047026,0.6375909111252454,0.6319150328636169,0.6319150328636169,95903,2022-09-06 00:00:00+10:00
0.628131091594696,0.6319150103006743,0.628131091594696,0.628131091594696,115153,2022-09-07 00:00:00+10:00
0.6319150328636169,0.6319150328636169,0.6319150328636169,0.6319150328636169,54153,2022-09-08 00:00:00+10:00
0.628131091594696,0.6394828928205001,0.628131091594696,0.628131091594696,115528,2022-09-09 00:00:00+10:00
0.6319150103006743,0.6319150103006743,0.628131091594696,0.628131091594696,213348,2022-09-12 00:00:00+10:00
0.6319150103006743,0.6319150103006743,0.6243471728887178,0.628131091594696,80554,2022-09-13 00:00:00+10:00
0.6243472474238497,0.6243472474238497,0.6205633282661438,0.6205633282661438,129246,2022-09-14 00:00:00+10:00
0.6205633282661438,0.6205633282661438,0.6167794091084379,0.6205633282661438,28710,2022-09-15 00:00:00+10:00
0.6167793273925781,0.6167793273925781,0.6054275714234317,0.6167793273925781,485284,2022-09-16 00:00:00+10:00
0.6167793646130302,0.6205632834977585,0.612995445728302,0.612995445728302,59675,2022-09-19 00:00:00+10:00
0.6167793273925781,0.6167793273925781,0.6167793273925781,0.6167793273925781,5001,2022-09-20 00:00:00+10:00
0.6205633282661438,0.6205633282661438,0.6205633282661438,0.6205633282661438,243,2022-09-21 00:00:00+10:00
0.6205632606964695,0.6205632606964695,0.5978597482222927,0.6092115044593811,182610,2022-09-23 00:00:00+10:00
0.6092114817953863,0.6092114817953863,0.597859725980608,0.6054275631904602,158418,2022-09-26 00:00:00+10:00
0.6054275546428531,0.6054275546428531,0.5865079167774678,0.5940757989883423,91803,2022-09-27 00:00:00+10:00
0.5978597402572632,0.6016436589525478,0.5978597402572632,0.5978597402572632,39734,2022-09-28 00:00:00+10:00
0.6170158215429289,0.6170158215429289,0.6015903949737549,0.6015903949737549,28356,2022-09-29 00:00:00+10:00
0.5977340180938752,0.5977340180938752,0.5938776731491089,0.5938776731491089,24000,2022-09-30 00:00:00+10:00
0.6015903630386416,0.6015903630386416,0.5861649832595762,0.5938776731491089,20696,2022-10-03 00:00:00+11:00
0.5977339508866462,0.6170157194137573,0.5977339508866462,0.6170157194137573,281904,2022-10-04 00:00:00+11:00
0.6247284573376932,0.6285848021507263,0.609303078085561,0.6285848021507263,10262,2022-10-05 00:00:00+11:00
0.6247284084361008,0.6247284084361008,0.6170157194137573,0.6170157194137573,44604,2022-10-06 00:00:00+11:00
0.6170157029094542,0.6170157029094542,0.6093030140934144,0.6131593585014343,38162,2022-10-07 00:00:00+11:00
0.6093031167984009,0.6093031167984009,0.6093031167984009,0.6093031167984009,27206,2022-10-10 00:00:00+11:00
0.6054467558860779,0.6054467558860779,0.5861649851294782,0.6054467558860779,115764,2022-10-11 00:00:00+11:00
0.6054467179854256,0.6054467179854256,0.603518545627594,0.603518545627594,1278,2022-10-12 00:00:00+11:00
0.6054467987325951,0.6054467987325951,0.5784523361515033,0.5900213718414307,119431,2022-10-13 00:00:00+11:00
0.5977340340614319,0.5977340340614319,0.5977340340614319,0.5977340340614319,4226,2022-10-14 00:00:00+11:00
0.5977340356529891,0.6093031167984009,0.578452310362735,0.6093031167984009,85681,2022-10-17 00:00:00+11:00
0.6131593585014343,0.6131593585014343,0.5977339348981031,0.6131593585014343,14600,2022-10-18 00:00:00+11:00
0.609303030391414,0.6170157194137573,0.609303030391414,0.6170157194137573,86675,2022-10-19 00:00:00+11:00
0.6131593585014343,0.6170157029094542,0.6131593585014343,0.6131593585014343,235904,2022-10-20 00:00:00+11:00
0.6131593585014343,0.6131593585014343,0.6131593585014343,0.6131593585014343,22302,2022-10-21 00:00:00+11:00
0.6170157029094542,0.6170157029094542,0.6131593585014343,0.6131593585014343,49909,2022-10-24 00:00:00+11:00
0.6170157194137573,0.6170157194137573,0.6170157194137573,0.6170157194137573,3,2022-10-25 00:00:00+11:00
0.6170157029094542,0.6170157029094542,0.6131593585014343,0.6131593585014343,66424,2022-10-26 00:00:00+11:00
0.6170157194137573,0.6170157194137573,0.6131593749025857,0.6170157194137573,11954,2022-10-27 00:00:00+11:00
0.6170158106798792,0.6247285008430481,0.6170158106798792,0.6247285008430481,5090,2022-10-28 00:00:00+11:00
0.6247284084361008,0.6247284084361008,0.6170157194137573,0.6170157194137573,11300,2022-10-31 00:00:00+11:00
0.6247284790234394,0.6266566514968872,0.6247284790234394,0.6266566514968872,30024,2022-11-01 00:00:00+11:00
0.6285848459246325,0.6285848459246325,0.6247285008430481,0.6247285008430481,659,2022-11-02 00:00:00+11:00
0.6170157029094542,0.6208720473174741,0.6131593585014343,0.6131593585014343,43363,2022-11-03 00:00:00+11:00
0.6093031205167104,0.6285848459246325,0.6093031205167104,0.6247285008430481,55861,2022-11-04 00:00:00+11:00
0.6247285008430481,0.6247285008430481,0.6247285008430481,0.6247285008430481,641,2022-11-07 00:00:00+11:00
0.6170157029094542,0.6170157029094542,0.6093030140934144,0.6131593585014343,38775,2022-11-08 00:00:00+11:00
0.6170157029094542,0.6170157029094542,0.6131593585014343,0.6131593585014343,22052,2022-11-09 00:00:00+11:00
0.6093030140934144,0.6131593585014343,0.6093030140934144,0.6131593585014343,100272,2022-11-10 00:00:00+11:00
0.6170157834182518,0.6324411630630493,0.6170157834182518,0.6324411630630493,60160,2022-11-11 00:00:00+11:00
0.6247285008430481,0.6324411910062169,0.6247285008430481,0.6247285008430481,53176,2022-11-14 00:00:00+11:00
0.6247284249391224,0.6285847695521645,0.6170157357130382,0.6208720803260803,70758,2022-11-15 00:00:00+11:00
0.6208720473174741,0.6208720473174741,0.6093030140934144,0.6131593585014343,82711,2022-11-16 00:00:00+11:00
0.6131593749025857,0.6170157194137573,0.6131593749025857,0.6170157194137573,16601,2022-11-17 00:00:00+11:00
0.6170157029094542,0.6170157029094542,0.6131593585014343,0.6131593585014343,4677,2022-11-18 00:00:00+11:00
0.6170157029094542,0.6170157029094542,0.6131593585014343,0.6131593585014343,24173,2022-11-21 00:00:00+11:00
0.6131593585014343,0.6131593585014343,0.6131593585014343,0.6131593585014343,2950,2022-11-22 00:00:00+11:00
0.6170157029094542,0.6170157029094542,0.6131593585014343,0.6131593585014343,89698,2022-11-23 00:00:00+11:00
0.6170157194137573,0.6170157194137573,0.6170157194137573,0.6170157194137573,120848,2022-11-24 00:00:00+11:00
0.6208720803260803,0.6208720803260803,0.6170157357130382,0.6208720803260803,168168,2022-11-25 00:00:00+11:00
0.6208720639249291,0.6208720639249291,0.6131593749025857,0.6170157194137573,242338,2022-11-28 00:00:00+11:00
0.6170157357130382,0.6208720803260803,0.6170157357130382,0.6208720803260803,185671,2022-11-29 00:00:00+11:00
0.6208720803260803,0.6208720803260803,0.6208720803260803,0.6208720803260803,5000,2022-11-30 00:00:00+11:00
0.6247284084361008,0.6247284084361008,0.6170157194137573,0.6170157194137573,95035,2022-12-01 00:00:00+11:00
0.6247285008430481,0.6247285008430481,0.6170158106798792,0.6247285008430481,135037,2022-12-02 00:00:00+11:00
0.6247285008430481,0.6247285008430481,0.6247285008430481,0.6247285008430481,6,2022-12-05 00:00:00+11:00
0.6170157194137573,0.6208720639249291,0.6170157194137573,0.6170157194137573,524948,2022-12-06 00:00:00+11:00
0.6247284249391224,0.6247284249391224,0.6170157357130382,0.6208720803260803,299739,2022-12-07 00:00:00+11:00
0.6247285008430481,0.6247285008430481,0.6170158106798792,0.6247285008430481,80624,2022-12-08 00:00:00+11:00
0.6247284249391224,0.6247284249391224,0.6170157357130382,0.6208720803260803,21380,2022-12-09 00:00:00+11:00
0.6247284463033703,0.6401538252830505,0.6247284463033703,0.6401538252830505,38565,2022-12-12 00:00:00+11:00
0.6305129906074497,0.6324411630630493,0.62858481815185,0.6324411630630493,4232,2022-12-13 00:00:00+11:00
0.6362974643707275,0.6362974643707275,0.6247284304299199,0.6362974643707275,44722,2022-12-14 00:00:00+11:00
0.6362974537552526,0.6478664875030518,0.6247284200074533,0.6478664875030518,239215,2022-12-15 00:00:00+11:00
0.6478664875030518,0.6478664875030518,0.644010142920452,0.6478664875030518,30059,2022-12-16 00:00:00+11:00
0.6478664875030518,0.6478664875030518,0.6478664875030518,0.6478664875030518,1071,2022-12-19 00:00:00+11:00
0.6478665427078469,0.6478665427078469,0.6324411630630493,0.6324411630630493,46868,2022-12-20 00:00:00+11:00
0.62858481815185,0.6324411630630493,0.6247284732406505,0.6324411630630493,40620,2022-12-21 00:00:00+11:00
0.6440101700279706,0.6440101700279706,0.6382256529105905,0.6401538252830505,13338,2022-12-22 00:00:00+11:00
0.6440101919434368,0.6440101919434368,0.6382256746292114,0.6382256746292114,614,2022-12-23 00:00:00+11:00
0.6440101977966476,0.6440101977966476,0.6324411630630493,0.6324411630630493,43314,2022-12-28 00:00:00+11:00
0.6480227656077256,0.6480227656077256,0.6342768410659648,0.6401679515838623,5815,2022-12-29 00:00:00+11:00
0.6401679515838623,0.6401679515838623,0.6362405445719306,0.6401679515838623,100133,2022-12-30 00:00:00+11:00
0.6401679515838623,0.6401679515838623,0.6362405445719306,0.6401679515838623,99099,2023-01-03 00:00:00+11:00
0.6323131401487254,0.6440953612327576,0.6323131401487254,0.6440953612327576,26,2023-01-04 00:00:00+11:00
0.6440953612327576,0.6440953612327576,0.6440953612327576,0.6440953612327576,38,2023-01-05 00:00:00+11:00
0.636240541934967,0.636240541934967,0.636240541934967,0.636240541934967,20000,2023-01-06 00:00:00+11:00
0.6440953559262753,0.6440953559262753,0.636240541934967,0.636240541934967,1242,2023-01-09 00:00:00+11:00
0.6440953612327576,0.6440953612327576,0.6440953612327576,0.6440953612327576,6,2023-01-10 00:00:00+11:00
0.6362404762124517,0.6362404762124517,0.6244582564425718,0.6283856630325317,101910,2023-01-11 00:00:00+11:00
0.6440952893923717,0.6440952893923717,0.6283856630325317,0.6283856630325317,110098,2023-01-12 00:00:00+11:00
0.6440952925083057,0.6440952925083057,0.632313072681427,0.632313072681427,10698,2023-01-13 00:00:00+11:00
0.636240541934967,0.636240541934967,0.636240541934967,0.636240541934967,2458,2023-01-16 00:00:00+11:00
0.6362405497499682,0.6519501779255477,0.6362405497499682,0.6480227708816528,42837,2023-01-17 00:00:00+11:00
0.6480227708816528,0.6480227708816528,0.644095363837758,0.6480227708816528,13358,2023-01-18 00:00:00+11:00
0.6480227682607682,0.6480227682607682,0.6440953612327576,0.6440953612327576,3754,2023-01-19 00:00:00+11:00
0.6440953612327576,0.6480227682607682,0.6440953612327576,0.6440953612327576,30987,2023-01-20 00:00:00+11:00
0.6519501699175836,0.6519501699175836,0.636240541934967,0.636240541934967,31439,2023-01-23 00:00:00+11:00
0.6440953559262753,0.6519501699175836,0.636240541934967,0.636240541934967,8061,2023-01-24 00:00:00+11:00
0.6480227708816528,0.6480227708816528,0.6362405497499682,0.6480227708816528,25694,2023-01-25 00:00:00+11:00
0.6480227708816528,0.6480227708816528,0.644095363837758,0.6480227708816528,84886,2023-01-27 00:00:00+11:00
0.6480227708816528,0.6480227708816528,0.6362405497499682,0.6480227708816528,18827,2023-01-30 00:00:00+11:00
0.6440953585957939,0.6440953585957939,0.6401679515838623,0.6401679515838623,18001,2023-01-31 00:00:00+11:00
0.6401679542047468,0.6440953612327576,0.6362405471767362,0.6440953612327576,84010,2023-02-01 00:00:00+11:00
0.644095363837758,0.6519501779255477,0.644095363837758,0.6480227708816528,96927,2023-02-02 00:00:00+11:00
0.6440953689541662,0.6558775901794434,0.6440953689541662,0.6558775901794434,150222,2023-02-03 00:00:00+11:00
0.6480227708816528,0.6480227708816528,0.6480227708816528,0.6480227708816528,17881,2023-02-06 00:00:00+11:00
0.6480227760292586,0.6558775901794434,0.6440953689541662,0.6558775901794434,77860,2023-02-07 00:00:00+11:00
0.6598049920133373,0.6598049920133373,0.6480227708816528,0.6480227708816528,61114,2023-02-08 00:00:00+11:00
0.6480227142253795,0.6558775276264271,0.6480227142253795,0.6519501209259033,18623,2023-02-09 00:00:00+11:00
0.6480227142253795,0.6519501209259033,0.6480227142253795,0.6519501209259033,18068,2023-02-10 00:00:00+11:00
0.6480227708816528,0.6480227708816528,0.6480227708816528,0.6480227708816528,129912,2023-02-13 00:00:00+11:00
0.651950175288779,0.651950175288779,0.6440953612327576,0.6440953612327576,33089,2023-02-14 00:00:00+11:00
0.6480227682607682,0.6480227682607682,0.6440953612327576,0.6440953612327576,146102,2023-02-15 00:00:00+11:00
0.6440953559262753,0.6480227629219295,0.636240541934967,0.636240541934967,83574,2023-02-16 00:00:00+11:00
0.6440953612327576,0.6440953612327576,0.6362405471767362,0.6440953612327576,107403,2023-02-17 00:00:00+11:00
0.6440953559262753,0.6440953559262753,0.636240541934967,0.636240541934967,109183,2023-02-20 00:00:00+11:00
0.636240541934967,0.6401679489306212,0.636240541934967,0.636240541934967,77902,2023-02-21 00:00:00+11:00
0.6323130696224918,0.6323130696224918,0.6283856630325317,0.6283856630325317,42288,2023-02-22 00:00:00+11:00
0.6362405471767362,0.6480227682607682,0.6362405471767362,0.6440953612327576,839636,2023-02-23 00:00:00+11:00
0.6440953559262753,0.6440953559262753,0.632313134939313,0.636240541934967,138141,2023-02-24 00:00:00+11:00
0.6440953612327576,0.651950175288779,0.6362405471767362,0.6440953612327576,186538,2023-02-27 00:00:00+11:00
0.648022692807965,0.648022692807965,0.6244582533836365,0.6244582533836365,139119,2023-02-28 00:00:00+11:00
0.636240541934967,0.6401679489306212,0.636240541934967,0.636240541934967,194556,2023-03-01 00:00:00+11:00
0.636240541934967,0.636240541934967,0.636240541934967,0.636240541934967,114447,2023-03-02 00:00:00+11:00
0.6440953612327576,0.6440953612327576,0.6440953612327576,0.6440953612327576,27,2023-03-03 00:00:00+11:00
0.6440953612327576,0.6440953612327576,0.6323131401487254,0.6440953612327576,21306,2023-03-06 00:00:00+11:00
0.6480227656077256,0.6480227656077256,0.6362405445719306,0.6401679515838623,24815,2023-03-07 00:00:00+11:00
0.636240541934967,0.636240541934967,0.6283857279436588,0.636240541934967,321412,2023-03-08 00:00:00+11:00
0.636240541934967,0.636240541934967,0.6244583209480047,0.636240541934967,441644,2023-03-09 00:00:00+11:00
0.6362404730958008,0.6362404730958008,0.6244582533836365,0.6244582533836365,248953,2023-03-10 00:00:00+11:00
0.624458307512803,0.624458307512803,0.6166034936904907,0.6166034936904907,54381,2023-03-13 00:00:00+11:00
0.624458291690263,0.624458291690263,0.6126760244369507,0.6126760244369507,20028,2023-03-14 00:00:00+11:00
0.6126760399609512,0.6205309006016468,0.6126760399609512,0.6166034936904907,19234,2023-03-15 00:00:00+11:00
0.6244583102678695,0.6244583102678695,0.620530903339386,0.620530903339386,43933,2023-03-16 00:00:00+11:00
0.624458307512803,0.624458307512803,0.6126760399609512,0.6166034936904907,300675,2023-03-17 00:00:00+11:00
0.6166035330477077,0.6166035330477077,0.5812568217727725,0.6048212647438049,76103,2023-03-20 00:00:00+11:00
0.6048212647438049,0.6166035330477077,0.6048212647438049,0.6048212647438049,107414,2023-03-21 00:00:00+11:00
0.6126761329375612,0.6126761329375612,0.585184280387445,0.5930390954017639,156684,2023-03-22 00:00:00+11:00
0.6087486743927002,0.6087486743927002,0.6008938600369317,0.6087486743927002,79088,2023-03-23 00:00:00+11:00
0.6048213200931588,0.6087487276144086,0.5969665050506592,0.5969665050506592,184024,2023-03-24 00:00:00+11:00
0.6126761373050224,0.6126761373050224,0.6008939146995544,0.6008939146995544,4593,2023-03-27 00:00:00+11:00
0.6087487297698664,0.6087487297698664,0.5969665071643985,0.6008939146995544,102994,2023-03-28 00:00:00+11:00
0.6008938600369317,0.6126760815705844,0.5969664528590474,0.6087486743927002,76674,2023-03-29 00:00:00+11:00
0.640650687924722,0.640650687924722,0.6166262626647949,0.6166262626647949,2662,2023-03-30 00:00:00+11:00
0.6046140739009289,0.6246343885073723,0.6046140739009289,0.6166262626647949,21912,2023-03-31 00:00:00+11:00
0.6246344531684155,0.6246344531684155,0.6086181998252869,0.6086181998252869,26915,2023-04-03 00:00:00+10:00
0.6126222653027709,0.6126222653027709,0.6006100752534302,0.6046141386032104,151690,2023-04-04 00:00:00+10:00
0.6086182019529907,0.6086182019529907,0.6046141386032104,0.6046141386032104,4490,2023-04-05 00:00:00+10:00
0.6086181998252869,0.6086181998252869,0.6086181998252869,0.6086181998252869,30594,2023-04-06 00:00:00+10:00
0.6086181998252869,0.6086181998252869,0.6086181998252869,0.6086181998252869,8825,2023-04-11 00:00:00+10:00
0.6086181998252869,0.6086181998252869,0.6086181998252869,0.6086181998252869,65457,2023-04-12 00:00:00+10:00
0.6086182019529907,0.6086182019529907,0.6046141386032104,0.6046141386032104,56210,2023-04-13 00:00:00+10:00
0.6086181368222177,0.6166262626647949,0.6086181368222177,0.6166262626647949,39237,2023-04-14 00:00:00+10:00
0.6166262084487926,0.6166262084487926,0.6006099581718445,0.6006099581718445,35266,2023-04-17 00:00:00+10:00
0.6046141386032104,0.6106202336278808,0.6006100752534302,0.6046141386032104,70443,2023-04-18 00:00:00+10:00
0.6046140207410815,0.6086180833103185,0.5966058956026075,0.6006099581718445,259566,2023-04-19 00:00:00+10:00
0.6006100752534302,0.6046141386032104,0.59660601190365,0.6046141386032104,56451,2023-04-20 00:00:00+10:00
0.6046141386032104,0.6046141386032104,0.6046141386032104,0.6046141386032104,2078,2023-04-21 00:00:00+10:00
0.6006099581718445,0.6006099581718445,0.5926018330333704,0.6006099581718445,11839,2023-04-24 00:00:00+10:00
0.6006099609025755,0.6006099609025755,0.5926018357276917,0.5926018357276917,5668,2023-04-26 00:00:00+10:00
0.6006100752534302,0.6046141386032104,0.6006100752534302,0.6046141386032104,56502,2023-04-27 00:00:00+10:00
0.6046141386032104,0.6046141386032104,0.6006100752534302,0.6046141386032104,121434,2023-04-28 00:00:00+10:00
0.6046140207410815,0.6046140207410815,0.5885977704641334,0.6006099581718445,98282,2023-05-01 00:00:00+10:00
0.6006100752534302,0.6046141386032104,0.6006100752534302,0.6046141386032104,12303,2023-05-02 00:00:00+10:00
0.6006099609025755,0.6006099609025755,0.5605692872959654,0.5926018357276917,502272,2023-05-03 00:00:00+10:00
0.6006099581718445,0.6006099581718445,0.6006099581718445,0.6006099581718445,3,2023-05-04 00:00:00+10:00
0.6006099581718445,0.6006099581718445,0.5885977704641334,0.6006099581718445,35618,2023-05-05 00:00:00+10:00
0.5926018357276917,0.5966058983151336,0.5845937105528078,0.5926018357276917,55852,2023-05-08 00:00:00+10:00
0.5885977731402497,0.5926018357276917,0.5845937105528078,0.5926018357276917,192898,2023-05-09 00:00:00+10:00
0.5966059565544128,0.5966059565544128,0.5966059565544128,0.5966059565544128,261,2023-05-10 00:00:00+10:00
0.5966059565544128,0.5966059565544128,0.5966059565544128,0.5966059565544128,439,2023-05-11 00:00:00+10:00
0.5966059601146669,0.5966059601146669,0.58859783411026,0.58859783411026,113720,2023-05-12 00:00:00+10:00
0.5885978305977946,0.600610019532722,0.5885978305977946,0.5966059565544128,35881,2023-05-15 00:00:00+10:00
0.5926018935761037,0.5966059565544128,0.5725815309523621,0.5966059565544128,287258,2023-05-16 00:00:00+10:00
0.5885977731402497,0.5926018357276917,0.5885977731402497,0.5926018357276917,39787,2023-05-17 00:00:00+10:00
0.5805897116661072,0.5805897116661072,0.5805897116661072,0.5805897116661072,24558,2023-05-18 00:00:00+10:00
0.580589647965366,0.5926018357276917,0.5765855853779241,0.5926018357276917,27065,2023-05-19 00:00:00+10:00
0.5966058983151336,0.5966058983151336,0.5845937105528078,0.5926018357276917,28041,2023-05-22 00:00:00+10:00
0.5845937105528078,0.5926018357276917,0.5845937105528078,0.5926018357276917,6011,2023-05-23 00:00:00+10:00
0.5926018935761037,0.6166262714459586,0.5926018935761037,0.5966059565544128,222562,2023-05-24 00:00:00+10:00
0.5845937105528078,0.5926018357276917,0.580589647965366,0.5926018357276917,93833,2023-05-25 00:00:00+10:00
0.5845937711080565,0.58859783411026,0.5845937711080565,0.58859783411026,6501,2023-05-26 00:00:00+10:00
0.5885979559283704,0.5885979559283704,0.5845938920974731,0.5845938920974731,12207,2023-05-29 00:00:00+10:00
0.58859783411026,0.58859783411026,0.5805897081058531,0.58859783411026,97998,2023-05-30 00:00:00+10:00
0.5805897585045293,0.6086182019529907,0.5805897585045293,0.6046141386032104,133257,2023-05-31 00:00:00+10:00
0.6086182019529907,0.6086182019529907,0.6046141386032104,0.6046141386032104,780,2023-06-01 00:00:00+10:00
0.6006101474210622,0.6006101474210622,0.5845938920974731,0.5845938920974731,176248,2023-06-02 00:00:00+10:00
0.58859783411026,0.58859783411026,0.5765856451036497,0.58859783411026,77532,2023-06-05 00:00:00+10:00
0.5805897134833201,0.5845937765226096,0.5765856504440308,0.5765856504440308,117799,2023-06-06 00:00:00+10:00
0.5805897032874515,0.5805897032874515,0.5725815296173096,0.5725815296173096,36366,2023-06-07 00:00:00+10:00
0.5765857644356787,0.5845938920974731,0.5765857644356787,0.5845938920974731,17865,2023-06-08 00:00:00+10:00
0.5885978395618989,0.5885978395618989,0.5765856504440308,0.5765856504440308,17401,2023-06-09 00:00:00+10:00
0.5885978950088787,0.5885978950088787,0.5645734667778015,0.5645734667778015,189510,2023-06-13 00:00:00+10:00
0.5645734689878787,0.5685775324200324,0.5565653421235714,0.5605694055557251,212990,2023-06-14 00:00:00+10:00
0.5645734689878787,0.5645734689878787,0.5485572152592642,0.5605694055557251,150284,2023-06-15 00:00:00+10:00
0.5605694055557251,0.5645734689878787,0.5605694055557251,0.5605694055557251,171548,2023-06-16 00:00:00+10:00
0.5685775324200324,0.5685775324200324,0.5605694055557251,0.5605694055557251,42597,2023-06-19 00:00:00+10:00
0.5525612253303305,0.5605693514212895,0.5485571622848511,0.5485571622848511,166225,2023-06-20 00:00:00+10:00
0.5565652265026318,0.5565652265026318,0.5405489761012353,0.5525611639022827,115498,2023-06-21 00:00:00+10:00
0.5525612253303305,0.5525612253303305,0.5325409101029331,0.5485571622848511,260234,2023-06-22 00:00:00+10:00
0.5525612290581767,0.5525612290581767,0.5405490398406982,0.5405490398406982,88793,2023-06-23 00:00:00+10:00
0.5445531606674194,0.5525612876617312,0.5365450336731077,0.5445531606674194,92706,2023-06-26 00:00:00+10:00
0.5445531606674194,0.5445531606674194,0.5405490971702636,0.5445531606674194,83313,2023-06-27 00:00:00+10:00
0.5445531518271105,0.5605694055557251,0.5445531518271105,0.5605694055557251,26693,2023-06-28 00:00:00+10:00
0.5727082154027788,0.5727082154027788,0.5318004752813343,0.5645266771316528,65855,2023-06-29 00:00:00+10:00
0.5686175945931019,0.5686175945931019,0.5399822031745192,0.5563452839851379,101160,2023-06-30 00:00:00+10:00
0.5604360880140343,0.5808899402618408,0.5563453175644729,0.5808899402618408,46856,2023-07-03 00:00:00+10:00
0.5727082323686249,0.5727082323686249,0.5604359245983825,0.5686174631118774,70913,2023-07-04 00:00:00+10:00
0.5645268243904473,0.5645268243904473,0.5481637435798286,0.5563452839851379,59869,2023-07-05 00:00:00+10:00
0.5563452839851379,0.5563452839851379,0.5522545137824832,0.5563452839851379,50757,2023-07-06 00:00:00+10:00
0.5522544219424024,0.5522544219424024,0.5440728828976855,0.548163652420044,211982,2023-07-07 00:00:00+10:00
0.5604360103607178,0.5604360103607178,0.5604360103607178,0.5604360103607178,18,2023-07-10 00:00:00+10:00
0.5604360541877926,0.5604360541877926,0.5481637435798286,0.5563452839851379,14309,2023-07-11 00:00:00+10:00
0.548163712767987,0.548163712767987,0.5277098141385833,0.5358913540840149,89789,2023-07-12 00:00:00+10:00
0.548163652420044,0.5604359609871192,0.548163652420044,0.548163652420044,9805,2023-07-13 00:00:00+10:00
0.5563452839851379,0.5604360541877926,0.5522545137824832,0.5563452839851379,54970,2023-07-14 00:00:00+10:00
0.5522544219424024,0.5522544219424024,0.5440728828976855,0.548163652420044,287885,2023-07-17 00:00:00+10:00
0.5399820711873649,0.5522543787956238,0.5399820711873649,0.5522543787956238,131002,2023-07-18 00:00:00+10:00
0.5563451997854664,0.5563451997854664,0.5399821214513062,0.5502090454101562,80377,2023-07-19 00:00:00+10:00
0.5481636358384345,0.5481636358384345,0.5399820970412041,0.5440728664398193,31728,2023-07-20 00:00:00+10:00
0.5522544705952191,0.5604360103607178,0.5522544705952191,0.5604360103607178,17589,2023-07-21 00:00:00+10:00
0.5604359609871192,0.5604359609871192,0.548163652420044,0.548163652420044,20343,2023-07-24 00:00:00+10:00
0.556345174635665,0.556345174635665,0.5440728664398193,0.5440728664398193,34317,2023-07-25 00:00:00+10:00
0.5399820970412041,0.5440728664398193,0.535891278876771,0.5440728664398193,104875,2023-07-26 00:00:00+10:00
0.5440728828976855,0.548163652420044,0.5440728828976855,0.548163652420044,191869,2023-07-27 00:00:00+10:00
0.548163652420044,0.5563451914647608,0.5440728828976855,0.548163652420044,205817,2023-07-28 00:00:00+10:00
0.548163652420044,0.548163652420044,0.5399821133753271,0.548163652420044,34467,2023-07-31 00:00:00+10:00
0.5481636190055889,0.5481636190055889,0.5399820804595947,0.5399820804595947,77249,2023-08-01 00:00:00+10:00
0.5399820804595947,0.5399820804595947,0.5318004931477842,0.5399820804595947,123828,2023-08-02 00:00:00+10:00
0.5318005841112992,0.5399821728225555,0.5277098141385833,0.5358913540840149,104707,2023-08-03 00:00:00+10:00
0.5399821400630002,0.5399821400630002,0.5277097821235657,0.5277097821235657,114962,2023-08-04 00:00:00+10:00
0.527709798254209,0.5318005681037903,0.527709798254209,0.5318005681037903,6765,2023-08-07 00:00:00+10:00
0.5318005518481033,0.5358913215726409,0.5277097821235657,0.5277097821235657,105738,2023-08-08 00:00:00+10:00
0.5277097657408811,0.5297551505396513,0.5236189961433411,0.5236189961433411,71840,2023-08-09 00:00:00+10:00
0.5236189628578873,0.5236189628578873,0.5154374241828918,0.5154374241828918,132234,2023-08-10 00:00:00+10:00
0.5195282101631165,0.5195282101631165,0.5154374406945738,0.5195282101631165,29576,2023-08-11 00:00:00+10:00
0.5195281935203896,0.5195281935203896,0.511346654845394,0.5154374241828918,79508,2023-08-14 00:00:00+10:00
0.5154374241828918,0.5154374241828918,0.511346654845394,0.5154374241828918,16810,2023-08-15 00:00:00+10:00
0.5113467252530242,0.5113467252530242,0.4990744155507493,0.5031651854515076,214033,2023-08-16 00:00:00+10:00
0.5031652133508674,0.5031652133508674,0.4827113139471302,0.4949836730957031,331448,2023-08-17 00:00:00+10:00
0.5031652421880198,0.5031652421880198,0.48271134161203905,0.4868021607398987,80970,2023-08-18 00:00:00+10:00
0.4868021040037873,0.4868021040037873,0.4827112853527069,0.4827112853527069,158491,2023-08-21 00:00:00+10:00
0.48271134161203905,0.4868021607398987,0.47862057125000873,0.4868021607398987,63383,2023-08-22 00:00:00+10:00
0.47862057125000873,0.4868021607398987,0.47862057125000873,0.4868021607398987,130100,2023-08-23 00:00:00+10:00
0.48271134161203905,0.490892931101929,0.48271134161203905,0.4868021607398987,5145,2023-08-24 00:00:00+10:00
0.490892931101929,0.490892931101929,0.48271134161203905,0.4868021607398987,4590254,2023-08-25 00:00:00+10:00
0.49089284940134803,0.511346697807312,0.48680207972015527,0.511346697807312,99863,2023-08-28 00:00:00+10:00
0.511346697807312,0.511346697807312,0.4990743887637336,0.511346697807312,91137,2023-08-29 00:00:00+10:00
0.5154374951537825,0.5154374951537825,0.5031651854515076,0.5031651854515076,357565,2023-08-30 00:00:00+10:00
0.5031651854515076,0.5072559553522659,0.5031651854515076,0.5031651854515076,432154,2023-08-31 00:00:00+10:00
0.5031651091470355,0.5154374169882275,0.4990743398666382,0.4990743398666382,384883,2023-09-01 00:00:00+10:00
0.5072558784274328,0.5072558784274328,0.4949835705862409,0.4990743398666382,117148,2023-09-04 00:00:00+10:00
0.499074396807405,0.499074396807405,0.49089285731315613,0.49089285731315613,42294,2023-09-05 00:00:00+10:00
0.49089285731315613,0.49498362706028054,0.48271126905308515,0.49089285731315613,72863,2023-09-06 00:00:00+10:00
0.490892931101929,0.490892931101929,0.4868021607398987,0.4868021607398987,6482,2023-09-07 00:00:00+10:00
0.49089280130584356,0.4990743398666382,0.49089280130584356,0.4990743398666382,7724,2023-09-08 00:00:00+10:00
0.4990743398666382,0.4990743398666382,0.48271121397923245,0.4990743398666382,112692,2023-09-11 00:00:00+10:00
0.499074396807405,0.499074396807405,0.48680208756603166,0.49089285731315613,136538,2023-09-12 00:00:00+10:00
0.48680213284053886,0.4949836730957031,0.48680213284053886,0.4949836730957031,11720,2023-09-13 00:00:00+10:00
0.49089285731315613,0.49089285731315613,0.48680208756603166,0.49089285731315613,23686,2023-09-14 00:00:00+10:00
0.490892902968121,0.4949836730957031,0.48680213284053886,0.4949836730957031,2756,2023-09-15 00:00:00+10:00
0.494983645649991,0.5031651854515076,0.48680210584847444,0.5031651854515076,47669,2023-09-18 00:00:00+10:00
0.5031652014013008,0.5072559714317322,0.5031652014013008,0.5072559714317322,44,2023-09-19 00:00:00+10:00
0.5072560125500502,0.5072560125500502,0.48271134161203905,0.4868021607398987,108355,2023-09-20 00:00:00+10:00
0.49498362706028054,0.499074396807405,0.49089285731315613,0.49089285731315613,121090,2023-09-21 00:00:00+10:00
0.49089285731315613,0.49089285731315613,0.48680208756603166,0.49089285731315613,118190,2023-09-22 00:00:00+10:00
0.499074396807405,0.499074396807405,0.48680208756603166,0.49089285731315613,60763,2023-09-25 00:00:00+10:00
0.4949837014639593,0.4949837014639593,0.4868021607398987,0.4868021607398987,2,2023-09-26 00:00:00+10:00
0.490892873889044,0.490892873889044,0.4827112853527069,0.4827112853527069,98548,2023-09-27 00:00:00+10:00
0.4993597271479492,0.4993597271479492,0.48886893706302015,0.4951633810997009,1957,2023-09-28 00:00:00+10:00
0.4909670054912567,0.4909670054912567,0.47837811945850855,0.4909670054912567,37898,2023-09-29 00:00:00+10:00
0.49096708507524706,0.49516338109970087,0.48677078905079324,0.4951633810997009,9536,2023-10-02 00:00:00+11:00
0.49516333902478377,0.49516333902478377,0.4741818606853485,0.4741818606853485,66459,2023-10-03 00:00:00+11:00
0.4825744829575255,0.48677077889442444,0.47418189108372744,0.48677077889442444,28343,2023-10-04 00:00:00+11:00
0.482574412407928,0.482574412407928,0.45320034514395435,0.4783781170845032,93703,2023-10-05 00:00:00+11:00
0.4783781170845032,0.4783781170845032,0.4783781170845032,0.4783781170845032,8777,2023-10-06 00:00:00+11:00
0.4783781170845032,0.4783781170845032,0.4783781170845032,0.4783781170845032,0,2023-10-09 00:00:00+11:00
0.4741818898591022,0.4741818898591022,0.4573967061548558,0.46159300208091736,254829,2023-10-10 00:00:00+11:00
0.4615930118947182,0.4615930118947182,0.4364151857792564,0.4573967158794403,898655,2023-10-11 00:00:00+11:00
0.4573966751551635,0.4615929707968246,0.44900408387184143,0.44900408387184143,17917,2023-10-12 00:00:00+11:00
0.4615930118947182,0.4615930118947182,0.4490041238488845,0.4573967158794403,20452,2023-10-13 00:00:00+11:00
0.4448077923251069,0.45110228657722473,0.4364152000206779,0.45110228657722473,61912,2023-10-16 00:00:00+11:00
0.44900408387184143,0.44900408387184143,0.44900408387184143,0.44900408387184143,186,2023-10-17 00:00:00+11:00
0.44900408372984346,0.44900408372984346,0.43641514678505167,0.4448077380657196,12907,2023-10-18 00:00:00+11:00
0.44480773820639047,0.44900408387184143,0.43221885128140736,0.44900408387184143,23300,2023-10-19 00:00:00+11:00
0.4490040885163733,0.4490040885163733,0.4322188557523115,0.4427095949649811,62785,2023-10-20 00:00:00+11:00
0.4448077269310226,0.4448077269310226,0.4364151358604431,0.4364151358604431,77814,2023-10-23 00:00:00+11:00
0.4448077269310226,0.4448077269310226,0.4364151358604431,0.4364151358604431,24513,2023-10-24 00:00:00+11:00
0.44061145186424255,0.44061145186424255,0.44061145186424255,0.44061145186424255,106,2023-10-25 00:00:00+11:00
0.4364151358604431,0.4448077269310226,0.4364151358604431,0.4364151358604431,33263,2023-10-26 00:00:00+11:00
0.4448077475944703,0.4448077475944703,0.44061145186424255,0.44061145186424255,10736,2023-10-27 00:00:00+11:00
0.44900407249010105,0.44900407249010105,0.4364151358604431,0.4364151358604431,56213,2023-10-30 00:00:00+11:00
0.44480770586634333,0.44480770586634333,0.4322188198566437,0.4322188198566437,45710,2023-10-31 00:00:00+11:00
0.428022563457489,0.43641515489410004,0.42382626773918347,0.428022563457489,64645,2023-11-01 00:00:00+11:00
0.4280225556397463,0.4532003795135025,0.4280225556397463,0.44900408387184143,74548,2023-11-02 00:00:00+11:00
0.44900408372984346,0.45320037937017743,0.4448077380657196,0.4448077380657196,12030,2023-11-03 00:00:00+11:00
0.4448077380657196,0.4448077380657196,0.44061144242538564,0.4448077380657196,42971,2023-11-06 00:00:00+11:00
0.4532003402709961,0.4532003402709961,0.4532003402709961,0.4532003402709961,7,2023-11-07 00:00:00+11:00
0.4532003402709961,0.4532003402709961,0.4532003402709961,0.4532003402709961,0,2023-11-08 00:00:00+11:00
0.44900408387184143,0.44900408387184143,0.44480773820639047,0.44900408387184143,68349,2023-11-09 00:00:00+11:00
0.44900408372984346,0.44900408372984346,0.44061144242538564,0.4448077380657196,34290,2023-11-10 00:00:00+11:00
0.4448077463307111,0.4448077463307111,0.428022563457489,0.428022563457489,105328,2023-11-13 00:00:00+11:00
0.43641511519321025,0.43641511519321025,0.4322188198566437,0.4322188198566437,23568,2023-11-14 00:00:00+11:00
0.44061144242538564,0.4448077380657196,0.43641514678505167,0.4448077380657196,74543,2023-11-15 00:00:00+11:00
0.44480770586634333,0.4490040512266961,0.4322188198566437,0.4322188198566437,100649,2023-11-16 00:00:00+11:00
0.44061144242538564,0.4448077380657196,0.4322188511447177,0.4448077380657196,42624,2023-11-17 00:00:00+11:00
0.4364151358604431,0.4364151358604431,0.4322188403251534,0.4364151358604431,70770,2023-11-20 00:00:00+11:00
0.4364151358604431,0.4364151358604431,0.4280225447898636,0.4364151358604431,25672,2023-11-21 00:00:00+11:00
0.4322188591757945,0.4322188591757945,0.40704108486596147,0.428022563457489,473851,2023-11-22 00:00:00+11:00
0.4364151358604431,0.4364151358604431,0.4280225447898636,0.4364151358604431,19616,2023-11-23 00:00:00+11:00
0.43641515489410004,0.43641515489410004,0.428022563457489,0.428022563457489,30425,2023-11-24 00:00:00+11:00
0.4364151358604431,0.4364151358604431,0.4364151358604431,0.4364151358604431,8792,2023-11-27 00:00:00+11:00
0.4364151358604431,0.4364151358604431,0.4364151358604431,0.4364151358604431,1,2023-11-28 00:00:00+11:00
0.42802252452007716,0.43641511519321025,0.4238262291835106,0.4322188198566437,68566,2023-11-29 00:00:00+11:00
0.43641511519321025,0.43641511519321025,0.4322188198566437,0.4322188198566437,46671,2023-11-30 00:00:00+11:00
0.4364151358604431,0.438513283628088,0.4364151358604431,0.4364151358604431,38417,2023-12-01 00:00:00+11:00
0.4406114313957329,0.4406114313957329,0.4364151358604431,0.4364151358604431,26951,2023-12-04 00:00:00+11:00
0.4364151358604431,0.4406114313957329,0.4280225447898636,0.4364151358604431,122135,2023-12-05 00:00:00+11:00
0.4406114313957329,0.4406114313957329,0.4364151358604431,0.4364151358604431,90061,2023-12-06 00:00:00+11:00
0.4322188198566437,0.44061141052977676,0.42802252452007716,0.4322188198566437,64004,2023-12-07 00:00:00+11:00
0.428022563457489,0.43641515489410004,0.42382626773918347,0.428022563457489,125878,2023-12-08 00:00:00+11:00
0.4322188591757945,0.43641515489410004,0.42382626773918347,0.428022563457489,82147,2023-12-11 00:00:00+11:00
0.4364151953811453,0.4364151953811453,0.42382630705833435,0.42382630705833435,128179,2023-12-12 00:00:00+11:00
0.42382625986404976,0.44900408372984346,0.42382625986404976,0.4448077380657196,85777,2023-12-13 00:00:00+11:00
0.4490041238488845,0.4573967158794403,0.44480777780981223,0.4573967158794403,287274,2023-12-14 00:00:00+11:00
0.4573967158794403,0.4657893079099961,0.4573967158794403,0.4573967158794403,362478,2023-12-15 00:00:00+11:00
0.465789298006979,0.465789298006979,0.46159300208091736,0.46159300208091736,104050,2023-12-18 00:00:00+11:00
0.46159293082760583,0.46578922610591067,0.4532003402709961,0.4532003402709961,100631,2023-12-19 00:00:00+11:00
0.46159293082760583,0.46159293082760583,0.4490040449926912,0.4532003402709961,236796,2023-12-20 00:00:00+11:00
0.4573966751551635,0.4573966751551635,0.44900408387184143,0.44900408387184143,114935,2023-12-21 00:00:00+11:00
0.45739663554930093,0.45739663554930093,0.4532003402709961,0.4532003402709961,23904,2023-12-22 00:00:00+11:00
0.4573967158794403,0.4573967158794403,0.4490041238488845,0.4573967158794403,56474,2023-12-27 00:00:00+11:00
0.4701972901821137,0.4701972901821137,0.4615698254597577,0.47019729018211365,20016,2023-12-28 00:00:00+11:00
0.47019726698425285,0.47019726698425285,0.457256019115448,0.457256019115448,34033,2023-12-29 00:00:00+11:00
0.470197292725559,0.470197292725559,0.4529423117637634,0.4529423117637634,56545,2024-01-02 00:00:00+11:00
0.45294228696709427,0.47019726698425285,0.45294228696709427,0.457256019115448,37777,2024-01-03 00:00:00+11:00
0.4658835578209357,0.4701972901821137,0.4658835578209357,0.47019729018211365,1669,2024-01-04 00:00:00+11:00
0.4701972653999791,0.4745109975337982,0.4701972653999791,0.4745109975337982,35192,2024-01-05 00:00:00+11:00
0.47451102254329164,0.47451102254329164,0.4615698254597577,0.47019729018211365,43101,2024-01-08 00:00:00+11:00
0.4701972196985355,0.4701972196985355,0.46156975626945496,0.46156975626945496,14770,2024-01-09 00:00:00+11:00
0.46156980113234075,0.4745109975337982,0.46156980113234075,0.4745109975337982,187502,2024-01-10 00:00:00+11:00
0.4745109975337982,0.4745109975337982,0.4658835332661599,0.4745109975337982,34954,2024-01-11 00:00:00+11:00
0.4745109975337982,0.48313846180143655,0.4745109975337982,0.4745109975337982,103490,2024-01-12 00:00:00+11:00
0.4745109975337982,0.48313846180143655,0.4745109975337982,0.4745109975337982,32301,2024-01-15 00:00:00+11:00
0.4917658756197303,0.4917658756197303,0.48313841223716736,0.48313841223716736,80512,2024-01-16 00:00:00+11:00
0.4831384969376627,0.4874522293851979,0.47882476449012756,0.47882476449012756,44847,2024-01-17 00:00:00+11:00
0.47882475490446963,0.4831384872656476,0.4615698254597577,0.47019729018211365,114183,2024-01-18 00:00:00+11:00
0.4745109514130758,0.4745109514130758,0.46156975626945496,0.46156975626945496,98703,2024-01-19 00:00:00+11:00
0.4701972251883676,0.4745109569532733,0.4658834934234619,0.4658834934234619,25436,2024-01-22 00:00:00+11:00
0.4745109569532733,0.4745109569532733,0.4658834934234619,0.4658834934234619,5067,2024-01-23 00:00:00+11:00
0.4745109975337982,0.4745109975337982,0.4745109975337982,0.4745109975337982,38,2024-01-24 00:00:00+11:00
0.4701972901821137,0.47451102254329164,0.4658835578209357,0.47019729018211365,48472,2024-01-25 00:00:00+11:00
0.4701972653999791,0.4745109975337982,0.4658835332661599,0.4745109975337982,57697,2024-01-29 00:00:00+11:00
0.4745109975337982,0.4745109975337982,0.4701972653999791,0.4745109975337982,47493,2024-01-30 00:00:00+11:00
0.47451102254329164,0.47451102254329164,0.4701972901821137,0.47019729018211365,181731,2024-01-31 00:00:00+11:00
0.4701972901821137,0.47451102254329164,0.4701972901821137,0.47019729018211365,34404,2024-02-01 00:00:00+11:00
0.47451102254329164,0.47451102254329164,0.4701972901821137,0.47019729018211365,11719,2024-02-02 00:00:00+11:00
0.47451102254329164,0.47451102254329164,0.4701972901821137,0.47019729018211365,41776,2024-02-05 00:00:00+11:00
0.4701972901821137,0.4701972901821137,0.4701972901821137,0.47019729018211365,0,2024-02-06 00:00:00+11:00
0.4693663418292999,0.4693663418292999,0.4693663418292999,0.4693663418292999,125042,2024-02-07 00:00:00+11:00
0.4693663418292999,0.4693663418292999,0.4693663418292999,0.4693663418292999,140191,2024-02-08 00:00:00+11:00
0.4693663418292999,0.4693663418292999,0.4651000744482021,0.4693663418292999,60615,2024-02-09 00:00:00+11:00
0.4693663418292999,0.4693663418292999,0.4693663418292999,0.4693663418292999,116818,2024-02-12 00:00:00+11:00
0.4693663772805076,0.4693663772805076,0.46510010957717896,0.46510010957717896,111605,2024-02-13 00:00:00+11:00
0.40962895760951834,0.40962895760951834,0.3370909050778098,0.3498914837837219,1665963,2024-02-14 00:00:00+11:00
0.3498914837837219,0.3498914837837219,0.3413571732733743,0.3498914837837219,856520,2024-02-15 00:00:00+11:00
0.3537263572216034,0.3580400892090093,0.3494126252341975,0.3537263572216034,211011,2024-02-16 00:00:00+11:00
0.34941259026527405,0.34941259026527405,0.34509885870958285,0.34941259026527405,504121,2024-02-19 00:00:00+11:00
0.34509885870958285,0.34941259026527405,0.34509885870958285,0.34941259026527405,431909,2024-02-20 00:00:00+11:00
0.3494126147718305,0.3494126147718305,0.3450988829135895,0.3450988829135895,203208,2024-02-21 00:00:00+11:00
0.34509885870958285,0.34941259026527405,0.34509885870958285,0.34941259026527405,128035,2024-02-22 00:00:00+11:00
0.3494126252341975,0.3537263572216034,0.3494126252341975,0.3537263572216034,76100,2024-02-23 00:00:00+11:00
0.35372638542532103,0.37529507279396057,0.35372638542532103,0.37529507279396057,1371724,2024-02-26 00:00:00+11:00
0.3666675739088935,0.3709813058376312,0.35372635241080985,0.3709813058376312,1578415,2024-02-27 00:00:00+11:00
0.3709813404626072,0.37529507279396057,0.3623538500880277,0.37529507279396057,855733,2024-02-28 00:00:00+11:00
0.3623538315296173,0.3666675893519089,0.35372636730877716,0.3623538315296173,750346,2024-02-29 00:00:00+11:00
0.3537263572216034,0.3623538211964152,0.3537263572216034,0.3537263572216034,554628,2024-03-01 00:00:00+11:00
0.3666675893519089,0.37098132146232904,0.3623538315296173,0.3623538315296173,184120,2024-03-04 00:00:00+11:00
0.36666755366633746,0.36666755366633746,0.3537263328826977,0.35804006457328796,162830,2024-03-05 00:00:00+11:00
0.3623538315296173,0.3623538315296173,0.3623538315296173,0.3623538315296173,14,2024-03-06 00:00:00+11:00
0.36666755366633746,0.36666755366633746,0.35804006457328796,0.35804006457328796,29596,2024-03-07 00:00:00+11:00
0.3580400892090093,0.3623538211964152,0.3537263572216034,0.3537263572216034,73045,2024-03-08 00:00:00+11:00
0.3537263572216034,0.3580400892090093,0.3537263572216034,0.3537263572216034,83599,2024-03-11 00:00:00+11:00
0.3537263328826977,0.3623537962638782,0.3537263328826977,0.35804006457328796,47346,2024-03-12 00:00:00+11:00
0.3537263572216034,0.3580400892090093,0.3537263572216034,0.3537263572216034,114507,2024-03-13 00:00:00+11:00
0.3537263572216034,0.3580400892090093,0.3537263572216034,0.3537263572216034,48228,2024-03-14 00:00:00+11:00
0.3580400892090093,0.3580400892090093,0.3537263572216034,0.3537263572216034,22366,2024-03-15 00:00:00+11:00
0.3580400892090093,0.3580400892090093,0.3537263572216034,0.3537263572216034,181499,2024-03-18 00:00:00+11:00
0.3537263328826977,0.36666755366633746,0.3537263328826977,0.35804006457328796,188260,2024-03-19 00:00:00+11:00
0.3623537962638782,0.3623537962638782,0.35804006457328796,0.35804006457328796,203004,2024-03-20 00:00:00+11:00
0.36235381110449016,0.36666756868362427,0.3580400792372261,0.36666756868362427,136791,2024-03-21 00:00:00+11:00
0.36666756868362427,0.3709813005508883,0.36235381110449016,0.36666756868362427,25974,2024-03-22 00:00:00+11:00
0.3666676081312539,0.3796088051253139,0.3666676081312539,0.37529507279396057,450465,2024-03-25 00:00:00+11:00
0.3796087696951067,0.3817656356594755,0.3709813058376312,0.3709813058376312,102192,2024-03-26 00:00:00+11:00
0.3799206614494324,0.3843903119020486,0.375450984355598,0.3799206614494324,54601,2024-03-27 00:00:00+11:00
0.375450984355598,0.3799206614494324,0.375450984355598,0.3799206614494324,237392,2024-03-28 00:00:00+11:00
0.3843903119020486,0.3843903119020486,0.3799206614494324,0.3799206614494324,188832,2024-04-02 00:00:00+11:00
0.3799206614494324,0.3843903119020486,0.3799206614494324,0.3799206614494324,260879,2024-04-03 00:00:00+11:00
0.38439029455184937,0.38439029455184937,0.3799206443009795,0.38439029455184937,168897,2024-04-04 00:00:00+11:00
0.3843903119020486,0.3843903119020486,0.3799206614494324,0.3799206614494324,51491,2024-04-05 00:00:00+11:00
0.3799206614494324,0.3843903119020486,0.3799206614494324,0.3799206614494324,96852,2024-04-08 00:00:00+10:00
0.3843903119020486,0.3843903119020486,0.3799206614494324,0.3799206614494324,104483,2024-04-09 00:00:00+10:00
0.3799206614494324,0.38215548667574045,0.3799206614494324,0.3799206614494324,246416,2024-04-10 00:00:00+10:00
0.38439029455184937,0.38439029455184937,0.38439029455184937,0.38439029455184937,295062,2024-04-11 00:00:00+10:00
0.3888599448027193,0.3888599448027193,0.38439029455184937,0.38439029455184937,538244,2024-04-12 00:00:00+10:00
0.3888599448027193,0.3888599448027193,0.38439029455184937,0.38439029455184937,384543,2024-04-15 00:00:00+10:00
0.3888599448027193,0.3888599448027193,0.38439029455184937,0.38439029455184937,601262,2024-04-16 00:00:00+10:00
0.38439029455184937,0.3866251196772843,0.3799206443009795,0.38439029455184937,136449,2024-04-17 00:00:00+10:00
0.3843903119020486,0.3888599623546648,0.3799206614494324,0.3799206614494324,301565,2024-04-18 00:00:00+10:00
0.3799206614494324,0.3843903119020486,0.3799206614494324,0.3799206614494324,42584,2024-04-19 00:00:00+10:00
0.3843902959170769,0.38662512105044927,0.3754509687423706,0.3754509687423706,598586,2024-04-22 00:00:00+10:00
0.3754509687423706,0.3799206456503323,0.3754509687423706,0.3754509687423706,21218,2024-04-23 00:00:00+10:00
0.3799206327078069,0.3799206327078069,0.3665116557231515,0.3709813058376312,336986,2024-04-24 00:00:00+10:00
0.37545094284989416,0.37545094284989416,0.36651164293289185,0.36651164293289185,61159,2024-04-26 00:00:00+10:00
0.3709812796254949,0.3709812796254949,0.36204198002815247,0.36204198002815247,100114,2024-04-29 00:00:00+10:00
0.3754509687423706,0.3754509687423706,0.3754509687423706,0.3754509687423706,583,2024-04-30 00:00:00+10:00
0.3665116557231515,0.3709813058376312,0.3665116557231515,0.3709813058376312,14058,2024-05-01 00:00:00+10:00
0.36651164293289185,0.370981292891393,0.36651164293289185,0.36651164293289185,78127,2024-05-02 00:00:00+10:00
0.36651164293289185,0.36651164293289185,0.36651164293289185,0.36651164293289185,66581,2024-05-03 00:00:00+10:00
0.36651167748786356,0.36651167748786356,0.35757237672805786,0.35757237672805786,425262,2024-05-06 00:00:00+10:00
0.35757233022948126,0.36204198002815247,0.35757233022948126,0.36204198002815247,281698,2024-05-07 00:00:00+10:00
0.36204202710796074,0.36204202710796074,0.35757237672805786,0.35757237672805786,60942,2024-05-08 00:00:00+10:00
0.36204201426604,0.36204201426604,0.3531027138233185,0.3531027138233185,75400,2024-05-09 00:00:00+10:00
0.35310272634815504,0.36204202710796074,0.35310272634815504,0.35757237672805786,195667,2024-05-10 00:00:00+10:00
0.35757236404467924,0.35757236404467924,0.3531027138233185,0.3531027138233185,79323,2024-05-13 00:00:00+10:00
0.35757237672805786,0.35757237672805786,0.35310272634815504,0.35757237672805786,63675,2024-05-14 00:00:00+10:00
0.36204198842813123,0.36204198842813123,0.3575723385257567,0.35980716347694397,18651,2024-05-15 00:00:00+10:00
0.35310272634815504,0.35757237672805786,0.35310272634815504,0.35757237672805786,135877,2024-05-16 00:00:00+10:00
0.35757236404467924,0.35757236404467924,0.3531027138233185,0.3531027138233185,111449,2024-05-17 00:00:00+10:00
0.35310272634815504,0.35757237672805786,0.35310272634815504,0.35757237672805786,100810,2024-05-20 00:00:00+10:00
0.35757237672805786,0.35757237672805786,0.35310272634815504,0.35757237672805786,119496,2024-05-21 00:00:00+10:00
0.35757237672805786,0.35757237672805786,0.35310272634815504,0.35757237672805786,55572,2024-05-22 00:00:00+10:00
0.35757237672805786,0.35757237672805786,0.35310272634815504,0.35757237672805786,65232,2024-05-23 00:00:00+10:00
0.35757236404467924,0.35757236404467924,0.3531027138233185,0.3531027138233185,13975,2024-05-24 00:00:00+10:00
0.35757236404467924,0.35757236404467924,0.3531027138233185,0.3531027138233185,40917,2024-05-27 00:00:00+10:00
0.35757236404467924,0.35757236404467924,0.3531027138233185,0.3531027138233185,168944,2024-05-28 00:00:00+10:00
0.35757236404467924,0.35757236404467924,0.3531027138233185,0.3531027138233185,97569,2024-05-29 00:00:00+10:00
0.3531027138233185,0.3531027138233185,0.3531027138233185,0.3531027138233185,47473,2024-05-30 00:00:00+10:00
0.35310272796010417,0.35757237836041145,0.3486330509185791,0.3486330509185791,93451,2024-05-31 00:00:00+10:00
0.35310272796010417,0.35310272796010417,0.3486330509185791,0.3486330509185791,79849,2024-06-03 00:00:00+10:00
0.34863303696074094,0.3531027138233185,0.34863303696074094,0.3531027138233185,35858,2024-06-04 00:00:00+10:00
0.3531027138233185,0.35757236404467924,0.3531027138233185,0.3531027138233185,110060,2024-06-05 00:00:00+10:00
0.3531027138233185,0.3553375389339989,0.3531027138233185,0.3531027138233185,41596,2024-06-06 00:00:00+10:00
0.35757236404467924,0.35757236404467924,0.34863303696074094,0.3531027138233185,84575,2024-06-07 00:00:00+10:00
0.35310272796010417,0.35310272796010417,0.3486330509185791,0.3486330509185791,142591,2024-06-11 00:00:00+10:00
0.35310271513088093,0.35310271513088093,0.3441633880138397,0.3441633880138397,258820,2024-06-12 00:00:00+10:00
0.35086789001192487,0.35086789001192487,0.3441633880138397,0.3441633880138397,28004,2024-06-13 00:00:00+10:00
0.34863303696074094,0.3531027138233185,0.34863303696074094,0.3531027138233185,275792,2024-06-14 00:00:00+10:00
0.3486330382517519,0.3486330382517519,0.3441633880138397,0.3441633880138397,37421,2024-06-17 00:00:00+10:00
0.3486330509185791,0.35310272796010417,0.3486330509185791,0.3486330509185791,84759,2024-06-18 00:00:00+10:00
0.3441634005182719,0.35310272796010417,0.3441634005182719,0.3486330509185791,269581,2024-06-19 00:00:00+10:00
0.33969373777592754,0.3486330382517519,0.33969373777592754,0.3441633880138397,150761,2024-06-20 00:00:00+10:00
0.34863302525158746,0.34863302525158746,0.33969372510910034,0.33969372510910034,205463,2024-06-21 00:00:00+10:00
0.3441633751803439,0.3441633751803439,0.33969372510910034,0.33969372510910034,49088,2024-06-24 00:00:00+10:00
0.33969373777592754,0.3441633880138397,0.33969373777592754,0.3441633880138397,43477,2024-06-25 00:00:00+10:00
0.34416339260167206,0.34416339260167206,0.33522409200668335,0.33522409200668335,107564,2024-06-26 00:00:00+10:00
0.3238218770387106,0.337504506111145,0.3192610097428703,0.337504506111145,281877,2024-06-27 00:00:00+10:00
0.3375045366249606,0.3648697700590092,0.32838280120858304,0.351187139749527,554794,2024-06-28 00:00:00+10:00
0.35118712906353267,0.35118712906353267,0.33750452635530337,0.34206539392471313,8824,2024-07-01 00:00:00+10:00
0.3511870891851456,0.3511870891851456,0.3329436209791091,0.3466262221336365,173229,2024-07-02 00:00:00+10:00
0.3466262221336365,0.3466262221336365,0.3420653550821273,0.3466262221336365,13359,2024-07-03 00:00:00+10:00
0.3420654135647757,0.3420654135647757,0.3329436779022217,0.3329436779022217,110981,2024-07-04 00:00:00+10:00
0.33750452635530337,0.34206539392471313,0.33750452635530337,0.34206539392471313,63471,2024-07-05 00:00:00+10:00
0.3397849796491372,0.3397849796491372,0.3329436779022217,0.3329436779022217,44703,2024-07-08 00:00:00+10:00
0.3420654135647757,0.3420654135647757,0.32838281007094466,0.3329436779022217,96569,2024-07-09 00:00:00+10:00
0.3375044945659807,0.3375044945659807,0.3283827602863312,0.3283827602863312,9299,2024-07-10 00:00:00+10:00
0.3329436274261559,0.3375044945659807,0.3283827602863312,0.3283827602863312,74291,2024-07-11 00:00:00+10:00
0.32838281007094466,0.3375045457334987,0.32838281007094466,0.3329436779022217,66842,2024-07-12 00:00:00+10:00
0.3283827602863312,0.3329436274261559,0.3283827602863312,0.3283827602863312,167445,2024-07-15 00:00:00+10:00
0.32838279711128293,0.3329436647625648,0.32382190227508545,0.32382190227508545,55169,2024-07-16 00:00:00+10:00
0.3329436647625648,0.3329436647625648,0.32382190227508545,0.32382190227508545,189739,2024-07-17 00:00:00+10:00
0.3329436274261559,0.3329436274261559,0.3283827602863312,0.3283827602863312,4239,2024-07-18 00:00:00+10:00
0.3283827602863312,0.3283827602863312,0.3192609988217692,0.3283827602863312,171198,2024-07-19 00:00:00+10:00
0.3283827715194644,0.337504506111145,0.3283827715194644,0.337504506111145,81456,2024-07-22 00:00:00+10:00
0.337504506111145,0.3397849397590652,0.337504506111145,0.337504506111145,145660,2024-07-23 00:00:00+10:00
0.33750452635530337,0.34206539392471313,0.33750452635530337,0.34206539392471313,12018,2024-07-24 00:00:00+10:00
0.33750452635530337,0.34206539392471313,0.3329436587858936,0.34206539392471313,141890,2024-07-25 00:00:00+10:00
0.34206539392471313,0.34206539392471313,0.34206539392471313,0.34206539392471313,5491,2024-07-26 00:00:00+10:00
0.34206537340698534,0.34206537340698534,0.3329436388153047,0.337504506111145,73518,2024-07-29 00:00:00+10:00
0.34206537340698534,0.34206537340698534,0.3352240724632249,0.337504506111145,262511,2024-07-30 00:00:00+10:00
0.34206537340698534,0.34206537340698534,0.337504506111145,0.337504506111145,113836,2024-07-31 00:00:00+10:00
0.34206537340698534,0.34662624070282566,0.337504506111145,0.337504506111145,57711,2024-08-01 00:00:00+10:00
0.3466262221336365,0.3466262221336365,0.3420653550821273,0.3466262221336365,18897,2024-08-02 00:00:00+10:00
0.34662627204133817,0.351187139749527,0.3375045366249606,0.351187139749527,188337,2024-08-05 00:00:00+10:00
0.33750452635530337,0.35118712906353267,0.33750452635530337,0.34206539392471313,13018,2024-08-06 00:00:00+10:00
0.351187139749527,0.351187139749527,0.3420654043331494,0.351187139749527,12242,2024-08-07 00:00:00+10:00
0.3511870891851456,0.3511870891851456,0.3466262221336365,0.3466262221336365,20091,2024-08-08 00:00:00+10:00
0.35118713017690356,0.3557479977607727,0.35118713017690356,0.3557479977607727,43740,2024-08-09 00:00:00+10:00
0.35574800745771573,0.35574800745771573,0.351187139749527,0.351187139749527,6206,2024-08-12 00:00:00+10:00
0.35346752271090015,0.35346752271090015,0.3466262221336365,0.3466262221336365,29422,2024-08-13 00:00:00+10:00
0.351187107998666,0.351187107998666,0.3329436388153047,0.337504506111145,114214,2024-08-14 00:00:00+10:00
0.34662624070282566,0.34662624070282566,0.337504506111145,0.337504506111145,23732,2024-08-15 00:00:00+10:00
0.3466262221336365,0.3466262221336365,0.3375044880306182,0.3466262221336365,24116,2024-08-16 00:00:00+10:00
0.34662624070282566,0.34662624070282566,0.337504506111145,0.337504506111145,24863,2024-08-19 00:00:00+10:00
0.34206537340698534,0.34206537340698534,0.337504506111145,0.337504506111145,61141,2024-08-20 00:00:00+10:00
0.34206537340698534,0.34206537340698534,0.337504506111145,0.337504506111145,92347,2024-08-21 00:00:00+10:00
0.34206537340698534,0.34206537340698534,0.337504506111145,0.337504506111145,398727,2024-08-22 00:00:00+10:00
0.3420654043331494,0.351187139749527,0.3420654043331494,0.351187139749527,64182,2024-08-23 00:00:00+10:00
0.3511871524456009,0.3603089153766632,0.3511871524456009,0.3603089153766632,130317,2024-08-26 00:00:00+10:00
0.35118711584990575,0.3785523474216461,0.342065381054297,0.3785523474216461,671160,2024-08-27 00:00:00+10:00
0.3694306109628579,0.3739914783401292,0.35574798164613,0.36486974358558655,57134,2024-08-28 00:00:00+10:00
0.35574800745771573,0.369430637767198,0.351187139749527,0.351187139749527,11663,2024-08-29 00:00:00+10:00
0.36030889252955695,0.3648697601134261,0.3557479977607727,0.3557479977607727,153173,2024-08-30 00:00:00+10:00
0.36486974358558655,0.3694306109628579,0.36486974358558655,0.36486974358558655,98447,2024-09-02 00:00:00+10:00
0.36486972412305324,0.36943059125704314,0.36486972412305324,0.3671501576900482,40748,2024-09-03 00:00:00+10:00
0.3694306109628579,0.3694306109628579,0.35574798164613,0.36486974358558655,205721,2024-09-04 00:00:00+10:00
0.36486973433519077,0.3694306015968323,0.36486973433519077,0.3694306015968323,25541,2024-09-05 00:00:00+10:00
0.3694306276972952,0.3694306276972952,0.3557479977607727,0.3557479977607727,93765,2024-09-06 00:00:00+10:00
0.3557479921763877,0.3785523569226749,0.3557479921763877,0.3739914894104004,217285,2024-09-09 00:00:00+10:00
0.3739914894104004,0.3785523569226749,0.3603088868735769,0.3739914894104004,276847,2024-09-10 00:00:00+10:00
0.37855233612011524,0.37855233612011524,0.36486973433519077,0.3694306015968323,193076,2024-09-11 00:00:00+10:00
0.3694306218981259,0.3739914894104004,0.3694306218981259,0.3739914894104004,273738,2024-09-12 00:00:00+10:00
0.37855233612011524,0.37855233612011524,0.3694306015968323,0.3694306015968323,68717,2024-09-13 00:00:00+10:00
0.3785523381468321,0.38311320543289185,0.3785523381468321,0.38311320543289185,297372,2024-09-16 00:00:00+10:00
0.3739914708607724,0.38311320543289185,0.3739914708607724,0.38311320543289185,170,2024-09-17 00:00:00+10:00
0.3876741430684723,0.39223501086235046,0.3831132480896778,0.39223501086235046,84303,2024-09-18 00:00:00+10:00
0.39223496045419737,0.39223496045419737,0.37399146443833486,0.38767409324645996,71774,2024-09-19 00:00:00+10:00
0.383113192262505,0.40591755509376526,0.383113192262505,0.40591755509376526,227205,2024-09-20 00:00:00+10:00
0.40591759445638775,0.40591759445638775,0.3922349917417503,0.4013567268848419,109354,2024-09-23 00:00:00+10:00
0.4013567268848419,0.4013567268848419,0.39679585931329614,0.4013567268848419,96782,2024-09-24 00:00:00+10:00
0.40135674645010677,0.40135674645010677,0.39223501086235046,0.39223501086235046,108929,2024-09-25 00:00:00+10:00
0.39679582083522613,0.40591755509376526,0.39223495370595657,0.40591755509376526,95362,2024-09-26 00:00:00+10:00
0.4035980508978602,0.4035980508978602,0.38504180882003725,0.3896808624267578,92628,2024-09-27 00:00:00+10:00
0.40359802842886183,0.40359802842886183,0.39431992173194885,0.39431992173194885,52934,2024-09-30 00:00:00+10:00
0.39431992173194885,0.39895897508040534,0.39431992173194885,0.39431992173194885,3105,2024-10-01 00:00:00+10:00
0.3989590108394623,0.3989590108394623,0.3989590108394623,0.3989590108394623,42,2024-10-02 00:00:00+10:00
0.39895901631670544,0.4035980701446533,0.39895901631670544,0.4035980701446533,153716,2024-10-03 00:00:00+10:00
0.4035980701446533,0.4035980701446533,0.4035980701446533,0.4035980701446533,13,2024-10-04 00:00:00+10:00
0.4035980701446533,0.4035980701446533,0.4035980701446533,0.4035980701446533,1183,2024-10-07 00:00:00+11:00
0.4035980701446533,0.4035980701446533,0.39431996248875756,0.4035980701446533,1177,2024-10-08 00:00:00+11:00
0.4035980701446533,0.4035980701446533,0.39431996248875756,0.4035980701446533,27098,2024-10-09 00:00:00+11:00
0.39895897508040534,0.39895897508040534,0.39431992173194885,0.39431992173194885,13055,2024-10-10 00:00:00+11:00
0.4035980701446533,0.4035980701446533,0.39895901631670544,0.4035980701446533,14174,2024-10-11 00:00:00+11:00
0.4035980701446533,0.4035980701446533,0.4035980701446533,0.4035980701446533,226,2024-10-14 00:00:00+11:00
0.4035980701446533,0.4035980701446533,0.4035980701446533,0.4035980701446533,57,2024-10-15 00:00:00+11:00
0.4035980508978602,0.4035980508978602,0.3896808624267578,0.3896808624267578,55156,2024-10-16 00:00:00+11:00
0.3896808624267578,0.3989589972911396,0.3896808624267578,0.3896808624267578,84257,2024-10-17 00:00:00+11:00
0.38968088682101737,0.39431996836908784,0.380402779026761,0.38504183292388916,90767,2024-10-18 00:00:00+11:00
0.3804027670487411,0.38968087455085093,0.3804027670487411,0.3873613476753235,68368,2024-10-21 00:00:00+11:00
0.3850418218957435,0.3989590108394623,0.37576371436722533,0.3989590108394623,393729,2024-10-22 00:00:00+11:00
0.3989590108394623,0.3989590108394623,0.38968087566000253,0.3989590108394623,128540,2024-10-23 00:00:00+11:00
0.40359807042552137,0.40359807042552137,0.3804027736186981,0.3804027736186981,83142,2024-10-24 00:00:00+11:00
0.3757637251296328,0.38504183292388916,0.3757637251296328,0.38504183292388916,301161,2024-10-25 00:00:00+11:00
0.380402779026761,0.38504183292388916,0.3757637251296328,0.38504183292388916,40686,2024-10-28 00:00:00+11:00
0.3896808624267578,0.3896808624267578,0.3896808624267578,0.3896808624267578,8,2024-10-29 00:00:00+11:00
0.38968087566000253,0.4128761721322395,0.38968087566000253,0.3989590108394623,308432,2024-10-30 00:00:00+11:00
0.39895901631670544,0.4035980701446533,0.39431996248875756,0.4035980701446533,26284,2024-10-31 00:00:00+11:00
0.4035980701446533,0.4082371239726012,0.40127854323067935,0.4035980701446533,253464,2024-11-01 00:00:00+11:00
0.40823711836798043,0.40823711836798043,0.3989590108394623,0.3989590108394623,54594,2024-11-04 00:00:00+11:00
0.40359802842886183,0.40359802842886183,0.39431992173194885,0.39431992173194885,108961,2024-11-05 00:00:00+11:00
0.3896808624267578,0.3896808624267578,0.3896808624267578,0.3896808624267578,122329,2024-11-06 00:00:00+11:00
0.3896808624267578,0.3896808624267578,0.38504180882003725,0.3896808624267578,110297,2024-11-07 00:00:00+11:00
0.3989590108394623,0.3989590108394623,0.3989590108394623,0.3989590108394623,44,2024-11-08 00:00:00+11:00
0.39431992173194885,0.3966394484061771,0.3896808407325533,0.39431992173194885,2389,2024-11-11 00:00:00+11:00
0.38968088682101737,0.38968088682101737,0.38504183292388916,0.38504183292388916,21755,2024-11-12 00:00:00+11:00
0.38968088682101737,0.39895902226621605,0.38504183292388916,0.38504183292388916,83519,2024-11-13 00:00:00+11:00
0.39431992173194885,0.39431992173194885,0.3896808407325533,0.39431992173194885,2905,2024-11-14 00:00:00+11:00
0.38968088128105066,0.38968088128105066,0.3804027736186981,0.3804027736186981,444396,2024-11-15 00:00:00+11:00
0.38968088128105066,0.38968088128105066,0.3804027736186981,0.3804027736186981,172753,2024-11-18 00:00:00+11:00
0.3896808624267578,0.3896808624267578,0.3896808624267578,0.3896808624267578,338,2024-11-19 00:00:00+11:00
0.3896808624267578,0.3896808624267578,0.38504180882003725,0.3896808624267578,100049,2024-11-20 00:00:00+11:00
0.38968088128105066,0.38968088128105066,0.3804027736186981,0.3804027736186981,49364,2024-11-21 00:00:00+11:00
0.3804027736186981,0.3850418274498744,0.3757637197875219,0.3804027736186981,267612,2024-11-22 00:00:00+11:00
0.3850418274498744,0.3850418274498744,0.3804027736186981,0.3804027736186981,80885,2024-11-25 00:00:00+11:00
0.3896808624267578,0.3896808624267578,0.3804027552133166,0.3896808624267578,4943,2024-11-26 00:00:00+11:00
0.39431996276316883,0.39431996276316883,0.3804027736186981,0.3804027736186981,19834,2024-11-27 00:00:00+11:00
0.380402779026761,0.38504183292388916,0.380402779026761,0.38504183292388916,542,2024-11-28 00:00:00+11:00
0.38040276807710294,0.38504182184069885,0.3757637143135071,0.3757637143135071,108045,2024-11-29 00:00:00+11:00
0.39431995113088725,0.39431995113088725,0.37112465500831604,0.37112465500831604,235657,2024-12-02 00:00:00+11:00
0.38040276807710294,0.38040276807710294,0.3757637143135071,0.3757637143135071,18,2024-12-03 00:00:00+11:00
0.3757637197875219,0.38968088128105066,0.3757637197875219,0.3804027736186981,78210,2024-12-04 00:00:00+11:00
0.3804027736186981,0.3850418274498744,0.3804027736186981,0.3804027736186981,4,2024-12-05 00:00:00+11:00
0.380402779026761,0.38968088682101737,0.3757637251296328,0.38504183292388916,32052,2024-12-06 00:00:00+11:00
0.38040276807710294,0.38040276807710294,0.3757637143135071,0.3757637143135071,5076,2024-12-09 00:00:00+11:00
0.38040275587232,0.38040275587232,0.3757637022575628,0.3780832290649414,59539,2024-12-10 00:00:00+11:00
0.3757637143135071,0.3757637143135071,0.3664856067863153,0.3757637143135071,311090,2024-12-11 00:00:00+11:00
0.3757637143135071,0.3757637143135071,0.3664856067863153,0.3757637143135071,1524,2024-12-12 00:00:00+11:00
0.3757637143135071,0.3757637143135071,0.3757637143135071,0.3757637143135071,299,2024-12-13 00:00:00+11:00
0.3757637143135071,0.38040276807710294,0.3664856067863153,0.3757637143135071,458117,2024-12-16 00:00:00+11:00
0.3757637087026421,0.3757637087026421,0.37112465500831604,0.37112465500831604,15491,2024-12-17 00:00:00+11:00
0.37112465500831604,0.3757637087026421,0.37112465500831604,0.37112465500831604,22299,2024-12-18 00:00:00+11:00
0.3664856553077698,0.3711247096855607,0.3664856553077698,0.3664856553077698,4154,2024-12-19 00:00:00+11:00
0.37112467123250464,0.38504183292388916,0.36648561733537643,0.38504183292388916,181677,2024-12-20 00:00:00+11:00
0.38504183292388916,0.38504183292388916,0.38504183292388916,0.38504183292388916,102,2024-12-23 00:00:00+11:00
0.380402779026761,0.38504183292388916,0.3757637251296328,0.38504183292388916,74828,2024-12-24 00:00:00+11:00
0.38504182184069885,0.38504182184069885,0.3757637143135071,0.3757637143135071,124,2024-12-27 00:00:00+11:00
0.38758018612861633,0.38758018612861633,0.38758018612861633,0.38758018612861633,889,2024-12-30 00:00:00+11:00
