Open,High,Low,Close,Volume,Date
159.3305171547677,160.5896711066502,158.46760901046457,160.49281311035156,2444800,2020-01-02 00:00:00-05:00
158.08897924052147,159.54184920180626,156.98832628608073,159.35693359375,2344200,2020-01-03 00:00:00-05:00
158.2298865546083,158.56448939555847,156.68017183071993,157.9921417236328,3142500,2020-01-06 00:00:00-05:00
157.81605845858854,158.12424673627646,156.38961617654252,156.79466247558594,4096400,2020-01-07 00:00:00-05:00
156.63611041079935,159.41856408562631,156.27509304553237,158.51162719726562,2817500,2020-01-08 00:00:00-05:00
158.9431103662322,159.22488401311676,157.23490801589574,157.7015838623047,3311100,2020-01-09 00:00:00-05:00
157.70158510569934,158.43240695719098,156.57451738068872,156.68017578125,2944300,2020-01-10 00:00:00-05:00
156.72417266199514,158.4852173029878,156.4159844755397,158.4059600830078,2035200,2020-01-13 00:00:00-05:00
158.9342963980903,160.8978576276037,158.6261081776067,159.19845581054688,2805900,2020-01-14 00:00:00-05:00
159.92929102953747,160.6248978278241,159.04876861181953,159.19845581054688,3450700,2020-01-15 00:00:00-05:00
159.86765079953145,162.16581488728755,159.29531659231458,161.92807006835938,3227400,2020-01-16 00:00:00-05:00
161.73433623235758,163.46896630918772,161.1355874929972,163.17840576171875,4008600,2020-01-17 00:00:00-05:00
162.15704195250586,162.48283100847306,159.48024577878653,160.66015625,3440900,2020-01-21 00:00:00-05:00
161.37332916612365,161.49660175335623,158.88144939105374,159.31289672851562,2993900,2020-01-22 00:00:00-05:00
161.57588196761506,165.25645964177053,159.3129326484114,164.82501220703125,4950500,2020-01-23 00:00:00-05:00
163.90046865227472,166.38354871866483,162.48282679435957,163.49542236328125,2734000,2020-01-24 00:00:00-05:00
160.281524078163,161.98093964323664,156.99717861849035,157.14686584472656,4183900,2020-01-27 00:00:00-05:00
158.73176584380442,159.97329213089571,158.00973107654846,158.17703247070312,3264500,2020-01-28 00:00:00-05:00
159.90289850047472,162.25389206796365,158.88148913038515,160.06138610839844,2270800,2020-01-29 00:00:00-05:00
158.20346599344157,161.5758685682127,157.6223179554932,161.19725036621094,2994400,2020-01-30 00:00:00-05:00
159.98211168710242,160.66891806141308,157.17324317477045,157.9833221435547,3653700,2020-01-31 00:00:00-05:00
159.26007898365577,160.29910238131356,157.96571000684696,158.74937438964844,2493100,2020-02-03 00:00:00-05:00
160.87143422458809,162.91425257101832,160.87143422458809,161.346923828125,1857900,2020-02-04 00:00:00-05:00
163.64509674977288,163.64509674977288,162.3419138975028,162.97589111328125,2133500,2020-02-05 00:00:00-05:00
164.4904170590942,165.24766699708766,162.7557865434081,163.87405395507812,2932400,2020-02-06 00:00:00-05:00
162.68531922959193,163.46898365438028,161.33812098737943,161.86643981933594,2221400,2020-02-07 00:00:00-05:00
160.24630042390248,162.73818080156653,159.8852829612389,162.60609436035156,1782800,2020-02-10 00:00:00-05:00
163.48658342999008,163.49538381665346,161.22364797265803,161.39974975585938,1521700,2020-02-11 00:00:00-05:00
162.73820724592252,163.74200255801438,161.74321232372534,162.77342224121094,2612200,2020-02-12 00:00:00-05:00
161.9809173152839,163.38094479919272,161.4085696560544,162.5796661376953,1861500,2020-02-13 00:00:00-05:00
162.5092036502193,163.3633114092214,160.82740272800237,162.01611328125,2134800,2020-02-14 00:00:00-05:00
161.54065068895662,162.44758771570574,159.95570763007748,160.3431396484375,3164400,2020-02-18 00:00:00-05:00
161.11797605582186,163.3368961427777,160.8538166633287,161.5758514404297,2807200,2020-02-19 00:00:00-05:00
161.42617864402916,162.47400248505164,159.95570779876186,161.48780822753906,2190900,2020-02-20 00:00:00-05:00
160.36074853691,160.9859254046598,159.1808516472654,160.008544921875,2890700,2020-02-21 00:00:00-05:00
155.13927230147695,156.56571455205807,153.56312939197812,155.6763916015625,6785100,2020-02-24 00:00:00-05:00
156.2486979674537,156.83864636609366,149.69760912926412,150.47247314453125,7631700,2020-02-25 00:00:00-05:00
149.363041216398,152.1719102396898,145.76169385386947,145.9466094970703,4921400,2020-02-26 00:00:00-05:00
142.12031517168168,146.26541056152072,138.45349482113411,141.37631225585938,7914700,2020-02-27 00:00:00-05:00
137.29319730728335,141.6951544867692,135.326930121828,141.54458618164062,7045800,2020-02-28 00:00:00-05:00
142.23551034213796,143.45778883555346,137.56784987790877,142.0140838623047,7064800,2020-03-02 00:00:00-05:00
142.33292091367798,148.46200349493353,138.48010875042013,139.35694885253906,5654000,2020-03-03 00:00:00-05:00
141.580057556973,144.3523071297068,140.13635298196476,143.6348876953125,4415000,2020-03-04 00:00:00-05:00
139.62263168902973,141.5357590483886,136.15066732285717,137.2489471435547,4901900,2020-03-05 00:00:00-05:00
132.4306928901936,138.99376051004083,131.86384189903123,138.24977111816406,4643300,2020-03-06 00:00:00-05:00
128.6045092887364,128.9410818955447,117.95831931905357,120.31430053710938,9400200,2020-03-09 00:00:00-04:00
125.61961595647254,130.1987118888846,123.26363602159937,130.03929138183594,8090300,2020-03-10 00:00:00-04:00
125.78790841261312,127.03674299087044,123.03336355858279,125.38047790527344,7074800,2020-03-11 00:00:00-04:00
115.2746017770474,125.92964122149621,110.71322241929164,116.95745086669922,8805200,2020-03-12 00:00:00-04:00
123.60027497447987,127.4088134765625,119.40202367011887,127.4088134765625,7886400,2020-03-13 00:00:00-04:00
113.41463216472994,120.34084460123671,108.32182373516977,110.80179595947266,7102700,2020-03-16 00:00:00-04:00
112.77690934519234,117.54201037574663,106.62125062431383,113.92832946777344,8021700,2020-03-17 00:00:00-04:00
106.96667822956896,109.21637159866803,93.0699598961217,101.92701721191406,10869900,2020-03-18 00:00:00-04:00
101.21844783940904,109.54408289629274,98.91561433620248,107.74610137939453,8514300,2020-03-19 00:00:00-04:00
109.91607082580622,111.37748651324488,100.49216316360739,104.37155151367188,6668100,2020-03-20 00:00:00-04:00
97.77306238231046,105.70012656185813,97.0822129418903,101.00588989257812,6011000,2020-03-23 00:00:00-04:00
107.48924692428123,115.23917198902481,105.22184243913516,114.1408920288086,7018900,2020-03-24 00:00:00-04:00
112.82122513693953,124.96425329432961,112.48465929768932,117.71918487548828,6923200,2020-03-25 00:00:00-04:00
121.36824937005302,127.00133808746648,118.70228011395939,126.20420837402344,6068600,2020-03-26 00:00:00-04:00
120.11943136454491,127.20507865487264,118.82630830234791,123.15740966796875,4962400,2020-03-27 00:00:00-04:00
121.81997593558081,126.93050244372961,120.73942723864334,124.17595672607422,3309200,2020-03-30 00:00:00-04:00
121.97940097496516,128.17048923600487,121.81111471457388,124.91993713378906,4247100,2020-03-31 00:00:00-04:00
118.71114950513753,122.20083258453953,117.35602068706694,120.8899917602539,5125600,2020-04-01 00:00:00-04:00
119.80945751143713,126.09796216565069,119.39317459945663,125.5931167602539,6009000,2020-04-02 00:00:00-04:00
124.7693897388389,126.25738272541045,120.97856944860172,122.7322769165039,4088000,2020-04-03 00:00:00-04:00
129.1181967965596,132.2270194422136,129.056204415204,130.9516143798828,4865900,2020-04-06 00:00:00-04:00
134.91955706925043,135.96468335591547,128.657610996947,129.1004638671875,4729000,2020-04-07 00:00:00-04:00
130.65928309443927,133.55553043635194,128.79044389234585,132.51925659179688,3625600,2020-04-08 00:00:00-04:00
133.9718526288847,135.68127182743655,130.24303882965438,131.73101806640625,4535900,2020-04-09 00:00:00-04:00
130.9427493756315,132.04102949290566,128.16163355242315,130.1101837158203,2525000,2020-04-13 00:00:00-04:00
132.04986862338814,134.03385439274595,130.91616633084007,131.94358825683594,2235900,2020-04-14 00:00:00-04:00
128.6576324320376,130.57076039376585,127.21394102458835,129.8976287841797,3457000,2020-04-15 00:00:00-04:00
129.82674276250646,130.2164554317774,125.12364767110608,127.53276824951172,5015300,2020-04-16 00:00:00-04:00
131.6069876466804,133.608690888059,130.73899997061406,132.75840759277344,5081400,2020-04-17 00:00:00-04:00
130.47330856708712,132.12957395292221,128.03761781624877,129.8533172607422,4289200,2020-04-20 00:00:00-04:00
126.22192087283977,129.14475253472105,125.07936640813561,127.90476989746094,4049200,2020-04-21 00:00:00-04:00
129.78246422659666,131.40330739285633,128.31218941810351,130.28732299804688,3970600,2020-04-22 00:00:00-04:00
138.98491531956927,140.1717575303992,134.6272455715293,134.88409423828125,6233300,2020-04-23 00:00:00-04:00
138.59519572973497,140.00347777517973,135.9026569004122,138.24977111816406,4800200,2020-04-24 00:00:00-04:00
141.6154936945023,142.8023361716028,139.95922824489494,140.7917938232422,4633800,2020-04-27 00:00:00-04:00
143.05919663240857,143.8917622004062,140.8272143565762,142.91748046875,3173000,2020-04-28 00:00:00-04:00
146.28316152927007,147.2308596321504,144.17517756830347,144.41432189941406,2778600,2020-04-29 00:00:00-04:00
142.19119581949428,143.35148170981776,140.14521768985068,141.52691650390625,3757000,2020-04-30 00:00:00-04:00
139.67579970585228,139.67579970585228,137.0541181483934,138.73695373535156,3089000,2020-05-01 00:00:00-04:00
137.40837300187948,137.461513178126,134.97268248207934,137.1249542236328,2416100,2020-05-04 00:00:00-04:00
138.6749085119782,140.98658675758267,138.06376959035248,138.50662231445312,2269500,2020-05-05 00:00:00-04:00
138.68380619654445,139.1709470558209,136.3012555969172,136.66439819335938,2095200,2020-05-06 00:00:00-04:00
138.6660505661159,139.90604637184856,137.7626271742639,138.3649139404297,2411500,2020-05-07 00:00:00-04:00
140.55264393745472,141.14606515258947,139.83522446116936,140.17178344726562,2309300,2020-05-08 00:00:00-04:00
138.77240698141037,139.8972573643867,137.99299490614243,138.92298889160156,2857400,2020-05-11 00:00:00-04:00
138.45351204587286,139.21520592159587,136.3898162841797,136.3898162841797,2683500,2020-05-12 00:00:00-04:00
135.45986858752877,136.35442672134687,133.3341662232519,135.28273010253906,3499700,2020-05-13 00:00:00-04:00
133.5732934697589,135.22955903980545,130.24304442900055,135.01699829101562,3930400,2020-05-14 00:00:00-04:00
133.73275136049332,135.40673512929834,132.64332326975295,133.9541778564453,5127700,2020-05-15 00:00:00-04:00
139.46324084441375,142.47463515050313,138.0195360695096,140.93350219726562,5423000,2020-05-18 00:00:00-04:00
140.93349685081247,144.29032926484643,140.60579004284935,141.0574951171875,3136400,2020-05-19 00:00:00-04:00
146.14143518088784,149.41854344865158,145.38857995737095,147.0537109375,4294300,2020-05-20 00:00:00-04:00
146.36286810115516,147.00942948320784,144.37888245188537,144.89259338378906,2277100,2020-05-21 00:00:00-04:00
144.97231829782254,146.52230344184514,143.62605521766883,146.28317260742188,1773900,2020-05-22 00:00:00-04:00
150.8534537287842,151.46457952170562,149.0466059046652,150.4814453125,4150500,2020-05-26 00:00:00-04:00
152.21740607592318,154.18367412026566,151.5442745034126,153.97109985351562,3174400,2020-05-27 00:00:00-04:00
154.1225185618411,154.65692942299614,150.8181192952851,151.86911010742188,4065700,2020-05-28 00:00:00-04:00
151.58408571785307,152.69743024120456,149.9541477047907,151.2901611328125,3677000,2020-05-29 00:00:00-04:00
150.84483414630552,151.8334846976007,149.43756493694454,150.9695281982422,2929800,2020-06-01 00:00:00-04:00
152.08285991424944,154.53221783380542,150.96951540536034,152.25209045410156,3000000,2020-06-02 00:00:00-04:00
154.65694019991173,159.29736694271287,154.10472557136904,158.58482360839844,3897900,2020-06-03 00:00:00-04:00
157.09736857146015,158.26415144702958,156.09980264580125,157.1418914794922,2933300,2020-06-04 00:00:00-04:00
163.09161773748914,167.29560786496162,162.48595123236257,164.6235809326172,5608600,2020-06-05 00:00:00-04:00
163.848697075502,165.65676754143757,160.19692150719854,161.80014038085938,3436600,2020-06-08 00:00:00-04:00
158.59368152800627,160.6956763069337,157.64956764766794,158.68275451660156,3569700,2020-06-09 00:00:00-04:00
158.4066367690016,159.21714111267232,155.82366976804013,156.25119018554688,3321200,2020-06-10 00:00:00-04:00
151.41483901177915,151.53953304145776,145.36715818642114,145.4384002685547,6234700,2020-06-11 00:00:00-04:00
149.82055042337544,150.13227873267437,144.69916566295623,148.01246643066406,3373000,2020-06-12 00:00:00-04:00
144.0400489980147,150.64885985475888,143.76394175591685,149.57113647460938,2948600,2020-06-15 00:00:00-04:00
154.34518438683423,155.40509063275553,149.95415975731171,152.27882385253906,3554000,2020-06-16 00:00:00-04:00
153.37434982185977,154.57676742959345,152.01161711476553,152.4569549560547,3463800,2020-06-17 00:00:00-04:00
151.44157549882843,153.0982327056902,151.1654682294567,152.17193603515625,2714800,2020-06-18 00:00:00-04:00
154.5589236767861,154.5589236767861,148.56468116358954,149.49989318847656,7119600,2020-06-19 00:00:00-04:00
148.79629093940295,150.39060816750415,147.76310379154933,149.81166076660156,2647600,2020-06-22 00:00:00-04:00
151.74439556641525,152.53709629604657,150.73794139368482,150.84481811523438,2881400,2020-06-23 00:00:00-04:00
149.3752021675305,150.4796311492879,146.9881846312422,147.4513397216797,3206300,2020-06-24 00:00:00-04:00
147.09509301819824,148.95661564359662,144.98419586349485,148.7606658935547,3441100,2020-06-25 00:00:00-04:00
148.77843341864659,149.7581819304396,144.4052269285194,144.85946655273438,8491200,2020-06-26 00:00:00-04:00
145.928298965353,147.79872331442888,144.46759140563083,147.4157257080078,2658700,2020-06-29 00:00:00-04:00
146.58737933945267,151.60188688750208,146.39142963696418,150.58651733398438,4068600,2020-06-30 00:00:00-04:00
150.9606507797412,152.06508010698744,148.0570388863136,148.635986328125,2914100,2020-07-01 00:00:00-04:00
150.68451840590777,152.02944750019773,149.53555265651036,150.595458984375,2271400,2020-07-02 00:00:00-04:00
152.37678332047105,153.51684700153177,151.51282690098472,153.33871459960938,2498100,2020-07-06 00:00:00-04:00
151.77111711201027,153.3743359133928,150.74684560618232,151.21890258789062,2380800,2020-07-07 00:00:00-04:00
151.04968880659317,153.44560861576537,150.3371455279697,150.559814453125,3362600,2020-07-08 00:00:00-04:00
150.96059545251177,150.96059545251177,146.7120695103094,147.84323120117188,2977500,2020-07-09 00:00:00-04:00
147.85213051267203,148.97437673116573,146.6675304867251,148.19949340820312,2300300,2020-07-10 00:00:00-04:00
149.8383608586695,152.2699151694719,148.48454365534124,150.67559814453125,2975900,2020-07-13 00:00:00-04:00
149.86504927034918,153.72167567553637,149.64238040347206,153.09820556640625,3015300,2020-07-14 00:00:00-04:00
155.66338173852003,156.29575381725854,154.46096421661352,155.32492065429688,2493000,2020-07-15 00:00:00-04:00
155.17348311592139,158.87869637215795,154.95081424606047,157.5337677001953,3319700,2020-07-16 00:00:00-04:00
158.3977297662661,162.5660982288677,157.55159074813128,161.4349365234375,6132900,2020-07-17 00:00:00-04:00
160.56208287926196,161.24789325757897,157.01718445633108,157.99693298339844,2885700,2020-07-20 00:00:00-04:00
158.3888503823386,160.6778797055338,158.3888503823386,159.12811279296875,2230700,2020-07-21 00:00:00-04:00
157.9523929958391,160.7580290300603,157.8009797887549,159.76937866210938,2951300,2020-07-22 00:00:00-04:00
159.2260913969297,159.89409814131446,153.9443776708655,155.8682403564453,4010600,2020-07-23 00:00:00-04:00
156.43824798785062,157.7119210501957,155.61882813928554,156.8657684326172,2720300,2020-07-24 00:00:00-04:00
156.3758830693576,159.644660084739,155.92162992732563,157.48922729492188,2738200,2020-07-27 00:00:00-04:00
157.07952685539018,157.89894665911905,155.057689727675,155.34271240234375,1965800,2020-07-28 00:00:00-04:00
155.36945991134945,158.87872408701529,155.23585041174846,158.52244567871094,2736700,2020-07-29 00:00:00-04:00
156.64308851388571,157.132962734113,153.52572440960355,153.90872192382812,2775500,2020-07-30 00:00:00-04:00
153.56139854350727,154.7014623362558,149.25053147776242,154.3986358642578,5089500,2020-07-31 00:00:00-04:00
154.85286792429616,155.36946142840785,152.89338422670022,153.24964904785156,1982800,2020-08-03 00:00:00-04:00
153.08933015438467,154.7103527181953,152.70633257005645,154.69253540039062,1719600,2020-08-04 00:00:00-04:00
155.3961648684724,158.5313466214038,155.22693433884785,158.0681915283203,3040300,2020-08-05 00:00:00-04:00
158.2997687069017,160.8292977098085,157.82771173174567,159.9742431640625,1971400,2020-08-06 00:00:00-04:00
160.03656384309926,162.95799192307243,159.56450692559505,162.93125915527344,2192500,2020-08-07 00:00:00-04:00
163.66159988051027,166.7967810006038,163.3943945503349,166.42269897460938,3368600,2020-08-10 00:00:00-04:00
168.93443364324304,172.69308563394043,168.0348562106375,169.54010009765625,4215200,2020-08-11 00:00:00-04:00
170.88501080510707,172.34571815697248,169.9141777216847,170.85829162597656,2869900,2020-08-12 00:00:00-04:00
169.22831562176026,170.7246436784937,168.41779779571604,168.9789276123047,2248800,2020-08-13 00:00:00-04:00
168.86315535611382,172.4614917859818,168.4712559834917,170.9384307861328,2502700,2020-08-14 00:00:00-04:00
171.9003942713151,173.7619030511545,171.33036241942924,172.67527770996094,3563000,2020-08-17 00:00:00-04:00
172.79108493032527,173.13844790795164,169.76279300182,169.8518524169922,1688500,2020-08-18 00:00:00-04:00
170.68015984881038,171.17002052838507,169.8785437001211,170.07449340820312,1702000,2020-08-19 00:00:00-04:00
168.6226920880786,169.89635152885566,167.51824957607695,169.15708923339844,2082300,2020-08-20 00:00:00-04:00
169.63807382393816,170.8226603637769,168.12391449330653,170.62672424316406,2059300,2020-08-21 00:00:00-04:00
171.0542746798953,171.95385226412964,170.20813546433962,171.50851440429688,2045100,2020-08-24 00:00:00-04:00
172.5238586387427,173.76189716215953,171.70443872884238,173.59266662597656,2062000,2020-08-25 00:00:00-04:00
172.56837351852647,173.98454426397268,171.2857986582623,173.07606506347656,1513300,2020-08-26 00:00:00-04:00
173.75296936957068,174.3942567843372,173.040426287538,173.1829376220703,1536000,2020-08-27 00:00:00-04:00
173.22773685000172,175.12543191085135,172.62799385735156,174.66891479492188,1849500,2020-08-28 00:00:00-04:00
174.55253030745618,175.61775049832548,171.9029064016481,172.26097106933594,2061600,2020-08-31 00:00:00-04:00
172.08196079774928,175.34922093434548,171.05254015313818,175.26866149902344,1888100,2020-09-01 00:00:00-04:00
175.5281937313037,176.84405208140646,174.0333099146686,175.69827270507812,3394400,2020-09-02 00:00:00-04:00
177.01413485950582,177.20212048160386,169.4501960511187,170.56912231445312,4180800,2020-09-03 00:00:00-04:00
171.8581655297635,173.7648070158232,168.88629016145987,171.0972900390625,3624500,2020-09-04 00:00:00-04:00
170.65864134252368,171.38371709028183,168.7340934851135,168.8773193359375,2692700,2020-09-08 00:00:00-04:00
170.2469220557157,174.5077896270308,170.19321576437375,172.63694763183594,2750700,2020-09-09 00:00:00-04:00
173.4694048995744,174.23028037326387,171.90290781978953,172.8338623046875,2084700,2020-09-10 00:00:00-04:00
173.66635218678417,176.63822774760823,173.54103295583204,175.39398193359375,1912900,2020-09-11 00:00:00-04:00
176.54870545953963,178.89398482976392,175.3581659543018,177.98988342285156,1663600,2020-09-14 00:00:00-04:00
178.59857502811843,181.57939684614144,178.59857502811843,181.14971923828125,2328200,2020-09-15 00:00:00-04:00
182.37606572231863,184.20214768753843,180.0218400895235,180.29933166503906,2994700,2020-09-16 00:00:00-04:00
177.8108183342012,182.00008556745448,176.18166871926886,180.50518798828125,2611300,2020-09-17 00:00:00-04:00
180.11134963709569,183.08321103432397,178.75073131876118,178.8491973876953,4164700,2020-09-18 00:00:00-04:00
175.447661409673,176.2622431157512,170.73026383200843,173.65737915039062,2980600,2020-09-21 00:00:00-04:00
173.96172675702476,177.22900012995586,173.8543141904831,176.62925720214844,1864500,2020-09-22 00:00:00-04:00
177.32748036016292,179.76226556048147,173.32619803178207,173.94384765625,2199000,2020-09-23 00:00:00-04:00
173.9259284494384,177.49753290192524,172.70853593717894,175.1522674560547,1704900,2020-09-24 00:00:00-04:00
174.57938673374903,178.60752212429935,174.24818886133264,177.37222290039062,1712100,2020-09-25 00:00:00-04:00
180.45150549139558,180.99754215238204,178.2494658583338,178.53590393066406,2070900,2020-09-28 00:00:00-04:00
178.66126756222081,179.36843691244104,176.02954967828222,176.5576934814453,2294800,2020-09-29 00:00:00-04:00
177.35429634964456,180.99751323312395,175.73409327344297,176.22640991210938,3606200,2020-09-30 00:00:00-04:00
177.23793647871952,177.23793647871952,171.95660949159864,173.86325073242188,3147100,2020-10-01 00:00:00-04:00
170.99884326407985,177.76610937861483,170.85561737645196,175.76100158691406,3231400,2020-10-02 00:00:00-04:00
177.41695889874464,181.04228299580376,176.74560309035476,180.20980834960938,3376200,2020-10-05 00:00:00-04:00
180.81850374341911,182.60878595870048,178.39266533185435,178.50009155273438,3403800,2020-10-06 00:00:00-04:00
179.9949790111222,184.02311407266149,179.92336608208694,183.1637725830078,2214500,2020-10-07 00:00:00-04:00
183.405472472369,183.95150912854177,180.42465075838695,182.411865234375,1720300,2020-10-08 00:00:00-04:00
183.18168805244625,184.82874452327505,183.10112862544023,184.2021484375,1724600,2020-10-09 00:00:00-04:00
186.79806943588454,186.92340232326634,183.91572717784783,184.71240234375,2035500,2020-10-12 00:00:00-04:00
183.96942853653837,185.16891450091182,181.48988351680964,181.7136688232422,1882400,2020-10-13 00:00:00-04:00
182.25971079325998,183.83515447899285,182.10753841953337,183.33387756347656,2053100,2020-10-14 00:00:00-04:00
180.96176006523746,187.46942717909388,180.02185901222032,186.91444396972656,2588200,2020-10-15 00:00:00-04:00
187.41573553610576,188.8300604738781,186.02827740425343,187.8454132080078,3329500,2020-10-16 00:00:00-04:00
186.5384580028816,188.56147202291572,183.65610249524397,184.0947265625,2110300,2020-10-19 00:00:00-04:00
184.8914113944191,188.06020512634586,184.40802751370992,185.0972900390625,1569500,2020-10-20 00:00:00-04:00
179.07298112765488,181.06019547723673,177.81977538300933,178.562744140625,4141200,2020-10-21 00:00:00-04:00
173.64843049941305,173.8990689198979,166.34407569416157,167.51670837402344,7578800,2020-10-22 00:00:00-04:00
165.6189990428434,169.85301233752662,165.60109239758853,168.41183471679688,3897100,2020-10-23 00:00:00-04:00
166.97070604767637,167.32875710513537,162.91571704041613,165.3325958251953,4007100,2020-10-26 00:00:00-04:00
165.13562619177466,165.3236118325059,159.39778212532286,160.74049377441406,4542000,2020-10-27 00:00:00-04:00
157.35685268091837,159.53205272174918,154.92208138192635,155.19061279296875,4092200,2020-10-28 00:00:00-04:00
154.70721728439082,159.03074985885334,153.5166781413851,157.5806121826172,5987900,2020-10-29 00:00:00-04:00
156.90925508464855,158.78905659070475,154.97576096440386,158.6100311279297,3747900,2020-10-30 00:00:00-04:00
160.87480868800992,162.63823828595747,158.350503459315,160.4451446533203,3726500,2020-11-02 00:00:00-05:00
162.46811692653856,167.3555935612948,161.8594275074861,165.94126892089844,3983600,2020-11-03 00:00:00-05:00
169.73667357012783,171.62542208850365,166.85431775234542,167.15867614746094,4391900,2020-11-04 00:00:00-05:00
169.73667215749518,173.56787545009638,169.45023407236988,171.92977905273438,3998900,2020-11-05 00:00:00-05:00
171.19574056463057,171.6970174104232,169.21747266380285,170.1394805908203,1999600,2020-11-06 00:00:00-05:00
179.02825866082702,185.99245683003141,175.74309175345348,177.23797607421875,4487000,2020-11-09 00:00:00-05:00
178.00773402777853,182.16118758659644,177.19315246611762,180.15606689453125,4279800,2020-11-10 00:00:00-05:00
180.44258416468745,180.77378207354343,177.0052448646678,179.02825927734375,3134800,2020-11-11 00:00:00-05:00
178.60751637796068,180.18295991842058,177.01416618966306,179.46685791015625,2923200,2020-11-12 00:00:00-05:00
180.95278888470946,183.07428282568017,180.00394139408453,182.10752868652344,2292000,2020-11-13 00:00:00-05:00
184.8466517954193,187.92593960879466,183.07427610144916,185.03463745117188,3066200,2020-11-16 00:00:00-05:00
183.60242210164876,184.9361874796197,180.45152108117767,184.26483154296875,2481000,2020-11-17 00:00:00-05:00
183.62927321515792,186.08196512708275,182.56405295538482,182.6356658935547,2244200,2020-11-18 00:00:00-05:00
181.37350563475903,183.3249205539822,179.59218338776765,183.10113525390625,1965000,2020-11-19 00:00:00-05:00
183.3696561303397,184.3901164175754,181.36453518929366,182.062744140625,1911100,2020-11-20 00:00:00-05:00
183.65614151603873,185.78658221140176,183.1817177129361,185.6433563232422,2133300,2020-11-23 00:00:00-05:00
187.49629510593752,189.00012587275492,186.62800698743993,186.81597900390625,2726100,2020-11-24 00:00:00-05:00
186.72642555833946,186.72642555833946,184.46171983014003,185.509033203125,2046900,2020-11-25 00:00:00-05:00
186.67822832372198,186.9300454177509,184.3668904755965,184.94247436523438,1429300,2020-11-27 00:00:00-05:00
185.69792590447415,185.9407544322677,182.46926023348763,183.53948974609375,2537000,2020-11-30 00:00:00-05:00
184.9964398239241,187.32575488846118,181.785764898779,182.02857971191406,4481200,2020-12-01 00:00:00-05:00
181.57889769049805,183.9441943818222,181.1562017709914,183.0718231201172,2676300,2020-12-02 00:00:00-05:00
183.93519008137505,184.6007007481791,181.49794389702183,181.90264892578125,4152100,2020-12-03 00:00:00-05:00
181.75877070253904,185.64395834996068,181.75877070253904,185.3112030029297,2979900,2020-12-04 00:00:00-05:00
184.90649934351686,185.2032729821192,183.30565628250156,184.35789489746094,2071800,2020-12-07 00:00:00-05:00
183.15272676787612,185.89574858138883,182.757024068861,184.55572509765625,2043600,2020-12-08 00:00:00-05:00
183.3146837424827,186.15663569627213,183.3146837424827,185.15835571289062,1937700,2020-12-09 00:00:00-05:00
184.33986523720753,185.032368935174,181.12018893747924,182.13645935058594,2206000,2020-12-10 00:00:00-05:00
180.48167252000542,183.24268545973996,179.87012069667728,182.62213134765625,1919600,2020-12-11 00:00:00-05:00
184.60970937478416,184.7805881917493,177.99048812767123,178.07142639160156,2163000,2020-12-14 00:00:00-05:00
178.79988579734425,181.14719134934157,177.58577075369092,180.13992309570312,1959500,2020-12-15 00:00:00-05:00
180.625590829302,180.76949023445204,178.62004261590778,178.8358917236328,2094900,2020-12-16 00:00:00-05:00
179.89708954080217,182.39728297365966,178.97974813673923,181.8486785888672,2705900,2020-12-17 00:00:00-05:00
181.74974474835625,183.90819424743657,180.52662748244404,183.10777282714844,5918600,2020-12-18 00:00:00-05:00
179.5193631054698,183.28764409034852,179.5193631054698,182.1094970703125,2035100,2020-12-21 00:00:00-05:00
181.5159027667498,183.0268049340164,181.165156640563,181.2371063232422,1444200,2020-12-22 00:00:00-05:00
182.41530399446881,183.0268558829807,180.81446084747876,180.92237854003906,1787600,2020-12-23 00:00:00-05:00
181.00332385695285,183.33265268842686,180.3018313819925,182.9189453125,691700,2020-12-24 00:00:00-05:00
183.44057437126725,185.75189867283405,183.06284870138876,184.95147705078125,1790200,2020-12-28 00:00:00-05:00
185.53605965461446,186.0127144470423,182.90995715121855,183.84527587890625,1735200,2020-12-29 00:00:00-05:00
184.24996545701077,185.71591142523894,184.01613922552124,185.2482452392578,1279700,2020-12-30 00:00:00-05:00
185.5809753566456,187.64947046351466,184.96042133538523,187.26275634765625,1739900,2020-12-31 00:00:00-05:00
187.10086492525565,187.99122682695494,181.11120125063917,182.57713317871094,2642400,2021-01-04 00:00:00-05:00
182.47825672109713,185.6619659743596,182.44228873019722,184.8165740966797,2127300,2021-01-05 00:00:00-05:00
184.86153643615899,190.3115994030709,184.4838107944228,188.68377685546875,2512400,2021-01-06 00:00:00-05:00
189.41222991953518,191.87645549737067,188.0721925887595,191.3098602294922,2023000,2021-01-07 00:00:00-05:00
196.05842438259856,199.0082931562031,195.1500852466108,196.7958984375,3922900,2021-01-08 00:00:00-05:00
198.019011858999,198.74749738460014,195.11411321447096,195.47386169433594,2969500,2021-01-11 00:00:00-05:00
195.2130120286186,198.2528210273594,192.33509325143757,196.6339874267578,3226000,2021-01-12 00:00:00-05:00
195.68072085904862,196.95779716651873,193.68416126938345,194.808349609375,1466000,2021-01-13 00:00:00-05:00
196.01345699516745,196.16634494765378,193.99892047017028,194.40362548828125,1720000,2021-01-14 00:00:00-05:00
192.91967861456405,195.62673251173138,191.78650187902895,194.79933166503906,2325200,2021-01-15 00:00:00-05:00
196.2473177609792,196.7959222242522,193.47731602207648,193.61221313476562,2841900,2021-01-19 00:00:00-05:00
195.24001754062317,196.4721371884589,193.99892305011124,196.22030639648438,3239600,2021-01-20 00:00:00-05:00
188.86361724761383,195.06913061083526,186.96598702063446,186.9749755859375,6344000,2021-01-21 00:00:00-05:00
186.71420097675258,187.96429791155043,182.7840427754174,186.2825164794922,4290300,2021-01-22 00:00:00-05:00
184.5107882741603,186.30048733951583,180.87740385247952,185.67994689941406,4815200,2021-01-25 00:00:00-05:00
186.44438086986338,186.44438086986338,179.3305139419382,179.91510009765625,3867700,2021-01-26 00:00:00-05:00
176.29070238686023,178.79089587096837,173.7005683566472,174.7707977294922,3791000,2021-01-27 00:00:00-05:00
177.51380811294604,184.34886375737122,175.7690659272981,181.03025817871094,3406500,2021-01-28 00:00:00-05:00
179.23156797160388,180.58959610679895,176.96521442949128,177.59475708007812,3508000,2021-01-29 00:00:00-05:00
178.80891171748235,180.5086839816421,178.31426609076865,178.61105346679688,2228700,2021-02-01 00:00:00-05:00
180.355778007141,186.28250937438213,179.90610267043695,185.20327758789062,3714100,2021-02-02 00:00:00-05:00
184.49276734060265,185.19425965679127,183.3415997590111,183.79127502441406,1731600,2021-02-03 00:00:00-05:00
184.16901023784695,185.85079142709876,182.90992491803289,183.87222290039062,2552100,2021-02-04 00:00:00-05:00
185.76087941808865,186.77713632048778,183.34162397500248,183.64739990234375,2097000,2021-02-05 00:00:00-05:00
184.63668029345794,184.63668029345794,181.7767382592735,183.575439453125,1995400,2021-02-08 00:00:00-05:00
183.86323756606873,184.90648754824898,182.14547463863417,184.05209350585938,1526600,2021-02-09 00:00:00-05:00
185.2032836630199,185.43712362849797,182.29838473506442,183.0178680419922,1766800,2021-02-10 00:00:00-05:00
184.46581748394524,186.948020406473,183.78231591127874,186.3724365234375,2658000,2021-02-11 00:00:00-05:00
185.45505330986978,192.1911790699249,185.45505330986978,191.70553588867188,3318300,2021-02-12 00:00:00-05:00
191.89445013172315,193.73812176966533,189.27735008333934,192.45205688476562,2936300,2021-02-16 00:00:00-05:00
191.7775369576966,192.35312082301002,188.69275710170314,189.96983337402344,3042700,2021-02-17 00:00:00-05:00
188.16215957318167,188.67478234990028,183.61144710542067,186.2195587158203,3621400,2021-02-18 00:00:00-05:00
187.10090798276923,190.26662619433856,186.97499943746263,188.01824951171875,3120800,2021-02-19 00:00:00-05:00
186.29149181641057,189.19639055357817,185.8777844821227,186.0126953125,2775900,2021-02-22 00:00:00-05:00
186.48033905548994,187.13686110407178,184.07906104907383,186.1295928955078,2677500,2021-02-23 00:00:00-05:00
185.58100104084593,191.51670674278972,184.7895681247197,189.8978729248047,2355200,2021-02-24 00:00:00-05:00
189.53651744935152,190.5394045276093,187.8379304517849,188.53363037109375,4150200,2021-02-25 00:00:00-05:00
189.9249780580786,189.9249780580786,185.98571259113353,186.08509826660156,3707900,2021-02-26 00:00:00-05:00
188.45230750271196,191.18088535685493,187.7204736372957,188.99440002441406,4118200,2021-03-01 00:00:00-05:00
189.3286890324129,190.31350208274722,187.32291516152318,189.10281372070312,2315500,2021-03-02 00:00:00-05:00
189.12991512844903,189.58166574583328,186.11222431304262,186.3290557861328,2307400,2021-03-03 00:00:00-05:00
186.1031758155566,186.75369779120112,179.4263024093265,181.676025390625,3208800,2021-03-04 00:00:00-05:00
183.41075194882256,189.87078030834815,181.27848846830898,189.47325134277344,3187200,2021-03-05 00:00:00-05:00
190.25022398916087,194.86710115067999,189.88881529494304,190.53933715820312,3068500,2021-03-08 00:00:00-05:00
191.58744066527473,194.22566263124645,190.84656303116543,191.27120971679688,2814500,2021-03-09 00:00:00-05:00
191.9940175908525,194.4153943482045,190.98210059211854,192.55418395996094,2764600,2021-03-10 00:00:00-05:00
194.09016020897195,195.64416979617602,192.59937475894657,193.81910705566406,2573500,2021-03-11 00:00:00-05:00
195.02978891121163,196.51153047460116,193.27699420369342,193.4305877685547,2321100,2021-03-12 00:00:00-05:00
193.5751164427068,194.15335661248255,189.6991026742046,192.1475830078125,2881100,2021-03-15 00:00:00-04:00
192.55417982300906,192.59935764226802,188.75044732363145,191.27120971679688,2786100,2021-03-16 00:00:00-04:00
191.02726848845953,193.55707482278058,189.5726446665355,191.81332397460938,2795200,2021-03-17 00:00:00-04:00
191.03631013435438,196.70126693962828,191.03631013435438,194.57803344726562,2866600,2021-03-18 00:00:00-04:00
194.64125472341198,194.7316103569359,189.02149000564123,190.4580535888672,7005200,2021-03-19 00:00:00-04:00
189.80747919911423,190.6386984098592,185.01892145809342,186.36514282226562,5863500,2021-03-22 00:00:00-04:00
187.25966075319695,190.21411364787917,186.57300477859354,187.9734344482422,3661700,2021-03-23 00:00:00-04:00
187.92827207862268,194.9755850388382,187.92827207862268,192.3554229736328,3245100,2021-03-24 00:00:00-04:00
192.02108712719954,195.63509151679358,191.37960906839288,195.237548828125,2689300,2021-03-25 00:00:00-04:00
196.20431604271081,201.67050084105622,195.83387725682672,201.40847778320312,3653800,2021-03-26 00:00:00-04:00
201.30009915630106,202.3391201716539,198.98713795645273,201.4627227783203,2279800,2021-03-29 00:00:00-04:00
199.9086902997322,201.86025639326553,199.25816826855444,199.79124450683594,2601500,2021-03-30 00:00:00-04:00
199.78216411280334,201.09225177157504,198.02936972655684,199.14068603515625,3246500,2021-03-31 00:00:00-04:00
199.56536617296868,200.38754185617785,197.8848532488419,198.96002197265625,2551300,2021-04-01 00:00:00-04:00
200.79409299523755,202.94441627674306,200.64049945986807,201.9053955078125,1958400,2021-04-05 00:00:00-04:00
202.35715832847106,202.46557405734106,199.49306127137405,199.7641143798828,1590800,2021-04-06 00:00:00-04:00
199.58341428802981,200.52306327861106,198.7431647695882,199.98095703125,1634200,2021-04-07 00:00:00-04:00
199.74606653602532,200.19781718032073,198.84256524743446,198.9329071044922,1983900,2021-04-08 00:00:00-04:00
199.39370080181237,201.8060475785152,199.1949294161962,201.6976318359375,2383700,2021-04-09 00:00:00-04:00
201.0832205186493,203.54074483242292,201.03804270235923,201.97769165039062,2286500,2021-04-12 00:00:00-04:00
201.46267934684892,201.83311812114823,198.9509472929006,200.56822204589844,1799100,2021-04-13 00:00:00-04:00
201.01095524037748,201.84217474015477,200.17070569113585,201.119384765625,1515300,2021-04-14 00:00:00-04:00
201.83314577383223,202.8360327231596,200.91157062912555,201.57113647460938,2008800,2021-04-15 00:00:00-04:00
203.20646521008555,203.99250686957217,200.70376293958424,201.21876525878906,2539800,2021-04-16 00:00:00-04:00
201.68855027687934,201.94152948646823,200.0803193932073,201.9053955078125,1911000,2021-04-19 00:00:00-04:00
201.27295300305144,203.59494376609328,198.89674059103976,199.37559509277344,2766000,2021-04-20 00:00:00-04:00
198.84255703414377,204.38102411606394,198.49019209760138,201.86927795410156,3470200,2021-04-21 00:00:00-04:00
197.83964626500313,199.77313815839102,195.21045463175602,196.94517517089844,4831400,2021-04-22 00:00:00-04:00
198.3365934367563,202.3300672102774,197.47827002739717,201.96865844726562,2975600,2021-04-23 00:00:00-04:00
202.3662068237643,205.05865048435777,202.1764792809472,202.91734313964844,2767600,2021-04-26 00:00:00-04:00
203.9202227264458,204.91407958361177,202.33909559044002,203.94732666015625,2239600,2021-04-27 00:00:00-04:00
203.90215110577725,206.28740758945904,203.7576013864946,204.36294555664062,2172900,2021-04-28 00:00:00-04:00
205.62782122689399,205.65492515819824,201.8511930776093,202.81793212890625,2239700,2021-04-29 00:00:00-04:00
202.0680289398664,202.70049078099714,199.00516055861053,200.6585693359375,3674700,2021-04-30 00:00:00-04:00
202.3932884126047,203.8840735875336,201.6704985189424,202.14935302734375,2771400,2021-05-03 00:00:00-04:00
201.63437429415842,204.1099727066227,201.14648968034035,203.89312744140625,2781500,2021-05-04 00:00:00-04:00
204.55266493739023,205.0405633028082,201.75181950600626,201.98672485351562,2649800,2021-05-05 00:00:00-04:00
202.81797730961702,205.41103553481267,202.48368622484043,205.2845458984375,1852100,2021-05-06 00:00:00-04:00
205.75432213626735,207.7781697649254,204.20029898657768,207.33544921875,2073700,2021-05-07 00:00:00-04:00
207.92273219734443,208.9436791620883,206.21511550847706,206.39581298828125,1827200,2021-05-10 00:00:00-04:00
204.9231291446783,205.82663045128072,202.25780304746837,204.742431640625,2085200,2021-05-11 00:00:00-04:00
203.76664420764115,204.49847804448936,200.48693012334365,200.57728576660156,2413100,2021-05-12 00:00:00-04:00
200.57728152039832,204.8056608377117,200.57728152039832,203.45040893554688,1915000,2021-05-13 00:00:00-04:00
204.8779235782951,207.2360622206507,204.03767409437947,205.8717803955078,1631800,2021-05-14 00:00:00-04:00
204.83276120416846,205.37485364730298,202.46557870757854,203.0709228515625,3062200,2021-05-17 00:00:00-04:00
203.28778402379285,203.49558545395445,200.55920635138853,200.97482299804688,2937200,2021-05-18 00:00:00-04:00
199.00516227509897,200.8844463586582,196.9813284822919,200.8483123779297,2832300,2021-05-19 00:00:00-04:00
200.5953409350441,201.4175165520978,198.9690360125004,200.53208923339844,2456000,2021-05-20 00:00:00-04:00
201.48983922396556,202.72764549807954,199.88160785903278,200.1436309814453,2463200,2021-05-21 00:00:00-04:00
201.047089677144,202.7366324993735,200.49595339699948,201.98672485351562,2021400,2021-05-24 00:00:00-04:00
202.79086991359145,203.6401633660553,200.3785230269351,200.52308654785156,2372400,2021-05-25 00:00:00-04:00
202.70952942740723,203.1251460446643,200.42367249832893,202.24874877929688,5997100,2021-05-26 00:00:00-04:00
203.12028945873158,204.66361592573867,202.55741878766767,203.26553344726562,3558900,2021-05-27 00:00:00-04:00
204.5183275475011,204.99948195326886,203.67404244579288,204.01901245117188,1663800,2021-05-28 00:00:00-04:00
205.48972280351526,206.42479750171907,204.2096642487729,204.29136657714844,2133100,2021-06-01 00:00:00-04:00
203.57420800801552,205.48975248101922,203.07489284158328,203.7648468017578,2244600,2021-06-02 00:00:00-04:00
202.8751648846319,205.90734953609396,202.33954218951823,204.21876525878906,2260400,2021-06-03 00:00:00-04:00
205.63501753222616,206.17065413974805,203.83749660149326,205.32635498046875,1842500,2021-06-04 00:00:00-04:00
205.81656598311488,205.81656598311488,202.28506630359553,202.403076171875,1926800,2021-06-07 00:00:00-04:00
201.70402741743467,202.87514960436062,199.39811827927997,201.38629150390625,2511500,2021-06-08 00:00:00-04:00
201.1592988238815,202.01267110677458,200.00633751491662,201.086669921875,2117300,2021-06-09 00:00:00-04:00
201.84022594962346,202.6028088185137,199.18024547610528,199.3527374267578,3077100,2021-06-10 00:00:00-04:00
200.47846794547033,201.73129257242104,200.35137079871808,200.93238830566406,2029900,2021-06-11 00:00:00-04:00
200.25152647747618,202.2215393624949,199.9065425386766,202.103515625,1764200,2021-06-14 00:00:00-04:00
202.87518204441338,203.25647351314592,201.7040596702232,202.30323791503906,2030100,2021-06-15 00:00:00-04:00
202.97502980510396,202.97502980510396,200.0699422721121,201.59510803222656,2903500,2021-06-16 00:00:00-04:00
201.46799859290113,201.9763871485864,197.1466820170269,198.8806610107422,2962800,2021-06-17 00:00:00-04:00
196.4113423327091,197.26470096041834,194.740904905318,195.0132598876953,4791300,2021-06-18 00:00:00-04:00
196.12081620898925,198.68093351337407,195.7032172638018,197.46441650390625,2962000,2021-06-21 00:00:00-04:00
196.74724211867738,199.15301448776142,196.12082980492153,198.80804443359375,2311100,2021-06-22 00:00:00-04:00
199.57968145336216,200.995910624571,198.58106506849506,198.91696166992188,2625800,2021-06-23 00:00:00-04:00
199.3164223470465,199.58877731920958,196.98326517032706,198.33595275878906,3485900,2021-06-24 00:00:00-04:00
198.8171272749315,201.08672918446268,198.1725542375023,200.8779296875,4337900,2021-06-25 00:00:00-04:00
200.8597527182133,201.10487358329516,198.01820692490924,198.9351348876953,2133400,2021-06-28 00:00:00-04:00
199.62507121559523,200.06991810149464,197.86385821546284,198.4993438720703,2203300,2021-06-29 00:00:00-04:00
198.399539719821,200.38771346242473,197.70051221641205,199.66143798828125,2828400,2021-06-30 00:00:00-04:00
201.10485385284082,203.05670560436562,200.91420123147108,202.94776916503906,2363900,2021-07-01 00:00:00-04:00
203.44710718592987,205.10844348301396,202.8297683042526,204.0099639892578,1706600,2021-07-02 00:00:00-04:00
204.47293939385185,204.71806024048087,200.91420581827435,203.18380737304688,2263600,2021-07-06 00:00:00-04:00
202.28507707753795,207.65949250945874,202.00363481652923,207.30543518066406,2610100,2021-07-07 00:00:00-04:00
201.63143128807806,202.6482084709158,197.3736560561198,198.2179412841797,5669000,2021-07-08 00:00:00-04:00
199.72493295328493,202.13070501374835,199.47981211140146,201.25918579101562,4229900,2021-07-09 00:00:00-04:00
200.6327934702702,201.65865788779834,199.4162902643384,200.83251953125,3412700,2021-07-12 00:00:00-04:00
200.51478287561355,200.9959373669634,198.817125098683,198.98052978515625,3465700,2021-07-13 00:00:00-04:00
199.6523314970011,201.0050191703841,199.04407987076246,199.77035522460938,4597300,2021-07-14 00:00:00-04:00
198.67184095332166,200.52384360348788,197.8275558132082,199.67047119140625,2070200,2021-07-15 00:00:00-04:00
199.62508475700457,200.4693837850577,197.73677449745864,198.29055786132812,2958100,2021-07-16 00:00:00-04:00
195.3309990983671,195.9937188993096,193.31559173148247,194.58656311035156,3682600,2021-07-19 00:00:00-04:00
194.26881683722124,197.58242951786463,194.26881683722124,195.62149047851562,3066400,2021-07-20 00:00:00-04:00
196.50214300062933,199.01686595435444,196.293343490444,197.1739501953125,2320000,2021-07-21 00:00:00-04:00
202.61188214551865,203.81023852683802,198.86250944892365,199.30734252929688,4194900,2021-07-22 00:00:00-04:00
200.17886427197587,201.22287548339514,199.2437895062563,199.86111450195312,3946800,2021-07-23 00:00:00-04:00
199.66142871294042,201.54066589551536,198.46308601094267,199.89747619628906,2840900,2021-07-26 00:00:00-04:00
199.0440596049469,200.08807079617685,197.17391010967313,197.93649291992188,3199000,2021-07-27 00:00:00-04:00
198.6355425875228,198.88973686848138,195.67597311949876,196.6019744873047,2366200,2021-07-28 00:00:00-04:00
198.09085212326954,199.3890716203544,197.2193327464265,197.29196166992188,1908000,2021-07-29 00:00:00-04:00
196.75632749704948,199.36183994381517,196.75632749704948,198.5992431640625,2324100,2021-07-30 00:00:00-04:00
200.16982963360843,200.5874286580629,197.3464440976423,197.47354125976562,1990900,2021-08-02 00:00:00-04:00
197.82756701338084,200.38767054201935,197.12852580714483,199.7794189453125,2278400,2021-08-03 00:00:00-04:00
199.216561972918,199.37996664686307,197.1739204333074,197.5642852783203,2396900,2021-08-04 00:00:00-04:00
198.26333060603523,199.35273667930093,197.52798185289464,198.96237182617188,2051800,2021-08-05 00:00:00-04:00
199.6251106073873,201.26830021963116,199.37998971555916,200.17889404296875,2480700,2021-08-06 00:00:00-04:00
199.61603903596267,200.25152482385792,199.2165868685567,199.67958068847656,1990000,2021-08-09 00:00:00-04:00
200.28778697677086,202.38489652790983,199.23470241797403,201.27734375,2061300,2021-08-10 00:00:00-04:00
201.876508428034,205.6985234233853,201.4135147120731,205.52603149414062,3076400,2021-08-11 00:00:00-04:00
204.5274393446205,206.86967017481925,204.3458739625808,206.6790313720703,2015900,2021-08-12 00:00:00-04:00
207.06935898729188,207.50513244882757,205.71668535985097,206.80609130859375,1794100,2021-08-13 00:00:00-04:00
206.48835207866136,207.05122269868693,204.29137937853594,206.52467346191406,1803200,2021-08-16 00:00:00-04:00
205.85288430701848,205.9436739205003,202.56650531671917,205.04490661621094,2265100,2021-08-17 00:00:00-04:00
203.7557546507418,207.2418593699184,203.528794491641,204.10073852539062,2277500,2021-08-18 00:00:00-04:00
202.53928556512685,204.72717133865862,201.90378593079157,203.1475372314453,2110400,2021-08-19 00:00:00-04:00
203.31093627216063,204.05537234766314,202.56651404920888,203.0930633544922,1608900,2021-08-20 00:00:00-04:00
203.69222366746666,205.24463743764116,202.91148007211027,203.15660095214844,1873200,2021-08-23 00:00:00-04:00
203.22016328758858,203.6649964022813,200.7326745739533,200.85977172851562,2390700,2021-08-24 00:00:00-04:00
201.15932340362957,201.56784890635575,200.13345908468858,200.8960418701172,1744000,2021-08-25 00:00:00-04:00
200.9233309385477,201.70406072201084,199.3073615828009,200.61465454101562,3064500,2021-08-26 00:00:00-04:00
200.92328315919056,202.07623071819387,200.77802534225304,201.02313232421875,1944800,2021-08-27 00:00:00-04:00
200.91369603820843,201.26034114316002,199.54532273390126,199.85548400878906,3485300,2021-08-30 00:00:00-04:00
200.3207575411241,200.55795119332464,196.6261462523493,197.81207275390625,5434800,2021-08-31 00:00:00-04:00
197.08224880546138,199.38111996103575,195.9510690633672,197.89414978027344,4309800,2021-09-01 00:00:00-04:00
198.25906605541127,199.87375059512328,197.8303079351498,198.44151306152344,2659400,2021-09-02 00:00:00-04:00
197.95804986842836,198.27734261356198,195.62269445659814,196.05145263671875,4355200,2021-09-03 00:00:00-04:00
195.85982600382766,197.72993893690514,194.0353282973741,194.3090057373047,3840100,2021-09-07 00:00:00-04:00
194.59180720363344,196.98189482518603,193.64307448906558,196.361572265625,3319700,2021-09-08 00:00:00-04:00
195.90545656613543,196.30684832014663,190.70564047965829,191.61788940429688,3887600,2021-09-09 00:00:00-04:00
192.48449976237094,193.332884477918,189.38285936256094,189.52880859375,2981900,2021-09-10 00:00:00-04:00
190.70562756107728,191.16175199249827,187.21171274601494,188.60745239257812,3209600,2021-09-13 00:00:00-04:00
189.29162586479097,189.29162586479097,184.83072979276983,185.56053161621094,4362800,2021-09-14 00:00:00-04:00
185.5787772628521,186.69172197576918,184.8307404425873,186.3268280029297,5225600,2021-09-15 00:00:00-04:00
187.01101184431235,187.84116162788848,185.28686209678412,185.58790588378906,3481900,2021-09-16 00:00:00-04:00
185.06791426865686,186.61874840361503,183.21605027154197,183.790771484375,7702800,2021-09-17 00:00:00-04:00
181.4097994264067,182.3767809405713,178.50884096410067,180.5066680908203,4370600,2021-09-20 00:00:00-04:00
181.64699372098457,182.06663433325087,178.9558622913212,179.3572540283203,3730300,2021-09-21 00:00:00-04:00
180.99017783952291,182.60486230476826,180.34248890972296,180.68914794921875,2907200,2021-09-22 00:00:00-04:00
181.8111889165281,185.4693015992823,181.70170959487976,184.01882934570312,3553500,2021-09-23 00:00:00-04:00
183.50799942378387,186.89243518341075,183.45326671475914,185.9163360595703,2908500,2021-09-24 00:00:00-04:00
185.72471436604607,188.37024401735655,185.6882305418053,186.062255859375,2449600,2021-09-27 00:00:00-04:00
183.86377085218422,184.96758423973577,182.1852361961867,183.47149658203125,3792800,2021-09-28 00:00:00-04:00
183.6357004756243,184.8489931441634,183.2981589279561,183.9823455810547,3448800,2021-09-29 00:00:00-04:00
184.50231279529797,184.5570454940501,178.73689391667457,178.80987548828125,4098900,2021-09-30 00:00:00-04:00
180.43372982335802,185.1135718094935,179.9776053075886,184.03712463378906,3468600,2021-10-01 00:00:00-04:00
186.0531513364934,188.48885411084066,185.7338725888854,187.47625732421875,5531900,2021-10-04 00:00:00-04:00
187.12962518946276,193.3694044540223,187.12962518946276,191.54490661621094,4177300,2021-10-05 00:00:00-04:00
189.6018211978249,194.26341395723557,188.42502615984714,193.7981719970703,3074400,2021-10-06 00:00:00-04:00
195.72304161408053,196.5440602127684,192.75823212352876,193.28733825683594,2655200,2021-10-07 00:00:00-04:00
196.2885683855313,197.7025567789497,195.6499970232877,197.48361206054688,3352100,2021-10-08 00:00:00-04:00
197.83033555433815,198.93416306311627,196.01495487851227,196.05145263671875,2312000,2021-10-11 00:00:00-04:00
195.81419348544557,196.46189623875756,194.3089885784666,194.68301391601562,1975500,2021-10-12 00:00:00-04:00
195.00232471923638,197.57487336294597,194.53708277975895,196.908935546875,2206100,2021-10-13 00:00:00-04:00
198.6695713218194,202.1452375259968,198.42326021260118,201.91717529296875,2559400,2021-10-14 00:00:00-04:00
203.37675353371563,205.89455525805494,202.46450471651573,205.40194702148438,2747400,2021-10-15 00:00:00-04:00
204.34373656844255,206.669973853519,203.34025729415472,206.1043701171875,2287000,2021-10-18 00:00:00-04:00
207.3542121544793,207.52754170140523,205.13743972140887,205.9493408203125,1933300,2021-10-19 00:00:00-04:00
206.30507810312224,208.36676947519675,204.54444445084914,208.00186157226562,3454200,2021-10-20 00:00:00-04:00
209.36110724788526,211.72382838543973,207.02575246174553,210.9849090576172,3361500,2021-10-21 00:00:00-04:00
212.6452223205719,218.6204414280924,212.06138358640908,216.7412109375,3809000,2021-10-22 00:00:00-04:00
217.38891102610924,220.01617833670582,216.36718281438695,219.19515991210938,3158000,2021-10-25 00:00:00-04:00
220.68212070754143,222.50661839152957,218.7299087424666,219.59654235839844,2409700,2021-10-26 00:00:00-04:00
219.45059252520375,221.92279316180617,218.31941280114017,218.3741455078125,2886300,2021-10-27 00:00:00-04:00
219.25903546476093,221.16563238397805,219.0309732327068,221.0379180908203,1998200,2021-10-28 00:00:00-04:00
219.32287316772693,221.57612900575302,218.39237541636146,220.2168731689453,2387000,2021-10-29 00:00:00-04:00
220.910212979281,221.0105609223481,216.79596123334434,218.4471435546875,2547300,2021-11-01 00:00:00-04:00
219.1951928222964,221.16565404095078,217.79033545999476,219.34115600585938,1933200,2021-11-02 00:00:00-04:00
218.7755537392876,219.66955382854889,216.23948880721125,218.4471435546875,2535600,2021-11-03 00:00:00-04:00
218.72079197627264,218.8393887880052,215.29074111206083,216.38543701171875,3007800,2021-11-04 00:00:00-04:00
218.02748664816036,219.19516412415538,217.0696225211827,217.87240600585938,2313900,2021-11-05 00:00:00-04:00
218.93977382325866,218.93977382325866,216.7412502536943,218.4380340576172,1612900,2021-11-08 00:00:00-05:00
218.04572564840058,219.94320494090923,217.4436380621616,219.8519744873047,1778800,2021-11-09 00:00:00-05:00
220.4266716830348,221.22032364755444,219.36845978380106,220.3445587158203,1613800,2021-11-10 00:00:00-05:00
219.85198378214488,219.97058059288221,218.03660346924246,219.45059204101562,1443600,2021-11-11 00:00:00-05:00
219.8610806015995,222.62519338124127,218.8120000384317,221.1656036376953,1803800,2021-11-12 00:00:00-05:00
221.23858796841103,221.70382985599267,219.7333690618604,220.2716064453125,1633800,2021-11-15 00:00:00-05:00
220.7733314582524,222.89887287481253,219.8337162891901,220.2898406982422,1986100,2021-11-16 00:00:00-05:00
220.18039118179252,220.72774608007498,217.73555693456103,218.711669921875,3023200,2021-11-17 00:00:00-05:00
218.5201060093406,220.33548641976725,217.14261511447708,219.15869140625,2754200,2021-11-18 00:00:00-05:00
220.02530021840488,221.67646839367333,217.32503752395368,220.134765625,2589000,2021-11-19 00:00:00-05:00
220.49056133391707,225.4349488133901,219.68779174923026,222.5066375732422,2381400,2021-11-22 00:00:00-05:00
222.0231153561363,226.0187555979116,221.46664303646233,225.66297912597656,3004500,2021-11-23 00:00:00-05:00
224.98796816218427,225.4623276048169,223.70169377237528,224.96060180664062,2145700,2021-11-24 00:00:00-05:00
219.28639110693703,220.47230351983578,216.80507302981482,218.74815368652344,2566700,2021-11-26 00:00:00-05:00
220.3081253208784,221.68561624860448,218.33766421327778,218.4471435546875,3749000,2021-11-29 00:00:00-05:00
216.96924000423036,218.41971218028746,214.65213429705923,214.96229553222656,4488300,2021-11-30 00:00:00-05:00
216.7776978592461,218.6751771304409,212.74555962788696,212.78204345703125,3934700,2021-12-01 00:00:00-05:00
214.67039600117107,220.25335424713856,213.54831994600144,219.0126953125,3783200,2021-12-02 00:00:00-05:00
220.00703933155063,221.70382264019278,217.1608275569813,219.33197021484375,2961100,2021-12-03 00:00:00-05:00
221.95922686538694,225.87278154637553,220.5543700054233,224.46791076660156,2623700,2021-12-06 00:00:00-05:00
225.56267879077458,228.00751330639412,225.15216953190466,225.75425720214844,2270700,2021-12-07 00:00:00-05:00
225.59914055763622,226.8580344893641,223.683412428754,225.87281799316406,1814500,2021-12-08 00:00:00-05:00
225.38019832361513,227.50573981137845,224.46794947495172,225.55352783203125,1983000,2021-12-09 00:00:00-05:00
226.82156200924612,227.78854359932183,225.3893384993642,226.65736389160156,1937800,2021-12-10 00:00:00-05:00
225.84547311183397,226.66649157665586,222.94451429115634,224.17605590820312,2548300,2021-12-13 00:00:00-05:00
223.96622107382967,225.32547693774487,221.93190993667636,223.14520263671875,2682200,2021-12-14 00:00:00-05:00
224.48618862784204,225.6538659899786,222.5978269113763,225.43492126464844,2517600,2021-12-15 00:00:00-05:00
226.15561511588274,227.97098141365856,224.67776251751624,226.5570068359375,2297200,2021-12-16 00:00:00-05:00
226.0253879967451,226.69451901940266,222.0289938029173,222.4506378173828,4937100,2021-12-17 00:00:00-05:00
219.9666322189835,220.8099062521254,218.2159291431626,220.57159423828125,2769900,2021-12-20 00:00:00-05:00
222.45977188016218,224.00883476569788,220.69073300178,222.01980590820312,2746200,2021-12-21 00:00:00-05:00
221.81817986499468,223.2939129433819,220.98406682367408,222.6339569091797,1623000,2021-12-22 00:00:00-05:00
222.98228530763208,226.2270576965514,222.87228330399046,225.15463256835938,1655700,2021-12-23 00:00:00-05:00
225.67707539993697,227.54694139277206,224.9529504127421,227.27195739746094,1176500,2021-12-27 00:00:00-05:00
227.18946271330014,229.4534756595234,226.71282472823557,228.44520568847656,1119700,2021-12-28 00:00:00-05:00
229.1601376139256,230.77336944046945,228.63768066011315,230.09507751464844,1106200,2021-12-29 00:00:00-05:00
230.31508984055435,230.67256483931004,227.84942285512304,228.72935485839844,1163300,2021-12-30 00:00:00-05:00
228.7293608979107,232.20329796451787,228.36272488457627,230.9200439453125,1516700,2021-12-31 00:00:00-05:00
232.12996542646798,232.3591164288633,225.9428883617941,227.1069793701172,2450200,2022-01-03 00:00:00-05:00
229.15099850227384,233.18405048140704,228.56437250555868,231.01170349121094,2647500,2022-01-04 00:00:00-05:00
231.76330571290546,233.46818955580565,230.67254481526155,231.7082977294922,3651300,2022-01-05 00:00:00-05:00
232.81740805735558,233.45902803821306,230.87421211925383,232.34994506835938,2342300,2022-01-06 00:00:00-05:00
231.708316913022,234.75143489267464,230.59007291048883,233.53236389160156,2346800,2022-01-07 00:00:00-05:00
233.30322090721072,233.30322090721072,227.68443376936466,229.40765380859375,3341400,2022-01-10 00:00:00-05:00
229.83848060492227,230.2417886511646,224.63217597302335,225.8695831298828,3087200,2022-01-11 00:00:00-05:00
226.9602977753332,228.19771866502734,225.52122290381834,226.4011688232422,2480800,2022-01-12 00:00:00-05:00
226.8594639125503,228.02355477484176,226.11701699572987,226.96945190429688,2615100,2022-01-13 00:00:00-05:00
224.8154821199787,227.52862231018793,224.13719007929237,225.73208618164062,2525500,2022-01-14 00:00:00-05:00
224.38468336746985,225.06296144085758,217.05185066909678,218.1884307861328,5752100,2022-01-18 00:00:00-05:00
219.9849648462968,221.54318888337124,217.26264978742248,219.5175018310547,4910900,2022-01-19 00:00:00-05:00
217.4368193863321,225.1729600027587,217.23516537130538,221.88235473632812,4256100,2022-01-20 00:00:00-05:00
224.25633660647426,229.6367975775138,222.03815661857746,225.7870635986328,4932400,2022-01-21 00:00:00-05:00
222.66146378044425,225.41127604940684,219.18754043461297,224.65966796875,5093200,2022-01-24 00:00:00-05:00
222.40479777100822,225.18210681919095,219.24251671465106,223.76136779785156,3325400,2022-01-25 00:00:00-05:00
226.02536219995778,229.2884699884406,222.14813145004848,224.45797729492188,3529100,2022-01-26 00:00:00-05:00
226.70370004604425,227.93194621755183,222.47815446789352,224.19219970703125,3045500,2022-01-27 00:00:00-05:00
224.56799036908737,225.55792441314813,219.6183341350513,225.42042541503906,2659900,2022-01-28 00:00:00-05:00
224.56797130611426,224.92544629282438,222.56060638602432,224.15550231933594,3522000,2022-01-31 00:00:00-05:00
224.39382000804036,227.66610295778548,223.48639101135942,226.1353759765625,2438500,2022-02-01 00:00:00-05:00
225.51207336167522,230.80088217866688,225.51207336167522,230.305908203125,2640200,2022-02-02 00:00:00-05:00
229.4259583621118,230.70003722030063,223.22970706324526,223.97216796875,3666700,2022-02-03 00:00:00-05:00
224.23800292944165,225.56707593769383,221.04822491238298,222.17564392089844,3603500,2022-02-04 00:00:00-05:00
223.79800331190484,224.54961120927663,220.1224128574991,221.0390167236328,3067400,2022-02-07 00:00:00-05:00
222.91807004686896,224.72378088412103,221.863981135739,222.6889190673828,3027700,2022-02-08 00:00:00-05:00
224.72379187603704,226.05286482481247,223.3947189272616,225.9337158203125,3135200,2022-02-09 00:00:00-05:00
223.23891264712597,225.57625570353434,220.84657558712848,221.92816162109375,2034800,2022-02-10 00:00:00-05:00
221.21320252123635,224.1005134675482,217.88593956427158,218.89419555664062,2379100,2022-02-11 00:00:00-05:00
220.10411620932143,223.42221811141175,218.50005925877798,222.32229614257812,2429400,2022-02-14 00:00:00-05:00
224.56797407205488,229.13265795540565,224.09133608848197,228.5277099609375,3248500,2022-02-15 00:00:00-05:00
227.730296522344,233.59657142908011,227.730296522344,232.64329528808594,3493100,2022-02-16 00:00:00-05:00
231.26835115961077,232.17579414743705,228.74769017969365,230.05844116210938,2697500,2022-02-17 00:00:00-05:00
230.48926252445216,233.25739670884846,229.45349546354993,230.2417755126953,3319300,2022-02-18 00:00:00-05:00
230.06761947714654,231.24087155717237,224.8154821199787,225.73208618164062,4360300,2022-02-22 00:00:00-05:00
227.35448283430947,230.60843030140828,223.93555333679672,224.4030303955078,3346900,2022-02-23 00:00:00-05:00
220.36077723303168,222.5514602955785,217.0609971451393,221.90066528320312,3944100,2022-02-24 00:00:00-05:00
223.14411297287492,228.75358323849593,222.49935031440464,226.96665954589844,2548100,2022-02-25 00:00:00-05:00
221.55064311044805,227.04036716608016,220.7308703663196,226.54296875,3358100,2022-02-28 00:00:00-05:00
225.5390158500593,227.09566653399648,221.96516760787333,223.30075073242188,3327000,2022-03-01 00:00:00-05:00
224.02837474675562,233.38668860424977,223.77967555248492,232.4563751220703,3528900,2022-03-02 00:00:00-05:00
233.89328045408476,242.79104759817338,233.34063275210693,235.3025665283203,7218000,2022-03-03 00:00:00-05:00
234.58408608259217,243.89635599443432,233.61694915038322,243.7489776611328,5924800,2022-03-04 00:00:00-05:00
243.16876398668882,248.8242934295703,240.66338771820145,240.8291778564453,5794000,2022-03-07 00:00:00-05:00
240.86598524748953,242.47789910669835,233.12880434519658,233.4696044921875,6229800,2022-03-08 00:00:00-05:00
237.04344030334977,238.88562747787037,231.69187475535824,233.65380859375,6204400,2022-03-09 00:00:00-05:00
232.11558128965066,239.40143485327678,229.86811071411424,239.1619415283203,4501100,2022-03-10 00:00:00-05:00
238.57248859681013,242.61607532902693,238.57248859681013,240.88441467285156,3873800,2022-03-11 00:00:00-05:00
242.57922732019344,243.0489941099581,235.47760264732798,237.32901000976562,3839200,2022-03-14 00:00:00-04:00
240.91203269947488,241.59366111436105,236.53683786586507,239.60409545898438,2913800,2022-03-15 00:00:00-04:00
241.41866914604964,244.02535200018022,239.72386007782046,243.30690002441406,3958600,2022-03-16 00:00:00-04:00
240.33177034560205,243.5555981584217,238.04744794736695,242.76344299316406,3761500,2022-03-17 00:00:00-04:00
243.16873492193213,243.31611328593976,239.16197173596782,240.70021057128906,6342900,2022-03-18 00:00:00-04:00
240.26729770699953,244.4951144245976,239.70541593200488,243.6385040283203,5158400,2022-03-21 00:00:00-04:00
245.01092461861634,246.11624830432444,242.9753154088121,244.8819580078125,3704700,2022-03-22 00:00:00-04:00
244.14508866438987,248.4834320281574,243.64769020632818,246.558349609375,2877100,2022-03-23 00:00:00-04:00
247.77415658778656,251.2466690346556,247.10174819954392,248.888671875,3400200,2022-03-24 00:00:00-04:00
249.95717131879374,251.99278034959866,248.9624025767697,251.80857849121094,2814300,2022-03-25 00:00:00-04:00
251.20069148179593,253.66921601358334,250.21511441179285,253.61395263671875,2548400,2022-03-28 00:00:00-04:00
253.48497987744412,254.9771470702744,248.12420816949697,252.02041625976562,2759500,2022-03-29 00:00:00-04:00
252.49937886401904,255.02316619101714,252.25066561589824,254.8573760986328,2770400,2022-03-30 00:00:00-04:00
253.825757686945,256.9298384696371,251.65196228027344,251.65196228027344,3793000,2022-03-31 00:00:00-04:00
252.56388703976052,252.7849405180498,236.7210652062619,239.44749450683594,6367000,2022-04-01 00:00:00-04:00
239.26329131498778,240.119901648145,233.34985781769117,237.4026641845703,4633400,2022-04-04 00:00:00-04:00
236.13155287407093,239.0053886528247,231.8208413702611,232.2169189453125,5042600,2022-04-05 00:00:00-04:00
230.2089318699468,230.72475612594323,221.39407284562643,223.7612762451172,6794200,2022-04-06 00:00:00-04:00
224.38763435250073,226.57984183192966,221.08091137899737,225.53900146484375,4793100,2022-04-07 00:00:00-04:00
222.1862195873909,225.99954687710633,220.76772744330287,222.88624572753906,3530700,2022-04-08 00:00:00-04:00
221.9006901448096,225.0139773427337,220.66642794046172,223.92709350585938,2912100,2022-04-11 00:00:00-04:00
224.37843188819753,228.56939699705282,223.35601731469464,225.7232208251953,3097700,2022-04-12 00:00:00-04:00
225.44686579016312,226.8745636894382,223.51257765175404,225.32713317871094,3062000,2022-04-13 00:00:00-04:00
226.9574666882635,228.33910714469718,225.23502608343705,226.782470703125,3180200,2022-04-14 00:00:00-04:00
225.66793661489316,227.35353962393637,221.2651102412375,223.0151824951172,3173200,2022-04-18 00:00:00-04:00
225.45610772256313,226.67194409181522,224.39684154015683,226.23902893066406,2269000,2022-04-19 00:00:00-04:00
226.67191838132806,229.57337162514133,226.67191838132806,227.57460021972656,2937700,2022-04-20 00:00:00-04:00
226.10087241874064,230.75239843023536,223.4020605602417,225.11529541015625,4179600,2022-04-21 00:00:00-04:00
223.14412225706332,223.51256811635588,215.38851611730357,215.81222534179688,5105300,2022-04-22 00:00:00-04:00
215.37930940081935,218.26233674890287,211.90678273494078,217.7649383544922,4129900,2022-04-25 00:00:00-04:00
217.0097021876343,219.09136908987824,215.01091629843148,215.15829467773438,2316200,2022-04-26 00:00:00-04:00
214.19111066404804,219.24791984992265,213.96083725211014,218.1057586669922,3489800,2022-04-27 00:00:00-04:00
218.10576173574486,220.95195182897112,217.7741674556978,220.3716583251953,4531800,2022-04-28 00:00:00-04:00
219.31240289177865,220.95194845845245,215.3885349619497,215.8030242919922,4407100,2022-04-29 00:00:00-04:00
216.8991263732963,217.6912674657464,210.58042344182888,214.4950714111328,3665800,2022-05-02 00:00:00-04:00
214.60560036876817,215.02929554905108,211.49229954030568,213.78582763671875,2285000,2022-05-03 00:00:00-04:00
214.86350980516596,218.88868437331848,213.15027513263988,218.382080078125,2598400,2022-05-04 00:00:00-04:00
216.86225816202224,217.69123669880344,211.4462238277218,213.2147216796875,3005500,2022-05-05 00:00:00-04:00
212.33970718876395,212.3949705561838,207.95530669792234,211.473876953125,2774900,2022-05-06 00:00:00-04:00
209.08827817453263,209.7883043545169,206.71185464791427,207.4763641357422,3288900,2022-05-09 00:00:00-04:00
210.00012460608917,210.2211780641738,201.05630000541294,205.03543090820312,3845200,2022-05-10 00:00:00-04:00
205.27492758063397,210.11987502974176,204.90649574940068,206.21444702148438,2457500,2022-05-11 00:00:00-04:00
205.76311985048048,209.99093653505506,204.35384762228898,208.10269165039062,3230900,2022-05-12 00:00:00-04:00
208.96849081430966,214.0160936269571,208.82112652679174,212.55154418945312,3263800,2022-05-13 00:00:00-04:00
211.9528643441035,213.16870067645422,209.383019196443,209.9080352783203,3091900,2022-05-16 00:00:00-04:00
213.20554011075507,214.697707268984,211.1975487223046,213.8687286376953,2916400,2022-05-17 00:00:00-04:00
213.988464463834,214.01609614649217,206.39864840380358,207.23684692382812,2620700,2022-05-18 00:00:00-04:00
202.1155607925629,202.9169217774109,195.93503064115254,199.41676330566406,5428100,2022-05-19 00:00:00-04:00
198.95621767786207,200.29180058743017,193.65072359950403,196.7271728515625,3796000,2022-05-20 00:00:00-04:00
198.48647548982586,199.96943682695985,197.41800348380198,199.7760009765625,3079300,2022-05-23 00:00:00-04:00
198.72595819911282,200.43919297799138,196.4416498455327,199.96022033691406,2159700,2022-05-24 00:00:00-04:00
200.50365469920075,202.22610934512304,198.63383575405697,200.26417541503906,2006700,2022-05-25 00:00:00-04:00
201.0102371740866,205.01699965264197,201.0102371740866,203.8287811279297,2045300,2022-05-26 00:00:00-04:00
205.376116297145,207.77584281664215,204.60708918460654,206.15440368652344,1537400,2022-05-27 00:00:00-04:00
205.44099067035302,205.48732033565588,203.16171817087186,203.63424682617188,4405400,2022-05-31 00:00:00-04:00
204.92212246099376,206.23780289269826,203.76395157345513,205.0611114501953,2796200,2022-06-01 00:00:00-04:00
206.54354565814023,209.29536060418255,204.40324828629113,208.83209228515625,2091900,2022-06-02 00:00:00-04:00
207.3682062280464,208.76728589338848,205.5799969274085,207.54425048828125,1964400,2022-06-03 00:00:00-04:00
208.78577492206554,209.7215860298223,207.64613874873393,208.62826538085938,2151300,2022-06-06 00:00:00-04:00
202.83743861841515,212.2325213929058,201.24379415949858,211.94529724121094,3772300,2022-06-07 00:00:00-04:00
209.00817053854277,209.25833943014032,203.83809355989322,205.39466857910156,2409300,2022-06-08 00:00:00-04:00
204.36619792510731,206.04322701800572,200.761956744639,200.86387634277344,2198300,2022-06-09 00:00:00-04:00
198.1213485889849,199.35364412346541,194.58197153144746,195.6104278564453,2752200,2022-06-10 00:00:00-04:00
192.25638262796423,194.29476072464666,189.2080828300742,192.78451538085938,3374500,2022-06-13 00:00:00-04:00
194.1464819254897,196.66666272511128,192.33047802265565,193.1736297607422,2631600,2022-06-14 00:00:00-04:00
195.63822987937763,197.36158880669134,191.8394376720845,194.42446899414062,2236000,2022-06-15 00:00:00-04:00
190.62569375579594,194.18359181347066,190.23654998115933,192.8957061767578,3124500,2022-06-16 00:00:00-04:00
192.85861794072915,193.86855373817892,190.57934546374645,191.28350830078125,6079700,2022-06-17 00:00:00-04:00
194.6190427797038,195.943983516191,192.80302456997956,194.08164978027344,2956000,2022-06-21 00:00:00-04:00
191.79308881061834,195.7030746507306,191.33908075714925,193.63690185546875,2098400,2022-06-22 00:00:00-04:00
194.3132694843486,195.82352876439424,192.23782227613717,194.341064453125,2504700,2022-06-23 00:00:00-04:00
194.6283240514455,201.84605386705056,194.6283240514455,199.92811584472656,5516500,2022-06-24 00:00:00-04:00
200.89169242671332,200.89169242671332,196.8241827748761,198.13987731933594,1827600,2022-06-27 00:00:00-04:00
200.25237788084038,202.77255879038103,197.49128838543783,197.6858673095703,2156400,2022-06-28 00:00:00-04:00
198.306659353856,198.306659353856,194.99893050998884,197.49130249023438,2179000,2022-06-29 00:00:00-04:00
194.57271598577086,197.7414699495711,193.6647139364293,197.61175537109375,2314100,2022-06-30 00:00:00-04:00
196.8890377442737,200.3264949297707,195.77719659398915,199.44627380371094,1765900,2022-07-01 00:00:00-04:00
197.5283540398353,197.54688873174263,192.41386768613424,194.73020935058594,2236000,2022-07-05 00:00:00-04:00
194.10946947842035,196.96320466418928,191.95989720686833,194.3133087158203,2655800,2022-07-06 00:00:00-04:00
194.6004749671503,197.5561288920753,193.4423042528584,197.0094757080078,2007200,2022-07-07 00:00:00-04:00
196.48136589760585,197.42643726883014,190.54226239180718,194.29473876953125,1850900,2022-07-08 00:00:00-04:00
193.47011341450525,195.61041078950498,192.94199488170796,194.45223999023438,1818500,2022-07-11 00:00:00-04:00
191.3112840339458,193.34040156480705,190.03267306732306,191.32981872558594,2653900,2022-07-12 00:00:00-04:00
189.93073948903603,193.28479739981086,189.28215256982043,191.52438354492188,1902500,2022-07-13 00:00:00-04:00
188.55022110468968,190.83876791693748,187.51250451018416,190.4218292236328,2306600,2022-07-14 00:00:00-04:00
193.78515263555735,195.36027639666494,192.58992646703155,193.76663208007812,3997500,2022-07-15 00:00:00-04:00
194.96185480929228,197.14848203269804,194.15577238747932,194.77655029296875,1990100,2022-07-18 00:00:00-04:00
196.52770047078062,201.31789352465486,196.06443211967678,200.96580505371094,2387700,2022-07-19 00:00:00-04:00
200.96581296343757,201.8460341754416,198.3622469898139,198.69580078125,3152100,2022-07-20 00:00:00-04:00
196.88904228088876,198.6124010517781,194.39665637772768,196.33311462402344,4130900,2022-07-21 00:00:00-04:00
196.62034891060415,198.51973773471116,195.31392883974016,197.72291564941406,2612600,2022-07-22 00:00:00-04:00
197.7136468150767,201.5865771999293,196.98168911318112,201.39199829101562,2534200,2022-07-25 00:00:00-04:00
200.46547471275684,201.64218024357544,198.69578627798273,200.1041259765625,1927900,2022-07-26 00:00:00-04:00
200.50251197914858,204.94989042891595,199.83540450479214,203.7361297607422,2041500,2022-07-27 00:00:00-04:00
204.17164587880973,207.63689853364758,203.01347490112946,207.3033447265625,2337200,2022-07-28 00:00:00-04:00
207.00683951733512,211.46347903416864,206.87712493751687,210.601806640625,2337000,2022-07-29 00:00:00-04:00
209.48065763139326,211.23181124933038,208.77649490121075,210.39793395996094,2245100,2022-08-01 00:00:00-04:00
209.06372818876622,209.06372818876622,205.27419670059587,206.15440368652344,2954300,2022-08-02 00:00:00-04:00
207.11803172215937,209.8327919197305,206.49725375769117,209.05450439453125,1922300,2022-08-03 00:00:00-04:00
209.3787522169055,212.15836222012035,207.94261755434565,210.6481170654297,1891900,2022-08-04 00:00:00-04:00
209.39729223565092,212.21395755658352,209.39729223565092,211.82481384277344,1482200,2022-08-05 00:00:00-04:00
213.10343920086427,214.33573469799992,211.05578689050733,211.1206512451172,1662500,2022-08-08 00:00:00-04:00
211.87113077016824,213.2516754468564,211.45419211170568,211.70436096191406,1778700,2022-08-09 00:00:00-04:00
215.05845400280853,219.07962026169562,213.94661268697365,218.4403076171875,2411500,2022-08-10 00:00:00-04:00
219.76525621549806,224.11997615694105,219.58921196916634,221.67391967773438,2746600,2022-08-11 00:00:00-04:00
222.35954863338245,223.46211543512288,221.0716631806205,222.32247924804688,2186700,2022-08-12 00:00:00-04:00
221.0716817175146,221.16432691296555,219.10741412704192,220.6732635498047,2070500,2022-08-15 00:00:00-04:00
220.28410630093452,224.55544116738272,220.28410630093452,223.61964416503906,2486800,2022-08-16 00:00:00-04:00
220.62694001311942,223.68451430453905,220.21000127743258,223.19345092773438,1686800,2022-08-17 00:00:00-04:00
223.79567582406722,224.4813180947449,222.41514514284708,224.1385040283203,1457500,2022-08-18 00:00:00-04:00
223.29536586899638,223.29536586899638,220.78444495331004,220.99755859375,2082500,2022-08-19 00:00:00-04:00
218.18086860054612,220.41382554750442,217.51376101358903,220.06173706054688,2891100,2022-08-22 00:00:00-04:00
219.8115809011886,221.48861013559082,219.0240190184402,220.18218994140625,1638900,2022-08-23 00:00:00-04:00
219.89497171140766,221.46082110330113,219.45023802365446,220.78443908691406,1779700,2022-08-24 00:00:00-04:00
221.06239330708607,222.48926777742918,219.75597313481603,221.50714111328125,1624100,2022-08-25 00:00:00-04:00
221.0160631478269,221.55345614240318,213.98365283038885,214.2801513671875,1728800,2022-08-26 00:00:00-04:00
212.75133490880498,216.91148943685906,212.02863747368852,215.3363800048828,2139900,2022-08-29 00:00:00-04:00
215.2059654235309,215.69047865420097,209.1961900722336,209.86705017089844,3159400,2022-08-30 00:00:00-04:00
210.714926164359,211.37647388192033,208.6744088088852,209.18685913085938,2420700,2022-08-31 00:00:00-04:00
208.3948670887946,210.83604354090818,207.59356283253047,210.6310577392578,2263200,2022-09-01 00:00:00-04:00
212.5504325438178,212.5504325438178,207.71465625310873,208.65573120117188,1571800,2022-09-02 00:00:00-04:00
208.655755842986,214.02262194271182,208.24578423905874,212.42001342773438,2956400,2022-09-06 00:00:00-04:00
211.3112163089393,214.31144733590787,211.3112163089393,213.17471313476562,2858500,2022-09-07 00:00:00-04:00
212.1964047342404,214.83325464842528,211.72120390858558,214.6189422607422,2181800,2022-09-08 00:00:00-04:00
215.33638272751924,217.35827513802488,215.2245774641733,216.0538330078125,2016400,2022-09-09 00:00:00-04:00
218.39252082104423,219.23108874752828,216.68741943433034,218.17822265625,2635500,2022-09-12 00:00:00-04:00
214.44190178716838,216.05383685499098,210.15586741347033,210.84535217285156,2378300,2022-09-13 00:00:00-04:00
208.13393984766503,208.59981399776376,199.40344860701614,203.0745391845703,5915000,2022-09-14 00:00:00-04:00
206.23319509932773,209.3545580421354,203.15842242172,203.4565887451172,4148500,2022-09-15 00:00:00-04:00
199.26375362621005,200.04641902807413,193.41237363014105,197.53070068359375,7984100,2022-09-16 00:00:00-04:00
196.4777944731363,201.8073968359705,196.15169104045282,201.4440155029297,2863800,2022-09-19 00:00:00-04:00
199.27307568382898,200.52162965782634,196.2448926251555,198.7140350341797,2094100,2022-09-20 00:00:00-04:00
200.22342220691914,202.15214830690363,197.30704503282496,197.4281768798828,1917600,2022-09-21 00:00:00-04:00
196.9343762258299,198.00588138297255,194.58636587358535,194.8938446044922,2508400,2022-09-22 00:00:00-04:00
192.4060590640887,192.9930651497695,188.32499621574286,190.04873657226562,2585500,2022-09-23 00:00:00-04:00
189.08903952844977,189.93693406065427,185.50180217980224,187.1510009765625,3708100,2022-09-26 00:00:00-04:00
187.14166864431,188.60450621440899,183.07924512070363,183.78736877441406,5466100,2022-09-27 00:00:00-04:00
184.73777205240822,189.66671517438158,183.98305807087792,188.05479431152344,3284900,2022-09-28 00:00:00-04:00
186.4894520331519,186.834208637532,183.89919240380593,185.6042938232422,2072400,2022-09-29 00:00:00-04:00
184.5048313204849,185.72541951038326,181.4393709703854,181.5232391357422,3267600,2022-09-30 00:00:00-04:00
183.5731084343824,187.95232389835002,182.65998459335705,186.5919647216797,2489900,2022-10-03 00:00:00-04:00
188.99583893419114,191.38111252416866,188.37156922254482,191.36248779296875,2896500,2022-10-04 00:00:00-04:00
188.74430440966572,189.59218475717768,185.86519067937078,186.92738342285156,3065800,2022-10-05 00:00:00-04:00
186.49879157905576,187.66347725655683,184.32781577011124,184.681884765625,2586800,2022-10-06 00:00:00-04:00
182.64135418949954,183.70354696453484,180.39583677874847,182.26864624023438,2875700,2022-10-07 00:00:00-04:00
183.67557301040307,184.55141881154893,180.4889950779925,180.8057861328125,2859500,2022-10-10 00:00:00-04:00
179.7529233611757,182.43636365711978,178.56959875604005,179.49203491210938,3094700,2022-10-11 00:00:00-04:00
179.65974261186153,182.4829392726074,178.82116047804354,179.00750732421875,2381300,2022-10-12 00:00:00-04:00
175.4855139359236,184.66324260193863,174.1344814169928,183.3122100830078,3482900,2022-10-13 00:00:00-04:00
185.2222644977635,185.59497240088686,180.21877996866175,180.5635223388672,2719400,2022-10-14 00:00:00-04:00
182.771819098907,186.07952965897658,182.7159164545302,185.0452880859375,3002200,2022-10-17 00:00:00-04:00
188.42752063551586,189.8158312063595,185.42728892271955,187.87779235839844,2551300,2022-10-18 00:00:00-04:00
186.34036361970945,187.99887459859013,185.16635156189702,186.40557861328125,2386900,2022-10-19 00:00:00-04:00
179.40818977931212,181.48598510703195,173.14683825912002,173.72451782226562,6103200,2022-10-20 00:00:00-04:00
172.79276250193132,178.1316776120894,171.16220257011977,177.5260467529297,6711600,2022-10-21 00:00:00-04:00
179.67838202835296,181.69096225316844,178.83981404335694,180.28402709960938,2994300,2022-10-24 00:00:00-04:00
180.36786069044018,181.71889305477688,179.51996621682414,181.3275604248047,2770000,2022-10-25 00:00:00-04:00
183.74077506640444,184.70980132947167,181.12256443080167,182.41769409179688,4134600,2022-10-26 00:00:00-04:00
183.7873797535539,186.2844587479293,182.2313615651448,182.6599578857422,3148200,2022-10-27 00:00:00-04:00
183.20039424369253,185.26887714957346,181.8027714271435,185.0918426513672,3724100,2022-10-28 00:00:00-04:00
185.01731380672382,185.05457749256593,181.72822839132016,183.68490600585938,3130300,2022-10-31 00:00:00-04:00
183.74080403493863,184.49551805616355,180.35856659843597,183.38674926757812,3042400,2022-11-01 00:00:00-04:00
182.94884336236908,185.3713811928222,179.04481445219605,179.38955688476562,3020000,2022-11-02 00:00:00-04:00
177.2930946709666,181.88662194172403,177.23719203850902,180.00448608398438,3238800,2022-11-03 00:00:00-04:00
182.2127401066696,184.2812229790079,180.92692258674197,183.27493286132812,3334000,2022-11-04 00:00:00-04:00
184.95206540493663,184.95206540493663,182.12886876813363,182.9022216796875,3757800,2022-11-07 00:00:00-05:00
184.62598162240613,191.12027057986097,184.27192681795177,190.08602905273438,6285100,2022-11-08 00:00:00-05:00
189.62011333184248,190.57981305438054,188.15727572478397,189.52694702148438,4682700,2022-11-09 00:00:00-05:00
196.48713502827988,198.6394718629771,194.81929719385224,198.453125,4923400,2022-11-10 00:00:00-05:00
201.3601589142345,204.5746882362912,200.10229281469557,202.65528869628906,5176500,2022-11-11 00:00:00-05:00
202.04968645506509,206.34504800296634,201.52789530460043,202.14285278320312,3999000,2022-11-14 00:00:00-05:00
202.94414662292684,204.1181588789645,194.49319478312356,196.2821502685547,6235200,2022-11-15 00:00:00-05:00
196.73867391925324,198.63944866475777,196.1144041816408,197.78224182128906,3864600,2022-11-16 00:00:00-05:00
196.25417990955478,197.85678837552493,192.88124086415797,195.4994659423828,4561400,2022-11-17 00:00:00-05:00
197.16728028487395,197.70769606512752,195.01494374700266,196.20758056640625,2499500,2022-11-18 00:00:00-05:00
195.57398838997196,198.77920524133046,193.99001891361993,197.78224182128906,2365400,2022-11-21 00:00:00-05:00
198.99352979893476,202.8695926725135,198.29471843858005,198.64877319335938,2962500,2022-11-22 00:00:00-05:00
198.173593294866,198.67673123571737,196.19829099895128,198.01519775390625,2405000,2022-11-23 00:00:00-05:00
198.46243400321654,200.71726370693585,197.97792079380497,198.76991271972656,1101900,2022-11-25 00:00:00-05:00
196.8132231124626,197.93131842035297,193.5055132378823,194.28819274902344,2755400,2022-11-28 00:00:00-05:00
194.69814883713624,198.68603078861116,193.9061570227343,198.24810791015625,2280600,2022-11-29 00:00:00-05:00
198.20151523487317,204.0063036234549,196.3287061215669,202.5900421142578,5173000,2022-11-30 00:00:00-05:00
204.20198620823797,204.20198620823797,200.22341649212086,201.1924285888672,2638400,2022-12-01 00:00:00-05:00
199.15193414174678,201.10859750685853,198.64878197832223,200.07435607910156,1760000,2022-12-02 00:00:00-05:00
198.4065226158285,198.97488975448618,196.04920011058098,196.6548309326172,2504500,2022-12-05 00:00:00-05:00
197.0927514494477,198.67672099475223,194.45590159028654,196.7293701171875,3097600,2022-12-06 00:00:00-05:00
196.59893766559654,200.13025829978352,196.21691736033725,197.7356719970703,2828600,2022-12-07 00:00:00-05:00
198.2108443248733,199.9159456990772,197.10206139159158,198.49037170410156,1585400,2022-12-08 00:00:00-05:00
197.90334269845792,198.5089876528354,196.64549096370737,196.92501831054688,2334400,2022-12-09 00:00:00-05:00
198.12700882532695,201.1645039451555,196.3846436064134,201.0992889404297,3017500,2022-12-12 00:00:00-05:00
205.82322689326733,206.33569138417622,201.11790859521653,203.13980102539062,3585000,2022-12-13 00:00:00-05:00
204.3510752895013,206.5779534989932,201.59309364330923,202.72982788085938,2749800,2022-12-14 00:00:00-05:00
200.10229999314166,200.42841765060362,196.37530604433576,197.81951904296875,3373200,2022-12-15 00:00:00-05:00
195.51331454074574,197.57578727647427,193.7320770333405,197.06954956054688,5194100,2022-12-16 00:00:00-05:00
197.06014178662446,197.2570207276884,191.95083071645482,193.48831176757812,2355300,2022-12-19 00:00:00-05:00
193.55394619054843,194.07893763585585,190.93834439739635,192.569580078125,4081900,2022-12-20 00:00:00-05:00
194.49143719917566,196.07578129132995,193.79769032149787,195.39141845703125,2756400,2022-12-21 00:00:00-05:00
194.08832831512908,195.63517929801594,192.31647484357237,195.61643981933594,2399300,2022-12-22 00:00:00-05:00
195.18514183472337,197.57574084832498,195.18514183472337,196.7882537841797,1639500,2022-12-23 00:00:00-05:00
197.30391632826579,198.232021165944,195.79455865659594,197.17266845703125,1139700,2022-12-27 00:00:00-05:00
197.08828724770808,198.02577614678572,193.85395340687927,193.93832397460938,1631200,2022-12-28 00:00:00-05:00
195.03517417480785,197.21015517446352,194.19143993128827,196.14141845703125,1484800,2022-12-29 00:00:00-05:00
194.6883087043626,195.92580085872018,191.8852118795276,194.12582397460938,1554200,2022-12-30 00:00:00-05:00
194.33206308590115,194.87580835134133,192.30709798264385,194.60394287109375,1766300,2023-01-03 00:00:00-05:00
195.08203557677749,197.0695215053074,194.59455171378605,196.16015625,1830900,2023-01-04 00:00:00-05:00
194.74457171530327,195.63518333914854,190.0852505818265,190.38525390625,2317500,2023-01-05 00:00:00-05:00
193.8726800555795,199.26324047080627,193.12268618029842,198.75698852539062,3375200,2023-01-06 00:00:00-05:00
198.92577219411044,202.38510852762872,197.9039127251964,198.2414093017578,2259500,2023-01-09 00:00:00-05:00
198.16639759332944,199.10388644286934,196.7507802753596,199.0101318359375,1225300,2023-01-10 00:00:00-05:00
199.9101351614177,201.25073740176248,198.86952192596294,200.86636352539062,1840500,2023-01-11 00:00:00-05:00
201.85070868590938,202.73195043555316,198.81325416749556,201.26947021484375,2034600,2023-01-12 00:00:00-05:00
199.60072211479468,200.7350754285526,198.8976055913284,199.9007110595703,1693500,2023-01-13 00:00:00-05:00
201.06324017858708,203.39759262726753,199.16950864558058,200.91323852539062,2186200,2023-01-17 00:00:00-05:00
201.2319936776639,202.31948427275907,196.12268185555013,196.3851776123047,2719400,2023-01-18 00:00:00-05:00
194.6320632530757,196.1414208934119,192.64459144279877,192.65396118164062,3065600,2023-01-19 00:00:00-05:00
192.9914680046364,195.67268686526702,190.80711712299106,195.61643981933594,5344000,2023-01-20 00:00:00-05:00
196.2351736710104,199.65700226413344,195.01643530053346,196.99453735351562,3155600,2023-01-23 00:00:00-05:00
192.18520992363548,194.06018758142704,188.43525460805233,190.47897338867188,4462600,2023-01-24 00:00:00-05:00
188.39776149842,189.08212433867206,184.71342295936788,187.61026000976562,4163900,2023-01-25 00:00:00-05:00
186.06338748992974,188.99773176248553,182.34155612539138,188.88522338867188,4207000,2023-01-26 00:00:00-05:00
189.04462588558695,191.10711285414817,188.1165210546794,189.73837280273438,3429400,2023-01-27 00:00:00-05:00
188.29464857599055,191.19148580209622,187.49777730048544,187.68527221679688,2617500,2023-01-30 00:00:00-05:00
187.60088622611147,191.44459606672905,187.1602653412865,191.42584228515625,2958700,2023-01-31 00:00:00-05:00
190.50707359781632,196.028881137515,189.9539444262274,194.9320068359375,3080100,2023-02-01 00:00:00-05:00
194.9976855489739,201.45698331058585,194.01331937151173,200.0695037841797,3446000,2023-02-02 00:00:00-05:00
197.40702601913264,199.57262288617042,196.48827668376677,197.14451599121094,2142100,2023-02-03 00:00:00-05:00
195.9539216022304,197.2289069985202,195.06331006403738,195.89767456054688,1665600,2023-02-06 00:00:00-05:00
194.0976786137182,197.22890213806636,193.64768798639489,195.97265625,2067500,2023-02-07 00:00:00-05:00
195.34454402958735,196.47891181445098,193.6101982672871,194.19143676757812,1805100,2023-02-08 00:00:00-05:00
195.1289591817956,195.5977036800996,189.7946445023045,190.13214111328125,2989900,2023-02-09 00:00:00-05:00
189.57899885802755,193.2164602209372,189.14774768724087,192.65396118164062,2599900,2023-02-10 00:00:00-05:00
192.11021917187023,195.87892846698557,191.74459908163146,193.16958618164062,4095400,2023-02-13 00:00:00-05:00
192.9914546959897,193.05707147673584,188.99775735588656,191.27584838867188,2174600,2023-02-14 00:00:00-05:00
189.0071121768182,190.4227150748684,186.95400947428726,190.41334533691406,2880000,2023-02-15 00:00:00-05:00
187.19777373321637,190.3477369597342,186.98215529500172,187.9852752685547,3375000,2023-02-16 00:00:00-05:00
186.39153900202407,189.04461984463504,186.1477827471952,188.98837280273438,7063800,2023-02-17 00:00:00-05:00
186.94467979722447,187.65716626790743,181.5728576749563,181.63848876953125,4462300,2023-02-21 00:00:00-05:00
181.55409947314126,182.33221695815953,178.19788757466705,179.4166259765625,5816000,2023-02-22 00:00:00-05:00
180.58846676211758,181.55407905306484,178.81661355490002,181.23533630371094,3125400,2023-02-23 00:00:00-05:00
179.3416155487008,182.42594749677608,178.42288050320198,181.89158630371094,3371400,2023-02-24 00:00:00-05:00
201.9098232585757,202.73095001620982,197.98357377496498,200.24871826171875,12140400,2023-02-27 00:00:00-05:00
198.70090597877748,199.52201849948523,195.00116156173064,195.63351440429688,6091200,2023-02-28 00:00:00-05:00
194.5103513965093,198.3422285658227,194.40653142584836,196.30360412597656,2775200,2023-03-01 00:00:00-05:00
195.03887385547748,200.23929065374028,194.67078750653977,199.48423767089844,2812900,2023-03-02 00:00:00-05:00
200.097700983507,200.91882772552523,196.31301770175494,197.5966033935547,3665800,2023-03-03 00:00:00-05:00
197.7853842579668,198.96515011596807,196.16202528524195,197.09640502929688,2300400,2023-03-06 00:00:00-05:00
195.775038748532,196.0298721803874,193.15124089887195,193.85910034179688,3898000,2023-03-07 00:00:00-05:00
193.00026396253767,193.62316939865343,190.14051263728274,192.1319580078125,2980800,2023-03-08 00:00:00-05:00
193.31170565464467,193.31170565464467,188.21510892079047,188.356689453125,3342100,2023-03-09 00:00:00-05:00
187.70544255267754,191.67888528104064,184.21332463373267,185.04388427734375,3909500,2023-03-10 00:00:00-05:00
183.68480747381008,187.96027748977997,182.8448148181688,184.13784790039062,2774700,2023-03-13 00:00:00-04:00
185.8084177304383,188.47940963090292,181.80666075283096,184.18505859375,3168900,2023-03-14 00:00:00-04:00
180.42868911789623,182.22194205759143,178.7581364492135,181.2498016357422,5749600,2023-03-15 00:00:00-04:00
180.34372865984386,182.7221406463382,178.51272975603527,182.07090759277344,6357200,2023-03-16 00:00:00-04:00
182.47672955820343,182.47672955820343,177.18194015307995,179.33383178710938,11852800,2023-03-17 00:00:00-04:00
179.43764708090652,181.07045324955538,178.37114863482975,179.0318145751953,2956800,2023-03-20 00:00:00-04:00
180.65519838991852,181.87271047690103,177.79544696563366,178.8902587890625,3338900,2023-03-21 00:00:00-04:00
177.9653059862417,179.49427782788007,175.23768808033347,175.28488159179688,3325400,2023-03-22 00:00:00-04:00
175.5586035720109,177.2952299684894,173.36896549162262,175.73793029785156,3854900,2023-03-23 00:00:00-04:00
173.79366457611633,177.96531485170505,173.51996523829433,177.91812133789062,4263600,2023-03-24 00:00:00-04:00
179.90955801792163,182.83538291679167,179.48484521684378,182.37290954589844,3666800,2023-03-27 00:00:00-04:00
182.3729202456437,186.37469119603085,182.3729202456437,185.53469848632812,5635300,2023-03-28 00:00:00-04:00
187.31852719705756,188.63985935386398,186.38414734238992,187.9036865234375,3152100,2023-03-29 00:00:00-04:00
189.10233200917068,190.13108449843335,186.40302684188376,187.21470642089844,3050700,2023-03-30 00:00:00-04:00
187.6960548565411,190.0744672454177,187.48841487965436,189.95176696777344,3422600,2023-03-31 00:00:00-04:00
189.63085056553598,190.58409623119027,186.8654862000038,188.32838439941406,1908400,2023-04-03 00:00:00-04:00
188.1773987208182,188.50772455652802,184.10012055441342,184.87405395507812,3556700,2023-04-04 00:00:00-04:00
184.16615742717957,185.2704164420907,183.16571837442785,183.2978515625,2382200,2023-04-05 00:00:00-04:00
183.6659610776115,187.52615164617197,183.18460737347723,187.4789581298828,3280000,2023-04-06 00:00:00-04:00
186.1009665068479,188.1018590650625,186.0160268269329,187.22410583496094,2402000,2023-04-10 00:00:00-04:00
188.2340169247437,188.81917622053854,187.35626357961183,187.72434997558594,3598000,2023-04-11 00:00:00-04:00
188.53601445127828,189.41376772627623,187.09198221311118,187.5638885498047,2315400,2023-04-12 00:00:00-04:00
187.71490743060505,188.47939341379703,185.67626854113394,186.79940795898438,2894400,2023-04-13 00:00:00-04:00
186.99763323137614,188.42278536387474,186.28032629198213,187.37515258789062,1947800,2023-04-14 00:00:00-04:00
188.4321913495149,191.29194255023518,187.29961904056083,188.80027770996094,2740800,2023-04-17 00:00:00-04:00
189.4231993908064,190.63127845247806,187.8470339650541,188.26231384277344,2388100,2023-04-18 00:00:00-04:00
186.9598357371691,190.84835346834274,186.9598357371691,190.650146484375,2619800,2023-04-19 00:00:00-04:00
191.01826941849112,196.143180341552,190.10276986282477,191.2164764404297,2989200,2023-04-20 00:00:00-04:00
191.58456955819008,192.28298182822067,187.0259519084209,187.67718505859375,6029400,2023-04-21 00:00:00-04:00
186.7993960265882,190.36700665455095,186.25198296708095,189.02679443359375,2723700,2023-04-24 00:00:00-04:00
186.95987215651311,188.32839782203072,183.23181451546847,183.8075408935547,2594400,2023-04-25 00:00:00-04:00
182.70324423439394,183.44884984930565,179.67359946174037,180.7401123046875,2377500,2023-04-26 00:00:00-04:00
180.50418723845158,182.89203232797448,179.7491341631793,182.66551208496094,2287500,2023-04-27 00:00:00-04:00
182.03317063799344,186.0443750492416,182.03317063799344,184.70416259765625,1814900,2023-04-28 00:00:00-04:00
184.54370295859314,188.63984677295025,184.54370295859314,187.4695281982422,2195000,2023-05-01 00:00:00-04:00
186.35582706332758,186.7994202137892,182.1464302076552,185.05337524414062,2693800,2023-05-02 00:00:00-04:00
186.10097953016486,186.94098665067813,184.28886089131103,184.3549346923828,2017400,2023-05-03 00:00:00-04:00
184.43043157820233,186.3086095163022,183.12796552555733,185.9877166748047,1866300,2023-05-04 00:00:00-04:00
187.53557127763352,191.1220622394516,187.0070384961644,189.9234161376953,2065000,2023-05-05 00:00:00-04:00
191.11264267235703,191.43353554050105,188.2906374577701,188.70591735839844,1973000,2023-05-08 00:00:00-04:00
187.7621116882755,189.42321695171094,186.71447895470163,189.31939697265625,1606700,2023-05-09 00:00:00-04:00
190.76341546678952,191.2164559250601,185.84615943802677,187.87535095214844,1703500,2023-05-10 00:00:00-04:00
187.5638966981131,187.7149101887607,185.97829825063044,186.95042419433594,1397200,2023-05-11 00:00:00-04:00
188.2245764404833,188.29065024799846,186.2803244113259,187.80931091308594,1459500,2023-05-12 00:00:00-04:00
187.65827405475656,188.82860694477637,186.42188176688376,188.42276000976562,1630500,2023-05-15 00:00:00-04:00
187.93198932243664,188.09243576103896,185.45920453706972,185.80841064453125,1893900,2023-05-16 00:00:00-04:00
185.9688285300235,188.8757730687385,185.79894917456485,187.66769409179688,2273000,2023-05-17 00:00:00-04:00
186.85605320728243,188.0358192015728,184.19450861291233,187.63941955566406,1947800,2023-05-18 00:00:00-04:00
187.91312079590864,188.81917295427647,186.1670614802582,187.79042053222656,1798800,2023-05-19 00:00:00-04:00
189.71579239292868,190.60297866672667,185.0628025290572,187.14862060546875,1744000,2023-05-22 00:00:00-04:00
187.05426139050581,187.05426139050581,183.9113630340606,185.34596252441406,2434100,2023-05-23 00:00:00-04:00
184.770207886036,184.97784782268292,180.5607970993485,181.12709045410156,2970800,2023-05-24 00:00:00-04:00
180.32487400844508,182.93923953664094,179.99454816428153,182.3540802001953,2467500,2023-05-25 00:00:00-04:00
182.7032549224431,183.05246099526133,181.29696888629059,182.25022888183594,2287400,2023-05-26 00:00:00-04:00
182.5448113910107,184.99635449726253,181.6991252205598,184.53074645996094,2453400,2023-05-30 00:00:00-04:00
183.45700547527582,184.25517819456738,181.59458796454524,182.93438720703125,3569300,2023-05-31 00:00:00-04:00
182.87738009297965,186.29812659134745,182.6778296601925,185.93704223632812,2713800,2023-06-01 00:00:00-04:00
187.36234071102933,190.72609115098498,187.07728940175284,188.76866149902344,2522700,2023-06-02 00:00:00-04:00
188.84468593718725,190.2509922702376,188.30305943447647,188.83517456054688,2140600,2023-06-05 00:00:00-04:00
187.22934191331112,187.8849890277295,185.44295725992444,186.5832061767578,2341900,2023-06-06 00:00:00-04:00
186.52615965663327,191.609772651799,184.46420642880486,191.4292449951172,2582800,2023-06-07 00:00:00-04:00
191.4387779386275,191.82836745343866,187.69494884304046,190.98268127441406,2180700,2023-06-08 00:00:00-04:00
191.73333686050498,191.73333686050498,188.8162002443831,189.7283935546875,1806800,2023-06-09 00:00:00-04:00
189.62384331054082,189.69036494834725,186.11756723655316,189.05372619628906,2096400,2023-06-12 00:00:00-04:00
187.5618758292881,189.60482070741287,184.91079737588987,189.0251922607422,3577800,2023-06-13 00:00:00-04:00
190.1749870727924,194.83100925108002,189.38631120603617,192.64553833007812,3259400,2023-06-14 00:00:00-04:00
193.0351054768341,196.54138178442574,192.64553049747406,195.6671905517578,2288600,2023-06-15 00:00:00-04:00
196.09478485543977,196.5983948717159,194.29888897687678,194.47943115234375,4139800,2023-06-16 00:00:00-04:00
192.8355965867021,194.07087233832547,191.01119534544932,191.353271484375,2412600,2023-06-20 00:00:00-04:00
190.4885631308397,194.00433655313446,190.16549527290505,193.51022338867188,2191200,2023-06-21 00:00:00-04:00
193.49121970286814,193.51021345891235,191.8188412317498,193.24415588378906,1809300,2023-06-22 00:00:00-04:00
191.82833089121746,191.93285453382884,189.14873268920678,189.93740844726562,7413900,2023-06-23 00:00:00-04:00
190.22251693915962,191.76185229488374,189.87094392558114,191.30575561523438,1764800,2023-06-26 00:00:00-04:00
191.600318439843,193.25368884048993,190.66911682292906,192.87359619140625,2433900,2023-06-27 00:00:00-04:00
192.93060550320402,193.2916898932723,191.60031748566612,192.97811889648438,2498200,2023-06-28 00:00:00-04:00
192.29394164041761,194.65996912739533,191.60978946343732,194.46041870117188,1957400,2023-06-29 00:00:00-04:00
195.33464147865192,196.33235019971568,193.23467137728488,194.4319305419922,2298700,2023-06-30 00:00:00-04:00
193.13016630251266,196.79797717486196,191.9994141774982,195.8667755126953,1057400,2023-07-03 00:00:00-04:00
194.45094283089168,195.54367835712364,193.34869592678098,193.75729370117188,1818100,2023-07-05 00:00:00-04:00
191.97085959222568,192.90206101453475,190.61206671572717,192.4269561767578,1518500,2023-07-06 00:00:00-04:00
191.05869047562908,194.2323877117455,190.51706393283425,192.7215576171875,2074800,2023-07-07 00:00:00-04:00
192.56949946527126,195.19207299287487,192.3509407970174,194.6599578857422,2025200,2023-07-10 00:00:00-04:00
195.7432370519626,196.87398913924707,194.82153230009473,196.493896484375,2101000,2023-07-11 00:00:00-04:00
197.71015266520513,200.13317596551516,195.7432114930848,198.517822265625,3261500,2023-07-12 00:00:00-04:00
199.00243263398824,200.41825046403844,198.18526612023356,200.12368774414062,2214300,2023-07-13 00:00:00-04:00
199.89560136289012,201.1213799427051,199.420496533298,200.4847412109375,1603000,2023-07-14 00:00:00-04:00
200.07616995046934,200.33273065207752,198.6888717842488,199.41102600097656,1471700,2023-07-17 00:00:00-04:00
199.03094795209736,202.3946842115235,198.6888718495243,202.03359985351562,1893600,2023-07-18 00:00:00-04:00
202.26163707707673,204.2950852526528,201.91956100552892,203.58242797851562,2036600,2023-07-19 00:00:00-04:00
204.32361355135623,206.7846534706549,203.93402405088165,205.98648071289062,3137600,2023-07-20 00:00:00-04:00
202.89829884146963,206.4520887377786,201.48248100999055,205.98648071289062,6040100,2023-07-21 00:00:00-04:00
205.54937862717898,208.19096055359017,205.02676036856167,206.1385040283203,2165200,2023-07-24 00:00:00-04:00
205.52087976635028,206.62312665973067,204.05756299338432,204.81773376464844,2766100,2023-07-25 00:00:00-04:00
225.03818913294637,228.50644911040098,221.75996821606924,226.14993286132812,14540700,2023-07-26 00:00:00-04:00
223.7268798348542,224.62007930811305,218.93782913657375,220.54368591308594,5806700,2023-07-27 00:00:00-04:00
220.31563401373356,223.5368444979503,218.785795730725,221.18032836914062,3595800,2023-07-28 00:00:00-04:00
221.14230741790433,222.86218471724823,218.94732525138036,220.46766662597656,2988700,2023-07-31 00:00:00-04:00
219.96405964073892,220.60069843159775,217.72156405695924,219.9735565185547,3486300,2023-08-01 00:00:00-04:00
219.64100825497022,220.87628400042618,218.42474076687415,218.73831176757812,2740200,2023-08-02 00:00:00-04:00
218.1586445134574,220.1920927191808,217.17043279158463,218.44371032714844,1914100,2023-08-03 00:00:00-04:00
219.0423508031479,221.2278360798009,216.87587378081014,217.15142822265625,3176300,2023-08-04 00:00:00-04:00
218.84281213958522,220.28713506510175,217.21796153504837,218.26318359375,2211300,2023-08-07 00:00:00-04:00
218.84282075361878,218.8998310228219,215.09899175273432,217.24647521972656,2513700,2023-08-08 00:00:00-04:00
215.93519728732343,218.3677322834511,215.4695892220286,217.8356170654297,2562500,2023-08-09 00:00:00-04:00
218.51975726113727,219.8215400974536,218.09216573452,218.8333282470703,2737700,2023-08-10 00:00:00-04:00
218.31067845259435,219.48894369959146,217.8640787339208,218.06362915039062,2346200,2023-08-11 00:00:00-04:00
217.28445843264987,218.5387422427984,216.88537208370713,218.3582000732422,1682100,2023-08-14 00:00:00-04:00
217.44599783989605,217.71205541257783,214.23429871279475,214.310302734375,2146200,2023-08-15 00:00:00-04:00
214.12977501365728,214.8994425986833,212.52391820092384,213.4361114501953,2169200,2023-08-16 00:00:00-04:00
214.0727793442622,215.3840736297439,212.91353661972522,213.20809936523438,2075400,2023-08-17 00:00:00-04:00
212.14384604568767,214.45286352237446,212.03932238214955,214.0442657470703,1660100,2023-08-18 00:00:00-04:00
214.02525190216426,214.54785567175446,212.27685492170767,212.8184814453125,2000600,2023-08-21 00:00:00-04:00
213.10357258693384,213.4171435853655,210.5380088259183,211.336181640625,1636200,2023-08-22 00:00:00-04:00
211.7352436190073,212.53341634162476,210.34793098289092,212.0203094482422,2026500,2023-08-23 00:00:00-04:00
212.17235550633268,213.07506648213217,211.4026878314316,211.44070434570312,1738900,2023-08-24 00:00:00-04:00
212.11533943659617,214.25331158579988,211.2126429845205,213.01803588867188,1609900,2023-08-25 00:00:00-04:00
212.7614698763553,215.93516698058838,212.72345336665956,213.36009216308594,1731300,2023-08-28 00:00:00-04:00
213.25557879520426,214.02526091363686,211.89678573857756,212.31488037109375,2362100,2023-08-29 00:00:00-04:00
212.95521385922575,214.197718374006,211.84651662548953,213.03167724609375,2690700,2023-08-30 00:00:00-04:00
213.0412483285877,213.93012251773803,210.78562926240227,210.81431579589844,2410300,2023-08-31 00:00:00-04:00
211.83698791445917,212.56336829527044,209.99235772017863,211.25396728515625,2303700,2023-09-01 00:00:00-04:00
209.76298870962427,210.0975142754496,205.6627243957434,206.16929626464844,2679700,2023-09-05 00:00:00-04:00
206.28396826518895,206.62804626107084,202.33663106019716,203.41665649414062,2344800,2023-09-06 00:00:00-04:00
203.02477378189892,204.26727838492124,200.61622796815266,201.25660705566406,2882100,2023-09-07 00:00:00-04:00
201.01768402329637,202.7858509219308,199.7942842111392,202.43222045898438,3188200,2023-09-08 00:00:00-04:00
203.11079802866485,203.39753211566614,200.75961059983763,202.2506103515625,1943900,2023-09-11 00:00:00-04:00
201.70581210258916,205.40465407835362,197.71069817123018,204.41064453125,2828200,2023-09-12 00:00:00-04:00
204.43932307033847,204.54445841844176,201.45732350072066,202.74761962890625,2919700,2023-09-13 00:00:00-04:00
204.66869880682293,206.98166171783748,202.3748553897228,206.15969848632812,2798700,2023-09-14 00:00:00-04:00
203.6364848133424,204.73562977047422,202.80496904548875,203.88499450683594,4222800,2023-09-15 00:00:00-04:00
204.7069309103778,204.94587354964224,202.49910325699835,203.7224884033203,2206800,2023-09-18 00:00:00-04:00
203.24458678228717,204.06654997862051,200.61621796172014,202.4035186767578,2156000,2023-09-19 00:00:00-04:00
203.69380484560062,205.3950751735027,203.4835341683183,203.55999755859375,2116800,2023-09-20 00:00:00-04:00
202.68070832773458,203.85630206614732,201.53378654021714,202.04989624023438,2370300,2023-09-21 00:00:00-04:00
201.39041168054206,203.60779169224193,199.51709505377949,199.9854278564453,2416500,2023-09-22 00:00:00-04:00
198.75247599607505,200.24347566844105,197.96875175614707,199.259033203125,1427400,2023-09-25 00:00:00-04:00
198.18859053087996,199.02967331864784,195.5697738587221,195.78004455566406,1990200,2023-09-26 00:00:00-04:00
196.1336642789696,196.45862273815868,192.54952502170775,193.44793701171875,2760800,2023-09-27 00:00:00-04:00
193.47661911185085,195.76092465222646,192.67377537623054,195.0823211669922,2112600,2023-09-28 00:00:00-04:00
196.7740494545368,196.7740494545368,194.33683158628668,194.62356567382812,2246700,2023-09-29 00:00:00-04:00
192.9604945539592,194.10741617115707,191.27834382099562,193.6773223876953,1888000,2023-10-02 00:00:00-04:00
193.00830768082935,196.06677053166175,192.6833491931568,194.7669219970703,2087500,2023-10-03 00:00:00-04:00
194.49933961815083,195.9329956841323,192.44443842380554,193.32374572753906,1911900,2023-10-04 00:00:00-04:00
193.22812054733186,193.46706317271816,190.68576751308544,191.7657928466797,2037200,2023-10-05 00:00:00-04:00
190.9916439306476,195.17792389525408,190.51375862268438,193.5053253173828,1760500,2023-10-06 00:00:00-04:00
192.5495312964722,195.60799397889087,191.89959977301424,195.263916015625,1557700,2023-10-09 00:00:00-04:00
195.95207480943785,197.88272074677403,195.14921649413594,197.22325134277344,1972900,2023-10-10 00:00:00-04:00
198.07389650736542,200.65447410783247,197.8445063222945,200.21481323242188,2851100,2023-10-11 00:00:00-04:00
200.71181929967156,200.81695464551794,196.70713828593483,198.7907257080078,1851200,2023-10-12 00:00:00-04:00
199.65093356521888,201.13238101227995,197.86364708908428,198.5613555908203,1874600,2023-10-13 00:00:00-04:00
199.95675289108507,203.87540319406008,199.4979725502886,201.50509643554688,2358900,2023-10-16 00:00:00-04:00
200.61625687782472,203.94234929455513,200.3008653920083,201.99256896972656,2479900,2023-10-17 00:00:00-04:00
200.84562403071894,201.09411912504504,196.38217728479523,196.81227111816406,3487200,2023-10-18 00:00:00-04:00
208.90279212427066,210.3651200111327,200.8456381866345,201.02723693847656,6031000,2023-10-19 00:00:00-04:00
203.091713985519,205.45246869628613,200.72139223439788,201.99256896972656,5485700,2023-10-20 00:00:00-04:00
200.98899075760724,202.279286886406,198.30327773575826,198.57089233398438,2576500,2023-10-23 00:00:00-04:00
199.23037989878105,199.8229675915392,195.22569872632002,196.353515625,2937500,2023-10-24 00:00:00-04:00
194.83386357468663,197.920998860847,193.3810880231215,196.1432647705078,2457300,2023-10-25 00:00:00-04:00
195.30216879485567,197.16591862337825,192.9892055994709,193.29505920410156,2626300,2023-10-26 00:00:00-04:00
193.60087842215066,195.00586228391947,191.12543622147263,192.79803466796875,2427600,2023-10-27 00:00:00-04:00
194.25081573582477,197.88273223168997,193.45752441331481,196.6975860595703,2230100,2023-10-30 00:00:00-04:00
197.26149470520525,198.7142701092008,195.58889614541562,198.4275360107422,2057800,2023-10-31 00:00:00-04:00
197.90184495635432,199.17302151998086,196.37262084827879,198.37973022460938,2444200,2023-11-01 00:00:00-04:00
199.34506370552447,202.53733373176095,198.56132488141216,202.0403289794922,1776600,2023-11-02 00:00:00-04:00
203.57913537414927,203.97100481561623,202.21239043270836,202.74761962890625,1634800,2023-11-03 00:00:00-04:00
202.6233748602471,203.7607442506701,200.09058850805502,203.6747283935547,1547200,2023-11-06 00:00:00-05:00
203.32107309345616,203.45488039241465,201.57201116741928,202.05946350097656,2324200,2023-11-07 00:00:00-05:00
202.70938316348037,203.55046595878383,201.69626866035682,202.6233673095703,2483100,2023-11-08 00:00:00-05:00
203.38799340832574,203.43578485670668,200.24349986203026,200.93165588378906,1496400,2023-11-09 00:00:00-05:00
201.88741560837508,202.54689964225568,199.27816600745342,202.13592529296875,2673600,2023-11-10 00:00:00-05:00
201.7727255313603,201.7727255313603,198.93408577293974,200.1383514404297,2185100,2023-11-13 00:00:00-05:00
203.08213171965787,207.6889529827846,203.072579263923,206.15016174316406,2610400,2023-11-14 00:00:00-05:00
206.7905368288922,210.6518438083143,206.26486005864962,208.43446350097656,2709700,2023-11-15 00:00:00-05:00
208.70206632539225,209.99236245365782,207.2014995009071,209.6578369140625,1438200,2023-11-16 00:00:00-05:00
211.02458531181873,211.5024706139808,208.1955124900043,209.5144805908203,2002600,2023-11-17 00:00:00-05:00
209.31376817545328,211.87522646609432,207.32576351303365,211.32089233398438,2548000,2023-11-20 00:00:00-05:00
211.3208731348828,213.1368313351193,209.40933204667542,212.18106079101562,2422300,2023-11-21 00:00:00-05:00
212.88833566807972,214.36021588510204,212.2957480152854,213.60516357421875,1716200,2023-11-22 00:00:00-05:00
213.44271307454787,215.03884834375248,213.26111431378095,214.36024475097656,1045600,2023-11-24 00:00:00-05:00
213.84410649610166,214.17861743574073,209.66737930701632,210.12615966796875,2369200,2023-11-27 00:00:00-05:00
209.99236855793143,212.83099387160848,209.7725308157375,211.44512939453125,1827600,2023-11-28 00:00:00-05:00
212.9743480101387,213.9779099789903,211.081926452582,211.67449951171875,1228900,2023-11-29 00:00:00-05:00
212.41999597650795,215.6600574240197,210.89075732601898,215.30642700195312,4430100,2023-11-30 00:00:00-05:00
217.35178399120326,222.07329283544874,216.23353419923478,221.13662719726562,3239000,2023-12-01 00:00:00-05:00
220.55359917856316,224.32890438656443,220.35289553704504,223.55471801757812,3881900,2023-12-04 00:00:00-05:00
222.49383348626597,222.81880657684923,220.68742761995918,221.90126037597656,2632400,2023-12-05 00:00:00-05:00
222.80922278401238,223.6407530677528,221.5858376641034,222.66586303710938,1804900,2023-12-06 00:00:00-05:00
223.38670624197485,223.8480463393413,221.57977008416177,222.49285888671875,2075100,2023-12-07 00:00:00-05:00
222.63705261100546,223.86730281096757,220.5898327422179,220.83973693847656,2544800,2023-12-08 00:00:00-05:00
220.98387846147736,223.3098204652271,220.6186429295229,223.01187133789062,1810200,2023-12-11 00:00:00-05:00
224.03066305167653,225.42430406090588,223.49243049631102,223.857666015625,2427500,2023-12-12 00:00:00-05:00
223.87689584791462,227.60609979911163,222.5601471946416,227.4907684326172,3926700,2023-12-13 00:00:00-05:00
230.34533419022583,235.54507166196464,229.7494212507556,233.42095947265625,4863600,2023-12-14 00:00:00-05:00
228.4038474078814,233.42096727551578,228.17317000433613,232.57516479492188,4768500,2023-12-15 00:00:00-05:00
233.60359351725378,234.41094246030562,231.57560043470787,231.72938537597656,2457600,2023-12-18 00:00:00-05:00
231.95044236694517,233.96881472721992,230.67213253923487,233.21913146972656,2314200,2023-12-19 00:00:00-05:00
230.88357257167735,232.70972100417885,228.46151118476095,228.5960693359375,2724800,2023-12-20 00:00:00-05:00
228.86518964428964,232.9211756995558,228.3654105973079,232.7001190185547,2603100,2023-12-21 00:00:00-05:00
233.5555167024478,235.42972470580128,232.91155880723085,234.11297607421875,1824800,2023-12-22 00:00:00-05:00
234.15139342426514,236.85217684537557,234.15139342426514,235.75648498535156,1454100,2023-12-26 00:00:00-05:00
235.1413679424444,237.11169507877156,234.8145859846208,236.25628662109375,2206000,2023-12-27 00:00:00-05:00
236.47734199853062,237.39043079594268,235.66999316625413,236.4581298828125,1208500,2023-12-28 00:00:00-05:00
236.42931417926366,236.95792604883079,235.21827617733894,236.0736846923828,1228700,2023-12-29 00:00:00-05:00
235.45857146744467,236.42932606263508,233.31524704282992,233.96881103515625,2622200,2024-01-02 00:00:00-05:00
233.36331394773995,234.47823279196933,231.61404320947597,232.30606079101562,1748200,2024-01-03 00:00:00-05:00
231.86391441359467,234.59353078247779,231.56595062765535,231.69090270996094,2305400,2024-01-04 00:00:00-05:00
232.49824858575934,232.59436782718942,229.14390117961258,230.58560180664062,2316900,2024-01-05 00:00:00-05:00
229.87437949055845,231.31608025518474,228.28851451576497,231.2680206298828,2567800,2024-01-08 00:00:00-05:00
229.98970665343703,229.98970665343703,226.87564244485614,228.1827850341797,2055200,2024-01-09 00:00:00-05:00
227.64453630547223,229.8262993754297,227.59647668445498,229.71096801757812,1683400,2024-01-10 00:00:00-05:00
229.18236477086867,229.18236477086867,225.67423206673152,227.1928253173828,2219300,2024-01-11 00:00:00-05:00
228.04824436771997,228.7498680077232,225.6742424634563,228.4711456298828,3018700,2024-01-12 00:00:00-05:00
228.55763351284284,228.99014081418147,226.14517815219043,227.02943420410156,2578700,2024-01-16 00:00:00-05:00
225.7414903797099,228.96129446839913,225.3570427269132,226.64495849609375,2311100,2024-01-17 00:00:00-05:00
226.4046716553181,229.48991755274045,225.9337254875572,228.740234375,2326500,2024-01-18 00:00:00-05:00
229.2208215167723,230.87397294340818,227.3177658983205,229.9705047607422,2272100,2024-01-19 00:00:00-05:00
233.32485216322556,234.51666343740956,231.73898714971898,233.6612548828125,3005300,2024-01-22 00:00:00-05:00
234.51663852635704,235.02603824825775,232.84426049654462,233.8726806640625,2398300,2024-01-23 00:00:00-05:00
234.28597437985792,235.88146003876705,232.91156005859375,232.91156005859375,2843400,2024-01-24 00:00:00-05:00
234.61278940486926,235.91031136239852,227.92329104932836,232.18112182617188,4154600,2024-01-25 00:00:00-05:00
232.0849928748366,232.79623720638958,228.99974675088797,231.04696655273438,2493400,2024-01-26 00:00:00-05:00
230.3645444225591,235.99678913288685,229.8839775178067,235.64117431640625,2844600,2024-01-29 00:00:00-05:00
234.39169913417368,237.38082589008448,232.8923327269687,237.11170959472656,2435400,2024-01-30 00:00:00-05:00
237.67878163775023,238.36119311936372,234.32443391097382,234.44937133789062,2798900,2024-01-31 00:00:00-05:00
235.80453928737882,239.74519333786407,235.19903502689908,239.58180236816406,2116300,2024-02-01 00:00:00-05:00
238.47653067889843,240.03357751804674,236.32360020025618,238.67837524414062,1994200,2024-02-02 00:00:00-05:00
237.73645810131757,239.43765441668168,236.9002616986803,237.05404663085938,2701300,2024-02-05 00:00:00-05:00
237.0540350373644,241.07158186606296,237.0540350373644,240.1584930419922,2357300,2024-02-06 00:00:00-05:00
240.9946979230996,241.86931854831803,239.28388090657916,239.47610473632812,2337200,2024-02-07 00:00:00-05:00
239.38960596313572,239.55299695153883,236.83298649950052,239.14932250976562,1871500,2024-02-08 00:00:00-05:00
238.49572367612998,239.85092575805115,236.91946494225118,239.7548065185547,2012500,2024-02-09 00:00:00-05:00
239.12049088369443,239.38962186182195,237.40006769622994,237.78451538085938,2259600,2024-02-12 00:00:00-05:00
236.43889796516555,236.6984081790946,234.26674101149231,236.06405639648438,2664100,2024-02-13 00:00:00-05:00
236.78492366338364,240.62945886514942,235.52584073132343,240.38917541503906,2579500,2024-02-14 00:00:00-05:00
240.28344623903283,241.61942161349234,239.12046790631132,240.81207275390625,2252300,2024-02-15 00:00:00-05:00
239.71638581485396,240.0143349478735,236.4869756435588,237.0059814453125,2202400,2024-02-16 00:00:00-05:00
237.00598041002726,237.70761864391454,235.3528290994583,237.53460693359375,1907200,2024-02-20 00:00:00-05:00
239.74521829735576,241.68671268687936,237.70761932692264,241.55215454101562,1721700,2024-02-21 00:00:00-05:00
242.19611738737217,245.0506860155298,240.38918110672338,244.6181640625,2507600,2024-02-22 00:00:00-05:00
245.3486373427584,248.0590271221705,245.04106747703705,246.92489624023438,1943500,2024-02-23 00:00:00-05:00
247.00176985553605,248.60687623324634,242.58056310374582,242.8208465576172,2806400,2024-02-26 00:00:00-05:00
242.84965841953863,245.7618924556186,242.3979243920258,243.445556640625,2206300,2024-02-27 00:00:00-05:00
243.94794994872186,247.17470928316442,242.7789865756155,245.37777709960938,1885800,2024-02-28 00:00:00-05:00
245.6965945107947,247.06844377264474,244.85608420719916,245.08795166015625,3022100,2024-02-29 00:00:00-05:00
244.2860664548129,244.88503888237494,242.2669373594404,244.40199279785156,2811400,2024-03-01 00:00:00-05:00
244.76912599442286,246.1989383556185,243.89964889104382,244.87539672851562,1834900,2024-03-04 00:00:00-05:00
245.2425178938347,246.95249052302702,243.83201675520291,245.09759521484375,1368800,2024-03-05 00:00:00-05:00
244.84641841315548,246.33419396893856,242.33457270543093,242.48915100097656,1911000,2024-03-06 00:00:00-05:00
244.75948162381633,244.75948162381633,240.29612532826272,240.59561157226562,2395600,2024-03-07 00:00:00-05:00
239.83239928278343,242.7113500388283,239.21410083702753,242.4505157470703,2409100,2024-03-08 00:00:00-05:00
241.73559911476164,242.95287001838793,238.90494121363875,241.3974609375,1539600,2024-03-11 00:00:00-04:00
240.9627382887626,243.6291477142757,240.76952277817156,242.66305541992188,1633900,2024-03-12 00:00:00-04:00
241.77424029366804,242.27661238942173,240.03528604314755,240.79849243164062,2129000,2024-03-13 00:00:00-04:00
239.04020122712782,239.57155491932147,235.3400808373931,237.71665954589844,2519700,2024-03-14 00:00:00-04:00
235.19514618758294,238.0258040357675,234.9826047215187,235.8520965576172,3258900,2024-03-15 00:00:00-04:00
236.75055664844865,237.2915659320513,235.59124893481476,236.0742950439453,2280700,2024-03-18 00:00:00-04:00
236.01632289887988,236.86647399448663,233.0987203830333,234.48023986816406,3244300,2024-03-19 00:00:00-04:00
234.64448637436251,239.15613533554438,234.4222745468658,237.9581756591797,2564800,2024-03-20 00:00:00-04:00
239.1368082928347,241.87085107018999,238.26733118319274,239.6971435546875,3215400,2024-03-21 00:00:00-04:00
239.9386721375737,240.64391535347553,236.56700487342198,236.6636199951172,1676900,2024-03-22 00:00:00-04:00
236.1805764891463,236.88581971287064,234.42228149629605,235.58160400390625,1974700,2024-03-25 00:00:00-04:00
235.70716912866953,235.94869217692784,232.34517242450485,232.5287322998047,2801900,2024-03-26 00:00:00-04:00
233.9682214213561,236.47041163137519,233.7846762708312,236.3351593017578,2150500,2024-03-27 00:00:00-04:00
237.5331012756541,238.39292280473444,235.93905492961247,237.591064453125,2265900,2024-03-28 00:00:00-04:00
237.17563179570357,237.61037033136745,234.40295193757922,235.05023193359375,2493800,2024-04-01 00:00:00-04:00
234.0551720315246,235.61058113368858,232.70263404537457,234.3063507080078,2019400,2024-04-02 00:00:00-04:00
234.63480740003163,236.6925884989224,232.63500421579172,233.3595733642578,2097200,2024-04-03 00:00:00-04:00
235.02125192679821,236.62495376377174,231.6302588947573,232.5287322998047,2062500,2024-04-04 00:00:00-04:00
233.37890214746645,234.57684705286863,232.55771787275273,233.80397033691406,1503700,2024-04-05 00:00:00-04:00
233.794312355911,235.2434506556377,231.90076515805336,232.1422882080078,2139200,2024-04-08 00:00:00-04:00
232.85720312959953,233.64940581403886,229.93960054118222,232.62533569335938,1736900,2024-04-09 00:00:00-04:00
230.10382883864733,230.55789334351041,227.88182861310918,228.81893920898438,2181000,2024-04-10 00:00:00-04:00
228.82862066429323,229.66911624031997,227.0606700025762,228.15235900878906,1692400,2024-04-11 00:00:00-04:00
226.84811245764797,227.49539247790094,225.3410109488324,226.45201110839844,2595000,2024-04-12 00:00:00-04:00
229.64978589776845,229.85265700683834,224.6067833784697,226.0076141357422,2298000,2024-04-15 00:00:00-04:00
226.48101366825685,226.48101366825685,223.1190165494655,223.4185028076172,2025400,2024-04-16 00:00:00-04:00
223.94016988235038,224.25898207016286,220.14341995603502,221.45730590820312,1997000,2024-04-17 00:00:00-04:00
222.89678657251852,223.56339252823506,221.3317219748513,222.01763916015625,1570200,2024-04-18 00:00:00-04:00
222.86782570829212,224.91593658123634,222.61663228632105,224.210693359375,2971900,2024-04-19 00:00:00-04:00
225.08984090349023,227.65963511093346,224.1720414636198,226.5196533203125,2200000,2024-04-22 00:00:00-04:00
227.41811730139207,229.2730274553862,226.8481263929097,228.27793884277344,1980800,2024-04-23 00:00:00-04:00
225.9399884591179,226.1911818771326,221.54428054063368,224.11407470703125,2951100,2024-04-24 00:00:00-04:00
232.09401546510298,235.34974174283192,228.11370523344385,235.29177856445312,3897500,2024-04-25 00:00:00-04:00
235.62987326933947,236.5283466487824,232.5673628736662,234.55751037597656,2255500,2024-04-26 00:00:00-04:00
235.13717449834894,236.11292229074718,231.3500949314154,232.7799072265625,1625800,2024-04-29 00:00:00-04:00
231.5916324915612,231.92977067144787,228.7416633375083,229.11843872070312,1737000,2024-04-30 00:00:00-04:00
227.82386660383648,229.0411374524982,226.22980565052094,226.99302673339844,1651700,2024-05-01 00:00:00-04:00
227.99774928209416,229.97824115422216,225.30235864755844,229.6304473876953,2440900,2024-05-02 00:00:00-04:00
234.05518550854248,235.12754855055675,231.63028440249832,232.20994567871094,2174700,2024-05-03 00:00:00-04:00
233.61076904104436,233.61076904104436,230.93468933023846,231.09893798828125,1527700,2024-05-06 00:00:00-04:00
233.18567540747225,234.89566277167435,231.66891828120288,234.16143798828125,1585300,2024-05-07 00:00:00-04:00
233.28230624750108,238.04513415728508,233.0118015858427,237.5620880126953,1739000,2024-05-08 00:00:00-04:00
237.25295768925244,240.4603765798587,236.64431480020824,238.24803161621094,1765100,2024-05-09 00:00:00-04:00
239.59087645277677,240.06426695912293,238.25766443913903,239.01121520996094,1299500,2024-05-10 00:00:00-04:00
239.02086789420284,239.9772897103161,237.03072037782567,237.34951782226562,1317200,2024-05-13 00:00:00-04:00
238.45088636809808,238.624775890042,234.91498534126578,236.63462829589844,1357500,2024-05-14 00:00:00-04:00
237.5137676672071,238.50884143043663,237.05970316459985,238.18035888671875,1769200,2024-05-15 00:00:00-04:00
237.79395546900184,238.88564447302227,236.63464767026605,237.5620880126953,1526000,2024-05-16 00:00:00-04:00
237.9581800740049,238.54749693699077,235.07922929254173,236.6636199951172,2105700,2024-05-17 00:00:00-04:00
236.62495714805368,236.62495714805368,233.6397357668206,235.36904907226562,1130300,2024-05-20 00:00:00-04:00
231.86212486944208,231.91043242706928,226.58725504244765,226.99302673339844,2967600,2024-05-21 00:00:00-04:00
226.8094737944834,227.2731939308105,224.6357663073662,226.7515106201172,2634200,2024-05-22 00:00:00-04:00
226.28780091490975,226.91576977032688,223.94020364354444,224.81935119628906,2815700,2024-05-23 00:00:00-04:00
224.1334093565802,226.19119063386867,223.20595427992387,224.1817169189453,2305500,2024-05-24 00:00:00-04:00
224.2782951100976,224.3942361965813,220.50088586584857,221.24476623535156,2480900,2024-05-28 00:00:00-04:00
219.1000494703331,220.597495369063,218.0180308943516,218.22091674804688,3279100,2024-05-29 00:00:00-04:00
218.3851435213014,221.64086949961322,217.8441342509893,221.46697998046875,2840400,2024-05-30 00:00:00-04:00
221.6807352669008,226.67476939067353,220.63140323606703,226.20840454101562,5524500,2024-05-31 00:00:00-04:00
226.3833031481276,226.86910422784462,220.88403136761767,221.83621215820312,2593900,2024-06-03 00:00:00-04:00
221.63215726422433,223.2741671974516,219.81526606792917,221.15606689453125,1820800,2024-06-04 00:00:00-04:00
222.2345333675332,222.58431069953127,219.5820639147392,220.9520263671875,2920800,2024-06-05 00:00:00-04:00
221.18520088050752,222.41913963585452,219.9901345094467,221.8264617919922,2023200,2024-06-06 00:00:00-04:00
221.07834289978027,224.1680453930861,220.25248998171398,221.4961395263672,2555600,2024-06-07 00:00:00-04:00
220.89373356809776,222.48716034840714,219.82496537531122,222.4482879638672,1884800,2024-06-10 00:00:00-04:00
221.3115143825433,222.42885081298306,219.90269437119332,220.9520263671875,1619900,2024-06-11 00:00:00-04:00
222.43860058344123,224.70243539225456,219.35862351943848,220.0387420654297,1931900,2024-06-12 00:00:00-04:00
219.24201012052998,219.7763942459518,215.09327978650896,215.812255859375,3283900,2024-06-13 00:00:00-04:00
215.05440433974243,215.8802720514128,212.3436410154979,215.79283142089844,2130500,2024-06-14 00:00:00-04:00
213.29582229918037,216.19119260250054,213.0626324421886,215.09329223632812,3134500,2024-06-17 00:00:00-04:00
215.09328147412765,217.47370369644156,214.8698023128068,216.2592010498047,2057100,2024-06-18 00:00:00-04:00
215.9968673371645,219.02826124126514,215.18072510536385,218.77565002441406,2267800,2024-06-20 00:00:00-04:00
219.70838577793026,220.16503994714523,216.8032901860796,219.68894958496094,3322600,2024-06-21 00:00:00-04:00
220.22332256717607,222.8660813094859,219.53347859361855,219.9318389892578,2407600,2024-06-24 00:00:00-04:00
218.46473275591083,218.73678015119935,213.34438566338883,217.69715881347656,3079500,2024-06-25 00:00:00-04:00
217.6388423901046,218.74646804853546,216.54092741425424,217.25991821289062,1921500,2024-06-26 00:00:00-04:00
218.2024108555336,218.9311124621208,216.45352403462985,217.12393188476562,1815000,2024-06-27 00:00:00-04:00
218.51330682745015,220.98118446899568,217.94006514533652,219.83468627929688,3492600,2024-06-28 00:00:00-04:00
219.7180909888947,221.4086839238025,217.78459753707045,218.4744415283203,1697300,2024-07-01 00:00:00-04:00
218.4744429658167,219.13512525995037,217.46398333200315,219.0962677001953,1530500,2024-07-02 00:00:00-04:00
219.54321560534225,221.62244349274368,218.6201817559935,219.16429138183594,1219800,2024-07-03 00:00:00-04:00
218.76593934027548,220.2427639048275,216.4923939122,218.77565002441406,1659400,2024-07-05 00:00:00-04:00
218.13437794142698,218.29954851619593,215.8219750691905,217.0461883544922,1781600,2024-07-08 00:00:00-04:00
215.96771939799862,216.5798334815771,214.364581820163,215.48191833496094,1514200,2024-07-09 00:00:00-04:00
216.02600797630998,218.15381895349645,215.62764755605275,218.0372314453125,1832700,2024-07-10 00:00:00-04:00
218.46474279346685,222.4677387870375,217.8914862748326,222.22483825683594,1517900,2024-07-11 00:00:00-04:00
223.1478668222369,225.8294834528448,222.2248477332049,223.6822509765625,1912300,2024-07-12 00:00:00-04:00
224.05144133547927,229.73530450056512,223.74052155954078,229.2883758544922,2569500,2024-07-15 00:00:00-04:00
229.298099462747,236.89603512896784,229.20093332092154,236.15760803222656,3417400,2024-07-16 00:00:00-04:00
236.5268018246383,239.07239441274913,235.86610473144793,236.96401977539062,2933000,2024-07-17 00:00:00-04:00
235.74953601033732,238.8878066829311,235.30259251532982,236.10902404785156,2491300,2024-07-18 00:00:00-04:00
237.84819821915264,237.84819821915264,234.64190830823154,235.43862915039062,3870100,2024-07-19 00:00:00-04:00
235.88555819029574,236.458799874921,234.02008392518658,236.3616485595703,2187000,2024-07-22 00:00:00-04:00
235.35116949885702,236.00214111841126,232.49465698959395,232.69869995117188,2538300,2024-07-23 00:00:00-04:00
231.43562204486906,233.90349973221012,230.11424256850194,230.638916015625,3288800,2024-07-24 00:00:00-04:00
229.16207668558638,232.89302526940253,224.34292364572005,228.66656494140625,3017600,2024-07-25 00:00:00-04:00
230.483456430764,236.24504989459498,229.19122383021053,233.53428649902344,2818600,2024-07-26 00:00:00-04:00
234.14639035571645,236.96403045463205,233.19420964395584,235.2734375,2023000,2024-07-29 00:00:00-04:00
236.24504502570062,240.23833025548157,235.9147038693371,238.46029663085938,1914400,2024-07-30 00:00:00-04:00
238.54775840033048,242.1038109182116,237.53728388586694,239.723388671875,2285700,2024-07-31 00:00:00-04:00
240.34522830331355,242.2592857981338,236.86689069408368,237.527587890625,2166100,2024-08-01 00:00:00-04:00
236.6142507257143,236.97373874716678,229.00660474483863,233.1553497314453,2114600,2024-08-02 00:00:00-04:00
230.279407950782,231.2121524882354,224.69269588628802,228.20018005371094,2494400,2024-08-05 00:00:00-04:00
228.69570370893905,234.65161441381176,228.06415345786093,231.7756805419922,2514600,2024-08-06 00:00:00-04:00
233.03875897063932,235.06940370877206,229.75473927849313,230.11422729492188,1939200,2024-08-07 00:00:00-04:00
230.50289234403846,234.04923415274314,230.17253635579667,233.70916748046875,1444800,2024-08-08 00:00:00-04:00
233.64117151368097,233.64117151368097,230.22112777526837,230.7749481201172,1621100,2024-08-09 00:00:00-04:00
231.58136370525534,231.58136370525534,228.22932463982698,230.02679443359375,1782100,2024-08-12 00:00:00-04:00
231.27044043714963,232.21289563475938,228.54995166545572,230.5320281982422,1486200,2024-08-13 00:00:00-04:00
231.2121509894927,235.3706067566793,230.57089005074218,234.36985778808594,1903100,2024-08-14 00:00:00-04:00
237.0028928750646,238.30485095498526,235.8564095145569,236.78915405273438,2128000,2024-08-15 00:00:00-04:00
237.07089805147015,238.4311349789543,236.4879308965652,237.58584594726562,1951400,2024-08-16 00:00:00-04:00
238.04251668873806,239.65537974768108,237.23608515926657,239.08213806152344,1686500,2024-08-19 00:00:00-04:00
239.08212667654513,240.2188993108083,238.3436996206173,239.49990844726562,1552000,2024-08-20 00:00:00-04:00
240.69497413926155,241.2487944296107,238.04250466696155,238.75177001953125,1482900,2024-08-21 00:00:00-04:00
239.04325188689202,239.98570706423456,235.93412828273293,237.38182067871094,2722300,2024-08-22 00:00:00-04:00
238.04251128816566,239.9760047782474,237.10005607784421,239.83998107910156,2449200,2024-08-23 00:00:00-04:00
240.72413467576666,242.4633107638847,239.98572240553483,240.80186462402344,1680600,2024-08-26 00:00:00-04:00
241.43340487521868,243.3863197081625,241.00589759028267,243.24058532714844,1466200,2024-08-27 00:00:00-04:00
243.35715325535878,247.16583130267577,242.71589237954026,245.4946746826172,2359700,2024-08-28 00:00:00-04:00
246.60232141617817,247.41846360481318,244.25104616293663,246.0096435546875,1287700,2024-08-29 00:00:00-04:00
246.0682529298814,250.346501590044,246.0682529298814,250.14138793945312,2386600,2024-08-30 00:00:00-04:00
249.9264876158924,250.98141739656543,248.1487714589303,249.28182983398438,2585800,2024-09-03 00:00:00-04:00
249.50648182038907,252.07539529991158,246.23429176019386,249.76043701171875,2880300,2024-09-04 00:00:00-04:00
249.85811956110038,250.16090139691903,244.0658575836275,245.6873016357422,2562500,2024-09-05 00:00:00-04:00
245.5603107105429,247.7775858417797,243.45049592801388,243.83143615722656,2406200,2024-09-06 00:00:00-04:00
244.8863664899657,246.28314245064362,244.01704053219476,245.27706909179688,2162500,2024-09-09 00:00:00-04:00
245.99989741096414,246.75200070173395,243.82168633068898,246.7129364013672,1694700,2024-09-10 00:00:00-04:00
244.81799250377077,245.6580165362117,237.77546388133985,241.7509307861328,2372100,2024-09-11 00:00:00-04:00
242.1611730910321,243.72401335338208,239.7094821475156,243.108642578125,1867900,2024-09-12 00:00:00-04:00
244.1342574688765,246.1464042618769,242.77654575582824,243.3332977294922,2267800,2024-09-13 00:00:00-04:00
245.0524072837218,247.69944936304339,243.68491841636762,246.56639099121094,1651000,2024-09-16 00:00:00-04:00
247.3869055811006,249.13531989229938,247.12317312036305,247.660400390625,1640400,2024-09-17 00:00:00-04:00
248.10968482087685,248.64691204332175,244.71052470194508,245.36495971679688,1568200,2024-09-18 00:00:00-04:00
244.19285895557755,248.10970704765927,240.3346147649493,242.66909790039062,3406700,2024-09-19 00:00:00-04:00
237.82428925169881,239.9145793895865,236.90612177820967,239.68992614746094,6802600,2024-09-20 00:00:00-04:00
239.3969068990154,239.6606393591014,237.2187107769881,238.3322296142578,2740600,2024-09-23 00:00:00-04:00
237.54102708810817,243.24536819739194,235.94888501756725,243.177001953125,2772700,2024-09-24 00:00:00-04:00
241.78998563679642,243.49933558565615,239.38713634083456,239.79737854003906,2347200,2024-09-25 00:00:00-04:00
241.2625410742983,242.53234690292757,236.72055992674447,237.58010864257812,2398600,2024-09-26 00:00:00-04:00
238.99641036316757,241.73137316522534,238.273609092065,238.54710388183594,1954500,2024-09-27 00:00:00-04:00
239.30899066959205,241.2722957989077,237.80476928615371,240.75460815429688,2923200,2024-09-30 00:00:00-04:00
240.45180012934426,241.60439806631794,238.0001094197832,239.84620666503906,1925000,2024-10-01 00:00:00-04:00
239.3578350628382,240.47135386504598,236.58380785794847,237.69732666015625,2568300,2024-10-02 00:00:00-04:00
236.79868872137868,237.3554555861003,234.03443871247887,235.04051208496094,1990200,2024-10-03 00:00:00-04:00
236.10518176394754,237.53125964800435,231.6804085562071,233.31161499023438,2137900,2024-10-04 00:00:00-04:00
232.17855039030047,232.61809452351173,229.82452782451261,231.36782836914062,1684100,2024-10-07 00:00:00-04:00
232.15901687946916,233.38975836996164,231.79761623446987,232.04180908203125,1783200,2024-10-08 00:00:00-04:00
231.60225991072508,233.11625851361637,230.40083530001573,232.1590118408203,2046700,2024-10-09 00:00:00-04:00
231.93436553963983,233.38976028863584,230.8013071405966,233.27255249023438,1900700,2024-10-10 00:00:00-04:00
234.5032767550395,236.90612602447248,233.98558911144832,236.6814727783203,1663800,2024-10-11 00:00:00-04:00
237.01357220774713,240.45181167936408,236.3396124672024,239.57272338867188,1735800,2024-10-14 00:00:00-04:00
240.97928552967025,242.9230511323638,239.66063814029542,240.0806427001953,1858000,2024-10-15 00:00:00-04:00
240.21738330213992,244.41750330395783,239.7973787541325,242.3369903564453,1500100,2024-10-16 00:00:00-04:00
241.14532272374416,241.14532272374416,234.91351655874035,236.1051788330078,2177900,2024-10-17 00:00:00-04:00
236.89637805462425,239.0257475611982,235.85124035568688,238.42991638183594,2866100,2024-10-18 00:00:00-04:00
238.0684907693208,238.0684907693208,233.8586083913598,234.7670135498047,1547900,2024-10-21 00:00:00-04:00
235.4800605182715,236.32008455275468,233.0869734714,235.84146118164062,1818400,2024-10-22 00:00:00-04:00
235.6949481206722,236.56427409380788,234.53258773880947,235.74378967285156,2156100,2024-10-23 00:00:00-04:00
224.09089164581465,228.56450642330546,222.2740962549939,225.38999938964844,5181100,2024-10-24 00:00:00-04:00
224.84299401104596,226.49373993737473,223.9541285269693,224.950439453125,2952000,2024-10-25 00:00:00-04:00
224.7160313193506,228.0370631020616,224.7160313193506,226.5914306640625,2493000,2024-10-28 00:00:00-04:00
226.71840408448338,228.9356792754014,226.0835086534891,226.6011962890625,3682100,2024-10-29 00:00:00-04:00
226.12257302474524,229.19939689034044,225.90768213017083,226.77700805664062,3079400,2024-10-30 00:00:00-04:00
225.38022885122572,228.40821112299471,224.9406698159827,226.67933654785156,2594700,2024-10-31 00:00:00-04:00
228.1249513236821,229.38497980478516,226.9039871385889,227.28492736816406,2653300,2024-11-01 00:00:00-04:00
226.56211077253496,227.8123769033359,224.11042005911315,224.5695037841797,2195600,2024-11-04 00:00:00-05:00
225.243483613847,228.45705485938316,224.1690291463951,228.43751525878906,1483700,2024-11-05 00:00:00-05:00
242.31744618181503,245.87289341533952,236.72055033740293,242.71792602539062,5318700,2024-11-06 00:00:00-05:00
243.50911920785236,244.08541077149818,236.57403612933945,236.92567443847656,2921300,2024-11-07 00:00:00-05:00
236.33960741822867,238.45919950417738,235.21631139928738,235.88052368164062,2209300,2024-11-08 00:00:00-05:00
238.19547090964605,240.22715718210137,236.22238853568535,236.329833984375,3299100,2024-11-11 00:00:00-05:00
236.72056984778698,237.0038270139373,233.04789961079175,233.3604736328125,2362900,2024-11-12 00:00:00-05:00
233.84885113069328,235.33353296997058,232.7743965982631,234.82562255859375,2563900,2024-11-13 00:00:00-05:00
234.67908624617476,235.48980827958854,229.3654624619572,230.10780334472656,2766000,2024-11-14 00:00:00-05:00
229.42407830694597,232.3055510453191,228.5645146789326,230.09805297851562,2068500,2024-11-15 00:00:00-05:00
229.61943141276944,229.99060932856761,228.44730866814547,228.96499633789062,1401400,2024-11-18 00:00:00-05:00
227.72449244331557,228.65242232848118,226.47422619511042,227.87100219726562,1773900,2024-11-19 00:00:00-05:00
228.04679874905997,228.87706032361086,226.45465674568825,228.13470458984375,1158000,2024-11-20 00:00:00-05:00
228.63289518150518,234.356761438292,228.2421776679085,233.46791076660156,3490700,2024-11-21 00:00:00-05:00
234.42513004656954,237.03310782981583,233.9074424100646,236.75961303710938,2664900,2024-11-22 00:00:00-05:00
237.8047749256834,244.75938262149555,237.40429506904223,243.52865600585938,4224400,2024-11-25 00:00:00-05:00
241.02811905142826,241.42859892532323,236.82801371525048,239.92437744140625,3305300,2024-11-26 00:00:00-05:00
240.32482807714277,242.13186112421332,239.17224498220818,239.5336456298828,2040800,2024-11-27 00:00:00-05:00
239.39690274811278,240.90113907504818,238.42990858514614,238.97689819335938,1484900,2024-11-29 00:00:00-05:00
238.36151870421835,238.8889835959313,234.8256110774882,235.18701171875,3100000,2024-12-02 00:00:00-05:00
236.1149485866052,236.1149485866052,229.648726626712,231.4850616455078,4196800,2024-12-03 00:00:00-05:00
231.2017833947848,232.3250794279389,228.18356339810316,229.54127502441406,3264900,2024-12-04 00:00:00-05:00
229.86362288580202,230.06873654009064,228.14451053101243,229.1798858642578,2011400,2024-12-05 00:00:00-05:00
230.2152359126906,231.17246763771857,227.9491192852067,228.1444854736328,2585100,2024-12-06 00:00:00-05:00
228.1641583487839,230.8363081409449,227.61401250751837,229.43145751953125,3095700,2024-12-09 00:00:00-05:00
229.24479662462093,234.81504536301279,227.712228329362,232.9189910888672,3092600,2024-12-10 00:00:00-05:00
232.34922018500544,234.23544101149227,229.20551880752737,229.66725158691406,2862600,2024-12-11 00:00:00-05:00
230.12895842363676,230.42368367368985,227.81047610842074,229.5984649658203,2242700,2024-12-12 00:00:00-05:00
229.0777785762432,233.36107596788142,229.0777785762432,230.8461151123047,2715600,2024-12-13 00:00:00-05:00
229.92265513617414,230.94436737712607,227.49612229219971,228.7928924560547,2839500,2024-12-16 00:00:00-05:00
226.6217599725619,228.41956753660804,225.29551881211256,225.83584594726562,3642400,2024-12-17 00:00:00-05:00
225.757240359366,227.0441917509159,220.46206467796432,220.5897674560547,3582400,2024-12-18 00:00:00-05:00
220.47188962914424,222.61354577682596,219.13581482784568,219.22422790527344,2785300,2024-12-19 00:00:00-05:00
219.1947695399524,223.90051013728032,217.95694141342145,222.33848571777344,5949400,2024-12-20 00:00:00-05:00
221.66062024278585,223.51736991216404,220.8059154810819,223.1342315673828,1939300,2024-12-23 00:00:00-05:00
223.7236624760989,225.96355044393434,222.65284186672173,225.7081298828125,669000,2024-12-24 00:00:00-05:00
224.69625748644503,226.73966700248448,224.5194163313211,226.1796875,1021700,2024-12-26 00:00:00-05:00
224.55870760290236,227.6532852242394,224.28363470279902,225.88494873046875,1455900,2024-12-27 00:00:00-05:00
224.16574637508114,225.59024930730791,222.7903818085133,223.78260803222656,1659700,2024-12-30 00:00:00-05:00
