Open,High,Low,Close,Volume,Date,SMA_5,SMA_10,SMA_20,SMA_50,SMA_100,SMA_200,EMA_12,EMA_26,EMA_50,EMA_200,RSI,RSI_21,STOCH_K,STOCH_D,WILLR,CCI,MACD,MACD_signal,MACD_hist,BB_upper,BB_middle,BB_lower,BB_width,BB_position,ATR,NATR,TRANGE,AD,ADOSC,OBV,DOJI,HAMMER,ENGULFING,HARAMI,ADX,AROON_UP,AROON_DOWN,AROONOSC,SAR,SAREXT,Returns,Log_Returns,Volatility_20,Volatility_5,Momentum_5,Momentum_10,Momentum_20,Volume_SMA_20,Volume_Ratio,Volume_Price_Trend,Price_Position_20,Price_Position_50,Trend_Strength_20,Trend_Strength_50,Support_20,Resistance_20,Support_Distance,Resistance_Distance
1871.75,1871.75,1871.75,1871.75,0,2020-10-16 00:00:00-04:00,1867.1,1839.55,1799.7125,1776.28,1701.2375,1662.18625,1835.9789631528604,1805.9881492977595,1772.118842857284,1663.97815920398,68.08448952288398,65.53137789712343,51.15006345177661,63.943645031695354,-3.0131826741996237,82.68733850129183,29.990813855100214,22.028697038850503,7.962116816249711,1897.9697230169297,1799.7125,1701.4552769830705,0.10919213265110914,0.8665761039653437,14.32609371428592,0.765384998759766,10.25,26.0,-1.0842882147699129e-11,-35.0,100,0,0,0,22.843374380988596,21.42857142857143,71.42857142857143,50.0,1797.4331414133283,1797.4331414133283,0.005506312113886747,0.005491207798023099,0.17449373832690837,0.06922532293323384,0.0006682705159049007,0.05095451993262223,0.05644137152532802,1.5,0.0,-0.09487488693404544,0.972027972027972,0.9766081871345029,7.662593984962367,1.860576230492212,1732.75,1875.75,0.07426205422732737,0.0021370375317216507
1858.0,1858.0,1858.0,1858.0,0,2020-10-19 00:00:00-04:00,1863.55,1847.0,1804.6875,1778.375,1704.51,1662.32625,1839.3668149754972,1809.8408789794069,1775.4867313726847,1665.90872478404,63.40341565903967,62.48826907569224,28.64583333333329,45.09752753558819,-13.370998116760829,52.948494650410694,29.525935996089856,23.528144830298373,5.997791165791483,1904.1624811510394,1804.6875,1705.2125188489606,0.11024067175180124,0.7679693898059258,14.284944163265497,0.768834454427637,13.75,26.0,-8.86757334228605e-12,-35.0,100,0,0,0,23.126472583483974,14.285714285714286,64.28571428571429,50.0,1805.2648272719955,1805.2648272719955,-0.007346066515293126,-0.007373181737010718,0.17439082732445982,0.08110168197397105,-0.00946288151406105,0.04177179702831513,0.0565823144725619,1.2,0.0,-0.05000399657140964,0.8758741258741258,0.8961988304093568,7.8445488721804,1.9964585834333692,1732.75,1875.75,0.06741119483315393,0.009553283100107642
1841.0,1841.0,1841.0,1841.0,0,2020-10-20 00:00:00-04:00,1858.4,1853.2,1808.675,1779.9,1707.5975,1662.32125,1839.618074210036,1812.1489620179693,1778.0558791619912,1667.6509265274824,58.08601037180009,58.935394312891056,24.999999999999957,34.93196559503658,-26.17702448210923,19.49668636933554,27.469112192066405,24.316338302651978,3.1527738894144264,1907.2550562994447,1808.675,1710.0949437005552,0.10900803770654736,0.6639530408757847,14.478876723032247,0.7864680457920828,17.0,26.0,-7.254641332110623e-12,-35.0,100,0,0,0,22.629719877112873,7.142857142857143,57.142857142857146,50.0,1812.3133445447959,1812.3133445447959,-0.00914962325080737,-0.009191738140706021,0.17948071439988492,0.09553377151147299,-0.013794027052363766,0.03485103991006189,0.04528034066713982,0.9,0.0,-0.059386993443744096,0.756993006993007,0.7967836257309941,7.6774436090225056,2.110444177671053,1732.75,1875.75,0.05879956545355785,0.018875611080934274
1851.5,1851.5,1851.5,1851.5,0,2020-10-21 00:00:00-04:00,1856.75,1858.3,1814.0125,1781.615,1710.755,1662.46875,1841.4460627931073,1815.063853720342,1780.9360407634817,1669.4802705421343,60.3006137691025,60.39573128139646,11.38211382113817,21.67598238482377,-25.064599483204134,29.702537182852208,26.382209072765136,24.72951245667461,1.6526966160905268,1909.6868794074514,1814.0125,1718.3381205925486,0.1054837046684644,0.6959119057378507,14.194671242815659,0.7666579121153475,10.5,26.0,-5.9330318435968366e-12,-35.0,100,0,0,0,22.484822050800584,0.0,50.0,50.0,1818.6570100903164,1818.6570100903164,0.005703422053231932,0.005687219120589514,0.17441229910643896,0.1115850595077178,-0.004436080118295438,0.028325465148569817,0.0611835506519558,0.6,0.0,-0.0031769153741914025,0.8304195804195804,0.8581871345029239,7.279887218045091,2.244261704681886,1732.75,1875.75,0.06413718606535242,0.013097488522819336
1845.25,1845.25,1845.25,1845.25,0,2020-10-22 00:00:00-04:00,1853.5,1860.175,1819.6375,1783.29,1713.635,1662.68125,1842.03128390186,1817.299864555872,1783.4581568119727,1671.2292230740534,58.325153707537815,59.08255003673728,15.989159891598874,17.457091237578965,-31.52454780361757,7.79545978715685,24.73141934598766,24.72989383453722,0.0015255114504419964,1908.5276674821291,1819.6375,1730.747332517871,0.09770096239732262,0.6440682401973717,13.627194725471684,0.7385012722109028,6.25,26.0,-4.853006885241484e-12,-35.0,100,0,0,0,22.068065406366404,14.285714285714286,42.85714285714286,28.571428571428573,1824.3663090812847,1824.3663090812847,-0.003375641371860638,-0.003381351703505644,0.17220248464018148,0.11138178995149335,-0.008729519204942249,0.010265535176567253,0.06492569614774202,0.3,0.0,0.03808974174000834,0.7702448210922788,0.8216374269005848,6.443045112781953,2.344729891956775,1743.0,1875.75,0.05541254572551145,0.01652892561983471
1845.5,1845.5,1845.5,1845.5,0,2020-10-23 00:00:00-04:00,1848.25,1857.675,1824.725,1785.545,1716.365,1662.89125,1842.5649325323432,1819.3887634776593,1785.8911702703267,1672.963260655406,58.38388272763101,59.119881916569206,24.81268930336358,17.394654338700175,-31.266149870801033,-3.8088062949939254,23.17616905468367,24.41914887856651,-1.2429798238828411,1907.0652847942686,1824.725,1742.3847152057313,0.09024952778557718,0.6261533163985737,12.67168081650942,0.6866258908972864,0.25,26.0,-3.9683811792201595e-12,-35.0,100,0,0,0,21.689466969399373,7.142857142857143,35.714285714285715,28.571428571428573,1829.5046781731562,1829.5046781731562,0.00013548299688381782,0.00013547381989147044,0.17211091278049612,0.09466347058634642,-0.014024308801923291,-0.013365410318096793,0.05835125448028666,0.0,0.0,0.0,0.7721280602636534,0.8230994152046783,5.614285714285672,2.367334933973591,1743.0,1875.75,0.05554050392847467,0.016391221891086428
1831.25,1831.25,1831.25,1831.25,0,2020-10-26 00:00:00-04:00,1842.9,1853.225,1827.85,1788.075,1718.985,1662.99,1840.8241736812136,1820.2673735904252,1787.6699479067845,1674.5382530866955,53.7355226336047,56.058771266646765,13.430575482225366,18.077474892395905,-59.13621262458472,-79.50837041746117,20.5568000907881,23.646679121010827,-3.0898790302227255,1906.097907320268,1827.85,1749.6020926797319,0.08561742738219005,0.5217258206413362,12.784417901044462,0.6981252096133495,14.25,26.0,-3.2436275887448573e-12,-35.0,100,0,0,0,20.673859710912126,0.0,28.571428571428573,28.571428571428573,1875.75,-1875.75,-0.0077214846924952285,-0.007751449704675795,0.17046450096400598,0.09582802506420793,-0.014397201291711514,-0.023723843795815047,0.035335689045936425,0.0,0.0,-0.0,0.664783427495292,0.711038961038961,4.823684210526279,2.2770108043217214,1743.0,1875.75,0.04819112627986348,0.02430034129692833
1825.0,1825.0,1825.0,1825.0,0,2020-10-27 00:00:00-04:00,1839.7,1849.05,1829.775,1790.14,1721.2675,1663.125,1838.3896854225652,1820.617938509653,1789.133871518283,1676.0353848967782,51.78798594317035,54.75317402872566,8.823529411764662,15.688931399117834,-100.00000000000001,-127.9461279461278,17.77174691291225,22.47169267939111,-4.699945766478862,1905.7195356822976,1829.775,1753.8304643177025,0.08300969865944999,0.46856258348872143,12.317673765255572,0.674941028233182,6.25,26.0,-2.6503244043851737e-12,-35.0,100,0,0,0,19.452576277739023,0.0,21.42857142857143,21.42857142857143,1874.86,-1874.86,-0.0034129692832765013,-0.003418806748785609,0.1685122636400188,0.07944160719676424,-0.00869092884302014,-0.022365072987813095,0.0215505177721802,0.0,0.0,-0.0,0.6177024482109228,0.6451048951048951,4.130075187969904,2.2014645858343265,1743.0,1875.75,0.044931506849315066,0.027808219178082193
1811.5,1811.5,1811.5,1811.5,0,2020-10-28 00:00:00-04:00,1831.7,1844.225,1831.425,1791.39,1723.2075,1663.1375,1834.2528107421706,1819.9425356570862,1790.0109745959974,1677.3832915147207,47.76137707532308,52.00614432576577,-4.263256414560601e-14,7.418034964663293,-100.0,-172.70095747049714,14.310275085084413,20.839409160529772,-6.529134075445359,1904.2099744109435,1831.425,1758.6400255890564,0.07948452643263416,0.3631242219891187,12.402125639165888,0.6846329361946392,13.5,26.0,-2.1671553440683056e-12,-35.0,100,0,0,0,18.38291554286986,100.0,14.285714285714286,-85.71428571428572,1872.8655999999999,-1872.8655999999999,-0.0073972602739725835,-0.007424755681459936,0.17010950564081553,0.051805142169180446,-0.02160410477990815,-0.025944347358515918,0.01855496204666851,0.0,0.0,-0.0,0.5160075329566854,0.5506993006993007,3.0593984962405254,2.1509723889555787,1743.0,1875.75,0.03781396632624896,0.03546784432790505
1801.25,1801.25,1801.25,1801.25,0,2020-10-29 00:00:00-04:00,1822.9,1838.2,1834.3375,1791.96,1725.09,1663.1425,1829.1754552433752,1818.557903386191,1790.451720690272,1678.6157960767632,44.90645674220145,50.00602553734436,-4.263256414560601e-14,2.941176470588157,-100.0,-171.4773114977823,10.617551857184253,18.795037699860668,-8.177485842676415,1896.6434537684606,1834.3375,1772.0315462315396,0.06793292266931307,0.23447561590214286,12.248402379225467,0.679994580387257,10.25,26.0,-1.7692514120426495e-12,-35.0,100,0,0,0,17.797504858237794,100.0,7.142857142857143,-92.85714285714286,1869.183664,-1869.183664,-0.005658294231300043,-0.0056743630214000935,0.1535327906596768,0.05162251978342602,-0.023845007451564815,-0.03236637120601671,0.0334193918531267,0.0,0.0,-0.0,0.22997416020671835,0.479020979020979,1.2321428571427788,2.1285234093637473,1779.0,1875.75,0.012352532963219986,0.041360166551006244
1830.25,1830.25,1830.25,1830.25,0,2020-10-30 00:00:00-04:00,1819.85,1834.05,1836.8,1793.19,1727.0625,1663.23875,1829.3407698213175,1819.4239846168434,1792.0124375259475,1680.1245941257507,53.394591874855315,55.1322631011539,32.22222222222218,10.740740740740662,-58.86524822695036,-50.356125356125354,9.916785204474081,17.01938720078335,-7.102601996309268,1894.1771731614638,1836.8,1779.4228268385361,0.06247514499288308,0.4429215519073435,13.444945066423648,0.734596097059071,29.0,26.0,-1.4459544672718039e-12,-35.0,100,0,0,0,17.011192142648113,92.85714285714286,0.0,-92.85714285714286,1863.74897088,-1863.74897088,0.01609993060374748,0.015971701213020297,0.14470689414486365,0.15956117918402013,-0.008263343267407186,-0.02217176439161217,0.027653003930376174,0.0,0.0,0.0,0.5297157622739018,0.6818181818181818,0.3315789473684035,2.161776710684277,1779.0,1875.75,0.02800163912033875,0.024859991804398306
1873.25,1873.25,1873.25,1873.25,0,2020-11-02 00:00:00-05:00,1828.25,1835.575,1841.2875,1795.735,1729.755,1663.55875,1836.0960360026534,1823.4110968674477,1795.1982242896358,1682.0462399553453,62.596518225709296,61.30889787694831,65.55555555555551,32.59259259259252,-0.0,116.5275293182268,12.684939135205695,16.152497587667817,-3.4675584524621215,1895.223868759872,1841.2875,1787.3511312401279,0.05858549385674105,0.7962982189466542,15.556020418821959,0.8304294898610414,43.0,26.0,-1.1795009413617663e-12,-35.0,100,0,0,0,17.595606970578746,85.71428571428572,100.0,14.285714285714286,1801.25,1801.25,0.023494058188771927,0.02322232071766795,0.16458587786131493,0.22486469036465612,0.02293515358361775,0.008207750269106473,0.05032239977572184,0.0,0.0,0.0,0.9741602067183462,0.9825174825174825,0.010714285714203086,2.2345858343337404,1779.0,1875.75,0.050313626050980914,0.0013345789403443214
1901.75,1901.75,1901.75,1901.75,0,2020-11-03 00:00:00-05:00,1843.6,1841.65,1847.425,1798.95,1732.7325,1663.9325,1846.196645848399,1829.21397858097,1799.3767252978855,1684.2323470204662,67.21667324607212,64.69158395879849,98.88888888888886,65.55555555555549,-0.0,185.08009543285587,16.98266726742895,16.318531523620045,0.6641357438089059,1899.5177298190613,1847.425,1795.3322701809386,0.05639496035732042,1.021425928231178,16.480590388906105,0.8666013087370109,28.5,26.0,-9.627854069549358e-13,-35.0,100,0,0,0,18.79830063345819,78.57142857142857,100.0,21.42857142857143,1802.69,1802.69,0.015214199919925342,0.015099624632990525,0.16936710558924947,0.22177910078927565,0.042054794520548056,0.03299837045084186,0.06899943788645313,0.0,0.0,0.0,1.0,1.0,-0.10902255639102368,2.349987995198078,1800.5,1901.75,0.05324043644012094,0.0
1908.75,1908.75,1908.75,1908.75,0,2020-11-04 00:00:00-05:00,1863.05,1847.375,1852.8375,1802.215,1736.1,1664.40625,1855.820238794799,1835.1055357231203,1803.6658733254194,1686.4663535177751,68.2538978017715,65.47013651698167,99.99999999999996,88.14814814814808,-0.0,165.25278491859444,20.71470307167874,17.197765833231784,3.516937238446957,1906.765524949915,1852.8375,1798.9094750500851,0.058211283990004484,1.0183992928716377,15.803405361127096,0.8279452710479159,7.0,26.0,-7.851497230149107e-13,-35.0,100,0,0,0,20.063262667681062,71.42857142857143,100.0,28.571428571428573,1806.6524,1806.6524,0.0036808202970948223,0.0036740626554316778,0.16624637263770345,0.18272900833465353,0.05368479160916362,0.030920874966243517,0.060122188281032996,0.0,0.0,0.0,1.0,1.0,0.026127819548857192,2.477442977190882,1801.25,1908.75,0.056319580877537655,0.0
1895.5,1895.5,1895.5,1895.5,0,2020-11-05 00:00:00-05:00,1881.9,1852.4,1856.2875,1805.23,1739.12,1664.92125,1861.924817441753,1839.57919974363,1807.2672116263834,1688.5462902986928,64.11860420627896,62.721403215610316,94.3736730360934,97.75418730832736,-12.325581395348838,114.12440570523,22.34561769812308,18.227336206210044,4.118281491913034,1911.838439461014,1856.2875,1800.7365605389857,0.05985165494139695,0.8529418258310423,15.621019263903731,0.824110749876219,13.25,26.0,-6.394884621840902e-13,-35.0,100,0,0,0,20.647113928397793,64.28571428571429,92.85714285714286,28.571428571428573,1812.778256,1812.778256,-0.006941715782580182,-0.00696592157645262,0.1639985902699561,0.18999099908802208,0.05232477446217909,0.027232082373662037,0.03777716944976728,0.0,0.0,-0.0,0.8767441860465116,0.9247159090909091,0.21973684210520134,2.556206482593041,1801.25,1908.75,0.04972302822474281,0.006990240042205223
1905.25,1905.25,1905.25,1905.25,0,2020-11-06 00:00:00-05:00,1896.9,1858.375,1858.025,1808.41,1742.15,1665.5175,1868.5902301430217,1844.443703466324,1811.1096739155448,1690.7025461166163,65.76242802859463,63.89268813346969,91.08728805956757,95.15365369855361,-3.255813953488372,111.83853459972885,24.146526676697704,19.411174300307575,4.735352376390129,1917.2947013658668,1858.025,1798.7552986341334,0.06379860482594872,0.8983907368495423,15.201660745053465,0.7978827316653176,9.75,26.0,-5.222489107836736e-13,-35.0,100,0,0,0,21.424093681124873,57.142857142857146,85.71428571428572,28.571428571428573,1818.53656064,1818.53656064,0.005143761540490566,0.005130577589837237,0.14237093164835835,0.1848049288076739,0.04097800846878852,0.03237604985098885,0.018577920342154552,0.0,0.0,0.0,0.9674418604651163,0.9801136363636364,1.1436090225563316,2.6471068427370867,1801.25,1908.75,0.05458601233433932,0.0018370292612518043
1900.25,1900.25,1900.25,1900.25,0,2020-11-09 00:00:00-05:00,1902.3,1865.275,1859.25,1810.87,1745.075,1666.17,1873.4609639671721,1848.5775032095592,1814.6053729776804,1692.7875954089882,64.13963731806469,62.82971383496792,69.70364026082542,85.05486711882877,-7.906976744186047,83.42624135439256,24.883460757612966,20.505631591768655,4.377829165844311,1920.8994120004431,1859.25,1797.6005879995569,0.06631643081935526,0.8325254748553425,14.472970691835359,0.7616350844275942,5.0,26.0,-4.263256414560601e-13,-35.0,100,0,0,0,21.913747597123116,50.0,78.57142857142857,28.571428571428573,1823.9493670016,1823.9493670016,-0.0026243275160739987,-0.002627777100077007,0.14274068601473178,0.13391657149055874,0.014413452555718687,0.03767918088737199,0.013061442089830733,0.0,0.0,-0.0,0.9209302325581395,0.9517045454545454,2.0266917293233058,2.7868907563025367,1801.25,1908.75,0.05209840810419682,0.004473095645309828
1905.5,1905.5,1905.5,1905.5,0,2020-11-10 00:00:00-05:00,1903.05,1873.325,1861.1875,1813.435,1748.275,1666.875,1878.390046433761,1852.7939844532955,1818.1698681550263,1694.9041367482023,65.1131037702221,63.49921661856924,67.15386659580119,75.98159830539802,-3.0232558139534884,79.52690321505915,25.596061980465493,21.523717669508024,4.072344310957469,1926.0118540268654,1861.1875,1796.3631459731346,0.06965913324355061,0.8417889824373367,13.814187070989975,0.7249638977166085,5.25,26.0,-3.481659405224491e-13,-35.0,100,0,0,0,22.507492968948508,42.85714285714286,71.42857142857143,28.571428571428573,1829.0374049815039,1829.0374049815039,0.002762794369161936,0.0027589848677650676,0.14140392143837166,0.08012189386219445,0.001971868016300782,0.044109589041095854,0.020758001874916276,0.0,0.0,0.0,0.9697674418604652,0.9815340909090909,2.8058270676691306,2.927214885954386,1801.25,1908.75,0.054710049855680926,0.001705589084229861
1909.75,1909.75,1909.75,1909.75,0,2020-11-11 00:00:00-05:00,1903.25,1883.15,1863.6875,1815.77,1751.42,1667.70875,1883.2146546747208,1857.0129485678663,1821.761245874437,1697.0419065318022,65.91964165944724,64.04961725393659,70.44025157232701,69.09925280965118,-0.0,75.82372322899501,26.201706106854544,22.459315356977328,3.7423907498772166,1931.8670194688286,1863.6875,1795.5079805311714,0.07316625718510064,0.8378030555133171,13.131030851633549,0.6875785234524702,4.25,26.0,-2.8421709430404007e-13,-35.0,100,0,0,0,23.174047735921242,35.714285714285715,100.0,64.28571428571429,1833.8201606826137,1833.8201606826137,0.0022303857255312476,0.0022279021075540667,0.1402920336863638,0.07698533384816986,0.0005239030779304876,0.054236820314656375,0.02688533405027549,0.0,0.0,0.0,1.0,1.0,3.476879699248149,3.1037935174069577,1801.25,1909.75,0.056813719073177116,0.0
1916.5,1916.5,1916.5,1916.5,0,2020-11-12 00:00:00-05:00,1907.45,1894.675,1866.4375,1818.695,1754.725,1668.5325,1888.335477032456,1861.4193968220984,1825.476491134263,1699.2255691533762,67.21599667455187,64.93147470014094,91.82389937106916,76.47267251306575,-0.0,77.82521289331628,26.916080210357677,23.3506683276534,3.5654118827042787,1938.3754724137425,1866.4375,1794.4995275862575,0.07708586268090145,0.8479560121049258,12.675242933659723,0.6613745334547207,6.75,26.0,-2.3092638912203256e-13,-35.0,100,0,0,0,23.978185146984266,28.571428571428573,100.0,71.42857142857143,1839.8945478280045,1839.8945478280045,0.003534494043722969,0.0035282623991406666,0.1404901695113071,0.04630757428274644,0.011078871010287594,0.0639833448993754,0.029546065001343047,0.0,0.0,0.0,1.0,1.0,4.196804511278175,3.22932773109244,1801.25,1916.5,0.060135663970780066,0.0
1922.5,1922.5,1922.5,1922.5,0,2020-11-13 00:00:00-05:00,1910.9,1903.9,1868.975,1821.895,1758.2775,1669.43625,1893.5915574890014,1865.9438859463874,1829.2813346191938,1701.4472052812034,68.36780775447603,65.71638186525436,99.99999999999999,87.42138364779868,-0.0,79.75638322792211,27.647671542614034,24.210068970645526,3.437602571968508,1944.9504730159733,1868.975,1792.9995269840265,0.08130175418715972,0.8522518378315773,12.198439866969741,0.6345092258501815,6.0,26.0,-1.8829382497642655e-13,-35.0,100,0,0,0,24.889428718793916,21.42857142857143,100.0,78.57142857142857,1847.555093045204,1847.555093045204,0.003130707018001555,0.00312581655918925,0.139841876190671,0.04005435747692111,0.009053929930455284,0.05040295041660969,0.02711366368371837,0.0,0.0,0.0,1.0,1.0,5.081578947368382,3.3359543817526944,1801.25,1922.5,0.06306892067620286,0.0
1945.75,1945.75,1945.75,1945.75,0,2020-11-16 00:00:00-05:00,1920.0,1911.15,1873.3625,1825.425,1762.1025,1670.63125,1901.6159332599243,1871.8554499503587,1833.8487332615784,1703.878078860495,72.4125204750906,68.57790301965322,99.99999999999999,97.27463312368967,-0.0,115.51190294908882,29.760483309565643,25.32015183842955,4.440331471136094,1956.127600585939,1873.3625,1790.5973994140609,0.08835994164070124,0.9373069052507013,12.987837019329046,0.6674977268060669,23.25,26.0,-1.5276668818842154e-13,-35.0,100,0,0,0,26.313399913419506,14.285714285714286,100.0,85.71428571428572,1856.5484818797795,1856.5484818797795,0.012093628088426511,0.012021084459698496,0.1407839041130847,0.06560892018826373,0.02394421786607026,0.03870278926998538,0.04722820236813785,0.0,0.0,0.0,1.0,1.0,6.005075187969901,3.4984513805522246,1801.25,1945.75,0.07426442245920596,0.0
1967.5,1967.5,1967.5,1967.5,0,2020-11-17 00:00:00-05:00,1932.4,1917.725,1879.6875,1829.145,1765.8925,1671.90875,1911.7519435276283,1878.9402314355173,1839.0899594081832,1706.5011825534255,75.56075554445995,70.9588500019159,99.99999999999999,99.99999999999994,-0.0,164.22600524742205,32.811712092111065,26.81846388916585,5.993248202945214,1970.5332311875488,1879.6875,1788.8417688124512,0.09666046211144015,0.9833055931858438,13.613705803662684,0.6919291386867946,21.75,26.0,-1.2434497875801753e-13,-35.0,100,0,0,0,28.08540698398273,7.142857142857143,100.0,92.85714285714286,1869.0366944166103,1869.0366944166103,0.011178208916870158,0.011116194452060796,0.13721292762548085,0.07593598643643566,0.03253739176069281,0.034573419219140256,0.06871265616512767,0.0,0.0,0.0,1.0,1.0,6.838909774436076,3.7251740696278475,1801.25,1967.5,0.08449809402795426,0.0
1984.25,1984.25,1984.25,1984.25,0,2020-11-18 00:00:00-05:00,1947.3,1925.275,1886.325,1833.51,1769.7575,1673.19,1922.905490677224,1886.7409550328864,1844.782510019627,1709.2648523787645,77.6738068394503,72.63551641990053,99.99999999999999,99.99999999999994,-0.0,190.7827900561782,36.16453564433755,28.687678240200192,7.4768574041373554,1986.846030137972,1886.325,1785.803969862028,0.10657869681838712,0.9870871292583807,13.837726817686777,0.6973781941633754,16.75,26.0,-9.947598300641403e-14,-35.0,100,0,0,0,30.032706734775367,0.0,100.0,100.0,1884.7908233099527,1884.7908233099527,0.008513341804320174,0.008477307679426605,0.1382073886706832,0.06654658061323789,0.03901034166775763,0.03955468238375892,0.07169862273832028,0.0,0.0,0.0,1.0,1.0,7.88759398496236,3.9354861944778037,1801.25,1984.25,0.09222628197051783,0.0
1971.0,1971.0,1971.0,1971.0,0,2020-11-19 00:00:00-05:00,1958.2,1932.825,1892.6125,1837.42,1773.2925,1674.26,1930.304645957651,1892.982365771191,1849.7322155090533,1711.8691822058415,72.34515362176398,69.31175299229969,92.84750337381915,97.61583445793967,-11.936936936936936,126.30264800578199,37.32228018645992,30.414598629452136,6.907681557007784,1997.697641076176,1892.6125,1787.5273589238238,0.11104770900136834,0.8729713791942146,13.79574633070915,0.6999363942521131,13.25,26.0,-7.815970093361102e-14,-35.0,100,0,0,0,31.07967736278588,0.0,92.85714285714286,92.85714285714286,1902.6934751141612,1902.6934751141612,-0.006677585989668611,-0.006699980818264693,0.1408589206587706,0.12260330336472539,0.028437255413514162,0.039831179108414716,0.06814794743259722,0.0,0.0,-0.0,0.9275956284153005,0.9473161033797217,8.448684210526249,4.116926770708289,1801.25,1984.25,0.08612379502790461,0.006722475900558092
1971.75,1971.75,1971.75,1971.75,0,2020-11-20 00:00:00-05:00,1968.05,1939.475,1898.925,1841.565,1776.8125,1675.43375,1936.6808542718586,1898.8170053436954,1854.5172266655609,1714.4550609898631,72.46032161507196,69.39498843779796,82.02499255130833,91.62416530837578,-14.084507042253522,102.17669654289374,37.86384892816318,31.904448689194346,5.959400238968833,2007.0551414962606,1898.925,1790.7948585037393,0.11388563686955583,0.8367469929858479,12.86390730708707,0.6524106660117698,0.75,26.0,-6.039613253960852e-14,-35.0,100,0,0,0,32.06831695189824,0.0,85.71428571428572,85.71428571428572,1917.373649593612,1917.373649593612,0.0003805175038051889,0.00038044512538009415,0.1407876778321748,0.12761252614813487,0.02561768530559161,0.03490355596378425,0.06840964508263347,0.0,0.0,0.0,0.9316939890710383,0.9502982107355865,8.835338345864615,4.254417767106839,1801.25,1984.25,0.08647140864714087,0.006339546088500064
1947.5,1947.5,1947.5,1947.5,0,2020-11-23 00:00:00-05:00,1968.4,1944.2,1904.7375,1844.785,1780.11,1676.54875,1938.3453382300343,1902.4231530960142,1858.163609933578,1716.773916104392,63.28361232756831,63.54373703653121,48.691659217974994,74.52138504770078,-41.40845070422535,36.61393181260739,35.92218513402008,32.707995978159495,3.2141891558605877,2010.155296766012,1904.7375,1799.3197032339879,0.11069010482128072,0.7028239126213041,13.677199642295136,0.7022952319535372,24.25,26.0,-4.618527782440651e-14,-35.0,100,0,0,0,31.675380824244844,14.285714285714286,78.57142857142857,64.28571428571429,1929.411392666762,1929.411392666762,-0.01229871941169014,-0.012374974533196971,0.14638839808259627,0.15738648938048544,0.0008993961197480971,0.024865149322457647,0.0634812286689419,0.0,0.0,-0.0,0.7991803278688525,0.8538767395626242,8.460714285714204,4.368823529411759,1801.25,1984.25,0.07509627727856226,0.018870346598202824
1960.0,1960.0,1960.0,1960.0,0,2020-11-24 00:00:00-05:00,1966.9,1949.65,1911.4875,1848.525,1783.5275,1677.6,1941.6768246561828,1906.6881047185316,1862.1571938577515,1719.1940761431542,65.6953115810676,65.13484559720692,33.848690991548125,54.855114253610445,-27.323943661971832,57.23991507431022,34.98871993765124,33.16414077005784,1.8245791675933987,2012.8277036459417,1911.4875,1810.1472963540582,0.10603281857290907,0.7393546601183625,13.593113953559769,0.6935262221203964,12.5,26.0,-3.552713678800501e-14,-35.0,100,0,0,0,31.655040149549734,7.142857142857143,71.42857142857143,64.28571428571429,1939.2823419867448,1939.2823419867448,0.006418485237484006,0.0063979744796596365,0.14471731131157844,0.13906795252544735,-0.003811944091486663,0.028601416950931435,0.07397260273972606,0.0,0.0,0.0,0.8674863387978142,0.9035785288270378,7.991165413533802,4.464117647058812,1801.25,1984.25,0.08099489795918367,0.012372448979591836
1948.75,1948.75,1948.75,1948.75,0,2020-11-25 00:00:00-05:00,1959.8,1953.55,1918.35,1852.015,1786.9175,1678.59875,1942.7650054783085,1909.803800665307,1865.5529901770553,1721.4782146889936,61.76324808614526,62.554841471087094,13.056081539144857,31.86547724955595,-42.261904761904766,23.557243769158923,32.96120481300136,33.12355357864654,-0.1623487656451843,2009.7811763021891,1918.35,1826.9188236978107,0.09532272661629965,0.6662452635385825,13.425748671162642,0.6889415610603024,11.25,26.0,-2.842170943040401e-14,-35.0,100,0,0,0,31.074428984298585,0.0,64.28571428571429,64.28571428571429,1947.3765204291308,1947.3765204291308,-0.005739795918367374,-0.0057563318525766655,0.14315584056132172,0.11390199252158666,-0.01789089076477257,0.020421521141510635,0.07576593982887103,0.0,0.0,-0.0,0.8060109289617486,0.8588469184890656,6.944736842105223,4.518043217286904,1801.25,1984.25,0.07568954457985888,0.018216805644644004
1977.75,1977.75,1977.75,1977.75,0,2020-11-27 00:00:00-05:00,1961.15,1959.675,1927.175,1856.395,1790.27,1679.71375,1948.1473123277995,1914.836852467877,1869.95287291521,1724.0281827020385,67.21129209545602,66.18066641641252,46.38941487247819,31.098062467723683,-7.738095238095238,90.11866008610744,33.3104598599225,33.16093483490174,0.1495250250207647,2004.7077511442783,1927.175,1849.6422488557216,0.08046259539925366,0.8261524920345376,14.538195194651024,0.7350876093869814,29.0,26.0,-2.1316282072803006e-14,-35.0,100,0,0,0,31.313582278771513,7.142857142857143,57.142857142857146,50.0,1948.75,1948.75,0.014881334188582507,0.014771693529519568,0.1439174444900489,0.16731366749343848,0.003424657534246478,0.03195930080876597,0.09798750867453165,0.0,0.0,0.0,0.9577922077922078,0.974155069582505,5.944360902255638,4.585486194477792,1830.25,1984.25,0.074579699153078,0.003286563013525471
2029.75,2029.75,2029.75,2029.75,0,2020-11-30 00:00:00-05:00,1972.75,1970.4,1937.15,1861.555,1794.21,1681.165,1960.7015719696765,1923.3489374702565,1876.2194269185352,1727.0701908343565,74.28613757528814,71.39549706348703,68.3848797250859,42.61012537890294,-0.0,192.89131920710886,37.35263449941999,33.99927476780539,3.353359731614603,2013.5617791966522,1937.15,1860.738220803348,0.0788909265639234,1.1059275217351376,17.214038395033093,0.8480866311138363,52.0,26.0,-1.4210854715202004e-14,-35.0,100,0,0,0,32.54634565519633,0.0,100.0,100.0,1948.75,1948.75,0.02629250410820383,0.02595279784105014,0.15842041286217934,0.24637024897950466,0.02941549385064035,0.055786736020806194,0.10900150252697727,0.0,0.0,0.0,1.0,1.0,5.87932330827063,4.78608643457383,1873.25,2029.75,0.07710309151373322,0.0
2052.75,2052.75,2052.75,2052.75,0,2020-12-01 00:00:00-05:00,1993.8,1981.1,1946.125,1867.44,1798.1925,1682.835,1974.8628685897263,1932.9342013613486,1883.1421944903573,1730.3107859504325,76.68265669791786,73.30704670868933,100.0,71.59143153252133,-0.0,203.4653465346537,41.92866722837766,35.58515325991984,6.34351396845782,2031.9887729196685,1946.125,1860.2612270803315,0.08824075834765852,1.1208963126961304,17.627321366816442,0.8587173969950769,23.0,26.0,-1.0658141036401503e-14,-35.0,100,0,0,0,34.03341445008239,0.0,100.0,100.0,1964.95,1964.95,0.011331444759206777,0.011267724846342288,0.14515335441934324,0.18607515958312731,0.05404364569961495,0.05499164846460225,0.09582276791672228,0.0,0.0,0.0,1.0,1.0,6.5218045112781775,4.983577430972385,1895.5,2052.75,0.07660455486542443,0.0
2058.5,2058.5,2058.5,2058.5,0,2020-12-02 00:00:00-05:00,2013.5,1990.2,1953.9625,1873.385,1802.24,1684.53375,1987.7301195759223,1942.2353716308783,1890.01897117701,1733.5763502693337,77.25341787390994,73.76722353288262,100.0,89.46162657502857,-0.0,171.4263186943156,45.49474794504408,37.56707219694469,7.927675748099389,2050.184544641547,1953.9625,1857.7404553584536,0.09848914156903894,1.0432097207528197,16.778941269186696,0.8151052353260478,5.75,26.0,-7.105427357601002e-15,-35.0,100,0,0,0,35.49580137201268,0.0,100.0,100.0,1982.51,1982.51,0.0028011204481792618,0.002797204621061219,0.13972936302439332,0.19288888024618941,0.0502551020408164,0.04625158831003806,0.0824240830813725,0.0,0.0,0.0,1.0,1.0,7.426503759398514,5.173073229291727,1895.5,2058.5,0.0791838717512752,0.0
2023.75,2023.75,2023.75,2023.75,0,2020-12-03 00:00:00-05:00,2028.5,1994.15,1959.7125,1878.965,1806.1025,1686.105,1993.2716396411652,1948.2734922508132,1895.2633252484998,1736.4636502666538,66.63732815064364,66.49309565157425,85.65531475748195,95.21843825249393,-25.551470588235293,81.27700676122193,44.99814739035196,39.053287235626144,5.944860154725816,2058.1587131064443,1959.7125,1861.266286893556,0.10047005681337863,0.8252410528516714,18.062588321387647,0.8925306150160666,34.75,26.0,-3.552713678800501e-15,-35.0,100,0,0,0,35.337147757669115,0.0,92.85714285714286,92.85714285714286,1997.708,1997.708,-0.016881224192373034,-0.017025336218114438,0.1582028134502107,0.2558055953711758,0.038486209108402836,0.01990676578052164,0.06024885396201696,0.0,0.0,-0.0,0.7868098159509203,0.8933231005372217,7.709586466165396,5.211848739495796,1895.5,2058.5,0.06337245213094503,0.017171093267449044
2043.5,2043.5,2043.5,2043.5,0,2020-12-04 00:00:00-05:00,2041.65,2001.4,1967.1125,1885.18,1810.325,1687.8025,2000.9990796963705,1955.327307639642,1901.076528179931,1739.5187383237019,69.22572950725517,68.35527056220255,71.26682554884884,85.64071343544354,-13.303769401330378,96.78370920163661,45.671772056728514,40.37698419984662,5.2947878568818965,2067.372346773273,1967.1125,1866.8526532267267,0.10193605782411848,0.8809476199018251,18.183117727002816,0.8898026781014347,19.75,26.0,0.0,-35.0,100,0,0,0,35.55959822536537,0.0,85.71428571428572,85.71428571428572,2009.8664,2009.8664,0.009759110562075346,0.009711798012487104,0.1553982739780704,0.24922753464273306,0.03324484894450763,0.036783358701167,0.07807966235821673,0.0,0.0,0.0,0.9052132701421801,0.9524564183835182,7.892669172932205,5.240912364945982,1900.25,2058.5,0.07010031808172254,0.007340347443112307
2017.75,2017.75,2017.75,2017.75,0,2020-12-07 00:00:00-05:00,2039.25,2006.0,1972.7375,1890.66,1814.205,1689.425,2003.5761443584672,1959.9512107774462,1905.6519584473847,1742.2872085891377,62.4254425187373,63.52232417507045,37.93349221551551,64.95187750728205,-36.71171171171171,39.91853360488799,43.62493358102097,41.02657407608149,2.5983595049394808,2071.088462755838,1972.7375,1874.386537244162,0.09971013655474999,0.728836092391623,18.72360931793119,0.9279449544260285,25.75,26.0,3.552713678800501e-15,-35.0,100,0,0,0,34.79468977086777,0.0,78.57142857142857,78.57142857142857,2058.5,-2058.5,-0.01260092977734284,-0.012680994799850333,0.16579790100580563,0.20529682782834643,-0.005912058135238318,0.023329529605680133,0.05904736911166508,0.0,0.0,-0.0,0.7424960505529226,0.8708399366085579,7.639285714285641,5.2064825930372125,1900.25,2058.5,0.05823318052285962,0.020195762606864082
1991.75,1991.75,1991.75,1991.75,0,2020-12-08 00:00:00-05:00,2027.05,2010.425,1977.3125,1895.12,1817.8025,1690.89625,2001.7567375340877,1962.3066766457835,1909.0283522337618,1744.7694254190965,56.40086918544122,59.09277270388449,18.944844124700236,42.71505396302147,-60.13513513513513,-13.362701908957478,39.45006088830428,40.71127143852605,-1.2612105502217688,2070.1058018865087,1977.3125,1884.5191981134913,0.09385800361501659,0.5777938693121291,19.243351509507534,0.9661529564206118,26.0,26.0,3.552713678800501e-15,-35.0,100,0,0,0,33.22376428380488,28.571428571428573,71.42857142857143,42.85714285714286,2057.685,-2057.685,-0.012885639945483862,-0.012969379944006319,0.17414349209244562,0.1836213375412366,-0.02971623431981485,0.02272143774069324,0.04815155900539403,0.0,0.0,-0.0,0.5637254901960784,0.7884310618066561,6.766353383458661,5.145786314525812,1905.5,2058.5,0.04330362746328605,0.033513242123760514
2038.25,2038.25,2038.25,2038.25,0,2020-12-09 00:00:00-05:00,2023.0,2018.25,1983.95,1900.155,1821.83,1692.665,2007.3710856057664,1967.932108005355,1914.0958678324378,1747.6896301412946,63.234737752496216,63.829291763235155,29.951690821256037,28.9433423871572,-18.243243243243242,67.60800134476371,39.43897760041136,40.45681267090311,-1.0178350704917491,2074.203199389277,1983.95,1893.6968006107231,0.09098334069838142,0.8008203607597062,21.19025497311414,1.0396298281915437,46.5,26.0,3.552713678800501e-15,-35.0,100,0,0,0,32.74131480970617,21.42857142857143,64.28571428571429,42.85714285714286,2055.0476,-2055.0476,0.023346303501945442,0.023077947282544673,0.18935760279118738,0.27870169017522683,-0.009837260140879267,0.03992346938775504,0.06966675413277357,0.0,0.0,0.0,0.8638655462184874,0.9358161648177497,6.503007518796928,5.2165546218487435,1909.75,2058.5,0.0630442781798111,0.009934993254016927
2054.75,2054.75,2054.75,2054.75,0,2020-12-10 00:00:00-05:00,2029.2,2028.85,1991.2,1905.68,1825.8325,1694.52,2014.6601493587254,1974.3630629679215,1919.6117161527343,1750.7449572045653,65.31241701359578,65.32516218265135,63.28502415458937,37.39385303351516,-3.378378378378378,85.83286172420284,40.297086390804,40.42486741488329,-0.12778102407929026,2079.7256460015915,1991.2,1902.6743539984084,0.08891688027480067,0.8589355337709568,20.855236760748845,1.0149768468547922,16.5,26.0,3.552713678800501e-15,-35.0,100,0,0,0,32.59013736548506,14.285714285714286,57.142857142857146,42.85714285714286,1991.75,1991.75,0.008095179688458298,0.008062589485589277,0.19000380979896042,0.24863491948020539,0.015318097591105584,0.05439384220654264,0.07592616834664212,0.0,0.0,0.0,0.9735915492957746,0.9881141045958796,6.3428571428571345,5.282376950780327,1916.5,2058.5,0.0672831244676968,0.0018250395425234212
2018.0,2018.0,2018.0,2018.0,0,2020-12-11 00:00:00-05:00,2024.1,2032.875,1996.275,1911.18,1829.495,1696.19,2015.1739725343061,1977.5954286740014,1923.4700802251762,1753.4042113617338,57.51611803380952,59.56432157093353,77.17391304347827,56.803542673107835,-36.486486486486484,12.802582033351266,37.57854386030476,39.855602703967584,-2.2770588436628216,2078.5027173463977,1996.275,1914.0472826536027,0.08238115224244909,0.6321026577235491,21.990576992123927,1.0897213573896891,36.75,26.0,3.552713678800501e-15,-35.0,100,0,0,0,31.336001294190904,7.142857142857143,50.0,42.85714285714286,1993.01,1993.01,-0.017885387516729523,-0.018047264115055122,0.2049283151154512,0.2780107251054553,-0.012478590653290933,0.020351409429907763,0.05296112705452649,0.0,0.0,-0.0,0.7022058823529411,0.855098389982111,5.546240601503696,5.148259303721501,1922.5,2058.5,0.04732408325074331,0.020069375619425175
2050.0,2050.0,2050.0,2050.0,0,2020-12-14 00:00:00-05:00,2030.55,2034.9,2002.65,1916.56,1833.3825,1697.9,2020.5318229136437,1982.958730253705,1928.4320378634045,1756.3554132387314,61.7928735438367,62.581324344980416,78.04232804232804,72.83375508013184,-7.744874715261959,72.57497168067708,37.573092659938766,39.39910069516182,-1.8260080352230545,2080.672817175482,2002.65,1924.6271828245183,0.07791957374027605,0.8034368772759412,22.70553577840079,1.1075871111415019,32.0,26.0,3.552713678800501e-15,-35.0,100,0,0,0,30.782411494061243,0.0,42.85714285714286,42.85714285714286,1994.2448,1994.2448,0.015857284440039754,0.015732871218899706,0.210224643593304,0.28544652372042406,0.015983149547763587,0.009976598103214718,0.06631989596879073,0.0,0.0,0.0,0.9246119733924612,0.9695885509838998,5.148872180451085,5.156086434573834,1945.75,2058.5,0.05085365853658536,0.004146341463414634
2025.0,2025.0,2025.0,2025.0,0,2020-12-15 00:00:00-05:00,2037.2,2032.125,2006.6125,1921.39,1837.03,1699.43875,2021.2192347730831,1986.0728983830602,1932.219016770722,1759.0284937040176,56.967897769349506,58.9719197201235,51.05820105820104,68.75814738133573,-30.523917995444194,4.015539338488726,35.14633639002295,38.54854783413405,-3.4022114441110958,2080.6201811891838,2006.6125,1932.6048188108164,0.07376379962666803,0.6242269701235234,22.86942607994359,1.129354374318202,25.0,26.0,3.552713678800501e-15,-35.0,100,0,0,0,29.57908156102081,7.142857142857143,35.714285714285715,28.571428571428573,1995.454904,1995.454904,-0.012195121951219523,-0.01227009259181436,0.2143860087437713,0.2830106548302972,0.01669386218149871,-0.013518450858604258,0.040729795708595695,0.0,0.0,-0.0,0.6981981981981982,0.8801431127012522,4.569736842105245,5.085378151260511,1947.5,2058.5,0.03827160493827161,0.01654320987654321
2044.25,2044.25,2044.25,2044.25,0,2020-12-16 00:00:00-05:00,2038.4,2030.7,2010.45,1926.695,1840.7875,1701.05375,2024.762429423378,1990.3823133176484,1936.6123886620662,1761.866518642286,59.58473995085755,60.79984576580305,60.97883597883597,63.359788359788304,-17.647058823529413,50.01613423685083,34.38011610572971,37.71486148845318,-3.3347453827234688,2083.9046799053667,2010.45,1936.9953200946336,0.07307287413799553,0.7300738362997783,22.610895645661905,1.106072918951298,19.25,26.0,3.552713678800501e-15,-35.0,100,0,0,0,28.83553838949072,0.0,28.571428571428573,28.571428571428573,1996.64080592,1996.64080592,0.009506172839506277,0.00946127350144723,0.2135257705703061,0.2346097678468861,0.0029437017048938863,-0.00692251639543362,0.03900889453621348,0.0,0.0,0.0,0.8716216216216216,0.9447674418604651,4.489849624060094,5.025750300120042,1947.5,2058.5,0.04732787085728262,0.006970771676654029
2061.0,2061.0,2061.0,2061.0,0,2020-12-17 00:00:00-05:00,2039.65,2034.425,2014.2875,1931.905,1844.51,1702.8125,2030.33744028132,1995.6132530718967,1941.4903342047303,1764.8429711931092,61.76360659717335,62.33308815185254,63.49206349206347,58.509700176366785,-0.0,102.54777070063685,34.724187209423235,37.11672663264719,-2.3925394232239583,2089.855064966737,2014.2875,1938.719935033263,0.07503155827232894,0.80907771092374,22.19226024240034,1.0767714819214138,16.75,26.0,3.552713678800501e-15,-35.0,100,0,0,0,28.456372128728024,0.0,100.0,100.0,1997.8029898016,1997.8029898016,0.00819371407606706,0.008160327848372432,0.2133994518896692,0.23480704576060202,0.0030417325708724796,0.018406423718344556,0.03867960186468444,0.0,0.0,0.0,1.0,1.0,4.798308270676673,5.032713085234077,1947.5,2061.0,0.05507035419699175,0.0
2071.25,2071.25,2071.25,2071.25,0,2020-12-18 00:00:00-05:00,2050.3,2037.2,2019.3,1936.8,1848.34,1704.7925,2036.63168023804,2001.215975066571,1946.5789485496427,1767.8917973503917,63.07548566457017,63.25651342796039,90.47619047619047,71.64902998236327,-0.0,122.7058823529409,35.41570517146897,36.776522340411546,-1.3608171689425745,2096.0081481982234,2019.3,1942.5918518017766,0.07597498954907483,0.8386211323062759,21.33924165365746,1.030259102168133,10.25,26.0,3.552713678800501e-15,-35.0,100,0,0,0,28.291700479428073,42.85714285714286,100.0,57.142857142857146,2000.330870209536,2000.330870209536,0.004973313925278999,0.004960987850313645,0.21112198705549126,0.1671922432516074,0.026387512388503565,0.013579642769757871,0.050862506341958325,0.0,0.0,0.0,1.0,1.0,4.9285714285713675,5.102448979591842,1947.5,2071.25,0.05974652987326494,0.0
2035.25,2035.25,2035.25,2035.25,0,2020-12-21 00:00:00-05:00,2047.35,2038.95,2022.475,1940.095,1851.7925,1706.665,2036.4191140475723,2003.7370139505288,1950.0562446849508,1770.5520779737708,55.830290516232004,58.011752880830954,74.05405405405403,76.00743600743596,-45.283018867924525,-11.260435756465478,32.68210009704353,35.957637891737946,-3.275537794694415,2096.248284459907,2022.475,1948.7017155400927,0.07295346984255158,0.5865828334303238,22.386438678396214,1.0999355695072455,36.0,26.0,3.552713678800501e-15,-35.0,100,0,0,0,27.103763203083304,35.714285714285715,92.85714285714286,57.142857142857146,2004.5860179969638,2004.5860179969638,-0.01738080869040437,-0.01753362828668558,0.22266055194187093,0.19819659983792454,-0.007195121951219519,0.008673026886383273,0.032204894129580275,0.0,0.0,-0.0,0.7090909090909091,0.8666666666666667,4.405639097744292,5.171728691476599,1947.5,2071.25,0.04311509642550055,0.017688244687384842
2007.5,2007.5,2007.5,2007.5,0,2020-12-22 00:00:00-05:00,2043.85,2040.525,2025.475,1942.73,1854.9375,1708.2725,2031.970019578715,2004.015753657897,1952.3089409718154,1772.909768740201,50.970132218241616,54.36355766027031,40.7207207207207,68.41698841698836,-80.18867924528301,-102.31656489289476,27.95426592081799,34.356963497553956,-6.402697576735967,2091.255677254054,2025.475,1959.694322745946,0.0649533341601885,0.36337173201654627,22.769550201367913,1.1342241694330217,27.75,26.0,3.552713678800501e-15,-35.0,100,0,0,0,25.306370258858436,28.571428571428573,85.71428571428572,57.142857142857146,2071.25,-2071.25,-0.013634688613192503,-0.013728494633170394,0.22382040123293054,0.20334194088399785,-0.00864197530864197,0.00790761892807823,0.030808729139923052,0.0,0.0,-0.0,0.47959183673469385,0.7638888888888888,3.0078947368420863,5.172749099639851,1948.75,2071.25,0.029265255292652552,0.031755915317559155
2022.75,2022.75,2022.75,2022.75,0,2020-12-23 00:00:00-05:00,2039.55,2038.975,2028.6125,1945.85,1857.84,1709.98125,2030.5515550281434,2005.403475609164,1955.071335443509,1775.3957411905471,53.37236692269944,55.9616052808231,15.361243596537696,43.37867279043744,-61.0062893081761,-43.89773275446227,25.148079418979478,32.51518668183906,-7.367107262859584,2087.1941684211074,2028.6125,1970.0308315788923,0.05775540515609321,0.4499630160935505,22.23243947269878,1.0991194894425302,15.25,26.0,3.552713678800501e-15,-35.0,100,0,0,0,23.980538927978476,21.42857142857143,78.57142857142857,57.142857142857146,2069.975,-2069.975,0.0075965130759652055,0.007567804867032373,0.2241946362511163,0.197086112520735,-0.010517304634951707,-0.0076045627376425395,0.03201530612244907,0.0,0.0,0.0,0.6040816326530613,0.8203703703703704,1.9351503759398194,5.17495798319329,1948.75,2071.25,0.036583858608330244,0.023977258682486714
2022.75,2022.75,2022.75,2022.75,0,2020-12-24 00:00:00-05:00,2031.9,2035.775,2032.3125,1949.11,1860.4725,1711.8175,2029.3513157930445,2006.6884033418185,1957.7254007202341,1777.8569775966114,53.37236692269944,55.961605280823115,15.947712418300634,24.00989224518631,-61.0062893081761,-37.91374122367102,22.66291245122602,30.544731835716455,-7.881819384490434,2078.228966273009,2032.3125,1986.396033726991,0.04518642312440539,0.3958706889251504,20.64440808179172,1.0206109544823494,0.0,26.0,3.552713678800501e-15,-35.0,100,0,0,0,22.749409835018508,14.285714285714286,71.42857142857143,57.142857142857146,2068.7255,-2068.7255,0.0,0.0,0.2225981368523503,0.17790599211584457,-0.018558951965065518,-0.015573670762866532,0.037973059653624075,0.0,0.0,0.0,0.48128342245989303,0.8203703703703704,0.5904135338345039,5.14504201680674,1977.75,2071.25,0.02224694104560623,0.023977258682486714
2022.75,2022.75,2022.75,2022.75,0,2020-12-28 00:00:00-05:00,2022.2,2036.25,2034.5625,1952.335,1863.18,1713.59125,2028.3357287479607,2007.8781512424246,1960.2753850057152,1780.2937240881874,53.372366922699456,55.961605280823115,34.26603073661895,21.858328917152395,-61.0062893081761,-40.05458887751632,20.457577505536165,28.527300969680397,-8.069723464144232,2073.4334001053535,2034.5625,1995.6915998946465,0.038210573629813276,0.34805471486402334,19.169807504520882,0.9477101720193244,0.0,26.0,3.552713678800501e-15,-35.0,100,0,0,0,21.606218534412825,7.142857142857143,64.28571428571429,57.142857142857146,2067.50099,-2067.50099,0.0,0.0,0.2173453622420669,0.16573748193676718,-0.023415811707905854,0.002353815659068337,0.022753128555176305,0.0,0.0,0.0,0.389937106918239,0.8203703703703704,-0.40770676691731345,5.103757503001211,1991.75,2071.25,0.01532567049808429,0.023977258682486714
2002.25,2002.25,2002.25,2002.25,0,2020-12-29 00:00:00-05:00,2015.6,2031.475,2033.1875,1954.945,1865.6125,1715.21375,2024.3225397098129,2007.461251150393,1961.9214483388243,1782.502244246514,49.31562548672832,53.06974787363531,26.292174527468628,25.501972560796037,-100.00000000000001,-126.70231729055271,16.86128855941979,26.194098487628274,-9.332809928208484,2074.510276709708,2033.1875,1991.8647232902922,0.04064826948789307,0.12566044124605044,19.26482125419796,0.9621586342463709,20.5,26.0,3.552713678800501e-15,-35.0,100,0,0,0,20.160685157232844,0.0,57.142857142857146,57.142857142857146,2066.3009702,-2066.3009702,-0.010134717587442887,-0.010186423484157442,0.1993139564614115,0.13609827438981653,-0.01621422429676944,-0.02329268292682929,-0.013548466559921146,0.0,0.0,-0.0,0.1320754716981132,0.7444444444444445,-0.9453007518797653,5.023853541416583,1991.75,2071.25,0.005244100387064552,0.03446123111499563
2024.5,2024.5,2024.5,2024.5,0,2020-12-30 00:00:00-05:00,2019.0,2031.425,2031.775,1958.275,1868.325,1717.07125,2024.3498412929187,2008.7233806948084,1964.3755091882822,1784.9101821147078,53.451150518330415,55.67982664636521,51.65165165165163,37.40328563857971,-67.7536231884058,-33.473980309423354,15.62646059811027,24.080570909724674,-8.454110311614404,2072.2490348865667,2031.775,1991.3009651134332,0.03984106004510023,0.4101275667179091,19.47804830746954,0.962116488390691,22.25,26.0,3.552713678800501e-15,-35.0,100,0,0,0,19.213657585780226,92.85714285714286,50.0,-42.85714285714286,2063.738931392,-2063.738931392,0.01111249843925588,0.01105120826842421,0.19914146017569387,0.13022985862007105,0.008468244084682386,-0.0002469135802468658,-0.013762026549750339,0.0,0.0,0.0,0.4119496855345912,0.8268518518518518,-0.7605263157895467,4.9500960384153565,1991.75,2071.25,0.01617683378612003,0.023092121511484317
1990.0,1990.0,1990.0,1990.0,0,2020-12-31 00:00:00-05:00,2012.45,2026.0,2028.35,1961.255,1870.5775,1718.86375,2019.0652503247773,2007.336463606304,1965.3803911808986,1786.9508768200342,47.04179696503251,51.05673849317498,33.333333333333314,37.092386504151165,-100.0,-149.3917274939173,11.728786718473202,21.61021407147438,-9.881427353001179,2070.745872440628,2028.35,1985.9541275593717,0.041803310514090836,0.047715404917002054,20.551044856936,1.0327158219565828,34.5,26.0,3.552713678800501e-15,-35.0,100,0,0,0,18.263854040403775,100.0,42.85714285714286,-57.142857142857146,2061.27937413632,-2061.27937413632,-0.017041244751790585,-0.017188117753677755,0.2069266071759523,0.171157301133277,-0.01619082931652449,-0.026537850067261837,-0.03327665776050526,0.0,0.0,-0.0,0.0,0.6990740740740741,-0.9353383458646962,4.737539015606235,1990.0,2071.25,0.0,0.04082914572864322
2023.25,2023.25,2023.25,2023.25,0,2021-01-04 00:00:00-05:00,2012.55,2022.225,2028.325,1964.69,1873.1525,1720.8525,2019.7090579671192,2008.515244079911,1967.6497876051772,1789.3021118765512,52.903250700870515,54.85033136895354,65.45893719806762,50.14797406101749,-59.07692307692308,-21.751412429378533,11.19381388720808,19.52693403462112,-8.333120147413041,2070.732281214427,2028.325,1985.9177187855732,0.04181507521174064,0.44016357740149525,21.45811308144057,1.0605764528081338,33.25,26.0,3.552713678800501e-15,-35.0,100,0,0,0,17.3740430313241,92.85714285714286,35.714285714285715,-57.142857142857146,2057.0026116881404,-2057.0026116881404,0.01670854271356781,0.016570490657273156,0.20839381766028817,0.22389477015706197,0.00024718823384017874,-0.018316351285783572,-0.0002470660901791044,0.0,0.0,0.0,0.40923076923076923,0.8222222222222222,-1.080827067669175,4.614621848739495,1990.0,2071.25,0.01643395526998641,0.023724206104040527
2042.0,2055.0,2042.0,2050.0,20,2021-01-05 00:00:00-05:00,2018.0,2020.1,2028.65,1968.785,1876.0375,1723.16125,2024.3692028952546,2011.5881889628806,1970.8792076990917,1791.8961207136003,57.024335247010995,57.62486710760959,62.89483463396505,53.89570172178863,-26.153846153846153,80.80746601744829,12.78101393237398,18.177750014171693,-5.396736081797712,2071.613472857759,2028.65,1985.686527142241,0.04235671294482442,0.7484668787214241,22.19324786133767,1.082597456650618,31.75,30.615384615384617,1.46853146853147,-15.0,0,0,0,0,17.235313773909102,85.71428571428572,28.571428571428573,-57.142857142857146,1990.0,1990.0,0.013221302360064247,0.01313466375664259,0.2108765092353533,0.2423303648648108,0.013471758744283857,-0.0102595051297526,0.0031808172253486866,1.0,20.0,0.26442604720128493,0.7384615384615385,0.9212962962962963,-0.5315789473684308,4.522845138055226,1990.0,2071.25,0.02926829268292683,0.010365853658536586
2038.0,2038.0,2038.0,2038.0,0,2021-01-06 00:00:00-05:00,2025.15,2020.375,2029.6625,1972.635,1879.09,1725.55625,2026.466248603677,2013.5446194100746,1973.5113956324606,1794.3449155323706,54.711517067714674,56.00380356579166,87.51021924934965,71.95466369379407,-40.92307692307692,32.34050919099564,12.921629193602485,17.126525850057853,-4.204896656455368,2072.5050241436866,2029.6625,1986.8199758563132,0.042216402129602,0.5973040240584041,21.46515872838498,1.0532462575262505,12.0,30.615384615384617,1.935791481246028,-15.0,100,0,0,0,16.993744527340848,78.57142857142857,21.42857142857143,-57.142857142857146,1991.3,1991.3,-0.005853658536585371,-0.005870858349783745,0.2067457009890987,0.2295320559216359,0.017854913222624447,0.0013511853580641109,0.010035931111386454,1.0,0.0,0.26442604720128493,0.5907692307692308,0.8768518518518519,-0.5701127819549119,4.3837815126050454,1990.0,2071.25,0.023552502453385672,0.016315014720314033
2039.25,2039.25,2039.25,2039.25,0,2021-01-07 00:00:00-05:00,2028.1,2023.55,2032.0375,1976.795,1882.435,1727.95625,2028.4329795877268,2015.4487216759949,1976.089380117462,1796.7817820444864,54.91663848187092,56.138758599182104,80.6410256410256,77.01535984144674,-39.38461538461539,39.464411557434815,12.984257911731902,16.29807226239266,-3.31381435066076,2071.3291260162646,2032.0375,1992.7458739837352,0.038672146568421766,0.5917816432057876,20.021218819214624,0.9817932484597095,1.25,30.615384615384617,1.9509622608796207,-15.0,100,0,0,0,16.79761840653419,71.42857142857143,14.285714285714286,-57.142857142857146,1992.574,1992.574,0.0006133464180568815,0.0006131583980196259,0.2005443679158688,0.21986687791495174,0.007285749567794486,0.01581569115815684,0.02384837454499822,1.0,0.0,0.26442604720128493,0.6061538461538462,0.8814814814814815,-1.0317669172932769,4.1942737094837845,1990.0,2071.25,0.02415103592006865,0.015692043643496384
2022.25,2022.25,2022.25,2022.25,0,2021-01-08 00:00:00-05:00,2034.55,2023.5,2031.2375,1980.74,1885.44,1730.33,2027.4817519588457,2015.9525200703656,1977.8996005050126,1799.025246899765,51.50033181904322,53.78291477086887,49.87179487179484,72.67434658738999,-60.30769230769231,-19.68321765438704,11.529231888480126,15.344304187610154,-3.815072299130028,2070.6419651657775,2031.2375,1991.8330348342224,0.03879848138465102,0.38595835570678516,19.805417474985006,0.979375323277785,17.0,30.615384615384617,1.7798082833770366,-15.0,100,0,0,0,16.102405725945907,64.28571428571429,7.142857142857143,-57.142857142857146,1993.8225200000002,1993.8225200000002,-0.008336398185607496,-0.008371340282627836,0.18520175490775892,0.17830229271226103,0.016206030150753836,-0.0002471882338400677,-0.007849871213050363,1.0,0.0,0.26442604720128493,0.39692307692307693,0.8185185185185185,-1.0734962406014759,3.9294837935174014,1990.0,2071.25,0.015947583137594264,0.024230436395104464
2000.75,2000.75,2000.75,2000.75,0,2021-01-11 00:00:00-05:00,2030.05,2021.3,2028.5375,1984.525,1887.9575,1732.68,2023.369174734408,2014.8264074725607,1978.7956946028553,1801.0324583733993,47.477644397407445,50.94398007946989,25.25641025641023,51.92307692307685,-83.46153846153845,-113.24678950307184,8.542767261847303,13.983996802457584,-5.441229540610282,2068.5235209948537,2028.5375,1988.5514790051461,0.03942349697242845,0.1525348195613641,19.926459083914647,0.9959494731433036,21.5,30.615384615384617,1.5479899940917008,-15.0,100,0,0,0,15.050851130016179,57.142857142857146,0.0,-57.142857142857146,1995.0460696000002,1995.0460696000002,-0.010631722091729467,-0.010688642650906407,0.18583220306782777,0.15222775539174657,-0.01112072161126898,-0.01087628228896309,-0.02628056941233725,1.0,0.0,0.26442604720128493,0.13230769230769232,0.7388888888888889,-1.1377819548872772,3.562100840336145,1990.0,2071.25,0.005372985130576034,0.03523678620517306
2015.5,2015.5,2015.5,2015.5,0,2021-01-12 00:00:00-05:00,2023.15,2020.575,2028.4125,1988.81,1890.385,1735.0625,2022.158532467576,2014.876303215334,1980.2350791282336,1803.1664637627186,50.34328979022193,52.74094244977869,12.77056277056274,29.29958929958923,-60.76923076923077,-25.144958280299416,7.282229252241905,12.643643292414449,-5.361414040172544,2068.5448669249945,2028.4125,1988.2801330750056,0.03957022245228175,0.3391261095547531,19.556712006492173,0.9703156540060617,14.75,30.615384615384617,1.312428876284823,-15.0,100,0,0,0,14.275953200055806,50.0,64.28571428571429,14.285714285714286,1996.2451482080003,1996.2451482080003,0.007372235411720496,0.007345193310064823,0.17730368159122642,0.116336672504117,-0.016829268292682942,-0.0035842293906810374,-0.0012388503468780954,1.0,0.0,0.26442604720128493,0.31384615384615383,0.7686721991701245,-1.4904135338346067,3.186146458583453,1990.0,2071.25,0.012651947407591168,0.027660630116596377
2007.5,2007.5,2007.5,2007.5,0,2021-01-13 00:00:00-05:00,2017.05,2021.1,2026.2875,1992.355,1892.7725,1737.45,2019.9033736264105,2014.3299103845686,1981.30429171144,1805.1996332775175,48.78847679573231,51.663199385845445,18.614718614718583,18.88056388056381,-73.07692307692308,-69.4951209164187,5.573463241841864,11.229607282299932,-5.656144040458068,2066.1222445705585,2026.2875,1986.4527554294414,0.03931795914504585,0.2641819948572538,18.731232577457018,0.9330626439580084,8.0,30.615384615384617,1.0967512484288449,-15.0,100,0,0,0,13.324457982883741,42.85714285714286,57.142857142857146,14.285714285714286,1997.4202452438403,1997.4202452438403,-0.003969238402381503,-0.003977136736303697,0.16747656836914115,0.11455490387896682,-0.014965652600588797,0.0026220501935323437,-0.02073170731707319,1.0,0.0,0.26442604720128493,0.2153846153846154,0.678030303030303,-1.448308270676732,2.841812725090046,1990.0,2071.25,0.008717310087173101,0.031755915317559155
1997.75,1997.75,1997.75,1997.75,10,2021-01-14 00:00:00-05:00,2008.75,2018.425,2024.925,1994.845,1895.29,1739.87875,2016.4951622992703,2013.1017688746006,1981.9492214482464,1807.1155573245073,46.887852721767736,50.34663610968101,18.614718614718583,16.666666666666597,-88.07692307692308,-99.91296779808529,3.393393424669739,9.662364510773894,-6.268971086104155,2066.661404972161,2024.925,1983.188595027839,0.04122266747870765,0.17444488788473397,18.089715964781515,0.9055044907912159,9.75,30.615384615384617,0.9088148326305969,-25.0,100,0,0,0,12.587849292207009,35.714285714285715,50.0,14.285714285714286,2055.0,-2055.0,-0.0048567870485678455,-0.004868619566344539,0.16293104704005754,0.1102139238247199,-0.02035061910015934,-0.013213139046678202,-0.013456790123456797,1.5,6.666666666666667,0.21585817671560648,0.09538461538461539,0.5817923186344239,-1.8763157894737523,2.5628211284514046,1990.0,2071.25,0.003879364284820423,0.03679139031410337
1973.25,1973.25,1973.25,1973.25,0,2021-01-15 00:00:00-05:00,1998.95,2016.75,2021.375,1996.275,1897.6125,1742.30125,2009.8420604070748,2010.1497859950005,1981.6080755090995,1808.7686363561043,42.41630423869569,47.17472790065464,5.844155844155814,14.357864357864287,-100.0,-165.68807339449577,-0.30772558792568816,7.668346491033978,-7.976072078959666,2067.752661648678,2021.375,1974.997338351322,0.04588724175244869,-0.01883814631016248,18.54759339586855,0.939951521392046,24.5,30.615384615384617,0.7493122232012581,-25.0,100,0,0,0,12.569709983826327,100.0,42.85714285714286,-57.142857142857146,2053.855,-2053.855,-0.012263796771367796,-0.012339617666060378,0.1632983217863365,0.12259127781593908,-0.02423043639510447,-0.008417085427135707,-0.0347315641433289,1.5,0.0,0.21585817671560648,0.0,0.4423897581792319,-2.309398496240657,2.284021608643478,1973.25,2071.25,0.0,0.049664259470416826
1953.25,1953.25,1953.25,1953.25,0,2021-01-19 00:00:00-05:00,1989.45,2009.75,2015.9875,1997.165,1899.69,1744.605,2001.1355895752172,2005.934987032408,1980.4959941165857,1810.2062618649989,39.135243746071694,44.75775565364336,-2.960594732333751e-14,8.152958152958083,-100.0,-183.739837398374,-4.799397457190707,5.174797701389041,-9.974195158579748,2067.4555665558846,2015.9875,1964.5194334441153,0.051059906428868894,-0.10947986002037596,18.65133672473508,0.9548873275174751,20.0,30.615384615384617,0.6159418626891409,-25.0,100,0,0,0,13.040746602103967,100.0,35.714285714285715,-64.28571428571429,2050.6308,-2050.6308,-0.010135563157227967,-0.010187277711658152,0.16149764187037557,0.1211644334896328,-0.023741097088591734,-0.034597800568392456,-0.05228044638524987,1.5,0.0,0.21585817671560648,0.0,0.3285917496443812,-2.656954887218073,1.9684393757502967,1953.25,2071.25,0.0,0.0604121336234481
1929.5,1929.5,1929.5,1929.5,0,2021-01-20 00:00:00-05:00,1972.25,1997.7,2008.9,1997.845,1901.5375,1746.8625,1990.1147296405684,2000.2731361411184,1978.4961512100529,1811.3932642345014,35.61234407937933,42.070186694660514,-2.960594732333751e-14,1.9480519480518785,-100.00000000000001,-191.58038679429544,-10.158406500549972,2.108156861001238,-12.26656336155121,2066.6343918301554,2008.9,1951.1656081698447,0.05747861200672542,-0.18763173459574356,19.015526958682578,0.985515779149136,23.75,30.615384615384617,0.5053865458715379,-25.0,100,0,0,0,14.001320569497056,100.0,28.571428571428573,-71.42857142857143,2044.787952,-2044.787952,-0.012159221809804222,-0.0122337498991803,0.1622452895363475,0.06343620613408801,-0.0426693128256016,-0.0587804878048781,-0.06843693421846708,1.5,0.0,0.21585817671560648,0.0,0.17105263157894737,-3.0199248120300806,1.5602521008403234,1929.5,2055.0,0.0,0.06504275719098213
2000.25,2000.25,2000.25,2000.25,0,2021-01-21 00:00:00-05:00,1970.8,1993.925,2007.15,1999.745,1904.0775,1749.57625,1991.674002003558,2000.2714223528874,1979.3492433194626,1813.2724357346556,50.04016492884424,51.23017007662347,33.33333333333331,11.111111111111043,-43.62549800796813,-6.857142857143117,-8.597420349329468,-0.032958581064903125,-8.564461768264565,2063.692992492417,2007.15,1950.607007507583,0.05634157137475231,0.438984481578992,22.71084646163382,1.1354003980319372,70.75,30.615384615384617,0.4142151393669238,-25.0,100,0,0,0,13.144002061257627,92.85714285714286,21.42857142857143,-71.42857142857143,2035.56491584,-2035.56491584,0.03666753044830262,0.03601127075255985,0.20787914418525213,0.33370117413218153,-0.0036114570361145404,-0.01852306182531893,-0.017196904557179704,1.5,0.0,0.21585817671560648,0.5871369294605809,0.5847953216374269,-2.727443609022625,1.3391476590636173,1929.5,2055.0,0.03537057867766529,0.027371578552680915
1993.5,1993.5,1993.5,1993.5,0,2021-01-22 00:00:00-05:00,1969.95,1989.35,2006.45,2001.61,1906.24,1752.17875,1991.9549247722414,1999.7698355119328,1979.9041749539936,1815.0657448318232,48.914022002997086,50.43133043150988,63.48645465253236,32.27326266195517,-49.00398406374502,-25.781625781626047,-7.814910739691413,-1.5893490127902052,-6.2255617269012085,2063.3041115487754,2006.45,1949.5958884512247,0.056671346456453275,0.3861120185750313,21.57078600008855,1.0820559819457511,6.75,30.615384615384617,0.3392618240362246,-25.0,100,0,0,0,12.227146745725701,85.71428571428572,14.285714285714286,-71.42857142857143,2027.0797225728,-2027.0797225728,-0.003374578177727794,-0.0033802849088236404,0.20259138958861245,0.3326601727072994,-0.002127393317482129,-0.022434718646561214,-0.006973848069738442,1.5,0.0,0.21585817671560648,0.5311203319502075,0.530920060331825,-2.9169172932331513,1.0807923169267695,1929.5,2055.0,0.03210433910208176,0.030850263355906696
2015.5,2015.5,2015.5,2015.5,0,2021-01-25 00:00:00-05:00,1978.4,1988.675,2006.0875,2003.81,1908.6225,1754.99625,1995.5772440380504,2000.9350328814191,1981.30008966168,1817.060115530014,52.6539410880403,52.94247162410149,96.81978798586569,64.54652532391042,-31.474103585657375,35.768757687576965,-5.35778884336878,-2.3430369789059204,-3.01475186446286,2062.6127764256726,2006.0875,1949.5622235743278,0.05635374970002291,0.5832592124726423,21.601444142939368,1.071766020488185,22.0,30.615384615384617,0.2777571201249174,-25.0,100,0,0,0,11.858723635987124,78.57142857142857,7.142857142857143,-71.42857142857143,2019.273344766976,-2019.273344766976,0.01103586656634059,0.010975415735810748,0.20472006087076244,0.32056705653548123,0.02141137716964403,-0.0033378662381011726,-0.0035842293906810374,1.5,0.0,0.21585817671560648,0.7136929460580913,0.6547987616099071,-2.530263157894733,0.8781032412965257,1929.5,2055.0,0.04266931282560159,0.01959811461175887
2020.25,2020.25,2020.25,2020.25,0,2021-01-26 00:00:00-05:00,1991.8,1990.625,2005.9625,2006.02,1910.895,1757.79625,1999.373052647581,2002.3657711864992,1982.8275371259278,1819.0819054252377,53.44638676490982,53.47678228802894,96.81978798586569,85.70867687475453,-17.3120728929385,59.4602882551363,-2.9927185389180977,-2.4729732909083557,-0.519745248009742,2062.350724612937,2005.9625,1949.5742753870632,0.05622061689880736,0.6266886845442726,20.39776956130084,1.0096656137260656,4.75,30.615384615384617,0.22734545760439673,-25.0,100,0,0,0,11.62822104875082,71.42857142857143,0.0,-71.42857142857143,1929.5,1929.5,0.0023567353014140036,0.0023539625563365058,0.20490636359667,0.2962067115598051,0.03430180468450028,0.009746345120579702,-0.0012359411692003386,1.5,0.0,0.21585817671560648,0.7531120331950207,0.6704361873990307,-2.0648496240602094,0.6864345738295333,1929.5,2055.0,0.04492018314565029,0.01720084148001485
1996.25,1996.25,1996.25,1996.25,5,2021-01-27 00:00:00-05:00,2005.15,1988.7,2004.6375,2007.615,1913.155,1760.47625,1998.8925830094918,2001.9127510986104,1983.3539082190287,1820.8447720379218,48.98517681829829,50.438462381713514,70.0934579439252,87.91101130521882,-39.179954441913445,-4.058994075381427,-3.0201680891186697,-2.5824122505504183,-0.4377558385682514,2060.6295697509713,2004.6375,1948.645430249029,0.05586253848984782,0.4251010005764729,20.65507173549364,1.0346936373447033,24.0,30.615384615384617,0.1860547358819673,-30.0,100,0,0,0,10.831458919016578,64.28571428571429,7.142857142857143,-57.142857142857146,1931.315,1931.315,-0.011879717856700944,-0.01195084558433487,0.209212915958652,0.2950778706809419,0.0345944545218968,-0.009550979905730617,-0.0131009763935237,1.75,2.857142857142857,0.15645958743210175,0.553941908713693,0.4957983193277311,-1.9385338345865284,0.4442136854741991,1929.5,2055.0,0.033437695679398874,0.029430181590482152
1984.75,1984.75,1984.75,1984.75,0,2021-01-28 00:00:00-05:00,2002.05,1986.425,2003.7625,2008.86,1915.3775,1763.025,1996.7168010080316,2000.641436202417,1983.4086569163217,1822.4756698285892,46.962364682927024,49.03672835426004,36.760124610591866,67.89112351346088,-40.43126684636118,-30.853479364231593,-3.9246351943854734,-2.850856839317429,-1.0737783550680442,2060.419466694291,2003.7625,1947.105533305709,0.05655058091394651,0.3322139261126756,20.001138040101235,1.0077409265701591,11.5,30.615384615384617,0.15224901009715452,-30.0,100,0,0,0,10.386340403342052,57.142857142857146,0.0,-57.142857142857146,1933.0937000000001,1933.0937000000001,-0.0057608015028177695,-0.005777458923999403,0.2071285179147208,0.13780370624332347,-0.00774903137107863,-0.01133250311332501,-0.008740167311774294,1.75,0.0,0.15645958743210175,0.45850622406639,0.3897707231040564,-2.260338345864652,0.1819687875149967,1929.5,2055.0,0.027837259100642397,0.03539488600579418
1982.0,1982.0,1982.0,1982.0,0,2021-01-29 00:00:00-05:00,1999.75,1984.85,2001.6375,2009.585,1917.505,1765.55875,1994.4526777760268,1999.260589076312,1983.3534154686229,1824.0629765964638,46.468206132407744,48.69692359617105,3.4267912772585305,36.76012461059183,-42.14876033057851,-31.08563108563135,-4.807911300285241,-3.2422677315109913,-1.5656435687742496,2058.2118923961925,2001.6375,1945.0631076038076,0.05652811000612496,0.3264453300489916,18.76891389437972,0.9469684104127003,2.75,30.615384615384617,0.1245785759036302,-30.0,100,0,0,0,10.045001630853625,50.0,0.0,-50.0,1934.8368260000002,1934.8368260000002,-0.0013855649326111052,-0.0013865257152894188,0.20265076663227882,0.1368414915560171,-0.0057687484324052685,-0.0078838693530221,-0.020992837737712988,1.75,0.0,0.15645958743210175,0.43568464730290457,0.37037037037037035,-2.243796992481263,-0.03578631452580458,1929.5,2055.0,0.026488395560040363,0.036831483350151364
1963.0,1963.0,1963.0,1963.0,0,2021-02-01 00:00:00-05:00,1989.25,1983.825,2000.2875,2009.495,1919.32,1767.87625,1989.6138042720227,1996.5746195151037,1982.5552423129907,1825.4454345407776,43.09423671912422,46.366052290431895,-3.611925573447176e-14,13.395638629283418,-63.08539944903581,-82.01204214751618,-6.960815243081015,-3.985977233824996,-2.974838009256019,2059.150534877607,2000.2875,1941.4244651223928,0.058854574532517946,0.18326896432089235,18.78542004478117,0.9569750404880881,19.0,30.615384615384617,0.10193352774231457,-30.0,100,0,0,0,10.219379323005173,42.85714285714286,71.42857142857143,28.571428571428573,1936.5450894800001,1936.5450894800001,-0.009586276488395606,-0.009632520613472282,0.19644887410168235,0.09250005202153717,-0.026048127015628864,-0.0051944761180793275,-0.013567839195979925,1.75,0.0,0.15645958743210175,0.27800829875518673,0.23633156966490299,-2.979511278195531,-0.24846338535413606,1929.5,2055.0,0.01706571574121243,0.04686704024452369
1966.5,1966.5,1966.5,1966.5,0,2021-02-02 00:00:00-05:00,1978.5,1985.15,1997.45,2009.14,1921.325,1770.19625,1986.057834384019,1994.3468699213922,1981.925624967383,1826.8489625552972,43.90227073351846,46.858044295285055,3.508771929824525,2.311854402360971,-59.22865013774105,-60.22853244649088,-8.289035537373138,-4.846588894534625,-3.4424466428385134,2057.0781393303423,1997.45,1937.8218606696576,0.059704262264729906,0.24047488025296546,17.6936043272968,0.8997510463919044,3.5,30.615384615384617,0.08340296006338477,-30.0,100,0,0,0,10.26680133251392,35.714285714285715,64.28571428571429,28.571428571428573,1938.2191876904,1938.2191876904,0.001782985226693734,0.0017813975954030577,0.18585473005024536,0.08957041608514006,-0.026605618116569696,0.006783565851785411,-0.028048931175089553,1.75,0.0,0.15645958743210175,0.3070539419087137,0.26102292768959434,-3.099624060150446,-0.41145258103240123,1929.5,2055.0,0.018815153826595474,0.04500381388253242
1973.25,1973.25,1973.25,1973.25,0,2021-02-03 00:00:00-05:00,1973.9,1989.525,1993.6125,2009.185,1923.3025,1772.6075,1984.0873983249392,1992.784138816104,1981.585404380427,1828.3056892960406,45.5092726934184,47.82718662945925,19.217584190360924,7.575452040061769,-51.790633608815426,-30.77881619937729,-8.696740491164746,-5.616619213860649,-3.080121277304097,2048.9427528008014,1993.6125,1938.2822471991985,0.055507529974657986,0.31599126183908366,16.91191830391846,0.8570590803962225,6.75,30.615384615384617,0.06824018600714865,-30.0,100,0,0,0,10.083155767482948,28.571428571428573,57.142857142857146,28.571428571428573,1939.859803936592,1939.859803936592,0.003432494279176135,0.0034266167166475134,0.17878440194802925,0.08527853137475745,-0.011521603005635539,0.022674267945063553,-0.037439024390243936,0.75,0.0,-0.10796645976918318,0.39863325740318906,0.30864197530864196,-2.615601503759435,-0.5893037214885918,1929.5,2039.25,0.022171544406436084,0.03344735841885215
1994.0,1994.0,1994.0,1994.0,0,2021-02-04 00:00:00-05:00,1975.75,1988.9,1991.4125,2009.63,1925.5975,1775.1575,1985.6124139672563,1992.8742026075035,1982.072251267469,1829.954388905035,50.229293782090345,50.72758408928581,52.55091752369426,25.092424547959865,-28.925619834710744,43.09536686497237,-7.261788640247232,-5.9456530991379655,-1.3161355411092668,2042.871773945535,1991.4125,1939.9532260544647,0.05168118001221263,0.5251412408455152,17.18606699649571,0.8618890168754118,20.75,30.615384615384617,0.05583357971076808,-30.0,100,0,0,0,9.48169480838789,21.42857142857143,50.0,28.571428571428573,1941.4676078578602,1941.4676078578602,0.010515646775623999,0.010460741933271863,0.18330344572445942,0.11633594100031291,0.004660536591510223,-0.003124609423821978,-0.02158979391560356,0.75,0.0,-0.10796645976918318,0.5876993166287016,0.455026455026455,-1.9092105263158525,-0.7167106842737144,1929.5,2039.25,0.03234704112337011,0.02269307923771314
2018.75,2018.75,2018.75,2018.75,0,2021-02-05 00:00:00-05:00,1983.1,1991.425,1990.3875,2011.055,1927.92,1777.70125,1990.71050412614,1994.790928340281,1983.5105943550193,1831.8329521995124,55.21261442133058,53.934830547280185,82.37547892720303,51.38132688041937,-1.6528925619834711,109.86899563318808,-4.080424214140976,-5.572607322138568,1.492183107997592,2038.7159271935252,1990.3875,1942.059072806475,0.0485618274768357,0.7934349579226514,17.726347925317445,0.8780853461457558,24.75,30.615384615384617,0.04568236988854579,-30.0,100,0,0,0,9.628507100399045,14.285714285714286,42.85714285714286,28.571428571428573,1943.043255700703,1943.043255700703,0.012412236710130475,0.012335836449183114,0.18938849453482476,0.13807790428143044,0.018541876892028242,0.012666165036368193,-0.010052715459114903,0.75,0.0,-0.10796645976918318,0.9622641509433962,0.6296296296296297,-0.7633458646617126,-0.8474069627851154,1929.5,2022.25,0.04421052631578947,0.0017337461300309597
2035.5,2035.5,2035.5,2035.5,0,2021-02-08 00:00:00-05:00,1997.6,1993.425,1991.05,2012.565,1930.545,1780.3725,1997.6011957990415,1997.8064151298897,1985.549394576391,1833.859489988572,58.258655485291655,55.97136878371113,99.99999999999999,78.30879881696573,-0.0,141.91033138401582,-0.20521933084819466,-4.499129723880493,4.293910393032299,2041.4272269979226,1991.05,1940.6727730020773,0.05060367845902681,0.9411715635105617,17.65660878779477,0.8674334948560437,16.75,30.615384615384617,0.03737665951685898,-30.0,100,0,0,0,10.195730677505898,7.142857142857143,100.0,92.85714285714286,1944.5873905866888,1944.5873905866888,0.008297213622290966,0.008262980972066798,0.1893917144690748,0.07225261357445854,0.03693326541008668,0.009923096005953758,0.006552107800717133,0.75,0.0,-0.10796645976918318,1.0,0.7477954144620811,0.38421052631576535,-0.9149219687874932,1929.5,2035.5,0.05207565708671088,0.0
2063.5,2063.5,2063.5,2063.5,0,2021-02-09 00:00:00-05:00,2017.0,1997.75,1994.1875,2014.86,1933.4375,1783.1925,2007.7394733684198,2002.6726066017497,1988.6062810635913,1836.1444701876908,62.81181558549244,59.14189016285587,99.99999999999999,94.12515964240096,-0.0,194.7019867549669,5.066866766670046,-2.5859304257703855,7.652797192440431,2053.596858479963,1994.1875,1934.778141520037,0.05958252017923387,1.0833466458266594,18.39542244580943,0.8914670436544428,28.0,30.615384615384617,0.030580990772364203,-30.0,100,0,0,0,11.366221844728742,0.0,100.0,100.0,1948.2238949632213,1948.2238949632213,0.013755833947433072,0.013662081249602992,0.19034381991400945,0.06434525481365809,0.0493262140859394,0.02140824155426313,0.03136323878545544,0.75,0.0,-0.10796645976918318,1.0,0.9453262786596119,1.5723684210525666,-0.9513565426170474,1929.5,2063.5,0.06493821177610855,0.0
2080.75,2080.75,2080.75,2080.75,0,2021-02-10 00:00:00-05:00,2038.5,2006.2,1997.45,2016.92,1936.6575,1786.11,2018.9718620809706,2008.4561172238423,1992.2197602375682,1838.57835605647,65.32151848033504,60.96042229955435,99.99999999999999,99.99999999999994,-0.0,176.70478610758153,10.515744857128311,0.034404630809353964,10.481340226318958,2067.411882478955,1997.45,1927.488117521045,0.07005119775609388,1.095324175454094,18.313606556823043,0.880144493899942,17.25,30.615384615384617,0.02502085439758517,-30.0,100,0,0,0,12.807799489036615,50.0,100.0,50.0,1955.140461265428,1955.140461265428,0.00835958323237218,0.008324835433568007,0.19077184014814247,0.03851793845328423,0.054478651970100156,0.04232936756418293,0.03237410071942448,0.75,0.0,-0.10796645976918318,1.0,1.0,3.1454887218044725,-0.887202881152442,1929.5,2080.75,0.07269013576835276,0.0
2084.0,2084.0,2084.0,2084.0,0,2021-02-11 00:00:00-05:00,2056.5,2016.125,2001.275,2018.005,1939.78,1789.07,2028.9761909915906,2014.0519603924465,1995.8189853262909,1841.0203624638684,65.78995412793861,61.30116313297813,99.99999999999999,99.99999999999994,-0.0,145.1108687749908,14.924230599144039,3.0123698244762913,11.911860774667748,2080.7364529190013,2001.275,1921.813547080999,0.07941082851582236,1.0205354103223194,17.237634659907112,0.8271417783064833,3.25,30.615384615384617,0.020471630026307253,-30.0,100,0,0,0,14.212598053679528,42.85714285714286,100.0,57.142857142857146,1965.1892243641937,1965.1892243641937,0.0015619368016339674,0.001560718247052961,0.18961307879814002,0.07547278487480001,0.04513540621865597,0.05000629802242096,0.03810709838107096,0.75,0.0,-0.10796645976918318,1.0,1.0,4.540601503759321,-0.6979471788715422,1929.5,2084.0,0.0741362763915547,0.0
2091.75,2091.75,2091.75,2091.75,0,2021-02-12 00:00:00-05:00,2071.1,2027.1,2005.975,2018.785,1943.1125,1792.01625,2038.6337000698074,2019.8073707337467,1999.5809859017304,1843.5151847279096,66.93688350501102,62.128792445608525,99.99999999999999,99.99999999999994,-0.0,128.44008103475156,18.82632933606078,6.175161726793189,12.651167609267592,2094.6340237934146,2005.975,1917.3159762065852,0.08839494389851787,0.9837353059507248,16.559946469913747,0.791679047205151,7.75,30.615384615384617,0.016749526417484617,-30.0,100,0,0,0,15.679100151795483,35.714285714285715,100.0,64.28571428571429,1977.0703019277744,1977.0703019277744,0.0037188099808060926,0.0037119123024504396,0.18797309386225397,0.0750543252103027,0.03616099071207435,0.05537336024217954,0.047052934551370384,0.25,0.0,-0.05939858928350472,1.0,1.0,5.777443609022499,-0.43933973589436276,1929.5,2091.75,0.07756663081152146,0.0
2083.0,2083.0,2083.0,2083.0,0,2021-02-16 00:00:00-05:00,2080.6,2039.1,2011.4625,2019.275,1946.33,1794.975,2045.4592846744524,2024.4883062349506,2002.852319787937,1845.898118213204,64.3151569794094,60.59257390364684,89.67551622418877,96.55850540806286,-6.796116504854369,93.06899535835109,20.970978439501778,9.134325069334906,11.836653370166871,2104.802506829862,2011.4625,1918.1224931701381,0.09280810040441914,0.8832092070145057,16.00209315063419,0.7682233869723567,8.75,30.615384615384617,0.013704163448647222,-30.0,100,0,0,0,16.663118663077785,28.571428571428573,92.85714285714286,64.28571428571429,1990.8318656964414,1990.8318656964414,-0.00418310027488944,-0.004191873914736025,0.1817151213496681,0.10798862418803311,0.023335789732252588,0.061130922058074466,0.05561890282528825,0.25,0.0,-0.05939858928350472,0.9460708782742681,0.9460708782742681,6.3610902255639195,-0.1909843937575106,1929.5,2091.75,0.07369179068650984,0.004200672107537206
2116.25,2116.25,2116.25,2116.25,0,2021-02-17 00:00:00-05:00,2091.15,2054.075,2019.6125,2021.125,1950.045,1798.10875,2056.350163955306,2031.2854687360655,2007.2992876393905,1848.5881866886946,69.24473410620719,64.13131241287645,89.67551622418877,93.11701081612578,-0.0,118.01734820322172,25.064695219240548,12.320399099316035,12.744296119924513,2119.4374060856144,2019.6125,1919.7875939143858,0.09885550429660572,0.9840350158562597,17.234086497017465,0.8143691197645584,33.25,30.615384615384617,0.011212500102431022,-30.0,100,0,0,0,18.27415559574138,21.42857142857143,100.0,78.57142857142857,2002.9420418128684,2002.9420418128684,0.01596255400864144,0.015836492186373133,0.18073995510582003,0.12017018268759708,0.025563363217833812,0.07615052123061283,0.08345065915781391,0.25,0.0,-0.05939858928350472,1.0,1.0,6.938909774436036,0.04815126050420498,1929.5,2116.25,0.08824571766095689,0.0
2141.5,2141.5,2141.5,2141.5,0,2021-02-18 00:00:00-05:00,2103.3,2070.9,2030.2125,2023.085,1954.1325,1801.42125,2069.4501387314126,2039.4495080889494,2012.56206067314,1851.5027320947772,72.366602402005,66.52799830333328,89.67551622418877,89.6755162241887,-0.0,127.08118630482089,30.000630642463193,15.856445407945467,14.144185234517726,2134.4374100503246,2030.2125,1925.9875899496753,0.10267389256082764,1.033881487382744,17.806651747230504,0.8315037005477705,25.25,30.615384615384617,0.009173865087849009,-30.0,100,0,0,0,20.211514586545384,14.285714285714286,100.0,85.71428571428572,2018.8051559590667,2018.8051559590667,0.01193148257531007,0.011860863608080568,0.17205885774105076,0.12867838069062776,0.02919620329208228,0.08526542506017987,0.10987302409950761,0.25,0.0,-0.05939858928350472,1.0,1.0,7.257330827067616,0.3861824729891887,1963.0,2141.5,0.08335279010039692,0.0
2132.0,2132.0,2132.0,2132.0,0,2021-02-19 00:00:00-05:00,2112.9,2084.7,2036.8,2025.37,1958.015,1804.67,2079.0731943111955,2046.3051000823605,2017.2459014310562,1854.293749685874,69.50785436179262,64.81705181000139,94.58689458689457,91.31264234509064,-5.322128851540617,100.09064128710628,32.768094228835025,19.23877517212338,13.529319056711646,2148.9688013665195,2036.8,1924.6311986334804,0.11014218515958324,0.9243604230419082,17.21331947957118,0.8073789624564343,9.5,30.615384615384617,0.007505890301171547,-30.0,100,0,0,0,21.599603713246413,7.142857142857143,92.85714285714286,85.71428571428572,2038.436331005616,2038.436331005616,-0.004436142890497319,-0.004446011769690514,0.12911430491539092,0.14687769629197395,0.02303262955854124,0.06920762286860582,0.06586676665416813,0.25,0.0,-0.05939858928350472,0.9467787114845938,0.9551886792452831,8.238345864661643,0.6293877551020509,1963.0,2141.5,0.07926829268292683,0.004455909943714822
2167.0,2167.0,2167.0,2167.0,0,2021-02-22 00:00:00-05:00,2127.95,2099.525,2045.475,2028.875,1961.9975,1808.11625,2092.6003951863963,2055.2454630392226,2023.118611178858,1857.405254664124,73.63947859075041,68.00057410861584,94.58689458689457,92.94976846599258,-0.0,130.65820830396413,37.35493214717371,22.862006567133445,14.492925580040268,2169.1529992561423,2045.475,1921.7970007438573,0.12092838998877276,0.9912959488789784,18.483796659601808,0.8529670816613664,35.0,30.615384615384617,0.006141183315605758,-30.0,100,0,0,0,23.473451582595764,0.0,100.0,100.0,2054.9265180447173,2054.9265180447173,0.016416510318949307,0.016283216250623855,0.13468716909096848,0.16820033251879948,0.03597466236404934,0.07343653250773996,0.08703285678454975,0.25,0.0,-0.05939858928350472,1.0,1.0,9.414661654135282,0.8803001200480234,1963.0,2167.0,0.09413936317489617,0.0
2156.25,2156.25,2156.25,2156.25,0,2021-02-23 00:00:00-05:00,2142.6,2111.6,2052.5125,2031.235,1965.695,1811.50125,2102.392642080797,2062.727280591873,2028.3394499561575,1860.378834219705,70.48063765088887,66.07248963295672,87.52613925027715,92.23330947468871,-5.548387096774194,108.78010878010878,39.66536148892419,26.222677551491593,13.442683937432598,2184.3178939526215,2052.5125,1920.7071060473781,0.12843321923995268,0.8935252453981106,17.931382612487393,0.8316003530428936,10.75,30.615384615384617,0.005024604701908686,-30.0,100,0,0,0,24.75992402487125,0.0,92.85714285714286,92.85714285714286,2075.0997447966683,2075.0997447966683,-0.004960775265343775,-0.0049731207566891455,0.13590711411881284,0.17155517901037648,0.03516562650024002,0.05932203389830515,0.06983378814190022,0.25,0.0,-0.05939858928350472,0.9473039215686274,0.9547368421052631,10.523872180451072,1.2029651860744386,1963.0,2167.0,0.0896231884057971,0.0049855072463768114
2189.75,2189.75,2189.75,2189.75,0,2021-02-24 00:00:00-05:00,2157.3,2124.225,2060.9875,2033.935,1969.8075,1815.05375,2115.8322356068284,2072.1363709184006,2034.669275448073,1863.6561592523447,74.19543122227543,68.95293517487146,92.93924466338257,91.68409283351804,-0.0,134.64023332225779,43.69586468842772,29.717314978878818,13.9785497095489,2204.6677417697015,2060.9875,1917.3072582302989,0.1394285426473487,0.9480870104825809,19.043426711595437,0.8696621400431755,33.5,30.615384615384617,0.004111040296137958,-30.0,100,0,0,0,26.48106671980192,0.0,100.0,100.0,2091.641790733268,2091.641790733268,0.01553623188405795,0.01541678026352845,0.1424400791437639,0.17017042616448896,0.03473124630832847,0.06118245699055014,0.08390050736295018,0.25,0.0,-0.05939858928350472,1.0,1.0,11.974999999999964,1.633529411764716,1963.0,2189.75,0.10355063363397649,0.0
2253.25,2253.25,2253.25,2253.25,0,2021-02-25 00:00:00-05:00,2179.65,2141.475,2073.8375,2038.64,1974.91,1818.90625,2136.973430128855,2085.552195294815,2043.2410685677564,1867.5327148816746,79.46945219505031,73.44080986667979,92.93924466338257,91.13487619234736,-0.0,184.3530113297558,51.42123483403975,34.058098949911006,17.363135884128745,2236.7433221028273,2073.8375,1910.9316778971731,0.15710567689399682,1.0506632534187563,22.218896232195764,0.9860821583133591,63.5,30.615384615384617,0.003363578466853312,-30.0,100,0,0,0,28.826562819460303,0.0,100.0,100.0,2111.2634325866143,2111.2634325866143,0.028998744148875488,0.028586236393320846,0.1550622185322568,0.2333765155887576,0.0521830492645341,0.08290279947134449,0.12874139010644958,0.0,0.0,0.0,1.0,1.0,13.699436090225577,2.1105402160864193,1963.0,2253.25,0.12881393542660602,0.0
2182.5,2182.5,2182.5,2182.5,0,2021-02-26 00:00:00-05:00,2189.75,2151.325,2083.725,2041.29,1978.925,1822.47,2143.9775178013388,2092.733514161866,2048.702203133727,1870.6667177186728,63.8188335005275,62.81785587421172,75.68728522336767,87.18859151671087,-32.49138920780712,77.70287141073639,51.244003639472794,37.495279887823365,13.748723751649429,2247.8025654987655,2083.725,1919.6474345012346,0.15748485572593837,0.801000931174662,25.68540364418178,1.1768798920587298,70.75,30.615384615384617,0.002752018766976505,-30.0,100,0,0,0,28.76182155426319,0.0,92.85714285714286,92.85714285714286,2139.6607460692912,2139.6607460692912,-0.0313990902030401,-0.03190260972276194,0.20101124275201773,0.37577395101952926,0.023686679174484082,0.047264875239923176,0.0996347146995844,0.0,0.0,-0.0,0.756244616709733,0.7814671814671814,13.84511278195486,2.4768547418967644,1963.0,2253.25,0.10057273768613975,0.03241695303550974
2146.25,2146.25,2146.25,2146.25,0,2021-03-01 00:00:00-05:00,2185.6,2156.775,2091.9375,2043.715,1982.5525,1825.86375,2144.3271304472864,2096.697698298024,2052.5276069324045,1873.4088399304273,57.56357451060246,58.28244660377979,42.35395189003433,70.32682725892813,-56.38998682476944,18.197351559162648,47.62943214926236,39.52211034011116,8.107321809151195,2251.1981256266704,2091.9375,1932.6768743733294,0.15226136117993058,0.6705145254399424,26.440017669597363,1.231916956067437,36.25,30.615384615384617,0.002251651729121562,-30.0,100,0,0,0,27.805553755285093,0.0,85.71428571428572,85.71428571428572,2253.25,-2253.25,-0.016609392898052744,-0.016748875502072037,0.2140991681467711,0.3851374750946154,-0.009575449930779856,0.026054738855025628,0.08287083753784064,0.0,0.0,-0.0,0.6313522825150732,0.6694980694980694,13.132142857142847,2.6839255702280824,1963.0,2253.25,0.08538147932440303,0.049854397204426325
2231.25,2231.25,2231.25,2231.25,0,2021-03-02 00:00:00-05:00,2200.6,2171.6,2105.35,2047.455,1987.075,1829.6825,2157.6998796092425,2106.6645354611333,2059.536328229173,1876.9694484883335,65.98308678133071,64.57889556017177,35.50036933551719,51.180535482973006,-12.753623188405797,131.74110341533344,51.03534414810929,41.82475710171079,9.210587046398501,2264.0981810919516,2105.35,1946.601818908048,0.15080455134961102,0.8965399765023925,30.622873550340408,1.372453716541867,85.0,30.615384615384617,0.0018422605109904566,-30.0,100,0,0,0,28.11748486910111,0.0,78.57142857142857,78.57142857142857,2251.11,-2251.11,0.03960396039603964,0.03883983331626396,0.2418681539204862,0.4796274566378556,0.034782608695652195,0.07117138742198748,0.1366530820173204,0.0,0.0,0.0,0.923278116826504,0.932046332046332,13.086466165413446,3.1264945978391236,1966.5,2253.25,0.11865546218487395,0.009859943977591037
2221.0,2221.0,2221.0,2221.0,0,2021-03-03 00:00:00-05:00,2206.85,2182.075,2118.075,2050.655,1991.28,1833.45,2167.438359669359,2115.133829130679,2065.8682369260678,1880.3926380556138,64.32570590709071,63.36790585728036,49.766355140186874,42.54022545524608,-18.942731277533042,98.58497961743481,52.30453053868041,43.920711789104715,8.383818749575696,2270.9553535448667,2118.075,1965.1946464551327,0.14435782825902488,0.8366194465588872,29.167668296744665,1.313267370407234,10.25,30.615384615384617,0.0015073040571209617,-30.0,100,0,0,0,28.16987935146787,0.0,71.42857142857143,71.42857142857143,2249.0128,-2249.0128,-0.004593837535013967,-0.0046044216335217256,0.24457385353954433,0.4789444864582487,0.014271035506336238,0.04949793266391023,0.1294177472667175,0.0,0.0,-0.0,0.8848214285714285,0.9003861003861003,12.5462406015037,3.568007202881167,1973.25,2253.25,0.11154885186852768,0.014520486267447097
2186.0,2186.0,2186.0,2186.0,0,2021-03-04 00:00:00-05:00,2193.4,2186.525,2128.7125,2052.95,1994.875,1836.97375,2170.293996643304,2120.383175120999,2070.5792864583786,1883.4335073286923,58.88651376964192,59.3758797533987,65.35459043430451,50.20710497000281,-39.500734214390604,36.21581670362158,49.910821522305014,45.118733735744776,4.792087786560238,2268.882688966834,2128.7125,1988.5423110331662,0.1316948051621192,0.7043497994197429,29.584263418405758,1.3533514830011784,35.0,30.615384615384617,0.001233248775342588,-30.0,100,0,0,0,27.439947528951112,14.285714285714286,64.28571428571429,50.0,2246.957544,-2246.957544,-0.015758667266996818,-0.01588415515794354,0.25665927381759446,0.4299540993596561,-0.029845778320204186,0.020779827223908365,0.107817053085012,0.0,0.0,-0.0,0.7405978784956606,0.7922779922779922,11.229887218045086,3.9369027611044283,1994.0,2253.25,0.0878316559926807,0.03076395242451967
2194.75,2194.75,2194.75,2194.75,0,2021-03-05 00:00:00-05:00,2195.85,2192.8,2138.75,2056.14,1998.1175,1840.555,2174.0564586981804,2125.8918288157397,2075.448726205109,1886.5311838726855,59.80164383839791,60.03674689429405,57.894447498625574,57.67179769103894,-34.36123348017621,42.06618240516581,48.16462988244075,45.72791296508397,2.436716917356776,2267.1531736367915,2138.75,2010.3468263632085,0.12007310217350463,0.718063146002936,28.096101745662487,1.2801504383489002,8.75,30.615384615384617,0.0010090217259524081,-30.0,100,0,0,0,26.892661371571766,7.142857142857143,57.142857142857146,50.0,2244.9433931199997,-2244.9433931199997,0.004002744739249664,0.003994755069834147,0.2559294013848387,0.3655427153279361,0.00561282932416951,0.02943245778611625,0.10067703109327986,0.0,0.0,0.0,0.7505330490405118,0.8193050193050193,10.046240601503671,4.227202881152457,2018.75,2253.25,0.08019136575919808,0.026654516459733456
2190.5,2190.5,2190.5,2190.5,0,2021-03-08 00:00:00-05:00,2204.7,2195.15,2147.3375,2059.8,2001.265,1844.01375,2176.5862342830756,2130.677619273833,2079.960540863732,1889.5557492072855,59.1133879558816,59.54274431873888,37.92276026432668,53.72393273241888,-45.802919708029194,24.53090507726283,45.90861500924257,45.764053373915694,0.14456163532687327,2265.0150546780305,2147.3375,2029.6599453219694,0.10960322229554559,0.6833930868044206,26.392808763829454,1.2048759992617875,4.25,30.615384615384617,0.0008255632306628513,-30.0,100,0,0,0,26.28595832983253,0.0,50.0,50.0,2242.9695252576,-2242.9695252576,-0.0019364392299806577,-0.0019383165523649954,0.2554338531082256,0.33362866248990697,0.020617355853232322,0.010844485463774811,0.08507739938080494,0.0,0.0,-0.0,0.711825487944891,0.8061776061776061,8.890789473684181,4.424225690276111,2035.5,2253.25,0.07076010043369094,0.02864642775622004
2185.0,2185.0,2185.0,2185.0,0,2021-03-09 00:00:00-05:00,2195.45,2198.025,2154.8125,2063.045,2004.4475,1847.405,2177.880659777987,2134.701499327623,2084.0797353396642,1892.4954929962678,58.180197171287304,58.88436659560997,22.334524970209035,39.38391091105372,-56.28865979381444,2.4218230206257534,43.17916045036418,45.24707478920539,-2.067914338841213,2261.6145218675656,2154.8125,2048.0104781324344,0.09912883080784579,0.6413245717268933,24.90046528069878,1.1396093949976558,5.5,30.615384615384617,0.0006754608252563798,-30.0,100,0,0,0,25.589026997590036,0.0,42.85714285714286,42.85714285714286,2241.035134752448,-2241.035134752448,-0.0025108422734535507,-0.002513999724262627,0.256022444551347,0.11475074458855598,-0.020728291316526648,0.01333333333333342,0.07344632768361592,0.0,0.0,-0.0,0.6403162055335968,0.7891891891891892,7.662969924812033,4.628079231692674,2063.5,2253.25,0.05560640732265446,0.031235697940503432
2187.25,2187.25,2187.25,2187.25,0,2021-03-10 00:00:00-05:00,2188.7,2197.775,2161.0,2066.335,2007.7225,1850.8925,2179.32209673522,2138.59398085891,2088.125628071442,1895.4283736629716,58.469039658697575,59.07872555218333,11.007224819379474,23.75483668463835,-54.432989690721655,-0.2663014532452671,40.72811587630986,44.34328300662629,-3.6151671303164292,2259.9766386578167,2161.0,2062.0233613421833,0.09160262717058464,0.6326070492793346,23.282574903506006,1.0644679347813923,2.25,30.615384615384617,0.0005526497662025065,-30.0,100,0,0,0,24.983074084792445,7.142857142857143,35.714285714285715,28.571428571428573,2239.139432057399,-2239.139432057399,0.001029748283752907,0.001029218456683443,0.2533463646179117,0.12022393622860418,-0.01519585772174692,-0.0011416828405068635,0.059970923188757075,0.0,0.0,0.0,0.6173913043478261,0.7961389961389962,6.684586466165383,4.8216446578631285,2080.75,2253.25,0.048691279003314665,0.030174877128814722
2195.75,2195.75,2195.75,2195.75,0,2021-03-11 00:00:00-05:00,2190.65,2192.025,2166.75,2069.795,2011.065,1854.3575,2181.849466468263,2142.827760054546,2092.3461916764836,1898.4166485518972,59.60414709426617,59.831915307875214,41.02564102564099,24.78913027174312,-53.73831775700934,13.183363850378582,39.021706413716856,43.2789676880444,-4.257261274327547,2259.581163948321,2166.75,2073.918836051679,0.08568700952885276,0.6561975459886742,22.22667669611272,1.0122589865017748,8.5,30.615384615384617,0.0004521679905700182,-30.0,100,0,0,0,24.582301555944888,0.0,28.571428571428573,28.571428571428573,2237.281643416251,-2237.281643416251,0.0038861584181049125,0.0038786268108528424,0.25259630639314945,0.04908283226946551,0.004460201280878318,-0.025518695218018417,0.0552685329808964,0.0,0.0,0.0,0.6622613803230544,0.8223938223938224,5.913909774436039,5.019411764705888,2083.0,2253.25,0.05134919731299101,0.026186952066492086
2187.5,2187.5,2187.5,2187.5,0,2021-03-12 00:00:00-05:00,2189.2,2192.525,2171.925,2073.5,2014.2225,1857.73,2182.7187793192993,2146.1368148653205,2096.0777135715234,1901.2930998100874,57.948651478019286,58.730270538178765,48.77757901013711,33.603481618385814,-61.44859813084112,-21.153491800257328,36.5819644539788,41.939567041231285,-5.357602587252487,2256.9373667474274,2171.925,2086.912633252573,0.07828296718112017,0.5916043194413898,21.22834264639038,0.970438520977846,8.25,30.615384615384617,0.00036995562867403464,-30.0,100,0,0,0,23.973235590217936,35.714285714285715,21.42857142857143,-14.285714285714286,2235.461010547926,-2235.461010547926,-0.003757258339974978,-0.0037643345654573106,0.25364921420373976,0.04903829426028799,-0.0033033375099669193,0.002290950744558984,0.04966410748560457,0.0,0.0,-0.0,0.6138032305433186,0.7969111969111969,4.903759398496171,5.130948379351752,2083.0,2253.25,0.04777142857142857,0.03005714285714286
2233.5,2233.5,2233.5,2233.5,0,2021-03-15 00:00:00-04:00,2197.8,2201.25,2179.0125,2077.68,2017.9775,1861.24375,2190.531274808638,2152.608161912334,2101.4668228432283,1904.5986411055094,63.9594424410599,62.74608611483645,74.41860465116275,54.74060822898024,-18.457943925233643,112.60162601626017,37.92311289630425,41.136276212245875,-3.213163315941628,2259.6280188223786,2179.0125,2098.396981177621,0.07399270891964027,0.8379467179269364,22.99774674307678,1.0296730128979978,46.0,30.615384615384617,0.00030269096892610037,-30.0,100,0,0,0,24.265040646005193,28.571428571428573,14.285714285714286,-14.285714285714286,2233.6767903369673,-2233.6767903369673,0.021028571428571396,0.020810522560403843,0.262013846483824,0.1590132856172663,0.01963022141063675,0.040652300524170126,0.06776622445320912,0.0,0.0,0.0,0.8839941262848752,0.938996138996139,4.517481203007485,5.387418967587029,2083.0,2253.25,0.06738303111708081,0.008842623684799641
2211.5,2211.5,2211.5,2211.5,0,2021-03-16 00:00:00-04:00,2203.1,2199.275,2185.4375,2082.11,2021.6825,1864.64,2193.757232530386,2156.970520289198,2105.781849398396,1907.6523859701313,59.57358072622095,59.82285327287937,58.562748795306895,60.586310818868874,-39.018691588785046,34.8258706467657,36.78671224118807,40.26636341803432,-3.4796511768462466,2254.002409939425,2185.4375,2116.872590060575,0.06274707919071122,0.6900571299738119,22.926479118571297,1.0366936069894324,22.0,30.615384615384617,0.00024765624731060143,-30.0,100,0,0,0,23.90856529320434,21.42857142857143,7.142857142857143,-14.285714285714286,2233.5,-2233.5,-0.009850011193194508,-0.009898843483791888,0.26494846142689604,0.18428481472152294,0.01212814645308935,-0.00885154061624649,0.06168987037926077,0.0,0.0,-0.0,0.6952554744525548,0.871042471042471,3.4656015037593404,5.487563025210086,2116.25,2253.25,0.043070314266335064,0.018878589192855528
2249.5,2249.5,2249.5,2249.5,0,2021-03-17 00:00:00-04:00,2215.55,2202.125,2192.1,2086.635,2025.6625,1868.20875,2202.3330429103266,2163.824555823331,2111.417855304341,1911.0538547664485,64.14681646413739,62.9531018997468,84.14414414414411,72.37516586353787,-0.0,157.76336718463267,38.5084870869955,39.914788151826556,-1.4063010648310552,2258.33450762255,2192.1,2125.8654923774498,0.060430188059440865,0.9333088752399642,24.003159181530492,1.0670441956670589,38.0,30.615384615384617,0.00020262783871416445,-30.0,100,0,0,0,24.230029811186238,14.285714285714286,0.0,-14.285714285714286,2146.25,2146.25,0.017182907528826563,0.017036950972845508,0.2657666010218301,0.21020312978319866,0.02846039547376833,0.012832057631697369,0.06296515062020092,0.0,0.0,0.0,0.9690721649484536,0.9884169884169884,3.288345864661528,5.737274909963972,2132.0,2253.25,0.05223382973994221,0.0016670371193598578
2232.5,2232.5,2232.5,2232.5,0,2021-03-18 00:00:00-04:00,2222.9,2206.775,2196.65,2090.285,2029.535,1871.585,2206.974113231815,2168.9116257623436,2116.1661747041708,1914.25232387325,60.831414169643004,60.73050226134767,75.00435919790755,72.57041737911948,-16.46489104116223,85.58743169398977,38.06248746947131,39.544328015355504,-1.4818405458841966,2260.8260079780493,2196.65,2132.473992021951,0.058430799606718646,0.7793099877158302,23.502933525706883,1.0527629798748883,17.0,30.615384615384617,0.00016578641349340728,-30.0,100,0,0,0,24.054349350544474,7.142857142857143,92.85714285714286,85.71428571428572,2148.315,2148.315,-0.007557234941098057,-0.007585935530572904,0.26626787615644026,0.23107972765398394,0.016736878059888438,0.021271729185727395,0.04249357926686903,0.0,0.0,-0.0,0.8288659793814434,0.9359073359073359,3.0665413533834203,5.990768307322936,2132.0,2253.25,0.04501679731243001,0.00929451287793953
2256.25,2256.25,2256.25,2256.25,0,2021-03-19 00:00:00-04:00,2236.65,2212.925,2202.8625,2094.65,2033.6425,1875.00375,2214.555018888459,2175.381134965133,2121.6596580491055,1917.6552858247599,63.657439342019764,62.664136371271596,90.86021505376341,83.33623946527165,-0.0,134.92870905587642,39.17388392332623,39.47023919694965,-0.2963552736234192,2264.819637401569,2202.8625,2140.9053625984316,0.05625147951955114,0.930842209945679,23.520581131013532,1.0424634296294086,23.75,30.615384615384617,0.00013564342922478545,-30.0,100,0,0,0,24.294481597499637,0.0,100.0,100.0,2150.3387000000002,2150.3387000000002,0.010638297872340496,0.010582109330537008,0.26664936592325705,0.22548430628642727,0.03142857142857136,0.028021414739719752,0.058278611632270216,0.0,0.0,0.0,1.0,1.0,2.8971804511277384,6.2532292917166865,2146.25,2256.25,0.04875346260387812,0.0
2283.5,2283.5,2283.5,2283.5,0,2021-03-22 00:00:00-04:00,2246.65,2222.225,2208.6875,2099.535,2038.165,1878.575,2225.161939059465,2183.3899397825303,2128.0063381256114,1921.2955317369513,66.63220789128347,64.75492251546882,90.86021505376341,85.57492976847807,-0.0,172.61512626751966,41.77199927693482,39.93059121294668,1.8414080639881405,2277.5803289083906,2208.6875,2139.7946710916094,0.06238350052543928,1.0429628974844467,23.786968193083993,1.0416889946610026,27.25,30.615384615384617,0.00011098098755013552,-30.0,100,0,0,0,24.94193381818948,35.714285714285715,100.0,64.28571428571429,2154.5751520000003,2154.5751520000003,0.01207756232686985,0.01200521054386265,0.26418061727631476,0.19559397491919173,0.022386389075442104,0.042456060260214645,0.053760959852330314,0.0,0.0,0.0,1.0,1.0,3.4828947368420566,6.561908763505403,2146.25,2283.5,0.06010510181738559,0.0
2240.0,2240.0,2240.0,2240.0,0,2021-03-23 00:00:00-04:00,2252.35,2227.725,2212.875,2103.89,2042.315,1881.79125,2227.4447176657013,2187.583277576417,2132.398246434411,1924.466720475887,58.41259123785317,59.198372495141705,71.56862745098037,84.42968585283569,-44.162436548223354,55.7609027142418,39.861440089284315,39.91676098821421,-0.05532089892989234,2278.618725936402,2212.875,2147.131274063598,0.05941928571329327,0.7062934494026072,25.195041893577997,1.1247786559633035,43.5,30.615384615384617,9.080262617899848e-05,-30.0,100,0,0,0,24.367839499900466,28.571428571428573,92.85714285714286,64.28571428571429,2162.31064288,2162.31064288,-0.019049704401138623,-0.01923348777596814,0.2741808897775568,0.2432171606170007,0.012887180646619978,0.02517162471395884,0.038840579710144985,0.0,0.0,-0.0,0.6830601092896175,0.8771186440677966,3.1022556390976694,6.703145258103257,2146.25,2283.5,0.04185267857142857,0.019419642857142858
2248.5,2248.5,2248.5,2248.5,0,2021-03-24 00:00:00-04:00,2252.15,2233.85,2215.8125,2108.845,2046.685,1884.94625,2230.683991870978,2192.0956273855713,2136.9512563781595,1927.6909322124454,59.46482861607498,59.90428259627972,48.69281045751632,70.37388432075333,-35.53299492385787,65.21924223073601,38.5883644854066,39.651081687652685,-1.062717202246084,2282.405268939283,2215.8125,2149.219731060717,0.06010686277767898,0.7454282989028688,24.00253890117957,1.0674911674974237,8.5,30.615384615384617,7.42930577857237e-05,-30.0,100,0,0,0,23.98495754375249,21.42857142857143,85.71428571428572,64.28571428571429,2169.5820043072004,2169.5820043072004,0.003794642857142927,0.0037874613616766194,0.2696502120114893,0.2090138925723334,-0.00044454323182929745,0.028003200365755987,0.026829546751912403,0.0,0.0,0.0,0.7449908925318761,0.9011299435028248,3.2460526315789324,6.790816326530592,2146.25,2283.5,0.04547476095174561,0.0155659328441183
2247.25,2247.25,2247.25,2247.25,0,2021-03-25 00:00:00-04:00,2255.1,2239.0,2215.5125,2113.48,2051.145,1888.1175,2233.2326085062123,2196.1811364681216,2141.2766973045063,1930.870624429237,59.22749949422654,59.74467575431317,20.915032679738548,47.05882352941171,-36.80203045685279,54.38073963762679,37.05147203809065,39.13115975774028,-2.079687719649627,2281.4790587627763,2215.5125,2149.5459412372234,0.05954970577938645,0.7405574930331896,22.377357551095315,0.9957662721590974,1.25,30.615384615384617,6.078522909902517e-05,-30.0,100,0,0,0,23.595491299849556,14.285714285714286,78.57142857142857,64.28571428571429,2176.417084048768,2176.417084048768,-0.000555926173004262,-0.0005560807572534525,0.24925520123510325,0.19876523322883458,0.006606942889137768,0.023454400546510268,-0.002662820370575858,0.0,0.0,-0.0,0.7358834244080146,0.8975988700564972,4.286278195488709,6.887875150060015,2146.25,2283.5,0.0449438202247191,0.01613082656580265
2295.75,2295.75,2295.75,2295.75,0,2021-03-26 00:00:00-04:00,2263.0,2249.825,2221.175,2119.245,2055.8,1891.43125,2242.850668736026,2203.5566078408533,2147.3344738808,1934.50126498218,65.05511494398523,63.686381369331066,49.34640522875816,39.651416122004306,-0.0,151.53956483261624,39.294060895172606,39.16373998522674,0.13032090994586554,2293.9278521777355,2221.175,2148.422147822265,0.06550843781128038,1.0125228617691369,24.243260583159934,1.0560061236266987,48.5,30.615384615384617,4.973336926283878e-05,-30.0,100,0,0,0,24.065709765813406,7.142857142857143,100.0,92.85714285714286,2182.842059005842,2182.842059005842,0.021581933474246195,0.021352341040122805,0.23106635755328486,0.24147170993096095,0.017506925207756208,0.049485714285714355,0.051890034364261206,0.0,0.0,0.0,1.0,1.0,4.911278195488676,7.057202881152443,2146.25,2295.75,0.06512033104649896,0.0
2277.75,2277.75,2277.75,2277.75,1,2021-03-29 00:00:00-04:00,2261.85,2254.25,2227.75,2124.845,2059.845,1894.8,2248.2197966227914,2209.0524146674566,2152.4488082384155,1937.9166752808646,61.53956393572435,61.345581886982046,61.45989038365718,43.907109430717924,-16.589861751152075,97.02084132463894,39.167381955334804,39.164468379248355,0.0029135760864491544,2295.848825246837,2227.75,2159.651174753163,0.061136864771035256,0.8671135281612103,23.79731339864851,1.0447728415606852,18.0,30.615384615384617,4.069093849068395e-05,-31.0,100,0,0,0,23.999776065755096,0.0,92.85714285714286,92.85714285714286,2191.874694285375,2191.874694285375,-0.007840574975498171,-0.007871473899663707,0.22334902221822928,0.2386458386289843,-0.002518064374863127,0.0198119543317663,0.06126965637740245,0.05,20.0,-0.007840574975498171,0.837471783295711,0.9508532423208191,4.536466165413464,7.13261704681873,2185.0,2295.75,0.04072000878059488,0.007902535396773132
2237.25,2237.25,2237.25,2237.25,1,2021-03-30 00:00:00-04:00,2261.3,2256.825,2228.05,2130.125,2063.2,1897.96625,2246.5321356039003,2211.1411246920893,2155.774345170242,1940.895116322846,54.414426977853715,56.44430137654296,55.90433482810163,55.57021014683895,-54.04157043879908,-15.600624024960432,35.39101091181101,38.409776885760884,-3.0187659739498756,2296.2606296701174,2228.05,2159.839370329883,0.06122899366721322,0.5674381694209041,24.990362441602183,1.1170125127545953,40.5,30.615384615384617,3.329258603912422e-05,-32.0,100,0,0,0,22.920006883219788,0.0,85.71428571428572,85.71428571428572,2200.184718742545,2200.184718742545,-0.01778070464273951,-0.017940680531000213,0.18911814221413326,0.2324935479729723,-0.001227678571428581,0.011643680759665376,0.0026890756302520025,0.1,10.0,-0.02562127961823768,0.4717832957110609,0.8402730375426621,4.727443609022517,7.025846338535426,2185.0,2295.75,0.02335456475583864,0.026148172980221252
2215.0,2215.0,2215.0,2215.0,1,2021-03-31 00:00:00-04:00,2254.6,2253.375,2227.75,2135.36,2066.2625,1901.18125,2241.6810378186847,2211.42696730749,2158.0969198694484,1943.622528100728,50.92593680134391,53.9574929934998,22.571001494768296,46.64507556884234,-74.5958429561201,-89.79253112033136,30.25407051119464,36.77863561084764,-6.524565099652996,2296.134574283966,2227.75,2159.365425716034,0.06139340077115096,0.40677722181134124,24.794622267202026,1.119396039151333,22.25,30.615384615384617,2.7239388579403112e-05,-33.0,100,0,0,0,21.41869478419995,7.142857142857143,78.57142857142857,71.42857142857143,2207.8299412431415,2207.8299412431415,-0.00994524527880214,-0.009995029583731616,0.19185209904351805,0.2381625324260936,-0.014898821436513221,-0.015336741498110706,-0.0027014858171994227,0.15,6.666666666666667,-0.03556652489703982,0.2708803611738149,0.7795221843003413,4.429699248120199,6.7923889555822425,2185.0,2295.75,0.013544018058690745,0.03645598194130926
2234.5,2234.5,2234.5,2234.5,1,2021-04-01 00:00:00-04:00,2252.05,2253.575,2230.175,2141.46,2069.6525,1904.38625,2240.5762627696563,2213.1360808402687,2161.0931190902543,1946.5168313037059,53.72589015891693,55.75146242075939,8.049535603715157,28.841623975528325,-72.70029673590504,-47.09900804791337,27.440181929387563,34.910944874555625,-7.470762945168062,2295.851689167454,2230.175,2164.4983108325464,0.058898238180818796,0.5329264466192297,24.416434962401883,1.0927023925890302,19.5,30.615384615384617,2.2286772473734118e-05,-32.0,100,0,0,0,20.424459363110543,0.0,71.42857142857143,71.42857142857143,2214.86354594369,2214.86354594369,0.00880361173814892,0.008765085894270119,0.1848901634395561,0.2528050763943873,-0.0056736010679719895,0.0008958566629340137,0.02218664226898448,0.2,5.0,-0.0267629131588909,0.4469525959367946,0.8159278737791135,3.8669172932330094,6.521512605042009,2185.0,2295.75,0.02215260684716939,0.027411053927053033
2234.5,2234.5,2234.5,2234.5,1,2021-04-05 00:00:00-04:00,2239.8,2251.4,2232.1625,2146.145,2072.945,1907.5475,2239.641453112786,2214.718593370619,2163.9718203024013,1949.3823354698382,53.72589015891693,55.75146242075939,18.40810134076695,16.3428794797501,-72.70029673590504,-47.521126760563156,24.92285974216702,32.913327848077905,-7.990468105910885,2295.805110529431,2232.1625,2168.5198894705686,0.05702327722953082,0.5183642686916428,22.672403893658892,1.014652221689814,0.0,30.615384615384617,1.823463202654807e-05,-32.0,100,0,0,0,19.501240757813235,7.142857142857143,64.28571428571429,57.142857142857146,2215.0,2215.0,0.0,0.0,0.1846202491114329,0.1608716809101532,-0.026679734291625845,-0.00963988919667591,0.018111402209818994,0.25,4.0,-0.0267629131588909,0.4469525959367946,0.8159278737791135,3.3693609022555995,6.394609843937563,2185.0,2295.75,0.02215260684716939,0.027411053927053033
2273.75,2273.75,2273.75,2273.75,1,2021-04-06 00:00:00-04:00,2239.0,2250.425,2236.325,2151.75,2076.68,1910.8775,2244.888921864665,2219.091290157981,2168.2768469572093,1952.609874420387,59.164756044238786,59.2729239938695,51.74143467410028,26.066357206194095,-27.24458204334365,79.99627143922541,25.797631706684115,31.49018861979915,-5.692556913115034,2299.41087401316,2236.325,2173.2391259868396,0.05641923603515613,0.7966194935509097,23.856517901254684,1.049214641066726,39.25,30.615384615384617,1.4919244385680486e-05,-31.0,100,0,0,0,19.42063237241345,0.0,57.142857142857146,57.142857142857146,2221.46,2221.46,0.01756545088386674,0.017412961458825916,0.19333216805794123,0.224603499419648,-0.0017561189770607388,-0.004269761331289645,0.03800502168454689,0.3,3.3333333333333335,-0.00919746227502416,0.801354401805869,0.9338842975206612,3.3056390977442747,6.321032412965175,2185.0,2295.75,0.03903243540406817,0.009675645959318307
2266.25,2266.25,2266.25,2266.25,1,2021-04-07 00:00:00-04:00,2244.8,2253.05,2240.3875,2156.765,2080.2875,1914.28125,2248.1752415777933,2222.5845279240566,2172.11893139026,1955.730671689836,57.76754982527584,58.34136255914773,72.76991325478228,47.63981642321647,-36.53250773993808,45.641432856890276,25.590713653736657,30.31029362658665,-4.719579972849992,2300.104012582403,2240.3875,2180.6709874175967,0.053309092808635196,0.7165439581247516,22.688195194022207,1.0011338199237598,7.5,30.615384615384617,1.220665449963576e-05,-32.0,100,0,0,0,19.14608661904686,71.42857142857143,50.0,-21.42857142857143,2227.4032,2227.4032,-0.0032985156679494754,-0.003303967763271252,0.1935925608141393,0.170490670786238,0.012962342161135343,0.01171875,0.03718535469107542,0.35,2.857142857142857,-0.012495977942973635,0.728110599078341,0.9113448534936138,2.922744360902234,6.256770708283293,2187.25,2295.75,0.03485934914506343,0.013017098731384446
2290.5,2290.5,2290.5,2290.5,1,2021-04-08 00:00:00-04:00,2259.9,2257.25,2245.55,2162.17,2084.095,1917.7575,2254.6867428735172,2227.615303633386,2176.761326237701,1959.0617097824745,60.97647159399874,60.45156550317592,95.74468085106382,73.41867625998209,-6.5015479876160995,107.68786603975965,27.07143924013144,29.662522749295608,-2.591083509164168,2303.833702696334,2245.55,2187.2662973036663,0.05191040297150709,0.8856137987165599,22.799752680163476,0.9954050504328084,24.25,30.615384615384617,9.98726277501305e-06,-31.0,100,0,0,0,19.349386540075606,64.28571428571429,42.85714285714286,-21.42857142857143,2232.8709440000002,2232.8709440000002,0.010700496414782101,0.010643651257735979,0.1960454608619837,0.1336037662913629,0.03408577878103847,0.01867911941294187,0.0472053949022746,0.4,2.5,-0.0017954815281915337,0.9515011547344111,0.9842223891810669,2.799624060150332,6.237118847539011,2187.5,2295.75,0.044968347522375024,0.0022920759659463
2266.75,2266.75,2266.75,2266.75,1,2021-04-09 00:00:00-04:00,2266.35,2259.2,2249.1,2167.58,2087.5975,1921.16125,2256.5426285852836,2230.5141700309127,2180.290293836222,1962.1232848095146,56.45237736981481,57.45851050469888,81.60777608915906,83.37412339833503,-35.913312693498455,27.642276422764635,26.0284585543709,28.935709910310667,-2.907251355939767,2303.326008519906,2249.1,2194.873991480094,0.048220184535952976,0.662744783193114,22.867627488723226,1.0088288293249466,23.75,30.615384615384617,8.171396817857612e-06,-32.0,100,0,0,0,18.89159828157784,57.142857142857146,35.714285714285715,-21.42857142857143,2237.90126848,2237.90126848,-0.010368915084042807,-0.010423046800631344,0.20106010113597583,0.17727229981200182,0.014432759006489215,0.008677272221604193,0.032335192986451045,0.45,2.2222222222222223,-0.01216439661223434,0.7321016166281755,0.912847483095417,2.3161654135337844,6.076854741896773,2187.5,2295.75,0.03496194992831146,0.012793647292378956
2270.0,2270.0,2270.0,2270.0,1,2021-04-12 00:00:00-04:00,2273.45,2256.625,2253.225,2173.285,2091.0725,1924.675,2258.612993418317,2233.439046324919,2183.8083215289194,1965.1867347119075,56.92337149106939,57.75901448803382,57.68440108001962,78.3456193400808,-31.888544891640866,42.81938325991254,25.1739470933976,28.183357346928055,-3.0094102535304543,2300.1381911086864,2253.225,2206.3118088913134,0.04164092898728403,0.6787876672164175,21.466368382385856,0.9456549948187601,3.25,30.615384615384617,6.685688305196891e-06,-31.0,100,0,0,0,18.53377263939277,50.0,28.571428571428573,-21.42857142857143,2242.5291670016,2242.5291670016,0.0014337708172493802,0.0014327439492828802,0.20004393803959317,0.17607275807905512,0.015887223092414304,-0.011216378089948797,0.03771428571428581,0.5,2.0,-0.01073062579498496,0.6943620178041543,0.9226145755071374,1.6421052631578619,5.870096038415356,2211.5,2295.75,0.025770925110132157,0.011343612334801762
2304.5,2304.5,2304.5,2304.5,1,2021-04-13 00:00:00-04:00,2279.6,2259.3,2256.775,2179.735,2094.66,1928.38125,2265.6725328924217,2238.7028206712216,2188.5413285277855,1968.562986107809,61.663439755834645,60.84207629036816,57.68440108001962,65.65885941639941,-0.0,131.2807305080776,26.969712221200098,27.940628321782462,-0.9709161005823645,2307.74996934769,2256.775,2205.8000306523104,0.0451750567492902,0.9681219097404217,22.397342069358295,0.9718959457304532,34.5,30.615384615384617,5.4701086149577804e-06,-30.0,100,0,0,0,18.87843561318229,42.85714285714286,100.0,57.142857142857146,2246.7868336414717,2246.7868336414717,0.015198237885462484,0.015083901685114537,0.19362811592323523,0.16432042541577424,0.01352391423859256,0.011744045659093372,0.03178867248712791,0.55,1.8181818181818181,0.004467612090477524,1.0,1.0,2.063157894736753,5.7103841536614555,2211.5,2304.5,0.04035582555868952,0.0
2336.5,2336.5,2336.5,2336.5,1,2021-04-14 00:00:00-04:00,2293.65,2269.225,2263.025,2187.205,2098.35,1932.12125,2276.5690662935876,2245.947056177057,2194.3436293698333,1972.2240509226565,65.4599251417879,63.44082763119917,71.82130584192437,62.396702667321186,-0.0,184.4492440604752,30.62201011653042,28.476904680732055,2.1451054357983637,2320.500625268438,2263.025,2205.5493747315622,0.0507953957808136,1.139183998928568,23.083246207261276,0.9879412029643174,32.0,30.615384615384617,4.475543413207106e-06,-29.0,100,0,0,0,19.74064656282292,35.714285714285715,100.0,64.28571428571429,2252.558150277325,2252.558150277325,0.013885875461054464,0.0137903499799179,0.1932831760890149,0.16977873182918055,0.030998345284059647,0.044362498603195855,0.0565227221342981,0.6,1.6666666666666667,0.01835348755153199,1.0,1.0,2.487218045112709,5.548463385354135,2215.0,2336.5,0.052000855981168416,0.0
2347.25,2347.25,2347.25,2347.25,1,2021-04-15 00:00:00-04:00,2305.0,2282.45,2267.9125,2194.82,2101.98,1935.86875,2287.4430560945743,2253.4509779417194,2200.33995762984,1975.955652406013,66.65459459821193,64.27708460124354,99.99999999999999,76.50190230731464,-0.0,166.7550058892809,33.9920781528549,29.579939375156624,4.412138777698278,2335.66264298878,2267.9125,2200.1623570112197,0.059746699212408085,1.0855153694150785,22.202300049599756,0.9458856129342744,10.75,30.615384615384617,3.6618082468464763e-06,-28.0,100,0,0,0,20.711877041888368,28.571428571428573,100.0,71.42857142857143,2262.631172244046,2262.631172244046,0.0046008987802268475,0.004590346998175985,0.18590446953862977,0.16497867246213724,0.02477624972713377,0.059706546275394956,0.04345410091131363,0.65,1.5384615384615383,0.022954386331758836,1.0,1.0,3.4768796992481072,5.384537815126052,2215.0,2347.25,0.056342528490787094,0.0
2327.5,2327.5,2327.5,2327.5,1,2021-04-16 00:00:00-04:00,2317.15,2291.75,2272.6625,2201.905,2105.545,1939.41875,2293.605662849255,2258.9360906867773,2205.3266259580814,1979.4536061134158,62.385355673220666,61.560678318199294,91.47788565264291,87.76639716485573,-14.93383742911153,106.37699956766122,34.669572162477834,30.597865932620866,4.071706229856968,2343.0837814069682,2272.6625,2202.2412185930316,0.061972493854206966,0.8893531820522498,22.027135760342635,0.9463860691876534,19.75,30.615384615384617,2.996024932144792e-06,-29.0,100,0,0,0,21.003671456804902,21.42857142857143,92.85714285714286,71.42857142857143,2274.4778081298796,2274.4778081298796,-0.008414101608264946,-0.008449699987434653,0.18652444429262685,0.15374463845803005,0.026800485276276653,0.04162004922801521,0.042553191489361764,0.7,1.4285714285714286,0.01454028472349389,0.8506616257088847,0.9440905874026894,3.768984962405974,5.154105642256913,2215.0,2347.25,0.04833512352309345,0.008485499462943072
2340.75,2340.75,2340.75,2340.75,1,2021-04-19 00:00:00-04:00,2331.3,2302.375,2276.8875,2208.84,2109.235,1943.02375,2300.8586377955235,2264.9963802655348,2210.637346508745,1983.0485951073122,64.04901582596833,62.67192934887746,86.40965953178522,92.62918172814268,-4.914933837429111,107.36714975845426,35.86225752998871,31.650744252094434,4.2115132778942765,2352.7891592374917,2276.8875,2200.985840762508,0.0666714180981642,0.9206923843402297,21.40019749174673,0.9142453269997535,13.25,30.615384615384617,2.45129312759218e-06,-28.0,100,0,0,0,21.512220973894507,14.285714285714286,85.71428571428572,71.42857142857143,2284.6659149916964,2284.6659149916964,0.005692803437164384,0.0056766606677764115,0.18435338903223658,0.14984960346324486,0.031167400881057183,0.047549787424479684,0.03745152354570647,0.75,1.3333333333333333,0.020233088160658275,0.9508506616257089,0.9802130898021308,4.482518796992453,4.971644657863153,2215.0,2347.25,0.05372209761828474,0.002776887749652889
2320.25,2320.25,2320.25,2320.25,1,2021-04-20 00:00:00-04:00,2334.45,2307.025,2278.725,2214.87,2112.9625,1946.53625,2303.8419242885197,2269.0892409866065,2214.9358819397744,1986.4038329669409,59.652968289699835,59.86064277034184,53.07632619845189,76.98795712762664,-20.415879017013232,59.95393221454414,34.752683301913294,32.27113206205821,2.4815512398550865,2356.922650220466,2278.725,2200.527349779534,0.06863281020787163,0.7655130933149961,21.33589767090768,0.9195516720572214,20.5,30.615384615384617,2.0056034699678094e-06,-29.0,100,0,0,0,21.3562779171744,7.142857142857143,78.57142857142857,71.42857142857143,2293.4276868928587,2293.4276868928587,-0.008757876748905269,-0.008796452343496316,0.18393822780125002,0.15555196068511581,0.006834454328487727,0.020450797141286392,0.016093715787168783,0.8,1.25,0.011475211411753006,0.7958412098298677,0.9133921411387329,5.206390977443552,4.76825930372148,2215.0,2347.25,0.04536149121861868,0.011636677082210969
2377.25,2377.25,2377.25,2377.25,1,2021-04-21 00:00:00-04:00,2342.6,2318.125,2285.5875,2221.705,2117.135,1950.33125,2315.135474397978,2277.1011490616725,2221.301141471548,1990.2928495543345,66.53144878638555,64.50863175990996,61.598440545808955,67.02814209201533,-0.0,140.51183003379987,38.034325336305756,33.42377071690772,4.610554619398037,2372.5817921978055,2285.5875,2198.5932078021947,0.07612422818886208,1.0268305407415699,23.883333551557133,1.0046622589781107,57.0,30.615384615384617,1.6409482945789478e-06,-28.0,100,0,0,0,22.193880156789987,0.0,100.0,100.0,2300.9628107278586,2300.9628107278586,0.0245663182846676,0.02426941894405143,0.1864546242073392,0.21620887672750796,0.017440616306441337,0.048979591836734615,0.06127232142857153,0.85,1.1764705882352942,0.036041529696420604,1.0,1.0,6.002443609022527,4.71105642256903,2215.0,2377.25,0.06825113050793985,0.0
2368.0,2368.0,2368.0,2368.0,1,2021-04-22 00:00:00-04:00,2346.75,2325.875,2291.5625,2227.795,2121.3275,1954.1225,2323.268478336751,2283.8343972793264,2227.0540378844285,1994.0511296582715,64.6065451253098,63.260435067252374,61.257309941520454,58.644025561927066,-6.479859894921191,108.00325998369996,39.434081057424464,34.62583278501107,4.808248272413394,2383.8038783234006,2291.5625,2199.3211216765994,0.08050522586523437,0.9143341165827348,22.838095440731625,0.9644465980038692,9.25,30.615384615384617,1.3425940608158271e-06,-29.0,100,0,0,0,22.69661356917854,7.142857142857143,92.85714285714286,85.71428571428572,2313.1687610114013,2313.1687610114013,-0.0038910505836575737,-0.003898640415657309,0.18803294886880514,0.22190781525612807,0.008840132069442896,0.03383540711635025,0.05314654213920389,0.9,1.1111111111111112,0.03215047911276303,0.9429892141756548,0.9688026981450253,6.594172932330798,4.667839135654257,2215.0,2377.25,0.06461148648648649,0.00390625
2372.5,2372.5,2372.5,2372.5,1,2021-04-23 00:00:00-04:00,2355.75,2336.45,2297.825,2233.63,2125.275,1957.7725,2330.842558592635,2290.40221970308,2232.757801104647,1997.8167900596818,65.1350230664423,63.620008724753795,91.81286549707602,71.5562053281351,-4.279279279279279,104.4315706080414,40.44033888955528,35.78873400591991,4.651604883635365,2394.1009185882212,2297.825,2201.5490814117784,0.08379743330168436,0.8878176448224305,21.528231480679363,0.9074070170992355,4.5,30.615384615384617,1.0984860523421958e-06,-28.0,100,0,0,0,23.23891746674754,0.0,85.71428571428572,85.71428571428572,2323.421759249577,2323.421759249577,0.0019003378378379399,0.0018985344801867312,0.18767778101186908,0.20317382482951657,0.01933404940923733,0.04665269659203708,0.05573478696184231,0.95,1.0526315789473684,0.03405081695060097,0.9707241910631741,0.983857264231096,7.050751879699109,4.648211284513796,2215.0,2377.25,0.06638566912539515,0.0020021074815595365
2406.25,2406.25,2406.25,2406.25,1,2021-04-26 00:00:00-04:00,2368.85,2350.075,2303.35,2240.075,2129.04,1961.625,2342.4437034245375,2298.9835367621113,2239.561416747602,2001.880802098889,68.8872434952733,66.22329373706742,91.81286549707602,81.6276803118908,-0.0,144.96933532239362,43.46016666242622,37.323020537221176,6.137146125205042,2410.5753934476525,2303.35,2196.1246065523474,0.0931038647601559,0.9798303680286139,22.401214946345124,0.9309595821857715,33.75,30.615384615384617,8.987613178135234e-07,-27.0,100,0,0,0,24.278394294609825,7.142857142857143,100.0,92.85714285714286,2332.0342777696446,2332.0342777696446,0.014225500526870327,0.014125267552011362,0.17954429223090132,0.2165047013258547,0.02798248424650218,0.06002202643171817,0.04813241859958617,1.0,1.0,0.0482763174774713,1.0,1.0,8.566917293233113,4.687935174069621,2215.0,2406.25,0.07948051948051948,0.0
2398.0,2398.0,2398.0,2398.0,1,2021-04-27 00:00:00-04:00,2384.4,2359.425,2309.3625,2246.2,2132.4925,1965.3425,2350.9908259746085,2306.3180895945475,2245.7746945222057,2005.822286655119,66.98935959285109,65.02893378874687,90.03267973856208,91.21947024423802,-5.913978494623656,114.17004048583021,44.672736380061,38.79296370578914,5.879772674271855,2423.438513583029,2309.3625,2195.2864864169715,0.09879437600898838,0.8885019173442898,21.390413878749047,0.8920105871037969,8.25,30.615384615384617,7.353501700890774e-07,-28.0,100,0,0,0,24.972451957192742,0.0,92.85714285714286,92.85714285714286,2345.3931077711086,2345.3931077711086,-0.0034285714285714475,-0.003434462448634819,0.17686522331586982,0.1966181814958099,0.03350932011636676,0.04057279236276856,0.05279332674788706,1.0,1.0,0.05268832102439802,0.9568627450980393,0.974477958236659,9.514849624060146,4.696278511404564,2215.0,2406.25,0.07631359466221851,0.0034403669724770644
2397.0,2397.0,2397.0,2397.0,0,2021-04-28 00:00:00-04:00,2388.35,2365.475,2317.35,2252.48,2135.8775,1969.05875,2358.069160440053,2313.0352681430995,2251.7050986585896,2009.7146022107893,66.74930593701528,64.88000772961276,84.74945533769062,88.86500019110956,-6.630824372759856,96.73333333333309,45.03389229695358,40.04114942402203,4.992742872931551,2432.47671279942,2317.35,2202.2232872005798,0.09936066006379714,0.8459231922080956,19.933955744552687,0.8316210156258943,1.0,30.615384615384617,6.016501394867646e-07,-28.0,100,0,0,0,25.58263510225469,7.142857142857143,85.71428571428572,78.57142857142857,2356.347348372309,2356.347348372309,-0.0004170141784820558,-0.0004171011530751828,0.1602406992239684,0.11745250143603805,0.008307918813755366,0.025893430344532398,0.07140462621521948,0.95,0.0,0.07046902566713753,0.9516339869281045,0.968103448275862,9.628195488721817,4.651428571428568,2215.0,2406.25,0.07592824363788069,0.0038589904046725074
2419.0,2419.0,2419.0,2419.0,0,2021-04-29 00:00:00-04:00,2398.55,2372.65,2327.55,2258.535,2139.83,1972.96625,2367.443135756968,2320.884507539907,2258.2656830249193,2013.78709373108,69.35138625870442,66.64459160479285,84.74945533769062,86.51053013798109,-0.0,119.59287531806592,46.558628217060686,41.34464518262976,5.213983034430925,2440.7287966007666,2327.55,2214.3712033992338,0.09725144173123362,0.9040067695832902,20.081530334227494,0.8301583437051465,22.0,30.615384615384617,4.922592076184173e-07,-28.0,100,0,0,0,26.52088150470501,0.0,100.0,100.0,2365.3298256652934,2365.3298256652934,0.009178139340842772,0.009136276175642949,0.15317709283292433,0.11503566905445999,0.02153716216216206,0.03056768558951961,0.09209932279909716,0.9,0.0,0.08041427094593967,1.0,1.0,9.464285714285646,4.709615846338535,2234.5,2419.0,0.07627118644067797,0.0
2413.0,2413.0,2413.0,2413.0,0,2021-04-30 00:00:00-04:00,2406.65,2381.2,2336.475,2263.965,2143.525,1976.925,2374.45188410205,2327.707877351766,2264.3336954553147,2017.7593614551488,67.79319999901888,65.69929848781901,82.84808873044166,84.11566646860761,-5.240174672489083,98.74407072013767,46.744006750283916,42.42451749616059,4.319489254123326,2447.016835971737,2336.475,2225.933164028263,0.09462274235481816,0.846135919162614,19.075706738925533,0.7905390277217378,6.0,30.615384615384617,4.0275753576679563e-07,-28.0,100,0,0,0,27.169479672202833,0.0,92.85714285714286,92.85714285714286,2376.0638605322347,2376.0638605322347,-0.0024803637866886996,-0.0024834449849955066,0.154165650526784,0.12458070940436346,0.017070600632244526,0.03673469387755102,0.07988364287312599,0.85,0.0,0.07161065920779075,0.967479674796748,0.9790940766550522,9.215789473684133,4.786446578631441,2234.5,2419.0,0.07397430584334853,0.0024865312888520514
2413.0,2413.0,2413.0,2413.0,0,2021-05-03 00:00:00-04:00,2408.0,2388.425,2345.4,2269.585,2147.4775,1980.84125,2380.382363470965,2334.0258123627464,2270.16374661393,2021.692104127237,67.79319999901888,65.69929848781901,81.81818181818181,83.138575295438,-6.075949367088607,88.57780482856518,46.35655110821881,43.21092421857223,3.1456268896465787,2450.244217770932,2345.4,2240.555782229068,0.08940412532696522,0.8223830624007092,17.713156257573708,0.7340719543130422,0.0,30.615384615384617,3.2952889483794934e-07,-28.0,100,0,0,0,27.771749399165095,0.0,85.71428571428572,85.71428571428572,2384.6510884257877,2384.6510884257877,0.0,0.0,0.154165650526784,0.07964687346907241,0.0028051948051948106,0.03086617537114167,0.07988364287312599,0.8,0.0,0.07161065920779075,0.9607201309328969,0.9780018331805683,8.69887218045107,4.813937575030014,2266.25,2419.0,0.06081641110650642,0.0024865312888520514
2436.0,2436.0,2436.0,2436.0,0,2021-05-04 00:00:00-04:00,2415.6,2400.0,2353.5125,2274.965,2151.92,1984.86125,2388.9389229369704,2341.5794558914317,2276.6671290996583,2025.8145707528365,70.71809024378894,67.63918456044675,81.81818181818181,82.1614841222684,-0.0,119.45578231292518,47.35946704553862,44.040632783965506,3.318834261573116,2460.020654030578,2353.5125,2247.0043459694216,0.09050995397779127,0.8872356100375105,18.090787953461298,0.7426431836396263,23.0,30.615384615384617,2.696145529057503e-07,-28.0,100,0,0,0,28.748758644718798,28.571428571428573,100.0,71.42857142857143,2391.52087074063,2391.52087074063,0.009531703273932823,0.00948656320475587,0.14719688479434132,0.09098839005490576,0.015846538782318564,0.04988686563947842,0.07135788894997241,0.75,0.0,0.05404520832392401,1.0,1.0,8.861842105263083,4.954273709483792,2266.25,2436.0,0.06968390804597702,0.0
2456.75,2456.75,2456.75,2456.75,0,2021-05-05 00:00:00-04:00,2427.55,2407.95,2363.0375,2280.975,2156.105,1988.9675,2399.3713963312825,2350.1106073068813,2283.7292024682993,2030.1024854717139,73.09227205778441,69.28472009187216,90.90909090909089,84.84848484848482,-0.0,139.1279313232833,49.26078902440122,45.08466403205265,4.176124992348569,2470.6931170155667,2363.0375,2255.381882984433,0.09111630011421047,0.935242036588065,18.280731671071205,0.7441022355172975,20.75,30.615384615384617,2.2059372639660069e-07,-28.0,100,0,0,0,29.995081223571457,21.42857142857143,100.0,78.57142857142857,2400.416696592504,2400.416696592504,0.00851806239737285,0.008481988412748706,0.14593667799169835,0.09095450290215235,0.02492699207342519,0.03344200231359773,0.08405956977385554,0.7,0.0,0.057343723991873485,1.0,1.0,8.958834586466109,5.091272509003592,2266.75,2456.75,0.0773379464740002,0.0
2504.75,2504.75,2504.75,2504.75,0,2021-05-06 00:00:00-04:00,2444.7,2421.625,2373.75,2287.275,2160.605,1993.21875,2415.583489203393,2361.565377136001,2292.396684724444,2034.8253463127912,77.6139520696129,72.66130740785451,99.99999999999999,90.90909090909088,-0.0,202.66666666666706,54.01811206739194,46.87135363912051,7.146758428271433,2492.4717334779166,2373.75,2255.0282665220834,0.1000288433726522,1.051710273099943,20.403536551708978,0.8145937339738089,48.0,30.615384615384617,1.8048577743456917e-07,-28.0,100,0,0,0,31.798198419257233,14.285714285714286,100.0,85.71428571428572,2411.6833572740034,2411.6833572740034,0.019538007530273793,0.019349590896836185,0.1543785749118036,0.13857060095252893,0.03544853245142621,0.05774915540540548,0.09353852870552282,0.65,0.0,0.046643227577091384,1.0,1.0,9.837969924811972,5.394393757502984,2266.75,2504.75,0.0950194630202615,0.0
2555.25,2555.25,2555.25,2555.25,0,2021-05-07 00:00:00-04:00,2473.15,2439.9,2388.175,2293.315,2165.9775,1997.73625,2437.0706447105636,2375.912386237038,2302.7046578725053,2040.003701075848,81.19445161969338,75.6218036722715,99.99999999999999,96.96969696969694,-0.0,224.82895882572416,61.15825847352562,49.72873460600153,11.42952386752409,2520.6935930350846,2388.175,2255.6564069649157,0.11097896346380348,1.1303832397155262,22.553283940872625,0.8826253376723461,50.5,30.615384615384617,1.4767018186034875e-07,-28.0,100,0,0,0,33.98390863847705,7.142857142857143,100.0,92.85714285714286,2430.2966858192026,2430.2966858192026,0.02016169278371094,0.019961137069813256,0.1533456922924508,0.13391118549750614,0.05895151263986742,0.07702845100105371,0.1272747325465975,0.6,0.0,0.05701214266113419,1.0,1.0,10.74135338345859,5.941596638655459,2270.0,2555.25,0.11163291263085803,0.0
2549.0,2549.0,2549.0,2549.0,0,2021-05-10 00:00:00-04:00,2500.35,2454.175,2402.125,2300.645,2170.9675,2002.175,2454.290545524323,2388.7336909602204,2312.3632987402502,2045.0683408661382,79.49970401585084,74.57239939265887,98.25296995108313,99.41765665036102,-3.3377837116154874,161.0214910646147,65.55685456410265,52.89435859762175,12.662495966480897,2540.554178643808,2402.125,2263.695821356192,0.11525559964099118,1.03050592887618,21.38876365938172,0.839104105899636,6.25,30.615384615384617,1.208210598235837e-07,-28.0,100,0,0,0,35.771371136281765,0.0,92.85714285714286,92.85714285714286,2455.287348655362,2455.287348655362,-0.002445944623813756,-0.002448940833070235,0.15549872722444208,0.14762547615526478,0.05636137588064649,0.059324675324675225,0.12290748898678405,0.55,0.0,0.05557837184388481,0.9750747756729811,0.9847188264058679,11.17293233082702,6.271824729891943,2304.5,2555.25,0.0959199686151432,0.002451941938014908
2542.75,2542.75,2542.75,2542.75,0,2021-05-11 00:00:00-04:00,2521.7,2468.65,2414.0375,2308.575,2176.145,2006.5875,2467.899692366735,2400.1423064446485,2321.398071338672,2050.020397175928,77.75197227657338,73.50142069636668,94.02285150776673,97.4252738196166,-6.675567423230975,118.97813621742564,67.75738592208654,55.86696406251471,11.89042185957183,2557.7175503723597,2414.0375,2270.35744962764,0.11903713208461741,0.9479136096710365,20.307423397997308,0.7986401886932379,6.25,30.615384615384617,9.885359730787968e-08,-28.0,100,0,0,0,37.181462652490765,7.142857142857143,85.71428571428572,78.57142857142857,2475.2798789242897,2475.2798789242897,-0.002451941938014901,-0.0024549528704098456,0.15405237479692027,0.17703053587309794,0.04382183908045967,0.06036280233527935,0.10338468214363195,0.5,0.0,0.040380133958422326,0.9468085106382979,0.9662390276839973,11.64041353383455,6.463373349339751,2320.25,2555.25,0.08750368695310196,0.004915937469275391
2513.75,2513.75,2513.75,2513.75,0,2021-05-12 00:00:00-04:00,2533.1,2480.325,2422.9,2314.225,2180.84,2010.81375,2474.9535858487757,2408.557691152452,2328.9412842273514,2054.63462207965,70.05609951090001,68.69486199994532,66.63011223383934,86.30197789756305,-22.70861833105335,69.83515307214729,66.39589469632347,57.97275018927646,8.423144507047006,2568.21305860107,2422.9,2277.5869413989303,0.11994969548976,0.8126009488569498,20.928321726711783,0.8325538230417416,29.0,30.615384615384617,8.088021630214826e-08,-28.0,100,0,0,0,37.391341423130726,0.0,78.57142857142857,78.57142857142857,2491.2739031394317,2491.2739031394317,-0.011404974928718947,-0.01147051041884383,0.16066669772213363,0.22740105054902426,0.02320138394220006,0.04870671672924498,0.0758613310507168,0.45,0.0,0.026494258497367862,0.823404255319149,0.8879135719108711,11.840601503759386,6.756770708283321,2320.25,2555.25,0.07697662854301343,0.016509199403281948
2474.5,2474.5,2474.5,2474.5,0,2021-05-13 00:00:00-04:00,2527.05,2485.875,2429.2625,2319.295,2184.975,2014.7425,2474.8838034105024,2413.442306622641,2334.649469159612,2058.8123870340814,61.22345688497541,62.853686759030516,35.043808949422846,65.23225756367628,-51.026856240126385,15.047843754096299,61.441496787861524,58.666499508993475,2.7749972788680495,2571.887486853649,2429.2625,2286.6375131463506,0.11742245793005018,0.658588971673033,22.237013031946653,0.8986467177994203,39.25,30.615384615384617,6.617472436687422e-08,-28.0,100,0,0,0,36.324334599026805,0.0,71.42857142857143,71.42857142857143,2555.25,-2555.25,-0.015614122327200386,-0.01573730669492104,0.1746012429605653,0.21949419401736442,-0.012077053598163467,0.022943365026870666,0.05421237618489716,0.4,0.0,0.021893359717141014,0.6563829787234042,0.7819041188386225,11.383270676691653,6.905582232893161,2320.25,2555.25,0.062335825419276625,0.032632855122246916
2475.75,2475.75,2475.75,2475.75,0,2021-05-14 00:00:00-04:00,2511.15,2492.15,2436.675,2325.09,2189.02,2018.68,2475.017064424271,2418.05769131726,2340.1828233102156,2062.9610199989165,61.39041015461382,62.95900854959443,6.49987817573702,36.05793311966638,-50.23696682464455,10.932162030258663,56.95937310701129,58.32507422859704,-1.3657011215857509,2572.627942226334,2436.675,2300.722057773666,0.11158890063412971,0.6437078130127846,20.73794067252189,0.8376427616892614,1.25,30.615384615384617,5.414295856098761e-08,-28.0,100,0,0,0,35.35739144460842,14.285714285714286,64.28571428571429,50.0,2553.635,-2553.635,0.000505152556071975,0.0005050250094713752,0.16987743988150103,0.10905668018231329,-0.031112415614910516,0.026004973062577763,0.06369495166487638,0.35,0.0,0.03030746132540596,0.6617021276595745,0.7852802160702228,10.440601503759343,6.947274909963972,2320.25,2555.25,0.06280924972230637,0.03211148136928203
2525.75,2525.75,2525.75,2525.75,0,2021-05-17 00:00:00-04:00,2506.5,2503.425,2445.925,2331.71,2193.925,2022.85875,2482.8221314359216,2426.034899367833,2347.4599674941287,2067.5658854715643,67.43094825576608,66.90060260881879,25.589809146856112,22.377832090671973,-18.64139020537125,69.1161616161616,56.78723206808854,58.01750579649534,-1.2302737284068002,2579.669168097146,2445.925,2312.180831902854,0.10936080877144314,0.7984242271484255,22.828087767341753,0.903814224184569,50.0,30.615384615384617,4.4298786860963446e-08,-28.0,100,0,0,0,35.32239065658915,7.142857142857143,57.142857142857146,50.0,2552.0523000000003,-2552.0523000000003,0.020195900232252928,0.019994667906429626,0.1802451215354473,0.22062615268783783,-0.009121224009415507,0.04672606713634475,0.0790344974901207,0.3,0.0,0.024614657888241576,0.874468085106383,0.9203241053342336,10.19849624060146,7.100216086434581,2320.25,2555.25,0.08136197169157676,0.011679699099277442
2499.75,2499.75,2499.75,2499.75,0,2021-05-18 00:00:00-04:00,2497.9,2509.8,2454.9,2337.895,2198.8475,2026.8925,2485.4264189073183,2431.495277192438,2353.432125631614,2071.8662249196086,61.999028434881396,63.22706126908169,42.012573374498395,24.700753565697156,-39.01581722319859,24.04643449419559,53.93114171488014,57.2002329801723,-3.269091265292161,2577.3168493304656,2454.9,2332.4831506695346,0.09973265658924237,0.6831855673679645,23.05465292681734,0.9222783449071844,26.0,30.615384615384617,3.624446165417794e-08,-28.0,100,0,0,0,34.51386031530727,0.0,50.0,50.0,2550.5012540000002,-2550.5012540000002,-0.010293972087498715,-0.010347321451882833,0.18174884073926462,0.22905240939826255,-0.016910824894307397,0.026169950738916148,0.07736235319469875,0.25,0.0,0.033372534637146845,0.7036048064085447,0.850101282916948,8.983082706766835,7.149783913565417,2368.0,2555.25,0.052705270527052706,0.0222022202220222
2434.75,2434.75,2434.75,2434.75,0,2021-05-19 00:00:00-04:00,2482.1,2507.6,2457.775,2342.89,2202.9675,2030.40375,2477.630046767731,2431.7363677707763,2356.6210618813543,2075.4770087512543,50.9491872466203,55.261652351779745,41.453289258167295,36.35189059317391,-84.71001757469244,-80.40300837235714,45.893678996954804,54.9389221835288,-9.045243186573998,2575.368037634031,2457.775,2340.181962365969,0.09569064510301482,0.4020987957141745,26.050749146330386,1.069955812561059,65.0,30.615384615384617,2.965456147308032e-08,-28.0,100,0,0,0,32.18445500921863,14.285714285714286,42.85714285714286,28.571428571428573,2548.9812289200004,-2548.9812289200004,-0.026002600260025988,-0.026346645014650116,0.19336567395854432,0.2794119828473803,-0.03142715067130786,-0.008954920118042109,0.024187611736249837,0.2,0.0,0.008806216352479246,0.35647530040053405,0.6725543478260869,7.469172932330752,7.0032412965185875,2368.0,2555.25,0.027415545743916213,0.04949173426429818
2424.5,2424.5,2424.5,2424.5,0,2021-05-20 00:00:00-04:00,2472.1,2499.575,2460.6,2347.635,2206.985,2033.72875,2469.4561934188496,2431.2003405284963,2359.282981023262,2078.949874335819,49.45242126276099,54.13247344069252,16.422764227642265,33.29620895343596,-91.91564147627416,-99.95657837603116,38.25585289035325,51.60230832489369,-13.346455434540438,2571.981035190032,2460.6,2349.218964809968,0.0905316062667902,0.3379436861113378,24.922124207306787,1.0279284061582505,10.25,30.615384615384617,2.4262824638299207e-08,-28.0,100,0,0,0,29.963528735183758,7.142857142857143,35.714285714285715,28.571428571428573,2544.4119797632,-2544.4119797632,-0.0042098778108635715,-0.004218764295901691,0.19348173328782511,0.26675585617083,-0.020206102242877333,-0.03203912566124367,0.02385979729729737,0.15,0.0,0.01269726693613682,0.28454172366621067,0.6444595513256288,5.576315789473636,6.814105642256906,2372.5,2555.25,0.021447721179624665,0.05392864508146009
2388.5,2388.5,2388.5,2388.5,0,2021-05-21 00:00:00-04:00,2454.65,2482.9,2461.4,2351.49,2210.6425,2036.91125,2457.001394431334,2428.0373523412004,2360.42874647333,2082.0299750886966,44.50694883105306,50.339208238407416,-1.1842378929335004e-14,19.292017828603157,-100.0,-149.13230598361784,28.964042090133717,47.0746550779417,-18.110612987807983,2570.4437297601125,2461.4,2352.3562702398876,0.08860301434964854,0.16573043603527549,25.713401049642016,1.0765501800143193,36.0,30.615384615384617,1.985140229976423e-08,-28.0,100,0,0,0,28.607768546720397,100.0,28.571428571428573,-71.42857142857143,2537.2172609774084,-2537.2172609774084,-0.014848422355124735,-0.014959763715390399,0.20169512863324318,0.2727626105251771,-0.03524184590528123,-0.06525780256335001,0.0067439409905163394,0.1,0.0,0.01079692909829888,0.0,0.5465669612508498,3.155263157894689,6.538295318127249,2388.5,2555.25,0.0,0.06981369060079548
2406.5,2406.5,2406.5,2406.5,0,2021-05-24 00:00:00-04:00,2430.8,2468.65,2461.4125,2355.87,2214.685,2040.14875,2449.231949134206,2426.441992908519,2362.2354622979055,2085.2585325505006,47.34248550562371,52.10133852699187,5.39325842696628,7.272007551536152,-89.20539730134932,-112.34616911472827,22.789956225687092,42.21771530749078,-19.427759081803686,2570.4309932706346,2461.4125,2352.394006729365,0.08858205869242537,0.2481505277105533,25.162443831810442,1.04560331734097,18.0,30.615384615384617,1.624205836492365e-08,-28.0,100,0,0,0,26.943780061293715,92.85714285714286,21.42857142857143,-71.42857142857143,2525.319880099216,-2525.319880099216,0.0075361105296209985,0.0075078559131474204,0.1969613139703931,0.19759872363464828,-0.04721369890131644,-0.055904276186739876,0.00010389610389616166,0.05,0.0,-0.0034285714285714475,0.10794602698650675,0.5672727272727273,1.500187969924793,6.266122448979592,2388.5,2555.25,0.00747974236442967,0.06181175981716185
2393.5,2393.5,2393.5,2393.5,0,2021-05-25 00:00:00-04:00,2409.55,2453.725,2461.1875,2359.07,2218.375,2043.35,2440.6578031135587,2424.0018452856657,2363.4615225999482,2088.325611828605,45.532906421461675,50.736121219617544,8.996862030569885,4.796706819178692,-97.00149925037482,-113.51611351611344,16.655957827892962,37.105363811571216,-20.449405983678254,2570.7458035420022,2461.1875,2351.6291964579978,0.0890288151894175,0.19108913787602555,24.293697843823985,1.0149863314737408,13.0,30.615384615384617,1.3288957489976383e-08,-28.0,100,0,0,0,25.657169731102254,85.71428571428572,14.285714285714286,-71.42857142857143,2514.3742896912786,-2514.3742896912786,-0.005402036152088119,-0.005416679910600364,0.1975510403556317,0.19950259190186093,-0.04250425042504247,-0.05869629338314819,-0.0018765638031693621,0.0,0.0,-0.0,0.029985007496251874,0.5294545454545454,-0.47124060150380476,6.054981992797106,2388.5,2555.25,0.0020889910173386254,0.06757885941090454
2424.5,2424.5,2424.5,2424.5,0,2021-05-26 00:00:00-04:00,2407.5,2444.8,2462.5625,2363.33,2222.72,2046.64875,2438.1719872499343,2424.038745634876,2365.8551883803425,2091.67063061638,50.401444450060275,53.769254156666925,42.330195363903215,18.906771940479768,-78.41079460269866,-61.63129008794571,14.133241615058523,32.51093937226868,-18.377697757210157,2569.523459583399,2462.5625,2355.601540416601,0.08686964053371155,0.32207293133752174,24.772719426407985,1.0217661136897498,31.0,30.615384615384617,1.0872785338733593e-08,-28.0,100,0,0,0,23.882061033365982,78.57142857142857,7.142857142857143,-71.42857142857143,2504.3043465159762,-2504.3043465159762,0.012951744307499569,0.012868587712843339,0.20282420164734796,0.1754770915904128,-0.0042098778108635715,-0.0355047240179015,0.011472674176053355,0.0,0.0,0.0,0.2158920539730135,0.6157237325495959,-2.008834586466197,5.8475390156062375,2388.5,2555.25,0.014848422355124768,0.05392864508146009
2501.25,2501.25,2501.25,2501.25,0,2021-05-27 00:00:00-04:00,2422.85,2447.475,2466.675,2368.365,2227.5,2050.32625,2447.8762969037907,2429.75809781007,2371.1647888360153,2095.7460472271623,59.946992548081866,60.14779305624922,70.27027027027026,40.532442554914425,-29.75077881619938,45.78121687513266,18.118199093720705,29.632391316559087,-11.514192222838382,2572.9425985425223,2466.675,2360.407401457478,0.08616262664722521,0.6626789372969829,28.4853823245217,1.138845870045845,76.75,30.615384615384617,8.89591689201552e-09,-28.0,100,0,0,0,23.59736566426687,71.42857142857143,0.0,-71.42857142857143,2388.5,2388.5,0.031656011548772955,0.03116528935253621,0.22932496288903811,0.28317909142879516,0.031656011548772955,0.010810264699939287,0.034001653575857826,0.0,0.0,0.0,0.6761619190404797,0.8412931667891257,-2.1439849624060034,5.893289315726296,2388.5,2555.25,0.045077461269365314,0.02158920539730135
2519.5,2519.5,2519.5,2519.5,0,2021-05-28 00:00:00-04:00,2449.05,2451.85,2472.0,2374.105,2232.195,2054.11625,2458.8953281493614,2436.405646120435,2376.9818559404853,2099.962504468683,61.8282287274213,61.474905746520704,100.0,70.86682187805779,-15.07293354943274,76.86123348017614,22.48968202892638,28.203849459032547,-5.714167430106166,2577.6469355920867,2472.0,2366.3530644079133,0.08547486698388893,0.7248053847174621,27.754283587055863,1.1015790270710801,18.25,30.615384615384617,7.278480040895374e-09,-28.0,100,0,0,0,23.601747363288826,64.28571428571429,0.0,-64.28571428571429,2390.755,2390.755,0.007296351824088054,0.007269862222709715,0.2295462663213999,0.21372261953933863,0.05484613774335356,0.017671412703221145,0.04413593037712382,0.0,0.0,0.0,0.7856071964017991,0.8949301983835415,-2.236842105263199,5.916170468187276,2388.5,2555.25,0.05199444334193292,0.01418932327842826
2493.0,2493.0,2493.0,2493.0,0,2021-06-01 00:00:00-04:00,2466.35,2448.575,2476.0,2378.84,2236.745,2057.9175,2464.1422007417673,2440.5978204818844,2381.531587080074,2103.873325319741,57.59782366330338,58.50449202575344,92.98941798941799,87.75322941989606,-23.861566484517304,46.92522299500972,23.544380259882928,27.271955619202622,-3.727575359319694,2578.417161647834,2476.0,2373.582838352166,0.08272791732458307,0.5829939032017666,27.664691902266156,1.1096948215911013,26.5,30.615384615384617,5.955122617251618e-09,-28.0,100,0,0,0,23.001458329380217,57.142857142857146,0.0,-57.142857142857146,2395.9048000000003,2395.9048000000003,-0.010517959912681119,-0.01057366459709493,0.23391489004186636,0.26371825887282246,0.035944317473509235,-0.01296644561021476,0.03315375051802727,0.0,0.0,-0.0,0.6266866566716641,0.8170462894930198,-2.8684210526316463,5.907298919567842,2388.5,2555.25,0.04191736863217008,0.02496991576413959
2465.25,2465.25,2465.25,2465.25,0,2021-06-02 00:00:00-04:00,2480.7,2445.125,2477.4625,2382.475,2241.005,2061.72,2464.31263139688,2442.4239078535966,2384.8146620965417,2107.469113127505,53.4718878916304,55.55305558724779,73.95433027011974,88.98124941984588,-44.08014571948998,10.218115850314517,21.888723543283504,26.1953092040188,-4.306585660735294,2578.3774734925223,2477.4625,2376.547526507478,0.08146639837537176,0.4394911400293583,27.670785337818575,1.1224332354859983,27.75,30.615384615384617,4.872372727504626e-09,-28.0,100,0,0,0,21.854614312062115,50.0,21.42857142857143,-28.571428571428573,2400.8486080000002,2400.8486080000002,-0.011131167268351394,-0.011193582311119414,0.23626747274155133,0.2833660899520287,0.029977021098809287,-0.013801380138013797,0.01200738916256161,0.0,0.0,-0.0,0.46026986506746626,0.7354886113152094,-3.653571428571497,5.877130852340916,2388.5,2555.25,0.03113274515769192,0.03650745360511105
2427.75,2427.75,2427.75,2427.75,0,2021-06-03 00:00:00-04:00,2481.35,2444.425,2476.0125,2386.23,2245.06,2065.25,2458.6876111819756,2441.3369517162932,2386.4984008378538,2110.655987623749,48.42378618713642,51.84211092460359,40.62099693678641,69.18824839877469,-71.40255009107467,-45.00933505672811,17.350659465682384,24.426379256351517,-7.075719790669133,2578.8905193967767,2476.0125,2373.134480603223,0.08309975769248083,0.26543823314744003,28.372872099402965,1.1686900257194095,37.5,30.615384615384617,3.986489360841006e-09,-28.0,100,0,0,0,20.518626290091277,42.85714285714286,14.285714285714286,-28.571428571428573,2405.5946636800004,2405.5946636800004,-0.015211439002129623,-0.015328319737975079,0.24082617860285815,0.30949010479989303,0.0013404825737264314,-0.002875038504979943,-0.0118042128828737,0.0,0.0,-0.0,0.2353823088455772,0.6252755326965467,-4.690789473684269,5.634741896758708,2388.5,2555.25,0.016167233034702914,0.05251776336113686
2478.25,2478.25,2478.25,2478.25,0,2021-06-04 00:00:00-04:00,2476.75,2449.8,2474.6875,2390.825,2249.835,2068.89625,2461.6972094616717,2444.0712515891605,2390.096502765781,2114.313639488189,54.63489694773431,55.9983008349172,32.64520292557006,49.073510044158716,-34.60837887067395,35.77863577863588,17.625957872511208,23.066294979583454,-5.440337107072246,2576.730122834767,2474.6875,2372.644877165233,0.0824690978838879,0.517455940963849,29.953381235159895,1.2086505088332449,50.5,30.615384615384617,3.261675374233164e-09,-28.0,100,0,0,0,19.715245089975838,35.714285714285715,7.142857142857143,-28.571428571428573,2410.1508771328004,2410.1508771328004,0.020801153331273747,0.02058776343854337,0.2422565667884193,0.2428961457503495,-0.00919540229885063,0.02216951948855428,-0.010579898193432524,0.0,0.0,0.0,0.5382308845577212,0.7736958119030125,-4.205075187969948,5.513961584633852,2388.5,2555.25,0.036215071118732976,0.031070311711893474
2452.75,2452.75,2452.75,2452.75,0,2021-06-07 00:00:00-04:00,2463.4,2456.225,2469.5625,2394.935,2254.2075,2072.29625,2460.3207156983376,2444.714121841815,2392.5535026573193,2117.6811654634307,51.27693797821008,53.54805454571922,31.11834939327188,34.79484975187609,-50.95419847328244,3.7600130783065975,15.606593856522522,21.574354754971267,-5.967760898448745,2564.9869301790613,2469.5625,2374.1380698209387,0.07728043342013927,0.4119067309678884,29.635282575505617,1.208247174620553,25.5,30.615384615384617,2.668645748826748e-09,-28.0,100,0,0,0,18.48953152616266,28.571428571428573,0.0,-28.571428571428573,2414.524842047488,2414.524842047488,-0.01028951881367901,-0.010342821869506672,0.2318311100372323,0.23352625612228944,-0.026493351855526925,0.02689972786267525,-0.04011349183054491,0.0,0.0,-0.0,0.40031152647975077,0.6987509184423218,-3.2464285714286434,5.308055222088844,2388.5,2549.0,0.02619508714707981,0.03924166751605341
2470.75,2470.75,2470.75,2470.75,0,2021-06-08 00:00:00-04:00,2458.95,2462.65,2465.65,2398.435,2258.84,2075.80625,2461.9252209755164,2446.642705409088,2395.6200319648756,2121.1942881951377,53.451768649643796,55.00720308873945,59.50118767710026,41.088246665314045,-37.213740458015266,42.95371814872595,15.282515566428174,20.31598691726265,-5.033471350834475,2553.8702357738784,2465.65,2377.4297642261217,0.07155941498094082,0.5289049329513921,28.8041909629695,1.1658075872900737,18.0,30.615384615384617,2.1834374308582483e-09,-28.0,100,0,0,0,17.66205570938524,21.42857142857143,57.142857142857146,35.714285714285715,2418.7238483655888,2418.7238483655888,0.0073387014575476694,0.007311904212793099,0.23414038282523056,0.24248093129960338,-0.008924989971921371,0.026698524828589143,-0.03069831306394666,0.0,0.0,0.0,0.5332252836304701,0.75165319617928,-1.9751879699248802,5.243541416566615,2388.5,2542.75,0.03328948699787514,0.029140949104522917
2475.25,2475.25,2475.25,2475.25,0,2021-06-09 00:00:00-04:00,2460.95,2470.825,2462.275,2402.385,2263.615,2079.4525,2463.975186979283,2448.761764267674,2398.7427758093904,2124.717230601156,54.004521145129104,55.37516387689105,72.50736567909665,54.375634249822916,-33.778625954198475,45.415934387814545,15.213422711608928,19.295474076131903,-4.082051364522975,2543.310779134895,2462.275,2381.2392208651054,0.06582187540781977,0.5800572298959532,27.068177322757396,1.0935532702861286,4.5,30.615384615384617,1.7864500989617227e-09,-28.0,100,0,0,0,16.972649090993773,14.285714285714286,50.0,35.714285714285715,2422.754894430965,2422.754894430965,0.0018213093190326823,0.0018196527463307623,0.23439022780682667,0.22772382301664257,0.004056383733901159,0.03415500313348652,-0.026546062334087073,0.0,0.0,0.0,0.6320582877959927,0.7648787656135194,-0.6206766917294053,5.128727490996399,2388.5,2525.75,0.03504696495303505,0.0204019795980204
2500.75,2500.75,2500.75,2500.75,0,2021-06-10 00:00:00-04:00,2475.55,2478.45,2461.625,2407.655,2268.89,2083.25125,2469.6328505209317,2452.612744692291,2402.743059110983,2128.458850197165,57.11245031103363,57.4458643763239,93.06930693069307,75.02595342896332,-14.31297709923664,82.29766014576131,17.02010582864068,18.840400426633657,-1.8202945979929765,2541.1940737661357,2461.625,2382.0559262338643,0.06464759966780945,0.7458555701866888,26.956164656846152,1.0779232093110527,25.5,30.615384615384617,1.4616432508773869e-09,-28.0,100,0,0,0,16.77647073039091,7.142857142857143,42.85714285714286,35.714285714285715,2426.6246986537267,2426.6246986537267,0.010301989698010328,0.010249285862666083,0.23457073899129463,0.1813767801068102,0.030068993924415643,0.03144978346050742,-0.005171556439582337,0.0,0.0,0.0,0.8178506375227687,0.8398236590742102,0.7417293233081828,4.955762304921969,2388.5,2525.75,0.04488653403978806,0.009997000899730081
2488.75,2488.75,2488.75,2488.75,0,2021-06-11 00:00:00-04:00,2477.65,2477.2,2462.3375,2413.13,2274.245,2086.9675,2472.5739504407884,2455.289578418788,2406.115880322317,2132.043836762367,55.22145874729204,56.1582535720361,89.68646864686468,85.08771375221812,-24.404761904761905,53.29468599033817,17.284372022000298,18.529194745706985,-1.2448227237066867,2542.6070887307046,2462.3375,2382.0679112692956,0.06519787700159262,0.6645237032957206,25.88786718135714,1.040195567307168,12.0,30.615384615384617,1.195889609562073e-09,-28.0,100,0,0,0,16.324159661888668,0.0,35.714285714285715,35.714285714285715,2430.3397107075775,2430.3397107075775,-0.004798560431870436,-0.004810110486884043,0.22817185940234508,0.1347882300671083,0.004236860687985455,-0.004997501249375258,0.005758739139219982,0.0,0.0,-0.0,0.7304189435336976,0.7926734216679657,1.3325187969924426,4.674765906362538,2388.5,2525.75,0.040281265695630335,0.014866901054746359
2518.0,2518.0,2518.0,2518.0,0,2021-06-14 00:00:00-04:00,2490.7,2477.05,2464.45,2418.8,2280.13,2090.83375,2479.562573449898,2459.934794832211,2410.503492858697,2135.884196595577,58.80211800849408,58.53685672092364,91.66666666666667,91.47414741474147,-1.1904761904761905,108.18755635707834,19.627778617687,18.748911520102986,0.8788670975840134,2548.170009555678,2464.45,2380.7299904443216,0.06794214494566998,0.8198160170083749,26.128019525545916,1.0376497031590912,29.25,30.615384615384617,9.784564269921248e-10,-28.0,100,0,0,0,16.41567389128596,7.142857142857143,28.571428571428573,21.42857142857143,2433.9061222792743,2433.9061222792743,0.011752887995981842,0.011684359225886353,0.23171600865370184,0.10792820349292129,0.02660279278361033,-0.0005953562214725538,0.017065535696253686,0.0,0.0,0.0,0.9435336976320583,0.8838659392049883,2.3394736842104553,4.484057623049215,2388.5,2525.75,0.05142970611596505,0.0030778395552025417
2479.75,2479.75,2479.75,2479.75,0,2021-06-15 00:00:00-04:00,2492.5,2475.725,2462.15,2423.705,2284.925,2094.50125,2479.59140830376,2461.4025878076027,2413.219042158356,2139.305746878208,52.85053255090998,54.47846577675004,61.8421052631579,81.06508019222973,-41.8421052631579,4.567699836867863,18.188820496157405,18.63689331531387,-0.44807281915646513,2541.416386318517,2462.15,2382.883613681483,0.06438794250432922,0.6110180545463345,26.99387527372121,1.0885724477758325,38.25,30.615384615384617,8.005578422398685e-10,-28.0,100,0,0,0,15.650414601593113,0.0,21.42857142857143,21.42857142857143,2437.3298773881033,2437.3298773881033,-0.015190627482128627,-0.015307186978189306,0.22672003098813295,0.17718719510899067,0.0036426186380653647,-0.005314881668672333,-0.018212412154805513,0.0,0.0,-0.0,0.6965648854961832,0.7387543252595156,3.525939849624013,4.176122448979583,2388.5,2519.5,0.0367980643210001,0.016029841717915112
2488.25,2488.25,2488.25,2488.25,0,2021-06-16 00:00:00-04:00,2495.1,2478.025,2461.575,2427.995,2289.8725,2098.05625,2480.923499333951,2463.3912850070396,2416.1614326619497,2142.7778289988228,53.965583011718785,55.203149897027245,44.24951267056531,65.91942820012994,-34.059945504087196,19.570099454603323,17.532214326911344,18.415957517633366,-0.8837431907220221,2539.9033314006133,2461.575,2383.2466685993863,0.06364082459450839,0.6702768303819073,25.67288418274112,1.0317646612173665,8.5,30.615384615384617,6.55003162819412e-10,-28.0,100,0,0,0,15.099108357562596,0.0,14.285714285714286,14.285714285714286,2440.6166822925793,2440.6166822925793,0.0034277648956548834,0.0034219035000698883,0.22433613068994704,0.17814788979997576,0.005251994748005195,0.009329682587972732,-0.004600460046004562,0.0,0.0,0.0,0.7614503816793893,0.7681660899653979,4.4924812030074515,3.9607563025210126,2388.5,2519.5,0.04008841555309957,0.012559027428915905
2420.0,2420.0,2420.0,2420.0,0,2021-06-17 00:00:00-04:00,2478.95,2477.25,2460.8375,2431.07,2293.9175,2101.27,2471.550653282574,2460.177115747259,2416.311964714422,2145.5362585610237,44.803432344937924,48.67074789756711,10.916179337231975,39.00259909031838,-100.0,-177.03826955074877,11.373537535314881,17.00747352116967,-5.633935985854787,2540.4297852731215,2460.8375,2381.2452147268787,0.06468715246181142,0.24345817650626597,28.714106741116755,1.1865333364097832,68.25,30.615384615384617,5.359126475923404e-10,-28.0,100,0,0,0,14.762913143417114,100.0,7.142857142857143,-92.85714285714286,2519.5,-2519.5,-0.027428915904752382,-0.0278121119754409,0.22656344877878215,0.24440505848194904,-0.03229031290612816,-0.003192256204304411,-0.006058116849779194,0.0,0.0,-0.0,0.24045801526717558,0.5311958405545927,3.474999999999962,3.5458343337335347,2388.5,2519.5,0.013016528925619835,0.04111570247933884
2401.75,2401.75,2401.75,2401.75,0,2021-06-18 00:00:00-04:00,2461.55,2469.6,2459.7,2433.295,2297.7325,2104.31375,2460.812091239101,2455.849181247462,2415.740907274641,2148.085649023103,42.71506669486705,47.10568470844015,7.4074074074074145,20.85769980506822,-99.99999999999999,-177.78456318914365,4.962909991638753,14.598560815263486,-9.635650823624733,2541.9431760087427,2459.7,2377.456823991257,0.0668725259249038,0.14769113492261413,27.9666705453227,1.1644288766658768,18.25,30.615384615384617,4.384759222375578e-10,-28.0,100,0,0,0,14.749072943600416,100.0,0.0,-100.0,2517.51,-2517.51,-0.007541322314049581,-0.007569901860884185,0.22765007342822582,0.24401460717506196,-0.03495730788548468,-0.03086855644103703,-0.009383378016085797,0.0,0.0,-0.0,0.10114503816793893,0.4679376083188908,2.0571428571428068,3.1325930372149027,2388.5,2519.5,0.005516810658894556,0.04902675132715728
2420.5,2420.5,2420.5,2420.5,0,2021-06-21 00:00:00-04:00,2442.05,2466.375,2461.3,2436.37,2301.975,2107.565,2454.61023104847,2453.23072337728,2415.9275383619097,2150.7962395800873,45.52450516895826,48.8790194982729,7.225433526011567,8.51634009021697,-83.87096774193547,-103.0603804797351,1.3795076711899128,11.954750186448772,-10.575242515258859,2539.0633589809054,2461.3,2383.536641019095,0.06318885059188656,0.23766565298434042,27.308336934942506,1.1282105736394341,18.75,30.615384615384617,3.587530272852746e-10,-28.0,100,0,0,0,14.334874730063955,92.85714285714286,64.28571428571429,-28.571428571428573,2512.8796,-2512.8796,0.007806807536171467,0.007776492089901083,0.22269476269667485,0.22584475050765868,-0.03872120730738682,-0.013148506778106195,0.013397529830437405,0.0,0.0,0.0,0.21428571428571427,0.5276073619631901,0.37293233082701105,2.6946218487394784,2393.5,2519.5,0.011154720099153068,0.040900640363561246
2439.25,2439.25,2439.25,2439.25,0,2021-06-22 00:00:00-04:00,2433.95,2463.225,2462.9375,2439.755,2306.52,2110.94875,2452.2471185794743,2452.1951142382222,2416.8421447006585,2153.666426250932,48.25733500429906,50.61740055458371,21.676300578034688,12.103047170484542,-67.74193548387096,-50.203847258111146,0.052004341252086306,9.574201017409434,-9.522196676157348,2537.3219531807554,2462.9375,2388.5530468192446,0.06040303757667856,0.34077654007592817,26.697027153875183,1.094476874198019,18.75,30.615384615384617,2.935252041424974e-10,-28.0,100,0,0,0,13.559859621938434,85.71428571428572,57.142857142857146,-28.571428571428573,2508.434416,-2508.434416,0.007746333402189665,0.007716484608310401,0.22278084861732544,0.23689567995932923,-0.016332291561649392,-0.012749165233228776,0.0136089756908373,0.0,0.0,0.0,0.3630952380952381,0.5373878364905285,-0.8073308270677221,2.293961584633859,2393.5,2519.5,0.018755765091729014,0.032899456800245974
2447.25,2447.25,2447.25,2447.25,0,2021-06-23 00:00:00-04:00,2425.75,2460.425,2465.625,2442.61,2311.1725,2114.33875,2451.478331105709,2451.8288094798354,2418.034609614358,2156.5876558404752,49.42316822288599,51.35842317393463,55.00963391136802,27.970456005138075,-60.86021505376343,-37.338430730019695,-0.3504783741263964,7.5892651391022685,-7.939743513228665,2533.367619524196,2465.625,2397.882380475804,0.05494965335296001,0.3643763694919053,25.36152521431267,1.0363275192282222,8.0,30.615384615384617,2.4015989197323506e-10,-28.0,100,0,0,0,12.673655915338554,78.57142857142857,50.0,-28.571428571428573,2504.16703936,-2504.16703936,0.0032796966280619344,0.0032743301534803094,0.2217199480201731,0.23663697174792975,-0.016477443986737672,-0.01131198868801131,0.02245665343639014,0.0,0.0,0.0,0.386411889596603,0.5404255319148936,-2.127819548872188,1.98036014405763,2401.75,2519.5,0.01859229747675963,0.029522933905404024
2454.0,2454.0,2454.0,2454.0,0,2021-06-24 00:00:00-04:00,2432.55,2455.75,2467.1,2444.96,2316.0825,2117.70125,2451.866280166369,2451.989638407255,2419.4450170804616,2159.5469826480326,50.43786460401879,51.99658777775829,81.1175337186898,52.60115606936415,-55.05376344086021,-17.443868739205683,-0.12335824088586378,6.046740463104642,-6.170098703990506,2532.43861798356,2467.1,2401.7613820164397,0.05296795264363844,0.39975300668820396,24.03213055614748,0.9793044236408915,6.75,30.615384615384617,1.964970408607769e-10,-28.0,100,0,0,0,11.83099301774854,71.42857142857143,42.85714285714286,-28.571428571428573,2500.0703577856,-2500.0703577856,0.0027581979773214638,0.0027544011293170324,0.21746794038020756,0.09936118274258937,0.014049586776859524,-0.018694391682495204,0.012167457207671761,0.0,0.0,0.0,0.4437367303609342,0.5691489361702128,-2.9432330827068283,1.747298919567851,2401.75,2519.5,0.021291768541157295,0.02669111654441728
2502.0,2502.0,2502.0,2502.0,0,2021-06-25 00:00:00-04:00,2452.6,2457.075,2467.1375,2448.055,2321.4375,2121.38125,2459.5791601407736,2455.694109636347,2422.682467391032,2162.9544753580026,57.038504359190945,56.279480032935716,100.0,78.70905587668592,-13.763440860215052,84.57218941762223,3.8850505044265446,5.614402471369023,-1.7293519669424784,2532.5552871454033,2467.1375,2401.7197128545963,0.05303132650320747,0.7664604041291677,25.744121230708373,1.0289416958716375,48.0,30.615384615384617,1.6077095210675907e-10,-28.0,100,0,0,0,11.991464116108043,64.28571428571429,35.714285714285715,-28.571428571428573,2401.75,2401.75,0.019559902200489088,0.01937106575599979,0.1979929681144232,0.10743941211909509,0.04174039762673054,0.0053239578101456075,0.00029985007496247107,0.0,0.0,0.0,0.851380042462845,0.7734042553191489,-1.9054511278195976,1.6422208883553238,2401.75,2519.5,0.04006794564348521,0.0069944044764188645
2511.5,2511.5,2511.5,2511.5,0,2021-06-28 00:00:00-04:00,2470.8,2456.425,2466.7375,2451.735,2326.82,2125.06125,2467.566981657578,2459.827879292914,2426.165507885501,2166.422590031057,58.224345026354676,57.07535243391925,100.0,93.70584457289658,-5.591397849462365,91.73469932234106,7.739102364663722,6.039342450027963,1.6997599146357594,2530.9565538313914,2466.7375,2402.518446168609,0.052068007910360294,0.8485141661968809,24.583826857086347,0.978850362615423,9.5,30.615384615384617,1.3154277667126735e-10,-28.0,100,0,0,0,12.309877904283876,57.142857142857146,28.571428571428573,-28.571428571428573,2403.755,2403.755,0.0037969624300560056,0.0037897721632430045,0.19668881501185057,0.11210490814684321,0.03759553811196037,-0.002581413820492484,-0.003175233181186732,0.0,0.0,0.0,0.9440860215053763,0.8138297872340425,-0.44492481203012935,1.4962665066026222,2401.75,2518.0,0.043698984670515625,0.002588094764085208
2569.0,2569.0,2569.0,2569.0,0,2021-06-29 00:00:00-04:00,2496.75,2465.35,2470.5375,2456.3,2332.57,2129.08375,2483.1720614025658,2467.9147030489944,2431.766860517442,2170.4283354038826,64.59445778795482,61.526328851660715,100.0,99.99999999999999,-0.0,167.7835051546391,15.257358353571362,7.882945630736643,7.37441272283472,2548.12555884286,2470.5375,2392.94944115714,0.06281067083001973,1.1345209653937691,26.93498208158018,1.0484617392596411,57.5,30.615384615384617,1.0762590818558238e-10,-28.0,100,0,0,0,13.515558895369692,50.0,100.0,50.0,2408.0648,2408.0648,0.022894684451522984,0.022636533919784162,0.208583550018787,0.157289891004305,0.05319257968637903,0.0359915314043755,0.03048535900521454,0.0,0.0,0.0,1.0,1.0,1.4306390977442422,1.5003841536614717,2401.75,2569.0,0.06510315297781238,0.0
2548.75,2548.75,2548.75,2548.75,0,2021-06-30 00:00:00-04:00,2517.05,2471.4,2474.7125,2460.87,2337.87,2132.895,2493.26097503294,2473.902502823143,2436.3544346147974,2174.1927300764805,61.06307812529379,59.25429462353956,94.1304347826087,98.04347826086955,-12.107623318385649,116.69602415702039,19.358472209797128,10.17805094654874,9.180421263248387,2559.3767301978787,2474.7125,2390.0482698021215,0.06842348773676023,0.9372419133024552,26.457483361467308,1.0380572186941561,20.25,30.615384615384617,8.805756124274922e-11,-28.0,100,0,0,0,14.130634485865215,42.85714285714286,92.85714285714286,50.0,2417.720912,2417.720912,-0.007882444530945887,-0.007913675221218639,0.2062626137930627,0.2027689328410784,0.0414751251404637,0.02431427710238121,0.03387080417807531,0.0,0.0,-0.0,0.8789237668161435,0.8992537313432836,2.464473684210452,1.3847298919567896,2401.75,2569.0,0.05767533104462972,0.00794507111329083
2534.75,2534.75,2534.75,2534.75,0,2021-07-01 00:00:00-04:00,2533.2,2482.875,2480.0625,2464.02,2342.8625,2136.70375,2499.6439019509494,2478.4097248362436,2440.2130842377464,2177.7803646030825,58.67478117229855,57.70734119404659,77.09063378758383,90.40702285673082,-20.47832585949178,82.19215525488568,21.234177114705744,12.389276180180142,8.844900934525603,2565.6974629240344,2480.0625,2394.4275370759656,0.06905871358002827,0.8193059127526715,25.5676631213625,1.0086857923409607,14.0,30.615384615384617,7.204903340607416e-11,-28.0,100,0,0,0,14.360589159980137,35.714285714285715,85.71428571428572,50.0,2426.7976572800003,2426.7976572800003,-0.005492888670917129,-0.005508030055975771,0.19839972863071176,0.22412153355897335,0.03290546047269771,0.04741735537190084,0.04407373082071886,0.0,0.0,-0.0,0.7952167414050823,0.8296019900497512,2.5806390977443443,1.353781512605037,2401.75,2569.0,0.05247065785580432,0.013512180688430811
2585.75,2585.75,2585.75,2585.75,0,2021-07-02 00:00:00-04:00,2549.95,2501.275,2485.4375,2468.375,2348.085,2140.76125,2512.8909939584955,2486.3608563298553,2445.9204142676385,2181.839763960266,64.1721755406739,61.54721254289303,77.09063378758383,82.7705674525921,-0.0,137.5645756457562,26.530137628640205,15.217448469872155,11.31268915876805,2582.654252028654,2485.4375,2388.220747971346,0.07822908604915947,1.0159218854093872,27.38425861269375,1.0590450976580779,51.0,30.615384615384617,5.895017807233671e-11,-28.0,100,0,0,0,15.359457151273363,28.571428571428573,100.0,71.42857142857143,2435.3297978432,2435.3297978432,0.020120327448466258,0.01992058842522378,0.19756760222868633,0.22619280389371596,0.03347322142286169,0.07661080462163006,0.04337738323413709,0.0,0.0,0.0,1.0,1.0,4.061842105263103,1.405054021608628,2401.75,2585.75,0.07115923813207,0.0
2556.0,2556.0,2556.0,2556.0,0,2021-07-06 00:00:00-04:00,2558.85,2514.825,2490.6,2472.045,2352.8375,2144.7475,2519.5231487341116,2491.5193114165327,2450.2372607669467,2185.5627513835466,59.22299207129452,58.30484372613277,63.51575456053069,72.56567404523277,-16.168478260869563,81.91381065490322,28.003837317578927,17.77472623941351,10.229111078165417,2591.23105882382,2490.6,2389.9689411761797,0.08080868772490182,0.8249493782754442,27.55324014035848,1.077982791093837,29.75,30.615384615384617,4.82316409033956e-11,-28.0,100,0,0,0,15.579948442431837,21.42857142857143,92.85714285714286,71.42857142857143,2447.363414015744,2447.363414015744,-0.011505365947984125,-0.01157206476048757,0.19863122848696332,0.26179726291139954,0.017718494923352646,0.05598016938649031,0.0420956069717664,0.0,0.0,-0.0,0.8383152173913043,0.8491761723700887,4.553759398496227,1.3764345738295298,2401.75,2585.75,0.06034820031298904,0.011639280125195618
2524.0,2524.0,2524.0,2524.0,0,2021-07-07 00:00:00-04:00,2549.85,2523.3,2493.2625,2474.4,2357.2375,2148.50875,2520.21189508271,2493.9252883486415,2453.1299172074587,2188.9302861956508,54.36605678594795,55.03060301290655,47.22222222222223,62.6095368567789,-33.55978260869565,36.91470395045488,26.2866067340683,19.47710233834447,6.809504395723831,2594.4680427089065,2493.2625,2392.056957291093,0.08118322295298366,0.6518568014027116,27.870865844618585,1.1042339875046983,32.0,30.615384615384617,3.9463543544115964e-11,-28.0,100,0,0,0,15.090839835040608,14.285714285714286,85.71428571428572,71.42857142857143,2458.4343408944846,2458.4343408944846,-0.012519561815336422,-0.012598591836321605,0.20416603635197614,0.2139419014950405,-0.01751654340210196,0.03474428615353076,0.02155216027522,0.0,0.0,-0.0,0.6644021739130435,0.6869455006337135,4.717481203007476,1.3375510204081538,2401.75,2585.75,0.048435023771790806,0.02446513470681458
2467.0,2467.0,2467.0,2467.0,0,2021-07-08 00:00:00-04:00,2533.5,2525.275,2492.85,2475.78,2360.99,2152.05125,2512.02544968537,2491.9308225450386,2453.6738420228526,2191.6971490195747,46.975856041873946,49.80002475961837,13.888888888888895,41.54228855721393,-64.53804347826086,-39.9057714958775,20.09462714033134,19.600607298741842,0.4940198415894983,2594.4124684615454,2492.85,2391.2875315384545,0.08148301619555565,0.3727384220196091,29.951518284288685,1.2140866754879889,57.0,30.615384615384617,3.229061462661775e-11,-28.0,100,0,0,0,14.444924611235422,7.142857142857143,78.57142857142857,71.42857142857143,2585.75,-2585.75,-0.022583201267828867,-0.022842107131747103,0.22079514405972944,0.2546807841054276,-0.03207454634624818,0.008070282970681353,-0.003332996667003374,0.0,0.0,-0.0,0.3546195652173913,0.3979721166032953,4.057894736842085,1.1330372148859418,2401.75,2585.75,0.02644912849614917,0.04813538710985002
2521.75,2521.75,2521.75,2521.75,0,2021-07-09 00:00:00-04:00,2530.9,2532.05,2493.9,2478.275,2365.3775,2155.85375,2513.521534349159,2494.1396505046655,2456.3434952768584,2194.9812569895294,53.512549002489266,54.191312060415385,15.368421052631588,25.493177387914226,-38.72919818456883,24.377293667525763,19.381883844493586,19.556862607892192,-0.17497876339860596,2596.1989980400454,2493.9,2391.601001959955,0.08203937450583043,0.6361205902969741,31.722838406839493,1.2579692041970651,54.75,30.615384615384617,2.6421531629239325e-11,-28.0,100,0,0,0,13.914953931675496,0.0,71.42857142857143,71.42857142857143,2583.375,-2583.375,0.02219294689906759,0.021950267405587975,0.23195942113287749,0.3265655944664831,-0.005128710918236523,0.027607986960065167,0.008397480755773179,0.0,0.0,0.0,0.6521739130434783,0.6755386565272496,4.595488721804432,1.048271308523434,2401.75,2585.75,0.047586001784475064,0.025379200951720037
2511.25,2511.25,2511.25,2511.25,0,2021-07-12 00:00:00-04:00,2516.0,2532.975,2495.025,2480.12,2369.3275,2159.68625,2513.1720675262113,2495.4070838006164,2458.496691540511,2198.1282096563,52.18389836965896,53.253255583165895,31.941454760496754,20.399588234005734,-50.85324232081911,-1.9366486131628842,17.764983725594902,19.198486831432735,-1.4335031058378327,2597.56729615139,2495.025,2392.48270384861,0.08219740976654744,0.5791136955624919,30.20692137777953,1.202863967258518,10.5,30.615384615384617,2.1618262735501048e-11,-28.0,100,0,0,0,13.23303053251866,0.0,64.28571428571429,64.28571428571429,2581.0475,-2581.0475,-0.004163775156141525,-0.004172467805800561,0.2317772615302915,0.2686530546190413,-0.028811756743691408,0.0036970423661071283,0.009040683073832323,0.0,0.0,-0.0,0.595108695652174,0.6223067173637515,4.762030075187937,0.9806962785113994,2401.75,2585.75,0.043603782976605276,0.02966650074664012
2559.25,2559.25,2559.25,2559.25,0,2021-07-13 00:00:00-04:00,2516.65,2537.75,2497.0875,2483.045,2373.505,2163.81875,2520.2609802144866,2500.1361887042744,2462.4478016761773,2201.7214613015108,57.392037192834636,56.83940195412027,65.27478809383008,37.52822130231946,-19.133574007220215,77.10800143523502,20.124791510212162,19.38374776718862,0.7410437430235426,2602.9992881777,2497.0875,2391.1757118223004,0.08482825545977038,0.7934635561798992,31.477855565080993,1.229964074048295,48.0,30.615384615384617,1.7688961406747694e-11,-28.0,100,0,0,0,13.34383439271991,0.0,57.142857142857146,57.142857142857146,2578.7665500000003,-2578.7665500000003,0.01911398705823797,0.018933609670736044,0.23788793607734082,0.3115931954231604,0.0012715179968700863,0.019012542305395286,0.01638204924543296,0.0,0.0,0.0,0.8559782608695652,0.8656527249683144,6.042293233082687,1.0025090036014312,2401.75,2585.75,0.06154146722672658,0.010354596073068281
2542.5,2542.5,2542.5,2542.5,0,2021-07-14 00:00:00-04:00,2520.35,2535.1,2500.225,2485.635,2377.61,2167.8125,2523.6823678737965,2503.274248800254,2465.5871035712294,2205.1122925323416,55.13522312776011,55.28540553541711,77.18730651725993,58.13451645719558,-32.82732447817837,34.19859909353081,20.408119073542366,19.58862202845937,0.819497045082997,2607.604106440707,2500.225,2392.845893559293,0.08589555455265578,0.6968492819566519,30.425865881860922,1.1966908901420226,16.75,30.615384615384617,1.447375552743324e-11,-28.0,100,0,0,0,13.124320925470244,0.0,50.0,50.0,2576.5312190000004,-2576.5312190000004,-0.006544886197128119,-0.006566397877165214,0.23202978251062079,0.2985923466109386,0.007329635499207621,-0.010315297781237853,0.025304970259098614,0.0,0.0,-0.0,0.7649456521739131,0.7807351077313055,6.417293233082672,0.9708643457383027,2401.75,2585.75,0.05535889872173058,0.017010816125860372
2534.75,2534.75,2534.75,2534.75,0,2021-07-15 00:00:00-04:00,2533.9,2533.7,2502.55,2487.61,2381.2875,2171.6425,2525.385080508597,2505.6057859261614,2468.2993740194165,2208.3922697210746,54.07568223982232,54.56070813679702,76.9337172538392,73.13193728830973,-42.94736842105263,3.728022178449337,19.779294582435796,19.626756539254654,0.15253804318114206,2610.801397219596,2502.55,2394.2986027804045,0.08651287464354013,0.6487278724665319,28.806161176013713,1.136449794891556,7.75,30.615384615384617,1.184474740512087e-11,-28.0,100,0,0,0,12.76912365703676,0.0,42.85714285714286,42.85714285714286,2574.3405946200005,-2574.3405946200005,-0.0030481809242871583,-0.0030528360900258828,0.23239968867036223,0.22103988888278556,0.02746250506688286,-0.005492888670917129,0.018687832814226812,0.0,0.0,-0.0,0.7228260869565217,0.7414448669201521,6.721428571428536,0.9648739495798041,2401.75,2585.75,0.05247065785580432,0.020120327448466317
2506.25,2506.25,2506.25,2506.25,0,2021-07-16 00:00:00-04:00,2530.8,2530.85,2506.8625,2488.6,2384.7875,2175.24125,2522.441221968813,2505.6535054871865,2469.7876338617925,2211.356028231313,50.25128008176401,51.93216512089285,43.60038392050587,65.90713589720166,-66.94736842105263,-79.83411093831,16.787716481626376,19.058948527728997,-2.2712320461026216,2608.271631122384,2506.8625,2405.4533688776164,0.0809052200688181,0.4969800549850832,28.784292520584163,1.1485004496991187,28.5,30.615384615384617,9.691802915767767e-12,-28.0,100,0,0,0,11.892953216224274,57.142857142857146,35.714285714285715,-21.42857142857143,2572.1937827276006,-2572.1937827276006,-0.0112437123976723,-0.011307400777809803,0.21235070071939266,0.186871211251381,-0.006146525230494748,-0.0112437123976723,0.03564049586776852,0.0,0.0,-0.0,0.5679347826086957,0.596958174904943,5.470864661654095,0.9331572629051481,2401.75,2585.75,0.04169576059850374,0.03172069825436409
2440.0,2440.0,2440.0,2440.0,0,2021-07-19 00:00:00-04:00,2516.55,2516.275,2508.775,2487.305,2387.29,2178.54875,2509.757957050534,2500.790282858506,2468.6194913574086,2213.631092627021,42.69269029876054,46.46804978373318,16.319444444444443,45.61784853959649,-100.0,-205.18452908178395,8.967674192027971,17.040693660588794,-8.073019468560823,2603.398319007515,2508.775,2414.151680992485,0.07543388227921194,0.13658535379350836,31.46041448339958,1.289361249319655,66.25,30.615384615384617,7.929656931082718e-12,-28.0,100,0,0,0,12.087347614473385,100.0,28.571428571428573,-71.42857142857143,2570.0899070730484,-2570.0899070730484,-0.026433915211970027,-0.026789572767631716,0.23300258881084265,0.2613375478725036,-0.028372324539571947,-0.05636662477037613,0.01592588737378997,0.0,0.0,-0.0,0.11800302571860817,0.26108998732572875,2.856015037593947,0.8583553421368381,2420.5,2585.75,0.007991803278688524,0.05973360655737705
2485.25,2485.25,2485.25,2485.25,0,2021-07-20 00:00:00-04:00,2501.75,2509.2,2512.0125,2485.905,2389.61,2182.26,2505.9875021196826,2499.639150794913,2469.271668166922,2216.333768322275,48.40153007843279,50.22404499435547,14.715447154471542,24.878425173140602,-68.95368782161235,-85.38573508005805,6.348351324769737,14.902225193424982,-8.553873868655245,2598.4060001895773,2512.0125,2425.6189998104223,0.06878429163037802,0.3451127692403158,32.445384877442464,1.3055179510086496,45.25,30.615384615384617,6.490807891168515e-12,-28.0,100,0,0,0,11.452308894243329,92.85714285714286,21.42857142857143,-71.42857142857143,2564.8863107901266,-2564.8863107901266,0.01854508196721305,0.018375218805006897,0.2402344910513871,0.2579531553770706,-0.02891472110970006,-0.02767996870109546,0.02675067134889475,0.0,0.0,0.0,0.31399317406143346,0.49049429657794674,1.1261278195487732,1.0199159663865758,2439.25,2585.75,0.018509204305401872,0.040438587667236695
2478.0,2478.0,2478.0,2478.0,0,2021-07-21 00:00:00-04:00,2488.85,2504.6,2513.95,2484.485,2392.565,2185.745,2501.6817325628085,2498.0362507360305,2469.613955689788,2218.9374124185706,47.583631369928725,49.638128018210246,28.08396078683742,19.706284128584453,-73.92795883361921,-84.82762388679402,3.6454818267779956,12.650876520095585,-9.005394693317589,2595.3214630568054,2513.95,2432.578536943194,0.0647359438786019,0.279099461595627,30.645714529053716,1.236711643626058,7.25,30.615384615384617,5.311306949806749e-12,-28.0,100,0,0,0,10.979472958679253,85.71428571428572,14.285714285714286,-71.42857142857143,2559.8908583585217,-2559.8908583585217,-0.0029172115481339578,-0.002921474903166722,0.2394964844294081,0.2585295611274502,-0.025368731563421787,-0.018225039619651384,0.015886030542174856,0.0,0.0,-0.0,0.2607204116638079,0.45373891001267425,-0.5086466165414063,1.1558343337334984,2440.0,2585.75,0.01533494753833737,0.04348264729620662
2508.75,2508.75,2508.75,2508.75,0,2021-07-22 00:00:00-04:00,2483.65,2508.775,2517.025,2483.805,2396.19,2189.37125,2502.7691583223764,2498.8298617926207,2471.1487025254823,2221.8211197576893,51.33948717163591,52.12541462958775,61.417294120170745,34.738900687159884,-52.83018867924528,-15.282651072124757,3.9392965297556657,10.908560522027601,-6.9692639922719355,2592.5175327432785,2517.025,2441.5324672567217,0.059985524770932656,0.445193254886942,30.653163491264166,1.221850064425079,30.75,30.615384615384617,4.348521542851813e-12,-28.0,100,0,0,0,10.386589093995266,78.57142857142857,7.142857142857143,-71.42857142857143,2555.095224024181,-2555.095224024181,0.012409200968523049,0.012332837921460187,0.24287019860374562,0.28760947489592337,-0.010257421836473046,0.016923388731252542,0.025130248237817954,0.0,0.0,0.0,0.4716981132075472,0.6096324461343473,-1.6360902255639693,1.3556182472989233,2440.0,2585.75,0.027404085700049825,0.030692575984055805
2531.25,2531.25,2531.25,2531.25,0,2021-07-23 00:00:00-04:00,2488.65,2509.725,2520.8875,2484.155,2399.19,2193.1325,2507.15082627278,2501.231353511686,2473.505616151934,2224.9000140884586,53.94016434302667,53.87558969145516,80.03518029903253,56.51214506868021,-23.48008385744235,48.525469168901296,5.919472761093857,9.910742969840852,-3.991270208746995,2590.7837579470556,2520.8875,2450.991242052944,0.05545369077125084,0.57412771659285,30.070794670459584,1.1879820116724773,22.5,30.615384615384617,3.559819106158102e-12,-28.0,100,0,0,0,10.207579027115514,71.42857142857143,0.0,-71.42857142857143,2550.4914150632135,-2550.4914150632135,0.008968609865470878,0.008928630744301398,0.24434285055480964,0.2821081216416921,0.009975062344139696,0.0037672251412710356,0.031479217603912035,0.0,0.0,0.0,0.6260720411663808,0.7237008871989861,-2.428007518797007,1.5405882352940985,2440.0,2585.75,0.036049382716049384,0.021530864197530863
2542.0,2542.0,2542.0,2542.0,0,2021-07-26 00:00:00-04:00,2509.05,2512.8,2522.8875,2485.505,2402.4,2196.84,2512.512237615429,2504.251253251561,2476.191670420486,2228.055237828872,55.172875356361594,54.70626226571077,100.0,80.4841581397344,-14.465408805031448,80.78882932962783,8.26098436386792,9.580791248646266,-1.3198068847783464,2592.7966329870574,2522.8875,2452.9783670129423,0.055419936867622956,0.6366953013388003,28.6907379082839,1.128667895683867,10.75,30.615384615384617,2.9132252166164108e-12,-28.0,100,0,0,0,10.217456791785713,64.28571428571429,35.714285714285715,-28.571428571428573,2546.071758460685,-2546.071758460685,0.00424691358024698,0.004237920894550155,0.23534747672774087,0.1290958127409314,0.041803278688524514,0.012244897959183598,0.015987210231814597,0.0,0.0,0.0,0.6998284734133791,0.7782002534854245,-2.4246240601504407,1.653049219687854,2440.0,2585.75,0.04012588512981904,0.017210857592446893
2515.25,2515.25,2515.25,2515.25,0,2021-07-27 00:00:00-04:00,2515.05,2508.4,2523.075,2486.295,2405.6925,2200.28375,2512.93343182844,2505.065975232927,2477.7233696196827,2230.912897153958,51.48069189457581,52.24775605754854,86.06770833333333,88.70096287745527,-36.89727463312369,13.294133549608505,7.8674565955129765,9.238124318019608,-1.3706677225066315,2592.880999025881,2523.075,2453.2690009741186,0.055334065793431586,0.44395180851792815,28.552113771977908,1.135160074425123,26.75,30.615384615384617,2.383870878475136e-12,-28.0,100,0,0,0,9.699173513384967,57.142857142857146,28.571428571428573,-28.571428571428573,2542.0,-2542.0,-0.010523210070810363,-0.01057897057723926,0.2384763242047872,0.1467892345567546,0.012071220199175059,-0.017192536876037945,0.0014931315946644652,0.0,0.0,-0.0,0.516295025728988,0.6425855513307985,-2.7135338345865625,1.699147659063599,2440.0,2585.75,0.029917503230295198,0.02802902295994434
2557.0,2557.0,2557.0,2557.0,0,2021-07-28 00:00:00-04:00,2530.85,2509.85,2522.475,2486.92,2409.315,2203.71625,2519.7129038548337,2508.912940030488,2480.8322570855776,2234.157544943471,56.3863519120117,55.52333783212092,86.06770833333333,90.71180555555554,-1.886792452830189,109.52727272727292,10.799963824345923,9.550492219284871,1.2494716050610517,2590.884045454553,2522.475,2454.065954545447,0.05423962216042027,0.752342360360345,29.494819931122343,1.1534931533485469,41.75,30.615384615384617,1.950439809661475e-12,-28.0,100,0,0,0,9.918718447329868,50.0,21.42857142857143,-28.571428571428573,2440.0,2440.0,0.016598747639399614,0.016462494119026495,0.23146738653473373,0.16606426513045316,0.03188054882970137,0.005703048180924375,-0.004671078240560567,0.0,0.0,0.0,0.8027444253859348,0.8542458808618505,-1.503759398496311,1.9621368547419127,2440.0,2585.75,0.04575674618693782,0.011243644896362925
2620.75,2620.75,2620.75,2620.75,0,2021-07-29 00:00:00-04:00,2553.25,2518.45,2526.075,2489.34,2413.6175,2207.44125,2535.2570724925517,2517.197166694896,2486.319227395947,2238.0042360385605,62.60388035437023,59.930157739803555,86.06770833333333,86.06770833333331,-0.0,204.51722190852666,18.059905797655574,11.252374934959011,6.807530862696563,2606.209121945689,2526.075,2445.940878054311,0.0634455603619758,1.0907283795045903,31.941618507470746,1.2187968523312314,63.75,30.615384615384617,1.5987211554602254e-12,-28.0,100,0,0,0,11.010799136667774,42.85714285714286,100.0,57.142857142857146,2442.34,2442.34,0.02493156042236988,0.024625840041495334,0.24576215902537044,0.2122652722939013,0.04464374688589934,0.03392839530525693,0.028249141736145233,0.0,0.0,0.0,1.0,1.0,0.3150375939849117,2.3084513805522016,2440.0,2620.75,0.0689688066393208,0.0
2624.25,2624.25,2624.25,2624.25,0,2021-07-30 00:00:00-04:00,2571.85,2530.25,2530.55,2493.13,2418.01,2211.22875,2548.948292109082,2525.127006198978,2491.7282773019883,2241.8474774710126,62.91645171736134,60.15772740581795,100.0,90.71180555555554,-0.0,167.29681693326847,23.821285910104052,13.76615712998802,10.055128780116032,2621.401472194977,2530.55,2439.6985278050233,0.07180373610082934,1.0156768389999764,29.910074328365692,1.1397570478561758,3.5,30.615384615384617,1.3109513474773848e-12,-28.0,100,0,0,0,12.0695270717941,35.714285714285715,100.0,64.28571428571429,2449.4764,2449.4764,0.0013354955642468358,0.0013346045832250217,0.2443737507658842,0.21880066546476634,0.03674074074074074,0.047082294264339186,0.03530920209093602,0.0,0.0,0.0,1.0,1.0,1.854511278195419,2.492196878751525,2440.0,2624.25,0.07021053634371725,0.0
2647.0,2647.0,2647.0,2647.0,0,2021-08-02 00:00:00-04:00,2592.85,2550.95,2533.6125,2497.58,2422.6075,2215.165,2564.0331702461463,2534.1546353694243,2497.8173644666163,2245.8788458543854,64.96623300051519,61.644442315342694,100.0,95.35590277777777,-0.0,166.62764379926665,29.878534876721915,16.9886326793348,12.889902197387116,2635.1958986190507,2533.6125,2432.0291013809497,0.08018858339154114,1.058100543698169,29.39864044776814,1.1106399866931673,22.75,30.615384615384617,1.0729195309977513e-12,-28.0,100,0,0,0,13.345457197562336,28.571428571428573,100.0,71.42857142857143,2459.962816,2459.962816,0.008669143564828063,0.008631782311194186,0.23626405598266026,0.21713636757807872,0.0413060582218725,0.08483606557377055,0.023687518128202578,0.0,0.0,0.0,1.0,1.0,4.38966165413524,2.6861704681872673,2440.0,2647.0,0.07820173781639592,0.0
2607.75,2607.75,2607.75,2607.75,0,2021-08-03 00:00:00-04:00,2611.35,2563.2,2536.2,2501.965,2426.7275,2218.89625,2570.758836362124,2539.606143860578,2502.1284482130236,2249.479553855834,58.91561670780832,57.741272016175216,85.46296296296298,95.15432098765433,-18.96135265700483,88.43664879682196,31.15269250154597,19.821444643777035,11.331247857768936,2642.461187646296,2536.2,2429.9388123537037,0.08379558997421031,0.8366704324732539,30.102308987213274,1.1543402928660063,39.25,30.615384615384617,8.775202786637237e-13,-28.0,100,0,0,0,13.665874990351233,21.42857142857143,92.85714285714286,71.42857142857143,2474.9257907200004,2474.9257907200004,-0.014828107291273152,-0.014939142671020809,0.23892761399044338,0.24132816585878306,0.03677566842262192,0.04929081581329853,0.020246478873239493,0.0,0.0,-0.0,0.8103864734299517,0.8451676528599605,5.802255639097655,2.6782593037215072,2440.0,2647.0,0.06432748538011696,0.015051289425750168
2589.25,2589.25,2589.25,2589.25,0,2021-08-04 00:00:00-04:00,2617.8,2574.325,2539.4625,2505.62,2430.745,2222.48375,2573.603630767951,2543.283466537572,2505.54497965565,2252.86035431498,56.25612586946397,55.98686212863141,52.12962962962964,79.19753086419755,-27.898550724637683,54.31171786120591,30.32016423037885,21.9211885610974,8.398975669281452,2648.0072229256225,2539.4625,2430.9177770743777,0.08548637589696434,0.72934095116773,29.273572630983754,1.1305811579022402,18.5,30.615384615384617,7.176481631177012e-13,-28.0,100,0,0,0,13.583478233294679,14.285714285714286,85.71428571428572,71.42857142857143,2488.6917274624,2488.6917274624,-0.007094238328060554,-0.007119522087092219,0.2355753585463996,0.24268395107789234,0.012612436448963704,0.0448950766747378,0.025851822503961897,0.0,0.0,-0.0,0.7210144927536232,0.772189349112426,6.367481203007495,2.6498439375750347,2440.0,2647.0,0.057642174374818965,0.022303755913874675
2610.25,2610.25,2610.25,2610.25,0,2021-08-05 00:00:00-04:00,2615.7,2584.475,2546.625,2509.955,2434.5125,2226.245,2579.241533726728,2548.243950497752,2509.65105888484,2256.4164701924433,58.54377828404138,57.52506735820094,30.91750841750842,56.17003367003369,-17.753623188405797,69.4012570294408,30.997583228976055,23.73646749467313,7.261115734302926,2653.9970750474686,2546.625,2439.2529249525314,0.08432499881016528,0.7962828089699848,28.682603157342054,1.0988450591836818,21.0,30.615384615384617,5.897504706808832e-13,-28.0,100,0,0,0,13.833774244877416,7.142857142857143,78.57142857142857,71.42857142857143,2501.3563892654083,2501.3563892654083,0.008110456695954449,0.008077743701231526,0.2187563820467665,0.16072087837691884,-0.004006486692740618,0.040458395615346365,0.05806647750304017,0.0,0.0,0.0,0.822463768115942,0.8501529051987767,6.234586466165387,2.621452581032411,2440.0,2647.0,0.06522363758260703,0.01407911119624557
2601.25,2601.25,2601.25,2601.25,0,2021-08-06 00:00:00-04:00,2611.1,2591.475,2550.6,2513.49,2438.41,2230.04625,2582.6274516149238,2552.1703245349554,2513.2431742226895,2259.8476495935133,57.16401861764228,56.63438135837361,19.04761904761905,34.03158569825238,-27.071005917159763,48.755490483162696,30.45712707996836,25.080599411732173,5.376527668236186,2659.863832076314,2550.6,2441.336167923686,0.08567696391148277,0.7317784349931284,27.27670293181762,1.048599824385108,9.0,30.615384615384617,4.831690603168681e-13,-28.0,100,0,0,0,13.869083303149948,0.0,71.42857142857143,71.42857142857143,2513.0078781241755,2513.0078781241755,-0.0034479455990805707,-0.0034539034623755644,0.2074297028453884,0.16037631115925677,-0.008764408878727203,0.0276543209876543,0.03152572618221483,0.0,0.0,-0.0,0.7789855072463768,0.8134556574923547,6.6221804511278055,2.62698679471786,2440.0,2647.0,0.06198942815953868,0.01758769822200865
2570.75,2570.75,2570.75,2570.75,0,2021-08-09 00:00:00-04:00,2595.85,2594.35,2553.575,2514.88,2441.6225,2233.6425,2580.800151366474,2553.5465967916252,2515.498343861015,2262.941205318951,52.63658188083237,53.67703212006744,19.04761904761905,23.004248837582185,-45.11834319526627,-1.4504881450490172,27.25355457484875,25.51519044435549,1.7383641304932596,2661.6245372503013,2553.575,2445.5254627496984,0.08462609263507159,0.5794774343189159,27.50693843668779,1.0699966327603925,30.5,30.615384615384617,3.979039320256561e-13,-28.0,100,0,0,0,13.25509315083651,7.142857142857143,64.28571428571429,57.142857142857146,2523.7272478742416,2523.7272478742416,-0.011725132148005746,-0.01179441359854417,0.21192074984287215,0.14139051867983143,-0.028806195693237613,0.011309992132179314,0.02369337979094066,0.0,0.0,-0.0,0.6316425120772947,0.6890927624872579,6.288721804511232,2.7317406962785054,2440.0,2647.0,0.050860643780997764,0.02966060488184382
2596.75,2596.75,2596.75,2596.75,0,2021-08-10 00:00:00-04:00,2593.65,2602.5,2555.45,2516.425,2445.265,2237.4,2583.25397423317,2556.7468488811346,2518.684683317446,2266.262685863041,55.84690662535462,55.74547232562582,28.867335196449122,22.320857763895756,-36.34719710669078,30.245104878842962,26.507125352035473,25.713577425891486,0.7935479261439866,2665.1177482216367,2555.45,2445.782251778363,0.0858304785627869,0.6882960153268284,27.399299976924375,1.0551381525724224,26.0,30.615384615384617,3.268496584496461e-13,-28.0,100,0,0,0,13.143577044949305,0.0,57.142857142857146,57.142857142857146,2533.589068044302,2533.589068044302,0.010113780025284402,0.010062977998620746,0.20412649358734133,0.15153588240339128,-0.0042181957626306055,0.032402345691283196,0.014652730292077809,0.0,0.0,0.0,0.7572463768115942,0.7951070336391437,6.995112781954855,2.9356902761104466,2440.0,2647.0,0.060363916434004045,0.01935111196688168
2607.75,2607.75,2607.75,2607.75,0,2021-08-11 00:00:00-04:00,2597.35,2607.575,2558.7125,2518.72,2448.78,2241.21125,2587.022593581913,2560.5248600751247,2522.1774408344086,2269.660569585797,57.169608573669926,56.606233322885444,53.16455696202532,33.69317040203118,-29.79127134724858,43.540397888753894,26.497733506788336,25.870408642070856,0.6273248647174796,2670.506761368804,2558.7125,2446.9182386311963,0.08738321430704211,0.7193202915766294,26.227921407144063,1.0057682449293093,11.0,30.615384615384617,2.7000623958883807e-13,-28.0,100,0,0,0,13.22898370563045,0.0,50.0,50.0,2542.661942600758,2542.661942600758,0.004236064311158083,0.0042271174481595935,0.20255832758623749,0.143037733690888,0.007144926136912311,0.01984747751271021,0.025663716814159354,0.0,0.0,0.0,0.8103864734299517,0.8399592252803262,7.537781954887163,3.093205282112851,2440.0,2647.0,0.06432748538011696,0.015051289425750168
2593.5,2593.5,2593.5,2593.5,0,2021-08-12 00:00:00-04:00,2594.0,2604.85,2561.65,2521.285,2451.88,2245.0225,2588.019117646234,2562.967463032523,2524.9744039389416,2272.8828524754904,54.87614769531248,55.14721765965271,73.66005245752082,51.89731487199844,-40.60721062618596,4.615981380915116,25.05165461371098,25.706657836398882,-0.6550032226879026,2673.8579988236042,2561.65,2449.442001176396,0.08760603425417536,0.6419239284806669,25.37235559234806,0.9783055944610781,14.25,30.615384615384617,2.2382096176443156e-13,-28.0,100,0,0,0,12.980652427164445,14.285714285714286,42.85714285714286,28.571428571428573,2551.008987192697,2551.008987192697,-0.005464480874316946,-0.005479465764625596,0.2034331227378366,0.1355280754121365,-0.006417009864955414,-0.01039778689306492,0.023177828188184257,0.0,0.0,-0.0,0.7415458937198067,0.781855249745158,7.65639097744353,3.138211284513794,2440.0,2647.0,0.05918642760748024,0.02062849431270484
2618.0,2618.0,2618.0,2618.0,0,2021-08-13 00:00:00-04:00,2597.35,2604.225,2567.2375,2525.09,2455.66,2248.9875,2592.631561085275,2567.0439472523362,2528.6224665295713,2276.316853943396,57.996124622491486,57.14144093995005,85.05245752081196,70.62568898011938,-22.011385199240987,60.88314005352414,25.587613832938587,25.682849035706823,-0.0952352027682366,2678.9826872565163,2567.2375,2455.492312743484,0.08705481067218451,0.7271350616804292,25.310044478608916,0.9667702245457951,24.5,30.615384615384617,1.8474111129762605e-13,-28.0,100,0,0,0,13.195769891904385,7.142857142857143,35.714285714285715,28.571428571428573,2558.6882682172813,2558.6882682172813,0.009446693657219951,0.009402352678390334,0.19984000802369256,0.15227985057026977,0.0064392119173475315,-0.002381632847480275,0.04458852867830432,0.0,0.0,0.0,0.8599033816425121,0.8817533129459735,7.586654135338319,3.1367106842737282,2440.0,2647.0,0.06799083269671505,0.011077158135981665
2616.25,2616.25,2616.25,2616.25,0,2021-08-16 00:00:00-04:00,2606.45,2601.15,2576.05,2527.85,2459.3375,2253.01125,2596.2651670721557,2570.6888400484595,2532.0588403911565,2279.6992733071434,57.68929513572123,56.951529534036304,84.78120978120978,81.16457325318086,-34.166666666666664,47.4047039740475,25.576327023696194,25.661544633304697,-0.08521760960850244,2673.1010947902982,2576.05,2478.998905209702,0.07534876635958003,0.7071074009358754,23.62718415870828,0.903093517771936,1.75,30.615384615384617,1.5276668818842154e-13,-28.0,100,0,0,0,13.351689016306768,0.0,28.571428571428573,28.571428571428573,2565.753206759899,2565.753206759899,-0.0006684491978609097,-0.0006686727096356982,0.16938181044590356,0.10571146209604895,0.017699115044247815,-0.011616924820551544,0.07223360655737698,0.0,0.0,-0.0,0.8180473372781065,0.8746177370030581,6.277819548872143,3.2364945978391293,2478.0,2647.0,0.05284280936454849,0.01175346392737697
2613.75,2613.75,2613.75,2613.75,0,2021-08-17 00:00:00-04:00,2609.85,2601.75,2582.475,2531.07,2463.0025,2257.07375,2598.9551413687473,2573.8785556004254,2535.262415277778,2283.023161134933,57.22353805212301,56.6690175962964,91.83673469387755,87.22346733196643,-43.606557377049185,27.376080036380177,25.07658576832182,25.544552860308123,-0.4679670919863028,2671.2957323770884,2582.475,2493.6542676229114,0.06878729310222827,0.6760568684978979,22.1180995759434,0.8462209306912827,2.5,30.615384615384617,1.2789769243681803e-13,-28.0,100,0,0,0,13.42993429887881,0.0,21.42857142857143,21.42857142857143,2572.2529502191073,2572.2529502191073,-0.000955566172957445,-0.000956023017366124,0.16038556671659668,0.09039688522239239,0.00654664484451728,0.0023008340523440474,0.05170505985313345,0.0,0.0,-0.0,0.8032544378698225,0.8644240570846076,5.3827067669172655,3.254693877551031,2478.0,2647.0,0.051936872309899566,0.012721186035389766
2572.5,2572.5,2572.5,2572.5,0,2021-08-18 00:00:00-04:00,2602.8,2600.075,2587.2,2533.105,2465.77,2260.785,2594.8851196197093,2573.7764403707642,2536.7227127178653,2285.9035276908044,50.04416803040434,52.18421045533841,58.50340136054422,78.37378194521051,-97.70491803278689,-143.34686513306346,21.10867924894501,24.6573781380355,-3.548698889090492,2662.278059378247,2587.2,2512.121940621753,0.05803807929672771,0.4021018915397074,23.48466389194744,0.9129121046432437,41.25,30.615384615384617,1.0658141036401503e-13,-28.0,100,0,0,0,12.47696581636475,50.0,14.285714285714286,-35.714285714285715,2647.0,-2647.0,-0.015781922525107572,-0.015907783034638627,0.1722849141537881,0.1449478839851729,-0.01351740005752089,-0.006469054745582681,0.03813559322033888,0.0,0.0,-0.0,0.46112115732368897,0.6962283384301733,3.5906015037592813,3.204453781512625,2508.75,2647.0,0.02478134110787172,0.028960155490767737
2562.75,2562.75,2562.75,2562.75,0,2021-08-19 00:00:00-04:00,2596.65,2595.325,2589.9,2534.855,2468.62,2264.2325,2589.941255062831,2572.959667009967,2537.743390650498,2288.6582189575624,48.495430591231695,51.17899353346995,27.551020408163264,59.297052154195,-100.0,-149.79773462783137,16.981588052864026,23.122220121001206,-6.1406320681371795,2656.9539707996155,2589.9,2522.8460292003847,0.05178112730191544,0.29755113920743514,22.503616471094055,0.8781042423605133,9.75,30.615384615384617,8.881784197001252e-14,-28.0,100,0,0,0,11.80068974885133,100.0,7.142857142857143,-92.85714285714286,2645.51,-2645.51,-0.0037900874635568016,-0.003797288044693718,0.16877521608455734,0.14340411213832996,-0.011856564488143428,-0.018197490661813975,0.021524663677130018,0.0,0.0,-0.0,0.3605313092979127,0.6564729867482161,2.0026315789473297,3.132521008403365,2515.25,2647.0,0.01853477709491757,0.03287484147888011
2566.5,2566.5,2566.5,2566.5,0,2021-08-20 00:00:00-04:00,2586.35,2591.85,2591.6625,2536.17,2471.9125,2267.55625,2586.3349081300876,2572.481173157377,2538.8711008210666,2291.4228137938057,49.147283808996264,51.555851716426396,2.3364485981308363,29.463623455612765,-93.21266968325791,-116.3361661945228,13.853734972710754,21.268523091343116,-7.414788118632362,2654.155354591564,2591.6625,2529.169645408436,0.0482260746463431,0.29867698343710647,21.164072437444478,0.8246277980691399,3.75,30.615384615384617,7.460698725481052e-14,-28.0,100,0,0,0,11.07959725144477,92.85714285714286,0.0,-92.85714285714286,2642.1996000000004,-2642.1996000000004,0.0014632718759144403,0.0014622023368468515,0.16622889468333382,0.10913612319787738,-0.019671504965622644,-0.013358962037481992,0.013925925925925897,0.0,0.0,0.0,0.3889943074003795,0.6717635066258919,0.7422932330826291,3.123457382953182,2515.25,2647.0,0.01996882914474966,0.031365673095655563
2620.0,2620.0,2620.0,2620.0,0,2021-08-23 00:00:00-04:00,2587.1,2596.775,2595.5625,2538.795,2475.9625,2271.1125,2591.514153033151,2576.0010862568306,2542.052626279064,2294.692238532176,57.42588369056748,56.57699805565136,35.66978193146417,21.85241697925275,-0.0,95.67789811472143,15.513066776320557,20.117431828338603,-4.604365052018046,2654.823337616429,2595.5625,2536.301662383571,0.04566319448399254,0.7061859145340967,23.473781549055587,0.8959458606509766,53.5,30.615384615384617,6.394884621840902e-14,-28.0,100,0,0,0,11.34904032259476,85.71428571428572,100.0,14.285714285714286,2639.0216160000004,-2639.0216160000004,0.020845509448665478,0.020631214754784657,0.18068204084967304,0.21005831770322056,0.0014333492594362784,0.019157833317125395,0.0306845003933911,0.0,0.0,0.0,0.7950664136622391,0.8899082568807339,0.36296992481198875,3.2045738295318142,2515.25,2647.0,0.03998091603053435,0.010305343511450382
2647.5,2647.5,2647.5,2647.5,0,2021-08-24 00:00:00-04:00,2593.85,2601.85,2602.175,2541.385,2480.0925,2274.8725,2600.1273602588203,2581.297302089658,2546.1878174053754,2298.2027635219056,60.945366883919064,58.877433129333234,69.0031152647975,35.669781931464165,-0.0,163.38840807762946,18.830058169162385,19.859957096503358,-1.029898927340973,2653.031931680926,2602.175,2551.3180683190744,0.039088018047153436,0.9456128053926548,23.761368581265906,0.8975021182725554,27.5,30.615384615384617,5.3290705182007514e-14,-28.0,100,0,0,0,12.102020618082136,78.57142857142857,100.0,21.42857142857143,2562.75,2562.75,0.01049618320610679,0.010441480720418908,0.17739249218853284,0.22100056255038583,0.012912482065997155,0.019543660344661706,0.052579266474505504,0.0,0.0,0.0,1.0,1.0,-0.1631578947368879,3.409423769507807,2557.0,2647.5,0.03418319169027385,0.0
2648.5,2648.5,2648.5,2648.5,0,2021-08-25 00:00:00-04:00,2609.05,2605.925,2606.75,2544.76,2484.2325,2278.58875,2607.5693048343865,2586.2752797126464,2550.2000598600666,2301.6883081634787,61.071391135549,58.96044675189729,100.0,68.22429906542055,-0.0,139.34470620092026,21.294025121740106,20.146770701550707,1.1472544201893982,2656.9869386009937,2606.75,2556.5130613990063,0.038543733461968856,0.9155308938269401,22.13555653974691,0.8357771017461548,1.0,30.615384615384617,4.618527782440651e-14,-28.0,100,0,0,0,12.81922006557558,71.42857142857143,100.0,28.571428571428573,2564.445,2564.445,0.00037771482530679634,0.00037764350901974887,0.16961885154972378,0.1564603346572513,0.029543245869776413,0.01562649793883608,0.03578412201798975,0.0,0.0,0.0,1.0,1.0,-0.21466165413538768,3.510516206482596,2562.75,2648.5,0.03237681706626392,0.0
2655.5,2655.5,2655.5,2655.5,0,2021-08-26 00:00:00-04:00,2627.6,2612.125,2608.4875,2548.105,2488.05,2282.365,2614.9432579367885,2591.403036770969,2554.329469277319,2305.2088225101106,61.995866044219326,59.56046252803472,100.0,89.66770508826583,-0.0,130.2457850903918,23.54022116581973,20.825460794404513,2.714760371415217,2662.7810251664014,2608.4875,2554.193974833599,0.04162835755693765,0.9329475739134071,21.054445358336416,0.7928618097660107,7.0,30.615384615384617,3.907985046680551e-14,-28.0,100,0,0,0,13.617258783172868,64.28571428571429,100.0,35.714285714285715,2567.8072,2567.8072,0.002643005474797011,0.0026395188778724323,0.14615680348769677,0.13685227581920806,0.03619159106428649,0.023905918642760815,0.013259563102165473,0.0,0.0,0.0,1.0,1.0,0.7028195488720922,3.6326890756302492,2562.75,2655.5,0.03492750894370175,0.0
2680.0,2680.0,2680.0,2680.0,0,2021-08-27 00:00:00-04:00,2650.3,2618.325,2611.275,2553.305,2492.1875,2286.2375,2624.951987484975,2597.965774787934,2559.2577253840905,2308.938087957771,65.1181901510621,61.62248880539646,100.0,100.0,-0.0,164.8981419297072,26.986212697040628,22.057611174931736,4.928601522108892,2673.643441538954,2611.275,2548.906558461046,0.04776857400231986,1.0509597346365938,21.30055640416953,0.7947968807525944,24.5,30.615384615384617,3.197442310920451e-14,-28.0,100,0,0,0,14.80434089069941,57.142857142857146,100.0,42.85714285714286,2573.068768,2573.068768,0.009226134437958944,0.009183833642448506,0.14926327337325412,0.12723458568100135,0.044223650886421106,0.023682200152788324,0.02124416499952364,0.0,0.0,0.0,1.0,1.0,1.9733082706766851,3.6293037214885917,2562.75,2680.0,0.04375,0.0
2673.0,2673.0,2673.0,2673.0,0,2021-08-30 00:00:00-04:00,2660.9,2624.0,2612.575,2558.73,2496.0125,2290.05375,2632.343989410363,2603.5238655443836,2563.718206741577,2312.560594545256,63.512639745990064,60.69404556890372,92.82051282051282,97.6068376068376,-5.970149253731343,120.54209919261784,28.82012386597944,23.41011371314128,5.4100101528381614,2678.8305846702906,2612.575,2546.319415329709,0.05072052260340146,0.9559992965173768,20.279088089585994,0.758663976415488,7.0,30.615384615384617,2.842170943040401e-14,-28.0,100,0,0,0,15.677267010858005,50.0,92.85714285714286,42.85714285714286,2581.62326656,2581.62326656,-0.0026119402985074203,-0.0026153573659833187,0.14702411067218135,0.08986625314206396,0.020229007633587814,0.021691352126134822,0.009822440498677754,0.0,0.0,-0.0,0.9402985074626866,0.9730250481695568,3.4191729323307847,3.539783913565419,2562.75,2680.0,0.041245791245791245,0.002618780396558174
2746.25,2746.25,2746.25,2746.25,0,2021-08-31 00:00:00-04:00,2680.65,2637.25,2619.5,2565.245,2500.8075,2294.2025,2649.867991039538,2614.096171800355,2570.876316281123,2316.875912012468,71.44636703298227,66.27674776222153,92.82051282051282,95.21367521367522,-0.0,199.21599372795015,35.77181923918306,25.882454818349636,9.889364420833424,2707.631294101471,2619.5,2531.368705898529,0.06728863836722368,1.2190975764753016,24.062724654615568,0.8762029915199113,73.25,30.615384615384617,2.4868995751603507e-14,-28.0,100,0,0,0,17.621230516627044,42.85714285714286,100.0,57.142857142857146,2589.4934052352,2589.4934052352,0.027403666292555195,0.027034907559900977,0.1639634442584823,0.1904381234014968,0.03729933899905569,0.05069344811095178,0.05311091937494017,0.0,0.0,0.0,1.0,1.0,5.2526315789472795,3.642484993997591,2562.75,2746.25,0.06681838871187984,0.0
2717.5,2717.5,2717.5,2717.5,0,2021-09-01 00:00:00-04:00,2694.45,2651.75,2625.9125,2570.81,2505.2825,2298.1775,2660.272915494994,2621.755714629958,2576.6262646622554,2320.862221345677,65.43263418574789,62.611847558554345,82.26036589672952,89.30046384591839,-15.66757493188011,123.30827067669154,38.51720086503565,28.40940402768684,10.107796837348808,2722.5584097686065,2625.9125,2529.2665902313934,0.07360939084497792,0.9738301921896255,24.397530036428744,0.8977931936128333,28.75,30.615384615384617,2.1316282072803006e-14,-28.0,100,0,0,0,18.567234620072828,35.714285714285715,92.85714285714286,57.142857142857146,2605.16906471168,2605.16906471168,-0.010468821119708704,-0.010524004703455466,0.1670298233586153,0.22760437451136112,0.026052482537285204,0.05636540330417872,0.04953171767886455,0.0,0.0,-0.0,0.8433242506811989,0.9061224489795918,6.174999999999975,3.69217286914768,2562.75,2746.25,0.056945722171113156,0.010579576816927323
2723.25,2723.25,2723.25,2723.25,0,2021-09-02 00:00:00-04:00,2708.0,2667.8,2631.5625,2576.33,2509.47,2302.065,2669.961697726533,2629.273809842554,2582.376215067657,2324.86607983975,66.04815401997985,63.041028214477734,78.97341394083558,84.68476421935931,-12.534059945504087,111.3671444321942,40.68788788397933,30.86510079894534,9.82278708503399,2736.7223634223187,2631.5625,2526.4026365776813,0.07992199571343543,0.9359434151782123,23.06556360525526,0.8469866374829802,5.75,30.615384615384617,1.7763568394002505e-14,-28.0,100,0,0,0,19.53359838596671,28.571428571428573,85.71428571428572,57.142857142857146,2619.277158240512,2619.277158240512,0.002115915363385401,0.002113679967190286,0.1656961470143193,0.22801342740273436,0.025513086047825206,0.06262803628914249,0.04329087252178909,0.0,0.0,0.0,0.8746594005449592,0.9248979591836735,7.318233082706703,3.7482593037214813,2562.75,2746.25,0.058936931974662626,0.008445790874873772
2753.75,2753.75,2753.75,2753.75,0,2021-09-03 00:00:00-04:00,2722.75,2686.525,2639.1875,2582.325,2513.6425,2305.99625,2682.852205768605,2638.494268372735,2589.096755653239,2329.1335815328866,69.18278114248825,65.26194807667444,78.97341394083558,80.06906459280025,-0.0,127.31702466189307,44.35793739587007,33.563668118330284,10.794269277539783,2755.9274754796993,2639.1875,2522.4475245203007,0.08846660230066966,0.990673822438493,23.596594776308454,0.8568895061755226,30.5,30.615384615384617,1.4210854715202004e-14,-28.0,100,0,0,0,20.87873993512888,21.42857142857143,100.0,78.57142857142857,2631.974442416461,2631.974442416461,0.01119985311668037,0.011137599153997955,0.16725650384754412,0.2306607411552949,0.027518656716417844,0.07295928307032917,0.05862566074002884,0.0,0.0,0.0,1.0,1.0,8.585150375939786,3.86613445378151,2562.75,2753.75,0.06935996368588289,0.0
2787.75,2787.75,2787.75,2787.75,0,2021-09-07 00:00:00-04:00,2745.7,2703.3,2650.0375,2588.04,2518.0475,2310.01375,2698.9903279580503,2649.550248493273,2596.8870789609555,2333.6969289803205,72.25766851311434,67.54474073532678,89.53356086461888,82.49346291543003,-0.0,138.0554696360451,49.44007946477723,36.738950387619674,12.701129077157553,2779.0132995710856,2650.0375,2521.0617004289143,0.09733884865484782,1.033869533889182,24.33969514942928,0.8730946157090586,34.0,30.615384615384617,1.4210854715202004e-14,-28.0,100,0,0,0,22.5670694596084,14.285714285714286,100.0,85.71428571428572,2646.587509326486,2646.587509326486,0.012346799818429455,0.012271199728918372,0.1610401923076335,0.22167636042559133,0.04292929292929304,0.06402671755725198,0.08441116405718185,0.0,0.0,0.0,1.0,1.0,9.626879699248056,4.152773109243723,2562.75,2787.75,0.08071025020177562,0.0
2818.5,2818.5,2818.5,2818.5,0,2021-09-08 00:00:00-04:00,2760.15,2720.4,2661.125,2594.18,2522.9575,2314.25125,2717.3764313491197,2662.0650449011787,2605.5777817468,2338.5208401347454,74.71492712698239,69.45113031403102,100.0,89.50232493515149,-0.0,143.25321439387653,55.311386447941004,40.45343759968394,14.857948848257067,2806.9023559233447,2661.125,2515.3476440766553,0.1095606977675567,1.0397786199481962,24.797574067327186,0.879814584613347,30.75,30.615384615384617,1.4210854715202004e-14,-28.0,100,0,0,0,24.485840872419626,7.142857142857143,100.0,92.85714285714286,2666.350258020778,2666.350258020778,0.011030400860909229,0.01097000967615838,0.16152566905144225,0.15392585481263674,0.026308602639963485,0.06458923512747883,0.08539520554539326,0.0,0.0,0.0,1.0,1.0,11.192105263157869,4.507587034813898,2562.75,2818.5,0.09073975518893028,0.0
2864.25,2864.25,2864.25,2864.25,0,2021-09-09 00:00:00-04:00,2789.5,2741.975,2673.95,2600.085,2528.1925,2318.71375,2739.9723649877164,2677.041708241832,2615.721790305749,2343.7519760538025,77.85737242620418,72.01874060351128,100.0,96.51118695487297,-0.0,159.17775966675708,62.930656745884335,44.94888142892402,17.981775316960317,2842.102579522298,2673.95,2505.7974204777015,0.1257709228088022,1.0658551315139502,26.29417591966096,0.9180126008435353,45.75,30.615384615384617,1.4210854715202004e-14,-28.0,100,0,0,0,26.716477822150658,0.0,100.0,100.0,2690.694216737453,2690.694216737453,0.01623203831825437,0.01610170725210557,0.16712175166157658,0.08221661923009702,0.05400183992640284,0.08146120445535199,0.09836065573770503,0.0,0.0,0.0,1.0,1.0,13.251127819548854,5.0813805522208675,2562.75,2864.25,0.10526315789473684,0.0
2948.0,2948.0,2948.0,2948.0,0,2021-09-10 00:00:00-04:00,2834.45,2771.225,2691.675,2608.07,2534.47,2323.71625,2771.9766165280676,2697.1126928165113,2628.7523083329747,2349.764394202521,82.21488456826344,75.91049059669044,100.0,100.0,-0.0,194.86015044598136,74.86392371155625,50.93188988545047,23.932033826105787,2893.528480277148,2691.675,2489.8215197228524,0.14998354576770806,1.1349283639996244,30.398163353970894,1.0311452969460955,83.75,30.615384615384617,1.4210854715202004e-14,-28.0,100,0,0,0,29.410285123986085,0.0,100.0,100.0,2721.9342577247116,2721.9342577247116,0.029239766081871288,0.028820438535491884,0.1835695209421904,0.12204517587524366,0.08253006517947314,0.11014874788175488,0.1366878735299788,0.0,0.0,0.0,1.0,1.0,15.895864661654082,5.774285714285727,2562.75,2948.0,0.13068181818181818,0.0
2929.5,2929.5,2929.5,2929.5,0,2021-09-13 00:00:00-04:00,2869.6,2796.175,2707.25,2615.965,2539.9925,2328.56375,2796.2109832160572,2714.3265674226955,2640.5463354571716,2355.5329076930434,78.53815456754425,73.53820531534082,96.15184607384295,98.7172820246143,-6.156405990016639,142.8348564863128,81.88441579336177,57.12239506703273,24.76202072632904,2930.8591456090307,2707.25,2483.6408543909693,0.16519283081284014,0.9969608899373751,29.54829454297297,1.0086463404325985,18.5,30.615384615384617,1.4210854715202004e-14,-28.0,100,0,0,0,31.386430428319137,0.0,92.85714285714286,92.85714285714286,2767.1474061797694,2767.1474061797694,-0.006275440976933555,-0.006295214324383948,0.18862399495895188,0.20218153187921833,0.06382206082614617,0.09309701492537314,0.11898395721925126,0.0,0.0,-0.0,0.9519792342634653,0.9635826771653543,18.130075187969872,6.351032412965202,2562.75,2948.0,0.1251920122887865,0.006315070831199863
2866.5,2866.5,2866.5,2866.5,0,2021-09-14 00:00:00-04:00,2885.35,2815.525,2719.7625,2621.58,2544.9775,2333.1525,2807.0246781058945,2725.5986735395327,2649.407263478459,2360.6171573677393,67.4721829255829,66.1467225778105,75.17372509572198,90.44185705652164,-27.21202003338898,75.7016626688807,81.42600456636183,61.98311696689855,19.442887599463276,2949.524794284773,2719.7625,2490.0002057152265,0.16895761617771654,0.8193245881722654,31.937702075617757,1.114170663722929,63.0,30.615384615384617,1.4210854715202004e-14,-28.0,100,0,0,0,31.64056926966749,0.0,85.71428571428572,85.71428571428572,2803.3179249438153,2803.3179249438153,-0.021505376344086002,-0.021739986636405875,0.2111197332580746,0.31519908486322185,0.02824858757062154,0.07239057239057245,0.09565217391304337,0.0,0.0,-0.0,0.7884490590525632,0.8395669291338582,18.96823308270671,6.866530612244887,2562.75,2948.0,0.10596546310832025,0.02843188557474272
2928.25,2928.25,2928.25,2928.25,0,2021-09-15 00:00:00-04:00,2907.3,2833.725,2735.4875,2629.025,2550.535,2337.905,2825.6747276280644,2740.6098829069747,2660.342272753813,2366.26524535413,71.68359781774292,69.32034147310387,67.31302857830904,79.54619991595798,-6.752136752136752,105.52387740555957,85.06484472108968,66.59946251773678,18.465382203352902,2976.832246938893,2735.4875,2494.142753061107,0.1764546516398945,0.8993509335606259,34.06715192735935,1.1633962922345888,61.75,30.615384615384617,1.4210854715202004e-14,-28.0,100,0,0,0,32.478185968871855,0.0,78.57142857142857,78.57142857142857,2832.2543399550523,2832.2543399550523,0.02154195011337867,0.021313201601546598,0.21816672319093788,0.3345452540948712,0.038939152031222335,0.0662721893491125,0.12032520325203255,0.0,0.0,0.0,0.9487345879299156,0.9611220472440944,20.27274436090223,7.427503001200495,2562.75,2948.0,0.12481857764876633,0.0067446427046871
2915.0,2918.0,2915.0,2918.0,0,2021-09-16 00:00:00-04:00,2918.05,2853.775,2752.7625,2636.905,2555.6525,2342.34625,2839.8786156852852,2753.749891580532,2670.446497351703,2371.755143410308,70.06205811299428,68.20591279122785,58.89124385415934,67.12599917606346,-10.909090909090908,83.13033739325208,86.12872410475302,70.50531483514003,15.623409269612992,2994.4291337643804,2752.7625,2511.0958662356193,0.17558117255984165,0.8418707361999815,32.58021250397654,1.1165254456468998,13.25,30.615384615384617,1.4210854715202004e-14,-28.0,0,0,0,0,32.958494306736576,0.0,71.42857142857143,71.42857142857143,2855.4034719640417,2855.4034719640417,-0.0035003841885085096,-0.003506524867253091,0.20608403941635087,0.33271019914869177,0.018765820022693447,0.0737810487580497,0.13430515063168125,0.0,0.0,-0.0,0.9221284879948086,0.9409448818897638,20.306578947368383,7.850240096038398,2562.75,2948.0,0.12174434544208362,0.01028101439342015
2919.5,2919.5,2919.5,2919.5,0,2021-09-17 00:00:00-04:00,2912.35,2873.4,2770.6,2645.955,2560.8675,2346.68,2852.1280594260106,2766.0276773893816,2680.2133013771263,2377.2053409883147,70.16840782126799,68.28425992810038,74.57835954127502,66.92754399124782,-10.363636363636363,74.00982943047134,86.10038203662907,73.62432827543783,12.476053761191238,3006.119394105882,2770.6,2535.080605894118,0.1700132780667595,0.816109848544064,30.360197325121074,1.0399108520336042,1.5,30.615384615384617,1.4210854715202004e-14,-28.0,100,0,0,0,33.419820464943406,7.142857142857143,64.28571428571429,57.142857142857146,2873.9227775712334,2873.9227775712334,0.0005140507196710331,0.000513918640861369,0.20381502351227573,0.2461078740120792,-0.009667571234735384,0.0720646286606077,0.1392059311286704,0.0,0.0,0.0,0.9252948885976409,0.9438976377952756,19.688345864661603,8.099075630252099,2566.5,2948.0,0.12091111491693783,0.009761945538619627
2896.5,2896.5,2896.5,2896.5,0,2021-09-20 00:00:00-04:00,2905.75,2887.675,2787.1,2653.45,2565.8625,2350.87,2858.954511822009,2775.692293879057,2688.6951326956705,2382.3724520232568,66.28045401043184,65.67854922908712,65.30005470916029,66.25655270153156,-22.34273318872017,47.33692399760628,83.26221794295179,75.55190620894062,7.710311734011171,3008.9539722430104,2787.1,2565.2460277569894,0.15920058285889313,0.746558578361102,29.834468944755283,1.0300179162698182,23.0,30.615384615384617,1.4210854715202004e-14,-28.0,100,0,0,0,33.299830179302795,0.0,57.142857142857146,57.142857142857146,2888.7382220569866,2888.7382220569866,-0.007878061311868523,-0.007909257186913527,0.2095632982476004,0.24817970135566875,-0.01126472094214026,0.05183840217884694,0.1285797779076563,0.0,0.0,-0.0,0.8429878048780488,0.8986220472440944,18.264285714285712,8.384417767106846,2620.0,2948.0,0.09546003797686864,0.01778007940617987
2883.5,2883.5,2883.5,2883.5,0,2021-09-21 00:00:00-04:00,2909.15,2897.25,2800.275,2660.895,2570.5075,2355.16875,2862.7307407724693,2783.6780498880157,2696.334539256625,2387.358795784219,64.11793852949516,64.22406769040722,44.236660026133706,61.37169142552301,-27.98264642082429,29.548024752538097,79.05269088445357,76.2520631440432,2.8006277404103628,3011.932677630641,2800.275,2588.617322369359,0.15116920847462556,0.6966028374960108,28.632006877272765,0.9929601830162221,13.0,30.615384615384617,1.4210854715202004e-14,-28.0,100,0,0,0,32.88323276853754,7.142857142857143,50.0,42.85714285714286,2948.0,-2948.0,-0.004488175384084192,-0.004498277481211462,0.20524856290204724,0.18633427342838446,0.005930577359148703,0.03434669536364443,0.10057251908396947,0.0,0.0,-0.0,0.7853577371048253,0.8730314960629921,17.003007518796917,8.577466986794722,2647.5,2948.0,0.08184498005895613,0.022368649211028265
2976.0,2976.0,2976.0,2976.0,0,2021-09-22 00:00:00-04:00,2918.7,2913.0,2816.7,2669.23,2576.1375,2359.83125,2880.1567806536277,2797.9241202666813,2707.301812226953,2393.2159221943266,71.29457298793595,69.3029583684245,49.527665317139,53.02146001747767,-0.0,115.26726215794686,82.23266038694646,77.44818259262385,4.784477794322612,3029.3679689092987,2816.7,2604.032031090701,0.1510050547870195,0.8745274871834138,33.19400638603899,1.11538999953088,92.5,30.615384615384617,1.4210854715202004e-14,-28.0,100,0,0,0,33.527630175368905,0.0,100.0,100.0,2883.5,2883.5,0.032079070573955315,0.03157528289751522,0.22629745771129775,0.25937169281212524,0.016306667805003006,0.05588078765300697,0.12407932011331435,0.0,0.0,0.0,1.0,1.0,17.101127819548847,9.069963985594228,2648.5,2976.0,0.11004704301075269,0.0
2987.5,2987.5,2987.5,2987.5,0,2021-09-23 00:00:00-04:00,2932.6,2925.325,2833.65,2678.13,2581.8825,2364.68,2896.6711220915313,2811.966778024705,2718.289976453347,2399.129196600353,72.04321040436648,69.86148661013026,66.66666666666667,53.47699733664647,-0.0,120.56710412874784,84.70434406682625,78.89941488746433,5.80492917936192,3044.0180940637047,2833.65,2623.2819059362955,0.1484785305621404,0.8656685693825091,31.64443450132192,1.0592279330986416,11.5,30.615384615384617,1.4210854715202004e-14,-28.0,100,0,0,0,34.23371631273703,0.0,100.0,100.0,2883.5,2883.5,0.003864247311827995,0.0038568002867836603,0.22549351308164514,0.2522991306237718,0.023817683344756757,0.043030461726455416,0.12799697942231458,0.0,0.0,0.0,1.0,1.0,16.885338345864668,9.508475390156038,2655.5,2987.5,0.11112970711297071,0.0
2958.0,2958.0,2958.0,2958.0,0,2021-09-24 00:00:00-04:00,2940.3,2926.325,2848.775,2686.595,2587.1025,2369.51125,2906.1063340774494,2822.784053726579,2727.690369533608,2404.6901001167676,67.2015360449342,66.59770312514945,90.54487179487178,68.91306792622584,-14.768460575719649,76.74575508827144,83.32228035087064,79.7839879801456,3.5382923707250455,3048.9868190816846,2848.775,2648.5631809183155,0.1405599382764062,0.7727736067255778,31.491260608370357,1.0646132727643798,29.5,30.615384615384617,1.4210854715202004e-14,-28.0,100,0,0,0,34.20393642228759,0.0,92.85714285714286,92.85714285714286,2887.66,2887.66,-0.0098744769874477,-0.009923552969021,0.23233859118354627,0.27336434547377175,0.013187189587258175,0.0033921302578019397,0.11391451704010547,0.0,0.0,-0.0,0.9062003179650239,0.9461187214611873,15.848872180451046,9.815858343337334,2673.0,2987.5,0.09634888438133875,0.009972954699121028
2923.25,2923.25,2923.25,2923.25,0,2021-09-27 00:00:00-04:00,2945.65,2925.7,2860.9375,2694.935,2591.7675,2373.93625,2908.7438211424574,2830.225975672758,2735.3593746499373,2409.8499001156056,61.92234487612084,62.95965888493782,69.95192307692307,75.72115384615385,-38.01775147928994,14.685197186817636,78.5178454696993,79.53075947805634,-1.0129140083570434,3047.7672938632895,2860.9375,2674.1077061367105,0.13060739276079225,0.666762748894313,31.724027707772475,1.0852314276155812,34.75,30.615384615384617,1.4210854715202004e-14,-28.0,100,0,0,0,33.428422365056115,0.0,85.71428571428572,85.71428571428572,2891.6535999999996,2891.6535999999996,-0.011747802569303634,-0.011817353250317306,0.23970039493985854,0.2840075475264484,0.009235283963404006,-0.0021334698754054138,0.09076492537313441,0.0,0.0,-0.0,0.7957074721780604,0.882648401826484,14.247932330827005,9.931032412965191,2673.0,2987.5,0.08560677328316087,0.02197896177200034
2974.25,2974.25,2974.25,2974.25,0,2021-09-28 00:00:00-04:00,2963.8,2936.475,2876.0,2705.62,2596.4625,2378.53375,2918.8216948128484,2840.8944219192203,2744.727634467587,2415.46582150749,66.1279605787861,65.8356439740801,63.07773371246133,74.52484286141875,-10.75050709939148,103.24825986078915,77.92727289362801,79.21006216117067,-1.282789267542654,3047.7605891932117,2876.0,2704.2394108067883,0.11944408149736556,0.7860085671034803,33.10088287150301,1.1129152852484832,51.0,30.615384615384617,1.4210854715202004e-14,-28.0,100,0,0,0,33.310868926633056,0.0,78.57142857142857,78.57142857142857,2895.487456,2895.487456,0.017446335414350367,0.017295895336207446,0.24240967569353314,0.29507554156049615,0.031472169238772274,0.03758939473225187,0.11270108492330722,0.0,0.0,0.0,0.950925925925926,0.9739941118743867,12.899248120300712,9.96391356542619,2717.5,2987.5,0.08632428343279819,0.004454904597797764
2965.25,2965.25,2965.25,2965.25,0,2021-09-29 00:00:00-04:00,2961.65,2940.175,2886.95,2715.22,2600.5625,2383.27,2925.964510995487,2850.1059462215003,2753.375570370819,2420.936310845724,64.7684582206699,64.9018938878119,60.98941185273869,64.67302288070773,-18.388429752066116,71.17959372114515,75.85856477398693,78.53976268373393,-2.6811979097469987,3052.020257769234,2886.95,2721.8797422307657,0.11435615980133644,0.7371717384407992,31.379391237824223,1.0582376271081435,9.0,30.615384615384617,1.4210854715202004e-14,-28.0,100,0,0,0,33.008870773869766,0.0,71.42857142857143,71.42857142857143,2899.16795776,2899.16795776,-0.0030259729343532493,-0.0030305604472502957,0.22960838023274047,0.18812324841430303,-0.0036122311827957443,0.012635533168274593,0.0797451069640418,0.0,0.0,-0.0,0.9175925925925926,0.9563297350343474,12.12556390977442,10.035126050420176,2717.5,2987.5,0.08355113396846808,0.007503583171739314
2914.75,2914.75,2903.0,2903.0,0,2021-09-30 00:00:00-04:00,2944.75,2938.675,2896.225,2723.72,2604.1025,2387.535,2922.431509303874,2854.024024279167,2759.2431950621594,2425.73296446915,56.16724887501084,58.84101168201664,48.24902723735408,57.43872426751807,-69.83471074380165,-54.0254704939596,68.40748502470706,76.51330715192856,-8.1058221272215,3041.871652896678,2896.225,2750.578347103322,0.1005768908815289,0.5232583443054002,33.584434720836775,1.1568871760536263,62.25,30.615384615384617,1.4210854715202004e-14,-28.0,0,0,0,0,31.507729859714082,14.285714285714286,64.28571428571429,50.0,2902.7012394495996,2902.7012394495996,-0.02099317089621444,-0.02121666088475522,0.24111987117927816,0.22877582682711967,-0.028284518828451843,-0.005140507196710109,0.06826126954921796,0.0,0.0,-0.0,0.6802270577105014,0.8234986945169713,9.679323308270597,9.896014405762296,2723.25,2987.5,0.06191870478815019,0.029107819497071995
2902.25,2902.25,2902.25,2902.25,0,2021-10-01 00:00:00-04:00,2933.6,2936.95,2905.175,2731.59,2607.6975,2391.92125,2919.3266617186628,2857.596318777006,2764.8513050597217,2430.474427509258,56.070635327926944,58.771580102178625,21.78988326848248,43.676107452858446,-70.45454545454545,-57.46077137410253,61.730342941656545,73.55671430987415,-11.826371368217607,3027.3049615164073,2905.175,2783.045038483593,0.08407752477314247,0.4880250514956265,31.239117955062717,1.076375844777766,0.75,30.615384615384617,1.4210854715202004e-14,-28.0,100,0,0,0,30.100095103208115,7.142857142857143,57.142857142857146,50.0,2987.5,-2987.5,-0.00025835342748881107,-0.00025838680648473445,0.2414367524702357,0.227743369127767,-0.018847194050033766,-0.0059085459839013366,0.06573028550445237,0.0,0.0,-0.0,0.6352941176470588,0.8194812069878242,7.0342105263156975,9.789627851140459,2753.75,2987.5,0.05116719786372642,0.029373761736583685
2957.25,2957.25,2957.25,2957.25,0,2021-10-04 00:00:00-04:00,2940.4,2943.025,2915.35,2740.11,2612.1325,2396.48625,2925.161021454253,2864.9780729416725,2772.3963519201247,2435.7159754942404,61.32447911687826,62.20554410813604,25.462962962962948,31.833957822933197,-29.08653846153846,49.54522680849352,60.182948512580424,70.8819611504154,-10.699012637834983,3017.614656651271,2915.35,2813.0853433487287,0.07015600641519629,0.7048606105571823,32.93632381541538,1.1137483748555375,55.0,30.615384615384617,1.4210854715202004e-14,-28.0,100,0,0,0,29.54444849830543,0.0,50.0,50.0,2985.795,-2985.795,0.018950814023602325,0.018773484207701033,0.24631984748587377,0.26133548826308095,0.011630890276233652,0.020973588814086064,0.07389922832501128,0.0,0.0,0.0,0.8485607008760951,0.9359449444150344,5.38721804511273,9.829963985594256,2787.75,2987.5,0.057316763885366474,0.010229097979541805
2966.5,2966.5,2966.5,2966.5,0,2021-10-05 00:00:00-04:00,2938.85,2951.325,2924.2875,2748.6,2617.0525,2401.01375,2931.5208643074448,2872.4982156867336,2780.008259687963,2440.9974085738995,62.14448158248943,62.75338469497751,58.79629629629628,35.34971417591393,-20.19230769230769,60.77756532823337,59.02264862071115,68.51009864447455,-9.487450023763401,3010.34246426701,2924.2875,2838.2325357329896,0.05885533776484719,0.7452647581667902,31.24444354288571,1.05324266114565,9.25,30.615384615384617,1.4210854715202004e-14,-28.0,100,0,0,0,29.1458228793864,28.571428571428573,42.85714285714286,14.285714285714286,2984.1241,-2984.1241,0.003127905993744129,0.003123024272851625,0.24418458140488186,0.2269952918587614,-0.0026056989156930666,0.02878446332581941,0.06411980988252175,0.0,0.0,0.0,0.8757396449704142,0.9555320275277925,4.103195488721743,9.877478991596613,2818.5,2987.5,0.049890443283330525,0.007079049384796899
2942.0,2942.0,2942.0,2942.0,0,2021-10-06 00:00:00-04:00,2934.2,2947.925,2930.4625,2757.135,2621.715,2405.3675,2933.1330390293765,2877.646496006235,2786.3608769551015,2445.9825089860997,58.600516258960624,60.321667339314985,79.4188643896815,54.55937454964694,-43.75,4.7119117281461085,55.48654302314162,65.90538752020797,-10.418844497066345,3001.7189514622705,2930.4625,2859.2060485377297,0.04863153953498496,0.580957581827583,30.762697575536727,1.0456389386654223,24.5,30.615384615384617,1.4210854715202004e-14,-28.0,100,0,0,0,28.271961069263767,21.42857142857143,35.714285714285715,14.285714285714286,2982.486618,-2982.486618,-0.008258890948929731,-0.008293184537315123,0.24560115999911974,0.23369254142785834,-0.007840822864851216,-0.011424731182795744,0.043817633492992725,0.0,0.0,-0.0,0.6308316430020284,0.8943089430894309,2.685902255639009,9.761068427370937,2864.25,2987.5,0.02642760027192386,0.015465669612508498
2991.0,2991.0,2991.0,2991.0,0,2021-10-07 00:00:00-04:00,2951.8,2948.275,2936.8,2765.815,2626.3675,2410.14625,2942.0356484094723,2886.043051857625,2794.385940603921,2451.4055685981784,63.129312756896425,63.307544967022736,87.28923476005188,75.16813181534326,-0.0,99.5160548348509,55.99259655184733,63.92282932653584,-7.930232774688513,3005.886648493006,2936.8,2867.7133515069945,0.0470489297827606,0.8922610314892249,32.06536203442696,1.0720615859052813,49.0,30.615384615384617,1.4210854715202004e-14,-28.0,100,0,0,0,28.108321682687556,14.285714285714286,100.0,85.71428571428572,2902.25,2902.25,0.01665533650577844,0.01651815746856525,0.24592494518073824,0.18307070341989634,0.030313468825353018,0.0011715481171548081,0.04425242210002622,0.0,0.0,0.0,1.0,1.0,2.5052631578947366,9.82121248499398,2866.5,2991.0,0.04162487462387161,0.0
3011.25,3011.25,3011.25,3011.25,0,2021-10-08 00:00:00-04:00,2973.6,2953.6,2939.9625,2773.625,2631.4825,2415.165,2952.6840101926305,2895.317640608912,2802.8904135214143,2456.9761599554104,64.84105115852448,64.4678141622278,87.28923476005188,84.66577796992846,-0.0,130.14347681014328,57.36636958371855,62.61153737797238,-5.245167794253831,3016.228035302638,2939.9625,2863.696964697362,0.051881978292334,0.9673637949115274,31.221407603396464,1.0368254911879273,20.25,30.615384615384617,1.4210854715202004e-14,-28.0,100,0,0,0,28.201310781991655,7.142857142857143,100.0,92.85714285714286,2904.025,2904.025,0.00677031093279834,0.006747495299133044,0.22532651942540047,0.1744244136642394,0.037557067792230114,0.018002028397565928,0.021455223880596952,0.0,0.0,0.0,1.0,1.0,3.7456766917292934,10.043445378151242,2866.5,3011.25,0.048069738480697385,0.0
3111.5,3111.5,3111.5,3111.5,0,2021-10-11 00:00:00-04:00,3004.45,2972.425,2949.0625,2783.37,2638.25,2420.60875,2977.117239393764,2911.3311487119554,2814.9927502460646,2463.4888349807297,71.81679569074811,69.48384756391857,100.0,91.52615650670128,-0.0,282.555877028237,65.78609068180867,63.24644803873964,2.5396426430690298,3055.591002641305,2949.0625,2842.533997358695,0.07224567308512779,1.2624133258821253,36.152021346011004,1.1618840220475979,100.25,30.615384615384617,1.4210854715202004e-14,-28.0,100,0,0,0,29.286364291198343,0.0,100.0,100.0,2908.3140000000003,2908.3140000000003,0.033291822332918164,0.03274965008019139,0.2503938917773205,0.24813825696740444,0.05215994589568007,0.06439750277944079,0.06212664277180413,0.0,0.0,0.0,1.0,1.0,6.031015037593866,10.472629051620652,2866.5,3111.5,0.07874015748031496,0.0
3108.75,3108.75,3108.75,3108.75,0,2021-10-12 00:00:00-04:00,3032.9,2985.875,2961.175,2792.605,2645.0925,2426.03875,2997.368433333185,2925.9547673258844,2826.512642393278,2469.909344085399,71.39831478963858,69.20246468487747,99.45919370698131,95.58280948901108,-1.3142174432497014,192.18486336733312,71.41366600730044,64.8798916324518,6.533774374848633,3081.5833780307753,2961.175,2840.766621969225,0.08132472956226842,1.1128103476415951,33.76616267843879,1.0861652650885016,2.75,30.615384615384617,1.4210854715202004e-14,-28.0,100,0,0,0,30.234331299893682,50.0,92.85714285714286,42.85714285714286,2920.50516,2920.50516,-0.0008838180941668217,-0.0008842088916581732,0.2336157068128397,0.25693929656617087,0.04795213214225513,0.0452214844078338,0.08451072736787024,0.0,0.0,-0.0,0.9879385964912281,0.99498861047836,7.008646616541303,10.90426170468186,2883.5,3111.5,0.07245677523120225,0.0008845999195818255
3038.75,3038.75,3038.75,3038.75,0,2021-10-13 00:00:00-04:00,3052.25,2993.225,2966.7,2801.225,2651.595,2431.11875,3003.7348282050025,2934.3099697461894,2834.835676024914,2475.5694501144,61.56434419445082,62.443843827872016,79.33471237918049,92.93130202872061,-34.76702508960574,75.23329058001943,69.4248584588131,65.78888499772407,3.635973461089037,3090.6469241248187,2966.7,2842.753075875181,0.0835587852663356,0.7906486002324805,36.35429391569316,1.1963568544859946,70.0,30.615384615384617,1.4210854715202004e-14,-28.0,100,0,0,0,29.714104302902673,42.85714285714286,85.71428571428572,42.85714285714286,2931.9648504,2931.9648504,-0.022517088862082812,-0.022774469487281287,0.24233955418417844,0.32893042657543425,0.03288579197824615,0.024787117443723083,0.037735849056603765,0.0,0.0,-0.0,0.680921052631579,0.8674259681093394,7.596992481202927,11.03072028811524,2883.5,3111.5,0.05109008638420403,0.023940765117235707
3130.5,3130.5,3130.5,3130.5,0,2021-10-14 00:00:00-04:00,3080.15,3015.975,2977.325,2812.05,2658.835,2436.76,3023.2371623273098,2948.842564579805,2846.430355396486,2482.0861720038088,67.82056508130418,66.89368668686288,79.33471237918049,86.04287282178076,-0.0,148.49522318953964,74.39459774750458,67.51002754768017,6.8845701998244095,3118.0482301363336,2977.325,2836.601769863666,0.09452997582483187,1.0442420553152563,40.311130064572225,1.2876898279690856,91.75,30.615384615384617,1.4210854715202004e-14,-28.0,100,0,0,0,30.125764676453212,35.714285714285715,100.0,64.28571428571429,2942.736959376,2942.736959376,0.03019333607568897,0.02974648955503197,0.2610540145950215,0.36671062448956115,0.046639919759277726,0.07836720633827077,0.0728238519533928,0.0,0.0,0.0,1.0,1.0,9.168045112781932,11.286362545018,2883.5,3130.5,0.07890113400415269,0.0
3171.0,3171.0,3171.0,3171.0,0,2021-10-15 00:00:00-04:00,3112.1,3042.85,2989.9,2823.265,2666.61,2442.4925,3045.9699065846467,2965.298670907227,2859.1585767534866,2488.94103596397,70.1316832919643,68.61712037790207,79.87551867219918,79.51498114352006,-0.0,148.6133390794958,80.67123567741965,70.14226917362807,10.52896650379158,3151.156813809519,2989.9,2828.643186190481,0.10786769711998322,1.061526659623575,40.32462077424564,1.2716688985886357,40.5,30.615384615384617,1.4210854715202004e-14,-28.0,100,0,0,0,30.838649675599758,28.571428571428573,100.0,71.42857142857143,2957.7580026259197,2957.7580026259197,0.012937230474365125,0.012854259352982202,0.2627944765560764,0.3665688053325487,0.05305105853051062,0.09260056852442067,0.08614488782325735,0.0,0.0,0.0,1.0,1.0,11.021804511278125,11.636746698679458,2883.5,3171.0,0.09066540523494165,0.0
3202.5,3202.5,3202.5,3202.5,0,2021-10-18 00:00:00-04:00,3130.3,3067.375,3005.2,2835.29,2674.39,2448.555,3070.051459417778,2982.869139728914,2872.6229462925658,2496.041125158358,71.82650745843267,69.89691305373852,100.0,86.40341035045991,-0.0,137.43930608589056,87.18231968886403,73.55027927667525,13.632040412188772,3185.0956364117956,3005.2,2825.304363588204,0.11972290457327017,1.0483735012570412,39.69429071894238,1.239478242589926,31.5,30.615384615384617,1.4210854715202004e-14,-28.0,100,0,0,0,31.743112582798183,21.42857142857143,100.0,78.57142857142857,2979.0822023633277,2979.0822023633277,0.009933774834437026,0.009884759232541925,0.2594588771975508,0.3083810510491218,0.02924634420697414,0.08293177783413652,0.10564474365613674,0.0,0.0,0.0,1.0,1.0,12.584210526315774,11.98535414165667,2883.5,3202.5,0.0996096799375488,0.0
3138.25,3138.25,3138.25,3138.25,0,2021-10-19 00:00:00-04:00,3136.2,3084.55,3017.9375,2846.64,2680.76,2454.13,3080.543542584274,2994.3788330823277,2883.039693496779,2502.4312632164842,63.86616094544589,64.28265331488372,86.92111959287531,88.93221275502485,-21.398834304746046,73.6016683776573,86.16470950194616,76.07316532172943,10.09154418021673,3197.6365452812784,3017.9375,2838.2384547187216,0.11908732058319853,0.8347610996254262,41.44826995330364,1.3207446810580303,64.25,30.615384615384617,1.4210854715202004e-14,-28.0,100,0,0,0,31.44804909412512,14.285714285714286,92.85714285714286,78.57142857142857,3005.8923380797282,3005.8923380797282,-0.02006245120999217,-0.020266435072571504,0.2726923611401447,0.3607064406254179,0.00948934459187778,0.057896511039946086,0.08834749436448752,0.0,0.0,-0.0,0.7860116569525396,0.8995701445877295,12.563345864661603,12.050348139255682,2902.25,3202.5,0.07520114713614276,0.02047319365888632
3108.75,3108.75,3108.75,3108.75,0,2021-10-20 00:00:00-04:00,3150.2,3101.225,3024.575,2856.88,2686.6525,2459.42375,3084.882997571309,3002.8507713725257,2891.891078065533,2508.464285473037,60.54812208072548,61.88621311207386,53.587786259541986,80.16963528413912,-31.22398001665279,42.575464257546585,82.03222619878306,77.26497749714017,4.767248701642899,3207.3676489222244,3024.575,2841.7823510777753,0.12087162587948691,0.7302472240987529,40.594822099496234,1.3058245950782865,29.5,30.615384615384617,1.4210854715202004e-14,-28.0,100,0,0,0,30.70092383973721,7.142857142857143,85.71428571428572,78.57142857142857,3029.485257510161,3029.485257510161,-0.00940014339201789,-0.009444603580703408,0.25605518902423446,0.3132094623004842,0.023035787741670033,0.05667912984364376,0.04460685483870974,0.0,0.0,-0.0,0.6877601998334721,0.8534583821805393,13.198496240601383,12.055102040816333,2902.25,3202.5,0.06642541214314435,0.030156815440289506
2935.5,2935.5,2935.5,2935.5,0,2021-10-21 00:00:00-04:00,3111.2,3095.675,3021.975,2863.435,2691.0775,2463.91125,3061.900997944954,2997.8618253449313,2893.6012318668845,2512.71339706037,45.573420046196006,50.31864064342408,20.254452926208653,53.58778625954199,-100.0,-101.35813404192486,64.03917260002254,74.61981651771664,-10.580643917694104,3208.2491863490427,3021.975,2835.700813650957,0.12327976660895129,0.2678824916782564,50.070191949532216,1.7056784857616154,173.25,30.615384615384617,1.4210854715202004e-14,-28.0,100,0,0,0,29.14473851304104,0.0,78.57142857142857,78.57142857142857,3202.5,-3202.5,-0.05572979493365504,-0.057342919613373844,0.32840755543412,0.44092395888049707,-0.06229036895064688,-0.018555667001002973,-0.017405857740585784,0.0,0.0,-0.0,0.11074104912572856,0.5826494724501758,11.340601503759347,11.629975990396185,2902.25,3202.5,0.011326860841423949,0.09095554420030659
2905.75,2907.75,2905.75,2907.75,0,2021-10-22 00:00:00-04:00,3058.55,3085.325,3019.4625,2869.72,2695.5025,2468.25375,3038.185459799576,2991.1868753193808,2894.1560855191638,2516.644109527431,43.70875687134225,48.785034018915354,0.2246559955068801,24.688965060419182,-99.32603201347936,-116.70200235571222,46.998584480195404,69.09557011021239,-22.096985630016988,3210.4172901336924,3019.4625,2828.507709866308,0.12648263731289414,0.20748966307211428,48.618749667422776,1.672040225859265,29.75,30.615384615384617,1.4210854715202004e-14,-28.0,0,0,0,0,27.9840749577933,100.0,71.42857142857143,-28.571428571428573,3197.16,-3197.16,-0.0094532447623914,-0.009498210285092398,0.3282543753539289,0.38473160844385174,-0.08301797540208133,-0.03437110834371104,-0.016987829614604433,0.0,0.0,-0.0,0.018318068276436304,0.5392731535756154,8.698684210526277,11.073181272509018,2902.25,3202.5,0.0018914968618347519,0.10136703636832603
2908.0,2908.0,2908.0,2908.0,0,2021-10-25 00:00:00-04:00,2999.65,3064.975,3018.7,2875.52,2700.305,2472.6825,3018.1569275227184,2985.0248845549822,2894.6989841262553,2520.5381979898443,43.7310935682997,48.79979526748585,0.5472366406681703,7.008781854127911,-99.24178601516428,-107.34356764521019,33.1320429677362,61.902864681717155,-28.770821713980958,3211.30014278293,3018.7,2826.0998572170697,0.12760469260471735,0.21261703547965644,45.16383897689258,1.553089373345687,0.25,30.615384615384617,1.4210854715202004e-14,-28.0,100,0,0,0,26.903127566268672,92.85714285714286,64.28571428571429,-28.571428571428573,3185.5036,-3185.5036,8.597713008340335e-05,8.597343426179057e-05,0.325625735168278,0.3457710663194577,-0.09195940671350511,-0.06540253896834325,-0.005216796373898935,0.0,0.0,0.0,0.019150707743547043,0.539663931223134,5.587218045112701,10.546794717887147,2902.25,3202.5,0.0019773039889958736,0.10127235213204952
2860.75,2866.5,2860.75,2866.5,0,2021-10-26 00:00:00-04:00,2945.3,3040.75,3013.3125,2880.525,2704.1875,2477.01125,2994.8250925192233,2976.2452634768356,2893.5931416115,2523.980603979995,40.834434207372894,46.465508099722655,1.3200861030337616,0.6973262464029478,-98.31748354059985,-127.91331347823322,18.5798290423877,53.23825755385126,-34.65842851146356,3216.331025940372,3013.3125,2810.293974059628,0.13474774086018096,0.13842585468500573,45.312850478543105,1.5807727360384827,47.25,30.615384615384617,1.4210854715202004e-14,-28.0,0,0,0,0,26.363037973449014,100.0,57.142857142857146,-42.85714285714286,3174.313456,-3174.313456,-0.014270976616231112,-0.014373786304972592,0.3224579715515066,0.34699933963987445,-0.08659284633155417,-0.07792521109770811,-0.036227620408506356,0.0,0.0,-0.0,0.0,0.47479484173505276,2.7110902255638383,9.890624249699874,2860.75,3202.5,0.0020059305773591487,0.11721611721611722
2716.5,2716.5,2716.5,2716.5,0,2021-10-27 00:00:00-04:00,2866.85,3008.525,3000.875,2882.58,2706.825,2480.51625,2952.005847516266,2957.0048735896626,2886.648312528696,2525.896219860791,32.46416890366243,39.326275087492526,1.0954301075268817,0.9875842837429484,-100.0,-178.22336769759428,-4.999026073396635,41.59080082840168,-46.58982690179832,3241.1982978718493,3000.875,2760.5517021281507,0.16016881600989663,-0.09165091882111447,52.79050401579003,1.9433279593517403,150.0,30.615384615384617,1.4210854715202004e-14,-28.0,100,0,0,0,26.994824235107334,100.0,50.0,-50.0,3155.49964864,-3155.49964864,-0.05232862375719516,-0.05374748635685963,0.36934020612567864,0.4100054345381096,-0.12617611580217125,-0.10604689428218839,-0.08388837366157997,0.0,0.0,-0.0,0.0,0.2403282532239156,-2.287969924812126,8.851356542617047,2716.5,3202.5,0.0,0.1789066813914964
2794.5,2794.5,2794.5,2794.5,0,2021-10-28 00:00:00-04:00,2838.65,2974.925,2995.45,2887.02,2710.0625,2484.45125,2927.7741786676097,2944.9674755459837,2883.034653213845,2528.568894290037,39.41828981026383,44.02228171494354,14.34987296106011,5.588463057206927,-83.9506172839506,-107.74502792535073,-17.193296878373985,29.833981287046548,-47.02727816542053,3248.9056963258204,2995.45,2741.9943036741793,0.169227125357339,0.10357963361439702,54.59118230037645,1.9535223582170853,78.0,30.615384615384617,1.4210854715202004e-14,-28.0,100,0,0,0,26.588908152696142,92.85714285714286,42.85714285714286,-50.0,3120.3796767488,-3120.3796767488,0.028713418001104385,0.028308912718175098,0.3811603660021194,0.4634431686170229,-0.048032703117015796,-0.10733109726880685,-0.037375129176713706,0.0,0.0,0.0,0.16049382716049382,0.3622508792497069,-6.781578947368527,7.884729891956783,2716.5,3202.5,0.027911969940955447,0.14600107353730543
2758.5,2758.5,2758.5,2758.5,0,2021-10-29 00:00:00-04:00,2808.8,2933.675,2988.2625,2890.935,2712.895,2488.255,2901.7319973341314,2931.155069949985,2878.150941323106,2530.8567659886435,37.499085347560474,42.43078302134779,20.887728459530027,12.111010509372349,-91.35802469135803,-104.74771717840487,-29.42307261585347,17.982570506466544,-47.405643122320015,3259.4173669579923,2988.2625,2717.1076330420074,0.181479951616026,0.07632606307672356,53.263240707492415,1.9308769515132287,36.0,30.615384615384617,1.4210854715202004e-14,-28.0,100,0,0,0,26.485150748407722,85.71428571428572,35.714285714285715,-50.0,3088.069302608896,-3088.069302608896,-0.012882447665056307,-0.01296614599726731,0.3831886617474698,0.4640833435907953,-0.05132834665978847,-0.130085146641438,-0.0495305366525971,0.0,0.0,-0.0,0.08641975308641975,0.3018867924528302,-11.638157894736949,6.788199279711878,2716.5,3202.5,0.015225666122892877,0.16095704187058185
2776.25,2776.25,2776.25,2776.25,0,2021-11-01 00:00:00-04:00,2782.45,2891.05,2979.2125,2895.13,2715.65,2492.27,2882.427074667342,2919.68062032406,2874.154825977102,2533.2984897101496,39.07417551941798,43.48846713443636,34.1655062373078,23.134369219299327,-87.70576131687243,-83.99078751282195,-37.25354565671796,6.935347273829642,-44.1888929305476,3265.5599408389135,2979.2125,2692.8650591610867,0.19223028960768213,0.1456009884261931,50.726580656957246,1.8271618426639258,17.75,30.615384615384617,1.4210854715202004e-14,-28.0,100,0,0,0,26.16394337259714,78.57142857142857,28.571428571428573,-50.0,3058.3437584001845,-3058.3437584001845,0.006434656516222548,0.006414042496151689,0.3765188517253158,0.47495482523039845,-0.04530605226960105,-0.13309914129586264,-0.061205511877588936,0.0,0.0,0.0,0.12294238683127572,0.26824034334763946,-15.156578947368534,5.723817527010787,2716.5,3202.5,0.021521837010355694,0.1535344439441693
2754.75,2754.75,2754.75,2754.75,0,2021-11-02 00:00:00-04:00,2760.1,2852.7,2968.625,2897.825,2718.31,2496.2775,2862.784447795443,2907.4635373370925,2869.4722837819218,2535.501987324974,37.83055869247586,42.49549300833491,36.934636584767134,30.662623760535002,-92.12962962962962,-82.6536790639238,-44.67908954164932,-3.3875400892661514,-41.291549452383165,3271.2647817538177,2968.625,2665.9852182461823,0.2038922273805669,0.14665088184940506,48.63896775288887,1.7656399946597283,21.5,30.615384615384617,1.4210854715202004e-14,-28.0,100,0,0,0,26.04272824320583,71.42857142857143,21.42857142857143,-50.0,3030.99625772817,-3030.99625772817,-0.007744259342638449,-0.007774401840750813,0.3761947826627355,0.47253022088188834,-0.038984824699110465,-0.12220186409623202,-0.07138041463003542,0.0,0.0,-0.0,0.0787037037037037,0.19324324324324324,-18.56390977443616,4.719723889555792,2716.5,3202.5,0.013885107541519195,0.16253743533895998
2712.5,2712.5,2712.5,2712.5,0,2021-11-03 00:00:00-04:00,2759.3,2813.075,2957.15,2899.125,2720.255,2500.1925,2839.663763519221,2893.0217938306414,2863.3165079473365,2537.2631615804466,35.443277490385775,40.58348072894118,29.623931623931625,33.5746914820022,-99.99999999999999,-92.18777202728572,-53.35803031142041,-13.381638133697003,-39.976392177723405,3279.705979637643,2957.15,2634.5940203623572,0.21815327571319876,0.12076350239292075,48.1826129133968,1.7763175267611724,42.25,30.615384615384617,1.4210854715202004e-14,-28.0,100,0,0,0,26.2700944344885,100.0,14.285714285714286,-85.71428571428572,3005.836557109916,-3005.836557109916,-0.015337144931481972,-0.015455975519171378,0.37823439555229554,0.28912651137971107,-0.001472482974415601,-0.12746280659429032,-0.07800815771583958,0.0,0.0,-0.0,0.0,0.11552346570397112,-22.643233082706807,3.6706242496999013,2712.5,3202.5,0.0,0.18064516129032257
2616.25,2616.25,2616.25,2616.25,0,2021-11-04 00:00:00-04:00,2723.65,2781.15,2938.4125,2898.48,2721.62,2503.2725,2805.292415285495,2872.520179472816,2853.627625282735,2538.0491002711883,30.69167480175299,36.64010762735329,16.346153846153847,27.634907351617546,-100.0,-122.03904219522717,-67.2277641873211,-24.150863344421822,-43.07690084289928,3292.8858866949686,2938.4125,2583.9391133050312,0.24126863515246322,0.045575899218032005,51.61599770529703,1.9729000556253047,96.25,30.615384615384617,1.4210854715202004e-14,-28.0,100,0,0,0,27.15801330819494,100.0,7.142857142857143,-92.85714285714286,2976.5029013989247,-2976.5029013989247,-0.03548387096774197,-0.03612872408850554,0.3860717638880063,0.24026805364497072,-0.06378600823045266,-0.10875489695111562,-0.12529254429956538,0.0,0.0,-0.0,0.0,0.0,-26.97875939849634,2.3912605042016524,2616.25,3202.5,0.0,0.22408026755852842
2595.75,2595.75,2595.75,2595.75,0,2021-11-05 00:00:00-04:00,2691.1,2749.95,2917.6375,2897.285,2722.695,2506.28375,2773.055120626188,2852.018684697052,2843.5147772324317,2538.6232385769476,29.77606311547264,35.86084909268128,0.0,15.323361823361836,-100.0,-120.75164266865026,-78.96356407086387,-35.11340348971023,-43.85016058115364,3300.191335263755,2917.6375,2535.083664736245,0.2622353429881231,0.07929123912968779,49.39342644063296,1.9028576111194437,20.5,30.615384615384617,1.4210854715202004e-14,-28.0,100,0,0,0,28.112957361276237,100.0,0.0,-100.0,2933.2725532310537,-2933.2725532310537,-0.007835642618251315,-0.007866502576646164,0.38293843649508436,0.2430819836250313,-0.058999456226209945,-0.1072994583440805,-0.13798256537982567,0.0,0.0,-0.0,0.0,0.0,-30.723872180451288,1.0839015606242706,2595.75,3202.5,0.0,0.23374747182895117
2625.0,2625.0,2604.75,2604.75,0,2021-11-08 00:00:00-05:00,2656.8,2719.625,2892.3,2895.78,2724.5425,2509.23,2747.162025145236,2833.7024858306036,2834.1514526350816,2539.28121630255,30.75277494007697,36.48356347878525,1.8867924528301885,6.077648766328024,-98.24561403508773,-107.05449835811457,-86.54046068536763,-45.39881492884171,-41.141645756525925,3287.069128732224,2892.3,2497.5308712677765,0.2729793788557367,0.1357997889507609,47.95461026630203,1.8410446402265874,29.25,30.615384615384617,1.4210854715202004e-14,-28.0,0,0,0,0,28.56029039938747,92.85714285714286,0.0,-92.85714285714286,2886.019395778706,-2886.019395778706,0.0034672060098237534,0.0034612091087297702,0.3547967720844994,0.2294395102837203,-0.06177397568662768,-0.10428129298486932,-0.16286357062510048,0.0,0.0,0.0,0.014833127317676144,0.014833127317676144,-32.13270676691738,-0.1365426170468298,2595.75,3202.5,0.0034552260293694214,0.22948459545061906
2560.5,2560.5,2560.5,2560.5,0,2021-11-09 00:00:00-05:00,2617.95,2689.025,2864.8875,2893.53,2726.13,2511.93125,2718.444790507507,2813.465264657966,2823.42002311998,2539.492348478644,28.643366038808338,34.74222427798405,1.8867924528301885,1.2578616352201377,-100.0,-128.3401552414035,-95.020474150459,-55.32314677316516,-39.69732737729383,3271.6859905023657,2864.8875,2458.089009497634,0.2839891552477128,0.12587434920898566,47.689995247280464,1.862526664607712,44.25,30.615384615384617,1.4210854715202004e-14,-28.0,100,0,0,0,29.287717422972825,100.0,0.0,-100.0,2845.3816803696873,-2845.3816803696873,-0.0169881946443996,-0.017134149389688044,0.35475173903494706,0.2265148393215393,-0.07051456575006809,-0.10675039246467821,-0.17635705669481305,0.0,0.0,-0.0,0.0,0.0,-33.455075187969996,-1.4710204081632368,2560.5,3202.5,0.0,0.2507322788517868
2567.0,2567.0,2567.0,2567.0,0,2021-11-10 00:00:00-05:00,2588.85,2674.075,2841.3,2889.945,2727.595,2514.785,2695.1455919678906,2795.2085783870057,2813.3643359388047,2539.766056453981,29.4093303435008,35.219118826481136,5.245965579445175,3.0065168283685293,-98.12949640287769,-106.27158114510542,-100.06298641911508,-64.27111470235515,-35.79187171675993,3259.5837434087002,2841.3,2423.0162565913,0.2944312416208778,0.17211252609931707,44.74785272961758,1.7431964444728312,6.5,30.615384615384617,1.4210854715202004e-14,-28.0,100,0,0,0,29.8599082594616,92.85714285714286,0.0,-92.85714285714286,2799.8006115105372,-2799.8006115105372,0.0025385666861941214,0.0025353499685354334,0.35362373740651826,0.2557011884926012,-0.05364055299539172,-0.05503405116878335,-0.15524475524475523,0.0,0.0,0.0,0.010124610591900311,0.010124610591900311,-34.965413533834635,-2.6000120048019184,2560.5,3202.5,0.002532138683287885,0.24756525126606935
2634.0,2634.0,2634.0,2634.0,0,2021-11-11 00:00:00-05:00,2592.4,2658.025,2816.475,2888.275,2729.5425,2518.03125,2685.738577818984,2783.2672022101906,2806.330440411793,2540.703707633543,36.925152801187274,39.96731449598839,36.69250645994832,14.608421497407905,-78.84892086330935,-51.379740841189765,-97.52862439120645,-70.92261664012541,-26.606007751081037,3221.8926827668006,2816.475,2411.0573172331992,0.28789013413348297,0.2749543153190966,46.33729182035918,1.7591986264373263,67.0,30.615384615384617,1.4210854715202004e-14,-28.0,100,0,0,0,29.374369984778678,85.71428571428572,7.142857142857143,-78.57142857142857,2761.512513668851,-2761.512513668851,0.026100506427736647,0.02576570143208593,0.34798967188903823,0.25585692620852296,0.006784519827998103,-0.057434245840042975,-0.15860086248203165,0.0,0.0,0.0,0.11448598130841121,0.11448598130841121,-33.36052631578953,-3.6245498199279655,2560.5,3202.5,0.027904328018223234,0.21583143507972666
2645.25,2645.25,2645.25,2645.25,0,2021-11-12 00:00:00-05:00,2602.3,2646.7,2790.1875,2886.715,2731.5225,2521.3475,2679.5095658468326,2773.0437057501763,2800.013560395644,2541.74396924913,38.11657572180424,40.733193740278345,70.02583979328165,37.321437277558395,-72.30392156862744,-33.37207050164605,-93.53413990334366,-75.44492129276907,-18.08921861057459,3167.447850255628,2790.1875,2412.927149744372,0.27041935372130227,0.30790785474567933,43.83105669033352,1.6569721837381541,11.25,30.615384615384617,1.4210854715202004e-14,-28.0,100,0,0,0,28.761736540639806,78.57142857142857,0.0,-78.57142857142857,2729.350511481835,-2729.350511481835,0.004271070615034178,0.004261975481044725,0.34226605736913673,0.2422300108119352,0.019069633054030533,-0.041054921152800405,-0.1657994323557237,0.0,0.0,0.0,0.13200934579439252,0.13200934579439252,-30.208834586466207,-4.600516206482593,2560.5,3202.5,0.032038559682449674,0.2106606180890275
2607.75,2607.75,2607.75,2607.75,0,2021-11-15 00:00:00-05:00,2602.9,2629.85,2760.45,2883.795,2733.06,2524.57125,2668.4696326396274,2760.7997275464595,2792.473812929148,2542.4007456745117,35.69613543410847,38.99211901764643,85.25073746312684,63.98969457211896,-79.8076923076923,-55.56340682117968,-92.33009490683207,-78.82195601558166,-13.508138891250411,3094.2829896819717,2760.45,2426.617010318028,0.24186852845150023,0.27129282497594015,43.378838355309696,1.6634584739836908,37.5,30.615384615384617,1.4210854715202004e-14,-28.0,100,0,0,0,28.543459536358792,71.42857142857143,0.0,-71.42857142857143,2702.3344296447412,-2702.3344296447412,-0.014176353841791944,-0.014277798228190648,0.3353954091179008,0.2743674765418148,0.0011517420097897357,-0.06069338135974789,-0.18571428571428572,0.0,0.0,-0.0,0.08178277801817395,0.07359813084112149,-26.304887218045156,-5.582533013205284,2560.5,3138.25,0.0181190681622088,0.2034320774614131
2540.5,2540.5,2540.5,2540.5,0,2021-11-16 00:00:00-05:00,2598.9,2608.425,2730.5625,2878.85,2733.445,2527.44125,2648.7819968489157,2744.481229209685,2782.5924869319265,2542.381832782228,31.796647893762863,36.08758116184573,51.9174041297935,69.06466046206735,-100.0,-103.13358988455187,-95.6992323607692,-82.19741128461916,-13.501821076150037,3028.8919267667848,2730.5625,2432.2330732332152,0.21851133366607411,0.18145532597999636,45.08392132993043,1.7746082003515227,67.25,30.615384615384617,1.4210854715202004e-14,-28.0,100,0,0,0,28.908022134557317,100.0,7.142857142857143,-92.85714285714286,2679.640920901583,-2679.640920901583,-0.025788515003355328,-0.02612686852229383,0.3382764927525999,0.3136958488849973,-0.007810974419058758,-0.07777475269988199,-0.19047239703656493,0.0,0.0,-0.0,0.0,0.0,-23.481766917293367,-6.6254981992797095,2540.5,3108.75,0.0,0.2236764416453454
2598.5,2598.5,2598.5,2598.5,0,2021-11-17 00:00:00-05:00,2605.2,2597.025,2705.05,2874.45,2734.315,2530.5675,2641.0463050260055,2733.6678048237823,2775.3731737189096,2542.940222505788,38.07929435262585,40.12645406728679,37.04071359677838,58.069618396566256,-75.39766702014846,-45.40663261169204,-92.62149979777678,-84.28222898725069,-8.339270810526088,2952.597651978354,2705.05,2457.5023480216464,0.18302630411885457,0.28478891003717294,46.006498377792546,1.7705021503864746,58.0,30.615384615384617,1.4210854715202004e-14,-28.0,100,0,0,0,28.38437915607765,92.85714285714286,0.0,-92.85714285714286,2654.595555139298,-2654.595555139298,0.022830151544971367,0.02257344341470987,0.35816320486904946,0.3595206240683455,0.012271133619010444,-0.042027649769585285,-0.16413349416968237,0.0,0.0,0.0,0.1468354430379747,0.08761329305135952,-19.396992481203068,-7.432941176470567,2540.5,2935.5,0.02232056955936117,0.1296902058880123
2603.0,2603.0,2603.0,2603.0,0,2021-11-18 00:00:00-05:00,2599.0,2595.7,2688.425,2869.225,2734.655,2533.6125,2635.193027329697,2723.9887081701686,2768.613441416207,2543.5378322320985,38.55224100270214,40.433111620667766,38.34526650755766,42.43446141137653,-73.48886532343585,-34.230596680125615,-88.7956808404715,-85.18491935789486,-3.610761482576649,2915.6598509802106,2688.425,2461.1901490197897,0.169046821823343,0.31203367434285045,43.04174849366451,1.6535439298372843,4.5,30.615384615384617,1.4210854715202004e-14,-28.0,100,0,0,0,27.833098426409094,85.71428571428572,7.142857142857143,-78.57142857142857,2634.0583552142243,-2634.0583552142243,0.0017317683278814666,0.0017302705460688248,0.3133159651683798,0.29524980670316103,-0.011769172361427493,-0.005064500716674636,-0.11326860841423947,0.0,0.0,0.0,0.17006802721088435,0.09441087613293052,-17.21616541353389,-8.096626650660246,2540.5,2908.0,0.024010756819054936,0.11717249327698809
2662.75,2662.75,2662.75,2662.75,0,2021-11-19 00:00:00-05:00,2602.5,2602.4,2676.175,2863.52,2735.795,2536.8325,2639.432561586667,2719.452507564971,2764.461933909689,2544.724022956157,44.602531850519824,44.403054976922554,71.678599840891,49.02152664840903,-42.94049008168028,63.47649240339714,-80.0199459783039,-84.15192468197667,4.131978703672772,2880.0047757934226,2676.175,2472.3452242065778,0.15232918310157026,0.46706810879877,44.23519502983133,1.661259788933671,59.75,30.615384615384617,1.4210854715202004e-14,-28.0,100,0,0,0,26.487425574737752,78.57142857142857,0.0,-78.57142857142857,2540.5,2540.5,0.022954283519016627,0.022694797328709822,0.329035683512326,0.34649781423109466,0.006615631792836307,0.025811422517576732,-0.08425758748172985,0.0,0.0,0.0,0.3326530612244898,0.1846676737160121,-14.119924812030181,-8.389531812725107,2540.5,2908.0,0.04591118204863393,0.09210402779081776
2657.5,2657.5,2657.5,2657.5,0,2021-11-22 00:00:00-05:00,2612.45,2607.675,2663.65,2858.08,2737.0225,2539.9425,2642.2121674964105,2714.8634329305287,2760.2673482661717,2545.846171981469,44.190805935916316,44.131698165134836,85.12379753137033,65.04922129327302,-31.976744186046513,83.27307421914261,-72.65126543411816,-81.85179283240497,9.200527398286809,2837.547268523683,2663.65,2489.752731476317,0.13057065945126659,0.48231714605924786,41.45053824198624,1.55975684824031,5.25,30.615384615384617,1.4210854715202004e-14,-28.0,100,0,0,0,25.29683523341424,71.42857142857143,0.0,-71.42857142857143,2542.945,2542.945,-0.0019716458548493243,-0.0019735921071721133,0.32876235976030627,0.3216291082229818,0.019077749017352152,0.02025146367213737,-0.08614167812929852,0.0,0.0,-0.0,0.3588957055214724,0.17673716012084592,-10.726315789473766,-8.712701080432167,2540.5,2866.5,0.04402634054562559,0.0786453433678269
2648.0,2648.0,2648.0,2648.0,0,2021-11-23 00:00:00-05:00,2633.95,2616.425,2652.725,2853.71,2737.645,2542.865,2643.1026032661935,2709.9105860467857,2755.8647071576943,2546.8626279816535,43.409921659245484,43.62515269267309,90.91610767627095,82.57283501617745,-12.065439672801636,86.80339755541729,-66.80798278059228,-78.84303082204244,12.035048041450153,2799.633806747593,2652.725,2505.8161932524067,0.11076067571843534,0.48391859513188334,39.16835693898722,1.4791675581188528,9.5,30.615384615384617,1.4210854715202004e-14,-28.0,100,0,0,0,24.303169484148547,64.28571428571429,0.0,-64.28571428571429,2545.3411,2545.3411,-0.0035747883349012133,-0.003581193159204155,0.3266402405590314,0.21231051433463993,0.042314505018697046,0.034173013083382164,-0.07622536193964768,0.0,0.0,-0.0,0.42322834645669294,0.1623867069486405,-7.746992481203036,-9.186386554621839,2540.5,2794.5,0.04059667673716012,0.05532477341389728
2664.5,2664.5,2664.5,2664.5,0,2021-11-24 00:00:00-05:00,2647.15,2626.175,2650.125,2848.435,2738.73,2545.78375,2646.39451045601,2706.546838932209,2752.281777465236,2548.033149096264,45.22050210487077,44.781014360229854,90.91610767627095,88.98533762797076,-0.0,103.38664158043291,-60.15232847619927,-75.10489035287381,14.952561876674537,2794.2410556634827,2650.125,2506.0089443365173,0.10876170419394007,0.5498729996939629,37.549188586202426,1.4092395791406427,16.5,30.615384615384617,1.4210854715202004e-14,-28.0,100,0,0,0,23.130136315573782,57.142857142857146,100.0,42.85714285714286,2547.6892780000003,2547.6892780000003,0.006231117824773369,0.006211784679938075,0.272849698439799,0.1696153536499203,0.025399268808928177,0.03798208024931826,-0.019142278667402923,0.0,0.0,0.0,0.4881889763779528,0.18731117824773413,-6.5718045112781684,-9.44903961584633,2540.5,2794.5,0.046537811972227436,0.048789641583786826
2581.25,2581.25,2581.25,2581.25,0,2021-11-26 00:00:00-05:00,2642.8,2620.9,2639.4625,2841.7,2739.3025,2548.27,2636.3722780781623,2697.2655916038975,2745.5746489371872,2548.3636650256544,38.5233973507251,40.39347253261326,59.01426718547341,80.28216084600514,-67.13709677419355,-63.319088319088316,-60.893313525735266,-72.2625749874461,11.369261461710835,2770.2088455512185,2639.4625,2508.7161544487817,0.0990704323711501,0.277383835262929,40.81353225861653,1.5811537921013668,83.25,30.615384615384617,1.4210854715202004e-14,-28.0,100,0,0,0,23.001612450345867,50.0,92.85714285714286,42.85714285714286,2552.3617068800004,2552.3617068800004,-0.031244135860386546,-0.03174264502749404,0.2697453090178503,0.31218953916523945,-0.008355743373031133,-0.020026575550493586,-0.07631061012703522,0.0,0.0,-0.0,0.1728525980911983,0.061555891238670696,-5.276127819548945,-9.907346938775506,2540.5,2776.25,0.015786924939467314,0.07554479418886198
2596.0,2596.0,2596.0,2596.0,0,2021-11-29 00:00:00-05:00,2629.45,2615.975,2631.3375,2835.23,2740.5925,2550.79125,2630.1611583738295,2689.7644366702757,2739.7089764298466,2548.8376584084835,40.21287270191733,41.46049476315255,39.23923923923923,63.05653803366122,-55.24193548387097,-30.820223607401168,-59.603278296446206,-69.73071564924612,10.127437352799916,2751.2306060361634,2631.3375,2511.444393963837,0.09112712150088183,0.3526291412062456,38.95185138300106,1.5004565247689161,14.75,30.615384615384617,1.4210854715202004e-14,-28.0,100,0,0,0,22.647372267854212,42.85714285714286,85.71428571428572,42.85714285714286,2556.8472386048,2556.8472386048,0.005714285714285783,0.005698021114637796,0.2695389301393666,0.2434662506257662,-0.02506806872594125,-0.018618278045553383,-0.05890882726119273,0.0,0.0,0.0,0.2354188759278897,0.08383685800604229,-4.017481203007589,-10.294933973589446,2540.5,2776.25,0.02137904468412943,0.06943374422187981
2591.25,2591.25,2591.25,2591.25,0,2021-11-30 00:00:00-05:00,2616.2,2614.325,2622.0875,2829.125,2741.2875,2553.3325,2624.174826316317,2682.467070990996,2733.887055785539,2549.259671757653,39.83323108958132,41.21104439155251,9.909909909909901,36.05447211154087,-59.07258064516129,-46.857172763908636,-58.29224467467884,-67.44302145433267,9.150776779653825,2722.8524833771457,2622.0875,2521.3225166228544,0.07685859711176354,0.3469830541995887,36.50886199850099,1.408928586531635,4.75,30.615384615384617,1.4210854715202004e-14,-28.0,100,0,0,0,22.37295029526403,35.714285714285715,78.57142857142857,42.85714285714286,2561.153349060608,2561.153349060608,-0.0018297380585515777,-0.0018314140739912296,0.26733284888388853,0.2435783746016681,-0.024929444967074277,-0.006327293643945908,-0.06663665015758669,0.0,0.0,-0.0,0.23687281213535588,0.07666163141993958,-2.3020676691729878,-10.7189555822329,2540.5,2754.75,0.019585142305836953,0.06309696092619392
2628.5,2628.5,2628.5,2628.5,0,2021-12-01 00:00:00-05:00,2612.3,2623.125,2615.775,2824.025,2742.46,2555.89375,2624.8402376522686,2678.469510176848,2729.754230068459,2550.0481327351886,44.276138522439865,43.98607420371336,28.82882882882882,25.992659325992673,-29.032258064516128,22.143280047365735,-53.62927252457939,-64.680271668382,11.050999143802613,2696.289268921699,2615.775,2535.260731078301,0.061560546240941295,0.5790232599166683,36.56180042717949,1.3909758579866651,37.25,30.615384615384617,1.4210854715202004e-14,-28.0,100,0,0,0,21.499396275719644,28.571428571428573,71.42857142857143,42.85714285714286,2565.287215098184,2565.287215098184,0.014375301495417325,0.01427295650951345,0.27391242372092856,0.2804617297227361,-0.007364048338368567,0.03463885061995664,-0.04582993012070058,0.0,0.0,0.0,0.5116279069767442,0.13293051359516617,-0.11578947368426372,-11.057851140456199,2540.5,2712.5,0.03347917062963667,0.03195739014647137
2585.25,2585.25,2585.25,2585.25,0,2021-12-02 00:00:00-05:00,2596.45,2621.8,2609.4125,2816.21,2742.72,2558.1125,2618.749431859612,2671.564361274859,2724.0873975167547,2550.3984000711566,40.53356851004497,41.592556431930845,25.74479241145907,21.494510383399284,-63.91129032258065,-64.12625096227868,-52.81492941524721,-62.307203217755045,9.492273802507839,2677.4994434987366,2609.4125,2541.3255565012632,0.05218564983400415,0.32256142838569163,37.03952896809524,1.4327252284342034,43.25,30.615384615384617,1.4210854715202004e-14,-28.0,100,0,0,0,21.22449400908308,21.42857142857143,64.28571428571429,42.85714285714286,2569.2557264942566,2569.2557264942566,-0.016454251474224857,-0.01659112619441831,0.2746506976696348,0.2879662862742949,-0.029742916119346985,-0.0050990956320954295,-0.046912442396313314,0.0,0.0,-0.0,0.36088709677419356,0.06759818731117825,0.9753759398496424,-11.247490996398541,2540.5,2664.5,0.01730973793636979,0.030654675563291753
2596.25,2596.25,2596.25,2596.25,0,2021-12-03 00:00:00-05:00,2599.45,2621.125,2608.4125,2808.385,2743.2575,2560.43375,2615.287980804287,2665.9855196989433,2719.0741662415876,2550.854634896319,41.879190595257874,42.42916034181475,30.218630411308634,28.264083883865528,-55.04032258064516,-34.92842535787321,-50.69753889465619,-59.98527035313528,9.287731458479087,2676.655681893878,2608.4125,2540.169318106122,0.05232545227710575,0.4108885337518899,35.17956261323129,1.3550144482708248,11.0,30.615384615384617,1.4210854715202004e-14,-28.0,100,0,0,0,20.781218090733624,14.285714285714286,57.142857142857146,42.85714285714286,2573.065497434486,2573.065497434486,0.004254907649163586,0.004245881125237678,0.24557067643351513,0.18171822095642598,0.005811138014527817,-0.0025931617364579607,-0.007644529383659782,0.0,0.0,0.0,0.4495967741935484,0.08421450151057402,0.8953007518796872,-11.345558223289306,2540.5,2664.5,0.021473278767453058,0.02628791526239769
2566.75,2566.75,2566.75,2566.75,0,2021-12-06 00:00:00-05:00,2593.6,2611.525,2606.9625,2800.56,2743.5775,2562.4325,2607.820599142089,2658.6347404619846,2713.1006695262313,2551.0127977331717,39.31015568066693,40.784175105468044,11.299711492389713,22.421044771719163,-78.83064516129032,-89.3649495775414,-50.8141413198955,-58.15104454648732,7.336903226591822,2677.4167892590503,2606.9625,2536.50821074095,0.054050865142134,0.2146199300077776,34.773879569429056,1.3547824902865122,29.5,30.615384615384617,1.4210854715202004e-14,-28.0,100,0,0,0,20.738014081878198,7.142857142857143,50.0,42.85714285714286,2664.5,-2664.5,-0.011362542128069308,-0.011427589011247904,0.24732473590690623,0.19501743371326719,-0.011267334360554715,-0.03605295277438736,-0.01117210825387649,0.0,0.0,-0.0,0.21169354838709678,0.03965256797583082,0.10018796992469471,-11.547707082833139,2540.5,2664.5,0.010226940683744034,0.038083179117561115
2601.75,2601.75,2601.75,2601.75,0,2021-12-07 00:00:00-05:00,2595.7,2605.95,2606.8125,2794.13,2744.5325,2564.66,2606.886660812537,2654.421055983319,2708.733976603634,2551.517645516921,43.72125506395565,43.512435058811526,27.3712293182935,22.96319040733064,-64.19437340153452,-26.587914584279602,-47.53439517078232,-56.02771467134632,8.493319500563999,2677.297759983914,2606.8125,2536.327240016086,0.0540777366871719,0.46408823631241947,34.79003102875555,1.3371780927743075,35.0,30.615384615384617,1.4210854715202004e-14,-28.0,100,0,0,0,20.08013518482926,0.0,42.85714285714286,42.85714285714286,2662.545,-2662.545,0.013635920911658772,0.013543788338894707,0.25204752680198195,0.22542112894109453,0.004052098408104277,-0.020978363123236088,-0.0011517420097898468,0.0,0.0,0.0,0.4939516129032258,0.09252265861027191,-0.009210526315847213,-11.715030012004782,2540.5,2664.5,0.023541846833861825,0.02411838185836456
2595.25,2595.25,2576.25,2576.25,0,2021-12-08 00:00:00-05:00,2585.25,2598.775,2607.6,2786.17,2745.895,2566.5925,2602.173328379839,2648.6306073919623,2703.5385265407463,2551.763738596355,41.36244053318564,42.031011517383035,27.941006362058985,22.20398239091409,-90.28132992327366,-67.45167304484325,-46.45727901212331,-54.113627539501714,7.656348527378405,2676.3279782912327,2607.6,2538.872021708767,0.05271358973096551,0.27192694460503997,34.12645738384444,1.3246562788488867,25.5,30.615384615384617,1.4210854715202004e-14,-28.0,0,0,0,0,19.807008998167245,85.71428571428572,35.714285714285715,-50.0,2660.6291,-2660.6291,-0.009801095416546501,-0.009849442313299941,0.24683629118471948,0.1979740199618545,-0.019878257561346757,-0.02709592145015105,0.0061511423550086874,0.0,0.0,-0.0,0.28830645161290325,0.054003021148036255,-1.1770676691729922,-11.786578631452587,2540.5,2664.5,0.013876758854924794,0.034255215914604564
2579.5,2579.5,2579.5,2579.5,0,2021-12-09 00:00:00-05:00,2584.1,2590.275,2608.225,2778.455,2746.8375,2568.22375,2598.68512401371,2643.509821659224,2698.674270597972,2552.0397212968887,41.793463878390874,42.2939292252019,40.08386350491613,31.798699728422893,-86.95652173913044,-67.87638967401605,-44.824697645514334,-52.25584156070424,7.431143915189907,2675.6803370757284,2608.225,2540.7696629242714,0.051725090493134986,0.2870813397036925,31.920996142141266,1.2374877356906868,3.25,30.615384615384617,1.4210854715202004e-14,-28.0,100,0,0,100,19.55339182483823,78.57142857142857,28.571428571428573,-50.0,2658.751518,-2658.751518,0.0012615235322659402,0.0012607284800358622,0.24673263912944107,0.16458921429294304,-0.0022241562711536877,-0.031900919497091396,0.004869497467861361,0.0,0.0,0.0,0.31451612903225806,0.05891238670694864,-2.219548872180516,-11.83429771908764,2540.5,2664.5,0.015119209149059896,0.03295212250436131
2550.75,2550.75,2550.75,2550.75,0,2021-12-10 00:00:00-05:00,2575.0,2587.225,2604.0625,2771.41,2747.565,2570.065,2591.3104895500624,2636.638723758541,2692.8733188098163,2552.0268882491587,39.05833494562454,40.58420923134875,21.190476190476186,29.738448685817122,-100.0,-126.21464678113404,-45.328234208478534,-50.8703200902591,5.542085881780565,2674.834824216467,2604.0625,2533.290175783533,0.05435531921101513,0.12335206176826784,31.694496417702602,1.2425559705068157,28.75,30.615384615384617,1.4210854715202004e-14,-28.0,100,0,0,0,19.708626247784657,100.0,21.42857142857143,-78.57142857142857,2656.91148764,-2656.91148764,-0.011145570847063357,-0.011208148129290043,0.23004969706524095,0.1732228997823318,-0.017525276841598436,-0.011815980629539924,-0.03160592255125283,0.0,0.0,-0.0,0.08266129032258064,0.015483383685800604,-2.6336466165413692,-12.065066026410584,2540.5,2664.5,0.004018425953151034,0.04459472704106635
2601.75,2601.75,2601.75,2601.75,0,2021-12-13 00:00:00-05:00,2582.0,2587.8,2601.8875,2765.4,2748.495,2572.3425,2592.916568080822,2634.0543738505007,2689.2998553270786,2552.521645580013,45.830690437435926,44.74468183319179,45.476190476190474,35.58351005719428,-55.16483516483517,10.930019485630623,-41.137805769678835,-48.92381722614304,7.786011456464209,2670.0900430244565,2601.8875,2533.684956975543,0.052425435784181025,0.498991973070927,33.073460959295275,1.2712005749705113,51.0,30.615384615384617,1.4210854715202004e-14,-28.0,100,0,0,0,18.888136682479775,92.85714285714286,14.285714285714286,-78.57142857142857,2652.6650281344,-2652.6650281344,0.019994119376653963,0.01979686196255429,0.24175725645011456,0.22006210485580144,0.013635920911658772,0.002214946070878243,-0.016444570456478624,0.0,0.0,0.0,0.4939516129032258,0.09252265861027191,-2.0163533834587057,-12.143841536614662,2540.5,2664.5,0.023541846833861825,0.02411838185836456
2569.0,2569.0,2569.0,2569.0,0,2021-12-14 00:00:00-05:00,2575.45,2585.575,2599.95,2757.635,2748.8725,2574.03125,2589.237096068388,2629.235531343056,2684.582213941703,2552.685609305585,42.559906140168664,42.727350760060496,45.261437908496724,37.30936819172115,-83.95604395604396,-82.03644349477794,-39.99843527466828,-47.13874083584809,7.140305561179808,2669.5633248739105,2599.95,2530.336675126089,0.05354974124418596,0.27770060504896876,33.050356605059896,1.2865066798388438,32.75,30.615384615384617,1.4210854715202004e-14,-28.0,100,0,0,0,18.593384521550327,85.71428571428572,7.142857142857143,-78.57142857142857,2648.588427009024,-2648.588427009024,-0.012587681368309789,-0.012667577408085202,0.24064751417089744,0.21736164844680056,-0.012587681368309789,-0.008586589483839835,-0.014859553254721547,0.0,0.0,-0.0,0.22983870967741934,0.04305135951661632,-2.393609022556461,-12.136122448979604,2540.5,2664.5,0.011093810821331257,0.03717399766446088
2540.0,2540.0,2540.0,2540.0,0,2021-12-15 00:00:00-05:00,2568.2,2576.725,2599.925,2749.105,2748.8525,2575.62625,2581.6621582117127,2622.6254919843113,2678.912323198891,2552.55938433737,39.84800727642857,41.00831971037322,45.261437908496724,45.33302209772799,-100.0,-176.27811860940776,-40.96333377259862,-45.90365942319819,4.940325650599576,2669.6240136228403,2599.925,2530.22598637716,0.053616172484083256,0.07011586760559979,32.76104541898419,1.2898049377552832,29.0,30.615384615384617,1.4210854715202004e-14,-28.0,100,0,0,0,18.707081228574243,100.0,0.0,-100.0,2644.674889928663,-2644.674889928663,-0.011288439081354573,-0.01135263709730127,0.2255814482996234,0.22075810069448343,-0.014070839398350299,-0.03366939319003237,-0.00019681165124973976,0.0,0.0,-0.0,0.0,0.0,-4.188721804511279,-12.136698679471802,2540.0,2664.5,0.0,0.04901574803149606
2611.25,2611.25,2611.25,2611.25,0,2021-12-16 00:00:00-05:00,2574.55,2579.325,2600.5625,2742.49,2749.8125,2577.7525,2586.214133871449,2621.7828629484366,2676.2588987597187,2553.1433705628688,48.52622260399067,46.555322517578276,45.261437908496724,45.26143790849674,-19.491525423728813,94.0801757276209,-35.56872907698744,-43.836673353956044,8.267944276968606,2670.4307465430365,2600.5625,2530.6942534569635,0.05373318006626378,0.5764832418788186,35.510256460485316,1.3598949338625301,71.25,30.615384615384617,1.4210854715202004e-14,-28.0,100,0,0,0,17.575663013790628,92.85714285714286,21.42857142857143,-71.42857142857143,2638.394396532943,-2638.394396532943,0.028051181102362266,0.027664952858193335,0.23319600101066404,0.31377893536409357,0.01230858693545267,0.010057054443477487,0.0049066769289976,0.0,0.0,0.0,0.572289156626506,0.10754716981132076,-4.049436090225662,-11.988667466986783,2540.0,2664.5,0.027285782671134514,0.020392532312111057
2653.75,2653.75,2653.75,2653.75,0,2021-12-17 00:00:00-05:00,2595.15,2585.075,2603.1,2735.745,2750.78,2580.0475,2596.6042671219952,2624.1507990263303,2675.376196847573,2554.144431552293,52.89202047647418,49.52776536432844,66.66666666666666,52.39651416122005,-0.0,191.88125894134376,-27.546531904335097,-40.57864506403185,13.032113159696756,2676.723433769445,2603.1,2529.476566230555,0.056565966554834625,0.8439801528315888,36.00952385616493,1.3569297731950987,42.5,30.615384615384617,1.4210854715202004e-14,-28.0,100,0,0,0,16.73795232634672,85.71428571428572,100.0,14.285714285714286,2540.0,2540.0,0.016275730014361,0.01614470014669037,0.23995784232434655,0.298070400128381,0.04038028030971286,0.022147327876745226,0.01949673453707268,0.0,0.0,0.0,0.9136546184738956,0.17169811320754716,-3.251127819548933,-11.58887154861944,2540.0,2664.5,0.04286387187941592,0.004050871408384362
2602.0,2602.0,2602.0,2602.0,0,2021-12-20 00:00:00-05:00,2595.2,2588.6,2600.0625,2727.56,2750.5925,2582.105,2597.4343798724576,2622.509999098454,2672.498698931982,2554.6206063627183,47.598145017204914,46.239740001701826,84.83516483516483,65.58775647010941,-45.494505494505496,32.961714631405805,-25.075619225996434,-37.47803989642477,12.402420670428334,2668.415421481084,2600.0625,2531.709578518916,0.052577906478082116,0.5141727665622615,37.13384358072459,1.427126963133151,51.75,30.615384615384617,1.4210854715202004e-14,-28.0,100,0,0,0,15.880645268623818,78.57142857142857,92.85714285714286,14.285714285714286,2542.275,2542.275,-0.01950070654733871,-0.019693353945015306,0.23590209168772527,0.32896482541392924,9.608917075043522e-05,0.013733320346742017,-0.022814759177542054,0.0,0.0,-0.0,0.4979919678714859,0.09358490566037736,-2.3250000000000375,-11.228859543817507,2540.0,2664.5,0.02382782475019216,0.024019984627209837
2716.75,2716.75,2716.75,2716.75,0,2021-12-21 00:00:00-05:00,2624.75,2600.1,2603.025,2719.665,2751.5175,2584.76375,2615.7906291228487,2629.490739905976,2674.234044071904,2556.233834160104,57.70657003065879,53.436882679772225,84.83516483516483,78.77899877899877,-0.0,271.99922772468307,-13.700110783127457,-32.722454073765306,19.02234329063785,2684.880955800401,2603.025,2521.1690441995993,0.06289294632237555,1.1946653965980754,42.67785475352998,1.5709157910565925,114.75,30.615384615384617,1.4210854715202004e-14,-28.0,100,0,0,0,15.849992616666032,71.42857142857143,100.0,28.571428571428573,2544.5045,2544.5045,0.04410069177555731,0.04315593287051044,0.28507349838975954,0.42298245259241496,0.05751265083690149,0.04420101854520997,0.022295390404515558,0.0,0.0,0.0,1.0,0.26679245283018865,0.24887218045106388,-10.314033613445403,2540.0,2716.75,0.06505935400754578,0.0
2803.75,2803.75,2803.75,2803.75,0,2021-12-22 00:00:00-05:00,2677.5,2622.85,2610.8125,2713.565,2753.085,2587.84625,2644.707455411641,2642.398833246274,2679.3131011671235,2558.696681581396,63.46148564319384,57.921401732463906,84.83516483516483,84.83516483516483,-0.0,265.0914921712883,2.308622165367069,-25.71623882593883,28.0248609913059,2729.603795451305,2610.8125,2492.021204548695,0.09099948422286541,1.3120860171909197,45.84372227113498,1.635085948145697,87.0,30.615384615384617,1.4210854715202004e-14,-28.0,100,0,0,0,16.64270535505731,64.28571428571429,100.0,35.714285714285715,2551.39432,2551.39432,0.03202355755958397,0.031521493891457,0.3044226357662643,0.3859355466565877,0.10383858267716528,0.08830664725861226,0.058817975830815605,0.0,0.0,0.0,1.0,0.39811320754716983,3.826503759398456,-9.163325330132064,2540.0,2803.75,0.09407044137316095,0.0
2808.0,2808.0,2808.0,2808.0,0,2021-12-23 00:00:00-05:00,2716.85,2645.7,2617.9875,2708.95,2755.0875,2590.9075,2669.829385348312,2654.6655863391425,2684.359646219393,2561.1773116154122,63.72118656263385,58.12825096049623,100.0,89.89010989010988,-0.0,178.46256133175106,15.163799009169452,-17.540231258917174,32.704030268086626,2763.2650339651555,2617.9875,2472.709966034845,0.11098413110464068,1.1539638126207945,42.87274210891105,1.5268070551606499,4.25,30.615384615384617,1.4210854715202004e-14,-28.0,100,0,0,0,17.41585711541823,57.142857142857146,100.0,42.85714285714286,2566.5356607999997,2566.5356607999997,0.0015158270173873944,0.001514679311283632,0.3042261446948453,0.39768196877471307,0.07534705600765923,0.08858305873231243,0.05385625820979545,0.0,0.0,0.0,1.0,0.40452830188679245,7.491165413533799,-8.144753901560637,2540.0,2808.0,0.09544159544159544,0.0
2808.0,2808.0,2808.0,2808.0,0,2021-12-27 00:00:00-05:00,2747.7,2671.425,2629.325,2702.5,2757.275,2594.01,2691.086402987033,2666.0236910547615,2689.208287544123,2563.6332587635175,63.72118656263385,58.12825096049623,100.0,94.94505494505493,-0.0,134.54134747593758,25.062711932271668,-9.019642620679406,34.082354552951074,2795.2841139407597,2629.325,2463.36588605924,0.12623704862712662,1.0383102975103233,39.81040338684597,1.4177494083634605,0.0,30.615384615384617,1.4210854715202004e-14,-28.0,100,0,0,0,18.13378375003909,50.0,100.0,50.0,2585.852807936,2585.852807936,0.0,0.0,0.2768367325620107,0.41066505628017963,0.05812529439472436,0.10085269038518074,0.0878450363196126,0.0,0.0,0.0,1.0,0.40452830188679245,9.625563909774463,-6.879327731092433,2540.0,2808.0,0.09544159544159544,0.0
2808.0,2808.0,2808.0,2808.0,0,2021-12-28 00:00:00-05:00,2788.9,2692.05,2639.925,2695.24,2759.2525,2596.8825,2709.0731102197974,2676.5404546803347,2693.866786071804,2566.064768626567,63.72118656263386,58.12825096049622,100.0,99.99999999999999,-0.0,107.12559830280021,32.53265553946267,-0.7091829886509906,33.24183852811366,2822.2868038405986,2639.925,2457.5631961594017,0.13815680660670165,0.9608284094045082,36.9668031449284,1.316481593480356,0.0,30.615384615384617,1.4210854715202004e-14,-28.0,100,0,0,0,18.800429910758456,42.85714285714286,100.0,57.142857142857146,2603.62458330112,2603.62458330112,0.0,0.0,0.27720926054187756,0.33365563644924456,0.07916986933128367,0.0792735658691266,0.08166409861325108,0.0,0.0,0.0,1.0,0.40452830188679245,11.651879699248086,-5.483745498199273,2540.0,2808.0,0.09544159544159544,0.0
2781.25,2781.25,2781.25,2781.25,3,2021-12-29 00:00:00-05:00,2801.8,2713.275,2649.425,2686.815,2761.0525,2599.73125,2720.1772471090594,2684.2967172966064,2697.2935787748706,2568.205915207397,60.349220658638615,56.1182354855837,66.66666666666667,88.88888888888887,-9.981343283582088,73.42017158401335,35.880529812453005,6.608759571569809,29.271770240883196,2840.253529051597,2649.425,2458.5964709484033,0.1440527880967356,0.8454017086836018,36.23703149171923,1.302904503073051,26.75,30.615384615384617,1.4210854715202004e-14,-31.0,100,0,0,0,18.93797750606808,35.714285714285715,92.85714285714286,57.142857142857146,2619.97461663703,2619.97461663703,-0.009526353276353317,-0.009572019231151436,0.28070819523444346,0.25140332393344395,0.023741603018312407,0.0826196963799144,0.0733236854799808,0.15,20.0,-0.02857905982905995,0.9001865671641791,0.40325950689511075,12.902255639097731,-4.039099639855942,2540.0,2808.0,0.08674157303370786,0.009617977528089888
2782.5,2782.5,2782.5,2782.5,0,2021-12-30 00:00:00-05:00,2797.55,2737.525,2657.125,2679.7,2763.17,2602.39625,2729.765362938435,2691.571034533895,2700.635007058209,2570.33819465807,60.45453001820326,56.19256059208043,34.89096573208723,67.18587746625128,-9.514925373134329,63.69511384912721,38.1943284045401,12.925873338163868,25.268455066376234,2856.204349757825,2657.125,2458.045650242175,0.14984567888814052,0.8148870039823704,33.737957813739285,1.2125052224165063,1.25,30.615384615384617,1.4210854715202004e-14,-31.0,100,0,0,0,19.0807292317871,28.571428571428573,85.71428571428572,57.142857142857146,2635.0166473060676,2635.0166473060676,0.0004494382022472987,0.00044933723514966017,0.27801770293690004,0.07179469838088395,-0.007579135086937083,0.09547244094488194,0.05858854860186424,0.15,0.0,-0.02857905982905995,0.9048507462686567,0.42637362637362636,14.472932330826996,-2.708403361344539,2540.0,2808.0,0.08715184186882301,0.009164420485175202
2752.5,2752.5,2752.5,2752.5,0,2021-12-31 00:00:00-05:00,2786.45,2751.65,2665.4875,2672.575,2764.7275,2604.99625,2733.262999409445,2696.0842912350877,2702.6689283500436,2572.150749935104,56.57118108857401,53.892291476618084,1.5576323987538956,34.37175493250259,-20.708955223880597,36.34703196347032,37.178708174357325,17.77644030540256,19.402267868954766,2865.8345410936904,2665.4875,2465.14045890631,0.15032675343155066,0.7171544424240069,33.47096082704362,1.216020375187779,30.0,30.615384615384617,1.4210854715202004e-14,-31.0,100,0,0,0,18.658739272485427,21.42857142857143,78.57142857142857,57.142857142857146,2648.8553155215823,2648.8553155215823,-0.010781671159029615,-0.010840214552864833,0.2734460379584104,0.08991375942712804,-0.019764957264957306,0.05409286740067021,0.06469393675659996,0.15,0.0,-0.02857905982905995,0.792910447761194,0.5372945638432364,14.700563909774385,-1.486374549819901,2540.0,2808.0,0.07720254314259764,0.020163487738419618
2752.5,2752.5,2752.5,2752.5,0,2022-01-03 00:00:00-05:00,2775.35,2761.525,2673.3,2668.915,2766.175,2607.4775,2736.222537961838,2700.2632326250814,2704.6230880225908,2573.9452698362475,56.571181088573994,53.892291476618084,1.5576323987538956,12.668743509864996,-20.708955223880597,30.75050056848468,35.95930533675664,21.413013311673375,14.546292025083268,2874.4225124146897,2673.3,2472.1774875853107,0.15046759616555527,0.6968949150672386,31.08017791082622,1.1291617769600806,0.0,30.615384615384617,1.4210854715202004e-14,-31.0,100,0,0,0,18.266891453133876,14.285714285714286,71.42857142857143,57.142857142857146,2661.5868902798557,2661.5868902798557,0.0,0.0,0.27366153968157797,0.08991375942712804,-0.019764957264957306,0.037211493170042464,0.06018295618680791,0.15,0.0,-0.02857905982905995,0.792910447761194,0.5774456521739131,14.850375939849545,-0.6544177671068534,2540.0,2808.0,0.07720254314259764,0.020163487738419618
2802.75,2802.75,2802.75,2802.75,0,2022-01-04 00:00:00-05:00,2774.3,2781.6,2685.1,2666.815,2768.2675,2610.07375,2746.4575321215552,2707.8548450232233,2708.4712022177832,2576.221933817976,61.38922015542845,57.13283596558439,33.333333333333336,12.149532710280363,-1.958955223880597,64.19234676600064,38.6026870983319,24.850948069005078,13.75173902932682,2887.5208116770664,2685.1,2482.6791883229334,0.15077338771521842,0.7906074702133244,32.449450917195776,1.1577718639620294,50.25,30.615384615384617,1.4210854715202004e-14,-31.0,100,0,0,0,18.59070204761665,7.142857142857143,64.28571428571429,57.142857142857146,2673.2999390574673,2673.2999390574673,0.018256130790190728,0.01809148843686793,0.2731451836353183,0.18444008812984394,-0.001869658119658113,0.07715219062259804,0.09194506671861302,0.15,0.0,-0.02857905982905995,0.980410447761194,0.7139945652173914,15.017293233082594,0.24539015606243497,2540.0,2808.0,0.09374721255909375,0.0018731602890018732
2876.0,2876.0,2876.0,2876.0,0,2022-01-05 00:00:00-05:00,2793.25,2797.525,2698.8125,2666.175,2770.8475,2613.25375,2766.387142564393,2720.31004168817,2715.0409589935566,2579.2048001481458,67.1162549020222,61.296325780650854,66.66666666666667,33.852544132917956,-0.0,130.19171507267714,46.077100876223085,29.09617863044868,16.980922245774405,2913.5709035026334,2698.8125,2484.0540964973666,0.15915029554860402,0.9125275125679244,35.363775851681794,1.2296166846899093,73.25,30.615384615384617,1.4210854715202004e-14,-31.0,100,0,0,0,19.70891516006926,0.0,100.0,100.0,2684.07594393287,2684.07594393287,0.026135045937026202,0.025799361807234404,0.28211765674029976,0.23821959451408414,0.034067415730337114,0.05861783380877883,0.10540982031325075,0.15,0.0,-0.02857905982905995,1.0,1.0,16.428383458646568,1.3282472989195757,2540.0,2876.0,0.1168289290681502,0.0
2890.0,2890.0,2890.0,2890.0,0,2022-01-06 00:00:00-05:00,2814.75,2806.15,2714.5,2666.645,2773.585,2616.46125,2785.404505246794,2732.879668229787,2721.9020978565545,2582.2972896989104,68.0904523386151,62.03629064612627,100.0,66.66666666666666,-0.0,137.5516693163752,52.52483701700703,33.78191030776035,18.74292670924668,2936.857819741065,2714.5,2492.142180258935,0.1638296700984087,0.8946341986181755,33.83779186227595,1.170857849905742,14.0,30.615384615384617,1.4210854715202004e-14,-31.0,100,0,0,0,20.88633552968364,14.285714285714286,100.0,85.71428571428572,2703.268349539583,2703.268349539583,0.004867872044506338,0.004856062265540617,0.2765421263085835,0.23278841759225913,0.038634321653189474,0.03076237182345065,0.12178554099951477,0.15,0.0,-0.02857905982905995,1.0,1.0,17.224436090225463,2.345486194477776,2540.0,2890.0,0.12110726643598616,0.0
2884.5,2884.5,2884.5,2884.5,0,2022-01-07 00:00:00-05:00,2841.15,2813.8,2729.75,2670.005,2776.2925,2619.6475,2800.6499659780566,2744.1108039164696,2728.2784861759055,2585.30428184121,67.24758018121678,61.55087132112757,98.66666666666667,88.44444444444444,-1.9097222222222223,123.03115389758007,56.53916206158692,38.33336065852566,18.20580140306126,2954.800549877133,2729.75,2504.699450122867,0.16488729728153356,0.8438116460601544,31.81366387211338,1.102917797611835,5.5,30.615384615384617,1.4210854715202004e-14,-31.0,100,0,0,0,21.859287943946498,7.142857142857143,92.85714285714286,85.71428571428572,2725.6761475948333,2725.6761475948333,-0.0019031141868511847,-0.001904927409533705,0.2774734956560914,0.19363126615718945,0.04795640326975481,0.027243589743589647,0.11823996898623768,0.15,0.0,-0.02857905982905995,0.9842857142857143,0.9842857142857143,17.521428571428537,2.980180072028806,2540.0,2890.0,0.11943144392442365,0.001906742936384122
2898.75,2898.75,2898.75,2898.75,0,2022-01-10 00:00:00-05:00,2870.4,2822.875,2747.15,2672.09,2779.555,2622.6625,2815.7422789045095,2755.5655591819163,2734.963643580772,2588.4231447084617,68.34105499765879,62.35227521623744,98.66666666666667,99.1111111111111,-0.0,134.33841787868,60.176719722593134,42.70203247133916,17.474687251253975,2967.922982948542,2747.15,2526.377017051458,0.16072874284152083,0.8433391123662423,30.559116452676708,1.0542170401958328,14.25,30.615384615384617,1.4210854715202004e-14,-31.0,100,0,0,0,22.918856507737278,0.0,100.0,100.0,2745.3950098834534,2745.3950098834534,0.0049401976079042065,0.0049280348727971865,0.27026635767598195,0.18118395533544893,0.053133514986376085,0.032318376068376065,0.1364304616289327,0.15,0.0,-0.02857905982905995,1.0,1.0,17.10939849624059,3.823289315726297,2540.0,2898.75,0.12376024148339802,0.0
2951.0,2951.0,2951.0,2951.0,0,2022-01-11 00:00:00-05:00,2900.05,2837.175,2764.6125,2675.94,2783.4375,2626.02875,2836.5511590730466,2770.0421844277002,2743.435657557997,2592.03087461186,72.0285878604273,65.14894747578795,98.66666666666667,98.66666666666667,-0.0,159.828206152617,66.50897464534637,47.4634209061406,19.045553739205772,2991.7769489681364,2764.6125,2537.448051031864,0.16433727979464477,0.910247952191991,32.108465277485514,1.0880537200096752,52.25,30.615384615384617,1.4210854715202004e-14,-31.0,100,0,0,0,24.429236407990974,0.0,100.0,100.0,2766.86470849977,2766.86470849977,0.018025010780508888,0.017864486373198048,0.26905498854649723,0.18056373739973713,0.05289447863705288,0.05092592592592582,0.13423657153838753,0.15,0.0,-0.02857905982905995,1.0,1.0,17.725751879699203,4.691164465786312,2540.0,2951.0,0.13927482209420536,0.0
2973.75,2973.75,2973.75,2973.75,0,2022-01-12 00:00:00-05:00,2919.6,2856.425,2784.85,2679.89,2787.51,2629.71125,2857.6586730618087,2785.1316522478705,2752.4675925557226,2595.829074864478,73.47715730473078,66.29366613781114,100.0,99.1111111111111,-0.0,144.44259843827862,72.52702081393818,52.47614088770011,20.050879926238068,3010.815284944397,2784.85,2558.884715055603,0.1622818356065116,0.9179845591027015,31.440003471950835,1.0572510625288216,22.75,30.615384615384617,1.4210854715202004e-14,-31.0,100,0,0,0,26.038569032935516,50.0,100.0,50.0,2796.3263551398068,2796.3263551398068,0.007709251101321479,0.0076796866742279155,0.2594802321550185,0.11494989498152472,0.03398817802503484,0.06921348314606734,0.15755157648890616,0.15,0.0,-0.02857905982905995,1.0,1.0,17.624812030075137,5.6375510204081625,2540.0,2973.75,0.1458596048759983,0.0
2944.0,2944.0,2944.0,2944.0,0,2022-01-13 00:00:00-05:00,2930.4,2872.575,2805.05,2683.675,2790.75,2633.35625,2870.9419541292227,2796.8996780072875,2759.978667357459,2599.293462179259,68.48261693335985,63.43283733061201,88.8888888888889,95.85185185185185,-13.44632768361582,93.89217266702471,74.04227612193517,56.78936793454712,17.25290818738805,3011.2139881259486,2805.05,2598.8860118740517,0.1469948757604666,0.8369890184582415,31.31928893824006,1.0638345427391325,29.75,30.615384615384617,1.4210854715202004e-14,-31.0,100,0,0,0,26.819659455506574,42.85714285714286,92.85714285714286,50.0,2828.2626112146418,2828.2626112146418,-0.010004203446826399,-0.010054581768400576,0.25828633644815735,0.16687194894576451,0.0186851211072665,0.05804132973944287,0.1590551181102362,0.15,0.0,-0.02857905982905995,0.9199731002017485,0.9314121037463977,16.03233082706762,6.442316926770699,2602.0,2973.75,0.11616847826086957,0.010105298913043478
2962.75,2962.75,2962.75,2962.75,0,2022-01-14 00:00:00-05:00,2946.05,2893.6,2822.625,2688.68,2793.9025,2636.9975,2885.0662688785733,2809.184887043785,2767.9304843238333,2602.9099451426496,69.87258259656127,64.44811780203472,84.0,90.96296296296295,-4.971751412429379,96.6416003504418,75.8813818347885,60.6077707145954,15.273611120193102,3019.4249936483757,2822.625,2625.8250063516243,0.13944466136902753,0.8560086497013882,30.421482585508624,1.026798838427428,18.75,30.615384615384617,1.4210854715202004e-14,-31.0,100,0,0,0,27.743432505646073,35.714285714285715,85.71428571428572,50.0,2854.4503411960063,2854.4503411960063,0.006368885869565188,0.0063486902197911164,0.24664459466217592,0.15937145610275535,0.027127751776737652,0.07638510445049951,0.134609861177597,0.15,0.0,-0.02857905982905995,0.9704102219233356,0.9746397694524496,15.225187969924754,7.169555822328951,2602.0,2973.75,0.12176187663488314,0.0037127668551177116
3001.0,3001.0,3001.0,3001.0,0,2022-01-18 00:00:00-05:00,2966.5,2918.45,2839.9875,2696.375,2797.4275,2640.83,2902.902227512639,2823.39341392943,2777.0704653307416,2606.871040215857,72.53372735323386,66.44378103055392,84.0,85.62962962962962,-0.0,116.29925810598834,79.50881358320885,64.38797928831809,15.120834294890756,3035.3952451765845,2839.9875,2644.579754823416,0.1376116938377963,0.911991090359539,30.980662400829434,1.032344631817042,38.25,30.615384615384617,1.4210854715202004e-14,-31.0,100,0,0,0,28.981226329380338,28.571428571428573,100.0,71.42857142857143,2875.924279780725,2875.924279780725,0.012910302928022865,0.012827675371809028,0.24515073429645645,0.16772354816915525,0.035273824924536346,0.09028156221616701,0.1308525671219971,0.15,0.0,-0.02857905982905995,1.0,1.0,15.106954887217984,7.727046818727475,2602.0,3001.0,0.13295568143952016,0.0
3038.25,3038.25,3038.25,3038.25,0,2022-01-19 00:00:00-05:00,2983.95,2942.0,2861.8,2705.225,2801.255,2644.6525,2923.7249617414636,2839.3087166013242,2787.312800023654,2611.1633681739086,74.86240728818703,68.26533765229206,95.1111111111111,87.70370370370368,-0.0,131.2434183880113,84.41624514013938,68.39363245868235,16.022612681457034,3042.9492202577626,2861.8,2680.650779742238,0.12659809927860954,0.987029421790842,31.42847222934162,1.0344267992871428,37.25,30.615384615384617,1.4210854715202004e-14,-31.0,100,0,0,0,30.463153686872836,21.42857142857143,100.0,78.57142857142857,2900.93942382458,2900.93942382458,0.012412529156947683,0.012336125310542513,0.2260698616855621,0.14806588903656842,0.029566248729244293,0.08402461867808397,0.16765949269792468,0.15,0.0,-0.02857905982905995,1.0,1.0,14.181578947368386,8.285030012004787,2716.75,3038.25,0.10581749362297375,0.0
3102.25,3102.25,3102.25,3102.25,0,2022-01-20 00:00:00-05:00,3009.65,2964.625,2881.075,2715.175,2805.4775,2648.8325,2951.190352242777,2858.78584870493,2799.663278454099,2616.049802321432,78.27108876317705,71.09589630475196,100.0,93.03703703703701,-0.0,155.4062126642771,92.40450353784718,73.19580667451531,19.208696863331866,3077.758190690012,2881.075,2684.391809309988,0.1365345856598749,1.062262080516553,33.75500992724579,1.0880815513658084,64.0,30.615384615384617,1.4210854715202004e-14,-31.0,100,0,0,0,32.326036378286716,14.285714285714286,100.0,85.71428571428572,2928.401539059664,2928.401539059664,0.021064757673002532,0.020845962903819334,0.18883270942051691,0.18437102303147027,0.0432114333753677,0.07866828929068159,0.1418974878071224,0.15,0.0,-0.02857905982905995,1.0,1.0,15.326315789473648,8.973145258103226,2752.5,3102.25,0.11274075267950681,0.0
3026.0,3026.0,3026.0,3026.0,0,2022-01-21 00:00:00-05:00,3026.05,2978.225,2892.1875,2724.485,2809.0075,2652.51,2962.6995288208113,2871.172082134194,2808.539228318644,2620.1289087659948,66.67138792917154,63.95929969116707,81.78016726403824,92.29709279171642,-21.801286633309505,82.17844835615158,91.52744668661717,76.86213467693568,14.665312009681486,3095.153376134392,2892.1875,2689.221623865608,0.14035457668936896,0.8296428506814544,36.790366361013945,1.2158085380374735,76.25,30.615384615384617,1.4210854715202004e-14,-31.0,100,0,0,0,32.39907321585877,7.142857142857143,92.85714285714286,85.71428571428572,2963.171231247731,2963.171231247731,-0.024578934644209793,-0.024886039306427698,0.19503538040591012,0.28066502411651534,0.02785326086956519,0.04705882352941182,0.07926883637984838,0.15,0.0,-0.02857905982905995,0.781987133666905,0.8643841707425522,16.175751879699202,9.325702280912363,2752.5,3102.25,0.09038334434897555,0.025198281559814937
3015.5,3015.5,3015.5,3015.5,0,2022-01-24 00:00:00-05:00,3036.6,2991.325,2902.5625,2733.455,2811.7,2656.25375,2970.8226782329943,2881.863039013143,2816.6553370120305,2624.062949474791,65.23762389272531,63.04427872280939,53.22049648214523,78.33355458206114,-28.964941569282136,64.98567335243554,88.9596392198514,79.28163558551883,9.678003634332569,3108.4466224451307,2902.5625,2696.6783775548693,0.1418636962650284,0.7742744283986699,34.91248304951295,1.1577676355335087,10.5,30.615384615384617,1.4210854715202004e-14,-31.0,100,0,0,0,32.26210091701439,0.0,85.71428571428572,85.71428571428572,2990.986984998185,2990.986984998185,-0.0034699272967614325,-0.0034759614572597904,0.19663774700603848,0.2876500088342103,0.017804404691587283,0.045415149939330934,0.07389601139601143,0.15,0.0,-0.02857905982905995,0.7519656897784132,0.8457092040907069,16.608082706766833,9.624765906362558,2752.5,3102.25,0.08721605040623445,0.0287680318355165
3077.75,3077.75,3077.75,3077.75,0,2022-01-25 00:00:00-05:00,3051.95,3009.225,2916.05,2742.33,2815.3025,2660.2925,2987.2730354279183,2896.3731842714287,2826.8943434037155,2628.577248484992,69.43431546775301,66.06630255896482,43.8064715061606,59.602378417448,-10.828729281767956,116.39518515326469,90.8998511564896,81.60527869971298,9.29457245677662,3130.5502097900985,2916.05,2701.549790209902,0.14711696287107445,0.8769227082766801,36.8651628316906,1.1977958843860157,62.25,30.615384615384617,1.4210854715202004e-14,-31.0,100,0,0,0,32.73428298363841,0.0,78.57142857142857,78.57142857142857,3013.239587998548,3013.239587998548,0.020643342729232295,0.020433156636682888,0.20503797111887412,0.3078344503660475,0.025574808397200943,0.061750754635618854,0.09606481481481488,0.15,0.0,-0.02857905982905995,0.9299499642601858,0.9564250778123611,17.61766917293233,10.191308523409395,2752.5,3102.25,0.10567784907806027,0.007960360653074487
3078.0,3078.0,3078.0,3078.0,0,2022-01-26 00:00:00-05:00,3059.9,3021.925,2929.55,2750.985,2818.85,2664.16,3001.2310299774695,2909.827022473545,2836.7416240545504,2633.049116659271,69.45026655757074,66.07799991221553,52.70834074548452,49.9117695779301,-11.13662456946039,99.80015987210247,91.40400750392428,83.56502446055524,7.838983043369041,3149.076627086551,2929.55,2710.0233729134493,0.14987054468198246,0.838113881605514,34.249794057998415,1.112728851786823,0.25,30.615384615384617,1.4210854715202004e-14,-31.0,100,0,0,0,33.175015945195426,0.0,71.42857142857143,71.42857142857143,3015.5,3015.5,8.122816992939264e-05,8.122487110023496e-05,0.20501360342133873,0.30206257757399535,0.013083189335966416,0.043036258895289725,0.09615384615384626,0.15,0.0,-0.02857905982905995,0.9306647605432452,0.9568697198755002,18.225187969924747,10.743373349339704,2752.5,3102.25,0.10575048732943469,0.007878492527615334
3090.25,3090.25,3090.25,3090.25,0,2022-01-27 00:00:00-05:00,3057.5,3033.575,2945.0,2760.635,2822.215,2667.92875,3014.926256134782,2923.1916874755048,2846.6831289935876,2637.5983791800745,70.26900730968055,66.66913720338798,81.26801152737751,59.26094125967419,-5.510907003444316,100.11285523750898,91.7345686592771,85.19893330029961,6.535635358977487,3164.0968963723653,2945.0,2725.9031036276347,0.14879245933607155,0.8314743440115666,32.678380196712816,1.0574672015763389,12.25,30.615384615384617,1.4210854715202004e-14,-31.0,100,0,0,0,33.70120368999471,7.142857142857143,64.28571428571429,57.142857142857146,3032.85,3032.85,0.003979857050032454,0.003971958369107949,0.19808920822501822,0.257920554848773,-0.003868160206301874,0.039176124422026115,0.11110112359550572,0.0,0.0,0.0,0.9656897784131523,0.9786571809693198,18.179323308270593,11.190864345738317,2752.5,3102.25,0.10929536445271418,0.003883180972413235
3128.25,3128.25,3128.25,3128.25,0,2022-01-28 00:00:00-05:00,3077.95,3052.0,2962.2875,2772.39,2825.62,2671.83375,3032.360678267892,2938.3811921069487,2857.7249670722704,2642.4804848598747,72.71210694031062,68.45938781853286,90.68203650336216,74.88612959207471,-0.0,126.61628883291361,93.97948616094345,86.95504387242838,7.0244422885150755,3181.930123083501,2962.2875,2742.644876916499,0.14829257665469736,0.8778012156067418,33.05849589694761,1.0567728249643606,38.0,30.615384615384617,1.4210854715202004e-14,-31.0,100,0,0,0,34.53874590706207,0.0,100.0,100.0,3046.73,3046.73,0.012296739745975227,0.012221748977231781,0.19866079195862515,0.15480185828515555,0.03379048248512895,0.06258491847826098,0.12425876010781667,0.0,0.0,0.0,1.0,1.0,18.231390977443503,11.51673469387755,2752.5,3128.25,0.12011508031647088,0.0
3078.25,3078.25,3078.25,3078.25,0,2022-01-31 00:00:00-05:00,3090.5,3063.55,2978.575,2781.985,2828.2175,2675.5875,3039.4205739189856,2948.741844543471,2866.37300757924,2646.816499935896,65.12852941181804,63.73018274981403,66.996699669967,79.64891590023554,-27.137042062415198,58.275382475660905,90.67872937551465,87.69978097304563,2.9789484024690154,3181.2300085736892,2978.575,2775.9199914263104,0.13607514235746251,0.7459228634454311,34.26860333287993,1.1132495194633292,50.0,30.615384615384617,1.4210854715202004e-14,-31.0,100,0,0,0,34.2332253220549,0.0,92.85714285714286,92.85714285714286,3063.034,3063.034,-0.015983377287620892,-0.016112489072183482,0.20522033719940994,0.21886135612547533,0.02080915271099326,0.03898405197873589,0.118346957311535,0.0,0.0,-0.0,0.8669328010645376,0.9150021249468764,16.57556390977436,11.81055222088835,2752.5,3128.25,0.10582311378218144,0.016242995208316412
3077.5,3077.5,3077.5,3077.5,0,2022-02-01 00:00:00-05:00,3090.45,3071.2,2994.825,2791.475,2830.35,2679.27125,3045.2789471622186,2958.279485688399,2874.652497478093,2651.101907896733,65.01898668662285,63.66091858622595,33.66336633663367,63.78070083665426,-27.544097693351425,48.832588176850194,86.99946147381979,87.55971707320046,-0.5602555993806675,3173.0048319114767,2994.825,2816.645168088523,0.11899181548937042,0.7319987596606183,31.87441738053136,1.0357243665485414,0.75,30.615384615384617,1.4210854715202004e-14,-31.0,100,0,0,0,33.93388029668892,14.285714285714286,85.71428571428572,71.42857142857143,3076.0772,3076.0772,-0.00024364492812478655,-0.0002436746143723207,0.20531169867569737,0.16316414256514974,-8.122816992928161e-05,0.025491502832389212,0.11807447774750224,0.0,0.0,-0.0,0.8440860215053764,0.9137271568210795,14.41917293233084,12.067551020408178,2802.75,3128.25,0.0892770105605199,0.016490658001624695
3029.0,3029.0,3029.0,3029.0,0,2022-02-02 00:00:00-05:00,3080.65,3070.275,3006.1375,2798.8,2831.16,2682.815,3042.7744937526463,2963.518042304073,2880.7053407142466,2654.862087917661,58.20167836115687,59.285855724560435,0.33003300330033863,33.66336633663366,-53.86702849389417,-26.282311544187408,79.25645144857344,85.89906394827506,-6.642612499701613,3161.3508592027456,3006.1375,2850.924140797254,0.10326431123176887,0.5736486218629425,33.061958996207686,1.091513997893948,48.5,30.615384615384617,1.4210854715202004e-14,-31.0,100,0,0,0,32.68210252679025,7.142857142857143,78.57142857142857,71.42857142857143,3128.25,-3128.25,-0.015759545085296534,-0.0158850470313713,0.2130262877887211,0.19788760143170547,-0.015919428200129926,-0.0030445157574261472,0.08072428864508074,0.0,0.0,-0.0,0.6065411298315163,0.8312792180195495,11.874624060150298,12.311188475390141,2876.0,3128.25,0.050511720039617035,0.032766589633542426
3080.0,3080.0,3080.0,3080.0,0,2022-02-03 00:00:00-05:00,3078.6,3068.05,3016.3375,2807.25,2832.665,2686.32875,3048.5014947137774,2972.146335466734,2888.520817548982,2659.0923158985797,62.63793563630471,62.15736671161378,17.12846347607054,17.04062093866817,-29.154078549848943,42.35819683227271,76.3551592470435,83.99028300802874,-7.635123760985238,3162.5531177533744,3016.3375,2870.121882246626,0.09694910980841787,0.7177007524168215,34.34324763933571,1.1150405077706398,51.0,30.615384615384617,1.4210854715202004e-14,-31.0,100,0,0,0,32.15337611472908,0.0,71.42857142857143,71.42857142857143,3126.265,-3126.265,0.016837240013205745,0.016697064940382915,0.20249416510092938,0.2429585497091067,-0.0033168837472696833,-0.0071722137158514165,0.0709318497913769,0.0,0.0,0.0,0.8020512820512821,0.9179770505737357,10.87499999999993,12.626794717887146,2884.5,3128.25,0.06347402597402597,0.015665584415584414
3114.25,3114.25,3114.25,3114.25,0,2022-02-04 00:00:00-05:00,3075.8,3076.875,3027.55,2816.575,2835.1425,2690.06,3058.616649373196,2982.6725328395682,2897.3729423509826,2663.6212480786935,65.3013887576414,63.950230761427186,50.46179680940387,22.6400977629249,-11.00196463654224,98.42329808940828,75.94411653362795,82.38104971314858,-6.436933179520636,3167.5545177842246,3027.55,2887.545482215776,0.09248700618270508,0.8096328653251827,34.336587093668875,1.1025636058013606,34.25,30.615384615384617,1.4210854715202004e-14,-31.0,100,0,0,0,32.042849654089075,0.0,64.28571428571429,64.28571428571429,3124.3197,-3124.3197,0.01112012987012978,0.011058755798581822,0.2042588508795997,0.23914644821540865,-0.004475345640533868,0.02916391275611363,0.07759515570934261,0.0,0.0,0.0,0.9425641025641026,0.9762005949851253,10.278947368420969,12.959147659063614,2884.5,3128.25,0.07377378180942443,0.004495464397527495
3167.75,3167.75,3167.75,3167.75,0,2022-02-07 00:00:00-05:00,3093.7,3092.1,3041.7125,2826.64,2837.5375,2694.03625,3075.4063956234736,2996.381974851452,2907.9759642195713,2668.6374545654726,69.01688756038921,66.54949923119365,83.79513014273721,50.46179680940386,-0.0,197.66479623646794,79.02442077202159,81.70972392492318,-2.6853031529015965,3178.2317545943374,3041.7125,2905.1932454056628,0.0897647325934567,0.9616107096926232,35.70540230126396,1.1271534149242823,53.5,30.615384615384617,1.4210854715202004e-14,-31.0,100,0,0,0,32.47093040894748,0.0,100.0,100.0,3029.0,3029.0,0.01717909609055157,0.017033203912815664,0.20835453646465005,0.22180958999341066,0.02907496142288646,0.0504891394461946,0.09819726122378225,0.0,0.0,0.0,1.0,1.0,10.02312030075182,13.4130132052821,2898.75,3167.75,0.08491831741772551,0.0
3240.25,3240.25,3240.25,3240.25,0,2022-02-08 00:00:00-05:00,3126.25,3108.35,3058.7875,2839.82,2840.76,2698.20625,3100.766950142939,3014.446273010604,2921.006318563902,2674.3251415847217,73.20424420084656,69.6619977433726,100.00000000000001,78.08564231738035,-0.0,239.35052531041052,86.32067713233528,82.6319145664056,3.6887625659296788,3204.619790234383,3058.7875,2912.955209765617,0.09535300522470619,1.1221615929790032,38.333587851173675,1.183044143235049,72.5,30.615384615384617,1.4210854715202004e-14,-31.0,100,0,0,0,33.466559325180356,21.42857142857143,100.0,78.57142857142857,3031.775,3031.775,0.022886907110725385,0.022628930624466897,0.21805465209281572,0.24181199633930894,0.05288383428107224,0.05279831045406547,0.11780940060370848,0.0,0.0,0.0,1.0,1.0,10.602067669172865,13.78525810324131,2944.0,3240.25,0.0914281305454826,0.0
3313.0,3313.0,3313.0,3313.0,0,2022-02-09 00:00:00-05:00,3183.05,3131.85,3076.8875,2854.16,2844.695,2702.78125,3133.418188582487,3036.5613638987074,2936.37861979669,2680.6801153002966,76.61898637233074,72.3706967702384,100.00000000000001,94.59837671424573,-0.0,226.3158636831489,96.85682468377945,85.47689658988037,11.379928093899082,3251.695357017382,3076.8875,2902.0796429826178,0.1136264208667896,1.1753486485922722,40.79190300466127,1.231267823865417,72.75,30.615384615384617,1.4210854715202004e-14,-31.0,100,0,0,0,34.87884729244601,14.285714285714286,100.0,85.71428571428572,3040.114,3040.114,0.022451971298510953,0.02220363599641145,0.22191255568307047,0.07655037064057131,0.09376031693628262,0.07634827810266409,0.12267028126058954,0.0,0.0,0.0,1.0,1.0,12.53176691729315,14.301512605042022,2944.0,3313.0,0.11137941442801087,0.0
3319.0,3319.0,3319.0,3319.0,0,2022-02-10 00:00:00-05:00,3230.85,3154.725,3094.15,2868.715,2848.92,2707.39125,3161.9692364928737,3057.482744350655,2951.383379804663,2687.0315569390996,76.88066614830532,72.58268233483624,100.00000000000001,100.0,-0.0,169.29010238907875,104.4864921422186,89.27881570034802,15.207676441870575,3291.538031552059,3094.15,2896.7619684479414,0.1275878878218953,1.0695634082573504,38.306767075756895,1.1541659257534467,6.0,30.615384615384617,1.4210854715202004e-14,-31.0,100,0,0,0,36.22763733583751,7.142857142857143,100.0,92.85714285714286,3056.48716,3056.48716,0.0018110473890733392,0.0018094094200787419,0.22226040656570592,0.1400751398269056,0.07759740259740266,0.07402313728662735,0.11609920134510299,0.0,0.0,0.0,1.0,1.0,14.362030075187876,14.7513925570228,2944.0,3319.0,0.1129858391081651,0.0
3282.25,3282.25,3282.25,3282.25,0,2022-02-11 00:00:00-05:00,3264.45,3170.125,3111.0625,2881.79,2852.9075,2711.7075,3180.473969340124,3074.132170695051,2964.3585413809506,2692.954128511845,71.59522026822872,69.16959815272163,91.90082644628102,97.30027548209368,-12.672413793103448,107.63052208835343,106.34179864507269,92.69141228929296,13.65038635577973,3312.023247100017,3111.0625,2910.101752899983,0.12919107031762764,0.9259227298622671,38.19556942748854,1.163700797547065,36.75,30.615384615384617,1.4210854715202004e-14,-31.0,100,0,0,0,36.72506654180239,0.0,92.85714285714286,92.85714285714286,3077.4881872,3077.4881872,-0.011072612232600143,-0.011134369905754836,0.22328527798134476,0.23567850546054264,0.053945572770329964,0.04922880204587221,0.11489470108695654,0.0,0.0,-0.0,0.8968421052631579,0.9528241335044929,14.67838345864656,15.136134453781521,2962.75,3319.0,0.097341762510473,0.011196587706603702
3272.0,3272.0,3272.0,3272.0,0,2022-02-14 00:00:00-05:00,3285.3,3189.5,3126.525,2895.525,2855.8675,2716.0025,3194.554897133951,3088.789046939862,2976.4229123071877,2698.7157789744138,70.1467053387527,68.22999354562924,72.00664655210112,87.96915766612739,-16.20689655172414,82.5020112630732,105.76585019408867,95.3062998702521,10.459550323836567,3327.0486208031275,3126.525,2926.0013791968727,0.1282725203240834,0.8627378146707868,36.199457325525074,1.106340382809446,10.25,30.615384615384617,1.4210854715202004e-14,-31.0,100,0,0,0,36.98004548724004,42.85714285714286,85.71428571428572,42.85714285714286,3096.809132224,3096.809132224,-0.0031228577957194137,-0.003127744091582078,0.22535417453705753,0.24417051851461977,0.032909794017836,0.06294160643222613,0.10437937726774105,0.0,0.0,-0.0,0.8522012578616353,0.9396662387676509,14.635714285714215,15.328055222088844,3001.0,3319.0,0.0828239608801956,0.014364303178484108
3240.0,3272.5,3240.0,3272.5,5,2022-02-15 00:00:00-05:00,3291.75,3209.0,3140.1,2909.05,2858.7175,2720.3,3206.5464514210353,3102.3972656850574,2988.0337784912194,2704.4250747060114,70.1784010640078,68.25208277486864,52.38639338754415,72.09795546197545,-16.03448275862069,63.34286907366224,104.14918573597788,97.07487704339727,7.074308692580615,3341.552314456806,3140.1,2938.647685543194,0.12830948979765364,0.8286137475188659,35.93521037370186,1.0980965736807289,32.5,35.61538461538461,1.5909090909091077,-26.0,0,0,0,0,36.57861027867316,35.714285714285715,78.57142857142857,42.85714285714286,3114.58440164608,3114.58440164608,0.00015281173594128283,0.00015280006141728318,0.22401499253953314,0.19745394290706506,0.009952935730267676,0.06336311941510964,0.0904698433855382,0.25,20.0,0.0007640586797064142,0.8467874794069192,0.9403080872913993,14.739097744360835,15.482136854741915,3015.5,3319.0,0.07853323147440794,0.014209320091673033
3320.0,3320.0,3320.0,3320.0,0,2022-02-16 00:00:00-05:00,3293.15,3238.1,3154.1875,2924.115,2862.3375,2724.72,3224.0008435101067,3118.5159867454236,3001.052061687642,2710.5501983407776,73.10029369450403,70.31114562494892,60.48556694126316,61.62620229363616,-0.0,89.85289827895153,105.48485676468317,98.75687298765445,6.727983777028726,3364.3953064083216,3154.1875,2943.9796935916784,0.13328808538384077,0.89440138507015,36.76126677558029,1.1072670715536232,47.5,35.61538461538461,2.0971074380165433,-26.0,100,0,0,0,36.65886869997627,28.571428571428573,100.0,71.42857142857143,3130.937649514394,3130.937649514394,0.014514896867838134,0.01441056412647932,0.22512959951367756,0.14749155926951202,0.0021128886205856734,0.09607131066358532,0.09273430428700724,0.25,0.0,0.0007640586797064142,1.0,1.0,15.700939849624001,15.610792316926752,3015.5,3320.0,0.09171686746987952,0.0
3315.75,3315.75,3315.75,3315.75,0,2022-02-17 00:00:00-05:00,3292.5,3261.675,3164.8625,2938.395,2866.2625,2729.015,3238.1160983547056,3133.12591365317,3013.3931573077343,2716.572086914501,72.41661577032632,69.88532667678021,78.60891350210971,63.82695794363902,-1.4604810996563573,75.57924192022122,104.99018470153578,100.00353533043071,4.986649371105074,3384.89087743118,3164.8625,2944.8341225688205,0.13904450978908542,0.8428819086010719,34.43903343446741,1.0386498811571263,4.25,35.61538461538461,2.113542449286264,-26.0,100,0,0,0,36.64659612879489,21.42857142857143,92.85714285714286,71.42857142857143,3149.8438845629544,3149.8438845629544,-0.0012801204819277157,-0.0012809405360719535,0.21720828374461984,0.14733577482659213,-0.0009792106056041305,0.07654220779220777,0.06882101700378751,0.25,0.0,0.0007640586797064142,0.9860426929392446,0.9945512820512821,17.18890977443605,15.74282112845136,3015.5,3320.0,0.09055266530950765,0.0012817612908090175
3304.5,3304.5,3304.5,3304.5,0,2022-02-18 00:00:00-05:00,3296.95,3280.7,3178.7875,2952.96,2869.565,2733.01375,3248.3290063001355,3145.820290419602,3024.809111923117,2722.4221159004264,70.53603599915195,68.72844165855557,91.77083333333333,76.9551045922354,-5.326460481099656,60.96769274339385,102.5087158805336,100.50457144045129,2.004144440082314,3397.145078011405,3178.7875,2960.4299219885947,0.13738419319404344,0.7878592562366531,32.78267390343402,0.9920615495062497,11.25,35.61538461538461,1.9281256403251277,-26.0,100,0,0,0,36.39596796116018,14.285714285714286,85.71428571428572,71.42857142857143,3166.8594961066588,3166.8594961066588,-0.0033928975344944545,-0.0033986664639547685,0.19261004780703203,0.11883738343152599,0.006778886434610332,0.06109015011640051,0.09203569068076667,0.25,0.0,0.0007640586797064142,0.9490968801313628,0.9801282051282051,16.991165413533754,15.717358943577443,3015.5,3320.0,0.08745649871387502,0.004690573460432743
3342.0,3342.0,3342.0,3342.0,0,2022-02-22 00:00:00-05:00,3310.95,3298.125,3195.1125,2968.21,2873.3325,2736.9475,3262.739928407807,3160.3521207588906,3037.2479702790733,2728.587069971069,73.04850030157819,70.4410618892095,91.77083333333333,87.38352672292547,-0.0,83.51313680395853,102.38780764891635,100.8812186821443,1.506588966772057,3411.003935390563,3195.1125,2979.2210646094372,0.13513855013904075,0.8401883445127638,33.11962576747445,0.9910121414564469,37.5,35.61538461538461,1.676989160266018,-26.0,100,0,0,0,36.54988290515046,7.142857142857143,100.0,92.85714285714286,3182.173546495993,3182.173546495993,0.01134816159782126,0.011284254244831622,0.19167633515622715,0.12836121279330906,0.021393643031784926,0.05500749743508804,0.10827391808986908,0.25,0.0,0.0007640586797064142,1.0,1.0,16.74454887218039,15.71815126050418,3029.0,3342.0,0.09365649311789348,0.0
3345.75,3345.75,3345.75,3345.75,0,2022-02-23 00:00:00-05:00,3325.6,3308.675,3208.5125,2984.11,2877.76,2740.93125,3275.5107086527596,3174.085296998973,3049.3460890916585,2734.727994647974,73.29374878922354,70.61006684644285,93.54166666666667,92.36111111111113,-0.0,86.15346604546102,101.4254116537868,100.9900572764728,0.43535437731399895,3426.85720883218,3208.5125,2990.16779116782,0.13610338674521605,0.8142679773052827,31.02179535551199,0.9272000405144434,3.75,35.61538461538461,1.4217979493085622,-26.0,100,0,0,0,36.730740530486706,0.0,100.0,100.0,3201.3527209164736,3201.3527209164736,0.001122082585278239,0.0011214535211447772,0.18318309926207288,0.12657527855672804,0.02238349885408719,0.032559216109868006,0.0870765981642434,0.25,0.0,0.0007640586797064142,1.0,1.0,17.043421052631494,15.584129651860762,3029.0,3345.75,0.0946723455129642,0.0
3457.5,3457.5,3457.5,3457.5,0,2022-02-24 00:00:00-05:00,3353.1,3323.125,3227.4875,3001.225,2883.3125,2745.505,3303.5090611677197,3195.0789787027525,3065.3521248135544,2741.919755895258,79.32997332428114,75.07008804673649,100.0,95.10416666666669,-0.0,195.7894319106296,108.4300824649672,102.47806231417168,5.952020150795519,3462.490610351739,3227.4875,2992.484389648261,0.14562603904847904,0.989381820640013,36.78809568726113,1.064008552053829,111.75,35.61538461538461,1.1881471857979164,-26.0,100,0,0,0,37.84354575822546,0.0,100.0,100.0,3221.5683399881673,3221.5683399881673,0.03340058282896208,0.0328549008624294,0.20943496140359508,0.24066211297663975,0.04141566265060237,0.04361605795351653,0.12329434697855746,0.25,0.0,0.0007640586797064142,1.0,1.0,18.53966165413534,15.761596638655476,3029.0,3457.5,0.12393347794649313,0.0
3400.0,3406.0,3400.0,3406.0,4,2022-02-25 00:00:00-05:00,3371.15,3331.825,3243.275,3017.965,2887.8,2749.96625,3319.2768979111474,3210.7027580581043,3078.7108650169444,2748.5275195181907,71.32866621185292,69.93462540676404,88.77995642701525,94.107207697894,-17.773943054357204,130.83404639665352,108.5741398530431,103.69727782194596,4.876862031097147,3481.678014871866,3243.275,3004.8719851281344,0.14701375299465244,0.8412813384248928,38.26751742388534,1.1235325139132513,57.5,39.61538461538461,2.25727667474375,-30.0,0,0,0,0,37.708406852948634,0.0,92.85714285714286,92.85714285714286,3259.3174055900604,3259.3174055900604,-0.01489515545914677,-0.015007202316279672,0.22207996743097186,0.28912250150360114,0.02721857799894445,0.026212714673094384,0.10217619933662325,0.45,8.88888888888889,-0.058816563156880663,0.8798133022170361,0.9438692098092643,18.92293233082691,15.655498199279702,3029.0,3457.5,0.11068702290076336,0.015120375807398709
3417.0,3417.0,3417.0,3417.0,0,2022-02-28 00:00:00-05:00,3393.65,3345.3,3257.7125,3035.505,2892.305,2754.67875,3334.3112213094323,3225.9840352389856,3091.977105604515,2755.1789869856716,71.97876746842994,70.38892420711497,77.09164473870356,88.62386705523961,-18.620689655172416,127.40469655382746,108.32718607044671,104.62325947164611,3.7039265988006065,3501.4175612420668,3257.7125,3014.0074387579334,0.14961729203670776,0.8268038406510222,36.319837607893525,1.0629159381882798,11.0,39.61538461538461,2.4894408588812524,-30.0,100,0,0,0,37.68195775794023,0.0,85.71428571428572,85.71428571428572,3291.0266206956508,3291.0266206956508,0.003229594832648175,0.0032243908926581494,0.22043784050147028,0.27994264377220746,0.03404448479346356,0.041054154924213604,0.09230400383601056,0.45,0.0,-0.058816563156880663,0.9054842473745625,0.9526592635885447,19.588533834586475,15.42387755102041,3029.0,3457.5,0.11354989757096869,0.011852502194907815
3516.0,3516.0,3516.0,3516.0,0,2022-03-01 00:00:00-05:00,3428.45,3369.7,3279.6,3053.6,2898.045,2759.88,3362.263341107981,3247.466699295357,3108.605454404338,2762.7493453241227,77.02736846221755,74.08885338427112,77.09164473870356,80.98774863480747,-0.0,194.69491058063542,114.79664181262388,106.65793593984166,8.13870587278221,3533.326299385768,3279.6,3025.873700614232,0.15473002767762412,0.9658563195307065,40.796992064472555,1.160324006384316,99.0,39.61538461538461,2.3581043106755715,-30.0,100,0,0,0,38.433644276760944,35.714285714285715,100.0,64.28571428571429,3317.6623613843467,3317.6623613843467,0.028972783143107916,0.028561006689775716,0.22274007923200376,0.3225406095783552,0.05206463195691202,0.07457212713936423,0.14220742304881018,0.45,0.0,-0.058816563156880663,1.0,1.0,20.44473684210516,15.515462184873936,3029.0,3516.0,0.13850967007963594,0.0
3615.5,3615.5,3615.5,3615.5,0,2022-03-02 00:00:00-05:00,3482.4,3404.0,3306.5,3072.835,2904.29,2765.32875,3401.2228270913683,3274.728425273479,3128.483671878678,2771.234426465176,80.77619782245188,77.10748378048268,88.31168831168831,80.83165926303184,-0.0,204.0830291166258,126.49440181788941,110.62522911545122,15.869172702438192,3581.962293245376,3306.5,3031.037706754624,0.16661865612906446,1.060875313204391,44.99006405986737,1.2443663133693093,99.5,39.61538461538461,2.090002603620924,-30.0,100,0,0,0,39.716348082842806,28.571428571428573,100.0,71.42857142857143,3353.363136335164,3353.363136335164,0.028299203640500536,0.027906178809938894,0.23360925621265305,0.331064418953686,0.08062467309272958,0.10481283422459886,0.17481722177091785,0.45,0.0,-0.058816563156880663,1.0,1.0,22.05225563909772,15.858355342136866,3029.0,3615.5,0.1622182270778592,0.0
3767.75,3767.75,3767.75,3767.75,0,2022-03-03 00:00:00-05:00,3544.45,3448.775,3343.4375,3096.15,2911.855,2771.66875,3457.6116229234653,3311.248541919888,3153.5529396481415,2781.1500043112937,84.85012217258557,80.71680700940085,100.0,88.46777768346398,-0.0,222.38436791580835,146.36308100357746,117.77279949307646,28.590281510501,3655.801105234351,3343.4375,3031.073894765649,0.18685176871668807,1.1791964442875147,52.65148805559113,1.3974252021920546,152.25,39.61538461538461,1.7903243958603028,-30.0,100,0,0,0,41.55104429277008,21.42857142857143,100.0,78.57142857142857,3405.7905090681315,3405.7905090681315,0.04211035818005815,0.04124784768477924,0.2449594615624106,0.3643362484875892,0.08973246565437454,0.1348644578313254,0.24389237372069994,0.45,0.0,-0.058816563156880663,1.0,1.0,24.259962406014974,16.340384153661468,3080.0,3767.75,0.18253599628425451,0.0
3873.0,3873.0,3873.0,3873.0,0,2022-03-04 00:00:00-05:00,3637.85,3504.5,3383.0875,3119.275,2919.47,2778.86,3521.517527089086,3352.8597610369334,3181.766549858018,2792.014183372873,86.91459974561312,82.69700097035214,100.0,96.10389610389613,-0.0,198.134072796281,168.6577660521525,127.94979280489167,40.70797324726084,3748.450274342155,3383.0875,3017.7247256578453,0.21599368880772654,1.170446655221102,56.408524623048905,1.4564555802491326,105.25,39.61538461538461,1.5049720021527477,-30.0,100,0,0,0,43.584158637005224,14.285714285714286,100.0,85.71428571428572,3478.182407254505,3478.182407254505,0.02793444363346831,0.02755139421496653,0.25149646275927756,0.22391514344824084,0.1371109806224311,0.16806152454195877,0.2574675324675324,0.45,0.0,-0.058816563156880663,1.0,1.0,27.665601503759305,17.239123649459785,3114.25,3873.0,0.19590756519493932,0.0
3745.5,3745.5,3745.5,3745.5,0,2022-03-07 00:00:00-05:00,3703.55,3548.6,3414.65,3138.11,2925.8375,2785.465,3555.9763690753803,3381.944223182346,3203.873743981233,2801.5016044338395,73.79550902776978,73.14312352681995,88.09523809523809,96.03174603174604,-20.14218009478673,110.65900354884539,174.03214589303434,137.16626342252022,36.86588247051412,3790.5742410380003,3414.65,3038.725758962,0.22018317604322563,0.9400487703140112,61.48648714997398,1.6416095888392466,127.5,39.61538461538461,1.2514212954403163,-30.0,100,0,0,0,43.67284117316594,7.142857142857143,92.85714285714286,85.71428571428572,3557.145925803604,3557.145925803604,-0.03292021688613478,-0.03347428112681459,0.2971437822159093,0.46927100855962506,0.09613696224758561,0.13345438039037671,0.2026972786385164,0.45,0.0,-0.058816563156880663,0.8192130450194967,0.8862115127175368,28.59812030075177,17.939879951980803,3167.75,3873.0,0.15425176878921373,0.03404084901882259
3485.5,3485.5,3485.5,3485.5,0,2022-03-08 00:00:00-05:00,3697.45,3562.95,3430.5375,3151.66,2930.305,2790.95,3545.133850756091,3389.615021465135,3214.91791088393,2808.3075586185773,55.4236224735701,58.63799770695949,54.76190476190476,80.95238095238096,-68.1618293755497,-3.57942595395619,155.51882929095564,140.8367765962073,14.682052694748336,3789.8721725199216,3430.5375,3071.202827480078,0.2094917618710897,0.5764781472583236,75.6660237821187,2.170880039653384,260.0,39.61538461538461,1.0339304340179325,-30.0,100,0,0,0,41.21565956311433,0.0,85.71428571428572,85.71428571428572,3873.0,-3873.0,-0.06941663329328529,-0.0719436134614842,0.40619493018986386,0.7635325337326966,-0.008674630261660932,0.04293836026331532,0.10030778944045449,0.45,0.0,-0.058816563156880663,0.3875938364282892,0.6541722445336903,25.71184210526309,17.94883553421366,3240.0,3873.0,0.07043465786831157,0.11117486730741644
3286.5,3286.5,3286.5,3286.5,1,2022-03-09 00:00:00-05:00,3631.65,3557.025,3432.85,3161.23,2931.865,2795.35,3505.344027562846,3381.976871726977,3217.72505163358,2813.065692363666,45.98687862451668,50.577299486672665,21.42857142857142,54.761904761904766,-100.0,-89.93705403935942,123.36715583586874,137.3428524441396,-13.975696608270852,3787.825365342449,3432.85,3077.874634657551,0.20681088037196446,0.2938589346068927,84.47559351196735,2.570381667791491,199.0,39.61538461538461,0.8509632239798748,-31.0,100,0,0,0,38.92294231453038,100.0,78.57142857142857,-21.42857142857143,3865.25,-3865.25,-0.057093673791421606,-0.058788337222822507,0.4559308085801041,0.798384822475444,-0.09099709583736693,-0.01770903384891276,0.014273590000771552,0.5,2.0,-0.11591023694830227,0.024126455906821963,0.47657295850066933,20.649624060150234,17.42448979591835,3240.0,3873.0,0.014148790506617983,0.17845732542218165
3361.25,3361.25,3361.25,3361.25,2,2022-03-10 00:00:00-05:00,3550.35,3547.4,3435.2625,3172.295,2933.7675,2800.18875,3483.1757156301005,3380.4415478953492,3223.3534809812827,2818.5202625889033,49.46738051878651,53.11907461256396,4.248366013071886,26.8129474011827,-87.25490196078431,-59.42610586474039,102.73416773475128,130.42111550226193,-27.686947767510645,3787.592937054486,3435.2625,3082.9320629455137,0.2051257725163571,0.39496720661043233,83.78090826111254,2.49255212379658,74.75,39.61538461538461,0.6987527086024983,-29.0,100,0,0,0,36.2971969794204,92.85714285714286,71.42857142857143,-21.42857142857143,3842.1,-3842.1,0.022744561083219317,0.022489759879443606,0.456113627163982,0.7141044125082824,-0.10788932386702943,-0.02783803326102674,0.014563839420464797,0.6,3.3333333333333335,-0.07042111478186364,0.14850249584026623,0.5432842481035252,17.734398496240527,17.0300720288115,3240.0,3873.0,0.0360728895500186,0.15224990702863517
3446.5,3446.5,3446.5,3446.5,0,2022-03-11 00:00:00-05:00,3465.05,3551.45,3441.6375,3185.6,2936.2075,2805.29875,3477.533297840854,3385.334766569768,3232.1043248643696,2824.7688171900086,53.17336362986119,55.83879382842538,15.867828612926642,13.84825535152333,-72.71952259164536,-27.228294357998823,92.19853127108627,122.77659865602679,-30.578067384940525,3789.9133057560266,3441.6375,3093.361694243973,0.2023895926029553,0.5069808179604162,83.8858433853188,2.4339429387877205,85.25,39.61538461538461,0.5729617969842593,-29.0,100,0,0,0,34.07986928161833,85.71428571428572,64.28571428571429,-21.42857142857143,3819.8759999999997,-3819.8759999999997,0.025362588322796586,0.02504629474263209,0.46417542015089513,0.7029779157522372,-0.1101213529563646,0.011890780974750381,0.03841518529677623,0.6,0.0,-0.07042111478186364,0.29034941763727123,0.6193663543061133,16.059210526315745,16.717599039615845,3240.0,3873.0,0.059915856666183084,0.12374873059625707
3321.5,3321.5,3321.5,3321.5,0,2022-03-14 00:00:00-04:00,3380.25,3541.9,3443.6,3196.38,2938.04,2809.4,3453.5281750961076,3380.606265342378,3235.6100376147865,2829.711416023939,47.654657306504525,51.26038391769649,21.730475179090792,13.948889935029788,-94.03239556692242,-84.54690682772426,72.92190975372978,112.80566087556738,-39.883751121837605,3788.6889160781707,3443.6,3098.511083921829,0.2004233453816766,0.32308907311827223,86.82256885779601,2.6139566117054347,125.0,39.61538461538461,0.4694144425055029,-29.0,100,0,0,0,32.043516570823776,78.57142857142857,57.142857142857146,-21.42857142857143,3798.54096,-3798.54096,-0.03626867836936021,-0.03694273522041063,0.4820741226408146,0.7065682438980683,-0.1132025096782806,-0.027948492829967808,0.011958260339705928,0.6,0.0,-0.07042111478186364,0.08236272878535773,0.5078090138331102,11.826315789473602,16.05018007202882,3240.0,3873.0,0.02453710672888755,0.16603944001204274
3204.5,3204.5,3204.5,3204.5,0,2022-03-15 00:00:00-04:00,3324.05,3510.75,3440.225,3205.42,2938.9975,2812.825,3415.216148158245,3367.561356798498,3234.390036139697,2833.4406556654917,43.14132640315596,47.4377079250529,17.482109166018898,18.36013765267879,-100.0,-127.88727934774006,47.65479135974692,99.77548697240329,-52.12069561265636,3793.191354628883,3440.225,3087.258645371117,0.2051995753934019,0.1660800712183366,88.97809965366773,2.7766609347376416,117.0,39.61538461538461,0.3843801209000617,-29.0,100,0,0,0,30.786204160108046,100.0,50.0,-50.0,3778.0593215999997,-3778.0593215999997,-0.03522504892367906,-0.035860416161014326,0.4989242124912349,0.5982536573338089,-0.08061971022808778,-0.08859499431171791,-0.02062958435207829,0.6,0.0,-0.07042111478186364,0.0,0.4033913431503793,5.70112781954876,14.982232893157247,3204.5,3873.0,0.0,0.2086128881260727
3238.75,3238.75,3238.75,3238.75,0,2022-03-16 00:00:00-04:00,3314.5,3473.075,3438.5375,3215.145,2942.03,2816.55375,3388.0675099800533,3358.0197748134237,3234.5610151146107,2837.47358446484,44.789757789212814,48.615534876784686,10.580277420158632,16.59762058842279,-94.87658937920719,-97.76851038923031,30.047735166629536,85.82993661124854,-55.782201444619005,3795.0006213393663,3438.5375,3082.0743786606336,0.2073341479273478,0.21976413822372012,85.06894967840574,2.626598214694118,34.25,39.61538461538461,0.3146497056160129,-29.0,100,0,0,0,29.38359164854048,92.85714285714286,42.85714285714286,-50.0,3743.6457623039996,-3743.6457623039996,0.010688094866593945,0.010631380932038284,0.5005242028827206,0.4892067803030346,-0.014529134337441074,-0.10420412114506983,-0.01031321619556913,0.35,0.0,-0.07118517346157005,0.0512341062079282,0.40738145293155803,0.17462406015033718,13.951464585834351,3204.5,3873.0,0.010575067541489772,0.19583172520262446
3316.25,3316.25,3316.25,3316.25,0,2022-03-17 00:00:00-04:00,3305.5,3427.925,3438.35,3225.415,2946.115,2820.80875,3377.0186622908145,3354.925717419837,3237.7645047179594,2842.2375288980256,48.43287292870437,51.212954611432934,20.110192837465554,16.05752647454771,-83.28347045624533,-61.41953761319364,22.09294487097759,73.08253826319435,-50.98959339221676,3795.0661826999194,3438.35,3081.6338173000804,0.20749265356925242,0.32885553568687664,84.52831041566249,2.5489124889758763,77.5,39.61538461538461,0.25751910794381416,-29.0,100,0,0,0,27.561169651839066,85.71428571428572,35.714285714285715,-50.0,3711.29701656576,-3711.29701656576,0.023928984947896526,0.02364717357562964,0.5052478418810555,0.4931200006964542,-0.01338787653402751,-0.11983279145378545,-0.0011295180722891152,0.35,0.0,-0.07118517346157005,0.16716529543754674,0.44157472417251753,-3.4439849624060597,13.17941176470591,3204.5,3873.0,0.03369770071617037,0.167885412740294
3357.25,3357.25,3357.25,3357.25,0,2022-03-18 00:00:00-04:00,3287.65,3376.35,3440.425,3235.04,2950.6075,2825.45625,3373.9773296306894,3355.097886499849,3242.4502104152944,2847.3620310980455,50.3012542252817,52.54543177662123,53.44352617079889,28.044665476141038,-77.15033657442035,-42.53955993900147,18.879443130840173,62.24191923672352,-43.362476105883346,3794.7391296928445,3440.425,3086.110870307156,0.20597114001487854,0.38262534142781046,81.41914538597231,2.4251737399947073,41.0,39.61538461538461,0.2107366718102952,-29.0,100,0,0,0,25.60202781286269,78.57142857142857,28.571428571428573,-50.0,3680.889195571814,-3680.889195571814,0.012363362231436081,0.012287560009335226,0.5069526654550109,0.4542804125834915,-0.025895836355723234,-0.1331655047766589,0.012516022016135109,0.35,0.0,-0.07118517346157005,0.22849663425579655,0.4782498735457764,-6.538345864661668,12.633901560624256,3204.5,3873.0,0.04549854791868345,0.1536227567205302
3469.75,3469.75,3469.75,3469.75,0,2022-03-21 00:00:00-04:00,3317.3,3348.775,3448.6875,3246.635,2956.64,2830.41375,3388.7115866105833,3363.5906356480086,3251.36392765391,2853.5549462114977,55.107637351494496,56.0071766475866,82.05922865013774,51.87098255280074,-60.321615557217655,2.466435817994073,25.120950962574625,54.81772558189374,-29.696774619319115,3797.6033879658535,3448.6875,3099.7716120341465,0.20234705983992662,0.530182775744023,83.63920642983143,2.410525439291921,112.5,39.61538461538461,0.17244052322747194,-29.0,100,0,0,0,24.451036049435025,71.42857142857143,21.42857142857143,-50.0,3652.305843837505,-3652.305843837505,0.03350956884354761,0.03296035877466458,0.5193719589928886,0.4195194504045218,0.04463344874303776,-0.07362167934855157,0.050007565441065216,0.35,0.0,-0.07118517346157005,0.3967838444278235,0.592058674759737,-8.265601503759413,12.341164465786305,3204.5,3873.0,0.07644642985805894,0.11621874774839686
3460.25,3460.25,3460.25,3460.25,0,2022-03-22 00:00:00-04:00,3368.45,3346.25,3454.6,3258.15,2964.0775,2835.45125,3399.7174963628013,3370.7505885629707,3259.555538334149,2859.591712915861,54.627199012790115,55.64724413806837,98.62914862914862,78.0439678166951,-61.74270755422588,3.349979192675878,28.96690779983055,49.6475620254811,-20.68065422565055,3800.074687929518,3454.6,3109.125312070482,0.20000850340387777,0.5081771547922388,78.34354882770062,2.2641008258854307,9.5,39.61538461538461,0.14109750578654712,-29.0,100,0,0,0,23.31451358586693,64.28571428571429,14.285714285714286,-50.0,3625.4374932072546,-3625.4374932072546,-0.0027379494199870624,-0.0027417044591379054,0.5187609781640357,0.21895823513706827,0.07980964268996726,-0.0072442978051929785,0.035383004189108336,0.35,0.0,-0.07118517346157005,0.3825729244577412,0.5763407749550936,-9.784962406015168,11.956926770708252,3204.5,3873.0,0.07391084459215375,0.11928328877971245
3572.75,3572.75,3572.75,3572.75,0,2022-03-23 00:00:00-04:00,3435.25,3374.875,3465.95,3271.63,2971.86,2840.96125,3426.337881537755,3385.713507928677,3271.8376740857507,2866.6878152749073,59.16713113166748,58.92917226605788,98.62914862914862,93.10584196947833,-44.91398653702319,63.6845003600626,40.62437360907825,47.84292434220053,-7.218550733122285,3811.2899629350836,3465.95,3120.610037064916,0.1992757904384563,0.654630236090105,80.78329534000773,2.26109566412449,112.5,39.61538461538461,0.11544831630739338,-29.0,100,0,0,0,22.90906933954223,57.142857142857146,7.142857142857143,-50.0,3600.1812436148193,-3600.1812436148193,0.032512101726753784,0.03199476658509278,0.529702224563322,0.24202699447792972,0.10312620609803158,0.08709873725848172,0.06784726892326076,0.35,0.0,-0.07118517346157005,0.5508601346297681,0.6768030139935415,-9.815789473684307,11.816998799519808,3204.5,3873.0,0.1030718634105381,0.08403890560492618
3593.5,3593.5,3593.5,3593.5,0,2022-03-24 00:00:00-04:00,3490.7,3398.1,3472.75,3284.48,2980.21,2846.5525,3452.0551305319464,3401.10509993396,3284.451882945133,2873.9197773119727,59.962863527530615,59.509425108791945,98.62914862914862,98.62914862914863,-28.09611829944547,96.74616106255857,50.95003059798637,48.4643455933577,2.485685004628671,3822.4845421887862,3472.75,3123.0154578112138,0.20141648099562953,0.6726309320839394,76.49520281572146,2.128710249498301,20.75,39.61538461538461,0.0944601645834311,-29.0,100,0,0,0,22.64658156442103,50.0,0.0,-50.0,3204.5,3204.5,0.00580785109509474,0.005791050546593089,0.5181989642603677,0.2568320383828406,0.08360346777233318,0.06909631833395324,0.03933477946493125,0.35,0.0,-0.07118517346157005,0.5818997756170531,0.6991388589881593,-8.127067669172996,11.789123649459782,3204.5,3873.0,0.10825100876582719,0.07777932377904549
3571.5,3571.5,3571.5,3571.5,0,2022-03-25 00:00:00-04:00,3533.55,3410.6,3481.025,3296.435,2988.1625,2851.90625,3470.4312642962623,3413.726944383296,3295.7086718492455,2880.860874055137,58.65768086273838,58.587944999398275,94.49656035021887,97.25161920283871,-5.655526992287918,101.96531791907515,56.704319912966184,50.112340457279394,6.59197945568679,3831.8804510051104,3481.025,3130.1695489948897,0.20158168987876293,0.6289348644018674,72.60268832888421,2.0328346165164275,22.0,39.61538461538461,0.07728681482513622,-29.0,100,0,0,0,22.218489502268593,42.85714285714286,0.0,-42.85714285714286,3212.28,3212.28,-0.006122165020175263,-0.0061409823134700925,0.5152325129449471,0.30386386511587654,0.06381711221982278,0.03626867836936021,0.04859072225484429,0.15,0.0,-0.011604551624982973,0.5489902767389678,0.6754574811625403,-7.770300751879747,11.703493397358939,3204.5,3873.0,0.10275794484110318,0.08441831163376733
3585.5,3585.5,3585.5,3585.5,0,2022-03-28 00:00:00-04:00,3556.7,3437.0,3489.45,3309.265,2996.47,2857.39,3488.134146712222,3426.450874428978,3307.073037659079,2887.8722086416533,59.26531661045939,59.01202841666597,92.4953095684803,95.20700618261594,-2.056555269922879,99.61270333075126,61.68327228324415,52.42652682247235,9.256745460771803,3841.8401105309376,3489.45,3137.059889469062,0.2019745865571582,0.636283620240199,68.4167820196782,1.9081517785435278,14.0,39.61538461538461,0.06323527948536878,-29.0,100,0,0,0,21.907998339176324,35.714285714285715,85.71428571428572,50.0,3219.9044000000004,3219.9044000000004,0.003919921601567955,0.003912258727602386,0.5152444819762343,0.24182837778654345,0.03335975214352627,0.07948216167394251,0.04931226221832019,0.15,0.0,-0.011604551624982973,0.5699326851159312,0.6841527053007416,-7.288721804511355,11.520540216086426,3204.5,3873.0,0.10626133035838795,0.08018407474550272
3431.5,3431.5,3431.5,3431.5,0,2022-03-29 00:00:00-04:00,3550.95,3459.7,3485.225,3318.64,3003.66,2861.9575,3479.4212010641877,3426.824883730535,3311.9525263783307,2893.2814403964626,50.47676404405005,52.7704132527221,59.16197623514696,82.05128205128206,-41.645244215938305,4.951162007409902,52.59631733365268,52.46048492470841,0.1358324089442675,3838.2661413702367,3485.225,3132.183858629763,0.20259302706151644,0.4239111342781745,74.52986901827262,2.171932653891086,154.0,39.61538461538461,0.05173826234770473,-29.0,100,0,0,0,20.376963083891862,28.571428571428573,78.57142857142857,50.0,3227.3763120000003,3227.3763120000003,-0.04295077395063451,-0.04390045097394022,0.5300457464943663,0.43322033762858075,-0.0083086482190593,0.07083788422530812,-0.024032992036404965,0.15,0.0,-0.011604551624982973,0.3395661929693343,0.49369266055045874,-7.697368421052754,10.959543817527006,3204.5,3873.0,0.06615182864636457,0.12866093545096896
3553.5,3553.5,3553.5,3553.5,3,2022-03-30 00:00:00-04:00,3547.1,3491.175,3482.125,3329.69,3013.0325,2867.32625,3490.817939362005,3436.2082256764215,3321.4249763242788,2899.8507792979904,56.03853040610364,56.589662619238624,56.43496321003095,69.36408300455275,-10.282776349614396,71.84585522889752,54.6097136855833,52.89033067688339,1.7193830086999142,3831.606884365983,3482.125,3132.643115634017,0.2007290860414162,0.6021154503179554,77.92059265982458,2.192784372022642,122.0,39.61538461538461,0.04233145875978295,-26.0,100,0,0,0,19.750379324577544,21.42857142857143,71.42857142857143,50.0,3234.69878576,3234.69878576,0.035552965175579265,0.03493554991826056,0.5358983827653634,0.44847128210710596,-0.005388006437618054,0.09718255499807027,-0.017148388881205956,0.3,10.0,0.09505434390175482,0.5220643231114436,0.6274052478134111,-4.6650375939850095,10.734261704681858,3204.5,3873.0,0.09821302940762629,0.0899113550021106
3500.0,3500.0,3500.0,3500.0,0,2022-03-31 00:00:00-04:00,3528.4,3509.55,3468.7375,3338.925,3022.075,2872.385,3492.2305640755426,3440.933542292983,3328.427918429209,2905.8224133348263,53.216086653011274,54.55820758394453,39.92972048527603,51.842219976818,-24.03598971722365,35.3135768435561,51.29702178255957,52.57166889801862,-1.2746471154590537,3793.0340646981113,3468.7375,3144.440935301889,0.18698247687990865,0.5482004797508451,76.17626461269424,2.1764647032198354,53.5,39.61538461538461,0.03463490649565415,-26.0,100,0,0,0,18.768619150550986,14.285714285714286,64.28571428571429,50.0,3241.8748100448,3241.8748100448,-0.015055579006613251,-0.01517006478944485,0.5138377806116394,0.45365551291410466,-0.02601920133574509,0.0554089709762533,-0.07106363214119837,0.3,0.0,0.09505434390175482,0.44203440538519073,0.5650145772594752,0.10018796992472627,10.421260504201708,3204.5,3873.0,0.08442857142857142,0.10657142857142857
3466.5,3466.5,3466.5,3466.5,0,2022-04-01 00:00:00-04:00,3507.4,3520.475,3448.4125,3346.21,3030.6925,2877.6175,3488.2720157562285,3442.8273539749844,3333.842509863358,2911.401294794181,51.468044370207345,53.300211283479705,47.50547806103361,47.95672058544688,-32.64781491002571,9.843603168210539,45.44466178124412,51.14626747466372,-5.7016056934196016,3714.553828761626,3448.4125,3182.271171238374,0.15435585433101523,0.5339810056637248,73.12795999750179,2.109561805783984,33.5,39.61538461538461,0.028337689069815042,-26.0,100,0,0,0,17.60920854346552,7.142857142857143,57.142857142857146,50.0,3248.907313843904,3248.907313843904,-0.009571428571428564,-0.009617529094959932,0.5008040400284441,0.45488524745860914,-0.029399412011759773,0.03254151463251165,-0.10495739736638265,0.3,0.0,0.09505434390175482,0.48428835489833644,0.5259475218658892,6.451315789473628,10.141824729891953,3204.5,3745.5,0.07558055675753642,0.08048463868455215
3441.5,3441.5,3441.5,3441.5,0,2022-04-04 00:00:00-04:00,3478.6,3517.65,3433.2125,3354.52,3039.5025,2882.81625,3481.076321024501,3442.729031458319,3338.064372221658,2916.6759087763285,50.144281199998076,52.35428775845595,25.134837839755864,37.52334546202185,-42.847075405214945,-22.183046863522897,38.3472895661821,48.586471892967396,-10.239182326785297,3661.8266003416006,3433.2125,3204.5983996583996,0.13317794942293873,0.5181255224144454,69.6902485691088,2.0249963262853057,25.0,39.61538461538461,0.02318540111653533,-26.0,100,0,0,0,16.35788211817656,0.0,50.0,50.0,3255.799167567026,3255.799167567026,-0.007211885186787836,-0.007238016544126234,0.49002580316550387,0.446971890805525,-0.04016176265513871,-0.008141796959435066,-0.08116406354291816,0.3,0.0,0.09505434390175482,0.609254498714653,0.4967930029154519,11.043421052631514,9.581848739495806,3204.5,3593.5,0.06886532035449659,0.044166787737904986
3430.5,3430.5,3430.5,3430.5,0,2022-04-05 00:00:00-04:00,3478.4,3514.675,3430.4625,3362.82,3048.1375,2887.86625,3473.295348559193,3441.823177276221,3341.6892988012005,2921.788586300942,49.540512654901434,51.92851781659176,10.307998012916038,27.649437971235187,-58.7917042380523,-49.83266893055755,31.472171282971885,45.163611770968295,-13.69144048799641,3657.814280012817,3430.4625,3203.110719987183,0.13254876274719052,0.5000824713138331,65.4980879570296,1.9092869248514677,11.0,39.61538461538461,0.018969883215966377,-26.0,100,0,0,0,15.281548836854371,0.0,42.85714285714286,42.85714285714286,3262.5531842156856,3262.5531842156856,-0.0031962806915588615,-0.003201399707473311,0.42432574239116433,0.3218720313221978,-0.00029141774734076087,-0.008597644678852712,-0.015779658585568734,0.3,0.0,0.09505434390175482,0.5809768637532133,0.47571090047393366,11.830263157894718,8.93037214885956,3204.5,3593.5,0.06587960938638683,0.047514939513190496
3405.0,3405.0,3405.0,3405.0,0,2022-04-06 00:00:00-04:00,3448.7,3497.9,3436.3875,3369.365,3055.8475,2892.695,3462.7883718577787,3439.0955345150196,3344.172071397232,2926.5966600690917,48.09480842682755,50.92053644244915,2.732240437158462,12.725025429943472,-79.7883597883598,-87.4182090110301,23.69283734275905,40.86945688532644,-17.176619542567394,3654.408225792302,3436.3875,3218.3667742076977,0.12688948833174493,0.4280171646848355,62.64108167438462,1.8396793443284765,25.5,39.61538461538461,0.015520818327921404,-26.0,100,0,0,0,14.487124283538492,0.0,35.714285714285715,35.714285714285715,3269.172120531372,3269.172120531372,-0.007433318758198526,-0.007461083547332793,0.3694748072044311,0.06876148213435862,-0.041789784719290846,-0.046952627527814705,0.03605659516202642,0.25,0.0,0.15214801769317643,0.5154241645244216,0.44549763033175355,9.193421052631514,8.331488595438163,3204.5,3593.5,0.05888399412628487,0.055359765051395005
3352.75,3352.75,3352.75,3352.75,0,2022-04-07 00:00:00-04:00,3419.25,3473.825,3435.9625,3374.86,3062.9225,2897.2225,3445.8593915719666,3432.6995689953887,3344.508460754203,2930.836991809698,45.18512814654199,48.87923837707765,-7.697546304067751e-15,4.346746150024848,-99.99999999999999,-141.17271639409662,13.15982257657788,35.32753002357673,-22.167707446998847,3654.599715210483,3435.9625,3217.3252847895174,0.12726402876078113,0.3097018846496669,61.89886155478572,1.8462116637025043,52.25,39.61538461538461,0.01269885375300106,-26.0,100,0,0,0,14.162223727941944,100.0,28.571428571428573,-71.42857142857143,3275.6586781207448,3275.6586781207448,-0.015345080763582986,-0.015464034992563231,0.36587333155482193,0.07051045797017783,-0.04207142857142854,-0.06699596493669124,-0.0025288211230940494,0.15,0.0,0.1066588955267378,0.38110539845758357,0.38359004739336494,6.812218045112679,7.5788475390156025,3204.5,3593.5,0.04421743345015286,0.07180672582208635
3340.75,3340.75,3340.75,3340.75,0,2022-04-08 00:00:00-04:00,3394.1,3450.75,3430.675,3379.87,3070.2525,2901.65625,3429.68871594551,3425.8884898105453,3344.361070136391,2934.915728209601,44.5189783561796,48.411240465581386,-7.697546304067751e-15,0.9107468123861661,-100.0,-128.2397216502166,3.8002261349647597,29.022069245854333,-25.221843110889573,3653.1188749437624,3430.675,3208.231125056238,0.12967936335780114,0.29787036163001834,58.33465715801531,1.7461545209313871,12.0,39.61538461538461,0.010389972449353024,-26.0,100,0,0,0,13.955058066725652,100.0,21.42857142857143,-78.57142857142857,3282.0155045583297,3282.0155045583297,-0.003579151442845374,-0.0035855719298791776,0.353614285588121,0.0775335924797675,-0.036275782489542774,-0.06460870782584349,-0.030683301900478743,0.15,0.0,0.1066588955267378,0.35025706940874035,0.3693720379146919,5.618421052631519,6.801584633853542,3204.5,3593.5,0.04078425503255257,0.07565666392277183
3209.75,3209.75,3209.75,3209.75,0,2022-04-11 00:00:00-04:00,3347.75,3413.175,3425.0875,3381.5,3076.945,2905.195,3395.8519904154314,3409.8782313060606,3339.082204640846,2937.65039758065,37.94271090751356,43.62361185183455,-7.697546304067751e-15,9.572589634545795e-15,-100.0,-190.4723237244552,-14.026240890629197,20.412407218557625,-34.43864810918682,3663.2767774139948,3425.0875,3186.8982225860054,0.13908507587849633,0.047969786176134406,63.52503878958565,1.9791273086559904,131.0,39.61538461538461,0.00850088714792463,-26.0,100,0,0,0,14.696371428993348,100.0,14.285714285714286,-85.71428571428572,3593.5,-3593.5,-0.039212751627628495,-0.04000228018997725,0.357605298270731,0.23886038679909055,-0.06733982275170713,-0.10479709942825266,-0.03364443775402681,0.15,0.0,0.1066588955267378,0.013496143958868894,0.21415876777251186,0.7385338345864357,5.78509003601441,3204.5,3593.5,0.0016356414050938547,0.1195575979437651
3229.5,3229.5,3229.5,3229.5,0,2022-04-12 00:00:00-04:00,3307.55,3392.975,3426.3375,3384.525,3083.255,2908.785,3370.259376505365,3396.516880838945,3334.7848632823816,2940.554373724126,39.396209297647985,44.492592864935325,3.3717456252667444,1.1239152084222603,-94.85342019543974,-147.2661459325587,-26.257504333580073,11.078424908130085,-37.33592924171016,3660.1044926978593,3426.3375,3192.570507302141,0.13645298672291287,0.07898782516655381,60.398250304615246,1.8702043754332016,19.75,39.61538461538461,0.006955271602073765,-26.0,100,0,0,0,15.17729380828124,92.85714285714286,7.142857142857143,-85.71428571428572,3585.825,-3585.825,0.0061531271905912455,0.006134274001334472,0.3352648363154879,0.27183869625877066,-0.05859204197638823,-0.05886638496284424,0.0078015290997035525,0.15,0.0,0.1066588955267378,0.051465798045602605,0.23755924170616113,-5.538533834586581,4.684789915966381,3209.75,3593.5,0.006115497755070445,0.11271094596686794
3206.75,3206.75,3206.75,3206.75,0,2022-04-13 00:00:00-04:00,3267.9,3358.3,3424.7375,3387.11,3089.2925,2911.97375,3345.1040878122317,3382.4600748508747,3329.7638882517,2943.2030864233884,38.28387176278547,43.67829680390804,3.3717456252667444,2.247830416844511,-100.0,-133.06134783922647,-37.35598703864298,1.39154251877547,-38.747529557418446,3663.9919396139667,3424.7375,3185.4830603860337,0.1397213302414953,0.04444419014393256,57.7090895685713,1.7996129903662992,22.75,39.61538461538461,0.005690676914952064,-26.0,100,0,0,0,15.78190175524433,100.0,0.0,-100.0,3578.3035,-3578.3035,-0.007044434122929211,-0.007069363292567272,0.33409538118965804,0.27225347041657183,-0.058223201174743,-0.09757985085127341,-0.009880355075260527,0.15,0.0,0.1066588955267378,0.0,0.2106042654028436,-11.637406015037714,3.514597839135636,3206.75,3593.5,0.0,0.12060497388321509
3250.5,3250.5,3250.5,3250.5,0,2022-04-14 00:00:00-04:00,3247.45,3333.35,3421.45,3391.54,3095.17,2915.4825,3330.549612764196,3372.6852544915505,3326.6555004771235,2946.260767155494,41.69330300082448,45.68552237426376,14.254830202381171,6.9994404843049045,-88.44884488448845,-87.09825528007347,-42.135641727354596,-7.313894330450543,-34.82174739690405,3668.264282406846,3421.45,3174.6357175931535,0.1442746685801905,0.1536869780529811,56.712011742244776,1.7447165587523388,43.75,39.61538461538461,0.004656008459768657,-26.0,100,0,0,0,15.856659971227936,92.85714285714286,7.142857142857143,-85.71428571428572,3563.44136,-3563.44136,0.013643096593123794,0.013550867464563243,0.3261072136366523,0.32178567640791655,-0.03049735291924538,-0.07128571428571429,-0.019826611383339632,0.15,0.0,0.1066588955267378,0.11312217194570136,0.2150063051702396,-15.839473684210608,2.3161584633853636,3206.75,3593.5,0.013459467774188586,0.10552222734963852
3250.5,3250.5,3250.5,3250.5,0,2022-04-18 00:00:00-04:00,3229.4,3311.75,3416.1125,3394.95,3101.1,2919.06125,3318.2342877235506,3363.634494899584,3323.6690102623343,2949.288023203698,41.693303000824486,45.68552237426377,44.21641791044775,20.614331246031906,-87.38284066330209,-75.0240153698366,-45.40020717603329,-14.931156899567092,-30.4690502764662,3672.673968024711,3416.1125,3159.5510319752893,0.1502066855378509,0.17724596122117384,52.661153760655864,1.6200939474128861,0.0,39.61538461538461,0.003809461504488354,-26.0,100,0,0,0,15.926078314641284,85.71428571428572,0.0,-85.71428571428572,3549.1737055999997,-3549.1737055999997,0.0,0.0,0.32242037080231456,0.32447961025594046,-0.027014891865599022,-0.06231068801384687,-0.0317968575470996,0.15,0.0,0.1066588955267378,0.11312217194570136,0.17957166392092258,-19.29530075187974,1.2213445378151166,3206.75,3593.5,0.013459467774188586,0.10552222734963852
3212.5,3212.5,3212.5,3212.5,0,2022-04-19 00:00:00-04:00,3229.95,3288.85,3403.25,3396.915,3106.745,2922.195,3301.9674742276197,3352.439347129244,3319.309441232439,2951.9070478484373,39.495418390809064,44.17784282340743,48.59737029140013,35.68953946807637,-98.34174477289113,-86.2366333218352,-50.471872901624465,-22.03930009997857,-28.432572801645897,3673.2096729143104,3403.25,3133.2903270856896,0.15864815862150028,0.14670649149040282,51.61392849203759,1.6066592526704306,38.0,39.61538461538461,0.003116832158745808,-26.0,100,0,0,0,16.302966709811315,78.57142857142857,7.142857142857143,-71.42857142857143,3535.4767573759996,-3535.4767573759996,-0.011690509152438078,-0.011759380441048186,0.29634321120946777,0.16072926514419036,0.0008567645455253015,-0.06654075257881742,-0.07414078824122772,0.15,0.0,0.1066588955267378,0.014867485455720749,0.06345267635590217,-21.357142857142968,0.10462184873949787,3206.75,3593.5,0.0017898832684824903,0.11859922178988327
3237.5,3237.5,3237.5,3237.5,0,2022-04-20 00:00:00-04:00,3231.55,3269.55,3392.1125,3398.31,3112.475,2925.6025,3292.0494012695244,3343.9253214159667,3316.1012278507746,2954.7487687653684,41.67384546408946,45.422051897880124,61.14285714285714,51.31888178156836,-89.51406649616368,-60.14925373134316,-51.87592014644224,-28.006624109271304,-23.869296037170937,3670.009714586599,3392.1125,3114.2152854134015,0.16384905547006395,0.22181711099551227,49.712933599749185,1.5355346285636813,25.0,39.61538461538461,0.0025501354119654707,-26.0,100,0,0,0,16.341948235984127,71.42857142857143,0.0,-71.42857142857143,3522.3276870809595,-3522.3276870809595,0.0077821011673151474,0.007751976804317924,0.2991255913551299,0.16488482035011257,0.002477163647623515,-0.05626002040518874,-0.06437396141897267,0.15,0.0,0.1066588955267378,0.07950872656755009,0.0493642483171279,-22.825000000000067,-0.8316926770708274,3206.75,3593.5,0.009498069498069498,0.10996138996138996
3264.0,3264.0,3264.0,3264.0,0,2022-04-21 00:00:00-04:00,3243.0,3255.45,3376.675,3398.785,3119.3025,2929.3025,3287.734108766521,3338.004927237006,3314.0580424448617,2957.82589544432,43.97643259014937,46.74321625555486,61.14285714285714,56.96102819237149,-77.95957651588066,-33.72549019607843,-50.27081847048521,-32.459462981514086,-17.811355488971124,3646.9159619210136,3376.675,3106.4340380789868,0.16006335340002423,0.29152864318005745,48.054866914052816,1.4722692069256378,26.5,39.61538461538461,0.0020864744326516416,-26.0,100,0,0,0,16.049376427775197,64.28571428571429,0.0,-64.28571428571429,3509.704579597721,-3509.704579597721,0.008185328185328133,0.008152010076204388,0.27187974064264414,0.15597004593722053,0.017852966399002135,-0.041409691629956,-0.0864180253306277,0.15,0.0,0.1066588955267378,0.1480284421460892,0.08900523560209424,-21.80300751879705,-1.534801920768286,3206.75,3593.5,0.01753982843137255,0.10094975490196079
3203.0,3203.0,3203.0,3203.0,0,2022-04-22 00:00:00-04:00,3233.5,3240.475,3357.15,3396.585,3125.3725,2932.9825,3274.69809203321,3328.004562256487,3309.702825094083,2960.2654387732323,40.05637031974451,44.15954364347018,56.76190476190476,59.6825396825397,-100.00000000000001,-75.05563423022464,-53.3064702232773,-36.62886442986673,-16.67760579341057,3618.1773165781656,3357.15,3096.1226834218346,0.1555053045459187,0.20472439049527721,48.97951927733476,1.529176374565556,61.0,39.61538461538461,0.0017071154472390049,-26.0,100,0,0,0,16.335324229752562,100.0,0.0,-100.0,3497.586396413812,-3497.586396413812,-0.018688725490196068,-0.018865566474839474,0.27361840318186703,0.18982439113281344,-0.014613136440547625,-0.04466482738050859,-0.10866842910811192,0.15,0.0,0.1066588955267378,0.0,0.0,-20.860526315789528,-2.2055582232893305,3203.0,3585.5,0.0,0.11941929441148923
3054.5,3054.5,3054.5,3054.5,0,2022-04-25 00:00:00-04:00,3194.3,3211.85,3331.3,3391.295,3130.005,2935.64625,3240.821462489639,3307.744965052303,3299.6948711688246,2961.203096098872,32.46854819186264,38.69273098224357,33.33333333333333,50.41269841269843,-100.0,-196.09585548838228,-66.923502562664,-42.68779205642618,-24.235710506237815,3604.416440369298,3331.3,3058.1835596307023,0.16396988585194838,-0.006743569932519581,56.088125043239415,1.8362457044766547,148.5,39.61538461538461,0.0013967308216464858,-26.0,100,0,0,0,17.680823489957458,100.0,0.0,-100.0,3479.9112126289833,-3479.9112126289833,-0.04636278488916645,-0.047471957519336555,0.30957205701598806,0.35711423065058084,-0.06029841562836491,-0.08568435231609672,-0.14475710485790283,0.15,0.0,0.1066588955267378,0.0,0.0,-21.799624060150418,-3.200468187274891,3054.5,3585.5,0.0,0.1738418726469144
3040.25,3040.25,3040.25,3040.25,0,2022-04-26 00:00:00-04:00,3159.85,3194.9,3304.0375,3386.455,3134.1225,2938.29125,3209.96431441431,3287.930523196577,3289.5205624955374,2961.989632456097,31.845155064215874,38.21604425910592,-4.736951571734001e-15,30.031746031746053,-100.0,-190.08556055393836,-77.96620878226668,-49.74347540159428,-28.222733380672395,3579.061329649364,3304.0375,3029.013670350636,0.16647742626974663,0.020427920125484365,53.09968754015089,1.7465566167305613,14.25,39.61538461538461,0.0011427797637537651,-26.0,100,0,0,0,19.018979853918427,100.0,0.0,-100.0,3445.8783156186646,-3445.8783156186646,-0.0046652479947618675,-0.004676164228712756,0.3068205810892533,0.3611497154539653,-0.053618677042801544,-0.05280785107874442,-0.1520708408869056,0.15,0.0,0.1066588955267378,0.0,0.0,-21.943796992481243,-4.293505402160885,3040.25,3553.5,0.0,0.16881835375380314
3066.5,3066.5,3066.5,3066.5,0,2022-04-27 00:00:00-04:00,3125.65,3178.6,3285.7875,3382.345,3138.935,2940.8275,3187.892881427493,3271.5282622190525,3280.7746580839475,2963.0295366107625,34.3458485333463,39.654033581672685,3.9106145251396605,12.414649286157688,-91.6,-140.55330378675933,-83.63538079155933,-56.52185647958729,-27.113524311972036,3572.73929364312,3285.7875,2998.8357063568797,0.17466241723977602,0.1179018482234579,51.1818527158544,1.6690641681348248,26.25,39.61538461538461,0.0009350016251872262,-26.0,100,0,0,0,19.904585459108745,92.85714285714286,0.0,-92.85714285714286,3405.315484056798,-3405.315484056798,0.008634158375133705,0.008597097204929578,0.28264758326109723,0.3639440681581847,-0.05281853281853277,-0.050472209320328254,-0.10636747777939681,0.15,0.0,0.1066588955267378,0.05114466634193863,0.03152206544581207,-23.32462406015047,-5.326638655462153,3040.25,3553.5,0.008560247839556497,0.15881297896624816
2997.75,2997.75,2997.75,2997.75,0,2022-04-28 00:00:00-04:00,3072.4,3157.7,3258.0,3376.85,3142.95,2943.10375,3158.640130438648,3251.2483909435673,3269.675651884577,2963.3750138584164,31.124792574391385,37.268659910905114,3.9106145251396605,2.607076350093132,-100.0,-150.8427782621331,-92.60826050491914,-63.739137284653665,-28.86912322026548,3543.5028458702295,3258.0,2972.4971541297705,0.1752626432598094,0.04422520867218916,52.43672037900766,1.7492025812361824,68.75,39.61538461538461,0.0007650013298459157,-26.0,100,0,0,0,21.185712830255262,100.0,0.0,-100.0,3368.808935651118,-3368.808935651118,-0.022419696722647986,-0.02267483880649584,0.2432560805757776,0.3275697680670079,-0.08157169117647056,-0.06517502143915177,-0.15639510341916418,0.0,0.0,-0.0,0.0,0.0,-23.21240601503767,-6.5005762304922,2997.75,3500.0,0.0,0.1675423234092236
3049.75,3049.75,3049.75,3049.75,0,2022-04-29 00:00:00-04:00,3041.75,3137.625,3235.4875,3371.445,3147.78,2945.67875,3141.887802678856,3236.322584207007,3261.0511165165544,2964.23446645684,36.01280620478584,40.12892350507581,29.12273573726087,12.314654929180092,-80.46948356807512,-87.14151735031352,-94.43478152815078,-69.8782661333531,-24.556515394797685,3511.9751794271324,3235.4875,2958.999820572868,0.17090944064975197,0.16411251961599443,52.4055260662214,1.7183548181398933,52.0,39.61538461538461,0.0006259101790391242,-26.0,100,0,0,0,21.677492319314194,92.85714285714286,0.0,-92.85714285714286,3324.281863372984,-3324.281863372984,0.017346343090651306,0.01719761276930435,0.2581511078132928,0.40462341890639675,-0.04784576959100839,-0.06175972927241957,-0.12864285714285717,0.0,0.0,0.0,0.11093333333333333,0.059411596686660954,-22.366353383458627,-7.40944777911161,2997.75,3466.5,0.01705057791622264,0.13665054512664973
3049.75,3049.75,3049.75,3049.75,0,2022-05-02 00:00:00-04:00,3040.8,3117.55,3214.65,3366.125,3152.26,2948.39625,3127.712756112878,3222.502392784266,3252.7647982217877,2965.0853672881153,36.01280620478584,40.12892350507581,50.424242424242415,27.819197562214345,-80.46948356807512,-72.96899438770811,-94.7896366713876,-74.86054024095999,-19.929096430427606,3480.986178541333,3214.65,2948.313821458667,0.16570150936576802,0.19042883902757313,48.66227420434844,1.595615188272758,0.0,39.61538461538461,0.0005121083283441408,-26.0,100,0,0,0,22.134144702011774,85.71428571428572,50.0,-35.714285714285715,3285.098039768226,-3285.098039768226,0.0,0.0,0.25899008528099027,0.23806571466695392,-0.0015550826649206595,-0.06175972927241957,-0.12022212606375304,0.0,0.0,0.0,0.1171830985915493,0.059411596686660954,-21.37218045112794,-8.30277310924368,2997.75,3441.5,0.01705057791622264,0.12845315189769654
2900.0,2900.0,2900.0,2900.0,9,2022-05-03 00:00:00-04:00,3012.75,3086.3,3187.575,3358.035,3155.4975,2950.69625,3092.6800244032047,3198.613326652098,3238.930884566031,2964.4377516932086,29.11232684601654,35.0542892710693,50.424242424242415,43.3237401952486,-100.0,-144.7342995169082,-105.93330224889314,-81.07509264254662,-24.85820960634652,3465.983831576885,3187.575,2909.1661684231144,0.17468378411606655,-0.016461705562998787,55.882826046894984,1.9269940016170686,149.75,39.61538461538461,0.0004189977232158526,-35.0,100,0,0,0,23.54161379831348,100.0,42.85714285714286,-57.142857142857146,3250.616274996039,-3250.616274996039,-0.04910238544142964,-0.05034888305428158,0.30041553701151263,0.42553781017062753,-0.04613107474714251,-0.09727626459143968,-0.15734418131628647,0.45,20.0,-0.44192146897286677,0.0,0.0,-22.2853383458647,-9.550456182472987,2900.0,3430.5,0.0,0.18293103448275863
2958.5,2958.5,2958.5,2958.5,0,2022-05-04 00:00:00-04:00,2991.15,3058.4,3163.975,3350.365,3159.2875,2953.0625,3072.0369437257887,3180.827154307498,3227.9335949752062,2964.3786695868084,34.40039720926761,38.25696902763725,38.233824050184644,46.360769632889856,-83.92857142857143,-92.78957589425558,-108.79021058170929,-86.61811623037916,-22.17209435133013,3435.9606567909377,3163.975,2891.989343209062,0.17192655238485627,0.12226868426753368,56.06976704354535,1.8952092967228444,58.5,39.61538461538461,0.0003428163190122291,-35.0,100,0,0,0,24.093505536827966,92.85714285714286,35.714285714285715,-57.142857142857146,3201.5299964965934,-3201.5299964965934,0.020172413793103416,0.019971646142183334,0.31674106269457125,0.46215431931831424,-0.03521930539703244,-0.08617760617760617,-0.13758927270077248,0.45,0.0,-0.44192146897286677,0.11584158415841585,0.06012332990750257,-21.722180451127873,-10.52980792316926,2900.0,3405.0,0.019773533885414907,0.15092107486902145
2896.5,2896.5,2896.5,2896.5,0,2022-05-05 00:00:00-04:00,2970.9,3021.65,3138.55,3341.38,3162.745,2955.155,3045.0312600756674,3159.7658836180535,3214.9361990938255,2963.7032599391787,31.701268174571183,36.266767690142274,13.021702838063428,33.893256437496866,-100.0,-117.5606641123882,-114.73462354238609,-92.24141769278054,-22.493205849605545,3410.7272216773436,3138.55,2866.372778322657,0.17344138004960466,0.055344862240268515,56.493355111863536,1.9504006598261192,62.0,39.61538461538461,0.0002804860791982833,-35.0,100,0,0,0,24.99083616291108,100.0,28.571428571428573,-71.42857142857143,3159.3157969870704,-3159.3157969870704,-0.02095656582727734,-0.021179271580069943,0.32049889810318943,0.4591460226388219,-0.033775331498623995,-0.11259191176470584,-0.14933920704845816,0.45,0.0,-0.44192146897286677,0.0,0.0,-21.737593984962505,-11.609027611044406,2896.5,3352.75,0.0,0.1575176937683411
2831.0,2831.0,2831.0,2831.0,0,2022-05-06 00:00:00-04:00,2927.15,2984.45,3112.4625,3328.85,3165.0375,2956.76625,3012.10337391018,3135.4128552019015,3199.8798775607343,2962.3828294920227,29.103284111890254,34.28811756541946,13.021702838063428,21.425743242103866,-100.0,-146.4920204757604,-123.30948129172157,-98.45503041256875,-24.85445087915282,3397.2418564762015,3112.4625,2827.6831435237987,0.18299295588377462,0.005823554974706395,57.13668688958757,2.018251038134496,65.5,39.61538461538461,0.00022948861026605982,-35.0,100,0,0,0,26.19456483547047,100.0,21.42857142857143,-78.57142857142857,3117.265269469139,-3117.265269469139,-0.0226134990505783,-0.02287310542477924,0.323772808174289,0.4137485351430038,-0.07172719075334044,-0.11614111770215418,-0.15561852210871674,0.45,0.0,-0.44192146897286677,0.0,0.0,-22.749060150375964,-12.525546218487385,2831.0,3340.75,0.0,0.1800600494524903
2740.75,2740.75,2740.75,2740.75,0,2022-05-09 00:00:00-04:00,2865.35,2953.075,3082.4625,3315.545,3166.755,2957.81375,2970.3567010009215,3106.1785696313905,3181.8747843230585,2960.1775277060324,25.947897268943038,31.779671488801053,-9.473903143468002e-15,8.68113522537565,-100.0,-163.36772215026863,-135.821868630469,-105.9283980561488,-29.893470574320204,3390.2128564173395,3082.4625,2774.7121435826607,0.1996782484246536,-0.055178073517167164,59.50192354033131,2.171008794685079,90.25,39.61538461538461,0.00018776340840531702,-35.0,100,0,0,0,27.762368977455402,100.0,14.285714285714286,-85.71428571428572,3065.7375209646943,-3065.7375209646943,-0.03187919463087252,-0.03239840055725024,0.3338195473101617,0.40517304714731284,-0.10131978030986144,-0.10271730234080867,-0.17960038913417642,0.45,0.0,-0.44192146897286677,0.0,0.0,-24.454699248120455,-13.72037214885955,2740.75,3264.0,0.0,0.1909148955577853
2743.25,2743.25,2743.25,2743.25,0,2022-05-10 00:00:00-04:00,2834.0,2923.375,3059.1375,3302.07,3168.7875,2958.82,2935.417208539241,3079.2949718809173,3164.673812388821,2958.019044843286,26.186636115125918,31.92452662336714,0.38270187523917915,4.468134904434233,-99.52221691352126,-134.14737556177408,-143.8777633416762,-113.51827111325427,-30.359492228421928,3394.259361231119,3059.1375,2724.0156387688808,0.21909565113115645,0.02869756267236492,55.430357573164784,2.0206090430389057,2.5,39.61538461538461,0.00015362460688095325,-35.0,100,0,0,0,29.184097299182437,92.85714285714286,7.142857142857143,-85.71428571428572,3000.7400167717556,-3000.7400167717556,0.0009121590805436508,0.000911743316259111,0.31660869416018217,0.33520081732082324,-0.05405172413793102,-0.09768933475865471,-0.14533842199548253,0.45,0.0,-0.44192146897286677,0.004777830864787387,0.00220799293442261,-27.29078947368431,-14.818487394957986,2740.75,3264.0,0.0009113278046113187,0.18982958170053768
2769.25,2769.25,2769.25,2769.25,0,2022-05-11 00:00:00-04:00,2796.15,2893.65,3036.125,3287.135,3170.3675,2960.09,2909.853022610127,3056.328677667516,3149.1669962167102,2956.1407458896215,28.75900755564021,33.46721576903517,6.4822203343082,2.2883074031824906,-93.83450513791239,-102.95014816105989,-146.47565505738885,-120.10974790208118,-26.365907155307667,3384.2494569116093,3036.125,2688.0005430883907,0.2293215575192782,0.11669599089994268,53.32818917508159,1.925726791553005,26.0,39.61538461538461,0.00012569286018049297,-35.0,100,0,0,0,30.136951357221186,85.71428571428572,0.0,-85.71428571428572,2948.7420134174045,-2948.7420134174045,0.009477809167957707,0.009433176526133702,0.3187410703477565,0.2762061348860686,-0.0639682271421328,-0.0969346160117398,-0.14251432110233786,0.45,0.0,-0.44192146897286677,0.05446727185857621,0.02517111945241775,-28.74210526315796,-15.548271308523429,2740.75,3264.0,0.010291595197255575,0.17865848153832264
2730.75,2730.75,2730.75,2730.75,0,2022-05-12 00:00:00-04:00,2763.0,2866.95,3012.325,3269.44,3171.1375,2960.95875,2882.298711439338,3032.2117385810334,3132.758486561153,2953.89805190067,27.24490251716889,32.32815890208273,6.4822203343082,4.44904751461856,-100.0,-107.87916536904385,-149.91302714169524,-126.07040375000399,-23.842623391691248,3375.303067519248,3012.325,2649.3469324807515,0.24099528936568815,0.11213221238901955,52.26903280543291,1.9140907371759739,38.5,39.61538461538461,0.00010283961287882448,-35.0,100,0,0,0,31.23774288870646,100.0,0.0,-100.0,2907.1436107339237,-2907.1436107339237,-0.013902681231380387,-0.014000228673389752,0.31955012607897937,0.26783656193676486,-0.05722423614707406,-0.08906680010007506,-0.1484368909331878,0.45,0.0,-0.44192146897286677,0.0,0.0,-30.410526315789564,-16.053253301320538,2730.75,3264.0,0.0,0.195276023070585
2774.0,2774.0,2774.0,2774.0,0,2022-05-13 00:00:00-04:00,2751.6,2839.375,2988.5,3249.565,3172.8575,2961.725,2865.6373712179015,3013.0849431305865,3118.6895263038527,2952.108021533499,31.60141811174679,34.94004516775251,39.432851792402346,17.46576415367295,-87.11839166046165,-72.35404214212397,-147.4475719126849,-130.34583738254017,-17.10173453014474,3348.356707593455,2988.5,2628.643292406545,0.24082764436570533,0.2019647050148508,51.624816176473416,1.8610243755037281,43.25,39.61538461538461,8.414150145341637e-05,-35.0,100,0,0,0,31.637775271456253,92.85714285714286,14.285714285714286,-78.57142857142857,2871.864888587139,-2871.864888587139,0.015838139705209198,0.015714025151124387,0.3215927849684919,0.3047952221951893,-0.020134228187919434,-0.09041724731535372,-0.14659283187201966,0.45,0.0,-0.44192146897286677,0.08110642287857478,0.03786386517837601,-30.054511278195474,-15.99864345738295,2730.75,3264.0,0.015591204037490987,0.17664023071377072
2808.75,2808.75,2808.75,2808.75,0,2022-05-16 00:00:00-04:00,2765.2,2815.275,2966.4125,3228.28,3173.7775,2962.6475,2856.885467953609,2997.9490214172097,3106.5350350762506,2950.6815735580412,34.97070706790399,36.99168961694189,66.66666666666666,37.5272462644591,-76.76842889054356,-43.567828183212804,-141.06355346360078,-132.4893805987523,-8.574172864848492,3313.224598801355,2966.4125,2619.6004011986447,0.23382594214483335,0.27269752043698914,50.41947216386817,1.7950857913259697,34.75,39.61538461538461,6.884304664822594e-05,-35.0,100,0,0,0,31.528049346817742,85.71428571428572,7.142857142857143,-78.57142857142857,2843.641910869711,-2843.641910869711,0.012527036770007216,0.012449222624762033,0.3285677395561816,0.18919819232830612,0.024810726990787124,-0.07902287072710878,-0.13590216889709272,0.45,0.0,-0.44192146897286677,0.14627285513361463,0.07686622320768663,-28.485526315789553,-15.509075630252083,2730.75,3264.0,0.027770360480640854,0.16208277703604806
2860.0,2860.0,2860.0,2860.0,0,2022-05-17 00:00:00-04:00,2788.55,2811.275,2948.7875,3210.57,3174.34,2963.7125,2857.364626729977,2987.730575386305,3096.866994485025,2949.7792693435335,39.68926736579359,39.92533786082402,100.0,68.69983948635637,-59.48275862068966,-3.5233421416886874,-130.36594865632833,-132.0646942102675,1.698745553939176,3279.2250612351027,2948.7875,2618.349938764897,0.22411758136868307,0.3656516231566838,50.47879558073473,1.7649928524732423,51.25,39.61538461538461,5.6326129083572596e-05,-35.0,100,0,0,0,30.75223048327191,78.57142857142857,0.0,-78.57142857142857,2730.75,2730.75,0.018246550956831253,0.01808208031435927,0.33997090884137815,0.20512499510176474,0.04255900847534866,-0.01379310344827589,-0.10972762645914402,0.45,0.0,-0.44192146897286677,0.24238162212845757,0.14981164879745001,-26.120112781954912,-15.108955582232863,2730.75,3264.0,0.04519230769230769,0.14125874125874127
2831.25,2831.25,2831.25,2831.25,0,2022-05-18 00:00:00-04:00,2800.95,2798.55,2928.475,3197.485,3174.5725,2964.83,2853.346991848442,2976.139421653986,3086.450641760122,2948.5998736286724,38.022519045716514,38.85962050496809,92.58542875564153,86.41736514076943,-68.49529780564264,-17.11819707504181,-122.79242980554409,-130.21024132932283,7.417811523778738,3234.4662131091386,2928.475,2622.483786890861,0.2089764898857861,0.3411310589410252,48.9267387535394,1.728096733016844,28.75,39.61538461538461,4.608501470926285e-05,-35.0,100,0,0,0,30.269672855763286,71.42857142857143,14.285714285714286,-57.142857142857146,2733.335,2733.335,-0.010052447552447608,-0.010103314582554179,0.33655551101312947,0.24236348622767628,0.022388733411573547,-0.043011661314855454,-0.12548262548262545,0.45,0.0,-0.44192146897286677,0.18846694796061886,0.11648797450014489,-23.240601503759454,-15.328175270108051,2730.75,3264.0,0.035496688741721856,0.1528476821192053
2884.0,2884.0,2884.0,2884.0,0,2022-05-19 00:00:00-04:00,2831.6,2797.3,2909.475,3189.435,3175.3325,2966.30375,2858.062839256374,2969.3142793092466,3078.511400906784,2947.9570888164467,42.77127965865985,41.84993952610532,92.58542875564153,95.05695250376105,-51.959247648902824,39.79237932345097,-111.25144005287257,-126.41848107403277,15.167041021160202,3174.1763836382383,2909.475,2644.7736163617615,0.1819581770857206,0.45187973774474854,49.199828842572295,1.7059580042500795,52.75,39.61538461538461,3.770592113028215e-05,-35.0,100,0,0,0,29.14329402084508,64.28571428571429,7.142857142857143,-57.142857142857146,2735.8683,2735.8683,0.018631346578366514,0.01845990917349561,0.3445345910043986,0.19110291240623012,0.05612011352192625,-0.004315553253927185,-0.11642156862745101,0.45,0.0,-0.44192146897286677,0.32451032292218107,0.17762967255867865,-18.578195488721835,-15.847791116446587,2730.75,3203.0,0.0531380027739251,0.11061026352288489
2927.25,2927.25,2927.25,2927.25,0,2022-05-20 00:00:00-04:00,2862.25,2806.925,2895.6875,3180.755,3176.525,2967.88875,2868.7070178323165,2966.198406767821,3072.5795812633805,2947.751048131706,46.397699771300054,44.199467829286334,92.58542875564153,92.58542875564156,-13.721185510428102,102.53755246299953,-97.49138893550435,-120.63306264632709,23.141673710822744,3124.025510140675,2895.6875,2667.349489859325,0.15770901393239092,0.5691135478945334,48.774841068102845,1.666234215325061,43.25,39.61538461538461,3.085029911176207e-05,-35.0,100,0,0,0,27.579353753565215,57.142857142857146,0.0,-57.142857142857146,2741.793568,2741.793568,0.014996532593619882,0.014885196323994255,0.34872948026551126,0.1898605174019186,0.0552451333813988,0.03399858707170611,-0.08609116453325005,0.45,0.0,-0.44192146897286677,0.5852568875651526,0.2277600695450594,-13.68966165413547,-16.04392557022813,2730.75,3066.5,0.06712785037150909,0.04757024511059869
2933.25,2933.25,2933.25,2933.25,0,2022-05-23 00:00:00-04:00,2887.15,2826.175,2889.625,3170.49,3178.045,2969.54875,2878.6367073965757,2963.7577840442787,3067.1156761157968,2947.6067590955695,46.900395491837585,44.525961473805125,100.0,95.05695250376105,-11.086717892425906,101.96762932402387,-85.12107664770292,-113.53066544660226,28.409588798899335,3106.947657585442,2889.625,2672.302342414558,0.1504158204510564,0.6003691940930009,45.71949527752407,1.5586634373996104,6.0,39.61538461538461,2.5241153821298212e-05,-35.0,100,0,0,0,26.05531325278874,50.0,7.142857142857143,-42.85714285714286,2752.92095392,2752.92095392,0.002049705354855158,0.002047607574899072,0.31156594547978833,0.19847383673103716,0.04432576769025376,0.07023624920186089,-0.03969553118349978,0.45,0.0,-0.44192146897286677,0.6031273268801192,0.23471457548536656,-10.645488721804517,-15.9754861944778,2730.75,3066.5,0.06903605216057275,0.045427426915537375
2874.5,2874.5,2874.5,2874.5,0,2022-05-24 00:00:00-04:00,2890.05,2839.3,2881.3375,3161.55,3178.965,2971.0675,2878.0002908740257,2957.146096337295,3059.562120189687,2946.8793286568075,42.679696438753,41.99942454446655,80.80065359477125,91.12869411680428,-29.01234567901235,52.34372712633562,-79.14580546326943,-106.65369344993569,27.507887986666262,3087.4020090135614,2881.3375,2675.272990986439,0.14303392713527055,0.4834093215936809,46.650245614843776,1.6228994821653777,58.75,39.61538461538461,2.0651853134268094e-05,-35.0,100,0,0,0,25.24256094288094,42.85714285714286,0.0,-42.85714285714286,2767.3472776064,2767.3472776064,-0.020028978095968597,-0.02023227724038755,0.3181190510289994,0.2598978170251709,0.005069930069930173,0.047844709742094205,-0.05451854288298663,0.45,0.0,-0.44192146897286677,0.42814594192107225,0.16661837148652564,-8.48327067669181,-16.302112845138048,2730.75,3066.5,0.0500086971647243,0.06679422508262306
2848.5,2848.5,2848.5,2848.5,0,2022-05-25 00:00:00-04:00,2893.5,2847.225,2870.4375,3154.43,3179.925,2972.32625,2873.461784585714,2949.0982373493475,3051.2851742998955,2945.9004298642026,40.92443917496552,40.92045890145051,47.46732026143791,76.0893246187364,-41.851851851851855,27.847164400036934,-75.63645276363332,-100.45024531267521,24.813792549041892,3058.4427442752617,2870.4375,2682.4322557247383,0.13099413889015993,0.4416572125831742,45.175228070926366,1.585930422009,26.0,39.61538461538461,1.6896970748803142e-05,-35.0,100,0,0,0,24.738407951610224,35.714285714285715,85.71428571428572,50.0,2780.619495397888,2780.619495397888,-0.009045051313271824,-0.009086206142895292,0.3160167835573391,0.25725470028196235,0.006092715231788004,0.028617856820438714,-0.07109082015326917,0.45,0.0,-0.44192146897286677,0.36912225705329155,0.13648217907852797,-6.0287593984962715,-16.933517406962782,2730.75,3049.75,0.04133754607688257,0.07065121994031946
2833.25,2833.25,2833.25,2833.25,8,2022-05-26 00:00:00-04:00,2883.35,2857.475,2862.2125,3146.32,3180.7325,2973.45375,2867.275356187912,2940.516886434581,3042.734775307743,2944.779530064559,39.888234725029434,40.283116036790155,14.133986928104576,47.467320261437926,-49.382716049382715,9.194659776055126,-73.24153024666884,-95.00850229947393,21.766972052805087,3041.405850532315,2862.2125,2683.019149467685,0.12521317025365167,0.41918645442488917,43.03771178014591,1.51902273996809,15.25,39.61538461538461,1.3824794251604544e-05,-43.0,100,0,0,0,24.418177798800844,28.571428571428573,78.57142857142857,50.0,2792.8299357660567,2792.8299357660567,-0.005353694927154651,-0.005368077307392452,0.3081670886893198,0.2070252862783609,-0.01759708737864074,0.037535475601940815,-0.05487448920023352,0.85,9.411764705882353,-0.484751028390104,0.3213166144200627,0.11880614314691394,-4.549812030075291,-17.482737094837933,2730.75,3049.75,0.03617753463337157,0.07641401217682874
2850.0,2850.0,2850.0,2850.0,20,2022-05-27 00:00:00-04:00,2867.9,2865.075,2852.225,3136.995,3181.205,2974.73625,2864.6176090820795,2933.8119318838712,3035.1765488250862,2943.836450163419,41.63621222107015,41.336853099815464,5.583333333333336,22.394880174291956,-41.111111111111114,22.51334303736033,-69.19432280179171,-89.84566639993749,20.651343598145772,3009.4096764159945,2852.225,2695.0403235840054,0.11021898792416064,0.4929223380715835,41.160018081564054,1.4442111607566335,16.75,39.61538461538461,1.131119530128899e-05,-23.0,100,0,0,0,23.87113795340639,21.42857142857143,71.42857142857143,50.0,2804.0635409047723,2804.0635409047723,0.005911938586429022,0.005894531649638403,0.3009205918825959,0.16085361484655447,-0.026389956443761187,0.027397260273972712,-0.06549717189933602,1.85,10.81081081081081,-0.36651225666152354,0.3738244514106583,0.13822080556360475,-1.7631578947368505,-17.7638055222089,2730.75,3049.75,0.041842105263157896,0.07008771929824562
2763.5,2763.5,2763.5,2763.5,3,2022-05-31 00:00:00-04:00,2833.95,2860.55,2837.9125,3125.12,3180.08,2975.46375,2849.0610538386827,2921.1962332258067,3024.52256651822,2942.0420576244796,35.84016017491435,37.727087574164095,5.583333333333336,8.433551198257097,-83.82716049382717,-99.91251093613299,-72.13517938712403,-86.3035689973748,14.16838961025077,2970.7990375988106,2837.9125,2705.025962401189,0.09365090544462575,0.22001490389999495,44.398588218595194,1.6066071365513006,86.5,39.61538461538461,9.254614340648004e-06,-26.0,100,0,0,0,24.19059434321382,14.285714285714286,64.28571428571429,50.0,2933.25,-2933.25,-0.03035087719298246,-0.030821001989378573,0.3155579639465499,0.2209217294457522,-0.057870962243245505,-0.016110369381397427,-0.09386015247151402,2.0,1.5,-0.4575648882404709,0.1437980241492865,0.03796001159084324,0.08815789473680362,-18.103217286914774,2730.75,2958.5,0.011850913696399493,0.07056269223810385
2692.25,2692.25,2692.25,2692.25,2,2022-06-01 00:00:00-04:00,2797.5,2843.775,2827.525,3109.57,3178.1025,2975.84375,2824.936276325039,2904.237252986858,3011.4922697920156,2939.556564513788,31.900877571974444,35.07778362638603,5.583333333333336,5.58333333333335,-100.0,-169.4582367869359,-79.30097666181882,-84.9030505302636,5.602073868444776,2971.399155080046,2827.525,2683.650844919954,0.10176684915609656,0.02988429393472942,46.31654620298126,1.7203657239476742,71.25,39.61538461538461,7.571957191032652e-06,-28.0,100,0,0,0,25.04963840905557,100.0,57.142857142857146,-42.85714285714286,2929.855,-2929.855,-0.025782522163922517,-0.026120717064327288,0.28103055631583335,0.23761253558237025,-0.06340233084014613,-0.05865384615384617,-0.0716379310344828,1.65,1.2121212121212122,-0.06720846359544919,0.0,0.0,-1.0124060150376186,-18.27774309723892,2692.25,2958.5,0.0,0.09889497632092116
2692.0,2692.0,2692.0,2692.0,7,2022-06-02 00:00:00-04:00,2766.2,2829.85,2814.2,3094.205,3176.1775,2976.235,2804.4845415058026,2888.5159749878317,2998.963161172721,2937.093315115641,31.88763387258447,35.06871079695814,2.3684757858670005e-15,3.7222222222222388,-100.0,-156.05240587939514,-84.03143348202912,-84.7287271206167,0.6972936385875812,2956.4394635816834,2814.2,2671.960536418316,0.10108696153911137,0.07044269950503487,43.02607861705402,1.5982941536795698,0.25,39.61538461538461,6.1952377095053635e-06,-35.0,100,0,0,0,25.849213036557796,100.0,50.0,-50.0,2920.3508,-2920.3508,-9.285913269574397e-05,-9.286344437192756e-05,0.2671985011802185,0.25470427865127576,-0.05494119712129186,-0.04918322295805744,-0.09007943214466796,2.0,3.5,-0.0678584775243194,0.0,0.0,-0.8804511278195498,-18.401452581032427,2692.0,2933.25,0.0,0.08961738484398217
2692.0,2692.0,2692.0,2692.0,0,2022-06-03 00:00:00-04:00,2737.95,2810.65,2803.975,3076.59,3174.11,2976.8325,2787.179227427987,2873.959236099844,2986.92539014634,2934.654575661754,31.88763387258447,35.06871079695814,2.3684757858670005e-15,1.8611111111111276,-100.0,-131.97876624565257,-86.7800086718571,-85.13898343086478,-1.6410252409923203,2950.4187520005703,2803.975,2657.5312479994295,0.10445439206880973,0.11768597679891533,39.95278728726445,1.4841302855596006,0.0,39.61538461538461,5.0688308590451925e-06,-35.0,100,0,0,0,26.591675190667,100.0,42.85714285714286,-57.142857142857146,2906.6497520000003,-2906.6497520000003,0.0,0.0,0.26042512183242433,0.26498634636417095,-0.04985440748257297,-0.06657420249653256,-0.07060245123424824,2.0,0.0,-0.0678584775243194,0.0,0.0,-1.3266917293233593,-18.17587034813924,2692.0,2933.25,0.0,0.08961738484398217
2747.5,2747.5,2747.5,2747.5,0,2022-06-06 00:00:00-04:00,2717.45,2792.675,2799.8,3059.67,3172.075,2977.75625,2781.074730900604,2864.5918852776335,2977.536159160209,2932.792341078055,38.46498922856888,38.93449935086671,25.874125874125877,8.62470862470864,-76.99481865284974,-64.98188863617219,-83.51715437702933,-84.81461762009769,1.2974632430683641,2947.6778719078507,2799.8,2651.9221280921497,0.10563459669108541,0.32316488827824513,41.06330248103127,1.494569699036625,55.5,39.61538461538461,4.147225254769182e-06,-35.0,100,0,0,0,26.34159497133607,92.85714285714286,35.714285714285715,-57.142857142857146,2893.7707668800003,-2893.7707668800003,0.020616641901931576,0.020406995513157934,0.2635902559859654,0.33273663207624216,-0.035964912280701755,-0.061405756255871524,-0.029494878134934677,2.0,0.0,-0.0678584775243194,0.23005181347150258,0.0621152770005596,-1.7067669172932776,-17.684297719087628,2692.0,2933.25,0.020200181983621474,0.06760691537761601
2742.5,2742.5,2742.5,2742.5,0,2022-06-07 00:00:00-04:00,2713.25,2773.6,2799.8875,3043.09,3169.7625,2978.63625,2775.1401569158957,2855.5480419237347,2968.3190548794164,2930.898884947925,38.10796083676188,38.71645443283608,56.2044562044562,27.359527359527373,-79.06735751295336,-58.97665655730153,-80.40788500783901,-83.93327109764596,3.5253860898069433,2947.6275144680008,2799.8875,2652.147485531999,0.10553282192088143,0.30578213625249984,38.48735230381475,1.4033674495465724,5.0,39.61538461538461,3.393184307753927e-06,-35.0,100,0,0,0,26.160354977057576,85.71428571428572,28.571428571428573,-57.142857142857146,2881.6645208672003,-2881.6645208672003,-0.0018198362147406888,-0.001821494128391132,0.23776677961653817,0.2612168903662256,-0.007599059164103528,-0.06503025654137906,0.000638511356380489,2.0,0.0,-0.0678584775243194,0.20932642487046632,0.056519306099608285,-3.4577067669173696,-17.177118847539013,2692.0,2933.25,0.018413855970829535,0.06955332725615314
2786.75,2786.75,2786.75,2786.75,0,2022-06-08 00:00:00-04:00,2732.15,2764.825,2802.0625,3027.115,3168.19,2979.47,2776.9262866211425,2850.4518906701246,2961.198699786106,2929.4645676847617,43.138168735693775,41.74793819181286,89.53778953778954,57.205457205457215,-60.725388601036265,-16.2919990331159,-73.52560404898213,-81.85173768791319,8.326133638931054,2947.668636117272,2802.0625,2656.456363882728,0.10392782895975514,0.44741808137925165,38.89896999639941,1.3958543104476329,44.25,39.61538461538461,2.7762417147414453e-06,-35.0,100,0,0,0,25.273512093566932,78.57142857142857,21.42857142857143,-57.142857142857146,2870.2846496151683,-2870.2846496151683,0.01613491340018225,0.016006129120347483,0.24446900455462553,0.16761566308916367,0.03510075215897479,-0.03052704818229257,0.01585710380023686,2.0,0.0,-0.0678584775243194,0.3927461139896373,0.10998258850841555,-4.539661654135367,-16.451920768307307,2692.0,2933.25,0.03400017942047188,0.05257019825962142
2727.75,2727.75,2727.75,2727.75,0,2022-06-09 00:00:00-04:00,2739.3,2752.75,2799.9875,3013.04,3165.84,2979.87125,2769.3607040640436,2841.3628617315967,2952.0438488141017,2927.4574575585452,38.63000828728341,39.04401780545398,76.24062056779735,73.99428877001438,-85.18134715025906,-60.90401075192773,-72.00215766755309,-79.88182168384117,7.879664016288075,2948.557557127932,2799.9875,2651.4174428720685,0.10612194313576878,0.2568907847366666,40.33475785379945,1.4786823518943983,59.0,39.61538461538461,2.271470499692896e-06,-35.0,100,0,0,0,25.093746084834596,71.42857142857143,14.285714285714286,-57.142857142857146,2859.587570638258,-2859.587570638258,-0.021171615681349287,-0.0213989487345248,0.2542194767648428,0.26313671328254196,0.013280089153046015,-0.04239073196419163,-0.014986007041617788,2.0,0.0,-0.0678584775243194,0.14818652849740932,0.041497388276262336,-6.1193609022557185,-16.165978391356514,2692.0,2933.25,0.013106039776372468,0.07533681605718999
2638.75,2638.75,2638.75,2638.75,15,2022-06-10 00:00:00-04:00,2728.65,2733.3,2795.3875,2994.745,3162.2175,2979.8225,2749.266749592652,2826.3545016033304,2939.757815527274,2924.584746538062,33.0235996568007,35.411327534741524,45.910290237467024,70.56290011435132,-100.0,-128.40590315892177,-77.08775201067829,-79.32300774920859,2.2352557385302987,2957.3416968428173,2795.3875,2633.4333031571823,0.11587244834057354,0.016414199034242197,43.810846578528064,1.6602878854960896,89.0,39.61538461538461,1.858475869198628e-06,-50.0,100,0,0,0,25.72741721100277,100.0,7.142857142857143,-92.85714285714286,2849.5323163999624,-2849.5323163999624,-0.03262762349922099,-0.033171773372677765,0.27502145775734194,0.36634495231853287,-0.019780832095096623,-0.06864907791405628,-0.03369037810125419,2.75,5.454545454545454,-0.5572728300126343,0.0,0.0,-9.51597744360903,-15.72308523409363,2638.75,2933.25,0.0,0.11160587399336808
2601.0,2601.0,2601.0,2601.0,15,2022-06-13 00:00:00-04:00,2699.35,2708.4,2786.7375,2976.765,3157.845,2979.55,2726.456480424552,2809.6615755586395,2926.4731953105183,2921.3649978162903,30.970456699430258,34.002365632623096,12.57695690413369,44.90928923646604,-100.0,-150.23128407886927,-83.20509513408751,-80.09942522618437,-3.105669907903149,2969.4823682589936,2786.7375,2603.992631741007,0.131153270273209,-0.008188004865793307,43.37792896577606,1.667740444666515,37.75,39.61538461538461,1.5205711676458122e-06,-65.0,100,0,0,0,26.60902777802999,100.0,0.0,-100.0,2832.6697310879654,-2832.6697310879654,-0.01430601610611082,-0.014409333713878793,0.27049464989655125,0.29724266804245464,-0.05332120109190175,-0.08736842105263154,-0.06236481614996392,3.5,4.285714285714286,-0.7718630716042966,0.0,0.0,-12.630639097744488,-15.412184873949574,2601.0,2933.25,0.0,0.12773933102652826
2531.25,2531.25,2531.25,2531.25,15,2022-06-14 00:00:00-04:00,2657.1,2685.175,2772.8625,2958.06,3152.135,2978.80625,2696.42471420539,2789.0384958876293,2910.974246474812,2917.4832565444863,27.56088465257731,31.56573602454576,4.736951571734001e-15,19.495749047200256,-100.0,-180.1058803978823,-92.61378168223928,-82.60229651739535,-10.011485164843933,2986.3653966430993,2772.8625,2559.359603356901,0.15399457899055513,-0.06582955968951165,45.26164832536348,1.7881145017427547,69.75,39.61538461538461,1.2441036858490406e-06,-80.0,100,0,0,0,27.914588935304188,100.0,0.0,-100.0,2809.502757979169,-2809.502757979169,-0.026816608996539815,-0.027182734593802296,0.2763826308908636,0.302809144591426,-0.07702825888787601,-0.08404197575538264,-0.09879839786381839,4.25,3.5294117647058822,-1.174112206552394,0.0,0.0,-15.932894736842204,-15.261104441776686,2531.25,2933.25,0.0,0.15881481481481483
2562.25,2562.25,2562.25,2562.25,15,2022-06-15 00:00:00-04:00,2612.2,2672.175,2757.975,2940.475,3147.4975,2978.2525,2675.782450481484,2772.239348044101,2897.298785828741,2913.948597275387,31.186867581693704,33.78023162758139,5.258693808312134,5.9452169041486265,-90.27450980392157,-127.30181585473167,-96.45689756261709,-85.3732167264397,-11.083680836177393,2986.119411502887,2757.975,2529.830588497113,0.16544342244065818,0.07105019862052801,44.24295915926609,1.7267229645532673,31.0,39.61538461538461,1.0179030240919928e-06,-65.0,100,0,0,0,28.608941395786093,92.85714285714286,14.285714285714286,-78.57142857142857,2776.1124270216687,-2776.1124270216687,0.012246913580246988,0.012172526856823128,0.270433740432815,0.2771851289376344,-0.0805597918722526,-0.04828674900176433,-0.10410839160839158,5.0,3.0,-0.990408502848689,0.07711442786069651,0.03447317208785099,-17.565789473684212,-15.008487394957989,2531.25,2933.25,0.012098741340618597,0.14479461410869354
2474.25,2474.25,2474.25,2474.25,15,2022-06-16 00:00:00-04:00,2561.5,2650.4,2740.125,2921.35,3142.085,2976.8925,2644.777458099717,2750.1660630037973,2880.708637364869,2909.573486854736,27.04790160184859,30.80867182338557,5.258693808312134,3.5057958722081075,-100.0,-162.8178170552083,-105.38860490408024,-89.37629436196781,-16.01231054211243,2996.643054920115,2740.125,2483.606945079885,0.1872309145897468,-0.018238375234053122,47.36846207646137,1.9144573942189096,88.0,39.61538461538461,8.32829755381681e-07,-80.0,100,0,0,0,29.84481692348829,100.0,7.142857142857143,-92.85714285714286,2746.7289357790687,-2746.7289357790687,-0.03434481412820767,-0.03494845893487187,0.28914461872808284,0.30540734203356223,-0.09293373659609572,-0.08088781575037152,-0.1260927152317881,5.75,2.608695652173913,-1.505580714771804,0.0,0.0,-20.462030075188032,-14.90542617046819,2474.25,2933.25,0.0,0.18551076083661716
2461.0,2461.0,2461.0,2461.0,15,2022-06-17 00:00:00-04:00,2525.95,2627.3,2718.975,2902.47,3135.9175,2975.61,2616.504003007453,2728.7463546331455,2864.2494751152663,2905.110069075087,26.478098533008616,30.38608197288582,5.258693808312134,5.25869380831215,-100.0,-139.13652929632738,-112.24235162569266,-93.94950581471278,-18.292845810979884,2993.6645929954434,2718.975,2444.2854070045564,0.20205378349962283,0.03042451083270716,44.93142907099985,1.8257386863470073,13.25,39.61538461538461,6.8140617059953e-07,-95.0,100,0,0,0,31.07379563578498,100.0,0.0,-100.0,2708.5818847699993,-2708.5818847699993,-0.00535515812872589,-0.005369548385744645,0.273545193921541,0.29071362529173794,-0.06736144007579348,-0.08580980683506689,-0.14667128987517342,6.5,2.3076923076923075,-1.5859080867026925,0.0,0.0,-22.17781954887221,-14.804153661464575,2461.0,2933.25,0.0,0.19189353921170255
2490.0,2490.0,2490.0,2490.0,10,2022-06-21 00:00:00-04:00,2503.75,2601.55,2697.1125,2885.215,3130.0375,2974.44375,2597.041848698614,2711.0614394751346,2849.573025110746,2900.9796206265787,29.95608907124095,32.51341250442199,9.547325102880665,6.688237573168327,-91.09746738296239,-98.6910994764398,-114.01959077652054,-97.96352280707433,-16.056067969446218,2971.6169842529816,2697.1125,2422.6080157470187,0.20355434506568149,0.12275206439045507,43.79346985164272,1.7587738896242056,29.0,39.61538461538461,5.575141415192775e-07,-85.0,100,0,0,0,31.718169216309057,92.85714285714286,42.85714285714286,-50.0,2668.9687832067993,-2668.9687832067993,0.011783827712312123,0.011714939067697489,0.27021832652100986,0.3418746433103104,-0.042675893886966576,-0.09372156505914464,-0.14937227773507555,7.0,1.4285714285714286,-1.4680698095795712,0.0614081524616199,0.03296391020176186,-22.160338345864698,-14.671944777911158,2461.0,2933.25,0.011646586345381526,0.17801204819277108
2434.75,2434.75,2434.75,2434.75,10,2022-06-22 00:00:00-04:00,2484.45,2570.775,2672.1875,2867.095,3123.4825,2972.84875,2572.0738719757505,2690.5939254399395,2833.30545549856,2896.340519923827,27.30584287222621,30.6403340229503,9.547325102880665,8.117781338024505,-100.0,-112.95196061789159,-118.520053464189,-102.07482893849726,-16.445224525691742,2946.9279627553037,2672.1875,2397.4470372446963,0.205629629474207,0.06788763908526904,44.61179343366824,1.8322946271144158,55.25,39.61538461538461,4.5614793720005764e-07,-95.0,100,0,0,0,32.6950372235721,100.0,35.714285714285715,-64.28571428571429,2635.6937778937113,-2635.6937778937113,-0.02218875502008033,-0.022438628617444684,0.27205135760119264,0.3275293089750595,-0.03812345679012341,-0.11221513217866907,-0.1699480098866445,7.5,1.3333333333333333,-1.6899573597803745,0.0,0.0,-22.179887218045142,-14.61626650660262,2434.75,2874.5,0.0,0.18061402608070642
2436.0,2436.0,2436.0,2436.0,10,2022-06-23 00:00:00-04:00,2459.2,2535.7,2650.2625,2851.62,3116.56,2971.09,2551.1394301333276,2671.735116148092,2817.7248494005776,2891.7600172380176,27.46220367044811,30.735126417944237,10.301472915852006,9.798707707204462,-99.64488636363636,-95.7599267280857,-120.5956860147644,-105.77900035375069,-14.816685661013707,2926.903669884388,2650.2625,2373.6213301156117,0.20876510902930417,0.11274292599047554,41.514522474120504,1.7042086401527299,1.25,39.61538461538461,3.732119537858125e-07,-85.0,100,0,0,0,33.579793117968315,92.85714285714286,28.571428571428573,-64.28571428571429,2599.5238978728435,-2599.5238978728435,0.000513399733032216,0.0005132679884790941,0.27090540250138095,0.2914003236729929,-0.04927309981461603,-0.1258634610209025,-0.15254826926421983,8.0,1.25,-1.6848233624500524,0.0030102347983142685,0.0015073861923424782,-22.359586466165442,-14.791452581032393,2434.75,2850.0,0.000513136288998358,0.16995073891625614
2411.5,2411.5,2411.5,2411.5,10,2022-06-24 00:00:00-04:00,2446.65,2504.075,2628.4125,2835.26,3109.8925,2969.055,2529.6564408820464,2652.458440877863,2801.7944631495743,2886.9813105988333,26.26953052788052,29.89431146100074,0.7541478129713468,6.867648610568023,-100.0,-95.62103815333091,-122.80199999581646,-109.18360028216384,-13.618399713652622,2907.9881281849384,2628.4125,2348.8368718150614,0.21273344894299395,0.11206829542288844,40.29919944025475,1.6711258320653017,24.5,39.61538461538461,3.05355243312988e-07,-95.0,100,0,0,0,34.57169817631431,100.0,21.42857142857143,-78.57142857142857,2569.8645962557316,-2569.8645962557316,-0.010057471264367845,-0.010108389320761106,0.27097595452498746,0.19973408356791192,-0.025361220571890497,-0.1159380441756026,-0.15341407758469372,8.5,1.1764705882352942,-1.7853980750937306,0.0,0.0,-22.640413533834586,-14.901608643457376,2411.5,2850.0,0.0,0.18183703089363468
2460.75,2460.75,2460.75,2460.75,10,2022-06-27 00:00:00-04:00,2446.6,2486.275,2609.7875,2820.34,3103.725,2967.0375,2519.055449977116,2638.257815627651,2788.420170477042,2882.7402030306857,32.60579697639795,33.721397425269245,21.66709898069958,10.90757323650766,-86.87541638907395,-59.40632603406333,-119.20236565053483,-111.18735335583804,-8.015012294696788,2881.8268939763166,2609.7875,2337.7481060236832,0.20847627937241378,0.22607368031966926,40.93854233737942,1.6636611739258118,49.25,39.61538461538461,2.498361126868076e-07,-85.0,100,0,0,0,34.58762141609637,92.85714285714286,14.285714285714286,-78.57142857142857,2538.1916770045855,-2538.1916770045855,0.020422973253162002,0.020217221000294206,0.2893335959757924,0.26912659751417456,-0.00010158472165788801,-0.0674561819043108,-0.13147445513103329,8.6,1.1627906976744187,-1.5383387831448734,0.11231470923603193,0.05777126099706745,-21.801315789473776,-14.873037214885938,2411.5,2850.0,0.020014223305902672,0.15818348064614446
2440.5,2440.5,2440.5,2440.5,1,2022-06-28 00:00:00-04:00,2436.7,2470.225,2589.3125,2804.14,3097.84,2964.5,2506.9699961344827,2623.6090885441213,2774.7762422230403,2878.3398030005296,31.4105293312728,32.94495026406575,40.540700744716396,20.987315846129125,-92.27181878747501,-65.77763203439534,-116.63909240963858,-112.27770116659815,-4.36139124304043,2847.226772336762,2589.3125,2331.398227663238,0.1992144805517003,0.21150782263477558,39.460789313280884,1.6169141287965945,20.25,39.61538461538461,2.0441137138504928e-07,-86.0,100,0,0,0,34.773128372271515,85.71428571428572,7.142857142857143,-78.57142857142857,2512.8533416036685,-2512.8533416036685,-0.008229198415117378,-0.00826324518211856,0.28537886404161533,0.2512764351610755,-0.01987951807228916,-0.061707035755478645,-0.14368421052631575,7.65,0.13071895424836602,-1.6648067532885713,0.07728181212524983,0.03401759530791789,-20.42687969924814,-14.713325330132065,2411.5,2786.75,0.01188281089940586,0.14187666461790616
2422.75,2422.75,2422.75,2422.75,50,2022-06-29 00:00:00-04:00,2434.3,2459.375,2572.275,2787.585,3091.2675,2961.96625,2494.0130736522547,2608.730637540853,2760.971291547627,2873.8065711298777,30.359948698959045,32.26127402595323,48.15491394268594,36.787571222700656,-96.44268774703556,-74.12117522379297,-114.7175638885983,-112.76567371099819,-1.95189017760012,2826.910077120182,2572.275,2317.639922879818,0.19798433458334114,0.20639355407929968,37.91001864804654,1.564751569416842,17.75,39.61538461538461,1.6724567331038998e-07,-136.0,100,0,0,0,35.0954411056028,78.57142857142857,0.0,-78.57142857142857,2492.5826732829346,-2492.5826732829346,-0.007273099774636305,-0.007299677712542706,0.2724090201539608,0.19998992557462353,-0.004928637437108585,-0.042864197530864234,-0.12330378143658405,10.0,5.0,-1.937409110441439,0.029980013324450366,0.013196480938416423,-20.056015037594072,-14.51758703481394,2411.5,2786.75,0.004643483644618718,0.15024249303477452
2401.5,2401.5,2401.5,2401.5,22,2022-06-30 00:00:00-04:00,2427.4,2443.3,2557.7375,2771.365,3084.14,2959.64125,2479.7802930903695,2593.3802199452343,2746.8743781536023,2869.1070032579387,29.10488634463694,31.441094062526602,27.2419627749577,38.64585915412003,-100.0,-93.8578390481627,-113.59992685486486,-112.93252433977152,-0.6674025150933431,2816.4800107611754,2557.7375,2298.994989238825,0.2023213959690353,0.19808304878008495,36.72001731604321,1.5290450683340917,21.25,39.61538461538461,1.3683737165592902e-07,-158.0,100,0,0,0,35.57399542540541,100.0,0.0,-100.0,2476.3661386263475,-2476.3661386263475,-0.008771024662057592,-0.008809716509780378,0.26289621500206334,0.2065385160876618,-0.014162561576354649,-0.06273782808078832,-0.10799517132509984,11.0,2.0,-2.0788066086788612,0.0,0.0,-20.60131578947369,-14.385414165666262,2401.5,2786.75,0.0,0.16042057047678535
2389.25,2389.25,2389.25,2389.25,22,2022-07-01 00:00:00-04:00,2422.95,2434.8,2542.6,2754.4,3076.355,2956.94625,2465.852555691851,2578.259462912254,2732.849892735814,2864.3323067081083,28.37662567078815,30.96459775720714,7.614213197969543,27.670363305204415,-99.99999999999999,-107.36728644570182,-112.4069072204029,-112.8274009158978,0.4204936954948977,2803.566348405311,2542.6,2281.6336515946887,0.20527518949524995,0.20618817150740554,34.97215893632584,1.4637295777472363,12.25,39.61538461538461,1.119578527664089e-07,-180.0,100,0,0,0,36.12238730324325,100.0,0.0,-100.0,2461.392910901078,-2461.392910901078,-0.005100978555069746,-0.005114032958590018,0.2621130505354008,0.1983743703641276,-0.009226622434169607,-0.03435384459937352,-0.11246285289747404,11.75,1.872340425531915,-2.1903781229615253,0.0,0.0,-20.888345864661687,-14.142953181272484,2389.25,2786.75,0.0,0.1663701998535105
2342.0,2342.0,2342.0,2342.0,22,2022-07-05 00:00:00-04:00,2399.2,2422.9,2525.1,2735.96,3067.3725,2954.06625,2446.7983163546432,2560.7587619557908,2717.5224459618607,2859.134970322953,25.70492555715721,29.173942300225836,0.0,11.618725324309102,-100.0,-164.61858474338953,-113.96044560114751,-113.05400985294774,-0.9064357481997689,2790.5476125340033,2525.1,2259.6523874659965,0.2102472080582974,0.15511085548651316,35.84914758373114,1.5307065578023544,47.25,39.61538461538461,9.160188341184039e-08,-202.0,100,0,0,0,37.01322023392295,100.0,0.0,-100.0,2446.9643287208623,-2446.9643287208623,-0.019776080359945603,-0.01997424398862641,0.265667865834649,0.09102265195388425,-0.048257645026922646,-0.04835432750914259,-0.13001485884101038,12.85,1.7120622568093387,-2.6254518908803286,0.0,0.0,-21.3951127819549,-13.865306122448967,2342.0,2786.75,0.0,0.1899017933390265
2354.75,2354.75,2354.75,2354.75,22,2022-07-06 00:00:00-04:00,2382.05,2409.375,2505.4625,2718.995,3057.79,2951.2425,2432.6370369154674,2545.4988536627693,2703.2960755319837,2854.1162143993415,27.683522247161413,30.31571358376454,5.263157894736842,4.292457030902149,-94.211123723042,-130.60925600468659,-112.86181674730187,-113.01557123181857,0.15375448451669627,2760.08257359004,2505.4625,2250.8424264099604,0.2032519533539534,0.2040443475743782,34.19920847060748,1.4523498660412988,12.75,39.61538461538461,7.49470032701538e-08,-180.0,100,0,0,0,37.557778132646476,92.85714285714286,7.142857142857143,-85.71428571428572,2425.97146297669,-2425.97146297669,0.005444064901793277,0.005429299545263796,0.249886316150931,0.14305892258564357,-0.035136242573243215,-0.054317269076305186,-0.14294813466787992,13.95,1.5770609318996416,-2.5056824630408765,0.02866779089376054,0.017598343685300208,-20.317105263157956,-13.6184993997599,2342.0,2786.75,0.00541458753583183,0.18345896591994904
2386.75,2386.75,2386.75,2386.75,22,2022-07-07 00:00:00-04:00,2374.85,2404.575,2487.675,2705.64,3048.4675,2948.69375,2425.577492774626,2533.739679317379,2690.882503942494,2849.4658043058157,32.53944367862201,33.15546952462947,30.333185905941324,11.865447933559409,-69.76351351351352,-66.75888177053014,-108.1621865427528,-112.04489429400542,3.8827077512526103,2722.508936005849,2487.675,2252.841063994151,0.1887979225629143,0.2851141071929943,34.04212215127838,1.4262960993517704,32.0,39.61538461538461,6.132027863259282e-08,-158.0,100,0,0,0,37.36976217229758,85.71428571428572,0.0,-85.71428571428572,2409.177170381352,-2409.177170381352,0.013589553031107426,0.013498043175216145,0.2603521322757159,0.20478137963725238,-0.014859147662779848,-0.019714549748434118,-0.1297174111212397,15.05,1.4617940199335548,-2.206712296356513,0.10061832490163013,0.06176673567977916,-18.270300751879738,-13.578607442977194,2342.0,2786.75,0.018749345344087148,0.16759191369016446
2383.75,2383.75,2383.75,2383.75,22,2022-07-08 00:00:00-04:00,2371.3,2399.35,2467.525,2692.51,3039.4825,2946.195,2419.142493886222,2522.629332701277,2678.8380920231807,2844.83181620327,32.32033168275506,33.02299778773693,59.78644869253745,31.794264164405224,-71.79054054054055,-61.977252843394574,-103.48683881505485,-110.3332831982153,6.846444383160446,2661.9312691890345,2467.525,2273.1187308109656,0.157571873994415,0.28453626945913985,31.82482771190135,1.3350740518888873,3.0,39.61538461538461,5.017114546035373e-08,-180.0,100,0,0,0,37.226473450664784,78.57142857142857,14.285714285714286,-64.28571428571429,2395.7417363050818,-2395.7417363050818,-0.001256939352676234,-0.0012577299635137434,0.24701479098511187,0.19810151103614232,-0.007391213824692877,-0.021449096880131413,-0.14461290033192786,16.15,1.3622291021671828,-2.2343649621153903,0.10823071937783539,0.05762594893029676,-15.03270676691739,-13.51654261704683,2342.0,2727.75,0.017514420555846878,0.14431043523859466
2341.25,2341.25,2341.25,2341.25,17,2022-07-11 00:00:00-04:00,2361.7,2392.325,2448.2,2678.005,3030.175,2943.02125,2407.1590332883416,2509.1938265752565,2665.5993433163894,2839.821051862939,29.30930936265405,31.17045533528944,54.523290797800605,48.214308465426484,-100.0,-123.13883299798769,-102.03479328691492,-108.67358521595523,6.638791929040309,2609.2765035627613,2448.2,2287.1234964372384,0.13158769999408665,0.16801489467913583,32.587340018194105,1.3918778438096788,42.5,39.61538461538461,4.1049126764391985e-08,-197.0,100,0,0,0,37.52351096889943,100.0,7.142857142857143,-92.85714285714286,2386.75,-2386.75,-0.017829050865233342,-0.017989903156330544,0.24486607455653397,0.23089478418489032,-0.020089986397405002,-0.029131246112378162,-0.14169187058931354,17.0,1.0,-2.537458826824357,0.0,0.0,-12.727819548872256,-13.427142857142844,2341.25,2638.75,0.0,0.12706887346502937
2321.75,2321.75,2321.75,2321.75,17,2022-07-12 00:00:00-04:00,2357.65,2378.425,2432.35,2664.485,3020.6675,2939.6925,2394.0191820132122,2495.309098680793,2652.1150553431976,2834.6661160235067,28.0194903848413,30.350201568109032,29.453262786596124,47.92100075897809,-100.0,-139.64840416453345,-101.28991666758066,-107.19685150628031,5.906934838699655,2576.8380963955115,2432.35,2287.8619036044884,0.1188053498842778,0.1172695095336738,31.652530016894527,1.3633048354428567,19.5,39.61538461538461,3.358565692224147e-08,-214.0,100,0,0,0,37.98356954332284,100.0,0.0,-100.0,2383.75,-2383.75,-0.008328884143085968,-0.008363763102180568,0.22627515660999012,0.19264648395048556,-0.008646456020495297,-0.056486843442040024,-0.12013263855992418,17.1,0.9941520467836257,-2.1896355047685034,0.0,0.0,-11.525563909774526,-13.482340936374564,2321.75,2601.0,0.0,0.12027565414019598
2330.75,2330.75,2330.75,2330.75,5,2022-07-13 00:00:00-04:00,2352.85,2367.45,2418.8375,2650.105,3010.775,2936.55625,2384.2854617034873,2483.119535815549,2639.5125041532683,2829.652025316805,29.56024541185566,31.227240226533254,4.615384615384615,29.530646066593807,-93.52517985611512,-105.4364089775561,-98.8340741120619,-105.52429602743663,6.690221915374735,2547.3770148388207,2418.8375,2290.2979851611794,0.10628205891368944,0.1573524487374349,30.034492158544918,1.2886192066306947,9.0,39.61538461538461,2.7479181596845592e-08,-209.0,100,0,0,0,38.19066609658149,92.85714285714286,21.42857142857143,-71.42857142857143,2371.35,-2371.35,0.003876386346505889,0.0038688925206853304,0.2269267780146151,0.18928833399423567,-0.010192164773330514,-0.04497029297275146,-0.10390234525182618,16.6,0.3012048192771084,-1.955663331444312,0.037422037422037424,0.012362637362637362,-10.314097744360936,-13.324093637454997,2321.75,2562.25,0.0038614179984983376,0.09932425185026279
2367.0,2367.0,2367.0,2367.0,5,2022-07-14 00:00:00-04:00,2348.9,2361.875,2410.625,2636.45,3001.2875,2933.775,2381.626159902951,2474.518088718101,2628.8257392845126,2825.0485225773346,35.54473681177722,34.70449839435662,28.943341604631925,21.003996335537582,-67.44604316546763,-30.39200923555662,-92.8919288151501,-102.99782258497933,10.105893769829237,2530.0517034628383,2410.625,2291.1982965371617,0.09908360152478159,0.31735659306055164,30.47845700436314,1.28764076909012,36.25,39.61538461538461,2.2482971928639017e-08,-204.0,100,0,0,0,37.52806545734587,85.71428571428572,14.285714285714286,-71.42857142857143,2321.75,2321.75,0.015552933605062824,0.015433226337180988,0.22363778182181726,0.1996959397804548,-0.008274850738451911,-0.023011041172221636,-0.06488888888888888,16.1,0.3105590062111801,-1.4756495284709006,0.18814968814968816,0.07106399685904986,-9.279699248120382,-13.011500600240105,2321.75,2562.25,0.019117025771018165,0.08248838191803971
2380.0,2380.0,2380.0,2380.0,5,2022-07-15 00:00:00-04:00,2348.15,2359.725,2401.5125,2626.05,2992.0425,2930.80375,2381.375981456343,2467.5167488130564,2619.067867155708,2820.6201790691025,37.592438330179554,35.924435841530375,62.276674937965254,31.94513371932729,-58.09352517985612,-0.4094546808111939,-86.14076735671324,-99.62641153932611,13.485644182612873,2499.083688754691,2401.5125,2303.9413112453085,0.08125811442138346,0.3897599779475605,29.229995789765773,1.228151083603604,13.0,39.61538461538461,1.83951627263923e-08,-199.0,100,0,0,0,36.62027058168064,78.57142857142857,7.142857142857143,-71.42857142857143,2322.655,2322.655,0.005492184199408445,0.005477157151536356,0.2186579821032607,0.2060667377040119,-0.0015731515469323831,-0.008952737872163219,-0.0711288906234755,15.6,0.32051282051282054,-1.6318923111775634,0.3462109955423477,0.09148017275225756,-7.3231203007519134,-12.969483793517421,2321.75,2490.0,0.024474789915966386,0.046218487394957986
2461.5,2461.5,2461.5,2461.5,10,2022-07-18 00:00:00-04:00,2372.2,2366.95,2400.875,2616.11,2983.2375,2928.285,2393.7027535399825,2467.071063715793,2612.8887351103863,2817.0468439539873,48.61418563359744,42.941827456267326,90.99462365591398,60.73821339950374,-0.0,169.08212560386474,-73.36831017581062,-94.37479126662302,21.0064810908124,2496.6876426939575,2400.875,2305.0623573060425,0.0798147697768168,0.816372653417185,32.963567519068214,1.3391658549286294,81.5,39.61538461538461,1.5050595436605363e-08,-189.0,100,0,0,0,34.20279858018256,71.42857142857143,100.0,28.571428571428573,2324.9488,2324.9488,0.0342436974789917,0.033670432532734995,0.22612941590135022,0.25252683617885263,0.05136145221569666,0.030239614941927284,-0.005153076689906055,15.35,0.6514657980456027,-0.7742831244645311,0.8306092124814265,0.2285363859362224,-5.317669172932363,-12.542496998799523,2321.75,2490.0,0.056774324598821854,0.01157830591102986
2399.5,2399.5,2397.5,2397.5,6,2022-07-19 00:00:00-04:00,2387.35,2372.5,2397.7,2606.13,2973.755,2925.7575,2394.286945303062,2461.9176515886975,2604.442118047234,2812.8722484917585,42.29692140817497,39.38527798294012,83.68387507966857,78.98505789118262,-45.796064400715565,47.47089212737965,-67.63070628563537,-89.0259742704255,21.395267984790124,2489.4551905888943,2397.7,2305.9448094111053,0.07653600582966551,0.49891014340051937,35.18045555342049,1.4673808364304688,64.0,33.61538461538461,-1.9090908967767817,-195.0,0,0,0,0,32.86040020080089,64.28571428571429,92.85714285714286,28.571428571428573,2333.141872,2333.141872,-0.026000406256347808,-0.026344392440662046,0.24361598575266727,0.3474083923782762,0.03262625174975775,0.023697694278394632,-0.025802519301097115,14.9,0.40268456375838924,-0.8499581900717297,0.45022288261515603,0.12387571545380213,-4.416541353383566,-12.37020408163266,2321.75,2490.0,0.03159541188738269,0.03858185610010428
2435.25,2435.25,2435.25,2435.25,16,2022-07-20 00:00:00-04:00,2408.25,2380.55,2394.9625,2598.215,2963.5325,2923.4225,2400.5889537179755,2459.942269989535,2597.807133025774,2809.114813183383,46.696802635922985,42.34280112963024,74.42461582040931,83.03437151866397,-18.783542039355993,126.22778341412011,-59.35331627155938,-83.09144267065227,23.73812639909289,2478.432146429094,2394.9625,2311.4928535709064,0.06970434520715352,0.7413302423308069,35.36399444246188,1.4521710067739197,37.75,33.61538461538461,-2.51652891554464,-179.0,100,0,0,0,31.01622310703529,57.142857142857146,85.71428571428572,28.571428571428573,2340.84335968,2340.84335968,0.01574556830031293,0.015622892893471841,0.24680037053691464,0.3516679043164054,0.044835353427008506,0.03418621934387933,-0.0219879518072289,15.2,1.0526315789473684,-0.715867374389844,0.8121645796064401,0.1856091578086672,-2.422744360902278,-12.221572629051636,2321.75,2461.5,0.04660712452520275,0.010779180782260549
2427.5,2427.5,2427.5,2427.5,16,2022-07-21 00:00:00-04:00,2420.35,2384.625,2394.6,2591.95,2953.7475,2920.77375,2404.729114684441,2457.539138879199,2591.128421926724,2805.3176508631504,45.92262941393679,41.90208422858362,60.51868535006167,72.8757254167132,-24.329159212880143,99.73944390905469,-52.81002419475817,-77.03515897547345,24.22513478071528,2477.4358919792853,2394.6,2311.7641080207145,0.06918557753218525,0.6985854151738193,33.39156626800032,1.3755537082595395,7.75,33.61538461538461,-2.5362509309001595,-195.0,100,0,0,0,29.41428889035644,50.0,78.57142857142857,28.571428571428573,2348.0827580992,2348.0827580992,-0.0031824248023817336,-0.003187499485585097,0.2340462083933578,0.35483549476904436,0.025559780312631952,0.017073426207185438,-0.002977718451586453,15.5,1.032258064516129,-0.5448986210271485,0.7567084078711985,0.17293540474243663,-1.329699248120362,-12.274189675870371,2321.75,2461.5,0.043563336766220394,0.014006179196704428
2484.75,2484.75,2483.0,2483.0,16,2022-07-22 00:00:00-04:00,2440.95,2394.55,2396.95,2586.745,2944.4075,2918.35625,2416.770789348373,2459.425128591851,2586.888091655088,2802.110510058542,52.053020955815164,46.119012799316195,76.16623338405117,70.36984485150741,-1.0736196319018405,165.91369190661376,-42.65433924347781,-70.15899502907432,27.504655785596512,2486.7264724190104,2396.95,2307.1735275809892,0.0749089237731372,0.9792458295664705,35.09574010600029,1.4134410030608253,57.25,17.615384615384613,-7.404659852554673,-179.0,0,0,0,0,27.606697979295195,42.85714285714286,100.0,57.142857142857146,2354.887792613248,2354.887792613248,0.022863027806385272,0.02260558534268673,0.2477966623575023,0.37633101046230477,0.043277310924369816,0.04163607760880961,0.019293924466338153,15.8,1.0126582278481011,-0.18422417345530628,1.0,0.26369582992641044,0.586842105263108,-12.160012004801933,2321.75,2484.75,0.06494160289971808,0.0007047925896093435
2426.25,2426.25,2426.25,2426.25,5,2022-07-25 00:00:00-04:00,2433.9,2403.05,2397.6875,2579.885,2933.51,2915.7775,2418.229129448623,2456.967711659121,2580.5885586490062,2798.37060448582,46.27621188750085,42.78484226502815,63.07592244273736,66.58694705895009,-35.88957055214724,56.702054203349235,-38.73858221049795,-63.874912465359046,25.136330254861093,2488.169525148641,2397.6875,2307.205474851359,0.07547441036301919,0.6578352161828744,36.6424729555717,1.510251332532579,56.75,17.615384615384613,-8.723130788453823,-184.0,100,0,0,0,26.166576277767394,35.714285714285715,92.85714285714286,57.142857142857146,2365.2767692041884,2365.2767692041884,-0.02285541683447445,-0.023120651024946624,0.2593162331461413,0.3498779782850303,-0.014320536258379035,0.036305392418579885,0.0061165249844494785,15.55,0.3215434083601286,-0.19792654498400009,0.648062015503876,0.17089125102207686,1.235150375939771,-12.090696278511414,2321.75,2484.75,0.04307058217413704,0.0241112828438949
2435.5,2435.5,2435.5,2435.5,0,2022-07-26 00:00:00-04:00,2441.5,2414.425,2396.425,2573.98,2921.71,2913.0,2420.8861864565274,2455.3775107954825,2574.898811251006,2794.7599517048666,47.302785934711245,43.48411008579168,48.919174850406954,62.72044355906518,-30.21472392638037,61.98025725396347,-34.49132433895511,-57.998194840078256,23.506870501123146,2484.0104011807725,2396.425,2308.839598819228,0.07309671797011995,0.7230679969105283,34.685867744459436,1.424178515477702,9.25,17.615384615384613,-8.469493372371307,-184.0,100,0,0,0,24.682680796572505,28.571428571428573,85.71428571428572,57.142857142857146,2374.8346276678535,2374.8346276678535,0.0038124678001030254,0.003805218763377325,0.2488227058214535,0.2821905072915059,0.015849843587069756,0.04899321632389353,-0.010261099258356166,15.05,0.0,-0.4021562775156201,0.7054263565891473,0.18601798855273916,2.7710526315789257,-12.060960384153649,2321.75,2484.75,0.04670498870868405,0.02022172038595771
2427.5,2427.5,2427.5,2427.5,38,2022-07-27 00:00:00-04:00,2439.95,2424.1,2395.775,2567.05,2908.3075,2910.08125,2421.9036962324462,2453.312509995817,2569.118465711751,2791.1056238272063,46.475640317859806,43.006792918421205,16.966669115666264,42.98725546960355,-35.12269938650307,42.390831278108315,-31.408813763370745,-52.680318624736756,21.27150486136601,2482.228007466455,2395.775,2309.321992533545,0.07217122431485001,0.683481182030074,32.779734334140905,1.3503495091304183,8.0,17.615384615384613,-7.595778668303797,-222.0,100,0,0,0,23.422936341807006,21.42857142857143,78.57142857142857,57.142857142857146,2383.6278574544253,2383.6278574544253,-0.003284746458632748,-0.003290153081117398,0.2473738235962597,0.2607407847182432,-0.0031824248023817336,0.041510243483857234,-0.0053267772997336316,16.9,2.248520710059172,-0.5187474445285472,0.6558139534883721,0.17293540474243663,3.9109022556391078,-11.915774309723897,2321.75,2484.75,0.043563336766220394,0.023583934088568487
2370.5,2457.0,2370.5,2457.0,1,2022-07-28 00:00:00-04:00,2445.85,2433.1,2397.4875,2560.015,2894.1475,2906.80875,2427.3031275813005,2453.5856574035342,2564.7216631348197,2787.7811897592737,49.95105695470121,45.330302496216305,31.219959228711975,32.36860106492842,-17.024539877300615,38.13649051881818,-26.282529822233755,-47.400760864236155,21.1182310420024,2487.3015405226092,2397.4875,2307.673459477391,0.07492346927573891,0.8313095572457774,36.61689616741655,1.4903091643230177,86.5,18.615384615384613,-6.22964277406674,-221.0,0,0,0,0,23.038586417055853,14.285714285714286,71.42857142857143,57.142857142857146,2484.75,-2484.75,0.01215242018537599,0.012079172355699226,0.24955759665631777,0.2733341907798262,0.01215242018537599,0.03802281368821303,0.01413682798472804,14.45,0.06920415224913495,-0.14294003561135593,0.8387596899224806,0.22117743254292724,5.211466165413434,-11.582797118847553,2321.75,2484.75,0.05504680504680505,0.011294261294261294
2463.5,2463.5,2463.5,2463.5,12,2022-07-29 00:00:00-04:00,2441.95,2441.45,2400.5875,2552.085,2881.3275,2903.5825,2432.8718771841773,2454.320053151421,2560.7521861491405,2784.5545112542063,50.71048385087772,45.841126892179155,59.28263729139004,35.82308854525611,-13.036809815950921,87.09003844138981,-21.448175967243515,-42.210243884837624,20.76206791759411,2494.9083984000786,2400.5875,2306.2666015999216,0.07858151256730152,0.8335024425506721,34.46568929831537,1.3990537567816266,6.5,18.615384615384613,-5.1044378378727835,-209.0,100,0,0,0,22.560956703101347,7.142857142857143,64.28571428571429,57.142857142857146,2482.465,-2482.465,0.002645502645502562,0.002642009462838576,0.24701602676090872,0.20865092476353814,-0.007853403141361293,0.035084033613445476,0.02581719758484291,13.95,0.8602150537634409,0.08176853869994183,0.8790697674418605,0.23180703188879803,6.217857142857051,-11.075234093637464,2321.75,2484.75,0.05754008524457073,0.008625938705094378
2407.25,2407.25,2407.25,2407.25,12,2022-08-01 00:00:00-04:00,2438.15,2436.025,2401.4875,2543.605,2870.545,2900.425,2428.930049925073,2450.833382547612,2554.7324925746643,2780.8002375103833,44.4278694623994,42.253661065365804,71.74242958989201,54.08167536999803,-50.324675324675326,-26.551298815716894,-21.903332622538983,-38.148861632377894,16.24552900983891,2495.7019462117883,2401.4875,2307.273053788212,0.07846340754368954,0.5305818281150116,36.02171149129284,1.4963843178437155,56.25,18.615384615384613,-4.180086924168638,-221.0,100,0,0,0,22.820903601199962,0.0,57.142857142857146,57.142857142857146,2480.2257,-2480.2257,-0.02283336716054396,-0.023098085863624464,0.26082962381254265,0.20850879735537453,-0.007831014940752223,-0.022039406865732247,0.007533744899026917,13.45,0.892193308550186,-0.08001033901505128,0.5302325581395348,0.13982011447260834,6.134022556390894,-10.732352941176472,2321.75,2484.75,0.03551770692699138,0.032194412711600374
2386.5,2386.5,2386.5,2386.5,12,2022-08-02 00:00:00-04:00,2428.35,2434.925,2403.7125,2533.655,2861.545,2896.705,2422.4023499366003,2446.0679468033445,2548.1351399246773,2776.876852062519,42.34379749544732,41.01054160321185,52.240143369175634,61.08840341681924,-83.43949044585987,-96.6958536639708,-23.66559686674418,-35.252208679251154,11.586611812506973,2494.2317348343636,2403.7125,2313.1932651656366,0.07531619096240792,0.4049235224342298,34.9308749562005,1.4636863589440812,20.75,18.615384615384613,-3.421935466365248,-233.0,100,0,0,0,23.297823485900917,0.0,50.0,50.0,2478.031186,-2478.031186,-0.008619794371170442,-0.008657159674442097,0.2521881731530352,0.20722351593714128,-0.020119072059125442,-0.004588112617309736,0.01900085397096496,12.95,0.9266409266409267,0.2516258964497067,0.4015503875968992,0.10588716271463613,4.980639097744264,-10.268391356542635,2321.75,2484.75,0.027131782945736434,0.04116907605279698
2349.5,2349.5,2349.5,2349.5,12,2022-08-03 00:00:00-04:00,2412.75,2426.35,2403.45,2522.1,2851.4275,2892.5975,2411.186603792508,2438.914765558652,2540.345526594298,2772.624346071847,38.84469069128222,38.86947527573817,18.9068100358423,47.62979433163667,-100.0,-179.05612137977286,-27.72816176614424,-33.74739929662977,6.019237530485533,2494.5641591631224,2403.45,2312.335840836877,0.07581947547327603,0.20394283119370846,35.078669602186174,1.4930270100951766,37.0,18.615384615384613,-2.8006975548670177,-245.0,100,0,0,0,24.13862939592668,100.0,42.85714285714286,-57.142857142857146,2475.88056228,-2475.88056228,-0.015503875968992276,-0.01562531790308087,0.25824910899415765,0.22222496004802716,-0.03213182286302785,-0.03521199055538449,-0.0022295360441660916,12.45,0.9638554216867471,-0.054190043017652734,0.17209302325581396,0.045380212591986914,3.4330827067669225,-9.737791116446582,2321.75,2484.75,0.011811023622047244,0.05756543945520323
2372.75,2372.75,2372.75,2372.75,12,2022-08-04 00:00:00-04:00,2395.9,2420.875,2402.75,2510.89,2840.69,2888.44875,2405.273280132122,2434.013671813567,2533.773153002365,2768.6454968572016,42.083431077686534,40.905088372280005,12.533012639124701,27.89332201471423,-82.80961182994454,-117.58654190315421,-28.740391681444635,-32.74599777359275,4.005606092148113,2494.5789170141998,2402.75,2310.9210829858002,0.07643651400620102,0.33665276159490687,34.23376463060145,1.4427885209398987,23.25,18.615384615384613,-2.2919459042661927,-233.0,100,0,0,0,24.429638639529937,92.85714285714286,35.714285714285715,-57.142857142857146,2470.8253397888,-2470.8253397888,0.009895722494147607,0.009847080467731086,0.25599674354431673,0.2106093251247285,-0.03428978428978424,-0.02255406797116377,-0.005865716979155722,11.95,1.00418410041841,-0.23441153977224483,0.31627906976744186,0.09226594301221167,2.7308270676691775,-9.082304921968822,2321.75,2484.75,0.02149404699188705,0.04720261300179117
2396.75,2396.75,2396.75,2396.75,12,2022-08-05 00:00:00-04:00,2382.55,2412.25,2403.4,2501.335,2831.4425,2884.74125,2403.962006265642,2431.2533998273766,2528.3996960218797,2764.945044152155,45.30356517182696,42.96366165913026,34.07097288676237,21.836931853909807,-65.06469500924214,-49.46544601523689,-27.29139356173482,-31.655076931221164,4.363683369486342,2494.865075301994,2403.4,2311.9349246980064,0.07611306923690912,0.46364732670889114,33.50278144270134,1.3978421380077746,24.0,18.615384615384613,-1.875461510450748,-221.0,100,0,0,0,24.210677493777506,85.71428571428572,28.571428571428573,-57.142857142857146,2465.972326197248,-2465.972326197248,0.010114845643240944,0.010064032946504368,0.2585267536386338,0.23693024264904947,-0.027095595697178787,-0.03473620620217477,0.005453592029365462,11.45,1.0480349344978166,-0.08538072629447635,0.46511627906976744,0.14197823000473261,2.345112781954892,-8.460396158463398,2321.75,2484.75,0.03129237509126943,0.036716386773756125
2427.5,2427.5,2427.5,2427.5,12,2022-08-08 00:00:00-04:00,2386.6,2412.375,2407.7125,2492.915,2823.6725,2881.335,2407.583236070928,2430.975370210534,2524.4428451974923,2761.587382021288,49.20071658459684,45.5169554607988,67.4043062200957,38.00276391532761,-42.32902033271719,21.427641005601597,-23.39213413960624,-30.002488372898178,6.610354233291936,2495.091598616309,2407.7125,2320.333401383691,0.07258266808542047,0.6132278789398421,33.306154196794104,1.3720351883334336,30.75,18.615384615384613,-1.53458503021254,-209.0,100,0,0,0,23.41228955614947,78.57142857142857,21.42857142857143,-57.142857142857146,2461.3134331493584,-2461.3134331493584,0.012829873787420398,0.012748268208373943,0.25269813540044944,0.20457734122599644,0.00841208848270858,0.0005151983513653757,0.03683929524826479,11.2,1.0714285714285714,0.37167162386353525,0.6558139534883721,0.20018930430667298,1.7080827067668565,-7.783925570228089,2321.75,2484.75,0.043563336766220394,0.023583934088568487
2470.75,2470.75,2470.75,2470.75,8,2022-08-09 00:00:00-04:00,2403.45,2415.9,2415.1625,2485.665,2815.9925,2879.01125,2417.3011997523236,2433.921639083828,2522.3372434250414,2758.6934777225683,54.14908413242967,48.89556523626559,93.93939393939395,65.13822434875068,-10.351201478743068,117.24221937998638,-16.620439331504258,-27.326078564619394,10.705639233115136,2497.198661995803,2415.1625,2333.126338004197,0.06793427936696021,0.8387987604956699,34.0164288970231,1.3767653100080177,43.25,18.615384615384613,-1.2556278310048583,-201.0,100,0,0,0,21.910519231926582,71.42857142857143,14.285714285714286,-57.142857142857146,2349.5,2349.5,0.01781668383110202,0.01765982709081336,0.25564436617050385,0.20629154860917828,0.03530274460507021,0.014473414083350455,0.064175729514375,10.75,0.7441860465116279,0.6557961249448129,0.9195402298850575,0.28206341694273546,1.2513157894736693,-7.002605042016797,2330.75,2484.75,0.056662956592127896,0.005666295659212789
2472.75,2472.75,2472.75,2472.75,8,2022-08-10 00:00:00-04:00,2428.1,2420.425,2422.2625,2478.12,2807.5575,2876.83625,2425.8317844058124,2436.7978139665074,2520.392645643667,2755.8482689890106,54.370434001412505,49.048978441971286,100.00000000000001,87.1145667198299,-8.872458410351202,105.57196298483954,-10.966029560695006,-24.054068763834515,13.088039203139509,2498.199723250543,2422.2625,2346.325276749457,0.06269941697115235,0.8324291950564521,31.729541118664304,1.2831681778855244,2.0,18.615384615384613,-1.027360992146729,-193.0,100,0,0,0,20.481876527511844,64.28571428571429,7.142857142857143,-57.142857142857146,2351.925,2351.925,0.0008094708084589453,0.0008091433636568295,0.25577456312239033,0.0982324374693377,0.052457969780804525,0.018640576725025726,0.06092459508741821,10.9,0.7339449541284403,0.642889959679955,0.9232209737827716,0.3247311827956989,0.7411654135337685,-6.140744297719064,2349.5,2484.75,0.04984329188150844,0.004852896572641796
2505.25,2505.25,2505.25,2505.25,8,2022-08-11 00:00:00-04:00,2454.6,2425.25,2429.175,2472.955,2799.0375,2874.8225,2438.049971420303,2441.868346265285,2519.798816402739,2753.354753874692,57.925051661785844,51.531572708851826,100.00000000000001,97.979797979798,-0.0,167.56321963740257,-3.8183748449819177,-20.006929980063994,16.188555135082076,2508.8112197746395,2429.175,2349.538780225361,0.06556647402895169,0.9776407030323806,31.78457389590257,1.2687186466780789,32.5,18.615384615384613,-0.8405826496914273,-185.0,100,0,0,0,19.432266457628295,57.142857142857146,100.0,42.85714285714286,2356.7580000000003,2356.7580000000003,0.013143261550904839,0.013057638318488095,0.2543557045418469,0.100092273730248,0.05584237698872618,0.019637769637769642,0.058407266582171546,11.05,0.7239819004524887,0.6702713840618796,1.0,0.3946236559139785,1.0541353383458067,-5.378019207683085,2349.5,2505.25,0.062169444167248775,0.0
2421.75,2421.75,2421.75,2421.75,8,2022-08-12 00:00:00-04:00,2459.6,2421.075,2431.2625,2467.545,2788.5575,2872.59875,2435.542283509487,2440.3780983937822,2515.953764779102,2750.0552040848943,47.653634195797046,45.54490605903944,66.66666666666669,88.88888888888891,-53.611556982343494,-9.14223437137066,-4.83581488429536,-16.972706960910266,12.136892076614906,2507.760126597193,2431.2625,2354.7648734028066,0.06292831530712392,0.43782486841004264,35.4785329033381,1.4649956809471703,83.5,18.615384615384613,-0.6877567232604918,-193.0,100,0,0,0,18.936965428545157,50.0,92.85714285714286,42.85714285714286,2365.6675200000004,2365.6675200000004,-0.03333000698533084,-0.03389811063194399,0.28475211220002644,0.3311776253845729,0.010430791697089825,-0.016947432514714866,0.017542016806722627,11.2,0.7142857142857143,0.37617040718219064,0.463884430176565,0.21505376344086022,0.17161654135336868,-4.961452581032431,2349.5,2505.25,0.02983379787343863,0.0344791989263962
2377.0,2377.0,2377.0,2377.0,8,2022-08-15 00:00:00-04:00,2449.5,2418.05,2427.0375,2461.245,2777.725,2870.90125,2426.5357783541813,2435.6834244386873,2510.504597532863,2746.3432120044477,43.22943420980982,42.7501422737805,33.33333333333335,66.6666666666667,-82.34349919743178,-86.64255783250057,-9.14764608450605,-15.407694785629422,6.260048701123372,2505.691850642548,2427.0375,2348.3831493574517,0.06481510948433904,0.18191524314147722,36.14078055309967,1.520436708165741,44.75,18.615384615384613,-0.5627136876059744,-201.0,100,0,0,0,19.044003834122602,42.85714285714286,85.71428571428572,42.85714285714286,2374.0424688000003,2374.0424688000003,-0.018478373077320143,-0.018651230946300387,0.2639076072783189,0.3425789427120829,-0.020803295571575675,-0.012566206251947265,-0.03432866138533419,11.1,0.7207207207207208,-0.11409355222628748,0.17656500802568217,0.11881720430107527,-0.12612781954889737,-4.624813925570225,2349.5,2505.25,0.011569204880100967,0.05395456457719815
2381.0,2381.0,2381.0,2381.0,8,2022-08-16 00:00:00-04:00,2431.55,2417.5,2426.2125,2455.025,2765.8075,2868.83375,2419.5302739919994,2431.632800406192,2505.4259858649075,2742.7079561636074,43.73229705053775,43.077967182129214,1.0396361273554446,33.679878709118505,-79.7752808988764,-67.63021251538979,-12.102526414192653,-14.746661111342068,2.644134697149415,2506.4196186055074,2426.2125,2346.005381394493,0.06611714234058828,0.21815157565767698,33.84501051359255,1.4214620123306405,4.0,18.615384615384613,-0.46040392869221947,-193.0,100,0,0,0,19.06892933021734,35.714285714285715,78.57142857142857,42.85714285714286,2377.0,2377.0,0.0016827934371055342,0.0016813791266687963,0.2477798521046393,0.29345058531842766,-0.03632500252959625,-0.002304630211606984,-0.006882168925964494,11.2,0.7142857142857143,0.055371232808643644,0.20224719101123595,0.12741935483870967,-1.250187969924867,-4.248511404561829,2349.5,2505.25,0.013229735405291895,0.05218395632087358
2397.75,2397.75,2397.75,2397.75,8,2022-08-17 00:00:00-04:00,2416.55,2422.325,2424.3375,2448.03,2753.85,2867.03,2416.179462608615,2429.1229633390667,2501.203398183931,2739.2755386893427,45.89359434378926,44.47592161167108,6.432748538011715,13.601905999566851,-69.02086677367576,-33.15222312777346,-12.943500730451888,-14.386029035164032,1.4425283047121447,2505.360995820644,2424.3375,2343.3140041793563,0.0668417626016541,0.3359272225253337,32.62393833405022,1.3606063323553423,16.75,18.615384615384613,-0.37669503380093516,-185.0,100,0,0,0,18.771670191089864,28.571428571428573,71.42857142857143,42.85714285714286,2377.0,2377.0,0.0070348593028140005,0.007010230121197796,0.24219787035878987,0.30720719252531364,-0.030330603579011184,0.020536284315811892,-0.015398829688943683,10.8,0.7407407407407407,-0.1402789855738512,0.3097913322632424,0.16344086021505377,-1.5140977443608943,-3.6670108043217216,2349.5,2505.25,0.020123032009175267,0.04483369825878428
2393.5,2393.5,2393.5,2393.5,8,2022-08-18 00:00:00-04:00,2394.2,2424.4,2422.6375,2441.05,2742.07,2865.11625,2412.6903145149818,2426.4842253139504,2496.9797355100513,2735.834986065568,45.4169091088229,44.1868079195199,18.723251331307804,8.731878665558336,-71.74959871589084,-34.73705021747748,-13.793910798968682,-14.267605387924963,0.47369458895628114,2504.7437535681925,2422.6375,2340.531246431807,0.06778253334904016,0.32256223653049815,30.597228453046633,1.2783467078774444,4.25,18.615384615384613,-0.3082054828180496,-193.0,100,0,0,0,18.557407766762545,21.42857142857143,64.28571428571429,42.85714285714286,2381.0,2381.0,-0.001772495047440259,-0.001774067775496752,0.24205511667070928,0.2638776653301738,-0.04460632671390086,0.008745126962385497,-0.014006179196704438,10.4,0.7692307692307692,-0.10354014911526555,0.2825040128410915,0.1543010752688172,-1.9046992481202962,-3.0741656662665227,2349.5,2505.25,0.018383120952579903,0.046688949237518276
2371.75,2371.75,2371.75,2371.75,8,2022-08-19 00:00:00-04:00,2384.2,2421.9,2417.075,2432.75,2729.9325,2863.20125,2406.3918045896,2422.4298382536576,2492.0687654900494,2732.212249885811,42.957806023022926,42.69543989767235,17.683615203952378,14.279871691090648,-85.71428571428571,-68.36643658731302,-16.03803366405782,-14.621691043151534,-1.4163426209062866,2497.117816667099,2417.075,2337.032183332901,0.06623114025596975,0.21687028338527783,29.965283563543302,1.2634250474773185,21.75,18.615384615384613,-0.2521683498870466,-201.0,100,0,0,0,18.677521408882352,14.285714285714286,57.142857142857146,42.85714285714286,2505.25,-2505.25,-0.009087110925423025,-0.009128650559577511,0.22709631405515993,0.15763975059582722,-0.02064622690203366,-0.010430791697089825,-0.04480467176802261,10.0,0.8,-0.5420454814208141,0.14285714285714285,0.12315270935960591,-1.678571428571534,-2.390612244897969,2349.5,2505.25,0.009381258564351217,0.056287551386107304
2377.25,2377.25,2377.25,2377.25,8,2022-08-22 00:00:00-04:00,2384.25,2416.875,2414.625,2425.74,2719.39,2861.525,2401.9084500373538,2419.0831835682015,2487.5660688041653,2728.68028720038,43.78667624343454,43.2044184425258,19.34178484457816,18.582883793279464,-82.18298555377207,-56.293309230804624,-17.17473353084779,-15.132299540690784,-2.0424339901570043,2496.375917426036,2414.625,2332.874082573964,0.06771313758951043,0.27140929315065454,28.217763309004493,1.1869918312758225,5.5,18.615384615384613,-0.20631967278917784,-193.0,100,0,0,0,18.666780524558238,7.142857142857143,50.0,42.85714285714286,2502.58,-2502.58,0.0023189627911879285,0.0023162781465673994,0.2139132158466963,0.09505161829727017,0.00010517458981906813,-0.020700308959835212,-0.0201957753735188,10.15,0.7881773399014778,-0.4092166949189384,0.1781701444622793,0.1750788643533123,-2.10263157894744,-1.7987515006002395,2349.5,2505.25,0.011673151750972763,0.053843726995477965
2412.5,2412.5,2412.5,2412.5,8,2022-08-23 00:00:00-04:00,2390.55,2411.05,2413.475,2421.215,2707.98,2860.50625,2403.5379192623764,2418.5955403409275,2484.6223014000802,2725.5342146909234,48.910595433238036,46.40772301061519,40.38461538461541,25.80333847771533,-69.47565543071161,-0.4622926668186836,-15.057621078551165,-15.11736384826286,0.05974276971169523,2494.66411564984,2413.475,2332.28588435016,0.06727984806127266,0.4939955005532701,28.720065929789886,1.1904690540845548,35.25,18.615384615384613,-0.1688070619046691,-185.0,100,0,0,0,17.89930475923712,0.0,42.85714285714286,42.85714285714286,2499.9634,-2499.9634,0.014828057629614033,0.01471919679358735,0.22062258457479958,0.14308182227106173,0.013229735405291931,-0.023575837296367474,-0.009443646068569067,10.55,0.7582938388625592,-0.29059223388202615,0.4044943820224719,0.3249776186213071,-1.8033834586466537,-1.308247298919551,2349.5,2505.25,0.0261139896373057,0.03844559585492228
2420.25,2420.25,2420.25,2420.25,8,2022-08-24 00:00:00-04:00,2395.05,2405.8,2413.1125,2417.6,2697.1825,2859.62875,2406.109008606626,2418.718092908266,2482.0978974236064,2722.4965608134016,49.98990968172666,47.09653340688411,73.71794871794874,44.48144964904745,-63.67041198501873,8.690744920993229,-12.609084301639996,-14.615707938938288,2.0066236372982917,2494.1124189814263,2413.1125,2332.112581018574,0.067133147734659,0.5440586860440965,27.222204077662038,1.1247682709497795,7.75,18.615384615384613,-0.13811489727876136,-177.0,100,0,0,0,17.02672991840317,78.57142857142857,35.714285714285715,-42.85714285714286,2497.399132,-2497.399132,0.0032124352331606154,0.003207286387039898,0.22069416069142606,0.13821686054546356,0.009383797309978181,-0.02123142250530785,-0.0029866117404737658,9.05,0.8839779005524862,-0.1400723865886968,0.45425361155698235,0.4095634095634096,-1.4851503759398705,-0.870228091236494,2349.5,2505.25,0.029232517301931618,0.03512033880797438
2422.5,2422.5,2422.5,2422.5,8,2022-08-25 00:00:00-04:00,2400.85,2397.525,2411.3875,2415.425,2686.7425,2858.7175,2408.630699590222,2418.9982341743203,2479.760724975622,2719.511520407298,50.31806621865904,47.303001751609195,100.00000000000001,71.3675213675214,-61.98501872659176,9.844961240309937,-10.367534584098394,-13.76607326797031,3.398538683871916,2490.00993239054,2411.3875,2332.7650676094595,0.06520928916695498,0.570670034379,25.438475214971895,1.0500918561391908,2.25,18.615384615384613,-0.11300311199736512,-169.0,100,0,0,0,16.167835206701554,71.42857142857143,28.571428571428573,-42.85714285714286,2494.88614936,-2494.88614936,0.0009296560272700205,0.000929224164740511,0.2160049974538404,0.13498716329057986,0.012116147900564034,-0.033030635665103336,-0.014041514041513992,9.4,0.851063829787234,-0.14478755855591263,0.46869983948635635,0.4189189189189189,-0.658082706766918,-0.5803721488595714,2349.5,2505.25,0.030134158926728587,0.03415892672858617
2484.0,2484.0,2484.0,2484.0,8,2022-08-26 00:00:00-04:00,2423.3,2403.75,2412.4125,2413.86,2677.1675,2858.335,2420.2259765763415,2423.8131797910373,2479.9269710550093,2717.1681221942904,58.36079046140377,52.61097818648947,100.00000000000001,91.23931623931627,-15.917602996254683,117.9748555895345,-3.587203214695819,-11.730299257315412,8.143096042619593,2494.1967092032633,2412.4125,2330.6282907967366,0.0678028398570007,0.9376608925940658,28.014298413902473,1.1277897912199064,61.5,18.615384615384613,-0.09245709874612373,-161.0,100,0,0,0,15.851568943505185,64.28571428571429,21.42857142857143,-42.85714285714286,2492.4234263728003,-2492.4234263728003,0.025386996904024794,0.025070099288448115,0.23482623373522304,0.16747430336333607,0.047327922420153934,0.02570455249303194,0.00832149380962055,9.2,0.8695652173913044,0.02656238493025498,0.8635634028892456,0.8841961852861036,1.202067669172873,-0.05944777911165037,2349.5,2505.25,0.054146537842190014,0.00855475040257649
2481.25,2481.25,2481.25,2481.25,4,2022-08-29 00:00:00-04:00,2444.1,2414.175,2416.1125,2414.0,2667.675,2857.90625,2429.614287872289,2428.067759065775,2479.9788545430483,2714.8206781923573,57.909354994830444,52.36334016391743,98.71794871794873,99.5726495726496,-17.97752808988764,108.22596630327058,1.5465288065138338,-9.074933644549564,10.621462451063397,2503.154368517389,2416.1125,2329.0706314826116,0.07205117188656454,0.8741733783379612,26.209705670052298,1.056310555971881,2.75,18.615384615384613,-0.07564672071187672,-165.0,100,0,0,0,15.497077043808497,57.142857142857146,14.285714285714286,-42.85714285714286,2490.009957845344,-2490.009957845344,-0.0011070853462157304,-0.0011076986178687898,0.21824894195696767,0.17795510907318052,0.04374802818382584,0.04385780395456451,0.030740471492366916,8.8,0.45454545454545453,0.2961344494719196,0.8459069020866774,0.8692098092643051,2.1039473684210335,0.24701080432173342,2349.5,2505.25,0.05309823677581864,0.009672544080604533
2373.5,2373.5,2373.5,2373.5,0,2022-08-30 00:00:00-04:00,2436.3,2413.425,2415.4625,2412.25,2657.36,2856.60375,2420.9813205073215,2424.025702838681,2475.803213188419,2711.424452538702,43.6592008824419,43.86829667075561,65.3846153846154,88.03418803418806,-98.68913857677903,-81.62690769002805,-3.0443823313594294,-7.868823381911537,4.824441050552108,2503.5668805664463,2415.4625,2327.358119433554,0.07295031950729622,0.26185917357223254,32.034012407905706,1.34965293481802,107.75,18.615384615384613,-0.0618927732695127,-165.0,100,0,0,0,15.539427530919115,50.0,7.142857142857143,-42.85714285714286,2487.6447586884374,-2487.6447586884374,-0.043425692695214124,-0.044396806444127836,0.26895607778738767,0.3966783424146809,-0.01616580310880833,-0.0031499370012599837,-0.005447307772889154,8.2,0.0,0.3995719819259649,0.15409309791332262,0.28201634877384196,1.027631578947415,0.26681872749098434,2349.5,2505.25,0.010111649462818622,0.05550874236359806
2341.75,2341.75,2341.75,2341.75,0,2022-08-31 00:00:00-04:00,2420.6,2407.825,2415.075,2409.285,2647.25,2855.08625,2408.791886583118,2417.9312063321117,2470.546224435932,2707.746099777123,40.496896230973675,41.77160220679195,32.05128205128206,65.38461538461542,-100.0,-133.00076327554217,-9.139319748993785,-8.122922655327987,-1.0163970936657982,2504.3962040895303,2415.075,2325.7537959104693,0.07396971447224664,0.08954315077020795,32.01372580734101,1.3670855474470378,31.75,18.615384615384613,-0.05063954265495241,-165.0,100,0,0,0,16.00832093113986,100.0,0.0,-100.0,2485.3268635146687,-2485.3268635146687,-0.013376869601853802,-0.01346714590213278,0.2674457735651765,0.39779007130927824,-0.03243466584030574,-0.023355228860389987,-0.003298574164715906,7.6,0.0,0.5856184935538722,0.0,0.10899182561307902,-1.0669172932331454,0.2913445378151487,2341.75,2505.25,0.0,0.06981957937439949
2277.25,2277.25,2277.25,2277.25,0,2022-09-01 00:00:00-04:00,2391.55,2396.2,2410.3,2406.135,2636.615,2853.43375,2388.554673262638,2407.510376233437,2462.965980340405,2703.4625564957587,34.95742812412622,37.90696544993376,4.736951571734001e-15,32.478632478632505,-100.0,-211.97045707915268,-18.95570297079894,-10.289478718422178,-8.666224252376761,2516.732795697556,2410.3,2303.8672043024444,0.0883149779675192,-0.12504230546607575,34.33417396395951,1.5077033247978706,64.5,18.615384615384613,-0.04143235352581698,-165.0,100,0,0,0,17.197903446206702,100.0,71.42857142857143,-28.571428571428573,2479.583788974082,-2479.583788974082,-0.02754350378990067,-0.027929938464320677,0.28166010893315385,0.4160448289216217,-0.0599587203302373,-0.048569041153122994,-0.040248656622063006,7.0,0.0,0.4668698236241009,0.0,0.0,-3.7041353383458824,0.043037214885937786,2277.25,2505.25,0.0,0.10012075968822044
2276.5,2276.5,2276.5,2276.5,0,2022-09-02 00:00:00-04:00,2350.05,2386.675,2404.2875,2402.945,2627.2825,2852.11375,2371.315492760694,2397.8059039198492,2455.653588954507,2699.2141728490346,34.897651860576765,37.86419467502032,4.736951571734001e-15,10.683760683760708,-99.99999999999999,-167.5234598123212,-26.49041115915543,-13.529665206568827,-12.960745952586601,2525.6427919118173,2404.2875,2282.9322080881825,0.10094906862163315,-0.0265015558318481,31.935304395105256,1.402824704375368,0.75,18.615384615384613,-0.033899198561549326,-165.0,100,0,0,0,18.31066596163572,100.0,64.28571428571429,-35.714285714285715,2467.443761635637,-2467.443761635637,-0.0003293446042376136,-0.00032939885008249496,0.27816899890034297,0.29195533374584415,-0.08353462157809988,-0.040160219247391216,-0.050172108063001986,6.4,0.0,0.34549167590520957,0.0,0.0,-5.829511278195552,-0.1888475390155954,2276.5,2505.25,0.0,0.1004831978915001
2248.0,2248.0,2248.0,2248.0,0,2022-09-06 00:00:00-04:00,2303.4,2373.75,2395.3125,2399.675,2617.4675,2850.36125,2352.343878489818,2386.7091702961566,2447.510310956291,2694.724479586855,32.615317924400394,36.233001818553454,4.736951571734001e-15,2.289526593004767e-14,-100.0,-161.30997958141876,-34.36529180633852,-17.696790526522765,-16.668501279815754,2533.8126692237233,2395.3125,2256.8123307762767,0.11564267228073442,-0.031813429635749596,31.689925509740593,1.409694195273158,28.5,18.615384615384613,-0.027735708025115713,-165.0,100,0,0,0,19.655318960584566,100.0,57.142857142857146,-42.85714285714286,2452.168260704786,-2452.168260704786,-0.012519218097957419,-0.01259824376125511,0.27425942934058056,0.2621525072763291,-0.09400503778337532,-0.05436954464191823,-0.07394438722966012,5.8,0.0,0.1915331904561648,0.0,0.0,-7.695676691729407,-0.5324729891956648,2248.0,2505.25,0.0,0.11443505338078291
2221.0,2221.0,2221.0,2221.0,0,2022-09-07 00:00:00-04:00,2272.9,2354.6,2382.825,2394.88,2607.61,2848.45125,2332.137127952923,2374.4344169408855,2438.6275536638873,2690.0108031730556,30.575197337682912,34.74410067163505,4.736951571734001e-15,2.289526593004767e-14,-100.0,-146.29803186504185,-42.297288987962474,-22.616890218810706,-19.68039876915177,2536.113461731478,2382.825,2229.536538268522,0.1286611158867966,-0.02784468632569228,31.35493083047341,1.4117483489632332,27.0,18.615384615384613,-0.022692852076108494,-165.0,100,0,0,0,21.182566804316505,100.0,50.0,-50.0,2431.7514346343073,-2431.7514346343073,-0.012010676156583577,-0.012083387119154198,0.26346068693060964,0.1533532911196432,-0.06425110596165995,-0.07937823834196889,-0.10108266720631387,5.4,0.0,0.04899971980734863,0.0,0.0,-8.994736842105304,-0.8033133253301172,2221.0,2505.25,0.0,0.1279828905898244
2240.25,2240.25,2240.25,2240.25,0,2022-09-08 00:00:00-04:00,2252.6,2336.6,2371.2,2390.875,2597.5075,2846.33875,2318.0006467293965,2364.4948305008197,2430.8480417554997,2685.535571300687,33.75666884866463,36.691607998491826,11.407407407407412,3.802469135802492,-92.68060836501901,-102.39843028624186,-46.494183771423195,-27.392348929333203,-19.101834842089993,2530.5895071828772,2371.2,2211.8104928171224,0.1344378434403487,0.08921386258584514,30.490292914011025,1.3610218910394387,19.25,18.615384615384613,-0.018566878999141778,-165.0,100,0,0,0,22.142570819685595,92.85714285714286,42.85714285714286,-50.0,2406.4612624781903,-2406.4612624781903,0.008667266996848166,0.008629921869901329,0.267279458243411,0.2177041872845356,-0.04334365325077394,-0.07437248218159276,-0.09402487109493474,5.0,0.0,0.04252395333967707,0.06772207563764292,0.06772207563764292,-9.611654135338418,-1.0554261704681998,2221.0,2505.25,0.008592790983149202,0.11829036937841758
2275.75,2275.75,2275.75,2275.75,0,2022-09-09 00:00:00-04:00,2252.3,2321.925,2359.725,2387.935,2587.76,2844.43,2311.500547232566,2357.9211393526107,2424.765765608225,2681.458102929536,39.28263946392699,40.15027235020766,44.290290290290294,18.565899232565922,-79.18250950570342,-60.5852242340898,-46.4205921200446,-31.197997567475483,-15.22259455256912,2511.7334619355174,2359.725,2207.7165380644824,0.12883574309338378,0.22378182460782223,30.84812913443881,1.3555148471685734,35.5,18.615384615384613,-0.015191082831368163,-165.0,100,0,0,0,22.23743009469378,85.71428571428572,35.714285714285715,-50.0,2384.2059109808074,-2384.2059109808074,0.015846445709184254,0.01572220162106931,0.26984478431923825,0.19879661991522582,-0.0006586892084751161,-0.060577915376677005,-0.09160762398962174,4.6,0.0,-0.06262213906756164,0.20817490494296578,0.19261213720316622,-8.858646616541407,-1.2482472989195539,2221.0,2484.0,0.02405800285620125,0.0915082939690212
2272.5,2272.5,2272.5,2272.5,0,2022-09-12 00:00:00-04:00,2251.5,2300.775,2352.2625,2385.355,2578.36,2842.5525,2305.5004630429407,2351.5936475487138,2418.794559113785,2677.388868074516,38.96219738462105,39.94052080667389,75.64493260383672,43.780876767178164,-80.41825095057034,-55.25418704609446,-46.093184505773024,-34.17703495513499,-11.916149550638032,2506.0026602542484,2352.2625,2198.522339745751,0.13071683985460691,0.24059315448841684,28.87683419626461,1.2707077754131841,3.25,18.615384615384613,-0.012429067778064962,-165.0,100,0,0,0,22.36979731160036,78.57142857142857,28.571428571428573,-50.0,2364.6212016631107,-2364.6212016631107,-0.0014281006261671614,-0.001429121333764235,0.24773481884826948,0.1990401231470059,-0.0017570832418185578,-0.08514492753623193,-0.06162898730257049,4.2,0.0,0.20401791681508508,0.1958174904942966,0.18117854001759015,-9.125375939849675,-1.48663865546217,2221.0,2484.0,0.022662266226622662,0.09306930693069307
2299.5,2299.5,2299.5,2299.5,0,2022-09-13 00:00:00-04:00,2261.8,2282.6,2348.3875,2383.56,2568.98,2840.7275,2304.5773148824883,2347.7348588414015,2414.116341109323,2673.6287798349686,43.11384555877171,42.55818842232538,97.57085852976263,72.50202714129657,-70.15209125475286,-27.36156351791531,-43.157543958913266,-35.97313675589065,-7.184407203022616,2503.340273047149,2348.3875,2193.4347269528507,0.131965251090077,0.34225032234458846,28.74277461081714,1.2499575825534741,27.0,18.615384615384613,-0.010169237276432597,-165.0,100,0,0,0,21.893705304750743,71.42857142857143,21.42857142857143,-50.0,2347.3866574635376,-2347.3866574635376,0.011881188118811892,0.01181116092834462,0.24610565404068027,0.17894821553101994,0.022909252669039093,-0.07324937027707812,-0.03260412284392089,3.8,0.0,0.3518449014336462,0.2984790874524715,0.27616534740545295,-9.488533834586521,-1.6791116446578753,2221.0,2484.0,0.03413785605566427,0.08023483365949119
2259.25,2259.25,2259.25,2259.25,0,2022-09-14 00:00:00-04:00,2269.45,2271.175,2342.3,2381.905,2558.9325,2839.1175,2297.603881823644,2341.1804248531494,2408.0431512618984,2669.505607896312,38.86944118757332,39.840210162580135,75.37714582972082,82.86431232110674,-85.45627376425855,-55.62149686778767,-43.5765430295055,-37.49381801061362,-6.082725018891878,2501.1663431945135,2342.3,2183.433656805487,0.13564986824447195,0.23861675692278275,29.56471928147306,1.3086076919983651,40.25,18.615384615384613,-0.008320285046089282,-165.0,100,0,0,0,22.04093692575689,64.28571428571429,14.285714285714286,-50.0,2332.2202585679133,-2332.2202585679133,-0.017503805175038023,-0.01765880819791329,0.2521226767076687,0.21221216111940552,0.017221972084646486,-0.04813566463029284,-0.05113397732045355,3.4,0.0,0.33838255393680194,0.14543726235741444,0.1345646437994723,-10.24699248120304,-2.0733853541416636,2221.0,2484.0,0.016930397255726457,0.09947991590129468
2290.75,2290.75,2290.75,2290.75,0,2022-09-15 00:00:00-04:00,2279.55,2266.075,2336.95,2380.625,2549.81,2837.59125,2296.54943846616,2337.4448378269904,2403.443419839863,2665.736895379931,43.552942553617775,42.839988215517415,70.10946003791354,81.01915479913235,-73.47908745247149,-20.504706264199996,-40.8953993608302,-38.174134280656936,-2.7212650801732607,2495.192108807995,2336.95,2178.707891192005,0.13542618268084042,0.3540211567325068,29.702953618510698,1.2966475441890515,31.5,18.615384615384613,-0.006807505947666215,-165.0,100,0,0,0,21.502946989841657,57.142857142857146,7.142857142857143,-50.0,2318.8738275397636,-2318.8738275397636,0.013942680092951187,0.013846375063257416,0.25673766993904096,0.22332990151348925,0.022542126994754996,-0.02177858439201452,-0.04462516942967365,3.0,0.0,0.28210367951428994,0.2652091254752852,0.24538258575197888,-10.10789473684215,-2.354369747899159,2221.0,2484.0,0.030448543053585072,0.08436101713412637
2264.25,2264.25,2264.25,2264.25,0,2022-09-16 00:00:00-04:00,2277.25,2264.775,2330.4875,2378.175,2541.9075,2835.95625,2291.580294086751,2332.022997987954,2397.984854355947,2661.7420008985387,40.72607874601587,41.032659700661235,40.9169134540626,62.13450644056567,-83.38136407300672,-44.175265440406974,-40.442703901203004,-38.62784820476615,-1.814855696436851,2489.5189021663573,2330.4875,2171.456097833643,0.13647908617090382,0.29174710435266277,29.474171217188506,1.3017189452219722,26.5,18.615384615384613,-0.005569777593976255,-165.0,100,0,0,0,21.397748024578817,50.0,0.0,-50.0,2307.128968234992,-2307.128968234992,-0.011568263669104017,-0.011635696590264753,0.2588899869105447,0.22074055334462295,-0.005053279138745426,-0.005708639806784488,-0.054000417798203415,2.6,0.0,0.296283639893812,0.1644486692015209,0.1521547933157432,-10.25357142857145,-2.613193277310946,2221.0,2484.0,0.01910124765374848,0.0970520039748261
2235.5,2235.5,2235.5,2235.5,0,2022-09-19 00:00:00-04:00,2269.85,2260.675,2323.675,2375.21,2533.86,2833.99125,2282.952556534943,2324.873146285143,2391.6128992831646,2657.5007869592496,37.85535522625408,39.15112067710659,30.22774327122153,47.08470558773258,-90.49180327868854,-97.1610156788681,-41.920589750199724,-39.286396513852864,-2.63419323634686,2486.6760812847433,2323.675,2160.673918715257,0.14029593749964442,0.22952633410459053,29.42244470167504,1.3161460389923973,28.75,18.615384615384613,-0.0045570907589223,-165.0,100,0,0,0,21.70082608604596,42.85714285714286,0.0,-42.85714285714286,2296.793492046793,-2296.793492046793,-0.01269736115711606,-0.01277866158102257,0.2603944296203892,0.23627695465036003,-0.01628162816281631,-0.018010103228640495,-0.05744703278170127,2.2,0.0,0.3689805272971962,0.055133079847908745,0.051011433597185574,-10.95902255639104,-2.935246098439387,2221.0,2484.0,0.006486244687989264,0.11116081413554015
2228.25,2228.25,2228.25,2228.25,1,2022-09-20 00:00:00-04:00,2255.6,2258.7,2316.225,2372.95,2525.4775,2832.20625,2274.5367786064903,2317.7158761899473,2385.206511075982,2653.2296348502023,37.14431211748781,38.681468893579684,4.140786749482402,25.095147824922204,-93.99585921325051,-105.6790123456792,-43.17909758345695,-40.064936727773684,-3.1141608556832665,2482.3408406052954,2316.225,2150.1091593947044,0.1434367046425071,0.23519984704819472,27.838698651555397,1.2493525704725859,7.25,18.615384615384613,-0.003728528802863451,-166.0,100,0,0,0,22.081563555066367,35.714285714285715,0.0,-35.714285714285715,2287.6982730011778,-2287.6982730011778,-0.0032431223439945978,-0.0032483926632085732,0.25968469671429906,0.1965619997711517,-0.030984996738421366,-0.00878558718861211,-0.0626774634556736,1.85,0.5405405405405405,0.3471857026236982,0.027566539923954372,0.025505716798592787,-11.47631578947374,-3.364201680672293,2221.0,2484.0,0.003253674408167845,0.1147761696398519
2179.75,2179.75,2179.75,2179.75,1,2022-09-21 00:00:00-04:00,2239.7,2254.575,2304.5875,2370.11,2517.2975,2830.12375,2259.954197282415,2307.4961816573586,2377.149392994571,2648.518394702439,32.717086601527896,35.675433638328116,5.921189464667501e-16,11.456176673568002,-100.0,-198.5574654533206,-47.541984374943695,-41.560346257207684,-5.981638117736011,2474.6582407962874,2304.5875,2134.516759203713,0.147593216396676,0.13298360607033544,29.31450589073001,1.3448563317229045,48.5,18.615384615384613,-0.0030506144751214492,-167.0,100,0,0,0,23.053825516727578,100.0,0.0,-100.0,2279.694480241036,-2279.694480241036,-0.021765959833950355,-0.022006332702902247,0.2586569240912587,0.2135771027944022,-0.035188668806019674,-0.01857271499324631,-0.09647668393782383,1.5,0.6666666666666666,0.20679528175283557,0.0,0.0,-11.905827067669195,-3.9441776710684393,2179.75,2484.0,0.0,0.13958022709026263
2207.75,2207.75,2207.75,2207.75,1,2022-09-22 00:00:00-04:00,2223.1,2251.325,2293.9625,2367.65,2508.8775,2828.32875,2251.9227823158894,2300.1075756086652,2370.5062795438034,2644.1326395312703,37.359019397752625,38.56932352266006,11.045364891518737,5.062050547000404,-76.61795407098121,-104.14462081128781,-48.184793292775794,-42.88523566432131,-5.299557628454487,2460.312828749293,2293.9625,2127.612171250707,0.14503317185812156,0.24087066539576513,29.220612612820727,1.3235471685118663,28.0,18.615384615384613,-0.002495957297853124,-166.0,100,0,0,0,23.290461990688105,92.85714285714286,50.0,-42.85714285714286,2265.7022530072913,-2265.7022530072913,0.012845509806170385,0.012763706040987142,0.26486589155121454,0.20681267102550127,-0.036232674888137084,-0.014507309452070127,-0.08780084701993596,1.15,0.8695652173913044,0.19394130969372103,0.09202958093672967,0.08602150537634409,-11.462969924812082,-4.422593037214875,2179.75,2484.0,0.012682595402559166,0.12512739214132035
2157.5,2157.5,2157.5,2157.5,1,2022-09-23 00:00:00-04:00,2201.75,2239.5,2280.7125,2363.46,2499.955,2826.1075,2237.396200421137,2289.544051489505,2362.1530921107133,2639.290523715039,32.96367953638,35.55510692177213,11.045364891518737,7.36357659434585,-100.0,-178.03030303030334,-52.1478510683678,-44.737758745130606,-7.410092323237194,2446.21236971294,2280.7125,2115.21263028706,0.1451299711935984,0.12775650454072085,30.72271171190496,1.42399590785191,50.25,18.615384615384613,-0.002042146880075535,-167.0,100,0,0,0,24.126934443499646,100.0,42.85714285714286,-57.142857142857146,2253.6689375862707,-2253.6689375862707,-0.022760729249235667,-0.02302375339132861,0.2717429154460404,0.23478595636973099,-0.0471458540355526,-0.05196089201362186,-0.109391124871001,0.8,1.25,0.1637433322263252,0.0,0.0,-11.38289473684217,-4.918655462184861,2157.5,2484.0,0.0,0.15133256083429897
2126.25,2126.25,2126.25,2126.25,1,2022-09-26 00:00:00-04:00,2179.9,2224.875,2262.825,2358.385,2492.2175,2823.8575,2220.2967849717315,2277.4481958236156,2352.901990459313,2634.1856428820533,30.556033648972342,33.828783847518295,11.045364891518737,11.045364891518764,-100.0,-180.11218985976222,-57.151410851884066,-47.2204891664813,-9.930921685402765,2413.214253272984,2262.825,2112.4357467270156,0.13292168265153886,0.045928325902080826,30.760375161054608,1.4466960687150903,31.25,18.615384615384613,-0.0016708474473396961,-168.0,100,0,0,0,25.24172239334896,100.0,35.714285714285715,-64.28571428571429,2238.2819075724674,-2238.2819075724674,-0.014484356894553851,-0.014590279247511462,0.24711156718281765,0.23664284079605322,-0.04887049876985017,-0.0643564356435643,-0.1440217391304348,0.45,2.2222222222222223,-0.05383699990042701,0.0,0.0,-10.379699248120327,-5.436290516206484,2126.25,2481.25,0.0,0.16696061140505586
2098.75,2098.75,2098.75,2098.75,1,2022-09-27 00:00:00-04:00,2154.0,2204.8,2243.7,2351.13,2483.62,2821.45375,2201.597279591465,2264.2112924292737,2342.9352457354184,2628.857925042431,28.57790440591057,32.376274515274936,0.0,7.363576594345851,-100.00000000000001,-167.0,-62.61401283780879,-50.2991939007468,-12.314818937061986,2374.069053076271,2243.7,2113.330946923729,0.11620898790058479,-0.05592181035171882,30.52749122097928,1.454555865204492,27.5,18.615384615384613,-0.0013670570023691653,-169.0,100,0,0,0,26.55475920805555,100.0,28.571428571428573,-71.42857142857143,2218.1161642094235,-2218.1161642094235,-0.012933568489124081,-0.013017935318320979,0.24653683143261584,0.22940557191924643,-0.05811735667003248,-0.08730158730158732,-0.15415617128463477,0.3,3.3333333333333335,-0.06234222700468817,0.0,0.0,-9.274812030075289,-5.794669867947176,2098.75,2373.5,0.0,0.13091125670041692
2114.25,2114.25,2114.25,2114.25,56,2022-09-28 00:00:00-04:00,2140.9,2190.3,2230.7375,2345.465,2475.7975,2819.27125,2188.1592365773936,2253.103048545624,2333.967196883049,2623.7374481763372,31.278347114459436,34.05207377082903,4.740061162079511,5.261808684532775,-92.27895392278954,-115.87594988704046,-64.94381196823042,-53.22811751424352,-11.715694453986899,2358.4318102686857,2230.7375,2103.0431897313147,0.114486182501245,0.04388140021706816,29.45409899090933,1.393122809076946,15.5,18.615384615384613,-0.0011185011837575587,-113.0,100,0,0,0,27.387196545676346,92.85714285714286,21.42857142857143,-71.42857142857143,2194.242931367539,-2194.242931367539,0.007385348421679483,0.007358210270580958,0.21414909380600222,0.24274258277330982,-0.030049317582291568,-0.06418059090406103,-0.10922688013482196,3.1,18.064516129032256,0.3512372846093629,0.06378600823045268,0.038130381303813035,-9.074624060150393,-6.238475390156095,2098.75,2341.75,0.00733120491900201,0.10760316897244886
2192.75,2192.75,2192.75,2192.75,26,2022-09-29 00:00:00-04:00,2137.9,2180.5,2223.2875,2340.615,2469.415,2817.22625,2188.865507873179,2248.6324523570593,2328.4292675935176,2619.449015856175,43.02713539353965,41.73080046037447,38.07339449541284,14.27115188583081,-53.17559153175592,-19.706770159551375,-59.76694448388025,-54.53588290817087,-5.231061575709383,2341.2183351322997,2223.2875,2105.3566648677,0.10608689621319758,0.3705279244154353,32.957377634415806,1.5030157397977795,78.5,18.615384615384613,-0.0009151373321678591,-87.0,100,0,0,0,26.47629951665765,85.71428571428572,14.285714285714286,-71.42857142857143,2098.75,2098.75,0.03712900555752641,0.03645632416915946,0.2601700580314443,0.382458221761109,-0.006794247537085241,-0.04278074866310155,-0.06362762891000318,4.4,5.909090909090908,1.3165914291050496,0.46824408468244083,0.23124231242312424,-7.864473684210605,-6.377923169267717,2098.75,2299.5,0.04286854406567096,0.04868316041500399
2157.25,2157.25,2157.25,2157.25,14,2022-09-30 00:00:00-04:00,2137.85,2169.8,2217.2875,2335.21,2463.58,2815.1675,2184.0015835849977,2241.863381812092,2321.71635513887,2614.850020673526,39.719999118931796,39.54444130267462,58.81807534647667,33.87717700132303,-70.85927770859278,-53.618890719385035,-57.86179822709437,-55.20106597195557,-2.6607322551387966,2335.834882404684,2217.2875,2098.740117595316,0.10693009580821969,0.24677846620412705,33.13899351767182,1.5361684328507046,35.5,18.615384615384613,-0.0007487487263162507,-101.0,100,0,0,0,26.098139503755114,78.57142857142857,7.142857142857143,-71.42857142857143,2100.63,2100.63,-0.016189716109907604,-0.01632220144307405,0.2489324747328759,0.3613083583736844,-0.00011587485515640594,-0.0472562658717014,-0.052695136678010734,5.1,2.7450980392156863,1.089935403566343,0.29140722291407223,0.14391143911439114,-7.955827067669181,-6.596590636254523,2098.75,2299.5,0.027117858384517326,0.06594043342218102
2213.0,2213.0,2213.0,2213.0,1,2022-10-03 00:00:00-04:00,2155.2,2167.55,2214.1125,2329.81,2458.2775,2813.5325,2188.462878418075,2239.725353529715,2317.4529686628357,2610.851513005133,46.65440733620388,44.35195489470584,87.41134751773048,61.43427245320669,-40.49479166666667,25.46175777860428,-51.262475111640015,-54.41334779989246,3.1508726882524485,2329.505792157723,2214.1125,2098.7192078422772,0.10423435318460371,0.49517952915980773,34.75406540926669,1.5704503122126834,55.75,18.615384615384613,-0.0006126125942564897,-100.0,100,0,0,0,24.753117124220687,71.42857142857143,0.0,-71.42857142857143,2102.4724,2102.4724,0.025843087263877518,0.02551479866263267,0.2686365814047185,0.3714689579469004,0.04079952968841849,-0.010064862446879874,-0.027893696463869966,5.15,0.1941747572815534,1.1157784908302206,0.5691158156911582,0.2810578105781058,-7.082142857142943,-6.522208883553396,2098.75,2299.5,0.05162675101671939,0.039087211929507454
2347.25,2347.25,2347.25,2347.25,5,2022-10-04 00:00:00-04:00,2204.9,2179.45,2219.075,2328.23,2454.0575,2812.2125,2212.8916663537557,2247.6901421571433,2318.6214796956656,2608.228612378216,58.91200168030451,53.66786548993792,87.41134751773048,77.88025679397923,-0.0,179.611969746794,-34.798475803387646,-50.4903734005915,15.691897597203855,2347.6539737865633,2219.075,2090.4960262134364,0.11588519882073697,0.9984290830193052,41.86091788003335,1.7834026149763915,134.25,18.615384615384613,-0.0005012284862075944,-95.0,100,0,0,0,24.22391193565051,64.28571428571429,100.0,35.714285714285715,2106.893504,2106.893504,0.06066425666516051,0.058895369087607265,0.34325928632638897,0.4632224998447225,0.11840381179273374,0.05340513856165141,0.04415035587188609,5.4,0.9259259259259258,1.419099774156023,1.0,0.6113161131611317,-4.645112781954936,-6.244993997599006,2098.75,2347.25,0.1058685696027266,0.0
2359.25,2359.25,2359.25,2359.25,0,2022-10-05 00:00:00-04:00,2253.9,2197.4,2225.9875,2326.705,2450.3425,2810.74,2235.4083330685626,2255.9538353306884,2320.214755001718,2605.7512132500747,59.80114549750094,54.38457533913604,99.99999999999999,91.60756501182033,-0.0,172.77023629964802,-20.545502262125865,-44.501399172898374,23.95589691077251,2368.361960051646,2225.9875,2083.6130399483545,0.1279202691404562,0.9680000189347847,39.72799517431668,1.6839247716145676,12.0,18.615384615384613,-0.000410096034169527,-95.0,100,0,0,0,23.860088601101783,57.142857142857146,100.0,42.85714285714286,2121.31489376,2121.31489376,0.005112365534135632,0.005099341762785512,0.3390934953505182,0.4682924522936432,0.11588033581648349,0.0823488932216998,0.06224673570463746,5.4,0.0,1.419099774156023,1.0,0.6408364083640836,-2.6122180451128063,-5.909303721488588,2098.75,2359.25,0.11041644590441878,0.0
2355.0,2355.0,2355.0,2355.0,0,2022-10-06 00:00:00-04:00,2286.35,2212.125,2231.725,2325.255,2446.1525,2809.505,2253.8070510580146,2263.290588269156,2321.578882256553,2603.2561763023127,59.31160449968614,54.073516418937004,99.29867986798678,95.57000912857244,-1.6314779270633397,143.3992257005873,-9.483537211141538,-37.49782678054701,28.01428956940547,2384.783722391114,2231.725,2078.6662776088856,0.13716629279244918,0.9027049163686104,37.19385266186549,1.5793568009284709,4.25,18.615384615384613,-0.00033553311886436177,-95.0,100,0,0,0,23.45269183330251,50.0,92.85714285714286,42.85714285714286,2140.3497022592,2140.3497022592,-0.0018014199427783817,-0.001803044450924237,0.3389060989048475,0.4732675189264031,0.07399384334739478,0.066696863322387,0.05122196183461658,5.4,0.0,1.419099774156023,0.9836852207293666,0.6303813038130381,-0.5439849624060787,-5.595882352941172,2098.75,2359.25,0.10881104033970276,0.0018046709129511678
2295.75,2295.75,2295.75,2295.75,1,2022-10-07 00:00:00-04:00,2314.05,2225.95,2232.725,2322.03,2441.0225,2807.4,2260.2598124337046,2265.6949891381078,2320.5659849131584,2600.196413354031,52.81986664496359,49.895971529146486,84.82574539505231,94.70814175434639,-24.37619961612284,73.50087086339886,-5.435176704403148,-31.085296765318237,25.65012006091509,2387.176197794006,2232.725,2078.273802205994,0.1383521909720239,0.7040288482710815,38.76929175744653,1.6887418820623556,59.25,18.615384615384613,-0.0002745270972503988,-96.0,100,0,0,0,22.15180588361065,42.85714285714286,85.71428571428572,42.85714285714286,2157.861726078464,2157.861726078464,-0.02515923566878986,-0.025481139956886598,0.34893969287263427,0.5128121548337549,0.06420210916676328,0.06407879490150648,0.00878831154564419,5.45,0.18348623853211007,1.3939405384872332,0.7562380038387716,0.48462484624846247,1.0657894736841353,-5.3426650660264094,2098.75,2359.25,0.08581073723184145,0.027659806163563106
2258.0,2258.0,2258.0,2258.0,0,2022-10-10 00:00:00-04:00,2323.05,2239.125,2232.0,2317.92,2435.0025,2804.67125,2259.9121489823656,2265.1249899426925,2318.112416877348,2596.7914739176726,49.13023170462839,47.44389108859859,51.49241206171897,78.53894577491937,-38.867562380038386,35.12304250559284,-5.212840960326957,-25.910805604319982,20.697964643993025,2385.832457563418,2232.0,2078.167542436582,0.13784270390987263,0.5845075233530656,38.69648520334321,1.7137504518752529,37.75,18.615384615384613,-0.00022461307956689325,-96.0,100,0,0,0,20.71971531053847,35.714285714285715,78.57142857142857,42.85714285714286,2173.972787992187,2173.972787992187,-0.01644342807361432,-0.016580121784024283,0.35416486205604586,0.5332039483546591,0.02033438770899232,0.06196355085243965,-0.006380638063806399,5.45,0.0,1.3939405384872332,0.6113243761996161,0.3917589175891759,2.05488721804504,-5.146866746698663,2098.75,2359.25,0.07052701505757307,0.04484056687333924
2245.25,2245.25,2245.25,2245.25,5,2022-10-11 00:00:00-04:00,2302.65,2253.775,2229.2875,2314.68,2429.1425,2801.8575,2257.6564337543095,2263.652768465456,2315.2550671958834,2593.293548804064,47.91287940245481,46.63119475482083,18.860398860398845,51.72618543905673,-43.76199616122841,19.586023721207003,-5.996334711146574,-21.927911425685302,15.931576714538728,2380.147888687695,2229.2875,2078.427111312305,0.13534404036060393,0.5529048749604013,36.843164831675836,1.6409381953758306,12.75,18.615384615384613,-0.0001837743378274581,-101.0,100,0,0,0,19.562985609462007,28.571428571428573,71.42857142857143,42.85714285714286,2188.7949649528123,2188.7949649528123,-0.005646589902568611,-0.005662592158548178,0.3517655565247799,0.19091098168841555,-0.04345510704015332,0.06980345443716507,-0.023592085235920823,5.7,0.8771929824561403,1.3657075889743902,0.5623800383877159,0.36039360393603936,3.309962406015004,-5.099087635054025,2098.75,2359.25,0.06524885870170359,0.05077385591804921
2312.25,2312.25,2312.25,2312.25,0,2022-10-12 00:00:00-04:00,2293.25,2273.575,2231.9375,2313.195,2423.425,2799.37875,2266.0554439459543,2267.252563393941,2315.1372214234957,2590.4970955821327,54.31844714992041,51.23977950234687,20.349278663629445,30.234029861915772,-18.042226487523994,68.22401916741524,-1.1971194479865517,-17.781753030145552,16.584633582159,2386.6235429224353,2231.9375,2077.2514570775647,0.13861144671159947,0.759598404880883,38.997224486556135,1.6865487938828472,67.0,18.615384615384613,-0.00015036082185915234,-101.0,100,0,0,0,18.759633605138394,21.42857142857143,64.28571428571429,42.85714285714286,2202.4313677565874,2202.4313677565874,0.02984077496937987,0.02940420288331038,0.36222888208521037,0.3325292966712117,-0.019921585249549678,0.0936502305782192,0.02345911253734645,5.7,0.0,1.3657075889743902,0.8195777351247601,0.5252152521525215,4.968233082706741,-4.9289195678271325,2098.75,2359.25,0.09233430641150395,0.020326521786139043
2388.0,2388.0,2388.0,2388.0,0,2022-10-13 00:00:00-04:00,2299.85,2293.1,2236.8,2313.965,2418.0325,2797.27875,2284.816144877346,2276.196817957353,2317.994585289241,2588.4821991086787,60.2677128106434,55.77354791377276,53.68261199696278,30.964096506997038,-0.0,112.38584474885862,8.619326919993,-12.501537040117842,21.120863960110842,2404.169396844217,2236.8,2069.4306031557835,0.1496507482512667,0.9516954797319759,41.62242273751641,1.742982526696667,75.75,18.615384615384613,-0.0001230224906123567,-101.0,100,0,0,0,18.865806178183345,14.285714285714286,100.0,85.71428571428572,2214.9768583360606,2214.9768583360606,0.03276029841063899,0.03223511907812328,0.3767367238775392,0.42386948307017147,0.014012738853503182,0.08904343860449204,0.04245334497435338,5.7,0.0,1.3657075889743902,1.0,0.7115621156211562,8.126315789473624,-4.663997599039624,2098.75,2388.0,0.12112646566164154,0.0
2337.75,2337.75,2337.75,2337.75,0,2022-10-14 00:00:00-04:00,2308.25,2311.15,2240.475,2313.265,2412.0775,2795.06125,2292.9598148962154,2280.756312923475,2318.7693074347612,2585.9873513563534,55.13779928327125,52.38111595414017,75.28214498003341,49.771345213541885,-17.372515125324114,62.96296296296292,12.203501972740469,-7.56052923754618,19.76403121028665,2413.2348694720513,2240.475,2067.7151305279485,0.15421718115314956,0.7815323960861668,42.23867825626524,1.8068090367346907,50.25,18.615384615384613,-0.00010065476504550475,-101.0,100,0,0,0,18.2338878845785,7.142857142857143,92.85714285714286,85.71428571428572,2232.2791725024545,2232.2791725024545,-0.021042713567839155,-0.021267267196936508,0.3828291377407236,0.40728027889843926,0.018294674942829214,0.08367134082744232,0.03246107982775759,5.7,0.0,1.3657075889743902,0.8262748487467588,0.5879458794587946,10.001879699248024,-4.4640696278511465,2098.75,2388.0,0.10223505507432361,0.021495027269810715
2259.75,2259.75,2259.75,2259.75,0,2022-10-17 00:00:00-04:00,2308.6,2315.825,2241.6875,2310.525,2405.93,2792.4475,2287.85061260449,2279.2002897439584,2316.454824790261,2582.7412085567876,48.269608772110516,47.65663518900599,58.318739054290695,62.42783201042897,-46.849315068493155,-13.891797556719087,8.65032286053156,-4.318358817930632,12.968681678462191,2414.630978844964,2241.6875,2068.744021155036,0.15429758059048276,0.5522208183871223,44.793058380817726,1.9822130050146134,78.0,18.615384615384613,-8.235389867294884e-05,-101.0,100,0,0,0,17.194036663526525,0.0,85.71428571428572,85.71428571428572,2247.851255252209,2247.851255252209,-0.033365415463586734,-0.0339347406370358,0.39990915156404105,0.47293932505484587,0.0007750221434899007,0.02112516945323084,0.010847685081637248,5.7,0.0,1.3657075889743902,0.5566119273984442,0.3960639606396064,10.198684210526284,-4.385534213685496,2098.75,2388.0,0.07124681933842239,0.05675406571523399
2204.5,2204.5,2204.5,2204.5,0,2022-10-18 00:00:00-04:00,2300.45,2301.55,2240.5,2306.065,2399.49,2789.7075,2275.0274414345686,2273.6669349481094,2312.0644395043682,2578.9776144417947,44.081027230257526,44.66070369101355,24.985405720957363,52.86209658509384,-79.52329360780065,-81.93119398670129,1.360506486459144,-3.182585757052676,4.54309224351182,2414.121067270071,2240.5,2066.878932729929,0.1549842153716321,0.39632594544531474,45.53998278218789,2.0657737710223585,55.25,18.615384615384613,-6.738046254994856e-05,-101.0,100,0,0,0,16.825117923008566,0.0,78.57142857142857,78.57142857142857,2388.0,-2388.0,-0.024449607257439943,-0.02475346188052795,0.4097426667049058,0.5060385786384373,-0.018149426567197424,-0.060815848333155786,-0.010658588578480899,5.65,0.0,1.3689507113183847,0.3656006914433881,0.26014760147601473,9.455263157894672,-4.348535414165664,2098.75,2388.0,0.04797006123837605,0.08323882966659106
2187.0,2187.0,2187.0,2187.0,0,2022-10-19 00:00:00-04:00,2275.4,2284.325,2240.8625,2300.39,2393.0275,2786.88,2261.4847581369427,2267.2471619889902,2307.1599516806677,2575.0773396712298,42.8137633701627,43.74607945307205,3.3858727378867286,28.896672504378277,-87.10725893824485,-99.71280873061458,-5.762403852047555,-3.698549376051652,-2.063854475995903,2414.0043114581094,2240.8625,2067.720688541891,0.15453140159925854,0.3444555374972731,43.53712686917447,1.990723679431846,17.5,18.615384615384613,-5.5129469359371797e-05,-101.0,100,0,0,0,16.663084560150306,7.142857142857143,71.42857142857143,64.28571428571429,2384.33,-2384.33,-0.007938308006350647,-0.00796998412122448,0.40298433649520266,0.41289832663121956,-0.054168018164125864,-0.0730104906220197,0.003326069503383433,5.6,0.0,1.390716671152335,0.3050993949870354,0.21709717097170972,7.731766917293217,-4.225378151260508,2098.75,2388.0,0.04035208047553727,0.09190672153635117
2228.25,2228.25,2228.25,2228.25,0,2022-10-20 00:00:00-04:00,2243.45,2271.65,2241.8875,2295.5,2386.81,2784.0075,2256.371718423567,2264.358483323139,2304.065443771622,2571.6263213660436,46.703203048733876,46.45984290302006,9.12106135986731,12.49744660623715,-79.47761194029852,-66.33312486971009,-7.986764899571881,-4.556192480755698,-3.4305724188161832,2414.474903581506,2241.8875,2069.3000964184935,0.15396615894553706,0.46049103318957063,43.37376066423344,1.946539242196048,41.25,18.615384615384613,-4.510592947326586e-05,-101.0,100,0,0,0,15.956414660681201,0.0,64.28571428571429,64.28571428571429,2376.4368,-2376.4368,0.018861454046639192,0.018685782334058834,0.4059896038771454,0.322371694127422,-0.06689698492462315,-0.05382165605095546,0.009285471634016496,5.55,0.0,1.3778711613461647,0.44770959377700953,0.31857318573185733,7.028759398496212,-3.9730132052821365,2098.75,2388.0,0.05811735667003254,0.07169303264893975
2223.5,2223.5,2223.5,2223.5,2,2022-10-21 00:00:00-04:00,2220.6,2264.425,2245.1875,2289.865,2381.41,2780.745,2251.3145309737874,2261.3319290029062,2300.9060146041074,2568.162377869864,46.31258805060692,46.19042274513751,25.84500179514795,12.783978630967345,-81.84079601990051,-73.72201098436825,-10.017398029118795,-5.648433590428317,-4.368964438690478,2413.66961143917,2245.1875,2076.70538856083,0.1500828874552079,0.4356385677543273,40.61492061678819,1.8266211206111171,4.75,18.615384615384613,-3.690485138463373e-05,-103.0,100,0,0,0,15.355886490342742,85.71428571428572,57.142857142857146,-28.571428571428573,2368.859328,-2368.859328,-0.002131717715696202,-0.0021339930600756036,0.3966280145004886,0.32277280926898855,-0.048871778419420364,-0.031471196776652555,0.03059096176129783,5.6,0.35714285714285715,1.3963684551640079,0.4312878133102852,0.3238157040882544,5.433646616541306,-3.628751500600222,2098.75,2388.0,0.0561052394872948,0.07398246008545087
2192.75,2192.75,2192.75,2192.75,0,2022-10-24 00:00:00-04:00,2207.2,2257.9,2248.5125,2285.285,2376.415,2777.25875,2242.304603131666,2256.251786113802,2296.6646022666914,2564.426931323895,43.760916061485354,44.438742159425146,30.491466441612598,21.8191765322093,-97.13930348258708,-95.8795468097793,-13.947182982135928,-7.308183468769839,-6.638999513366089,2409.9519991165507,2248.5125,2087.073000883449,0.14359671037323646,0.3272959829993582,39.91028342987475,1.8201018551989399,30.75,18.615384615384613,-3.0194878405609415e-05,-103.0,100,0,0,0,15.161897009765681,78.57142857142857,50.0,-28.571428571428573,2361.58495488,-2361.58495488,-0.013829548009894332,-0.013926067119260173,0.3962780860150229,0.2557779172732535,-0.029649297488660298,-0.02889725420726308,0.031275720164609,5.55,0.0,1.410852812058562,0.32497839239412274,0.24399740428293315,2.806578947368378,-3.534273709483796,2098.75,2388.0,0.04286854406567096,0.08904343860449207
2228.5,2228.5,2228.5,2228.5,0,2022-10-25 00:00:00-04:00,2212.0,2256.225,2255.0,2282.315,2371.78,2773.97875,2240.180818034487,2254.1960982535206,2293.9914806091742,2561.084374793309,47.390099223760906,46.89708022193772,54.7037384150786,37.013402217279726,-79.35323383084578,-47.69243434592891,-14.015280219033684,-8.649602818822608,-5.3656774002110765,2401.590245241623,2255.0,2108.409754758377,0.13001352127860138,0.4096119937710714,39.61312032774084,1.7775687829365419,35.75,18.615384615384613,-2.470490051109664e-05,-103.0,100,0,0,0,14.462823671103655,71.42857142857143,42.85714285714286,-28.571428571428573,2354.6015566848,-2354.6015566848,0.01630372819518877,0.016172249555119603,0.3954168864933347,0.23208842225493495,0.010886822408709529,-0.007460193742344967,0.06182251340083389,5.5,0.0,1.423786380547686,0.41735159817351597,0.33679428942245293,0.15601503759395255,-3.443277310924376,2114.25,2388.0,0.0512676688355396,0.07157280682073143
2352.5,2352.5,2352.5,2352.5,0,2022-10-26 00:00:00-04:00,2245.1,2260.25,2266.9125,2281.745,2368.385,2771.2475,2257.4606921830273,2261.47786875326,2296.285932349991,2559.008908377455,57.60843978062887,54.266582103715066,71.3131313131313,52.16944538994085,-17.66169154228856,113.10675597453036,-4.01717657023255,-7.723117569104597,3.7059409988720464,2404.2449683933123,2266.9125,2129.5800316066875,0.12116256661279376,0.8116069382619787,45.64075459004506,1.940095838046549,124.0,18.615384615384613,-2.0213100416555108e-05,-103.0,100,0,0,0,14.50716852318307,64.28571428571429,35.714285714285715,-28.571428571428573,2187.0,2187.0,0.055642809064393006,0.05414987907292411,0.43695884357808873,0.41948085577451,0.07567443987197064,0.017407287274299854,0.11268771431949864,2.7,0.0,1.010206868933635,0.8461538461538461,0.6586632057105776,-0.6734962406015521,-3.036458583433373,2157.25,2388.0,0.08299681190223167,0.015090329436769395
2307.25,2307.25,2307.25,2307.25,18,2022-10-27 00:00:00-04:00,2260.9,2252.175,2272.6375,2279.935,2363.9825,2768.02875,2265.1205856933307,2264.8683969937592,2296.715895787246,2556.5038446125054,53.52303403012538,51.526661755692935,90.5581637976004,72.19167784193678,-40.17412935323384,52.29552562918297,0.25218869957143397,-6.12805631536939,6.380245014940824,2406.631947179738,2272.6375,2138.643052820262,0.11791977134913775,0.6291564715124781,45.61284354789899,1.9769354663733445,45.25,18.615384615384613,-1.65379912502317e-05,-121.0,100,0,0,0,13.965610424412663,57.142857142857146,28.571428571428573,-28.571428571428573,2190.31,2190.31,-0.01923485653560042,-0.019422253313848593,0.42893290546146073,0.48002970230184827,0.03545383148210468,-0.03381490787269681,0.05221753505871618,2.3,7.82608695652174,-0.30137469320285926,0.6500541711809318,0.5412070084360805,-1.2682330827068027,-2.692352941176462,2157.25,2388.0,0.06501246072163831,0.03499837468848196
2270.0,2270.0,2210.75,2210.75,18,2022-10-28 00:00:00-04:00,2258.35,2239.475,2275.3125,2276.28,2358.665,2764.21375,2256.755880202049,2260.8596268460733,2293.344684187746,2553.063507850192,46.02664947579217,46.29285738527394,60.98069900886801,74.28399803986659,-88.18407960199006,-41.60866202629544,-4.103746644024341,-5.72319438110038,1.6194477370760394,2401.9183721979357,2275.3125,2148.7066278020643,0.11128657905051345,0.24502564976187302,49.24764043733478,2.227644031995241,96.5,0.6153846153846132,-5.727286258356477,-139.0,0,0,0,0,13.542757340351212,50.0,21.42857142857143,-28.571428571428573,2193.5538,2193.5538,-0.04182468306425402,-0.04272451468984165,0.453031619736359,0.5977095965360222,-0.005734202833370783,-0.05432574056250672,0.024800092710626886,2.5,7.2,-0.8275629628207252,0.1181592039800995,0.29072031148604804,-3.9742481203008384,-2.5770228091236422,2187.0,2388.0,0.010742960533755513,0.08017641072034377
2229.0,2229.0,2229.0,2229.0,16,2022-10-31 00:00:00-04:00,2265.6,2236.4,2276.1125,2273.425,2353.0875,2760.63875,2252.485744786349,2258.499654487105,2290.821363239207,2549.8389953342694,47.52355964816006,47.35472345675528,31.93895885601674,61.15927388749507,-79.10447761194031,-41.391531430703296,-6.013909700755903,-5.781337445031484,-0.23257225572441875,2401.3278619768603,2276.1125,2150.89713802314,0.11002563535577445,0.311874121289101,47.03352326323944,2.1100728247303473,18.25,0.6153846153846132,-7.549597847746208,-123.0,100,0,0,100,13.150108048008434,42.85714285714286,14.285714285714286,-28.571428571428573,2196.732724,2196.732724,0.008255117041727988,0.00822122993002443,0.44477925336117974,0.5873611039369261,0.016531752365750663,-0.013607699966810438,0.007230004518752775,3.25,4.923076923076923,-0.7213241774169549,0.208955223880597,0.33809214795587283,-5.619736842105319,-2.4544657863145205,2187.0,2388.0,0.018842530282637954,0.07133243606998654
2259.5,2259.5,2259.5,2259.5,0,2022-11-01 00:00:00-04:00,2271.8,2241.9,2271.725,2271.07,2348.405,2757.1225,2253.5648609730647,2258.573754154727,2289.5930744847283,2546.950050107063,50.0184295987813,49.11999339720209,19.51130652226112,37.47698812904864,-63.93034825870647,0.40525813921826387,-5.008893181662188,-5.626848592357625,0.617955410695437,2392.7414141759295,2271.725,2150.7085858240703,0.10654142924511519,0.4494903229316165,45.85255731586519,2.0293231828220932,30.5,0.6153846153846132,-7.608761875428716,-123.0,100,0,0,0,12.408752952267388,35.714285714285715,7.142857142857143,-28.571428571428573,2199.84806952,2199.84806952,0.013683266038582387,0.01359049546546558,0.38851741920883,0.5841404625713721,0.013910702266098252,0.024948968019959272,-0.03738417296836727,3.0,0.0,-1.0246454607427573,0.36069651741293535,0.4172615184944841,-4.733834586466204,-2.232965186074423,2187.0,2388.0,0.03208674485505643,0.05687098915689312
2266.5,2266.5,2266.5,2266.5,2,2022-11-02 00:00:00-04:00,2254.6,2249.85,2267.0875,2268.15,2344.6825,2753.45,2255.554882361824,2259.160883476599,2288.6874637206215,2544.1595023448035,50.59893034329666,49.52783464939182,35.01277821945638,28.8210145325781,-51.963746223564954,26.623321434641845,-3.606001114774699,-5.2226790968410395,1.6166779820663404,2381.2465201210384,2267.0875,2152.9284798789618,0.10070984919729682,0.4974268349562865,43.077374650446245,1.9006121619433596,7.0,0.6153846153846132,-6.941259716259857,-121.0,100,0,0,0,11.632834539205243,28.571428571428573,0.0,-28.571428571428573,2202.9011081296003,2202.9011081296003,0.0030980305377295014,0.003093241529569493,0.3881200326986463,0.36586584256431554,-0.036556854410201955,0.036351165980795574,-0.03931334110416451,3.1,0.6451612903225806,-1.0184493996672983,0.39552238805970147,0.4354315379623621,-3.426503759398582,-1.8973589435774276,2187.0,2388.0,0.03507610853739246,0.053606882859033755
2282.25,2282.25,2282.25,2282.25,0,2022-11-03 00:00:00-04:00,2249.6,2255.25,2263.45,2265.39,2341.495,2749.67,2259.6618235369283,2260.871188404258,2288.43501416295,2541.5534376448554,51.95113739628731,50.465872424795975,64.05451837230764,39.5262010380084,-42.44712990936556,67.05482077822477,-1.2093648673298958,-4.420016250938811,3.2106513836089148,2370.592965238068,2263.45,2156.307034761932,0.09467226158127459,0.5877332448202606,41.12541931827151,1.8019682032324027,15.75,0.6153846153846132,-6.0371670405762465,-121.0,100,0,0,0,10.895146499245113,21.42857142857143,57.142857142857146,35.714285714285715,2205.893085967008,2205.893085967008,0.006949040370615389,0.006925007064286101,0.38933700780009023,0.35877860264755457,-0.010835410120273004,0.024234264557388085,-0.03089171974522298,3.1,0.0,-1.0184493996672983,0.47388059701492535,0.4763140817650876,-1.821804511278252,-1.4916926770708396,2187.0,2388.0,0.04173512980611239,0.04633585277686494
2380.25,2380.25,2380.25,2380.25,3,2022-11-04 00:00:00-04:00,2283.5,2270.925,2267.675,2264.545,2339.985,2746.06,2278.2138506850933,2269.714063337276,2292.0356018428347,2539.948428315056,59.39816128372305,55.82924569552373,85.92400690846284,61.663767833408976,-0.0,183.98244034218837,8.499787347817346,-1.8360555311875788,10.335842879004925,2385.691958527144,2267.675,2149.6580414728564,0.10408630736515924,0.9769441671982578,45.18788936696641,1.8984513965745786,98.0,0.6153846153846132,-5.118477578653293,-118.0,100,0,0,0,11.326444639024535,14.285714285714286,100.0,85.71428571428572,2208.825224247668,2208.825224247668,0.04294008106035707,0.04204372572061058,0.408517393423202,0.2552723883177715,0.07667081307248669,0.07049696424555885,0.036807143634977724,3.2,0.9375,-0.8644699208174373,0.9614427860696517,0.7306943543153797,0.35676691729319354,-0.8366746698679492,2187.0,2388.0,0.08118895074046843,0.0032559605083499633
2354.5,2354.5,2354.5,2354.5,0,2022-11-07 00:00:00-05:00,2308.6,2287.1,2272.5,2261.955,2337.9075,2742.7025,2289.950181348925,2275.9945030900703,2294.4851860842923,2538.1031703218714,56.902603591069465,54.20985294456967,92.89164941338852,80.95672489805303,-13.32470892626132,118.84578544061303,13.955678258854732,1.3222912268208837,12.633387032033848,2396.2896401158027,2272.5,2148.7103598841973,0.10894577787969438,0.831207037694312,43.79946869789738,1.860245007343274,25.75,0.6153846153846132,-4.277333927989058,-118.0,100,0,0,0,11.368738439843439,7.142857142857143,92.85714285714286,85.71428571428572,2215.6822152777613,2215.6822152777613,-0.010818191366453123,-0.010877133482191511,0.4056044672102385,0.315710030425814,0.05630327501121579,0.07376581917683267,0.04273693534100964,3.2,0.0,-0.8644699208174373,0.8333333333333334,0.6686274509803921,1.4443609022555775,-0.08757503001200453,2187.0,2388.0,0.0711403695052028,0.01422807390104056
2391.25,2391.25,2391.25,2391.25,0,2022-11-08 00:00:00-05:00,2334.95,2303.375,2279.8,2260.155,2337.0775,2739.58125,2305.534768833706,2284.5319473056206,2298.279884669222,2536.6419447465296,59.516777534846376,56.11730289787668,92.89164941338852,90.56910191174664,-0.0,134.2110142777674,21.002821528085406,5.258397287073788,15.744424241011618,2413.151096733386,2279.8,2146.4489032666143,0.11698490809139918,0.9178818274844269,43.295935219476135,1.8105984409608418,36.75,0.6153846153846132,-3.5443811683546835,-118.0,100,0,0,0,11.797066390717394,0.0,100.0,100.0,2222.264926666651,2222.264926666651,0.015608409428753411,0.015487851070853322,0.40702463411391915,0.31696868094305886,0.05830936047798185,0.07303118689701593,0.06502616635118574,2.95,0.0,-0.8362369713045943,1.0,1.0,2.7105263157893784,0.7536974789915996,2187.0,2391.25,0.08541557762676424,0.0
2329.75,2329.75,2329.75,2329.75,0,2022-11-09 00:00:00-05:00,2347.6,2301.1,2280.675,2259.28,2335.765,2735.84125,2309.260189013136,2287.8814326903894,2299.5140068390565,2534.583318430644,53.65175316799786,52.28988509498419,74.08430996384725,86.62253626354145,-30.982367758186395,50.400685141004374,21.37875632274654,8.482469094208339,12.8962872285382,2415.0917121305947,2280.675,2146.2582878694056,0.11787449954999685,0.6825479853737245,44.59622556094212,1.9142064839979451,61.5,0.6153846153846132,-2.922320387744741,-118.0,100,0,0,0,11.354214991668409,14.285714285714286,92.85714285714286,78.57142857142857,2232.404031066652,2232.404031066652,-0.025718766335598553,-0.02605527608869778,0.40705252404805853,0.41596870934765273,0.027906463710567042,-0.009670563230605778,0.007568385771434816,2.95,0.0,-0.8362369713045943,0.6988984088127295,0.7897435897435897,3.9364661654134396,1.1950300120048052,2187.0,2391.25,0.061272668741281254,0.02639768215473763
2351.5,2351.5,2351.5,2351.5,2,2022-11-10 00:00:00-05:00,2361.45,2305.525,2278.85,2259.475,2334.38,2732.20875,2315.7586214726534,2292.593919157768,2301.5526732375247,2532.761593869145,55.32835965039359,53.46838791546282,59.64794510330423,75.54130149351336,-20.025188916876573,65.55269922879201,23.16470231488529,11.41891573834373,11.74578657654156,2408.28737868174,2278.85,2149.41262131826,0.11359885791670363,0.7806376362836872,42.96435230658911,1.8271040742755311,21.75,0.6153846153846132,-2.4021754877002426,-116.0,100,0,0,0,11.191034322552072,7.142857142857143,85.71428571428572,78.57142857142857,2241.9347892026526,2241.9347892026526,0.009335765640090088,0.009292456719337752,0.3907383706749219,0.4167313137573138,0.030342863402344156,0.01917867591288336,-0.01528475711892796,3.05,0.6557377049180328,-0.8175654400244141,0.8053855569155447,0.8641025641025641,6.642857142857063,1.6139855942376817,2187.0,2391.25,0.06995534765043589,0.016904103763555178
2475.0,2475.0,2475.0,2475.0,0,2022-11-11 00:00:00-05:00,2380.4,2331.95,2285.7125,2263.43,2334.7825,2729.1325,2340.2572950922454,2306.105480701637,2308.354529188994,2532.1868516415916,63.41995940534989,59.44148057518439,59.64794510330423,64.46006672348526,-0.0,177.38345864661633,34.15181439060825,15.965495468796634,18.18631892181162,2439.2272610980763,2285.7125,2132.197738901924,0.13432552090262986,1.1165123752466695,48.716898570404176,1.9683595381981487,123.5,0.6153846153846132,-1.9710093478911075,-116.0,100,0,0,0,12.232185392482425,0.0,100.0,100.0,2250.8937018504935,2250.8937018504935,0.052519668296831856,0.05118697361768805,0.4251388221681017,0.4717547946970865,0.03980674298918174,0.11952957141241649,0.05871029836381125,3.05,0.0,-0.8175654400244141,1.0,1.0,10.374999999999941,2.1646338535414147,2187.0,2475.0,0.11636363636363636,0.0
2460.75,2460.75,2460.75,2460.75,0,2022-11-14 00:00:00-05:00,2401.65,2355.125,2295.7625,2267.115,2335.03,2725.795,2358.794634308823,2317.5606302792935,2314.3308221619745,2531.4760371973966,62.02393063750347,58.53119894395999,75.18506080069405,64.82698366910085,-5.392620624408703,137.8242353852112,41.23400402952939,21.019197180943188,20.2148068485862,2466.5125713762855,2295.7625,2125.012428623714,0.1487523830329014,0.9831257131260978,46.25497724394673,1.8797105453193839,14.25,0.6153846153846132,-1.6154405317972698,-116.0,100,0,0,0,12.9985604177195,21.42857142857143,92.85714285714286,71.42857142857143,2268.822205702454,2268.822205702454,-0.005757575757575739,-0.005774214493469953,0.4044412253509219,0.4601368628919902,0.045126353790613694,0.1039703903095559,0.08894789246598078,3.05,0.0,-0.8175654400244141,0.9505208333333334,0.9621262458471761,12.465601503759395,2.6609243697478893,2187.0,2475.0,0.11124657116732703,0.005790917403230723
2437.0,2437.0,2437.0,2437.0,9,2022-11-15 00:00:00-05:00,2410.8,2372.875,2307.3875,2270.895,2335.285,2722.58875,2370.8262290305424,2326.4079909993457,2319.1413781556225,2530.535977125781,59.66653404167097,57.00354127032416,88.00917957544463,74.28072849314765,-14.380321665089877,96.1043539573416,44.41823803119678,25.699005350993907,18.71923268020287,2483.2819623204637,2307.3875,2131.493037679536,0.15246200503423363,0.8684382620410696,44.64747886937911,1.8320672494615966,23.75,0.6153846153846132,-1.323122331413675,-125.0,100,0,0,0,13.372051839772293,14.285714285714286,85.71428571428572,71.42857142857143,2285.316429246258,2285.316429246258,-0.009651529005384574,-0.009698406884114517,0.393622575398366,0.47273676324215946,0.019132253005750055,0.07855720292100021,0.10546609208437285,3.5,2.5714285714285716,-0.9044292010728753,0.8680555555555556,0.8990033222591363,13.042293233082694,3.0138415366146387,2187.0,2475.0,0.10258514567090685,0.015592942141977841
2412.5,2412.5,2412.5,2412.5,0,2022-11-16 00:00:00-05:00,2427.35,2387.475,2318.6625,2274.725,2334.8025,2719.26375,2377.237578410459,2332.785176851246,2322.8025005808922,2529.361489791196,57.24923591634607,55.436339403892084,71.1400837589804,78.11144137837304,-23.651844843897823,62.80928909487733,44.45240155921283,29.44968459263769,15.00271696657514,2491.119616046291,2318.6625,2146.205383953709,0.14875568656179247,0.772060388551355,43.20837323585203,1.7910206522632965,24.5,0.6153846153846132,-1.0832537647645977,-125.0,100,0,0,0,13.372489532199321,7.142857142857143,78.57142857142857,71.42857142857143,2300.4911149065574,2300.4911149065574,-0.010053344275748888,-0.010104220412065249,0.394637352155525,0.42059609923360725,0.03551883249275667,0.06441650121332443,0.10310928212162773,3.5,0.0,-0.9044292010728753,0.7785651018600531,0.8338870431893688,12.643045112781927,3.2248379351740484,2192.75,2475.0,0.0910880829015544,0.025906735751295335
2393.0,2393.0,2393.0,2393.0,0,2022-11-17 00:00:00-05:00,2435.65,2398.55,2326.9,2277.78,2334.3275,2716.08375,2379.6625663473114,2337.245534121524,2325.555343695367,2528.004659047005,55.327927790756426,54.19122320359197,41.07697417779852,66.7420791707412,-33.333333333333336,36.44140290846857,42.41703222578735,32.043154119267626,10.373878106519726,2497.0186644668934,2326.9,2156.781335533107,0.14621914518620763,0.6942761548450306,41.51491800471974,1.7348482241838585,19.5,0.6153846153846132,-0.8866480997931934,-125.0,100,0,0,0,13.097849709363365,0.0,71.42857142857143,71.42857142857143,2314.451825714033,2314.451825714033,-0.008082901554404165,-0.008115745304767689,0.39386322116545325,0.4332181504164129,0.0176483095896236,0.04852667323912807,0.07393694603388301,3.5,0.0,-0.9044292010728753,0.7094774136403897,0.7820598006644518,12.277443609022521,3.4187034813925368,2192.75,2475.0,0.08368157124947764,0.03426661094860008
2428.0,2428.0,2428.0,2428.0,0,2022-11-18 00:00:00-05:00,2426.25,2403.325,2337.125,2280.825,2334.38,2712.82375,2387.0990946015713,2343.9680871495593,2329.5727811975094,2527.0095878127067,58.04928062651351,56.051518733563974,33.684409718591105,48.633822551790026,-21.809744779582367,65.18270015413928,43.131007452012,34.2607247858165,8.8702826661955,2505.731309193928,2337.125,2168.518690806072,0.14428523009588973,0.7694887292013406,41.04956671866832,1.6906740823174762,35.0,0.6153846153846132,-0.7256141368691467,-125.0,100,0,0,0,13.240931414478284,0.0,64.28571428571429,64.28571428571429,2327.2956796569106,2327.2956796569106,0.014625992478060956,0.014520064271015504,0.39497140455765434,0.16555139698647095,-0.018989898989899,0.02006091797080134,0.09197211603328093,3.4,0.0,-0.9001657656414829,0.83348095659876,0.8750830564784053,12.089097744360863,3.7671908763505444,2192.75,2475.0,0.09689044481054365,0.019357495881383854
2379.5,2379.5,2379.5,2379.5,4,2022-11-21 00:00:00-05:00,2410.0,2405.825,2346.4625,2282.965,2334.16,2709.15,2385.9300031244065,2346.6000806940365,2331.5307113466265,2525.541830720043,53.21184243412308,52.92434688452088,17.220172201722008,30.660518699370567,-45.803357314148684,-2.934047710167299,39.32992243037006,35.274564314727215,4.055358115642846,2502.249636423381,2346.4625,2190.675363576619,0.1327846802779768,0.6060341076885009,41.58174052447772,1.7474990764647078,48.5,0.6153846153846132,-0.5937716850484778,-129.0,100,0,0,0,12.681607694716975,0.0,57.142857142857146,57.142857142857146,2339.1120252843575,2339.1120252843575,-0.019975288303130112,-0.020177491618223693,0.39937325255353834,0.2028079046734172,-0.033018388702631296,0.010617965597791379,0.08516702770493678,3.6,1.1111111111111112,-0.9800669188540033,0.6385998107852412,0.7461794019933555,10.4148496240601,3.9789795918367297,2210.75,2475.0,0.0709182601386846,0.04013448203404076
2428.75,2428.75,2428.75,2428.75,4,2022-11-22 00:00:00-05:00,2408.35,2409.575,2356.475,2285.55,2334.555,2705.455,2392.5176949514207,2352.6852599018857,2335.343232470288,2524.578727926809,57.11959160432585,55.56748038980991,50.55350553505534,33.81936248512284,-23.994811932555123,58.68651194080018,39.83243504953498,36.18613846168877,3.6462965878462086,2506.2743574752703,2356.475,2206.6756425247295,0.12713850770771634,0.7412393524849784,42.12947334415789,1.7346154747980604,49.25,0.6153846153846132,-0.4858568924810698,-125.0,100,0,0,0,12.731855625153987,0.0,50.0,50.0,2349.983063261609,2349.983063261609,0.020697625551586496,0.020486340130484722,0.4014107439217404,0.2756607303309136,-0.0033853098071399135,0.015682174594877196,0.08985864931568321,3.8,1.0526315789473684,-0.8972764166476573,0.8249763481551561,0.8770764119601329,9.727819548872139,4.3624969987995,2210.75,2475.0,0.08975810602161606,0.019042717447246525
2392.0,2392.0,2392.0,2392.0,4,2022-11-23 00:00:00-05:00,2404.25,2415.8,2358.45,2288.205,2335.055,2701.21375,2392.438049574279,2355.5974628721165,2337.565066491061,2523.259536604154,53.52706526739085,53.22601828970652,41.79357021996615,36.52241598558118,-57.142857142857146,-17.753239550244174,36.840586702162454,36.31702810978351,0.5235585923789472,2509.0271895075934,2358.45,2207.872810492406,0.127691652998871,0.6114046560096947,41.74522524814661,1.7452017244208449,36.75,0.6153846153846132,-0.397541123477942,-129.0,100,0,0,0,12.26463153178707,0.0,42.85714285714286,42.85714285714286,2359.9844182006805,2359.9844182006805,-0.015131240349974262,-0.015246885621127483,0.3583845403274295,0.2887281301599973,-0.008497409326424843,0.026719605107844213,0.016790648246546303,4.0,1.0,-0.9578013780475544,0.6859035004730369,0.7794019933554818,10.172556390977425,4.5485594237694915,2210.75,2475.0,0.07577341137123746,0.03469899665551839
2367.25,2367.25,2367.25,2367.25,4,2022-11-25 00:00:00-05:00,2399.1,2417.375,2361.45,2289.735,2335.18,2696.485,2388.56296502439,2356.460613770478,2338.729181530627,2521.7072029066003,51.19189466961046,51.68592895684244,41.79357021996615,44.71354865832924,-74.18244406196214,-63.34170730505909,32.10235125391182,35.47409273860917,-3.3717414846973526,2510.2071510886285,2361.45,2212.692848911371,0.12598797441286388,0.5194948611127427,40.53128058756471,1.7121673075325676,24.75,0.6153846153846132,-0.32527184311503143,-133.0,100,0,0,0,11.497079437043295,21.42857142857143,35.714285714285715,14.285714285714286,2475.0,-2475.0,-0.010346989966555142,-0.010400892206912829,0.3530537108810335,0.29236852624584025,-0.010760551608859137,0.0066978524346161805,0.026004984288655386,3.3,1.2121212121212122,-0.6529619202729674,0.5922421948912016,0.7136212624584718,9.489849624060032,4.740780312124836,2210.75,2475.0,0.06611046573027775,0.0455169500475235
2362.0,2362.0,2362.0,2362.0,0,2022-11-28 00:00:00-05:00,2385.9,2406.075,2369.0125,2291.69,2334.9325,2691.7,2384.4763550206376,2356.8709386763685,2339.641762647073,2520.1180765095196,50.68675848164994,51.35496721811551,8.460236886632819,30.68245910885506,-77.79690189328744,-75.51794718186822,27.605416344269088,33.90035745974116,-6.294941115472071,2500.7618334897884,2369.0125,2237.2631665102112,0.11122721681695523,0.47338696214146947,38.011189117024365,1.6092798102042492,5.25,0.6153846153846132,-0.2661369699561106,-133.0,100,0,0,0,10.712201226840778,14.285714285714286,28.571428571428573,14.285714285714286,2472.845,-2472.845,-0.002217763227373548,-0.0022202261063018823,0.3144457097450554,0.25384590548944524,-0.027182866556836882,-0.04565656565656562,0.0684156960307587,2.4,0.0,0.09988237488360496,0.540650406504065,0.6996677740863787,7.11823308270672,4.848403361344532,2229.0,2475.0,0.0563082133784928,0.04784081287044877
2365.25,2365.25,2365.25,2365.25,17,2022-11-29 00:00:00-05:00,2383.05,2396.525,2375.825,2294.285,2334.7475,2687.115,2381.5184542482316,2357.4916098855265,2340.6460072491486,2518.577100623853,51.009037470234865,51.55659643728134,1.6229712858926273,17.292259464163887,-75.5593803786575,-62.59836886535954,24.026844362705106,31.925654840333948,-7.898810477628842,2490.9526574069196,2375.825,2260.69734259308,0.09691594070011028,0.45407272136780136,35.52824703723691,1.50209267676723,3.25,0.6153846153846132,-0.21775116094054203,-116.0,100,0,0,0,10.030215210774823,7.142857142857143,21.42857142857143,14.285714285714286,2468.4112,-2468.4112,0.0013759525825571828,0.0013750068272460332,0.31401320691103624,0.21951863724769416,-0.005988653078377815,-0.038809306105862085,0.06112606550022437,2.45,6.938775510204081,-0.008808303880570745,0.49071925754060325,0.7083056478405315,4.853759398496171,4.883877551020426,2259.5,2475.0,0.04470986153683543,0.04640101469189303
2460.5,2460.5,2460.5,2460.5,36,2022-11-30 00:00:00-05:00,2389.4,2398.875,2385.875,2298.93,2335.94,2683.0575,2393.669461286965,2365.121861005117,2345.3461638276135,2517.9992190256057,59.386382809132975,57.036641320309414,34.95630461922596,15.013170930583824,-11.740890688259109,99.45799457994605,28.54760028184819,31.250043928636796,-2.7024436467886055,2493.4762894904215,2385.875,2278.2737105095785,0.09019859757147508,0.8467662904106877,39.794086534577126,1.617317071106569,95.25,0.6153846153846132,-0.1781614062577601,-80.0,100,0,0,0,10.612437526714757,0.0,14.285714285714286,14.285714285714286,2464.154752,-2464.154752,0.04027058450480925,0.03948085672147931,0.33902352581796363,0.34830193267245796,0.0130725681935151,0.009643003693065255,0.08895773401194962,4.25,8.470588235294118,1.4409327382925623,0.9304556354916067,0.9614617940199336,4.226691729323292,5.113253301320521,2266.5,2475.0,0.07884576305628938,0.005893111156269051
2472.25,2472.25,2472.25,2472.25,0,2022-12-01 00:00:00-05:00,2405.45,2404.85,2396.1625,2304.78,2337.445,2679.05625,2405.758774935124,2373.0572787084416,2350.322784853982,2517.544002915898,60.288502731865975,57.65707097122256,68.28963795255929,34.95630461922598,-2.433628318584071,105.65461029037212,32.70149622668259,31.540334388245956,1.1611618384366373,2495.1410677558765,2396.1625,2297.1839322441233,0.08261423651849707,0.8843635128549462,37.79093749639304,1.5286050155280835,11.75,0.6153846153846132,-0.14576910604591664,-80.0,100,0,0,0,11.283758215292902,0.0,7.142857142857143,7.142857142857143,2362.0,2362.0,0.0047754521438732045,0.004764085844067306,0.3389848994535299,0.3103795487544378,0.03354933110367897,0.024766839378238314,0.09077873373042133,4.15,0.0,1.4347366772171033,0.9857328145265889,0.9926910299003322,3.575751879699222,5.229195678271314,2282.25,2475.0,0.0768530690666397,0.0011123470522803114
2535.0,2535.0,2535.0,2535.0,10,2022-12-02 00:00:00-05:00,2439.0,2419.05,2408.8,2311.325,2339.4875,2675.13125,2425.6420403297207,2385.0530358411497,2357.5650285851984,2517.7176944291728,64.78689635600077,60.829004592623626,100.0,67.74864752392843,-0.0,193.22136480556847,40.589004488570936,33.35006840831095,7.2389360802599825,2510.8680655248895,2408.8,2306.731934475111,0.08474598598878223,1.1182149105648813,39.573727675222116,1.5610937938943636,62.75,0.6153846153846132,-0.11926597359144275,-70.0,100,0,0,0,12.558192049846868,71.42857142857143,100.0,28.571428571428573,2364.205,2364.205,0.025381737283850736,0.02506496987518333,0.3469241602174504,0.28915231634274313,0.07086281550322093,0.05933974091099037,0.11074597436740063,4.65,2.150537634408602,1.6885540500556107,1.0,1.0,3.7605263157894027,5.533265306122449,2329.75,2535.0,0.08096646942800789,0.0
2509.0,2509.0,2509.0,2509.0,3,2022-12-05 00:00:00-05:00,2468.4,2427.15,2415.2375,2318.355,2340.9075,2671.0975,2438.466341817456,2394.234292445509,2363.5036549151905,2517.6309512010216,61.66974666296509,58.90912204448298,94.8944526264114,87.72803019299023,-15.028901734104046,131.77518085698367,44.23204937194714,35.52646460103819,8.705584770908949,2525.224371375605,2415.2375,2305.250628624395,0.09107747902689073,0.9262440545281128,38.60417569842053,1.5386279672547043,26.0,0.6153846153846132,-0.09758142180629958,-73.0,100,0,0,0,13.295310852929195,64.28571428571429,92.85714285714286,28.571428571428573,2371.0368,2371.0368,-0.01025641025641022,-0.010309369658861213,0.3211931654264373,0.32126080900313275,0.06223539373412357,0.033360790774299875,0.05409095683226561,4.65,0.6451612903225806,1.5289645761053088,0.8733252131546894,0.9404011461318051,4.74116541353378,5.6216686674669925,2329.75,2535.0,0.07144280589876445,0.010362694300518135
2503.5,2503.5,2503.5,2503.5,1,2022-12-06 00:00:00-05:00,2496.05,2439.55,2422.6875,2325.9,2342.1425,2667.0925,2448.4715199993857,2402.3280485606565,2368.9937076636143,2517.4903447214097,61.00112209246992,58.499020705147785,80.80049289486776,91.89831517375973,-18.208092485549134,103.73139642526499,46.14347143872919,37.64986596857639,8.4936054701528,2535.361129900704,2422.6875,2310.013870099296,0.0930154053304059,0.8586131913528383,36.23959171996192,1.4475570888740532,5.5,0.6153846153846132,-0.07983943045725928,-74.0,100,0,0,0,13.884084285425686,57.142857142857146,85.71428571428572,28.571428571428573,2377.595328,2377.595328,-0.0021921084097249466,-0.002194514596422786,0.3177732956527559,0.32979629066460037,0.05845048092167837,0.052111788190796426,0.06328307496283703,4.7,0.2127659574468085,1.5267724676955838,0.8465286236297198,0.9277936962750717,5.043045112781906,5.586842737094842,2329.75,2535.0,0.06940283602955861,0.012582384661473937
2484.25,2484.25,2484.25,2484.25,0,2022-12-07 00:00:00-05:00,2500.8,2445.1,2427.3375,2333.61,2342.37,2662.80375,2453.975901537942,2408.3963412598673,2373.513562265041,2517.1595950226892,58.606120169020706,57.0397246738971,53.841661553566304,76.51220235828183,-29.335260115606935,64.983902552358,45.579560278074496,39.23580483047601,6.3437554475984825,2542.0945558832786,2427.3375,2312.5804441167215,0.09455385242742598,0.7479695020142667,35.026049454250355,1.409924502535991,19.25,0.6153846153846132,-0.06532321304562827,-74.0,100,0,0,0,14.088124616393367,50.0,78.57142857142857,28.571428571428573,2383.8915148799997,2383.8915148799997,-0.007689235070900691,-0.007718949658526667,0.31652456103449705,0.22674490150391924,0.009652509652509744,0.02285126093669576,0.03889179299529544,4.7,0.0,1.5267724676955838,0.7527405602923264,0.8793820558526441,5.426127819548827,5.403145258103225,2329.75,2535.0,0.062191808392875116,0.020428700815135353
2496.5,2496.5,2496.5,2496.5,0,2022-12-08 00:00:00-05:00,2505.65,2455.55,2435.675,2341.255,2343.36,2658.5575,2460.5180705321045,2414.9225382035806,2378.3365598232745,2516.9540269130107,59.69070441006076,57.74405641957836,33.65985260531584,56.10066901791665,-22.254335260115607,69.28547240094836,45.59553232852386,40.507750330085585,5.087781998438274,2544.9597313214254,2435.675,2326.390268678575,0.08973671062142952,0.778286816760811,33.39918877894676,1.337840527896926,12.25,0.6153846153846132,-0.05344628655490391,-74.0,100,0,0,0,14.434231221997441,42.85714285714286,71.42857142857143,28.571428571428573,2389.9358542848,2389.9358542848,0.004931065713998262,0.004918947829191304,0.2990161429775507,0.22686739245033224,0.009808878551926359,0.04368729096989976,0.07157420324069097,4.7,0.0,1.5267724676955838,0.7901907356948229,0.8980807412309728,4.873308270676651,5.24920768307324,2351.5,2535.0,0.05808131383937513,0.015421590226316844
2465.25,2465.25,2465.25,2465.25,0,2022-12-09 00:00:00-05:00,2491.7,2465.35,2441.3625,2346.705,2343.66,2653.59625,2461.2460596810115,2418.6504983366485,2381.7449300262833,2516.439558983528,55.68254618219098,55.314899517985495,14.42047900352613,33.97399772080277,-40.31791907514451,26.252524281181113,42.59556134436298,40.925312532941064,1.6702488114219136,2544.180844058819,2441.3625,2338.5441559411815,0.08423029685990395,0.616163609804563,33.24567529473627,1.348572164881301,31.25,0.6153846153846132,-0.04372879057643453,-74.0,100,0,0,0,14.182379273413451,35.714285714285715,64.28571428571429,28.571428571428573,2395.7384201134078,2395.7384201134078,-0.012517524534348068,-0.012596528728225474,0.3035115388371615,0.11123518785432646,-0.02751479289940828,0.0413982469109726,0.04837337869445024,4.6,0.0,1.5081009364154037,0.596820809248555,0.8153540701522171,3.9667293233082486,5.177274909963993,2362.0,2535.0,0.04188216205253017,0.02829327654396106
2409.25,2409.25,2409.25,2409.25,0,2022-12-12 00:00:00-05:00,2471.75,2470.075,2438.075,2351.745,2343.4775,2648.6125,2453.246665883933,2417.9541651265263,2382.8235602213313,2515.3729962075727,49.2946137952869,51.25762786837298,8.045977011494257,18.70876954011209,-72.6878612716763,-49.02751184117678,35.29250075740674,39.7987501778342,-4.506249420427459,2540.5851336454134,2438.075,2335.5648663545862,0.0840910420273483,0.35940414388831754,34.87098420225511,1.447379234295117,56.0,0.6153846153846132,-0.03577810671465753,-74.0,100,0,0,0,13.302939666717036,28.571428571428573,57.142857142857146,28.571428571428573,2401.3088833088714,2401.3088833088714,-0.022715748909846845,-0.022977726481041648,0.2523592330262925,0.16611350737485106,-0.03975687524910321,0.02000423370025395,-0.02656565656565657,4.6,0.0,1.5081009364154037,0.273121387283237,0.6386494252873564,4.03909774436083,4.860468187274911,2362.0,2535.0,0.019611912420877866,0.05219466638995538
2458.25,2458.25,2458.25,2458.25,0,2022-12-13 00:00:00-05:00,2462.7,2479.375,2437.95,2356.65,2343.23,2643.81875,2454.0164095940972,2420.939041783821,2385.7814598204945,2514.804608185607,54.241230897856106,54.33495191111999,18.72015281757402,13.728869610864814,-44.36416184971098,12.984964597370007,33.07736781027643,38.454473704322645,-5.377105894046217,2540.3552733017373,2437.95,2335.5447266982624,0.08400933021738548,0.5991159895652354,35.88019961637975,1.4595830211076883,49.0,0.6153846153846132,-0.029272999069870798,-74.0,100,0,0,0,12.931774770138846,21.42857142857143,50.0,28.571428571428573,2406.6565279765164,2406.6565279765164,0.020338279547577054,0.020134218928868814,0.26292421752611767,0.26413914562148416,-0.018074695426403053,0.03931931085508933,-0.0010159504216193938,4.6,0.0,1.5081009364154037,0.5563583815028902,0.7794540229885057,4.685338345864669,4.7712845138055195,2362.0,2535.0,0.039153869622699074,0.031221397335502898
2431.0,2431.0,2431.0,2431.0,0,2022-12-14 00:00:00-05:00,2452.05,2476.425,2437.65,2358.325,2343.2775,2638.39375,2450.4754235026976,2421.684297947982,2387.5547359059656,2513.9707314872426,51.247049055624025,52.40305949304997,27.02960840496657,17.931912744678296,-60.115606936416185,-29.517526839994822,28.791125554715563,36.52180407440123,-7.730678519685668,2540.0997925815236,2437.65,2335.2002074184766,0.08405619558306034,0.4675450782650028,35.26375678663834,1.4505864576979983,27.25,0.6153846153846132,-0.023950636936106218,-74.0,100,0,0,0,12.159291308144308,14.285714285714286,42.85714285714286,28.571428571428573,2409.25,2409.25,-0.01108512152954333,-0.011147019344142204,0.26367602453320704,0.26857046218251907,-0.02143504075676761,-0.011989433042064568,-0.0024620434961017956,4.15,0.0,1.594964697463865,0.3988439306358382,0.7011494252873564,4.571052631578876,4.923205282112841,2362.0,2535.0,0.028383381324557796,0.0427807486631016
2383.0,2383.0,2383.0,2383.0,0,2022-12-15 00:00:00-05:00,2429.35,2467.5,2436.175,2358.8,2342.7525,2632.23125,2440.094589117667,2418.81879439628,2387.376118811614,2512.6675401291604,46.38939321895421,49.16962143683924,27.02960840496657,24.259789875835732,-87.86127167630057,-103.95299145299147,21.27579472138723,33.47260220379843,-12.196807482411202,2540.8558363550696,2436.175,2331.4941636449307,0.0859386836783642,0.24601368382444608,36.173488444735604,1.5179810509750569,48.0,0.6153846153846132,-0.019595976341738264,-74.0,100,0,0,0,11.833260693832766,7.142857142857143,35.714285714285715,28.571428571428573,2535.0,-2535.0,-0.01974496092143152,-0.01994249721738125,0.27073009452677343,0.27276060623087556,-0.045463649108752224,-0.036100717969461016,-0.012227979274611389,4.15,0.0,1.594964697463865,0.12138728323699421,0.5632183908045977,3.393233082706701,4.983529411764723,2362.0,2535.0,0.008812421317666807,0.06378514477549307
2388.5,2388.5,2388.5,2388.5,3,2022-12-16 00:00:00-05:00,2414.0,2452.85,2435.95,2359.47,2342.3625,2625.335,2432.156960022641,2416.572957774333,2387.420192583708,2511.4320422174274,47.00921152174507,49.544188724966745,10.745778953948475,21.601665254627218,-86.30338733431518,-104.24990918997501,15.584002248308025,29.89488221270035,-14.310879964392324,2541.019691157842,2435.95,2330.880308842158,0.08626588489734359,0.27419748988926995,33.98252498439735,1.4227559131001613,5.5,0.6153846153846132,-0.016033071885702466,-71.0,100,0,0,0,11.441370868047366,0.0,28.571428571428573,28.571428571428573,2531.96,-2531.96,0.0023080151070080657,0.0023053557312745056,0.26936785532627755,0.2813826402786797,-0.031132745157691932,-0.0577909270216963,-0.0018804847471792785,4.3,0.6976744186046512,1.6018887427848891,0.1531791907514451,0.5790229885057471,2.030451127819491,5.0441056422569135,2362.0,2535.0,0.011094829390831066,0.06133556625497174
2364.25,2364.25,2364.25,2364.25,3,2022-12-19 00:00:00-05:00,2405.0,2438.375,2432.7625,2360.84,2341.435,2617.79125,2421.7097354037733,2412.6971831243827,2386.5115575804252,2509.9675442849157,44.56285143336307,47.90974957722222,2.4363233665559263,13.403903575157003,-100.0,-142.1932262091737,9.012552279390547,25.71841622603839,-16.705863946647842,2542.3733428715063,2432.7625,2323.1516571284933,0.09011224307469926,0.18747389306952528,33.28734462836897,1.4079452100399268,24.25,0.6153846153846132,-0.01311796807316945,-74.0,100,0,0,0,11.426683882742202,100.0,21.42857142857143,-78.57142857142857,2528.9808,-2528.9808,-0.010152815574628438,-0.010204706934395003,0.2659118930857057,0.24689190505822137,-0.018678011829407537,-0.05769230769230771,-0.026256177924217416,4.45,0.6741573033707865,1.5714302960610036,0.01300578034682081,0.5093390804597702,0.8806390977443096,4.8993037214886135,2362.0,2535.0,0.000951676007190441,0.0722216347678968
2377.0,2377.0,2377.0,2377.0,3,2022-12-20 00:00:00-05:00,2388.75,2425.725,2432.6375,2363.22,2340.57,2610.94875,2414.8313145724237,2410.0529473373913,2386.1385553223695,2508.6444841427774,46.14960482656317,48.84146202980516,8.8033645650578,7.32848896185408,-92.53294289897511,-98.77118644067765,4.77836723503242,21.530406427837196,-16.752039192804776,2542.496440805949,2432.6375,2322.7785591940506,0.09032084789118747,0.24677755132249168,31.820391440628327,1.33867864706051,12.75,0.6153846153846132,-0.01073288305229958,-71.0,100,0,0,0,11.18493738595072,92.85714285714286,14.285714285714286,-78.57142857142857,2522.391568,-2522.391568,0.005392830707412477,0.005378341464572359,0.2572579224949979,0.1643401904355408,-0.03305196786331743,-0.05052925903734773,-0.0010506408909434217,4.4,0.6818181818181818,1.6675099413957615,0.08670520231213873,0.5459770114942529,-0.7569548872181455,4.685474189675858,2362.0,2535.0,0.006310475389145982,0.06647034076567102
2402.0,2402.0,2402.0,2402.0,3,2022-12-21 00:00:00-05:00,2382.95,2417.5,2431.3,2366.355,2340.5175,2605.53125,2412.857266176666,2409.456432719807,2386.760572760708,2507.5833449970783,49.218810074694815,50.658471442450505,39.70037453183521,16.980020821149658,-77.89165446559298,-55.37615117808883,3.4008334568593455,17.904491833641625,-14.50365837678228,2541.9640863152786,2431.3,2320.635913684722,0.09103285182024298,0.3676173952382102,31.33322062344059,1.3044638061382425,25.0,0.6153846153846132,-0.008781449811734676,-68.0,100,0,0,0,10.5193513342925,85.71428571428572,7.142857142857143,-78.57142857142857,2516.06590528,-2516.06590528,0.010517458981909922,0.010462535279734878,0.24883209180657043,0.19614617242752408,-0.011929247223364858,-0.033108584079702075,-0.011013896037056048,4.35,0.6896551724137931,1.6162718161351455,0.23121387283236994,0.617816091954023,-1.2560150375939862,4.487815126050415,2362.0,2535.0,0.01665278934221482,0.05537052456286428
2421.5,2421.5,2421.5,2421.5,3,2022-12-22 00:00:00-05:00,2390.65,2410.0,2432.775,2368.54,2340.8675,2601.20625,2414.186917534102,2410.3485488146357,2388.12290324068,2506.72679430059,51.53892433419159,52.05317780688993,73.03370786516854,40.51248232068719,-60.44905008635578,-20.986354775828175,3.8383687194664162,15.091267210806583,-11.252898491340167,2542.0825820791824,2432.775,2323.4674179208178,0.08986246741205606,0.4484253526354993,30.48799057890912,1.2590539161226149,19.5,0.6153846153846132,-0.007184822594073159,-65.0,100,0,0,0,9.967977314743305,78.57142857142857,0.0,-78.57142857142857,2509.9932690688,-2509.9932690688,0.008118234804329827,0.008085459203355076,0.24426724476363634,0.12838476119106673,0.016156105749055794,-0.030042058882435385,0.012332775919732475,4.3,0.6976744186046512,1.701151481948032,0.3439306358381503,0.6738505747126436,-2.01654135338351,4.485066026410572,2362.0,2535.0,0.024571546562048317,0.04687177369399133
2413.5,2413.5,2413.5,2413.5,3,2022-12-23 00:00:00-05:00,2395.65,2404.825,2435.0875,2369.05,2341.5075,2596.4675,2414.081237913471,2410.5819896431813,2389.118083505751,2505.7991645065545,50.51915341456714,51.42698806667707,95.34206695778748,69.35871645159709,-64.63195691202873,-25.93627973020934,3.499248270289627,12.772863422703193,-9.273615152413566,2540.644862959666,2435.0875,2329.530137040334,0.08669697738554863,0.39774517193912484,28.88170553755847,1.1966731111480617,8.0,0.6153846153846132,-0.005878491223750393,-68.0,100,0,0,0,9.310309104091173,71.42857142857143,0.0,-71.42857142857143,2504.163538306048,-2504.163538306048,-0.003303737352880476,-0.003309206742736264,0.24129448383252242,0.13684487145352522,0.010466820180029313,-0.020991785822938813,0.019537437955433612,4.25,0.7058823529411765,1.732628229755611,0.2976878612716763,0.6508620689655172,-3.326503759398515,4.6385114045618145,2362.0,2535.0,0.021338305365651542,0.05034182722187694
2411.25,2411.25,2411.25,2411.25,3,2022-12-27 00:00:00-05:00,2405.05,2405.025,2437.55,2370.52,2341.8925,2591.29125,2413.64566284986,2410.6314718918343,2389.9860017996434,2504.8583768000217,50.21819562278801,51.24493772451194,87.66416433606463,85.34664638634023,-64.46124763705104,-21.815118972415,3.014190958025665,10.821128929767687,-7.8069379717420215,2538.363639950124,2437.55,2336.7363600498766,0.08271718729882349,0.36956130136253484,26.979440856304297,1.1188985321432576,2.25,0.6153846153846132,-0.004809674642822892,-71.0,100,0,0,0,8.656627269326197,64.28571428571429,0.0,-64.28571428571429,2498.566996773806,-2498.566996773806,-0.0009322560596644047,-0.0009326908806087739,0.24110476776211417,0.09359238389496696,0.019879454372422556,0.000830133859084814,0.020850973751058488,4.4,0.6818181818181818,1.729831461576618,0.2752562225475842,0.6443965517241379,-4.821052631579002,4.661152460984379,2364.25,2535.0,0.01949196474857439,0.05132192846034215
2396.0,2396.0,2396.0,2396.0,24,2022-12-28 00:00:00-05:00,2408.85,2398.8,2439.0875,2373.245,2341.885,2586.66375,2410.9309454883432,2409.547659159106,2390.221844866324,2503.7752088716634,48.12554282894421,49.98565732956134,54.330831002731294,79.11235409886113,-75.99243856332703,-46.73079859520575,1.3832863292373077,8.933560409661611,-7.550274080424304,2536.317931835908,2439.0875,2341.857068164092,0.0797268911721354,0.27842585296382705,26.14162365228256,1.091052740078571,15.25,0.6153846153846132,-0.003935188346732343,-95.0,100,0,0,0,8.325840859311844,57.142857142857146,7.142857142857143,-50.0,2493.1943169028536,-2493.1943169028536,-0.006324520476931106,-0.006344604984598921,0.2425503227443145,0.11645450542504286,0.00799326882625162,-0.02532289230143392,0.01300073987950534,4.75,5.052631578947368,1.554651776226799,0.18594436310395315,0.6005747126436781,-6.556203007518818,4.44983193277311,2364.25,2535.0,0.013251252086811353,0.05801335559265442
2426.5,2426.5,2426.5,2426.5,408,2022-12-29 00:00:00-05:00,2413.75,2398.35,2437.3875,2377.685,2341.875,2582.77375,2413.3261846439827,2410.8033881102833,2391.644517616664,2503.0063013207014,52.397984063260935,52.43998610905323,58.98876404494382,66.99458646124658,-38.366336633663366,48.54895579061509,2.5227965336994203,7.651407634469173,-5.128611100769753,2534.2491894081672,2437.3875,2340.5258105918324,0.0794799262802221,0.4437987295775899,26.45293624854809,1.0901684009292434,30.5,0.6153846153846132,-0.003219699557719613,313.0,100,0,0,0,8.057002310127617,50.0,0.0,-50.0,2488.0365442267394,-2488.0365442267394,0.012729549248747807,0.012649209609930805,0.19879632161174654,0.12763067699907327,0.010199833472106512,-0.0018510900863841773,-0.01381832960780327,23.35,17.47323340471092,5.298566827542771,0.3645680819912152,0.6882183908045977,-6.397932330827057,4.161884753901575,2364.25,2535.0,0.025654234494127345,0.04471460951988461
2418.0,2418.0,2410.25,2410.25,4,2022-12-30 00:00:00-05:00,2411.5,2401.075,2434.2875,2382.15,2341.27,2578.63125,2412.852925467985,2410.7623963984106,2392.374144376795,2502.0833530488535,50.03357675786422,51.03884511882432,48.90710382513661,54.075566290937246,-51.06382978723405,21.770079125042173,2.090529069574586,6.539231921490256,-4.4487028519156695,2530.4537980206883,2434.2875,2338.1212019793115,0.07900981130674858,0.3750211846834912,25.72415508793751,1.0672816134399963,16.25,-3.384615384615387,-1.275361572366058,309.0,0,0,0,0,7.493409354881529,42.85714285714286,0.0,-42.85714285714286,2483.0850824576696,-2483.0850824576696,-0.006696888522563338,-0.006719413300781091,0.19883674528613535,0.12664156420504316,-0.004645880652488166,0.011435165757448518,-0.025078369905956133,23.55,0.16985138004246284,5.271779273452518,0.26939970717423134,0.635500365230095,-6.2351503759399165,3.7715246098439557,2364.25,2535.0,0.019085157141375375,0.05175811637796909
2325.25,2325.25,2325.25,2325.25,0,2023-01-03 00:00:00-05:00,2393.85,2394.75,2423.8,2384.09,2339.795,2573.67625,2399.3755523190644,2404.4281448133434,2389.7418249894695,2500.3238171976213,39.8931489717687,44.50743839002271,48.90710382513661,52.267657231739015,-100.0,-206.5392307334546,-5.052592494278997,4.220867038336404,-9.273459532615401,2519.49346895162,2423.8,2328.1065310483805,0.07896152236291748,-0.014925423227287684,29.95814401022769,1.2883837871294566,85.0,-3.384615384615387,-1.6798412864816459,309.0,100,0,0,0,8.417893293442521,100.0,7.142857142857143,-92.85714285714286,2478.331679159363,-2478.331679159363,-0.035266051239498,-0.035902916421913435,0.2076670641291793,0.27782047742690735,-0.036565154340169825,-0.026481055055474156,-0.08274161735700192,23.05,0.0,5.017961900614011,0.0,0.38714390065741416,-6.202631578947389,3.2607442977190826,2325.25,2509.0,0.0,0.07902376088592625
2270.0,2270.0,2270.0,2270.0,8,2023-01-04 00:00:00-05:00,2365.6,2385.325,2411.85,2385.02,2337.4425,2568.24,2379.4716211930545,2394.4705044567995,2385.0460671467454,2498.032037922023,34.93665994655062,40.932437505151555,15.573770491803279,37.7959927140255,-100.0,-252.15786251450706,-14.998883263745029,0.3769169779201178,-15.375800241665146,2520.777085704168,2411.85,2302.922914295832,0.09032658391207404,-0.15112363505825568,31.764705152354285,1.399326218165387,55.25,-3.384615384615387,-1.6925974162124184,301.0,100,0,0,0,9.983538790900521,100.0,0.0,-100.0,2469.1467784098013,-2469.1467784098013,-0.02376088592624448,-0.024047728647127977,0.21813602853030142,0.29178660773027115,-0.05857957490927945,-0.03986465052342181,-0.09525707453168597,23.3,0.34334763948497854,4.858644043973285,0.0,0.22571219868517164,-7.054511278195543,2.5990156062425007,2270.0,2503.5,0.0,0.10286343612334801
2262.75,2262.75,2262.75,2262.75,8,2023-01-05 00:00:00-05:00,2338.95,2373.9,2399.8125,2386.42,2335.8525,2562.205,2361.514448701815,2384.7134300525922,2380.250142944912,2495.690923116829,34.33383863246809,40.48438784282492,0.0,21.493624772313296,-100.0,-188.27963871701883,-23.198981350777103,-4.338262687819326,-18.860718662957776,2518.3524589800872,2399.8125,2281.2725410199128,0.09879101719829132,-0.07812783629790285,30.01365478432898,1.326423811040945,7.25,-3.384615384615387,-1.5439433405375147,293.0,100,0,0,0,11.523342196930985,100.0,0.0,-100.0,2453.2150361370173,-2453.2150361370173,-0.003193832599118984,-0.0031989437681682353,0.21799989568592895,0.29634177971211445,-0.055613522537562576,-0.04806478754732857,-0.09616536848412227,23.65,0.3382663847780127,4.835285491590058,0.0,0.16037008481110254,-7.737406015037605,1.840456182472994,2262.75,2496.5,0.0,0.10330350237542812
2285.25,2285.25,2285.25,2285.25,8,2023-01-06 00:00:00-05:00,2310.7,2362.225,2389.8625,2387.555,2334.935,2556.33,2349.7814565938434,2377.345768567215,2376.524647143151,2493.596983583328,37.91421426950694,42.53414417384009,4.830917874396135,6.801562788733139,-86.25954198473282,-116.0286214779851,-27.564311973371787,-8.983472544929818,-18.58083942844197,2511.742305033471,2389.8625,2267.9826949665294,0.10199733669486909,0.07083743294768419,29.47696515687691,1.2898792323324324,22.5,-3.384615384615387,-1.342771824076189,301.0,100,0,0,0,12.440123594224541,92.85714285714286,64.28571428571429,-28.571428571428573,2434.1685325233157,-2434.1685325233157,0.009943652635068023,0.009894539826648025,0.22396745038954138,0.2824828990250959,-0.05821141561920462,-0.048605328892589506,-0.08010465935392974,24.05,0.3326403326403326,4.9148347126706025,0.0962566844919786,0.22976098689282962,-8.040789473684299,1.2156662665066078,2262.75,2496.5,0.009845749917952083,0.092440652007439
2443.25,2443.25,2443.25,2443.25,8,2023-01-09 00:00:00-05:00,2317.3,2364.4,2387.2,2389.37,2335.5575,2550.6825,2364.161232502483,2382.227563488162,2379.1413276473413,2493.0960185725485,56.040208571096485,54.17185321166613,38.16425120772947,14.331723027375203,-0.0,93.69460338830906,-18.066330985679087,-10.80004423307967,-7.266286752599417,2501.751582267575,2387.2,2272.6484177324246,0.0959714998890543,0.7446496106403656,38.65718193138571,1.5822032919834528,158.0,-3.384615384615387,-1.1384042196987205,309.0,100,0,0,0,12.407645607268858,85.71428571428572,100.0,14.285714285714286,2262.75,2262.75,0.06913904386828573,0.06685369268501701,0.3426936173309993,0.6468103896947458,0.013691525775334501,0.008982035928143617,-0.021329861806529182,24.45,0.32719836400818,5.467947063616888,0.891358024691358,0.7170393215111797,-5.594360902255676,1.260864345738316,2262.75,2465.25,0.07387700808349534,0.00900439987721273
2465.0,2465.0,2465.0,2465.0,8,2023-01-10 00:00:00-05:00,2345.25,2369.55,2387.1875,2392.525,2336.23,2545.04,2379.6748890405624,2388.3588550816316,2382.508334406269,2492.8164561986923,57.863897963996635,55.4751739938363,71.4975845410628,38.16425120772947,-0.0,105.93833730766595,-8.683966041069198,-10.376828594677576,1.6928625536083786,2501.705061426191,2387.1875,2272.669938573809,0.09594349955853167,0.8397404687583734,37.44952607914387,1.5192505508780476,21.75,-3.384615384615387,-0.9513079979353272,317.0,100,0,0,0,12.638552228737623,78.57142857142857,100.0,21.42857142857143,2266.36,2266.36,0.008902077151335286,0.008862687257845324,0.3414621284095921,0.5492314375490494,0.060101064401677284,0.02133830536565151,-0.00010140959334747901,24.85,0.32193158953722334,5.539163680827571,1.0,0.7841171935235158,-3.2505639097744936,1.237707082833145,2262.75,2465.0,0.08204868154158215,0.0
2506.25,2506.25,2506.25,2506.25,8,2023-01-11 00:00:00-05:00,2392.5,2379.05,2392.0375,2398.435,2337.3575,2539.71375,2399.147983034322,2397.091532482992,2387.360948743278,2492.950123301193,61.15526829542286,57.86161603725727,100.0,69.88727858293076,-0.0,133.37384376476936,2.0564505513298172,-7.890172765476097,9.946623316805915,2517.5684000804217,2392.0375,2266.506599919578,0.10495730111289796,0.9549178725191544,37.72098850206216,1.50507684796258,41.25,-3.384615384615387,-0.7882860892198185,325.0,100,0,0,0,13.324075519931393,71.42857142857143,100.0,28.571428571428573,2274.3056,2274.3056,0.016734279918864114,0.01659580457808885,0.33498389720873994,0.4480924800003412,0.10407488986784141,0.039398652151373836,0.0402614921656117,25.25,0.31683168316831684,5.6730379201784835,1.0,0.9060457516339869,-1.2013157894737276,1.0601320528211202,2262.75,2506.25,0.0971571072319202,0.0
2551.0,2551.0,2551.0,2551.0,8,2023-01-12 00:00:00-05:00,2450.15,2394.55,2396.675,2404.875,2339.15,2534.54125,2422.5098317982724,2408.492159706474,2393.7781664396202,2493.527734014614,64.40374990583643,60.28625925989459,100.0,90.49919484702093,-0.0,154.7982887737658,14.017672091798431,-3.508603794021191,17.526275885819622,2537.5613992725894,2396.675,2255.788600727411,0.11756821368987383,1.0476930377836169,38.22306075191487,1.4983559683228096,44.75,-3.384615384615387,-0.6499329366343995,333.0,100,0,0,0,14.425533098489677,64.28571428571429,100.0,35.714285714285715,2288.222264,2288.222264,0.017855361596009978,0.017697827086932082,0.3333108782121742,0.40099107450168414,0.12738923875814834,0.06469115191986652,0.03773009254550996,25.65,0.3118908382066277,5.815880812946563,1.0,1.0,2.115037593984848,1.0041656662665104,2262.75,2551.0,0.11299490395923167,0.0
2602.0,2602.0,2602.0,2602.0,8,2023-01-13 00:00:00-05:00,2513.5,2412.1,2405.225,2411.725,2341.3975,2530.39375,2450.1237038293075,2422.826073802291,2401.943728540027,2494.6070600443195,67.71720600572824,62.84459976056376,100.0,100.0,-0.0,169.44672193374012,27.297630027016567,2.6526429701863607,24.644987056830207,2571.8161087063286,2405.225,2238.6338912936712,0.1385243448794426,1.0905927438987166,39.135699269635246,1.5040622317307935,51.0,-3.384615384615387,-0.5342491072463287,341.0,100,0,0,0,15.922441537077987,57.142857142857146,100.0,42.85714285714286,2309.24448288,2309.24448288,0.01999215993727943,0.019794940930639122,0.3353053062237998,0.3839714146672336,0.13860627940050319,0.0723263960436844,0.07034142328259985,26.05,0.30710172744721687,5.975818092444799,1.0,1.0,5.590225563909681,1.1119687875150288,2262.75,2602.0,0.130380476556495,0.0
2628.25,2628.25,2628.25,2628.25,8,2023-01-17 00:00:00-05:00,2550.5,2433.9,2417.4875,2418.96,2343.555,2525.7675,2477.5277493940293,2438.042660928047,2410.818484283556,2495.936840541391,69.30116065385596,64.0946435397669,100.0,100.0,-0.0,148.55493876112408,39.485088465982244,10.019132069345538,29.465956396636706,2609.8422812636786,2417.4875,2225.1327187363217,0.15913611240072878,1.047848352443832,38.21529217894702,1.4540204386548852,26.25,-3.384615384615387,-0.43835580365608795,349.0,100,0,0,0,17.539052037858013,50.0,100.0,50.0,2338.520034592,2338.520034592,0.010088393543428165,0.010037845383489728,0.32428286802290285,0.07816617071422029,0.07571881714928885,0.09044704906130074,0.10291649181703733,26.45,0.30245746691871456,6.056525240792224,1.0,1.0,8.425375939849616,1.2657863145258073,2262.75,2628.25,0.13906591838675925,0.0
2643.75,2643.75,2643.75,2643.75,8,2023-01-18 00:00:00-05:00,2586.25,2465.75,2430.25,2426.19,2345.79,2521.48625,2503.1004033334093,2453.2802416000436,2419.953053527338,2497.407618247447,70.22999363753831,64.82829269059043,100.0,100.0,-0.0,127.36215559245146,49.820161733365694,17.979338002149568,31.840823731216126,2645.7023729272933,2430.25,2214.7976270727067,0.17730881425967968,0.9954691310641723,36.59277130902223,1.3841237374571058,15.5,-3.384615384615387,-0.35927619730952687,357.0,100,0,0,0,19.173075227725587,42.85714285714286,100.0,57.142857142857146,2373.2876304409597,2373.2876304409597,0.005897460287263456,0.0058801383386478875,0.324122587000352,0.0936237537895923,0.07251521298174435,0.13697451886893885,0.10686623403809925,26.7,0.299625468164794,6.096780877769308,1.0,1.0,11.19999999999997,1.4599039615846452,2262.75,2643.75,0.14411347517730497,0.0
2589.75,2589.75,2589.75,2589.75,8,2023-01-19 00:00:00-05:00,2602.95,2497.725,2441.525,2430.38,2347.4625,2517.1025,2516.431110512885,2463.389112592633,2426.6117573105794,2498.3264479166264,63.07040547724977,60.31971248433593,80.59299191374663,93.53099730458221,-14.173228346456693,78.8234875191396,53.041997920252015,24.99186998577006,28.050127934481957,2665.4179934142603,2441.525,2217.63200658574,0.1834042194237292,0.8310175047008843,37.83614478694921,1.4609960338623116,54.0,-3.384615384615387,-0.29426397677597693,349.0,100,0,0,0,19.667271872031442,35.714285714285715,92.85714285714286,57.142857142857146,2411.1523621792253,2411.1523621792253,-0.020425531914893602,-0.02063701785637668,0.3325531495336064,0.25707902547268885,0.03331670822942634,0.14085903083700435,0.09537908427619746,26.95,0.29684601113172543,5.963835069174044,0.8582677165354331,0.8582677165354331,12.436466165413451,1.7322448979591845,2262.75,2643.75,0.12626701419055894,0.020851433536055605
2608.75,2608.75,2608.75,2608.75,8,2023-01-20 00:00:00-05:00,2614.5,2532.325,2453.1125,2435.465,2348.71,2512.93875,2530.634016587826,2474.156585733919,2433.7544334944782,2499.425189728401,64.44389124180984,61.31370138696652,58.98805364214169,79.86034851862944,-9.186351706036746,77.19456258860792,56.47743085390675,31.2889821593974,25.188448694509354,2686.2458028012006,2453.1125,2219.9791971987997,0.19007143194712875,0.8337950823197414,36.4907058735957,1.3987812505451156,19.0,-3.384615384615387,-0.2409167977598905,357.0,100,0,0,0,20.32262892893166,28.571428571428573,85.71428571428572,57.142857142857146,2443.7160314741336,2443.7160314741336,0.007336615503426902,0.007309833453199028,0.3326729630778937,0.2384465628067506,0.022638181105448796,0.1529112805214894,0.09749684476230547,27.2,0.29411764705882354,6.006349501079222,0.9081364829396326,0.9081364829396326,13.806578947368356,1.9661104441776753,2262.75,2643.75,0.13263057019645424,0.013416387158600862
2650.5,2650.5,2650.5,2650.5,2,2023-01-23 00:00:00-05:00,2624.2,2568.85,2465.5375,2440.65,2350.4025,2509.03875,2549.074937112776,2487.21906086474,2442.2542596319495,2500.9284216714022,67.32008478307799,63.42745372726773,58.98805364214169,66.18969973267667,-0.0,86.53843541573288,61.855876248035656,37.40236097712505,24.453515270910607,2712.526329453889,2465.5375,2218.5486705461108,0.20035292868503451,0.8744349499711507,36.866369739767435,1.390921325778813,41.75,-3.384615384615387,-0.1971914247296831,359.0,100,0,0,0,21.34254922735013,21.42857142857143,100.0,78.57142857142857,2471.720787067755,2471.720787067755,0.016003833253473987,0.015877122036450374,0.334473940818765,0.22341062620537286,0.018639508070714905,0.1598293403347555,0.10345545378850951,27.15,0.07366482504604052,6.006804790640441,1.0,1.0,15.819360902255598,2.363793517406976,2262.75,2650.5,0.14629315223542727,0.0
2665.0,2665.0,2665.0,2665.0,2,2023-01-24 00:00:00-05:00,2631.55,2591.025,2477.7125,2447.355,2353.3175,2505.33875,2566.9095621723486,2500.388019319204,2450.9893867052065,2502.560974689597,68.27978632102378,64.14192490799131,78.39506172839506,65.45705633755948,-0.0,84.76020610384464,66.52154285314464,43.22619735232897,23.29534550081567,2738.4417788986257,2477.7125,2216.9832211013745,0.21045967108663782,0.8591608521895605,35.26877190121262,1.3234060750924057,14.5,-3.384615384615387,-0.16137727896917253,361.0,100,0,0,0,22.42687279988914,14.285714285714286,100.0,85.71428571428572,2500.325461136914,2500.325461136914,0.005470665912091999,0.005455756172084076,0.3342934428294494,0.2175239332334859,0.013982688100447005,0.09076025785326913,0.10055750567829858,27.1,0.07380073800738007,5.993391418051635,1.0,1.0,17.973496240601463,2.620084033613479,2262.75,2665.0,0.15093808630393996,0.0
2670.75,2670.75,2670.75,2670.75,0,2023-01-25 00:00:00-05:00,2636.95,2611.6,2490.575,2453.74,2356.6075,2501.92875,2582.8850141458333,2513.007425295559,2459.6074499716688,2504.2344973295017,68.67266927585561,64.43125076791435,100.0,79.12770512351226,-0.0,81.69615276607693,69.87758885027415,48.55647565191801,21.321113198356144,2762.505188651432,2490.575,2218.6448113485676,0.21836739600408117,0.8312890725622112,33.16028819398314,1.241609592585721,5.75,-3.384615384615387,-0.1320553757972207,361.0,100,0,0,0,23.48993279381802,7.142857142857143,100.0,92.85714285714286,2529.9668781322694,2529.9668781322694,0.00215759849906183,0.002155274226051803,0.33305193132038813,0.21584407908455078,0.010212765957446912,0.08346855983772827,0.10658794282162831,26.95,0.0,6.0033026301102765,1.0,1.0,19.717293233082643,2.9109723889555803,2262.75,2670.75,0.15276607694467847,0.0
2656.5,2656.5,2656.5,2656.5,0,2023-01-26 00:00:00-05:00,2650.3,2626.625,2502.8375,2457.37,2360.4,2498.5075,2594.210396584936,2523.6365049032956,2467.328726443368,2505.7495769580637,66.47522141759804,63.1062713875141,92.33870967741935,90.24459046860481,-3.6964980544747084,68.71406534847848,70.57389168164036,52.959958857862475,17.613932823777887,2781.39141197217,2502.8375,2224.2835880278303,0.22259048937229825,0.7758218308837685,31.809553322984346,1.1974234264251589,14.25,-3.384615384615387,-0.10805501760894787,361.0,100,0,0,0,24.1630596652999,0.0,92.85714285714286,92.85714285714286,2558.1235025058154,2558.1235025058154,-0.005335579893288367,-0.005349864934998843,0.334505315328629,0.12336978018479755,0.025774688676513113,0.059950124688279205,0.101710730948678,26.8,0.0,6.006099398289269,0.9650735294117647,0.9650735294117647,20.83515037593977,3.4401200480192218,2262.75,2670.75,0.1482213438735178,0.005364201016374929
2638.75,2638.75,2638.75,2638.75,16,2023-01-27 00:00:00-05:00,2656.3,2635.4,2514.975,2460.93,2364.0225,2495.6525,2601.0626432641766,2532.1634304660147,2474.051129327942,2507.072964252013,63.73926075470514,61.45342889387655,59.00537634408602,83.78136200716845,-14.065934065934066,49.919871794871796,68.8992127981619,56.14780964592236,12.75140315223954,2795.0010657510365,2514.975,2234.9489342489633,0.2226869577240622,0.7210062118110908,30.805299514199753,1.1674201615992328,17.75,-3.384615384615387,-0.08841350584020446,345.0,100,0,0,0,24.397170828761706,0.0,85.71428571428572,85.71428571428572,2580.648802004652,2580.648802004652,-0.006681724073028472,-0.0067041467284676085,0.33466895258432094,0.14567385929973814,0.01149976042165779,0.03439827518620153,0.10131469115191982,26.4,0.6060606060606061,6.05098030456716,0.9215686274509803,0.9215686274509803,21.089849624060125,3.8751740696278403,2262.75,2670.75,0.14249171009000475,0.01212695405021317
2595.0,2595.0,2595.0,2595.0,16,2023-01-30 00:00:00-05:00,2645.2,2634.7,2523.4,2464.09,2367.4925,2492.48,2600.129928915842,2536.817991172236,2478.7942222954734,2507.9478601301025,57.46167412637651,57.552297201761135,25.672043010752684,59.00537634408602,-36.81652490886999,-14.643267059128535,63.311937743605995,57.58063526545909,5.731302478146908,2802.4087991443935,2523.4,2244.3912008556067,0.22113719516873534,0.6283113654830386,31.7299209774712,1.222732985644362,43.75,-3.384615384615387,-0.07234075049479083,329.0,100,0,0,0,23.71763186623065,0.0,78.57142857142857,78.57142857142857,2670.75,-2670.75,-0.016579819990525824,-0.016718803562541358,0.34183668092243763,0.13624570535509925,-0.02093944538766268,-0.0026902382782475476,0.06944158252627242,6.8,2.3529411764705883,0.592047091229642,0.8143382352941176,0.8143382352941176,20.836090225563932,4.132028811524615,2262.75,2670.75,0.12803468208092486,0.029190751445086704
2639.0,2639.0,2639.0,2639.0,16,2023-01-31 00:00:00-05:00,2640.0,2635.775,2534.8375,2468.62,2371.6725,2489.64125,2606.1099398518663,2544.3870288631815,2485.076801813298,2509.251861521843,61.56189253744538,60.21905460420185,19.36193619361936,34.67978518281935,-19.300911854103344,39.72544579677295,61.722910988684816,58.409090410104234,3.3138205785805823,2813.108468437232,2534.8375,2256.566531562768,0.2195572445470229,0.6871601996158202,32.60635519336611,1.2355572259706749,44.0,-3.384615384615387,-0.05918910053577697,345.0,100,0,0,0,23.672884541917586,0.0,71.42857142857143,71.42857142857143,2669.235,-2669.235,0.016955684007707195,0.01681354090333512,0.3427156756902633,0.19798096668028176,-0.009756097560975618,0.004090174070198849,0.094907167306296,7.4,2.162162162162162,0.8901255894432105,0.9221813725490197,0.9221813725490197,20.700939849624096,4.417238895558247,2262.75,2670.75,0.14257294429708223,0.012031072375899962
2608.5,2608.5,2608.5,2608.5,4,2023-02-01 00:00:00-05:00,2627.55,2632.25,2549.0,2472.93,2375.355,2486.43125,2606.4776414131175,2549.136137836279,2489.9169272323843,2510.239405188292,57.42957180745542,57.585867653922364,26.67900936435107,23.904329522907705,-51.98329853862213,-39.27562922038027,57.34150357683848,58.195573043451084,-0.8540694666126072,2811.5495667488303,2549.0,2286.4504332511697,0.20600201392611245,0.6133119371263732,32.45590125098282,1.2442361990025999,30.5,-3.384615384615387,-0.04842805277656437,341.0,100,0,0,0,23.040938312297364,0.0,64.28571428571429,64.28571428571429,2667.7503,-2667.7503,-0.011557408109132195,-0.011624714040876602,0.3152188750046918,0.2041334366608557,-0.023308059533838854,-0.013333333333333308,0.12181485861735308,7.6,0.5263157894736842,0.8438959570066817,0.8474264705882353,0.8474264705882353,18.443984962405995,4.561176470588239,2262.75,2670.75,0.13254744105807936,0.02386428982173663
2605.5,2605.5,2605.5,2605.5,4,2023-02-02 00:00:00-05:00,2617.35,2633.825,2565.775,2476.48,2378.6525,2483.20625,2606.327235041869,2553.3112387372953,2494.4495967526827,2511.1872718033337,57.02411303880432,57.32697632118248,34.63355481889652,26.891500125622315,-80.55555555555556,-66.36038795303745,53.01599630457349,57.15965769567556,-4.143661391102071,2795.724826049066,2565.775,2335.825173950934,0.1792439524502857,0.5863775387060383,30.35190830448405,1.1649168414693551,3.0,-3.384615384615387,-0.03962325571356251,337.0,100,0,0,0,22.39620388268594,0.0,57.142857142857146,57.142857142857146,2666.295294,-2666.295294,-0.0011500862564692849,-0.0011507481131781464,0.29662497220457906,0.20539336444290157,-0.019198193111236606,0.006081668114682914,0.14779735682819384,7.4,0.5405405405405405,1.0293826993907604,0.8400735294117647,0.8400735294117647,14.845864661654067,4.763073229291714,2262.75,2670.75,0.13154864709268854,0.025043177892918825
2550.0,2550.0,2550.0,2550.0,4,2023-02-03 00:00:00-05:00,2599.6,2627.95,2580.1375,2479.89,2381.4275,2479.89375,2597.661506573889,2553.0659617937918,2496.628043938852,2511.573468103798,49.992252684758434,52.72271084871186,15.271618625277158,25.528060936174914,-100.0,-181.81818181818184,44.59554478009704,54.646835112559856,-10.051290332462813,2763.8131295075777,2580.1375,2396.461870492422,0.14237662101928905,0.41795999262178535,32.148200568449475,1.2607137477823323,55.5,-3.384615384615387,-0.032419179122919584,333.0,100,0,0,0,20.80000979376087,100.0,50.0,-50.0,2664.86938812,-2664.86938812,-0.021301093839953933,-0.021531236196797476,0.3115303461334867,0.24137430683790514,-0.033633349123638134,-0.022520364159079986,0.12694729864103405,7.2,0.5555555555555556,0.9697289848238966,0.6867704280155642,0.7040441176470589,9.835902255639022,4.698559423769508,2285.25,2670.75,0.1038235294117647,0.04735294117647059
2515.75,2515.75,2515.75,2515.75,4,2023-02-06 00:00:00-05:00,2583.75,2614.475,2591.6625,2481.63,2383.59,2476.285,2585.059736331752,2550.301816475733,2497.377924568701,2511.6150256351034,46.20557489156692,50.11462035076042,7.954545454545451,19.286572966239707,-100.0,-192.39646978954528,34.757919856018816,50.66905206125165,-15.911132205232832,2720.6696969891696,2591.6625,2462.6553030108303,0.09955555323208146,0.20578191848330413,32.29832909927451,1.2838449408436654,34.25,-3.384615384615387,-0.026524858779209293,329.0,100,0,0,0,19.858761795903764,100.0,42.85714285714286,-57.142857142857146,2660.2746125952003,-2660.2746125952003,-0.013431372549019605,-0.013522389339029226,0.31874322058412874,0.23420572103914442,-0.030539499036608908,-0.0508394642520279,0.10086423804835354,7.0,0.5714285714285714,0.836454273547274,0.31868131868131866,0.6200980392156863,4.259962406014962,4.657695078031188,2443.25,2670.75,0.02881844380403458,0.0616118453741429
2518.5,2518.5,2518.5,2518.5,4,2023-02-07 00:00:00-05:00,2559.65,2599.825,2595.425,2484.16,2386.1825,2472.5575,2574.8197768960977,2547.94612636642,2498.2062412522814,2511.683532842714,46.55561237475611,50.32180242273498,0.988319856244381,8.071494645355662,-98.2258064516129,-152.6824174389771,26.87365052967789,45.9099717549369,-19.03632122525901,2710.5402791769893,2595.425,2480.309720823011,0.08870630372828275,0.16587841097215078,30.187734163612046,1.1986394347274985,2.75,-3.384615384615387,-0.021702195113217915,333.0,100,0,0,0,18.934709883039865,92.85714285714286,35.714285714285715,-57.142857142857146,2651.6031358394885,-2651.6031358394885,0.0010931133856701969,0.001092516372262521,0.21017436681165985,0.14648988474780483,-0.045661235316407756,-0.05497185741088184,0.030799140489102594,6.8,0.5882352941176471,0.2877143761436689,0.2600243013365735,0.6268382352941176,0.8714285714285005,4.524945978391374,2465.0,2670.75,0.021242803255906294,0.0604526503871352
2468.25,2468.25,2468.25,2468.25,5,2023-02-08 00:00:00-05:00,2531.6,2579.575,2595.5875,2486.18,2387.9575,2468.88375,2558.42442660439,2542.042709598537,2497.0314866933686,2511.251358386568,41.271030288399565,46.60789518446556,0.988319856244381,3.3103950556780686,-100.0,-175.18793147532617,16.38171700585326,40.00432080512017,-23.622603799266912,2709.972734514769,2595.5875,2481.2022654852312,0.08813822266810027,-0.05661685942322785,31.62075315192547,1.2811000973128925,50.25,-3.384615384615387,-0.017756360421383732,328.0,100,0,0,0,18.83153161809744,100.0,28.571428571428573,-71.42857142857143,2643.451947689119,-2643.451947689119,-0.019952352590827838,-0.020154088694146154,0.22153028867336516,0.1656243751230094,-0.05376653248993679,-0.07582139848357206,0.0013184584178498326,6.65,0.7518796992481203,0.11673599597884743,0.0,0.5036764705882353,-3.0046992481203567,4.201200480192072,2468.25,2670.75,0.0,0.0820419325432999
2487.5,2487.5,2487.5,2487.5,22,2023-02-09 00:00:00-05:00,2508.0,2562.675,2594.65,2488.69,2390.19,2466.04875,2547.512976357561,2538.002508887534,2496.657702901472,2511.0150264623235,43.898238271899515,48.147222083970654,8.837453393451312,3.6046977019800224,-90.49382716049384,-116.47516198704126,9.510467470026924,33.905550138101525,-24.3950826680746,2712.21194112041,2594.65,2477.0880588795903,0.09061872785956468,0.04428278838023568,30.737127926787934,1.235663434242731,19.25,-3.384615384615387,-0.0145279407364165,350.0,100,0,0,0,18.36020996262483,92.85714285714286,21.42857142857143,-71.42857142857143,2629.4357918739897,-2629.4357918739897,0.007799047908437107,0.0077687925411887805,0.21483217490126613,0.20619471639393977,-0.04528881212819036,-0.0636175418784114,-0.007481296758104716,7.35,2.993197278911565,0.15444081061355086,0.09506172839506173,0.5508578431372549,-5.959398496240687,3.9001920768307192,2468.25,2670.75,0.007738693467336684,0.07366834170854271
2429.0,2429.0,2429.0,2429.0,0,2023-02-10 00:00:00-05:00,2483.8,2541.7,2588.55,2489.965,2392.125,2462.9925,2529.28021076409,2529.928248969939,2494.004459650434,2510.1989565472754,38.29213076265367,44.09103017671611,7.849133537206928,5.891635595634205,-100.0,-141.7633640781511,-0.648038205848934,26.994832469311433,-27.642870675160367,2725.5860901368574,2588.55,2451.513909863143,0.10587865031531721,-0.08214591441078946,32.720190217731655,1.347064232924317,58.5,-3.384615384615387,-0.011886501707437436,350.0,100,0,0,0,18.723333678835363,100.0,14.285714285714286,-85.71428571428572,2616.5409285240708,-2616.5409285240708,-0.023517587939698492,-0.023798540030575337,0.2186514145997084,0.21483719915815633,-0.047450980392156894,-0.07948839412600661,-0.04782438259506072,6.95,0.0,0.01159791784547104,0.0,0.4074754901960784,-9.015037593985019,3.457442977190863,2429.0,2670.75,0.0,0.09952655413750515
2389.0,2389.0,2389.0,2389.0,0,2023-02-13 00:00:00-05:00,2458.45,2521.1,2577.9,2488.535,2393.7325,2459.605,2507.698639877307,2519.4891194166103,2489.8866377033582,2508.992996780636,35.00073362868578,41.57632660305554,7.849133537206928,8.178573489288388,-100.0,-146.84343434343452,-11.790479539303306,19.237770067588485,-31.02824960689179,2739.9279605500196,2577.9,2415.8720394499805,0.12570538853331745,-0.08292408100046689,33.240176630750824,1.3913845387505577,40.0,-3.384615384615387,-0.00972532194945197,350.0,100,0,0,0,19.530640959090437,100.0,7.142857142857143,-92.85714285714286,2597.7868356716635,-2597.7868356716635,-0.016467682173734066,-0.016604781676362982,0.20722713860847308,0.2192823653926601,-0.05038258968498455,-0.07938342967244705,-0.08186010760953111,6.55,0.0,-0.1483393616527644,0.0,0.30943627450980393,-11.653383458646656,3.1477190876350427,2389.0,2670.75,0.0,0.11793637505232314
2381.0,2381.0,2381.0,2381.0,5,2023-02-14 00:00:00-05:00,2430.95,2495.3,2565.5375,2486.71,2395.745,2456.52125,2488.2065414346444,2509.230666126491,2485.6165734796973,2507.7194346236147,34.36453043290951,41.084251685205516,-3.552713678800501e-15,5.232755691471282,-100.0,-129.69587200965955,-21.024124691846737,11.18539111570144,-32.20951580754818,2746.8897315137165,2565.5375,2384.1852684862833,0.14137562324753902,-0.008781994188040721,31.437306871411483,1.3203404817896465,8.0,-3.384615384615387,-0.00795708278032592,345.0,100,0,0,0,20.371152357074997,100.0,0.0,-100.0,2572.732415391064,-2572.732415391064,-0.003348681456676439,-0.003354300838946758,0.2003305968510825,0.20676958849347218,-0.054595989676394674,-0.0977643046608564,-0.09407400361457241,6.4,0.78125,-0.2457899172835719,0.0,0.28982843137254904,-13.671240601503776,2.8548139255702245,2381.0,2670.75,0.0,0.12169256614867703
2354.75,2354.75,2354.75,2354.75,11,2023-02-15 00:00:00-05:00,2408.25,2469.925,2551.0875,2483.105,2397.215,2453.04625,2467.6747658293143,2497.787653820825,2480.4845509902975,2506.1973506970116,32.290489462409695,39.47460155841285,-3.552713678800501e-15,2.616377845735638,-100.0,-129.9622641509436,-30.11288799151089,2.925735294258974,-33.03862328576986,2750.376879734589,2551.0875,2351.7981202654114,0.15623876463240768,0.007406013653411639,31.06678495202495,1.3193241300360952,26.25,-3.384615384615387,-0.006510341049290158,334.0,100,0,0,0,21.447857953127464,100.0,0.0,-100.0,2545.889877236315,-2545.889877236315,-0.011024779504409943,-0.011086002783936302,0.19726975988436132,0.19185924859365883,-0.04598399675883724,-0.09727812919302281,-0.10931442080378251,6.55,1.6793893129770994,-0.41424217413018893,0.0,0.22549019607843138,-15.44755639097752,2.662581032412966,2354.75,2670.75,0.0,0.13419683618218495
2362.5,2362.5,2362.5,2362.5,0,2023-02-16 00:00:00-05:00,2383.25,2445.625,2539.725,2480.175,2399.265,2449.61,2451.4940326248043,2487.7663461303937,2475.857705853423,2504.767526311967,33.56533838889404,40.20089559883675,3.4792368125701425,1.1597456041900427,-97.27352682497802,-105.10665804783446,-36.27231350558941,-4.913874465710702,-31.358439039878707,2754.2335604352493,2539.725,2325.2164395647505,0.16892266716691717,0.08690459802536345,29.401300312594596,1.2444994841309882,7.75,-3.384615384615387,-0.0053266429730221,334.0,100,0,0,0,22.26546658700959,92.85714285714286,14.285714285714286,-78.57142857142857,2515.3074968785045,-2515.3074968785045,0.0032912198747212518,0.003285815664971254,0.1916695450783809,0.1676762350616937,-0.05025125628140703,-0.09326424870466321,-0.08774978279756729,6.15,0.0,-0.2508379188110401,0.0245253164556962,0.24448529411764705,-17.531203007518833,2.4422208883553345,2354.75,2670.75,0.0032804232804232803,0.13047619047619047
2343.75,2343.75,2343.75,2343.75,0,2023-02-17 00:00:00-05:00,2366.2,2425.0,2526.475,2476.98,2401.44,2446.82875,2434.9180276056036,2477.0984686392535,2470.67701150623,2503.1653618710516,31.995750625006313,39.01168598382224,3.4792368125701425,2.3194912083800916,-100.0,-102.5491015461764,-42.18044103364991,-12.367187779298543,-29.81325325435137,2754.5978232772964,2526.475,2298.3521767227035,0.18058585442349237,0.09950302785379976,28.64049314740927,1.2219943742894621,18.75,-3.384615384615387,-0.004358162580637703,334.0,100,0,0,0,23.248856638562483,100.0,7.142857142857143,-92.85714285714286,2489.6182973779437,-2489.6182973779437,-0.007936507936507908,-0.007968169649176845,0.18675128569332375,0.11929851444426277,-0.03509674763277071,-0.08088235294117652,-0.10158121705797796,5.75,0.0,-0.30953084283845533,0.0,0.19852941176470587,-19.240977443609093,2.1783433373349386,2343.75,2670.75,0.0,0.13952
2411.5,2411.5,2411.5,2411.5,0,2023-02-21 00:00:00-05:00,2370.7,2414.575,2514.525,2475.525,2404.5675,2444.09375,2431.315254127818,2472.2393228141236,2468.3563443883386,2502.2532687181056,42.46507868648859,45.16587623545266,36.81257014590347,14.59034792368125,-74.40982058545798,-40.92378752886842,-40.92406868630542,-18.078563960699917,-22.8455047256055,2740.4369795406974,2514.525,2288.613020459303,0.1796856102370804,0.271979776793022,31.43402935116575,1.303505260259828,67.75,-3.384615384615387,-0.0035657694582407196,334.0,100,0,0,0,22.665897979502258,92.85714285714286,0.0,-92.85714285714286,2463.362003849914,-2463.362003849914,0.028906666666666636,0.02849674979030559,0.2103733662406235,0.2538210342834357,0.009418166596902422,-0.041438934711318653,-0.09017166572344837,5.65,0.0,-0.3415385093454033,0.20718654434250763,0.3645833333333333,-18.925187969924878,2.0420768307323063,2343.75,2670.75,0.02809454696247149,0.10750570184532449
2361.5,2361.5,2361.5,2361.5,5,2023-02-22 00:00:00-05:00,2366.8,2398.875,2499.35,2472.825,2407.04,2441.41875,2420.5744458004615,2464.0364100130773,2464.1658995103644,2500.8527386811097,37.83563151153827,41.8902996286263,42.06642066420664,27.452742540893414,-93.21872015281757,-74.8636233132356,-43.46196421261584,-23.155244011083102,-20.306720201532737,2723.5594667938926,2499.35,2275.140533206107,0.17941422113260866,0.19258657546623534,32.76017011179677,1.3872610676179025,50.0,-3.384615384615387,-0.002917447775601989,329.0,100,0,0,0,22.78587832665075,85.71428571428572,0.0,-85.71428571428572,2441.8318431569296,-2441.8318431569296,-0.020733982998133893,-0.020951950172854714,0.2142141302885006,0.30220173972614184,-0.008189836203275958,-0.062338693666865175,-0.11388367729831139,5.8,0.8620689655172414,-0.45614975616025677,0.054281345565749234,0.2420343137254902,-18.735338345864694,1.8251500600240274,2343.75,2670.75,0.007516409062036841,0.13095490154562778
2339.75,2339.75,2339.75,2339.75,0,2023-02-23 00:00:00-05:00,2363.8,2386.025,2482.8,2470.315,2408.51,2438.9625,2408.1399156773136,2454.830009271368,2459.286844627605,2499.2497263559244,35.99723058575815,40.54717450469707,42.06642066420664,40.315137158105586,-100.0,-88.6088075101952,-46.69009359405436,-27.862213927677352,-18.827879666377008,2702.7843517162037,2482.8,2262.8156482837967,0.1772066632158881,0.17486323712573534,31.97372938952557,1.3665446902244072,21.75,-3.384615384615387,-0.002387002744013156,329.0,100,0,0,0,23.15989142808097,100.0,0.0,-100.0,2424.177111388682,-2424.177111388682,-0.00921024772390433,-0.009252924298805972,0.21230621096017704,0.2988545720818011,-0.006370102983331516,-0.05206117694722978,-0.12393522418796221,5.8,0.0,-0.45614975616025677,0.0,0.18872549019607843,-18.30902255639101,1.493481392557023,2339.75,2656.5,0.0,0.13537771129394166
2294.5,2294.5,2294.5,2294.5,132,2023-02-24 00:00:00-05:00,2350.2,2366.725,2464.7,2468.02,2409.8825,2436.73125,2390.6568517269575,2442.953712288304,2452.8246154265225,2497.2124156459154,32.463168649319115,37.89310769123434,8.733087330873303,30.955309553095532,-99.99999999999999,-125.97577783642714,-52.29686056134642,-32.749143254411166,-19.547717306935255,2684.1076457191125,2464.7,2245.292354280887,0.17804004196787657,0.11213749082862148,32.92203443313089,1.4348239020758724,45.25,-3.384615384615387,-0.0019530022543619019,197.0,100,0,0,0,24.01199608535211,100.0,0.0,-100.0,2407.2916891109458,-2407.2916891109458,-0.01933967304199169,-0.019529131202477696,0.21704611015400063,0.32015773148602233,-0.0287830687830688,-0.07758793969849243,-0.13626952757387545,12.4,10.64516129032258,-3.00898659770316,0.0,0.0778186274509804,-18.256390977443626,0.9302521008403344,2294.5,2639.0,0.0,0.1501416430594901
2327.0,2327.0,2327.0,2327.0,44,2023-02-27 00:00:00-05:00,2346.85,2356.525,2449.1125,2465.395,2411.0225,2434.65,2380.86348992281,2434.364548415096,2447.890316782345,2495.5187597688414,37.22976403822317,40.81469726069921,9.259259259259254,20.019589084779735,-85.49107142857142,-82.06292785676655,-53.50105849228612,-36.89952630198616,-16.601532190299963,2661.012032503011,2449.1125,2237.212967496989,0.17304189374968357,0.2118622713377977,32.89188911647868,1.4134890037163161,32.5,-3.384615384615387,-0.0015979109400174885,241.0,100,0,0,0,24.12214376439032,92.85714285714286,7.142857142857143,-85.71428571428572,2384.7333512887567,-2384.7333512887567,0.014164305949008416,0.014064929467403457,0.22994825417158607,0.34754410921694534,-0.0071466666666666345,-0.041992589543021874,-0.11814306016106113,13.8,3.1884057971014492,-2.278849550778334,0.09433962264150944,0.15747549019607843,-17.475375939849663,0.5745138055222074,2294.5,2639.0,0.013966480446927373,0.1340782122905028
2323.5,2323.5,2323.5,2323.5,0,2023-02-28 00:00:00-05:00,2329.25,2349.975,2435.5375,2463.245,2410.785,2432.42125,2372.038337626993,2426.1523596436077,2443.012265143822,2493.807130318405,36.92749972313098,40.59874092279648,23.687119955776666,13.893155515303079,-84.97409326424871,-81.05291807613065,-54.114022016614854,-40.342425444911896,-13.771596571702958,2643.0546242933997,2435.5375,2228.0203757066,0.17040766097290622,0.23005239837076102,30.79246846530163,1.3252622537250542,3.5,-3.384615384615387,-0.0013073816805113658,241.0,100,0,0,0,24.26760095363405,85.71428571428572,0.0,-85.71428571428572,2366.6866810310053,-2366.6866810310053,-0.0015040825096690469,-0.001505214777258664,0.22710305897723035,0.22775641431724297,-0.03649181007671576,-0.027417329426538295,-0.10462427745664737,13.0,0.0,-2.013572430929921,0.0841799709724238,0.1488970588235294,-16.96635338345871,0.1564105642256798,2294.5,2639.0,0.012481170647729719,0.13578652894340434
2379.25,2379.25,2379.25,2379.25,7,2023-03-01 00:00:00-05:00,2332.8,2349.8,2422.55,2463.17,2410.985,2430.66375,2373.147824145917,2422.6781107811184,2440.51178415779,2492.6672583749382,44.63780238498697,45.42804971901444,57.02045328911,29.988944168048647,-56.08808290155441,16.319298736420258,-49.530286635201264,-42.17999768296977,-7.3502889522314945,2608.944514404248,2422.55,2236.1554855957525,0.15388290388577963,0.3838485130895745,32.57514928920866,1.3691352018160623,55.75,-3.384615384615387,-0.001069675921576252,248.0,100,0,0,0,23.3009782231675,78.57142857142857,7.142857142857143,-71.42857142857143,2294.5,2294.5,0.023993974607273483,0.023710642427419742,0.23743684460585968,0.27772636379163423,0.007516409062036766,-0.0007349853002940332,-0.09842743463433123,12.55,0.5577689243027888,-2.1169055528023217,0.26990445859872614,0.2855392156862745,-14.557894736842163,-0.237743097238856,2294.5,2608.5,0.03562046863507408,0.09635389303351896
2367.25,2367.25,2367.25,2367.25,0,2023-03-02 00:00:00-05:00,2338.3,2351.05,2410.4875,2462.745,2411.1075,2428.63,2372.2404665850067,2418.572324797332,2437.638773014347,2491.4193254557845,43.407760729386894,44.60839378970319,76.37476335138466,52.36077886542378,-45.910780669144984,13.74249499666493,-46.33185821232519,-43.010369788840855,-3.3214884234843325,2577.391774585759,2410.4875,2243.5832254142415,0.1384817590514439,0.3704721610416757,31.1054957685509,1.3139928511374337,12.0,-3.384615384615387,-0.000875189390959541,248.0,100,0,0,0,22.57911508529437,71.42857142857143,0.0,-71.42857142857143,2296.195,2296.195,-0.005043606178417592,-0.005056368088843321,0.2361957549826127,0.2689249480949767,0.011753392456459011,0.005308419152776356,-0.09248610312440098,12.35,0.0,-2.070675920365793,0.23392282958199356,0.25612745098039214,-12.411842105263203,-0.6463025210083784,2294.5,2605.5,0.030731861865033266,0.10064420741366564
2369.75,2369.75,2369.75,2369.75,0,2023-03-03 00:00:00-05:00,2353.35,2351.775,2398.7,2462.855,2411.8475,2426.435,2371.857317879621,2414.955856293826,2434.9764681902548,2490.208685401498,43.75548948111434,44.82615913691308,89.60011640673571,74.33177768241013,-35.68376068376069,35.34260690365791,-43.098538414204995,-43.02800351391368,-0.07053490029131382,2540.217454753826,2398.7,2257.1825452461735,0.11799512632161281,0.3977157974952306,29.062246070797265,1.226384473923294,2.5,-3.384615384615387,-0.0007160640474381808,248.0,100,0,0,0,21.85912913201908,64.28571428571429,0.0,-64.28571428571429,2297.8561,2297.8561,0.0010560777273207478,0.0010555204695415201,0.23676907377363401,0.19307794747282012,0.03279581608193505,0.0030687830687829987,-0.09048167338322777,12.15,0.0,-2.066075575339916,0.2945205479452055,0.2622549019607843,-9.914661654135323,-1.1063265306122574,2294.5,2550.0,0.03175440447304568,0.07606287583078383
2368.75,2368.75,2368.75,2368.75,0,2023-03-06 00:00:00-05:00,2361.7,2354.275,2389.6375,2462.69,2412.955,2423.97875,2371.379268975064,2411.533200272061,2432.379351790637,2489.0001412681495,43.639981244763995,44.75226514548861,83.3220895009061,83.09898975300882,-36.53846153846154,38.70741950536595,-40.15393129699714,-42.45318907053037,2.2992577735332276,2513.32960514419,2389.6375,2265.94539485581,0.10352373959999374,0.4155665595000954,27.057799922883174,1.1422817909396592,1.0,-3.384615384615387,-0.0005858705844126177,248.0,100,0,0,0,21.20707142746115,57.142857142857146,35.714285714285715,-21.42857142857143,2299.4839779999998,2299.4839779999998,-0.0004219854415022928,-0.0004220745024145329,0.22872826302117602,0.1843296972848451,0.01794155565105293,0.010666666666666602,-0.07107843137254899,11.95,0.0,-1.9808711999801,0.3314732142857143,0.25980392156862747,-7.953571428571522,-1.53800720288116,2294.5,2518.5,0.03134564643799472,0.06321899736147757
2328.75,2328.75,2328.75,2328.75,0,2023-03-07 00:00:00-05:00,2362.75,2346.0,2380.2875,2461.225,2413.79,2421.46625,2364.820919901977,2405.4011113630195,2428.3154556419845,2487.405612499312,39.184087569368344,41.8544634227244,54.70852017937219,75.87690869567133,-70.72649572649573,-70.20743104627263,-40.58019146104243,-42.078589548632785,1.4983980875903526,2492.1384359594317,2380.2875,2268.436564040568,0.09398103040866435,0.2696152492693825,27.982242785534375,1.2015992607851582,40.0,-3.384615384615387,-0.000479348660046508,248.0,100,0,0,0,21.23812054147388,50.0,28.571428571428573,-21.42857142857143,2301.0792984399995,2301.0792984399995,-0.016886543535620024,-0.017030746914938236,0.23101908620669764,0.2362772322672596,0.002259522272433756,-0.034314741861911635,-0.07433171022557883,11.75,0.0,-1.9271457097840217,0.15290178571428573,0.16176470588235295,-6.8321428571428635,-2.0017887154861858,2294.5,2518.5,0.014707461084272679,0.08148148148148149
2327.5,2327.5,2327.5,2327.5,6,2023-03-08 00:00:00-05:00,2352.4,2342.6,2370.7375,2459.345,2413.9425,2418.68375,2359.0792399170573,2399.6306586694623,2424.361908361907,2485.8145118774282,39.049902275850215,41.76572473811508,27.055306427503726,55.028638702594,-71.7948717948718,-63.58897989575578,-40.55141875240497,-41.77315538938722,1.22173663698225,2464.9849767566507,2370.7375,2276.4900232433497,0.07950899393682385,0.2706172011817326,26.07279687228192,1.120206095479352,1.25,-3.384615384615387,-0.00039219435825632587,242.0,100,0,0,0,21.28612026078746,42.85714285714286,21.42857142857143,-21.42857142857143,2302.6427124711995,2302.6427124711995,-0.0005367686527106841,-0.0005369127645760792,0.230637636405198,0.11688003256223621,-0.021750551644425742,-0.014397628625873349,-0.075838792932301,11.85,0.5063291139240507,-1.9347387752429666,0.17098445595854922,0.15870098039215685,-5.403947368421092,-2.4137214885954537,2294.5,2487.5,0.01417830290010741,0.06874328678839957
2306.0,2306.0,2306.0,2306.0,0,2023-03-09 00:00:00-05:00,2340.15,2339.225,2362.625,2457.195,2413.1225,2415.5775,2350.913203006741,2392.695054323576,2419.720264896734,2484.0253127542696,36.72063918662986,40.22547844418675,-9.473903143468002e-15,27.254608868958627,-90.17094017094017,-104.6040881127209,-41.7818513168354,-41.77489457487685,-0.006956741958546786,2449.549032925316,2362.625,2275.700967074684,0.07358258964102739,0.17428455575311746,25.746168524261783,1.1164860591613956,21.5,-3.384615384615387,-0.00032088629313697936,242.0,100,0,0,0,21.663425537106008,35.714285714285715,14.285714285714286,-21.42857142857143,2304.1748582217756,2304.1748582217756,-0.00923737916219114,-0.009280308322217747,0.22373981705740756,0.12208653719633589,-0.025873904319357877,-0.01442461801474515,-0.0657348323711131,11.6,0.0,-1.8349770122888274,0.05958549222797927,0.10600490196078431,-4.789097744360971,-2.8868067226890832,2294.5,2487.5,0.004986990459670425,0.07870771899392888
2291.75,2291.75,2291.75,2291.75,0,2023-03-10 00:00:00-05:00,2324.55,2338.95,2352.8375,2454.805,2412.6625,2412.37,2341.8111717749343,2385.2176428922003,2414.701823136078,2482.112125562685,35.22108417906875,39.21893697567789,-9.473903143468002e-15,9.018435475834561,-100.0,-117.38772146683148,-43.40647111726594,-42.10120988335467,-1.305261233911267,2423.960680996052,2352.8375,2281.7143190039483,0.0604573677494105,0.07055140711864971,24.925013629671657,1.0875974093889673,14.25,-3.384615384615387,-0.00026254333075748093,242.0,100,0,0,0,22.227989500504666,100.0,7.142857142857143,-92.85714285714286,2379.25,-2379.25,-0.006179531656548165,-0.006198703987119375,0.22001376800789277,0.10879031649483635,-0.03291486443717695,-0.001198518195685283,-0.07869346733668336,10.5,0.0,-2.0065560662744435,0.0,0.07107843137254902,-3.8298872180451973,-3.38860744297719,2291.75,2429.0,0.0,0.05988873131886113
2299.5,2299.5,2299.5,2299.5,10,2023-03-13 00:00:00-04:00,2310.7,2336.2,2346.3625,2452.875,2413.06,2409.495,2335.301760732637,2378.8681878631483,2410.184104581722,2480.2950894874343,36.73426983373026,40.075211651063235,6.981981981981973,2.32732732732731,-91.14285714285714,-91.83006535947712,-43.56642713051133,-42.394253332786,-1.1721737977253284,2411.934116382366,2346.3625,2280.7908836176343,0.05589214486880509,0.1426616988764448,23.698226941837966,1.0305817326304834,7.75,-3.384615384615387,-0.00021480817971530897,252.0,100,0,0,0,22.53602733630812,92.85714285714286,0.0,-92.85714285714286,2377.5,-2377.5,0.0033816952110832244,0.0033759901380935086,0.20879576737785174,0.12470184996580173,-0.029234828496042198,-0.011817791147400114,-0.053314121037464024,11.0,0.9090909090909091,-1.9727391141636113,0.06471816283924843,0.0900735294117647,-3.3892857142857546,-3.8980432172869106,2291.75,2411.5,0.003370297890845836,0.0487062404870624
2316.75,2316.75,2316.75,2316.75,0,2023-03-14 00:00:00-04:00,2308.3,2335.525,2342.75,2450.68,2414.1825,2406.83625,2332.4476436968466,2374.266840614026,2406.520022049105,2478.6677751641764,40.088850743645516,41.985325972474,30.292005292005285,12.424662424662408,-71.42857142857143,-40.86937992755197,-41.8191969171794,-42.27924204966468,0.4600451324852841,2406.4620475263628,2342.75,2279.0379524736372,0.05439082063930233,0.2959569578324906,23.237639303135257,1.003027486916381,17.25,-3.384615384615387,-0.0001757521470420187,252.0,100,0,0,0,22.342770998176913,85.71428571428572,35.714285714285715,-50.0,2375.785,-2375.785,0.007501630789302105,0.007473633486822354,0.2050650237372369,0.10835806277403612,-0.005152979066022523,-0.0029051000645577973,-0.030242779405609044,11.0,0.0,-1.9727391141636115,0.20876826722338204,0.1323529411764706,-3.1390977443609187,-4.282929171668666,2291.75,2411.5,0.010790978741771878,0.04089780943131542
2242.5,2242.5,2233.5,2242.5,2,2023-03-15 00:00:00-04:00,2291.3,2321.85,2335.825,2447.325,2414.7375,2403.8825,2318.6095446665627,2364.506333901876,2400.0878643216893,2476.31784705309,32.179496414057326,36.69847011939679,33.89560889560889,23.723198723198706,-93.82504288164665,-199.4118882587696,-45.89678923531346,-43.00275148679444,-2.8940377485190254,2410.5565361812005,2335.825,2261.093463818799,0.06398727317431802,-0.12440172361582252,27.524236495768456,1.2273907021524395,83.25,-1.3846153846153868,0.6362198391524188,250.0,100,0,0,0,23.400533707641078,100.0,28.571428571428573,-71.42857142857143,2374.1043,-2374.1043,-0.03204920686306245,-0.03257402653384957,0.23210325699805157,0.24473498224320847,-0.036519871106337254,-0.057476095408216854,-0.05816883662326755,10.85,0.18433179723502305,-2.020094120606354,0.0,0.0,-3.9672932330827555,-4.8717767106842755,2233.5,2411.5,0.004013377926421404,0.07536231884057971
2233.25,2233.25,2233.25,2233.25,2,2023-03-16 00:00:00-04:00,2276.75,2308.45,2329.75,2445.485,2414.7875,2400.79875,2305.477307025553,2354.783642501737,2393.5452029757407,2473.8992615102734,31.34968283897141,36.10378476190776,26.913626913626903,30.367080367080348,-100.0,-173.82670556323308,-49.30633547618436,-44.26346828467242,-5.042867191511938,2416.1784386067457,2329.75,2243.3215613932543,0.0741954618364594,-0.05826532074170935,26.218933888927854,1.1740259213669697,9.25,-1.3846153846153868,0.8387253229428873,248.0,100,0,0,0,24.385876436254588,100.0,21.42857142857143,-78.57142857142857,2368.480128,-2368.480128,-0.004124860646599782,-0.004133391351002725,0.2301802980564048,0.2448983660902818,-0.031548135299219404,-0.05660576618439117,-0.051597834164985645,10.4,0.1923076923076923,-1.9070712673510444,0.0,0.0,-5.133834586466173,-5.674441776710661,2233.25,2411.5,0.0,0.07981641106011418
2229.25,2229.25,2229.25,2229.25,0,2023-03-17 00:00:00-04:00,2264.25,2294.4,2323.0875,2444.67,2414.845,2398.1275,2293.7500290216217,2345.484854168275,2387.1022538394373,2471.464940500221,30.9776741862304,35.84008130118657,3.603603603603593,21.470946470946448,-100.0,-140.32948224219072,-51.73482514665329,-45.7577396570686,-5.977085489584695,2418.4701864530384,2323.0875,2227.7048135469618,0.08211717075059663,0.008099931499617666,24.631867182575863,1.1049396515678305,4.0,-1.3846153846153868,0.8453207187714527,248.0,100,0,0,0,25.354168023863128,100.0,14.285714285714286,-85.71428571428572,2360.3663203200003,-2360.3663203200003,-0.001791111608642093,-0.0017927175669596215,0.22917581974997733,0.2470003015635458,-0.02727173557325191,-0.05928895453106864,-0.05640211640211645,10.4,0.0,-1.9070712673510444,0.0,0.0,-6.052443609022661,-6.612989195678287,2229.25,2411.5,0.0,0.08175395312324774
2240.5,2261.0,2240.5,2240.5,2,2023-03-20 00:00:00-04:00,2252.45,2281.575,2317.925,2444.225,2415.3225,2395.86875,2285.557716864449,2337.7081983039584,2381.3531458457337,2469.1667818882784,33.372375933823356,37.19477375773451,4.285714285714275,11.600981600981578,-92.5,-91.79955476807028,-52.15048143950935,-47.03628801355675,-5.1141934259526,2419.2660208158454,2317.925,2216.583979184155,0.08744115604762469,0.11799772995826018,25.1403052409633,1.1220845900898593,31.75,-3.384615384615387,0.1348078608130061,250.0,100,0,0,0,25.344395081958577,92.85714285714286,7.142857142857143,-85.71428571428572,2349.8770146944003,-2349.8770146944003,0.005046540316249848,0.005033849211208884,0.22994842786732708,0.2509868873849674,-0.025657751685148944,-0.05414248021108181,-0.04405333333333339,10.5,0.19047619047619047,-1.8969781867185447,0.06172839506172839,0.02548131370328426,-6.90601503759401,-7.538907563025225,2229.25,2411.5,0.005021200624860522,0.07632224949787994
2243.75,2243.75,2243.75,2243.75,0,2023-03-21 00:00:00-04:00,2237.85,2273.075,2309.5375,2443.395,2415.475,2393.6275,2279.1257604237644,2330.7483317629244,2375.9569440478617,2466.9238288346637,34.08386640634754,37.59446090635751,19.508811398575165,9.132709762631,-89.6797153024911,-83.53114361946795,-51.622571339160004,-47.9535446786774,-3.6690266604826007,2406.1694402423373,2309.5375,2212.9055597576626,0.08368077179291296,0.1595975417909676,23.576712009465922,1.0507726800876176,3.25,-3.384615384615387,-0.168111750243904,250.0,100,0,0,0,25.335320207332924,85.71428571428572,0.0,-85.71428571428572,2340.226853518848,-2340.226853518848,0.0014505690694042173,0.001449518010391353,0.19938776648041168,0.23504165034897195,-0.03150965792597393,-0.036500268384326406,-0.06956251295873939,10.5,0.0,-1.8969781867185447,0.09666666666666666,0.03284258210645526,-6.488157894736876,-8.399939975990426,2229.25,2379.25,0.006462395543175487,0.060389972144846794
2266.25,2266.25,2266.25,2266.25,0,2023-03-22 00:00:00-04:00,2242.6,2266.95,2304.775,2439.855,2414.6125,2391.49875,2277.1448742047237,2325.9706775582636,2371.6547109479457,2464.927074318896,38.94481630599559,40.35374269032609,52.8421447319085,25.5455568053993,-73.66548042704626,-39.95614586388421,-48.82580335353987,-48.127996413649896,-0.697806939889972,2400.0732030260733,2304.775,2209.476796973927,0.08269631788445572,0.29787131983244325,23.499804008789788,1.0369466744088158,22.5,-3.384615384615387,-0.27675052292683056,250.0,100,0,0,0,24.696582237191212,78.57142857142857,7.142857142857143,-71.42857142857143,2331.3487052373403,-2331.3487052373403,0.010027855153203369,0.009977909832471833,0.19399686378435294,0.08903957952353099,0.010590858416945403,-0.02631578947368418,-0.040334533135718775,10.25,0.0,-1.7933082717278752,0.24666666666666667,0.08380520951302378,-6.28609022556393,-8.81710684273709,2229.25,2379.25,0.0163265306122449,0.04986210700496415
2298.5,2298.5,2298.5,2298.5,11,2023-03-23 00:00:00-04:00,2255.65,2266.2,2302.7125,2436.525,2414.525,2389.25375,2280.4302781732276,2323.935812553948,2368.7858987539084,2463.271083529653,45.18452720546803,44.07520653042199,81.88976377952754,51.41357330333705,-50.3584229390681,23.94454354833712,-43.50553438072029,-47.20350400706398,3.697969626343685,2396.6697076798605,2302.7125,2208.7552923201397,0.08160567824238622,0.47758287999387283,24.124818008161945,1.0495896457760254,32.25,-3.384615384615387,-0.296034518758316,261.0,100,0,0,0,23.28781853439997,71.42857142857143,0.0,-71.42857142857143,2323.180808818353,-2323.180808818353,0.014230557087699935,0.014130253177221863,0.20016380532303754,0.10228254287950214,0.029217508115974455,-0.0032523850823937828,-0.017630088684688516,10.8,1.0185185185185184,-1.636772143763176,0.46166666666666667,0.15685164212910532,-5.823496240601599,-9.088127250900357,2229.25,2379.25,0.030128344572547313,0.03513160757015445
2308.0,2308.0,2308.0,2308.0,14,2023-03-24 00:00:00-04:00,2271.4,2267.825,2303.3875,2432.56,2415.4975,2387.08125,2284.6717738388847,2322.7553819943964,2366.402138018461,2461.7260976238854,46.905868612699095,45.1340139594719,100.0,78.243969503812,-20.85427135678392,55.06495771209329,-38.08360815551168,-45.37952483675352,7.295916681241835,2397.292967758812,2303.3875,2209.4820322411874,0.0815368389025402,0.5245592727989331,23.080188150436094,1.0000081520986175,9.5,-3.384615384615387,-0.27701119716589506,275.0,100,0,0,0,21.753359067984906,64.28571428571429,0.0,-64.28571428571429,2315.666344112885,-2315.666344112885,0.0041331303023710575,0.004124612381707443,0.18834084313520771,0.08105234932859799,0.035325782213748935,0.007090651249045399,0.005883634778818925,4.9,2.8571428571428568,0.9739285220129219,0.525,0.1783691959229898,-5.877631578947404,-9.219783913565433,2229.25,2379.25,0.034120450606585785,0.030870883882149047
2341.75,2341.75,2341.75,2341.75,62,2023-03-27 00:00:00-04:00,2291.65,2272.05,2304.125,2428.375,2416.625,2384.85625,2293.453039402133,2324.1623907355524,2365.435387507933,2460.5323056077273,52.60058018445227,48.75326153650456,100.0,93.96325459317582,-0.0,119.44884168241198,-30.709351333419363,-42.44549013608669,11.736138802667327,2398.987466234013,2304.125,2209.262533765987,0.08234142352000262,0.6983134188562216,23.842317568262086,1.018141029924718,33.75,-3.384615384615387,-0.24404609313573244,337.0,100,0,0,0,20.823407307352465,57.142857142857146,100.0,42.85714285714286,2229.25,2229.25,0.014623050259965353,0.014517164461249784,0.18879327253677766,0.09413497017554937,0.04519080562374467,0.01837355946944985,0.006338633433605523,5.8,10.689655172413794,1.2573281763744035,0.75,0.2548131370328426,-4.956766917293254,-9.143397358943563,2229.25,2379.25,0.04804099498238497,0.01601366499412832
2370.25,2370.25,2370.25,2370.25,23,2023-03-28 00:00:00-04:00,2316.95,2277.4,2306.4625,2423.74,2417.7325,2383.06875,2305.2679564171895,2327.576287718104,2365.624195840955,2459.633974208645,56.81302092956187,51.5850140565815,100.0,99.99999999999999,-0.0,157.97115172174367,-22.308331300914688,-38.41805836905229,16.1097270681376,2405.338467125467,2306.4625,2207.586532874533,0.08573819615577276,0.8225632165956861,24.17500917052908,1.0199349929555566,28.5,-3.384615384615387,-0.20837436029287204,360.0,100,0,0,0,20.520808895560815,50.0,100.0,50.0,2231.5,2231.5,0.012170385395537497,0.01209692170882853,0.19316909236560986,0.06782749960612923,0.05637883008356548,0.02309269450739193,0.0201205078545299,6.95,3.3093525179856114,1.537247040471766,0.94,0.319365798414496,-3.70620300751885,-8.854957983193263,2229.25,2379.25,0.059487395844320216,0.0037970678198502267
2360.0,2360.0,2360.0,2360.0,228,2023-03-29 00:00:00-04:00,2335.7,2289.15,2305.5,2418.375,2418.6675,2381.675,2313.688270814545,2329.9780441834296,2365.4036391413097,2458.6425913806984,54.922528297486885,50.53059848314728,95.23809523809524,98.41269841269839,-7.269503546099291,120.68267869013594,-16.289773368884653,-33.992401369018765,17.702628000134112,2401.8659690969716,2305.5,2209.1340309030284,0.08359658997785438,0.7827761735325749,23.18036565834843,0.9822188838283232,10.25,-3.384615384615387,-0.17483825501235017,132.0,100,0,0,0,19.97124396725467,42.85714285714286,92.85714285714286,50.0,2237.05,2237.05,-0.004324438350384985,-0.004333815778412757,0.1737712822334856,0.1296429713159181,0.04136789851075573,0.0523968784838349,-0.008090784911211513,18.0,12.666666666666666,0.38331727433307505,0.9273049645390071,0.29614949037372595,-1.7921052631579153,-8.504093637454966,2229.25,2370.25,0.05540254237288136,0.004343220338983051
2363.5,2363.5,2363.5,2363.5,156,2023-03-30 00:00:00-04:00,2348.7,2302.175,2305.3125,2412.77,2419.48,2380.4875,2321.3516137661536,2332.461152021694,2365.3289866259643,2457.6958989291493,55.467449291069904,50.89050293854774,91.62363740676994,95.62057754828838,-4.787234042553192,106.04571978114843,-11.109538255540429,-29.415828746323097,18.30629049078267,2401.2106067331283,2305.3125,2209.4143932668717,0.08319748991351786,0.803381901802963,21.774625254180684,0.9212872965593689,3.5,-3.384615384615387,-0.14522455239646836,288.0,100,0,0,0,19.533915634427416,35.714285714285715,85.71428571428572,50.0,2242.378,2242.378,0.0014830508474577009,0.0014819522136353721,0.1729750354756993,0.12352045326410313,0.028279312595170802,0.05832307175640872,-0.0015841165909811217,25.8,6.046511627906977,0.6146732065364764,0.9521276595744681,0.3040770101925255,0.011466165413513148,-8.081272509003583,2229.25,2370.25,0.056801353924264865,0.002855933996192088
2383.75,2383.75,2383.75,2383.75,75,2023-03-31 00:00:00-04:00,2363.85,2317.625,2306.0125,2408.65,2419.515,2379.75,2330.9513654944376,2336.260325946013,2366.051379307299,2456.960118840302,58.586734818810356,52.96914505529179,91.62363740676994,92.82845668387836,-0.0,113.73977815561507,-5.308960451575331,-24.594455087373543,19.285494635798212,2403.9642068508865,2306.0125,2208.060793149113,0.08495331820697997,0.8968154435447516,21.665723450310633,0.9088924363003936,20.25,-3.384615384615387,-0.11990762383574705,363.0,100,0,0,0,19.54664254421031,28.571428571428573,100.0,71.42857142857143,2247.4928800000002,2247.4928800000002,0.008567801988576207,0.008531306681337714,0.17563091724751215,0.12417457373905393,0.032820623916811176,0.06930582034316468,0.005907796181031655,29.55,2.5380710659898478,1.257258355679692,1.0,0.34994337485843713,2.1494360902255476,-7.716134453781524,2229.25,2383.75,0.064813843733613,0.0
2378.75,2378.75,2378.75,2378.75,16,2023-04-03 00:00:00-04:00,2371.25,2331.45,2306.5125,2404.05,2419.7575,2378.8325,2338.3050015722165,2339.407709209271,2366.549364432503,2456.181908702588,57.51548198715324,52.3941929519488,89.3679983090256,90.87175770752181,-3.236245954692557,92.55216455038237,-1.1027076370546638,-19.896105597309766,18.793397960255103,2405.8326232127774,2306.5125,2207.192376787222,0.08612146971913452,0.863659939513178,20.4753146324313,0.8607594170228607,5.0,-3.384615384615387,-0.09865000543947477,347.0,100,0,0,0,19.406461294027924,21.42857142857143,92.85714285714286,71.42857142857143,2255.6683072,2255.6683072,-0.002097535395909844,-0.0020997383042696137,0.17582959985814883,0.11137696061911206,0.01580014946087327,0.06170497656773044,0.004221635883905117,30.35,0.5271828665568369,1.2236977893451344,0.9676375404530745,0.33861834654586637,4.179135338345814,-7.2964465786314365,2229.25,2383.75,0.0628481345244351,0.0021019442984760903
2348.25,2348.25,2348.25,2348.25,16,2023-04-04 00:00:00-04:00,2366.85,2341.9,2307.4875,2398.005,2419.3275,2378.2025,2339.835001330337,2340.062693712288,2365.831742297895,2455.1079593622635,51.347710298130224,48.9883790971505,59.64912280701756,80.21358617427101,-22.977346278317153,46.57174827333439,-0.22769238195087382,-15.962422954237988,15.734730572287114,2408.0369250356357,2307.4875,2206.9380749643647,0.08715056964394001,0.7026988219254027,21.191363587257634,0.9024321766105667,30.5,-3.384615384615387,-0.08098552469195663,331.0,100,0,0,0,18.398077915694802,14.285714285714286,85.71428571428572,71.42857142857143,2263.353208768,2263.353208768,-0.012821860220704195,-0.012904769735734522,0.1710977613449708,0.1245428268991087,-0.009281721337411675,0.04657381615598877,0.008373590982286627,31.15,0.5136436597110755,1.0185480258138673,0.7702265372168284,0.2695356738391846,5.126503759398449,-6.824189675870343,2229.25,2383.75,0.05067603534547003,0.015117640796337699
2315.5,2315.5,2315.5,2315.5,30,2023-04-05 00:00:00-04:00,2357.95,2346.825,2306.8875,2391.015,2419.185,2377.475,2336.0911549718235,2338.243234918785,2363.8579484822912,2453.718825438261,45.68280752575939,45.64323425246179,26.31578947368423,58.444303529909114,-44.1747572815534,-3.955392925596478,-2.1520799469617486,-13.20035435278274,11.048274405820992,2407.0947196750567,2306.8875,2206.680280324943,0.08687655525035953,0.5429734505553993,22.01698047388209,0.9508521042488486,32.75,-3.384615384615387,-0.06639682577779427,301.0,100,0,0,0,17.517396064313804,7.142857142857143,78.57142857142857,71.42857142857143,2270.57701624192,2270.57701624192,-0.013946555945917205,-0.01404472295381815,0.1786036923092653,0.15228594604410656,-0.01885593220338988,0.021731936017650222,-0.005155746509129977,32.35,0.9273570324574961,0.6033719593526152,0.558252427184466,0.19535673839184597,5.556954887218013,-6.364453781512629,2229.25,2383.75,0.03724897430360613,0.029475275318505724
2325.0,2325.0,2325.0,2325.0,0,2023-04-06 00:00:00-04:00,2350.25,2349.475,2307.8375,2384.1,2418.92,2376.65,2334.384823437697,2337.262254554431,2362.3341073653387,2452.4380411055417,47.49243926938298,46.75071763058155,4.639804639804659,30.20157230683547,-41.01221640488656,-0.07176175098646304,-2.8774311167339874,-11.13576970557299,8.258338588839003,2408.35283154201,2307.8375,2207.3221684579903,0.08710780680356375,0.5853725483302363,21.12291044003337,0.9085122769906825,9.5,-3.384615384615387,-0.054392646605837314,301.0,100,0,0,0,16.45263760501725,0.0,71.42857142857143,71.42857142857143,2277.367395267405,2277.367395267405,0.004102785575469614,0.004094392100649988,0.17590561140295957,0.1589608837004331,-0.01628940131161416,0.011529258211877336,0.00823937554206422,32.35,0.0,0.6033719593526152,0.6197411003236246,0.22410766530134582,5.801691729323275,-5.83471788715487,2229.25,2383.75,0.04118279569892473,0.025268817204301075
2324.75,2324.75,2324.75,2324.75,16,2023-04-10 00:00:00-04:00,2338.45,2351.15,2309.4875,2377.465,2417.4175,2376.1,2332.9025429088206,2336.3354208837322,2360.860220801992,2451.1675133333474,47.447640240844464,46.7244129420005,9.514639949422579,13.490078020970474,-42.142857142857146,-11.697165410835764,-3.432877974911662,-9.595191359440724,6.162313384529062,2409.975742471426,2309.4875,2208.999257528574,0.08702211418890643,0.5759417202681186,19.63198826574527,0.8444773960961511,0.25,-3.384615384615387,-0.04453705998041535,285.0,100,0,0,0,15.470354141226725,0.0,64.28571428571429,64.28571428571429,2283.7503515513604,2283.7503515513604,-0.00010752688172044333,-0.0001075326631500327,0.17417359045318934,0.12710523157235334,-0.02475091767173576,0.0072573656845753565,0.014399476382676912,33.15,0.48265460030165913,0.6016515292450881,0.6181229773462783,0.23306894447834045,5.789285714285692,-5.30726290516207,2229.25,2383.75,0.041079685987740616,0.02537907301860415
2295.25,2295.25,2295.25,2295.25,19,2023-04-11 00:00:00-04:00,2321.75,2346.5,2309.275,2370.595,2415.7625,2375.39625,2327.1098439997713,2333.292056373826,2358.28727096662,2449.6160952902296,42.368879124341255,43.67937567975824,9.514639949422579,7.88969484621659,-75.31914893617021,-88.13559322033898,-6.1822123740548705,-8.912595562363553,2.730383188308682,2409.8647484836088,2309.275,2208.6852515163914,0.08711803356777229,0.43028613645313224,20.336846246763464,0.8860405727813294,29.5,-3.384615384615387,-0.03645640545361406,266.0,100,0,0,0,15.287840492989963,0.0,57.142857142857146,57.142857142857146,2289.7503304582788,2289.7503304582788,-0.012689536509302046,-0.012770736334497256,0.18021826666064222,0.13405613926829782,-0.03510246978455067,-0.01985694459271914,-0.001848227875625108,33.6,0.5654761904761905,0.326733383457517,0.42718446601941745,0.1610738255033557,5.428195488721814,-4.86082833133251,2229.25,2383.75,0.028755037577605926,0.03855789129724431
2316.0,2316.0,2316.0,2316.0,16,2023-04-12 00:00:00-04:00,2315.3,2341.075,2309.2375,2365.015,2414.5525,2374.91875,2325.4006372305757,2332.0111633090983,2356.628946614988,2448.286581904257,46.69125374861328,46.265715648288236,28.124135029505897,15.717804976117003,-76.55367231638418,-56.02202339986269,-6.6105260785225255,-8.452181665595347,1.8416555870728217,2409.816632403289,2309.2375,2208.6583675967113,0.08711025384204862,0.5336178083784042,20.366357229137503,0.8793763915862479,20.75,-3.384615384615387,-0.029836464469594315,282.0,100,0,0,0,14.52423492094569,0.0,50.0,50.0,2295.25,2295.25,0.00904040954144425,0.008999789669076443,0.18115164004762735,0.1621046627394456,-0.013733631427658932,-0.022887881025208334,-0.0003237293622531112,34.4,0.46511627906976744,0.471379936120625,0.5614886731391586,0.21171446003660768,5.642293233082633,-4.439723889555812,2229.25,2383.75,0.03745682210708117,0.02925302245250432
2365.75,2365.75,2365.75,2365.75,22,2023-04-13 00:00:00-04:00,2325.35,2341.65,2315.4,2359.55,2414.085,2374.44375,2331.6082315027948,2334.510336397313,2356.9866349830277,2447.465322382822,55.3398426639876,51.83401850822216,56.582633053221315,31.407136010716584,-20.338983050847457,62.79069767441913,-2.9021048945182883,-7.342166311379936,4.4400614168616475,2413.9505454069176,2315.4,2216.8494545930826,0.08512615134051786,0.7554526704652094,22.46518885562768,0.9496011351845157,49.75,-3.384615384615387,-0.02441590093344148,304.0,100,0,0,0,14.352361086425333,85.71428571428572,42.85714285714286,-42.85714285714286,2295.25,2295.25,0.021481001727115645,0.02125353669545614,0.15279683203460745,0.19854980621209994,0.021701576333405415,0.002436440677966001,0.054960981047937674,35.4,0.6214689265536724,1.008060387843294,0.883495145631068,0.35992089650626236,5.395864661654051,-3.7670108043217403,2229.25,2383.75,0.05769840431152912,0.00760858078833351
2379.0,2379.0,2379.0,2379.0,16,2023-04-14 00:00:00-04:00,2336.15,2343.2,2322.6875,2354.96,2413.945,2374.13625,2338.899272810057,2337.805867034549,2357.8499041993796,2446.784075393938,57.325580385901716,53.190510931545084,89.91596638655464,58.207578156427275,-5.367231638418079,87.0965453642616,1.0934057755080175,-5.655051894002345,6.748457669510363,2417.3397417853903,2322.6875,2228.0352582146097,0.08150234741900517,0.7974705032749257,21.806961080225705,0.9166440134605172,13.25,-3.384615384615387,-0.019978770311066096,320.0,100,0,0,0,14.467876920015097,78.57142857142857,35.714285714285715,-42.85714285714286,2300.56,2300.56,0.005600760858078813,0.005585134914615583,0.15090431899748122,0.1987097064790119,0.023225806451612874,0.006558070657922466,0.06526362923989693,36.1,0.44321329639889195,1.1059222828657547,0.9692556634304207,0.39800664451827245,5.007330827067628,-3.1115726290516283,2229.25,2383.75,0.06294661622530474,0.001996637242538882
2375.0,2377.75,2375.0,2377.75,23,2023-04-17 00:00:00-04:00,2346.75,2342.6,2330.1125,2350.405,2413.4425,2373.91125,2344.8763077623557,2340.7646916986564,2358.6303001131296,2446.097169171113,57.067787167669,53.04253718113361,99.50248756218907,82.00036233398833,-6.779661016949152,70.51662841456307,4.11161606369933,-3.7017183024620106,7.813334366161341,2417.283520844055,2330.1125,2242.941479155945,0.07482129797943658,0.7732416090733936,20.535035288781014,0.8636330686060777,4.0,19.615384615384613,7.301834489517275,297.0,0,0,0,0,14.45877198921288,71.42857142857143,28.571428571428573,-42.85714285714286,2305.5514,2305.5514,-0.0005254308532997021,-0.0005255689404627909,0.15041418207479965,0.19936311679517127,0.022798150338745993,-0.0025170424750917686,0.06661433217449808,37.25,0.6174496644295302,1.0938373732398614,0.9581151832460733,0.46297739672642246,4.318609022556362,-2.4443817527010703,2240.5,2383.75,0.0577226369466933,0.0025233939648827675
2428.75,2428.75,2428.75,2428.75,16,2023-04-18 00:00:00-04:00,2373.45,2347.6,2339.525,2347.98,2413.935,2374.0475,2357.779952721993,2347.2821219432003,2361.380092265556,2445.9245605226442,64.15119922463514,58.04294039959779,99.50248756218907,96.30698050364425,-0.0,172.33845547675304,10.497830778792832,-0.861808486211042,11.359639265003874,2426.6122981553663,2339.525,2252.437701844634,0.07444870061689118,1.012273327396264,22.711104196725227,0.9350943570447854,51.0,19.615384615384613,9.633318596763662,313.0,100,0,0,0,15.439700827903327,64.28571428571429,100.0,35.714285714285715,2310.243316,2310.243316,0.02144884870150343,0.02122205932915487,0.16366507539743796,0.15554188451547435,0.058163598736520994,0.021019442984760994,0.08402142378933264,37.95,0.42160737812911725,1.4269258718314166,1.0,0.68971477960242,4.312781954887193,-1.7712364945978416,2243.75,2428.75,0.0761708697889861,0.0
2442.5,2442.5,2442.5,2442.5,16,2023-04-19 00:00:00-04:00,2398.75,2357.025,2349.4625,2346.515,2414.0725,2374.31375,2370.8138061493787,2354.335298095556,2364.561265117887,2445.8904852935634,65.79001206891361,59.270743446235564,99.50248756218907,99.50248756218906,-0.0,162.08982738394448,16.47850805382268,2.6062548217957024,13.872253232026978,2435.9227907409,2349.4625,2263.0022092591003,0.07360006021879459,1.03803601169241,22.071025325530567,0.9036243736143528,13.75,19.615384615384613,9.71135131365867,329.0,100,0,0,0,16.58057725928351,57.142857142857146,100.0,42.85714285714286,2319.72385072,2319.72385072,0.005661348430262558,0.00564538322528804,0.16344596620930651,0.16055296041454775,0.05462003454231423,0.04013627169168532,0.08857938718662961,38.75,0.4129032258064516,1.5175074467156175,1.0,0.7372515125324114,4.271616541353325,-1.137971188475392,2266.25,2442.5,0.07215967246673491,0.0
2422.25,2422.25,2422.25,2422.25,16,2023-04-20 00:00:00-04:00,2410.05,2367.7,2357.2625,2344.59,2414.375,2374.715,2378.727066741782,2359.3660167551443,2366.8235684465976,2445.655256584175,61.34244198245643,56.70475459179389,90.00000000000001,96.33499170812604,-13.752122241086589,102.96144815572183,19.36104998663768,5.957213854764099,13.403836131873582,2440.3694303668685,2357.2625,2274.155569633131,0.07051139223304041,0.890987248073766,21.940952087992667,0.9058087351839267,20.25,19.615384615384613,8.860423669328567,313.0,100,0,0,0,17.016683889815088,50.0,92.85714285714286,42.85714285714286,2332.001465648,2332.001465648,-0.00829068577277381,-0.008325244651824312,0.16781199398503044,0.17358673788786774,0.023882489696713582,0.046102353703303844,0.06883618312189732,39.55,0.40455120101137804,1.3848564743512366,0.8624787775891342,0.7473378509196515,3.9975563909774205,-0.5385834333733814,2295.25,2442.5,0.052430591392300545,0.008359995871606978
2386.75,2386.75,2386.75,2386.75,18,2023-04-21 00:00:00-04:00,2411.6,2373.875,2361.675,2342.96,2414.57,2374.875,2379.961364166123,2361.394459958467,2367.604997134966,2445.0691346281133,54.39946859394833,52.51944897383735,62.46913580246915,83.99054112155274,-37.86078098471987,39.14740951777939,18.56690420765608,8.479151925342496,10.087752282313584,2441.1242133377964,2361.675,2282.225786662204,0.06728208863437704,0.6578052125789328,22.909455510278907,0.9598598726418313,35.5,19.615384615384613,7.706823844890927,295.0,100,0,0,0,16.445440483003726,42.85714285714286,85.71428571428572,42.85714285714286,2343.0513190832,2343.0513190832,-0.014655795231706015,-0.014764252386970897,0.17425756258888214,0.22071567092048625,0.003257671290458175,0.026559139784946284,0.03839460517728943,39.9,0.4511278195488722,0.9645160322158292,0.6213921901528013,0.6098741529525653,3.4909774436090113,-0.13654261704680812,2295.25,2442.5,0.03833665025662512,0.02335812297056667
2375.25,2375.25,2375.25,2375.25,16,2023-04-24 00:00:00-04:00,2411.1,2378.925,2365.0375,2340.715,2414.7025,2374.8175,2379.2365389097963,2362.42079625784,2367.904801168889,2444.3744168706194,52.33306668037081,51.233220429767655,29.135802469135815,60.534979423868315,-45.670628183361636,19.31444338321077,16.815742651956498,10.146470070665297,6.669272581291201,2440.718454506417,2365.0375,2289.356545493583,0.06399979239772481,0.5674707399411444,22.094494402401843,0.9301965857236857,11.5,19.615384615384613,6.53427629444908,279.0,100,0,0,0,15.623698527871761,35.714285714285715,78.57142857142857,42.85714285714286,2352.9961871748797,2352.9961871748797,-0.004818267518592267,-0.004829912791283736,0.17565643478446255,0.22432564079164968,-0.0010514141520344689,0.021722765888805284,0.029137781629116066,40.0,0.4,0.8295599276851581,0.5432937181663837,0.6846424384525205,2.837406015037561,0.2934093637454928,2295.25,2442.5,0.03368066519313757,0.028312809177981266
2329.25,2329.25,2329.25,2329.25,16,2023-04-25 00:00:00-04:00,2391.2,2382.325,2364.4125,2338.72,2414.3425,2374.545,2371.546302154443,2359.963700238741,2366.3889266132464,2443.228900284842,44.97394771837657,46.45486475833101,5.8024691358024825,32.46913580246913,-76.91001697792869,-57.87734544448818,11.582601915702071,10.433696439672651,1.1489054760294195,2441.052775801972,2364.4125,2287.7722241980277,0.06482817681091786,0.27060038190066715,23.802030516515998,1.0218753039182569,46.0,19.615384615384613,5.460572633409319,263.0,100,0,0,0,15.195052503259927,28.571428571428573,71.42857142857143,42.85714285714286,2442.5,-2442.5,-0.019366382486054046,-0.019556367756324494,0.18323583869872226,0.15265602471550596,-0.040967575913535725,0.014813201176342439,-0.005337888331376162,37.7,0.42440318302387264,-0.38693130820955857,0.23089983022071306,0.46893317702227433,1.9584586466165352,0.48264105642255484,2295.25,2442.5,0.014596973274659225,0.04862080068691639
2318.5,2318.5,2318.5,2318.5,16,2023-04-26 00:00:00-04:00,2366.4,2382.575,2361.825,2337.31,2412.9225,2374.43125,2363.385332592221,2356.892315035871,2364.5109294911585,2441.9878166999183,43.43670710809289,45.415493304971484,1.4210854715202004e-14,11.646090534979423,-84.21052631578948,-77.13176591225391,6.493017556349969,9.645560663008116,-3.152543106658147,2440.9560779656313,2361.825,2282.6939220343684,0.06700841761403276,0.22624535698340342,22.86974262247914,0.9864025284657814,10.75,19.615384615384613,4.524914532674023,247.0,100,0,0,0,15.014887137678269,21.42857142857143,64.28571428571429,42.85714285714286,2440.235,-2440.235,-0.004615219491252542,-0.004625902499018791,0.17780751722061,0.1027448534061354,-0.05076765609007161,0.0010794473229707169,-0.021833139964138826,37.35,0.428380187416332,-0.7406936841669617,0.15789473684210525,0.41852286049237986,1.3947368421052535,0.5581992797119067,2295.25,2442.5,0.01002803536769463,0.05348285529437136
2311.5,2311.5,2311.5,2311.5,96,2023-04-27 00:00:00-04:00,2344.25,2377.15,2359.4,2335.92,2411.315,2374.38,2355.4029737318792,2353.52992132951,2362.4320695111132,2440.689430464098,42.419931634614436,44.731220612762975,1.4210854715202004e-14,1.934156378600824,-88.96434634974534,-85.10589810423171,1.8730524023690123,8.091059010880295,-6.218006608511283,2441.5222259805387,2359.4,2277.2777740194615,0.0696128049339142,0.20836153411531072,21.736189578016344,0.9403499709286759,7.0,19.615384615384613,3.730789443039219,151.0,100,0,0,0,14.991798894958377,14.285714285714286,57.142857142857146,42.85714285714286,2435.3656,-2435.3656,-0.003019193444037116,-0.003023760403235411,0.17754826920313935,0.1154312789943075,-0.04572195272989987,-0.022931417098171814,-0.02055084745762714,30.75,3.1219512195121952,-0.04456431090674828,0.11035653650254669,0.38569753810082064,0.6469924812029444,0.6044657863145215,2295.25,2442.5,0.007030067056024227,0.05667315595933377
2314.75,2380.25,2314.75,2359.75,31,2023-04-28 00:00:00-04:00,2338.85,2375.225,2359.2125,2336.02,2409.5625,2374.525,2356.0717470038976,2353.9906678976945,2362.326890314599,2439.8840629967935,50.94395547433409,50.16552134805606,23.39393939393941,7.797979797979799,-56.196943972835314,-22.41012887180684,2.0810791062031058,6.889063029944857,-4.807983923741752,2441.313546735084,2359.2125,2277.1114532649162,0.06960038295412885,0.503273405281508,25.09431889387232,1.06343124881332,68.75,31.210804462712858,6.756209181153132,182.0,0,0,0,0,14.481184914243922,7.142857142857143,50.0,42.85714285714286,2427.933664,-2427.933664,0.02087389141250262,0.020659016776773575,0.19371922231879246,0.23010484365061903,-0.011312454174086106,-0.008091635140815456,-0.0015866299978845033,24.5,1.2653061224489797,0.3711703906774316,0.4380305602716469,0.611957796014068,0.7167293233082147,0.7066506602641243,2295.25,2442.5,0.02733340396228414,0.035067274075643605
2390.75,2390.75,2390.75,2390.75,13,2023-05-01 00:00:00-04:00,2341.95,2376.525,2359.5625,2336.585,2408.38,2374.64375,2361.406862849452,2356.713581386754,2363.4415220669675,2439.3951668475715,55.50184261004303,53.26547568913082,56.72727272727275,26.70707070707071,-39.50381679389313,39.342536464435106,4.693281462697996,6.4499067164954855,-1.7566252537974893,2442.1372956400787,2359.5625,2276.9877043599213,0.06999161551353585,0.6888439429867795,25.516153258595725,1.0672865526966735,31.0,31.210804462712858,7.379680057549447,195.0,100,0,0,0,14.213111432765398,0.0,42.85714285714286,42.85714285714286,2420.94764416,-2420.94764416,0.013136984850089961,0.013051443024598175,0.19705256807894922,0.25149249115455125,0.0065256288811703644,0.005467353590579371,0.002936549554273693,21.4,0.6074766355140188,-0.1006339554146144,0.6485568760611206,0.757327080890973,1.5546992481202564,0.9002761104441519,2295.25,2442.5,0.03994562375823486,0.0216459270103524
2382.75,2382.75,2382.75,2382.75,18,2023-05-02 00:00:00-04:00,2352.65,2371.925,2359.7625,2337.365,2407.1725,2374.6575,2364.690422411075,2358.642204987735,2364.1987172800277,2438.8315333466007,54.10476814082116,52.38253909683974,86.69572698594783,55.60564636905332,-45.61068702290076,15.936761056065999,6.048217423339793,6.369568857864347,-0.32135143452455406,2442.5413431605734,2359.7625,2276.983656839426,0.07015862245507641,0.6388488841007915,24.264999454410315,1.018361114443828,8.0,31.210804462712858,6.963856319934358,177.0,100,0,0,0,13.766118957618072,78.57142857142857,35.714285714285715,-42.85714285714286,2414.3807855104,-2414.3807855104,-0.0033462302624699403,-0.0033518414119168356,0.19729701512232528,0.18509880790603092,0.022968766770419702,-0.01893978383942352,0.0016815554387807907,21.5,0.8372093023255814,-0.1273055338045158,0.5942275042444821,0.7198124267291911,2.1889097744360226,1.026446578631453,2295.25,2442.5,0.036722274682614624,0.025076067568985415
2355.0,2355.0,2330.75,2330.75,16,2023-05-03 00:00:00-04:00,2355.1,2360.75,2358.8875,2335.75,2405.6375,2374.00375,2359.468818963217,2356.5761157293846,2362.8870028768893,2437.7560952038484,45.999564755620874,47.05868495423517,71.39852786540486,71.60717585954181,-85.30534351145037,-74.43716261351557,2.892703233832435,5.674195733057965,-2.7814924992255294,2442.5003690753106,2358.8875,2275.274630924689,0.0708917818889716,0.33173941815908653,26.246070921952434,1.1260783405321222,52.0,15.210804462712858,1.0697596709159711,161.0,0,0,0,0,13.364726335550355,71.42857142857143,28.571428571428573,-42.85714285714286,2408.207938379776,-2408.207938379776,-0.021823523239953846,-0.02206517864093221,0.20747586362582152,0.2630214453756004,0.0052835885270650085,-0.045752302968270264,-0.007452358139039661,21.5,0.7441860465116279,-0.2713321421125102,0.24108658743633277,0.47596717467760846,1.5926691729323281,1.1924369747899255,2295.25,2442.5,0.015231148771854552,0.047945940148021025
2300.5,2300.5,2300.5,2300.5,16,2023-05-04 00:00:00-04:00,2352.9,2348.575,2358.1375,2334.53,2403.6775,2373.51875,2350.396692968876,2352.4223293790596,2360.440453744462,2436.390362913263,42.05289328164246,44.308046321865,38.06519453207153,65.38648312780806,-100.0,-121.87872672231896,-2.025636410183779,4.134229304409616,-6.159865714593395,2443.5435119371245,2358.1375,2272.731488062875,0.07243514166338878,0.1625676653627609,26.532065856098686,1.1533173595348267,30.25,15.210804462712858,-1.4387125646748196,145.0,100,0,0,0,13.552678352795015,100.0,21.42857142857143,-78.57142857142857,2402.4054620769894,-2402.4054620769894,-0.012978654939397205,-0.01306361358127975,0.2066578886558289,0.2818322933334946,-0.0047588146225394645,-0.05026318505521721,-0.006478082487583636,20.8,0.7692307692307692,-0.06059394276534935,0.035653650254668934,0.33411488862837047,0.07349624060141308,1.1725570228091184,2295.25,2442.5,0.0022821125842208217,0.06172571180178222
2329.5,2329.5,2329.5,2329.5,16,2023-05-05 00:00:00-04:00,2346.85,2342.85,2358.3625,2334.325,2402.32,2372.99,2347.1818171275104,2350.724379054685,2359.2271026172284,2435.3267772126333,46.76815771697413,47.402747553789006,18.807728269703006,42.75715022239313,-79.5774647887324,-60.15372168284796,-3.5425619271745745,2.5988710580927776,-6.141432985267352,2443.441209880887,2358.3625,2273.2837901191133,0.07215066376003425,0.33037765828602317,26.70834686637735,1.1465270172301933,29.0,15.210804462712858,-2.334113700627885,161.0,100,0,0,0,13.055472984191772,92.85714285714286,14.285714285714286,-78.57142857142857,2394.25302511083,-2394.25302511083,0.012605955227124488,0.012527161661328114,0.2111849443195012,0.245493535904508,-0.01281915457145888,-0.023986592646904836,0.001935483870967758,21.6,0.7407407407407407,0.14110134086864246,0.23259762308998302,0.47010550996483,-0.8588345864662331,1.1735054021608773,2295.25,2442.5,0.014702725906846964,0.04850826357587465
2314.25,2314.25,2314.25,2314.25,16,2023-05-08 00:00:00-04:00,2331.55,2336.75,2357.8375,2334.72,2401.37,2372.42375,2342.1153837232782,2348.0225731987825,2357.4632946714546,2434.1220331607665,44.707929263140535,45.99162045790248,16.28342973896109,24.38545084691187,-90.3169014084507,-76.2707464919914,-5.90718947550431,0.8976589513733599,-6.804848426877671,2443.8636987710556,2357.8375,2271.8113012289446,0.07297042206772564,0.24666147858049037,25.88989351877897,1.1187163668047517,15.25,15.210804462712858,-2.4882220107334234,145.0,100,0,0,0,12.886668445250136,85.71428571428572,7.142857142857143,-78.57142857142857,2386.752783101964,-2386.752783101964,-0.006546469199399052,-0.006567991309530847,0.2125339863460579,0.20263103311824704,-0.03199832688486881,-0.025681507209767362,-0.004516614689751619,21.6,0.7407407407407407,0.038078263785784716,0.12903225806451613,0.39859320046893315,-2.0197368421053152,1.028739495798325,2295.25,2442.5,0.008210003240790752,0.055417521875337585
2333.75,2333.75,2333.75,2333.75,16,2023-05-09 00:00:00-04:00,2321.75,2337.2,2359.7625,2334.855,2400.125,2371.6775,2340.8284016120047,2346.9653455544285,2356.533361547084,2433.1233064626495,47.87021083927513,48.06728750085082,36.61982117626996,23.90365972831135,-72.68993839835728,-32.921015333075026,-6.136943942423841,-0.5092616273860804,-5.62768231503776,2441.727656469088,2359.7625,2277.797343530912,0.0694689880605256,0.3413197685420752,25.433472553151898,1.0898113573926898,19.5,15.210804462712858,-2.325064318437196,161.0,100,0,0,0,12.279218366283425,78.57142857142857,0.0,-78.57142857142857,2379.8525604538067,-2379.8525604538067,0.008426055957653666,0.008390754908611724,0.2091892358852392,0.2293472641157468,-0.02056447382226423,0.0019319523451755138,0.016773771920270075,21.45,0.745920745920746,0.41399635278498226,0.23415492957746478,0.4900351699882767,-3.352067669172985,1.0075510204081477,2300.5,2442.5,0.014247455811462239,0.04659882163899304
2284.75,2284.75,2284.75,2284.75,16,2023-05-10 00:00:00-04:00,2312.55,2333.825,2358.2,2334.08,2398.6625,2370.97,2332.2009552101576,2342.356801439286,2353.718327760924,2431.6469551545633,41.45436267483483,43.64190318784717,25.9088331799634,26.270694698398145,-100.0,-132.60560825169733,-10.155846229128201,-2.4385785477345046,-7.717267681393697,2444.5183931731935,2358.2,2271.881606826806,0.07320701651530297,0.07454027293681251,27.116795942212473,1.1868605292575762,49.0,15.210804462712858,-2.046948506276266,145.0,100,0,0,0,12.627913501935778,100.0,0.0,-100.0,2373.5043556175024,-2373.5043556175024,-0.020996250669523264,-0.02121980670362131,0.22057522374240407,0.22535173042818812,-0.019736136436769303,-0.014556825533750262,-0.013493091537132962,21.45,0.745920745920746,-0.06659021059049797,0.0,0.26025791324736225,-5.11466165413537,0.8618487394957732,2284.75,2442.5,0.0,0.06904475325527958
2216.5,2216.5,2216.5,2216.5,16,2023-05-11 00:00:00-04:00,2295.75,2324.325,2350.7375,2330.825,2396.9975,2369.875,2314.400808254749,2333.034075406746,2348.3372168683386,2429.5061894316323,34.51542187442499,38.4629725263613,20.33639143730889,27.621681931180746,-100.0,-238.84109125670955,-18.633267151997188,-5.677516268587041,-12.955750883410147,2456.7209273601193,2350.7375,2244.754072639881,0.09017036343710778,-0.13329476760492517,30.054881946340153,1.3559612879016536,68.25,15.210804462712858,-1.7470876280034968,129.0,100,0,0,0,13.939786077731549,100.0,42.85714285714286,-57.142857142857146,2364.628920055752,-2364.628920055752,-0.02987197724039825,-0.03032723396720276,0.22763919665645074,0.29068152715392864,-0.036513801347533126,-0.041098853558295456,-0.06308781570326538,21.15,0.756501182033097,-1.0171238844334143,0.0,0.0,-7.019736842105307,0.6958103241296447,2216.5,2442.5,0.0,0.1019625535754568
2238.25,2238.25,2238.25,2238.25,18,2023-05-12 00:00:00-04:00,2277.5,2312.175,2343.7,2328.245,2395.495,2368.92875,2302.6852992924796,2326.0130327840243,2344.020071108796,2427.603142770621,38.072921171664056,40.81318584676204,6.183368869936057,17.476197829069445,-87.51793400286944,-155.18111763034267,-23.327733491544677,-9.207559713178568,-14.120173778366109,2459.4813240553126,2343.7,2227.918675944687,0.09880217097351435,0.044615675885591566,29.461676093030142,1.3162817421213064,21.75,15.210804462712858,-1.465591120709771,147.0,100,0,0,0,14.650787897041237,92.85714285714286,35.714285714285715,-57.142857142857146,2346.853449649062,-2346.853449649062,0.009812767877283912,0.009764935329157067,0.2302637931999806,0.2790904682230685,-0.03917149602919079,-0.0514885051382562,-0.05916351408154685,21.25,0.8470588235294118,-0.9301062363715648,0.09623893805309734,0.09623893805309734,-8.180451127819598,0.5671908763505257,2216.5,2442.5,0.009717413157600803,0.09125432815815927
2254.5,2254.5,2250.25,2250.25,21,2023-05-15 00:00:00-04:00,2264.7,2298.125,2337.325,2325.855,2394.355,2367.895,2294.6183301705596,2320.400956281504,2340.342813418255,2425.838434882356,40.00932617944151,42.09434484998836,15.778251599147145,14.099337302130692,-80.63127690100431,-104.94532470430747,-25.78262611094442,-12.522572992731739,-13.260053118212682,2458.805255597378,2337.325,2215.8447444026215,0.10394810785609905,0.14160842611085608,28.51798494352799,1.2673251835808461,16.25,-5.789195537287142,-7.899016084025087,168.0,0,0,0,0,14.941186489065242,85.71428571428572,28.571428571428573,-57.142857142857146,2331.2110356911744,-2331.2110356911744,0.005361331397296887,0.005347010622929146,0.23202540430420818,0.2949093845371486,-0.027654747758453113,-0.05876816898462822,-0.0536221217537588,21.15,0.9929078014184398,-0.805433367402437,0.14933628318584072,0.14933628318584072,-8.977819548872217,0.4853181272508824,2216.5,2442.5,0.014998333518497945,0.08543495167203644
2260.0,2260.0,2260.0,2260.0,16,2023-05-16 00:00:00-04:00,2249.95,2285.85,2328.8875,2323.68,2393.185,2366.8775,2289.292433221243,2315.926811371763,2337.192114852833,2424.188301201935,41.60698684074065,43.1442857587559,37.02367284456839,19.661764437883857,-75.03586800573888,-75.56683587140431,-26.634378150520206,-15.344934024289433,-11.289444126230773,2447.1956226078933,2328.8875,2210.5793773921064,0.10160054756435719,0.20886403029015824,27.177414590418845,1.2025404686026038,9.75,-5.789195537287142,-9.81277937956089,184.0,100,0,0,0,15.083616001407586,78.57142857142857,21.42857142857143,-57.142857142857146,2317.4457114082334,-2317.4457114082334,0.004332851905343826,0.004323492129136908,0.2158368683814682,0.2840028345362036,-0.03160149973219073,-0.05151610534046791,-0.06948018528049404,21.15,0.756501182033097,-1.0792893161409907,0.19247787610619468,0.19247787610619468,-8.638909774436158,0.4354141656662853,2216.5,2442.5,0.01924778761061947,0.08075221238938053
2295.75,2295.75,2295.75,2295.75,16,2023-05-17 00:00:00-04:00,2252.15,2282.35,2321.55,2323.02,2392.1225,2366.32,2290.2859050333595,2314.4322327516325,2335.5669338782122,2422.9103081551493,47.16336813799624,46.85427734035535,64.17363730796569,38.99185391722707,-54.519368723099,-16.64796109240549,-24.146327718272914,-17.10521276308613,-7.041114955186785,2428.4121308041204,2321.55,2214.68786919588,0.0920610202701817,0.3792837097395524,27.78974211967464,1.2104864257726076,35.75,-5.789195537287142,-9.70361169322909,200.0,100,0,0,0,14.422023538665417,71.42857142857143,14.285714285714286,-57.142857142857146,2305.332226039245,-2305.332226039245,0.015818584070796504,0.01569477422730006,0.22440020094523275,0.28401866562179406,0.0048145311303207095,-0.015016625549715723,-0.06008188331627429,21.15,0.756501182033097,-0.9167735458924475,0.38517618469015796,0.3506637168141593,-7.318421052631582,0.3821128451380507,2216.5,2422.25,0.03452030926712403,0.05510181857780682
2286.75,2286.75,2286.75,2286.75,16,2023-05-18 00:00:00-04:00,2266.2,2280.975,2314.775,2322.205,2390.775,2365.82125,2289.7419196436117,2312.3816969922523,2333.652544314361,2421.555479218282,45.977257066315076,46.059808812325485,82.69469660774011,61.29733558675806,-59.68436154949785,-24.980836385316504,-22.639777348640564,-18.212125680197015,-4.4276516684435485,2411.9862262035663,2314.775,2217.563773796434,0.08399194410131973,0.3558551255113579,26.447617682555023,1.1565592077207838,9.0,-5.789195537287142,-8.776805667617982,184.0,100,0,0,0,13.976672291466363,64.28571428571429,7.142857142857143,-57.142857142857146,2295.75,-2295.75,-0.003920287487749086,-0.003927991957157709,0.22356773526036958,0.11560801276168545,0.03169411233927355,-0.005976961530102187,-0.05593972546186399,21.15,0.756501182033097,-0.846847173332052,0.4031563845050215,0.3108407079646018,-6.225563909774558,0.30774309723887144,2216.5,2390.75,0.030720454793921503,0.045479392150431834
2300.0,2300.0,2287.0,2300.0,17,2023-05-19 00:00:00-04:00,2278.55,2278.025,2310.4375,2322.085,2389.64,2365.57375,2291.320085852287,2311.4645342520853,2332.33283669419,2420.345971962379,48.048709383866566,47.437544064509304,94.7826086956522,80.550314203786,-49.774436090225564,1.4991091008764523,-20.14444839979842,-18.598590224117295,-1.5458581756811256,2401.9926575554364,2310.4375,2218.8823424445636,0.07925352454280749,0.4429988420167366,25.504930705229665,1.1089100306621593,13.25,11.210804462712858,-2.1906754146299865,201.0,100,0,0,0,13.26714874845583,57.142857142857146,0.0,-57.142857142857146,2216.5,2216.5,0.00579424948070395,0.0057775273807670995,0.2209285754239322,0.11131428416181746,0.027588517815257507,-0.01266366172998501,-0.0363464962815544,21.1,0.8056872037914692,-0.48454061798937653,0.47919655667144906,0.3694690265486726,-5.300187969924872,0.21581032412965787,2216.5,2390.75,0.036304347826086956,0.03945652173913043
2290.5,2290.5,2290.5,2290.5,23,2023-05-22 00:00:00-04:00,2286.6,2275.65,2306.2,2322.06,2388.4325,2365.1625,2291.193918798089,2309.911605788968,2330.692333294418,2419.05397224136,46.667049760794725,46.54258976150812,86.86594202898554,88.11441577745929,-46.57039711191336,5.2639190166301475,-18.717686990878974,-18.622409577469632,-0.0952774134093417,2393.0901030037403,2306.2,2219.3098969962593,0.07535348452323344,0.409655993851659,24.361721369141833,1.0635984007483883,9.5,11.210804462712858,0.7028029083769205,178.0,100,0,0,0,12.608305458517478,50.0,0.0,-50.0,2218.17,2218.17,-0.004130434782608661,-0.004138988590444207,0.22081562808027755,0.13065350181476387,0.017886901455393955,-0.010262504050988386,-0.03568045468898007,21.45,1.0722610722610724,-0.5024483376918994,0.4246771879483501,0.3274336283185841,-4.561654135338357,0.06720288115246631,2216.5,2390.75,0.032307356472385945,0.043767736302117444
2240.5,2255.0,2240.25,2255.0,19,2023-05-23 00:00:00-04:00,2285.6,2267.775,2302.4875,2321.17,2387.0225,2364.45375,2285.625623598383,2305.8440794342296,2327.7240064985585,2417.4215944081125,41.82684357130875,43.334775171191545,66.97873082287312,82.87576051583694,-67.16417910447761,-76.97135649017008,-20.218455835846726,-18.94161882914505,-1.276837006701676,2391.4413468813937,2302.4875,2213.5336531186067,0.0772676046070986,0.23307787316203651,26.210884128488846,1.1623451941680196,50.25,30.210804462712858,7.868061957936391,159.0,0,0,0,0,12.98471242817397,42.85714285714286,0.0,-42.85714285714286,2219.8066,2219.8066,-0.015498799388779738,-0.01562016139001809,0.21711262247514443,0.18710596037017468,-0.0022123893805309214,-0.03374397429030529,-0.031877213695395534,21.6,0.8796296296296295,-0.48706340630184974,0.22094691535150646,0.17035398230088494,-4.929135338345943,-0.1458343337334875,2216.5,2390.75,0.01707317073170732,0.06019955654101995
2228.5,2231.25,2228.5,2230.0,21,2023-05-24 00:00:00-04:00,2272.45,2262.3,2298.0625,2319.435,2385.0575,2363.46625,2277.0678353524777,2300.2259994761384,2323.891692518223,2415.5567029214644,38.776697265200724,41.233375973553585,34.344698188840475,62.72979034689971,-88.4861407249467,-101.95189383466938,-23.158164123660754,-19.78492788804819,-3.3732362356125627,2392.0522434563927,2298.0625,2204.0727565436073,0.08179911856739555,0.13792591884465494,26.231535262168215,1.176302029693642,26.5,32.119895371803764,10.691463953109063,138.0,0,0,0,0,13.539738603661542,35.714285714285715,21.42857142857143,-14.285714285714286,2221.410468,2221.410468,-0.011086474501108667,-0.0111483874826143,0.21953423720411247,0.12866087905547174,-0.028639878035500388,-0.02396323448955029,-0.03817123139961187,21.85,0.9610983981693363,-0.6460358589650911,0.07747489239598278,0.059734513274336286,-5.711842105263283,-0.37117647058823733,2216.5,2390.75,0.006053811659192825,0.07208520179372198
2231.5,2233.25,2231.5,2233.25,16,2023-05-25 00:00:00-04:00,2261.75,2263.975,2294.15,2319.25,2383.2875,2362.27875,2270.326629913635,2295.264814329758,2320.337116341038,2413.7427058774697,39.395424211978586,41.619805412121295,11.142483736626025,37.48863758277987,-85.71428571428571,-82.58353064982916,-24.938184416123022,-20.815579193663158,-4.122605222459864,2392.011432648411,2294.15,2196.2885673515893,0.08531389198475317,0.18884575694493938,24.589997029156198,1.1010857283849187,3.25,48.119895371803764,15.965449864487972,154.0,0,0,0,0,14.000081641974239,28.571428571428573,14.285714285714286,-14.285714285714286,2222.98225864,2222.98225864,0.0014573991031390232,0.00145633812778403,0.2197937106708046,0.13879261771781246,-0.02339564884661638,0.007556959169862321,-0.03385247674670122,17.85,0.8963585434173669,-0.3328749026873036,0.09612625538020086,0.07411504424778761,-6.425563909774504,-0.7623769507803174,2216.5,2390.75,0.007500279861188851,0.07052501959028322
2245.0,2245.0,2245.0,2245.0,228,2023-05-26 00:00:00-04:00,2250.75,2264.65,2288.4125,2319.485,2382.485,2361.14,2266.430225311537,2291.5414947497757,2317.3827196217817,2412.063673978191,41.68980734802116,43.041613385310804,11.784720655688426,19.09063419371831,-75.69296375266524,-47.678149785070055,-25.11126943823865,-21.674717242578257,-3.4365521956603935,2383.636745205741,2288.4125,2193.1882547942587,0.08322297243677984,0.27205122547202665,23.672854384216468,1.054470128472894,11.75,48.119895371803764,16.671585022371342,382.0,100,0,0,0,14.094968004789996,21.42857142857143,7.142857142857143,-14.285714285714286,2224.5226134672002,2224.5226134672002,0.005261390350386197,0.005247597594406193,0.2050881572787336,0.1362849856586075,-0.023913043478260843,0.0030157489109796654,-0.048628032630575246,27.7,8.231046931407942,0.21963146341316808,0.16355810616929697,0.1261061946902655,-6.091917293233137,-1.1476950780312136,2216.5,2390.75,0.012694877505567928,0.06492204899777283
2227.75,2227.75,2227.75,2227.75,39,2023-05-30 00:00:00-04:00,2238.2,2262.4,2280.2625,2319.455,2382.0625,2359.7525,2260.4794214174544,2286.816198842385,2313.8677110091626,2410.2297070729355,39.335408139373925,41.484218126853634,11.085419956387726,11.337541449567391,-86.52694610778444,-82.53642665157771,-26.33677742493046,-22.6071292790487,-3.729648145881761,2366.5374203129236,2280.2625,2193.987579687076,0.07567104253385194,0.19566764124768726,23.214079071058148,1.0420414800160767,17.25,48.119895371803764,15.444859857653512,343.0,100,0,0,0,14.532682179322867,14.285714285714286,0.0,-14.285714285714286,2226.032161197856,2226.032161197856,-0.007683741648106923,-0.007713413683525481,0.19732451407086915,0.13751526298231265,-0.027395765116786763,-0.009998889012331924,-0.06817944159782496,29.0,1.3448275862068966,-0.2508152639141714,0.06766917293233082,0.049778761061946904,-5.342669172932417,-1.5845258103241349,2216.5,2382.75,0.005049938278532152,0.06957692739310964
2255.5,2255.5,2255.5,2255.5,18,2023-05-31 00:00:00-04:00,2238.3,2261.95,2273.9,2319.755,2381.99,2358.92125,2259.713356584,2284.4964804096157,2311.578781165666,2408.690107997583,44.74177731779491,44.854626869836046,42.20430107526884,21.69148056244833,-53.293413173652695,0.21988377571814852,-24.783123825615803,-23.04232818836212,-1.740795637253683,2346.724000164787,2273.9,2201.075999835213,0.06405206927726537,0.3736680218172279,23.53807342312542,1.043585609537815,27.75,48.119895371803764,13.538939575936809,361.0,100,0,0,0,14.157436495107875,7.142857142857143,50.0,42.85714285714286,2227.511517973899,2227.511517973899,0.012456514420379206,0.012379570355621313,0.20524930397490906,0.15203270191787918,0.00022172949002219333,-0.0019911504424778848,-0.05340467946700245,29.0,0.6206896551724138,0.03363414037711321,0.3326226012793177,0.17256637168141592,-4.078195488721837,-1.9283673469387477,2216.5,2355.0,0.01729106628242075,0.044114387053868324
2299.25,2299.25,2299.25,2299.25,16,2023-06-01 00:00:00-04:00,2252.15,2262.3,2272.325,2320.865,2382.13,2358.5325,2265.7959171095385,2285.589333712607,2311.095299551326,2407.6011516990993,52.004082131734705,49.65495235393809,66.66666666666669,39.98546256610775,-1.0380622837370241,109.73601624515382,-19.793416603068636,-22.392545871303422,2.599129268234787,2341.430372439527,2272.325,2203.2196275604724,0.060823493505134524,0.6948111923104218,24.981782464330745,1.0865187545647819,43.75,48.119895371803764,11.52843222651299,377.0,100,0,0,0,13.528284322809125,0.0,42.85714285714286,42.85714285714286,2227.75,2227.75,0.019397029483484873,0.01921130493435642,0.20635630637355476,0.1644821585878799,0.031053811659192743,0.0015245562452357309,-0.013514962994744195,29.0,0.5517241379310345,0.6931629839521327,0.7057569296375267,0.3661504424778761,-2.818421052631683,-2.162749099639867,2216.5,2333.75,0.035989996738066764,0.01500489289985865
2269.5,2269.5,2269.5,2269.5,16,2023-06-02 00:00:00-04:00,2259.4,2260.575,2270.775,2320.93,2380.3925,2357.975,2266.3657760157635,2284.397531215377,2309.464111333627,2406.227010886173,47.43844298468533,46.749354939327546,86.13053613053614,65.00050129082389,-42.21453287197232,17.736396245135097,-18.0317551996136,-21.520387736965457,3.488632537351858,2338.662940755343,2270.775,2202.8870592446574,0.05979274983681139,0.49060952515414347,25.322369431164265,1.1157686464491854,29.75,48.119895371803764,9.65791265388389,361.0,100,0,0,0,12.851695470897624,78.57142857142857,35.714285714285715,-42.85714285714286,2229.195,2229.195,-0.012939001848428888,-0.013023439886286736,0.20632480199449277,0.21462177827905557,0.016231948953319142,-0.007543456871105247,-0.013475331449684824,29.0,0.5517241379310345,0.6937974334076258,0.4520255863539446,0.2345132743362832,-2.4139097744361084,-2.4173589435774154,2216.5,2333.75,0.023353161489314826,0.02831020048468826
2240.5,2240.5,2240.5,2240.5,16,2023-06-05 00:00:00-04:00,2258.5,2254.625,2266.325,2319.77,2378.1475,2357.18875,2262.386425859492,2281.1458622364603,2306.7596363793673,2404.577985902231,43.43528664909787,44.10763387715239,58.741258741258754,70.51282051282054,-82.35294117647058,-64.65259780328302,-18.759436376968097,-20.968197464965986,2.208761087997889,2329.7533256913152,2266.325,2202.8966743086844,0.05597460707649205,0.29642376084715283,25.585057328938245,1.1419351630858399,29.0,48.119895371803764,8.01470804200072,345.0,100,0,0,0,12.810682625960144,71.42857142857143,28.571428571428573,-42.85714285714286,2230.6111,2230.6111,-0.012778144965851501,-0.012860487670322576,0.20444629324556773,0.2408363872669963,-0.002004454342984463,-0.025869565217391255,-0.03820562352436141,29.0,0.5517241379310345,0.28765183032000996,0.2046908315565032,0.10619469026548672,-1.9191729323308306,-2.6615366146458355,2216.5,2333.75,0.010711894666369114,0.04162017406828833
2204.75,2204.75,2204.75,2204.75,16,2023-06-06 00:00:00-04:00,2253.9,2246.05,2260.85,2317.705,2375.1325,2356.245,2253.5192834195705,2275.486909478204,2302.7592584821373,2402.5896477340493,39.05945109951816,41.101319151097684,25.407925407925422,56.759906759906784,-100.0,-136.81640204810424,-21.967626058633414,-21.168083183699473,-0.799542874933941,2325.6742624331537,2260.85,2196.025737566846,0.05734503609983304,0.06729164440667752,26.311124662585513,1.1933835882791932,35.75,48.119895371803764,6.613878151503002,329.0,100,0,0,0,13.412607531654258,100.0,21.42857142857143,-78.57142857142857,2300.0,-2300.0,-0.015956259763445613,-0.0160849314579075,0.20995726735938253,0.26294057590518954,-0.010324318258332355,-0.03743724077712285,-0.0473155449929783,29.0,0.5517241379310345,0.137095181295265,0.0,0.0,-2.0421052631579784,-2.960996398559407,2204.75,2333.75,0.0,0.058510035151377704
2209.25,2209.25,2197.0,2207.25,78,2023-06-07 00:00:00-04:00,2244.25,2241.275,2254.525,2315.015,2371.695,2355.4225,2246.400932124252,2270.4323235909296,2299.013797365191,2400.6459696471434,39.518322272923086,41.394618730704444,9.285539236639496,31.144907795274566,-90.04854368932038,-121.71277655106732,-24.031391466677633,-21.740744840295104,-2.2906466263825287,2314.1393648796047,2254.525,2194.9106351203955,0.05288419057637829,0.10349321765420762,25.306758615257973,1.1465288759885819,12.25,100.65050761670173,22.153835442266654,407.0,0,0,0,0,14.10256733217339,100.0,14.285714285714286,-85.71428571428572,2298.095,-2298.095,0.0011339154099103688,0.0011332730134016268,0.20656741086177458,0.23457650791766924,-0.02139215251607185,-0.021175166297117465,-0.0542046063203,32.1,2.4299065420560746,0.09072368794581509,0.026246719160104987,0.010515247108307046,-1.656766917293255,-3.162004801920774,2197.0,2300.0,0.004643787518405255,0.04202061388605731
2240.75,2240.75,2240.75,2240.75,16,2023-06-08 00:00:00-04:00,2232.55,2242.35,2252.325,2312.425,2368.0825,2354.74,2245.5315579512903,2268.2336329545647,2296.728942566556,2399.0549649740374,45.44619589015481,45.23193311876727,23.456425821319186,19.383296821961377,-57.52427184466019,-23.20977052621562,-22.70207500327433,-21.93301087289095,-0.7690641303833807,2310.546581050372,2252.325,2194.1034189496277,0.051699094091991304,0.4005952793519523,25.891990142739548,1.15550552907462,33.5,100.65050761670173,26.497105657372998,423.0,100,0,0,0,13.929959051913867,92.85714285714286,7.142857142857143,-85.71428571428572,2294.0512,-2294.0512,0.015177256767470837,0.015063234455779225,0.20396816124874004,0.20823568106482385,-0.025443079264977686,0.004820627802690547,-0.019258124521282394,32.1,0.4984423676012461,0.6694998069377207,0.3779527559055118,0.15141955835962145,-1.3763157894737243,-3.2014765906362537,2197.0,2300.0,0.01952471270779873,0.026442039495704565
2254.25,2254.25,2254.25,2254.25,16,2023-06-09 00:00:00-04:00,2229.5,2244.45,2254.2125,2310.31,2364.3425,2353.94875,2246.872856728015,2267.1978082912638,2295.063101681593,2397.61411955141,47.67198007606452,46.70841057472386,56.78975915465252,29.843908070870413,-44.00977995110025,26.767339674064296,-20.32495156324876,-21.61139901096251,1.2864474477137513,2310.0654934291947,2254.2125,2198.3595065708055,0.04955432855526674,0.5003357026875153,25.006847989686722,1.1093200838277353,13.5,100.65050761670173,25.865070231064408,439.0,100,0,0,0,13.442993364156134,85.71428571428572,0.0,-85.71428571428572,2290.169152,-2290.169152,0.0060247684926921785,0.0060066921425450046,0.1739112823426165,0.20661692988238375,-0.006719541749284019,0.009403335945371127,0.017031355741033094,32.1,0.4984423676012461,1.2438477386671676,0.5196850393700787,0.2082018927444795,-1.9144736842105876,-3.221848739495804,2197.0,2300.0,0.025396473328157924,0.020294998336475547
2211.25,2211.25,2211.25,2211.25,16,2023-06-12 00:00:00-04:00,2223.65,2241.075,2252.8625,2307.265,2360.0175,2352.90375,2241.3924172313973,2263.0535261956147,2291.7763133803537,2395.7597502026397,41.81930760137299,42.84538613803936,61.74521909351003,47.33046802316059,-86.0635696821516,-103.38942162716354,-21.66110896421742,-21.621341001613494,-0.0397679626039249,2311.4326449118844,2252.8625,2194.292355088116,0.05199620031127882,0.14476355605228508,26.292073133280528,1.1890140478589273,43.0,100.65050761670173,23.255140262932315,423.0,100,0,0,0,13.808006274995709,78.57142857142857,50.0,-28.571428571428573,2286.44238592,-2286.44238592,-0.019075080403681888,-0.019259356906020996,0.1842051061385559,0.23197417406844972,-0.0130551216246374,-0.015033407572383028,-0.012062995643918217,32.0,0.5,0.762016630417147,0.06824146981627296,0.027339642481598318,-2.780263157894788,-3.3246698679471627,2197.0,2300.0,0.00644431882419446,0.04013566986998304
2220.75,2220.75,2220.75,2220.75,20,2023-06-13 00:00:00-04:00,2226.85,2240.375,2251.3875,2304.005,2356.3275,2351.895,2238.216660734259,2259.9199316626064,2288.9909677575947,2394.0183596533598,43.47053075980086,43.92129331436715,55.458515283842814,57.99783117733514,-76.77261613691932,-59.99593247915404,-21.703270928347138,-21.637726986960224,-0.06554394138691322,2311.609064866778,2251.3875,2191.1659351332214,0.05349728988615102,0.24562683593679596,25.092639338046205,1.1299173404501273,9.5,100.65050761670173,20.073337979338973,443.0,100,0,0,0,13.905857823856904,71.42857142857143,42.85714285714286,-28.571428571428573,2282.8646904832003,-2282.8646904832003,0.004296212549462997,0.004287010175815339,0.18379065931380772,0.20061430706703434,0.0072570586234266266,-0.00314218381775333,-0.013109654482835187,31.95,0.6259780907668232,0.7353529220631723,0.1679790026246719,0.06729758149316509,-3.280263157894805,-3.3409243697478805,2197.0,2300.0,0.010694585162670269,0.03568614206912079
2243.75,2243.75,2243.75,2243.75,26,2023-06-14 00:00:00-04:00,2234.15,2239.2,2250.575,2301.305,2352.6775,2350.69375,2239.0679436982196,2258.7221589468577,2287.2168121592576,2392.52315209462,47.365351940003904,46.48232120275934,47.31898040012188,54.84090492582492,-54.27872860635697,15.492040949169384,-19.65421524863814,-21.24102463929581,1.5868093906576703,2310.7483121907094,2250.575,2190.4016878092903,0.05347372310694784,0.44328881233619744,24.943165099614333,1.1116730963616417,23.0,100.65050761670173,16.946842683383622,469.0,100,0,0,0,13.428227122925202,64.28571428571429,35.714285714285715,-28.571428571428573,2279.4301028638724,-2279.4301028638724,0.010356861420691255,0.010303596586778702,0.18714655539090685,0.20998707937896582,0.016536414089930895,-0.005209487918421685,-0.007190265486725633,32.45,0.8012326656394453,0.9353056885156437,0.4094488188976378,0.1640378548895899,-3.253383458646622,-3.2996518607442904,2197.0,2300.0,0.02083565459610028,0.025069637883008356
2227.75,2227.75,2227.75,2227.75,16,2023-06-15 00:00:00-04:00,2231.55,2232.05,2247.175,2298.895,2348.45,2349.42625,2237.3267215908013,2256.427924950794,2284.884780309875,2390.8836182429322,45.04051349716309,44.981825216600036,51.812734843099435,51.530076842354724,-69.92665036674816,-38.15858111632712,-19.101203359992724,-20.813060383435193,1.7118570234424695,2304.3644002416327,2247.175,2189.9855997583677,0.0508989288699211,0.33016957759718507,24.304367592499027,1.0909827221411301,16.0,100.65050761670173,14.127199818367018,453.0,100,0,0,0,13.310903605251216,57.142857142857146,28.571428571428573,-28.571428571428573,2276.1328987493175,-2276.1328987493175,-0.007130919220055709,-0.007156465743759797,0.17846786911379237,0.18960178413983803,-0.0058016289188888015,-0.031097096879417196,-0.02961994990743766,32.45,0.49306625577812013,0.5681136358620082,0.24146981627296588,0.09674027339642481,-2.866165413533915,-3.357755102040826,2197.0,2300.0,0.01380316462798788,0.032431825833239815
2252.5,2252.5,2252.5,2252.5,16,2023-06-16 00:00:00-04:00,2231.2,2230.35,2245.4625,2297.635,2344.325,2348.82125,2239.6610721152933,2256.1369675470314,2283.6147889251743,2389.5066668176296,49.19465528953761,47.7227929753135,71.31782945736435,56.81651490019524,-45.721271393643036,43.348623853211606,-16.47589543173808,-19.94562739309577,3.469731961357688,2299.7886619756096,2245.4625,2191.1363380243906,0.04838750322092617,0.564770818921089,24.336198478749093,1.0804083675360308,24.75,100.65050761670173,11.689418662826853,469.0,100,0,0,0,12.596878569208174,50.0,21.42857142857143,-28.571428571428573,2272.9675827993447,-2272.9675827993447,0.011109864212770715,0.011048602989663757,0.18360059936533127,0.2045010862714719,-0.000776311411777808,-0.0074906367041198685,-0.014977588280310483,32.45,0.49306625577812013,0.808596063070325,0.5013123359580053,0.20084121976866456,-2.1652255639098152,-3.4262545018007176,2197.0,2300.0,0.024639289678135404,0.021087680355160933
2217.5,2217.5,2217.5,2217.5,16,2023-06-20 00:00:00-04:00,2232.45,2228.05,2241.3375,2295.485,2339.7925,2348.2,2236.2516764052484,2253.274969950955,2281.022052104579,2387.7951576950663,44.116382064239104,44.43570051906596,46.124031007751945,56.41819843607192,-79.95110024449878,-67.92237442922375,-17.023293545706565,-19.361160623617927,2.337867077911362,2290.782235564056,2241.3375,2191.892764435944,0.04412074090943994,0.2589480484821434,25.097898587409873,1.131810533817807,35.0,100.65050761670173,9.629470129848897,453.0,100,0,0,0,12.648405884782639,42.85714285714286,14.285714285714286,-28.571428571428573,2269.928879487371,-2269.928879487371,-0.015538290788013276,-0.01566027529875838,0.18913886039298577,0.18436403615098867,0.002826455624646673,-0.010265565721937042,-0.035869565217391264,32.4,0.4938271604938272,0.4614811692901455,0.1349206349206349,0.05362776025236593,-1.7035714285714945,-3.547791116446576,2197.0,2299.25,0.009244644870349492,0.036865839909808344
2223.0,2223.0,2223.0,2223.0,16,2023-06-21 00:00:00-04:00,2232.9,2229.875,2237.9625,2293.45,2335.4575,2347.92875,2234.212956958287,2251.032379584218,2278.7466775122425,2386.15540488218,45.07587247126528,45.06009337877709,38.571428571428584,52.004429678848304,-74.57212713936431,-43.069873997709465,-16.819422625930656,-18.852813024080472,2.033390398149816,2282.494307452653,2237.9625,2193.430692547347,0.039796741413364235,0.33200210303715544,23.698048688309168,1.0660390772968587,5.5,100.65050761670173,7.9113575363716535,469.0,100,0,0,0,12.556965057190256,35.714285714285715,7.142857142857143,-28.571428571428573,2267.011724307876,-2267.011724307876,0.002480270574971799,0.0024771997804620073,0.18949405938824707,0.18252359508831328,0.0010131712259371373,0.008277582492346003,-0.029469548133595258,32.05,0.49921996879875197,0.5961654984896935,0.1931216931216931,0.07676130389064142,-1.1892857142858237,-3.64667466986794,2197.0,2299.25,0.011695906432748537,0.034300494826810614
2203.0,2203.0,2203.0,2203.0,16,2023-06-22 00:00:00-04:00,2224.75,2229.45,2235.3625,2291.605,2331.1,2347.56125,2229.410963580089,2247.4744255409423,2275.776219570586,2384.3329630425565,42.23604867849649,43.206281827396914,5.238095238095251,29.9778516057586,-91.72413793103449,-99.99039385206571,-18.063461960853147,-18.694942811435006,0.631480850581859,2281.649235410905,2235.3625,2189.0757645890953,0.041413180556535985,0.15041280495690568,23.433902353429943,1.0637268430971376,20.0,100.65050761670173,6.489278972097168,453.0,100,0,0,0,12.871752872476359,28.571428571428573,0.0,-28.571428571428573,2264.211255335561,-2264.211255335561,-0.008996851102114234,-0.00903756716185343,0.18442783108256075,0.16601290242250458,-0.01816155988857937,-0.0019254728734851012,-0.023059866962305997,31.9,0.5015673981191223,0.7466930692426808,0.0,0.0,-1.4197368421053087,-3.855090036014421,2197.0,2299.25,0.0027235587834770767,0.04369042215161144
2168.25,2168.25,2168.25,2168.25,30,2023-06-23 00:00:00-04:00,2212.85,2222.2,2232.275,2288.65,2326.8325,2347.1625,2220.0015845677676,2241.6059495749464,2271.559505077622,2382.182883808302,37.78212171236771,40.18978229331128,5.238095238095251,16.34920634920637,-100.0,-199.8679867986794,-21.604365007178785,-19.27682725058376,-2.3275377565950244,2287.0417554270007,2232.275,2177.5082445729995,0.049068108030597114,-0.08452431133463759,24.242195042470662,1.1180535013246011,34.75,100.65050761670173,5.317585107430602,423.0,100,0,0,0,13.790703321598901,100.0,0.0,-100.0,2261.5228051221384,-2261.5228051221384,-0.01577394462097137,-0.015899677237777958,0.18849934019046405,0.18749391388257086,-0.02670856245090336,-0.032355238201494996,-0.02769058295964122,32.35,0.9273570324574961,0.5062906951368217,0.0,0.0,-2.463157894736872,-4.085594237695095,2168.25,2299.25,0.0,0.06041738729390061
2149.5,2149.5,2149.5,2149.5,16,2023-06-26 00:00:00-04:00,2192.25,2211.725,2228.0875,2284.325,2321.9375,2346.805,2209.1551869419573,2234.7832866434687,2266.772857819676,2379.867631233095,35.60065332358279,38.66059505519298,1.1842378929335004e-14,3.492063492063512,-99.99999999999999,-201.39437601673197,-25.628099701511474,-20.547081740769304,-5.0810179607421695,2293.6573625513233,2228.0875,2162.517637448677,0.05885752920504535,-0.09926540137618564,23.849895396579903,1.1095554964680112,18.75,100.65050761670173,4.354838971209688,407.0,100,0,0,0,14.9508347465735,100.0,28.571428571428573,-71.42857142857143,2255.92643681481,-2255.92643681481,-0.00864752680733305,-0.008685133628228849,0.18992053732762998,0.11776074219407523,-0.04572697003329629,-0.046467783076411195,-0.037501399305944205,32.35,0.4945904173106646,0.3446118805692685,0.0,0.0,-3.6302631578947167,-4.224189675870369,2149.5,2299.25,0.0,0.06966736450337288
2170.0,2173.0,2159.5,2170.0,166,2023-06-27 00:00:00-04:00,2182.75,2207.6,2224.3375,2280.145,2317.5525,2346.45375,2203.13131202781,2229.9845246698783,2262.977843787532,2377.7793960964473,39.70002225718336,41.22779040881708,9.297052154195024,4.845049130763436,-80.42959427207637,-121.78675920255813,-26.85321264206823,-21.80830792102909,-5.0449047210391385,2294.0568077633407,2224.3375,2154.6181922366595,0.06268770612673712,0.11031239592591348,23.824902868252767,1.097921791163722,23.5,192.87272983892396,32.908528170625516,573.0,100,0,0,0,15.35548270949225,92.85714285714286,21.42857142857143,-71.42857142857143,2247.4123218696254,-2247.4123218696254,0.009537101651546864,0.009491910598168996,0.1926284955047281,0.16072660796909452,-0.021420518602029315,-0.0186546071226682,-0.03340757238307346,29.25,5.6752136752136755,0.7281737548379951,0.13689482470784642,0.06996587030716724,-4.1930451127819985,-4.261332533013211,2149.5,2299.25,0.00944700460829493,0.05956221198156682
2148.25,2148.25,2148.25,2148.25,100,2023-06-28 00:00:00-04:00,2167.8,2200.35,2220.3625,2275.555,2312.98,2345.81625,2194.688033254301,2223.9301154350724,2258.4787126586093,2375.495521508423,37.00833167307192,39.39119612907804,9.297052154195024,6.1980347694633595,-100.0,-135.825651530671,-29.242082180771376,-23.29506277297755,-5.947019407793828,2297.518911755587,2220.3625,2143.2060882444134,0.06949893249916332,0.03268627739950178,23.67669552052043,1.10213874179078,21.75,192.87272983892396,41.59789846396603,473.0,100,0,0,0,15.935306873351553,100.0,14.285714285714286,-85.71428571428572,2239.5793361200554,-2239.5793361200554,-0.010023041474654382,-0.010073610341172835,0.19377950526966475,0.15186069102872246,-0.033625730994152,-0.032646628391309274,-0.035686230501627225,32.3,3.0959752321981426,0.025535531648726906,0.0,0.0,-5.2261278195489265,-4.332641056422554,2148.25,2299.25,0.0,0.07028977074362854
2135.25,2140.0,2126.0,2126.0,109,2023-06-29 00:00:00-04:00,2152.4,2188.575,2213.8875,2269.5,2308.74,2345.08375,2184.12064352287,2216.6760328102523,2253.2834690249383,2373.0129790058513,34.43613471347071,37.59239474405193,9.297052154195024,9.29705215419503,-100.0,-136.03800630708145,-32.55538928738224,-25.147128075858486,-7.4082612115237545,2299.440623116614,2213.8875,2128.3343768833856,0.07728768793953097,-0.013642850186799905,23.57478869762611,1.1088799951846713,22.25,83.87272983892396,6.689195541790255,364.0,0,0,0,0,16.862908198226997,100.0,7.142857142857143,-92.85714285714286,2230.4464025080497,-2230.4464025080497,-0.010357267543349202,-0.01041127729143913,0.18845280214100157,0.1534105479425061,-0.03495233772128914,-0.05247910863509753,-0.05741520727111504,36.85,2.9579375848032563,-1.3276238901431618,0.0,0.0,-6.019360902255685,-4.309363745498198,2126.0,2299.25,0.0,0.08149106302916274
2097.0,2129.25,2097.0,2114.75,93,2023-06-30 00:00:00-04:00,2141.7,2177.275,2204.6625,2262.945,2304.73,2344.16,2173.4482368270437,2209.1259563057893,2247.850783965137,2370.443198120221,33.18041220081133,36.702594308029006,7.785087719298257,8.793064009229443,-88.58520900321544,-134.27536871853806,-35.67771947874553,-27.253246356435895,-8.424473122309635,2291.191292173486,2204.6625,2118.1337078265137,0.07849617995814433,-0.019552496582464437,24.194446647795676,1.1440807021064274,32.25,93.24482286217977,-5.217716559135738,271.0,0,0,0,0,18.185540031512183,100.0,0.0,-100.0,2217.9128342070835,-2217.9128342070835,-0.00529162746942613,-0.005305677717769315,0.16912111869745522,0.13249238647949504,-0.024674276490257108,-0.05072382448658963,-0.08024355768185276,40.7,2.285012285012285,-2.13009771653555,0.0,0.0,-6.087781954887254,-4.249807923169249,2097.0,2269.5,0.008393427119044804,0.07317649840406668
2111.5,2114.0,2111.5,2112.75,18,2023-07-03 00:00:00-04:00,2134.35,2163.3,2196.825,2256.755,2300.6725,2343.4275,2164.11004654596,2201.9869965794346,2242.5527140057197,2367.8790866961394,32.95037304001332,36.54114301699018,14.692982456140362,10.591707443211222,-89.87138263665595,-111.5820784532444,-37.876950033474714,-29.377987091843657,-8.498962941631056,2286.771247837253,2196.825,2106.8787521627464,0.08188749475925793,0.0326375361864837,22.698414744381697,1.0743540288430575,3.25,93.24482286217977,-9.61438818595677,253.0,0,0,0,-100,19.413698162419855,92.85714285714286,28.571428571428573,-64.28571428571429,2200.985037418092,-2200.985037418092,-0.0009457382669346703,-0.0009461857595322722,0.16615815559981936,0.13023802813671567,-0.01709699930216324,-0.06204217536071033,-0.06906807666886983,40.8,0.44117647058823534,-1.9400969757655118,0.0,0.0,-6.377067669172955,-4.213073229291733,2097.0,2254.25,0.007454739084132056,0.06697432256537687
2120.0,2120.75,2119.25,2119.25,18,2023-07-05 00:00:00-04:00,2124.2,2153.475,2190.7625,2251.405,2297.1825,2342.57,2157.2085009235047,2195.8583301661433,2237.717313456476,2365.405165435481,34.53881697814753,37.479652791632475,29.16452717158752,17.214199115675388,-85.69131832797429,-87.41364084982617,-38.64982924263859,-31.232355522002642,-7.417473720635947,2284.3861448500047,2190.7625,2097.138855149995,0.08547128668671744,0.11808525979430462,21.648527976925863,1.0215183662581508,8.0,75.24482286217977,-16.266264016387467,271.0,0,0,0,0,20.322636230573682,85.71428571428572,21.42857142857143,-64.28571428571429,2186.427132179559,-2186.427132179559,0.0030765589871020182,0.0030718360639231668,0.16395765718629518,0.09231080322024429,-0.023387096774193594,-0.044306651634723804,-0.05411738451238568,40.9,0.4400977995110025,-1.6802685945440514,0.045936395759717315,0.023381294964028777,-6.795676691729352,-4.218259303721507,2097.0,2254.25,0.010498997286775983,0.0637017812905509
2111.0,2111.0,2103.0,2103.0,21,2023-07-06 00:00:00-04:00,2115.15,2141.475,2185.675,2245.96,2293.3375,2341.76375,2148.8687315506577,2188.9799353390217,2232.434281556222,2362.7941687644816,32.46793707579477,36.0790004250274,26.030602242986944,23.296037290238285,-96.14147909967846,-99.02651896609616,-40.11120378836404,-33.00812517527492,-7.103078613089117,2286.487586019794,2185.675,2084.8624139802064,0.0922484687977799,0.08995695247928882,21.26291883571687,1.0110755509137836,16.25,54.244822862179774,-24.190552854619355,250.0,0,0,0,0,21.449914092151754,78.57142857142857,14.285714285714286,-64.28571428571429,2173.907333674421,-2173.907333674421,-0.007667807007195937,-0.007697355785815151,0.15760438401193264,0.08499197995790773,-0.021063656464564207,-0.053981106612685514,-0.04615035718335414,41.15,0.5103280680437424,-1.5859923854800364,0.0,0.0,-7.828571428571468,-4.264153661464575,2097.0,2254.25,0.0028530670470756064,0.07192106514503091
2111.25,2111.25,2111.25,2111.25,16,2023-07-07 00:00:00-04:00,2112.2,2132.3,2180.875,2241.6,2290.16,2341.1425,2143.081234389018,2183.222162350946,2227.6819567893112,2360.291241712099,34.611489772892995,37.3275374965182,33.851389676687475,29.682173030420653,-90.83601286173634,-79.56039265898433,-40.1409279619279,-34.434685732605516,-5.706242229322385,2286.1638289421094,2180.875,2075.5861710578906,0.09655650043410043,0.1693618843539342,20.333424633165667,0.9630988576987883,8.25,54.244822862179774,-25.233166210748827,266.0,100,0,0,0,22.48726851902011,71.42857142857143,7.142857142857143,-64.28571428571429,2163.140306960002,-2163.140306960002,0.003922967189728954,0.003915292419310043,0.15872035625024364,0.08055757596851162,-0.0069379115710254124,-0.04164775306400359,-0.04349303431872242,38.05,0.42049934296977665,-1.611670312417382,0.05454545454545454,0.028670721112076455,-8.551127819548917,-4.377142857142834,2097.0,2254.25,0.00674955595026643,0.06773238602723505
2115.5,2115.5,2115.5,2115.5,16,2023-07-10 00:00:00-04:00,2112.35,2127.025,2174.6125,2237.54,2287.425,2340.57875,2138.837967559938,2178.2057058805053,2223.282664366201,2357.85550796372,35.74301478585764,37.98276865103325,42.85402336499619,34.24533842822354,-85.31746031746032,-66.66159309994953,-39.36773832056724,-35.42129625019786,-3.946442070369379,2279.8105839891878,2174.6125,2069.4144160108126,0.09675110760118188,0.2190419361341417,19.184608587939547,0.9068593045587117,4.25,54.244822862179774,-23.36576565546099,282.0,100,0,0,0,23.281527459346602,64.28571428571429,0.0,-64.28571428571429,2153.8806639856016,-2153.8806639856016,0.002013025458851292,0.002011002038112238,0.14600308237250081,0.07469668761164222,0.00035465185010052913,-0.024328375417963843,-0.05589646323775521,38.05,0.42049934296977665,-1.8222980133552946,0.08264462809917356,0.043440486533449174,-8.539661654135413,-4.485522208883554,2097.0,2254.25,0.008744977546679272,0.06558733160009454
2127.5,2127.5,2127.5,2127.5,16,2023-07-11 00:00:00-04:00,2115.3,2124.825,2168.275,2233.86,2284.89,2340.3175,2137.0936648584093,2174.4497276671345,2219.5264814498796,2355.5634133571157,38.95511435976553,39.847236833770964,71.53619390763185,49.41386898310518,-75.7936507936508,-34.52401797700354,-37.356062808725255,-35.80824956190334,-1.5478132468219172,2268.6815361418276,2168.275,2067.8684638581726,0.09261420819944653,0.29695046972637273,18.671422260229576,0.8776226679308848,12.0,54.244822862179774,-20.4776685505286,298.0,100,0,0,0,23.539490383779924,57.142857142857146,7.142857142857143,-50.0,2145.9173710276173,-2145.9173710276173,0.005672417868116231,0.00565639028740698,0.14572470095279078,0.08325821213448366,0.006981422316885588,-0.010234938357757573,-0.056227126538760164,38.05,0.42049934296977665,-1.8279356233485098,0.16387959866220736,0.08514335360556038,-7.955263157894827,-4.563313325330129,2097.0,2252.5,0.014336075205640423,0.05875440658049354
2193.75,2193.75,2193.75,2193.75,16,2023-07-12 00:00:00-04:00,2130.2,2127.2,2167.4,2230.54,2283.28,2340.2475,2145.810024110962,2175.879377469569,2218.5156390400803,2353.9533296421196,52.941265524280865,48.77457714092859,90.14084507042254,68.17702078101688,-8.726415094339622,132.71028037383164,-30.06935335860726,-34.66047032124412,4.59111696263686,2266.5909018005036,2167.4,2068.2090981994966,0.09152985309633987,0.6328246821114502,22.069892098784607,1.006034967465965,66.25,54.244822862179774,-17.43456804846275,314.0,100,0,0,0,22.022199393387357,50.0,0.0,-50.0,2097.0,2097.0,0.031139835487661527,0.030664826766646693,0.17718307368460384,0.22921704364526868,0.03515394597145227,0.010944700460829404,-0.007914075749010707,38.05,0.42049934296977665,-1.0244969690870152,0.6070234113712375,0.315377932232841,-6.912781954887291,-4.3493877551020415,2097.0,2252.5,0.0441025641025641,0.02678062678062678
2242.0,2242.0,2242.0,2242.0,16,2023-07-13 00:00:00-04:00,2158.0,2136.575,2168.4625,2227.565,2282.075,2340.67,2160.608481940045,2180.7772013607123,2219.4365943718417,2352.8393661630935,60.10953258458791,53.99571896639491,100.0,87.22567965935148,-0.0,219.85114482131698,-20.168719420667458,-31.762120141128786,11.593400720461329,2270.3354938452712,2168.4625,2066.589506154729,0.09395873236938258,0.8609273528943876,23.939899806014278,1.0677921412138394,48.25,54.244822862179774,-14.6047025659392,330.0,100,0,0,0,21.679976099688222,42.85714285714286,100.0,57.142857142857146,2098.935,2098.935,0.02199430199430208,0.02175591641792936,0.19369106839778807,0.20494989283741488,0.06609605325725165,0.04364017223321315,0.009568839356073333,37.85,0.42272126816380445,-0.7585123881674417,0.9297658862876255,0.4968722073279714,-5.004699248120343,-3.930072028811511,2097.0,2252.5,0.06467439785905442,0.004683318465655665
2235.0,2235.0,2235.0,2235.0,16,2023-07-14 00:00:00-04:00,2182.75,2147.475,2168.025,2224.61,2280.9875,2341.21375,2172.0533308723457,2184.7937049636225,2220.0469240043185,2351.6668351564954,58.71223800555414,53.1701790398409,98.15546772068512,96.09877093036924,-4.827586206896552,163.82119682768518,-12.740374091276863,-27.9577709311584,15.217396839881538,2268.6686659705774,2168.025,2067.3813340294228,0.0928436396910343,0.8327333089177202,22.729906962727544,1.0169980743949683,7.0,54.244822862179774,-12.119330089821446,314.0,100,0,0,0,21.16689343057879,35.714285714285715,92.85714285714286,57.142857142857146,2104.6576,2104.6576,-0.003122212310437078,-0.003127096584435981,0.19051974550345227,0.22916794598545098,0.05861456483126104,0.05126999059266235,-0.003899721448467952,37.35,0.428380187416332,-1.0777461820724077,0.882943143812709,0.5720476706392199,-2.865413533834654,-3.532533013205278,2097.0,2252.5,0.06174496644295302,0.007829977628635347
2207.0,2207.0,2207.0,2207.0,36,2023-07-17 00:00:00-04:00,2201.05,2156.7,2166.9875,2222.135,2278.9425,2341.755,2177.4297415073693,2186.438615707058,2219.535279925718,2350.227364159913,53.36817410549647,49.96193570513552,87.96623919084523,95.37390230384347,-24.137931034482758,89.97007554355795,-9.008874199688762,-24.167991584864474,15.159117385175712,2265.5534011778295,2166.9875,2068.421598822171,0.09097043815696153,0.7029733382532088,23.106342179675575,1.0469570539046478,28.0,54.244822862179774,-10.000829523244057,278.0,100,0,0,0,19.94379134128179,28.571428571428573,85.71428571428572,57.142857142857146,2110.151296,2110.151296,-0.012527964205816589,-0.012607100790932841,0.19408099071874843,0.28395169448792956,0.04325218624438665,0.04362217756235953,-0.009314330602625986,38.35,0.938722294654498,-1.4146581859609135,0.6956521739130435,0.4507042253521127,-1.3656015037594194,-3.314033613445376,2097.0,2252.5,0.04984141368373358,0.02061622111463525
2164.25,2164.25,2164.25,2164.25,26,2023-07-18 00:00:00-04:00,2208.4,2161.85,2162.575,2219.41,2276.97,2342.005,2175.402088967774,2184.795014543572,2217.3672297325525,2348.376843123496,46.42083181700506,45.555315480918466,54.6329058575119,80.25153758968077,-53.62068965517241,20.364280293447763,-9.392925575798017,-21.212978383051183,11.820052807253166,2252.9983238716723,2162.575,2072.1516761283274,0.08362560731689994,0.5092619908685138,24.509460595413035,1.1324690121479974,42.75,54.244822862179774,-8.225003880258384,252.0,100,0,0,0,19.200412988030184,21.42857142857143,78.57142857142857,57.142857142857146,2115.42524416,2115.42524416,-0.019370185772541904,-0.01956024616085324,0.2001735332233412,0.3486722001540416,0.017273795534665126,0.024375813513193734,-0.039178690344062184,38.85,0.6692406692406692,-2.0960408434513345,0.44064748201438847,0.26543878656554715,-0.05451127819553184,-3.258319327731102,2097.0,2242.0,0.031073120018482153,0.03592468522582881
2137.25,2137.25,2137.25,2137.25,16,2023-07-19 00:00:00-04:00,2197.1,2163.65,2158.5625,2215.565,2274.945,2341.7275,2169.5325368188855,2181.2731616144188,2214.2253775861777,2346.2760785153023,42.64496679255951,43.038012343441565,23.144104803493452,55.24774995061688,-72.24137931034483,-22.64637391882928,-11.740624795533222,-19.318507665547592,7.5778828700143706,2245.9518407401697,2158.5625,2071.1731592598303,0.08096994248734489,0.3780600710596537,24.687356267169246,1.155099135205018,27.0,54.244822862179774,-6.750802128104397,236.0,100,0,0,0,19.03700224604509,14.285714285714286,71.42857142857143,57.142857142857146,2120.4882343936,2120.4882343936,-0.012475453390319968,-0.012553925189540073,0.19768996021976046,0.2573461670679662,-0.025754985754985804,0.008493570838740139,-0.03618940248027058,38.85,0.4118404118404118,-2.0470354450882415,0.24640287769784172,0.14842903575297942,0.4509398496240386,-3.1820288115246,2097.0,2242.0,0.018832612001403674,0.04901158030178968
2143.25,2143.25,2143.25,2143.25,16,2023-07-20 00:00:00-04:00,2177.35,2167.675,2154.575,2212.145,2273.4325,2341.6575,2165.48906961598,2178.4566311244616,2211.442029445543,2344.255918530075,43.740119096001955,43.7631067654699,2.046035805626603,26.607682155544,-68.10344827586206,-14.559613583715072,-12.967561508481595,-18.048318434134394,5.0807569256528,2236.9749544903093,2154.575,2072.1750455096903,0.0764883603404936,0.43128030185179483,23.352545105228586,1.0895856808691746,6.0,54.244822862179774,-5.534010308759186,252.0,100,0,0,0,18.72542931650351,7.142857142857143,64.28571428571429,57.142857142857146,2125.348705017856,2125.348705017856,0.0028073458884079194,0.002803412652522164,0.19778657207593683,0.13884715588207536,-0.0440454950936664,0.01913932477413227,-0.03587494376968059,38.85,0.4118404118404118,-2.0418022400732636,0.289568345323741,0.1744312026002167,1.2496240601503092,-3.1105042016806688,2097.0,2242.0,0.02157937711419573,0.046074886270850345
2148.0,2148.0,2148.0,2148.0,16,2023-07-21 00:00:00-04:00,2159.95,2171.35,2151.825,2208.43,2271.6425,2341.3325,2162.798443521214,2176.2005843745014,2208.9541067221885,2342.3031233208208,44.641308025355364,44.351938392149684,7.1834312656027075,10.791190624907605,-67.62589928057554,-11.243862399975834,-13.40214085328762,-17.119082917965038,3.7169420646774185,2231.1922004042194,2151.825,2072.45779959578,0.07376733740357103,0.47590314399072303,22.023791883426547,1.025316195690249,4.75,54.244822862179774,-4.533139990958034,268.0,100,0,0,0,18.30459674050479,0.0,57.142857142857146,57.142857142857146,2130.014756817142,2130.014756817142,0.0022162603522688507,0.0022138080698900853,0.1963384563470548,0.1569288579121172,-0.03892617449664426,0.01740674955595023,-0.024965955515206528,38.85,0.4118404118404118,-1.8623924568031343,0.3237410071942446,0.22842639593908629,1.9203007518796464,-2.963625450180078,2097.0,2242.0,0.023743016759776536,0.043761638733705775
2153.75,2153.75,2153.75,2153.75,16,2023-07-24 00:00:00-04:00,2149.3,2175.175,2151.1,2205.81,2269.945,2340.365,2161.4063752871807,2174.5375781245384,2206.7892397919068,2340.426972840017,45.773672282173834,45.08281092677549,27.553801635973077,12.26108956906748,-63.48920863309353,-6.7241151148575495,-13.131202837357705,-16.32150690184357,3.190304064485865,2230.117941000768,2151.1,2072.082058999232,0.07346747338642381,0.5167683437864721,20.861378177467508,0.9686072282051077,5.75,54.244822862179774,-3.711589407225013,284.0,100,0,0,0,17.74858647871725,14.285714285714286,50.0,35.714285714285715,2134.494166544456,2134.494166544456,0.0026769087523277335,0.002673332213384058,0.18894695893888255,0.16539273167334823,-0.024127775260534667,0.018080831954620624,-0.006687420731004257,38.15,0.4193971166448231,-1.3463435781367492,0.36510791366906475,0.25761421319796957,2.20714285714283,-2.905378151260492,2097.0,2242.0,0.026349390597794543,0.04097504352872896
2184.0,2184.0,2184.0,2184.0,15,2023-07-25 00:00:00-04:00,2153.25,2180.825,2152.825,2205.16,2267.9925,2339.48875,2164.8823175506914,2175.2384982634617,2205.8955441137928,2338.8704855480764,51.40527115332962,48.797556877277934,58.841099163679814,31.192777355085216,-41.726618705035975,40.40943897484016,-10.35618071277031,-15.128441664028918,4.772260951258607,2233.123832494648,2152.825,2072.5261675053516,0.07459856931673332,0.694118638039214,21.531994021934114,0.9858971621764705,30.25,54.244822862179774,-3.038083313222856,299.0,100,0,0,0,16.550909655284023,7.142857142857143,42.85714285714286,35.714285714285715,2138.794399882678,2138.794399882678,0.014045269878119493,0.013947549022656219,0.192732308362265,0.14969197457790256,0.00912556312810442,0.026556991774383087,0.016050244242847178,38.1,0.39370078740157477,-0.9973041010476281,0.5827338129496403,0.41116751269035534,2.65187969924808,-2.930516206482597,2097.0,2242.0,0.03983516483516483,0.026556776556776556
2155.5,2155.5,2155.5,2155.5,15,2023-07-26 00:00:00-04:00,2156.9,2177.0,2152.1,2203.505,2265.875,2338.49125,2163.4388840813544,2173.776387280983,2203.919248266193,2337.0459036023244,46.50494671754582,45.73702101668772,63.724153601454226,50.03968480036906,-66.1567877629063,-20.094670942128335,-10.337503199628372,-14.170253971148808,3.832750771520436,2232.026434926144,2152.1,2072.173565073856,0.07427762178908405,0.5212695587082162,22.029708734653106,1.022023137770963,28.5,54.244822862179774,-2.486368700838085,284.0,100,0,0,0,15.987491775113615,0.0,35.714285714285715,35.714285714285715,2142.922623887371,2142.922623887371,-0.013049450549450503,-0.013135342677606306,0.19590430414964197,0.15316871655668227,0.008539010410574255,-0.017435897435897463,-0.006682027649769551,30.55,0.4909983633387889,-2.776204733446165,0.3776978417266187,0.26649746192893403,2.961278195488702,-2.9663265306122435,2097.0,2242.0,0.027139874739039668,0.040129900255161215
2151.75,2151.75,2151.75,2151.75,26,2023-07-27 00:00:00-04:00,2158.6,2167.975,2152.275,2201.535,2263.695,2337.77125,2161.6405942226847,2172.144803037947,2201.8733953930086,2335.202163267973,45.88513429231762,45.344108406589,46.826005453306074,56.463752739480064,-71.34387351778656,-35.54687500000012,-10.504208815262245,-13.437044939971496,2.932836124709251,2232.182274387251,2152.275,2072.3677256127494,0.07425377740971828,0.49671494238774927,20.724015253606456,0.9631237482796077,3.75,54.244822862179774,-2.0346337502408502,258.0,100,0,0,0,15.551429696331976,0.0,28.571428571428573,28.571428571428573,2146.8857189318765,2146.8857189318765,-0.0017397355601947995,-0.001741250657605396,0.19260985343843923,0.15456644740918415,0.003965939577744049,-0.0402542372881356,0.001629233096706706,26.85,0.9683426443202979,-1.8191337105457919,0.35071942446043164,0.24746192893401014,2.8954887218044885,-2.9736254501800548,2097.0,2242.0,0.025444405716277447,0.04194260485651214
2177.5,2184.5,2177.5,2178.5,44,2023-07-28 00:00:00-04:00,2164.7,2162.325,2154.9,2199.905,2261.7925,2337.37375,2164.2343489576565,2172.6155583684695,2200.9567916521064,2333.642937762819,50.911122133770725,48.64829652719854,40.71913522429844,50.423098093019604,-55.45851528384279,16.250170695070704,-8.381209410812971,-12.425877834139792,4.04466842332682,2234.6313301030227,2154.9,2075.1686698969775,0.0740000279391365,0.6479970293327969,21.58301416406314,0.9907282150132266,32.75,22.816251433608343,-11.664866384065547,302.0,0,0,0,0,14.610394822465704,0.0,21.42857142857143,21.42857142857143,2150.6902901746016,2150.6902901746016,0.012431741605669844,0.012355102027912982,0.19310610239744389,0.17588305824967754,0.014199255121042809,-0.025279642058165575,0.02469426152398868,23.6,1.8644067796610169,-0.1431949176712557,0.5431654676258992,0.383248730964467,2.855263157894698,-2.8846458583433567,2097.0,2242.0,0.03741106265779206,0.029148496672022035
2230.5,2230.5,2230.5,2230.5,21,2023-07-31 00:00:00-04:00,2180.05,2164.675,2160.6875,2198.6,2260.81,2337.3,2174.4290645026326,2176.90329478562,2202.11534884222,2332.616639874632,58.9019273552717,54.28881607033754,64.03201865988126,50.52571977916195,-10.978520286396181,111.45188466708325,-2.474230282987264,-10.435548323909286,7.961318040922022,2244.614681979389,2160.6875,2076.760318020611,0.07768562735646772,0.9159111407859777,23.755656009487204,1.065037256645918,52.0,22.816251433608343,-14.544064608442412,323.0,100,0,0,0,14.743450770116203,0.0,14.285714285714286,14.285714285714286,2151.75,2151.75,0.023869635070002282,0.023589209010822638,0.2071553463933298,0.23032066351677202,0.035635519442832164,0.010647938377888577,0.05473460219884152,20.0,1.05,0.8501887734554223,0.9172661870503597,0.6472081218274112,3.3013157894736094,-2.5779351740696184,2103.0,2242.0,0.05716207128446537,0.0051557946648733465
2198.5,2198.5,2198.5,2198.5,34,2023-08-01 00:00:00-04:00,2182.95,2168.1,2164.975,2196.835,2259.52,2336.73125,2178.1322853483816,2178.503050727426,2201.973570456251,2331.282145945531,53.16636832524281,50.69106119590091,80.34815622601883,61.69977003673287,-41.52744630071599,38.94776189141196,-0.3707653790443146,-8.422591734936292,8.051826355891977,2247.416479244394,2164.975,2082.533520755606,0.07615928982495783,0.7033260459860063,24.34453772309526,1.1073248907480218,32.0,22.816251433608343,-14.399730735829088,289.0,100,0,0,0,14.054888576191932,35.714285714285715,7.142857142857143,-28.571428571428573,2155.36,2155.36,-0.014346559067473619,-0.014450465947454603,0.215613629822931,0.2624312333097415,0.006639194139194116,0.015825343652535517,0.0405869127913856,20.8,1.6346153846153846,0.37942905396614335,0.6870503597122302,0.4847715736040609,3.084586466165394,-2.3622929171668585,2103.0,2242.0,0.04343870821014328,0.019786217875824425
2150.5,2150.5,2150.5,2150.5,33,2023-08-02 00:00:00-04:00,2181.95,2169.425,2166.5375,2193.845,2257.965,2335.54375,2173.8811645255537,2176.4287506735427,2199.9549990658097,2329.4833186226897,45.940099381561176,45.90017255837662,53.121693121693134,65.83395600253111,-86.44501278772378,-58.41020813722337,-2.5475861479890227,-7.247590617546838,4.700004469557816,2246.6036094034416,2166.5375,2086.471390596558,0.0739115841783876,0.39984838704233006,26.03421360001703,1.2106121181128588,48.0,22.816251433608343,-13.031618630139182,256.0,100,0,0,0,13.708997711047092,28.571428571428573,0.0,-28.571428571428573,2242.0,-2242.0,-0.021833068000909672,-0.022074936397073766,0.2316200008484737,0.2979714684771304,-0.00231964741359314,0.006199555503567655,0.014745782706146127,21.55,1.531322505800464,-0.39644025183171216,0.34172661870503596,0.24203821656050956,2.1558270676691285,-2.2186674669867994,2103.0,2242.0,0.022087886538014415,0.0425482445942804
2168.25,2168.25,2168.25,2168.25,33,2023-08-03 00:00:00-04:00,2185.25,2171.925,2169.8,2191.4,2256.73,2334.69625,2173.0148315216225,2175.8229172903175,2198.7116657691113,2327.879006994603,48.715981242477696,47.81520056862054,27.18419312169313,53.551347489801735,-66.75603217158177,-3.7452599864938847,-2.8080857686950367,-6.359689647776478,3.5516038790814415,2244.3733866737834,2169.8,2095.226613326217,0.06873756721705526,0.4896075525791757,25.442484057158673,1.173411002290265,17.75,22.816251433608343,-11.287243802344285,289.0,100,0,0,0,12.986439535488575,21.42857142857143,0.0,-21.42857142857143,2240.17,-2240.17,0.00825389444315272,0.008220017340774093,0.23076335089608474,0.3033766296034241,0.007668177065179416,0.011664528169835542,0.031027104136947203,22.15,1.489841986455982,0.03696221194344229,0.4359464627151052,0.332484076433121,1.1770676691729076,-2.042184873949592,2111.25,2242.0,0.026288481494292634,0.034013605442176874
2172.0,2172.0,2172.0,2172.0,20,2023-08-04 00:00:00-04:00,2183.95,2174.325,2172.8375,2189.74,2255.455,2334.2575,2172.858703595219,2175.5397382317756,2197.6641494644405,2326.3279720991345,49.30819849527484,48.22178294683133,16.354166666666675,32.22001763668435,-62.734584450402146,17.82040840949578,-2.681034636556433,-5.623958645532469,2.9429240089760365,2242.4049627609575,2172.8375,2103.2700372390427,0.06403374643613005,0.4939806630372747,23.89302091021877,1.1000470032329084,3.75,22.816251433608343,-9.547522845305988,309.0,100,0,0,0,12.229873434113529,14.285714285714286,71.42857142857143,57.142857142857146,2238.3766,-2238.3766,0.0017295053614665434,0.0017280114892608467,0.23060544215784878,0.2886260406444269,-0.0029837043837502852,0.011173184357541999,0.02877442273534636,22.35,0.8948545861297539,0.008784844137109893,0.44664031620553357,0.35159235668789807,0.28402255639096,-1.9320768307322942,2115.5,2242.0,0.026012891344383057,0.03222836095764273
2166.75,2166.75,2166.75,2166.75,16,2023-08-07 00:00:00-04:00,2171.2,2175.625,2175.4,2188.475,2253.955,2334.06875,2171.9189030421085,2174.8886465109035,2196.4518298775997,2324.740131580735,48.464407986398214,47.675749311909556,27.6388888888889,23.72574955908293,-68.36461126005362,-1.4475564881550518,-2.969743468795059,-5.093115610184987,2.123372141389928,2239.9233291143437,2175.4,2110.8766708856565,0.05932088729828408,0.4329699806354444,22.561376559488856,1.0412542545050816,5.25,22.816251433608343,-7.967862195126138,293.0,100,0,0,0,11.646888509821832,7.142857142857143,64.28571428571429,57.142857142857146,2236.619068,-2236.619068,-0.0024171270718231774,-0.00242005303937171,0.23101544841290006,0.19372791001025225,-0.02858103564223269,0.006035983749274498,0.024225951311746652,22.35,0.7158836689038031,-0.06209759635368162,0.34279475982532753,0.3248407643312102,-0.7082706766917768,-1.8875750300119938,2127.5,2242.0,0.01811468789661936,0.03472943348332756
2133.0,2133.0,2133.0,2133.0,20,2023-08-08 00:00:00-04:00,2158.1,2170.525,2175.675,2186.47,2252.86,2333.79875,2165.9313794971686,2171.7857838063924,2193.963522823576,2322.8322695749566,43.33091981388226,44.290501238051476,20.243055555555568,21.41203703703708,-100.0,-119.39595705116649,-5.85440430922381,-5.245373349992752,-0.6090309592310579,2239.4215881439754,2175.675,2111.928411856025,0.058599366306066165,0.16527620346036173,23.360563948096797,1.0951975596857382,33.75,22.816251433608343,-6.5972862750410926,273.0,100,0,0,0,11.832635784969202,100.0,57.142857142857146,-42.85714285714286,2234.89668664,-2234.89668664,-0.015576323987538943,-0.015698909543103753,0.23788942001037375,0.19733980563150147,-0.02979304070957467,-0.02335164835164838,0.0025851938895418147,22.55,0.8869179600886917,-0.46438276199432016,0.0,0.15286624203821655,-2.070300751879757,-1.908451380552238,2133.0,2242.0,0.0,0.05110173464603844
2122.75,2122.75,2122.75,2122.75,20,2023-08-09 00:00:00-04:00,2152.55,2167.25,2172.125,2184.025,2251.755,2333.27125,2159.288090343758,2168.1535035244374,2191.170835654024,2320.841401220977,41.880039758666484,43.309840156352394,11.284722222222234,19.722222222222268,-100.00000000000001,-139.67046894803502,-8.865413180679298,-5.969381316130061,-2.8960318645492364,2239.267292930749,2172.125,2104.982707069251,0.0618217578921555,0.1323107400358996,22.42409509466131,1.056370043324052,10.25,22.816251433608343,-5.4368428281843855,253.0,100,0,0,0,12.210558332019003,100.0,50.0,-50.0,2230.8208191744,-2230.8208191744,-0.004805438349742119,-0.004817021591877723,0.20833639765635634,0.1397108252858265,-0.012903975819576807,-0.015193690559035078,-0.03236467236467233,22.75,0.8791208791208791,-1.058728896791747,0.0,0.10063694267515924,-2.540977443609086,-1.9150420168067075,2122.75,2242.0,0.0,0.05617712872453186
2134.25,2165.0,2134.25,2154.75,214,2023-08-10 00:00:00-04:00,2149.85,2167.55,2167.7625,2182.565,2251.01,2332.9275,2158.5899225985645,2167.160651411516,2189.7425675891604,2319.1887504625593,47.76089058373898,47.14604053920282,21.65820642978004,17.728661402519318,-70.3016241299304,-47.37101706619119,-8.570728812951529,-6.489650815494355,-2.0810779974571743,2227.05699278814,2167.7625,2108.4680072118595,0.054705709493674114,0.3902722716046027,23.84023115932836,1.1064035808946913,42.25,94.14958476694167,18.229112172334368,467.0,0,0,0,0,11.477315395270946,92.85714285714286,42.85714285714286,-50.0,2224.336570023936,-2224.336570023936,0.015074785066541141,0.014962289648035905,0.199207451675053,0.17652315347244735,-0.006226219301279867,0.0013942140118508028,-0.03891614629794826,32.65,6.554364471669219,1.815366275539224,0.28507795100222716,0.26369426751592356,-1.6859022556391838,-1.8768427370948515,2122.75,2235.0,0.014850910778512588,0.037243299686738604
2115.25,2115.25,2115.25,2115.25,22,2023-08-11 00:00:00-04:00,2138.5,2161.225,2161.775,2179.76,2249.7575,2332.54,2151.922242198785,2163.315417973626,2186.821290428801,2317.1595091644244,42.09834537888618,43.3444646663249,21.65820642978004,18.20037836059414,-100.0,-138.8700859151251,-11.393175774840984,-7.47035580736368,-3.922819967477303,2216.727456723946,2161.775,2106.822543276054,0.05084012602971719,0.07667952650671507,24.958786076519193,1.179944974661113,39.5,94.14958476694167,26.25344720233437,445.0,100,0,0,0,11.210063948463896,100.0,35.714285714285715,-64.28571428571429,2218.2413758225,-2218.2413758225,-0.01833159299222653,-0.01850169872289841,0.20757701343903684,0.20986093150635918,-0.026127992633517505,-0.0290337388111086,-0.05357941834451907,32.95,0.6676783004552351,1.4620266266772335,0.0,0.062420382165605096,-1.3744360902256199,-1.8566146458583488,2115.25,2230.5,0.0,0.05448528542725446
2081.0,2081.0,2081.0,2081.0,22,2023-08-14 00:00:00-04:00,2121.35,2146.275,2155.475,2175.395,2248.13,2331.8025,2141.0111280143565,2157.2179796052096,2182.6714359021817,2314.809663302092,37.90218850044675,40.38005562285855,21.65820642978004,21.658206429780076,-99.99999999999999,-189.96553293880447,-16.206851590853148,-9.217654964061573,-6.989196626791575,2216.7683316111847,2155.475,2094.181668388815,0.05687222687452635,-0.10752938404811456,25.62244421391068,1.231256329356592,34.25,94.14958476694167,27.14945269621306,423.0,100,0,0,0,11.639727984139526,100.0,28.571428571428573,-71.42857142857143,2210.0020657566997,-2210.0020657566997,-0.016191939487058216,-0.01632446141097579,0.21027514960365587,0.22080629527724238,-0.039575400946117445,-0.06702533064335348,-0.057091073855913055,32.25,0.6821705426356589,1.55681066937135,0.0,0.0,-1.8142857142857791,-1.7963625450180123,2081.0,2230.5,0.0,0.07184046131667468
2075.5,2075.5,2075.5,2075.5,23,2023-08-15 00:00:00-04:00,2109.85,2133.975,2151.0375,2171.515,2246.2225,2330.4175,2130.9324929352247,2151.1647959307497,2178.468634494253,2312.428472622469,37.259921770900284,39.91971077719828,9.473903143468002e-15,14.438804286520066,-100.0,-156.53365578395696,-20.23230299552506,-11.42058457035427,-8.81171842517079,2221.3361975341604,2151.0375,2080.7388024658394,0.06536259598836423,-0.03726102082683458,24.185126770059917,1.1652674907280134,5.5,94.14958476694167,25.04786833496226,400.0,100,0,0,0,12.142028366380515,100.0,21.42857142857143,-78.57142857142857,2197.10185918103,-2197.10185918103,-0.0026429601153291626,-0.0026464589005409708,0.2010264156024576,0.21162295889459473,-0.02695733708391934,-0.05594723675233115,-0.041007277347811066,32.1,0.7165109034267912,1.9996474168048688,0.0,0.0,-2.8182330827067656,-1.800948379351745,2075.5,2230.5,0.0,0.07468079980727535
2073.25,2073.25,2073.25,2073.25,22,2023-08-16 00:00:00-04:00,2099.95,2126.25,2147.8375,2168.17,2243.97,2329.2475,2122.0582632528826,2145.393329565509,2174.342413533694,2310.048587322743,36.98382112021904,39.7251786398083,9.473903143468002e-15,7.219402143260055,-100.0,-125.20709526382109,-23.335066312626168,-13.80348091880865,-9.531585393817519,2225.76764099178,2147.8375,2069.9073590082203,0.07256614244958458,0.021446393842225336,22.61833200076992,1.0909601833242455,2.25,94.14958476694167,21.91105033854491,378.0,100,0,0,0,12.652834413512275,100.0,14.285714285714286,-85.71428571428572,2182.5096360793063,-2182.5096360793063,-0.0010840761262346232,-0.0010846641617803052,0.19719496969942618,0.2138957280679239,-0.023318808149805692,-0.0359218786328761,-0.029945022809685362,32.4,0.6790123456790124,2.1754049962728264,0.0,0.0,-4.147180451127848,-1.8632172869147796,2073.25,2230.5,0.0,0.07584709996382491
2090.5,2090.5,2090.5,2090.5,22,2023-08-17 00:00:00-04:00,2087.1,2118.475,2145.2,2165.885,2241.795,2328.64625,2117.2031458293623,2141.3271570051006,2171.054475748059,2307.8640242648053,40.61693779525813,42.0004060237861,13.690476190476199,4.563492063492108,-89.0302066772655,-80.75418000711463,-24.12401117573836,-15.86758697019459,-8.25642420554377,2227.0449143197275,2145.2,2063.355085680272,0.07630515972378114,0.16583140531912624,22.23487971500064,1.0636153893805618,17.25,94.14958476694167,18.635892945597362,400.0,100,0,0,0,12.621528746146748,92.85714285714286,7.142857142857143,-85.71428571428572,2167.2132870282035,-2167.2132870282035,0.008320270107319505,0.008285847465306658,0.1997266800044325,0.17685103139407896,-0.029817844297482354,-0.03585841116107458,-0.024612154438352962,32.7,0.6727828746177369,2.3135334044193288,0.10969793322734499,0.09530386740331492,-5.038721804511321,-1.9563865546218562,2073.25,2230.5,0.008251614446304711,0.06696962449174838
2081.0,2081.0,2081.0,2081.0,20,2023-08-18 00:00:00-04:00,2080.25,2109.375,2141.85,2163.36,2239.1875,2327.90625,2111.6334310863836,2136.8584787084264,2167.5229276795076,2305.6066707895334,39.27401283216898,41.10320781880908,28.66632160110422,14.118932597193512,-93.812375249501,-85.89167913964133,-25.225047622042894,-17.73907910056425,-7.485968521478643,2228.3165253147185,2141.85,2055.3834746852813,0.08074003811164987,0.14812972547168027,21.325245449643454,1.0247595122365907,9.5,94.14958476694167,15.601883744337243,380.0,100,0,0,0,12.805632676897423,85.71428571428572,0.0,-85.71428571428572,2154.058426844255,-2154.058426844255,-0.004544367376225766,-0.004554724402985261,0.1996481152834302,0.13932034894774714,-0.016191939487058216,-0.04189686924493552,-0.031191806331471117,32.9,0.60790273556231,2.187185891258512,0.0492845786963434,0.04281767955801105,-5.911654135338386,-2.0548139255702167,2073.25,2230.5,0.003724171071600192,0.07184046131667468
2082.75,2082.75,2082.75,2082.75,20,2023-08-21 00:00:00-04:00,2080.6,2100.975,2138.3,2160.2,2236.3125,2327.0225,2107.189826303863,2132.850443248543,2164.1984991430563,2303.389191478195,39.669724634306746,41.34555589292611,47.02380952380954,29.793535771796687,-90.37974683544303,-72.39732569245457,-25.660616944679987,-19.323386669387396,-6.33723027529259,2228.279386528244,2138.3,2048.3206134717566,0.08415974047443632,0.19131818884671095,19.92701363181178,0.9567645484005176,1.75,94.14958476694167,12.942345094336545,400.0,100,0,0,0,12.921462514304249,78.57142857142857,0.0,-78.57142857142857,2142.7452470860594,-2142.7452470860594,0.000840941854877375,0.000840588461384108,0.19924364253645374,0.07880996123353458,0.000840941854877375,-0.03876773970231917,-0.032965757399883944,33.1,0.6042296072507553,2.1611741883188156,0.06041335453100159,0.052486187845303865,-6.5680451127820465,-2.0549579831932747,2073.25,2230.5,0.004561277157604129,0.07093986316168527
2114.25,2114.25,2114.25,2114.25,20,2023-08-22 00:00:00-04:00,2088.35,2099.1,2134.8125,2157.4,2233.855,2326.26125,2108.2760068724992,2131.47263263754,2162.2397344707797,2301.5072094734364,46.43579170495782,45.57793672088082,66.66666666666669,47.452265930526856,-58.48101265822785,-4.322888033717974,-23.196625765040608,-20.09803448851804,-3.098591276522569,2222.8217147164105,2134.8125,2046.8032852835895,0.08245147029672208,0.3831798461885046,20.753655515253794,0.9816083961335601,31.5,94.14958476694167,10.677775183487483,420.0,100,0,0,0,12.08961444036814,71.42857142857143,14.285714285714286,-57.142857142857146,2133.015912494011,-2133.015912494011,0.015124234785740098,0.015011003807313092,0.20040078693750285,0.1257212660944353,0.018670199951818844,-0.008790436005625901,-0.031936813186813184,33.35,0.5997001499250375,2.2529798358618254,0.26073131955484896,0.22873082287308227,-6.190037593984972,-1.9327490996398542,2073.25,2230.5,0.019392219463166608,0.054984036892515076
2131.0,2131.0,2131.0,2131.0,20,2023-08-23 00:00:00-04:00,2099.9,2099.925,2133.5875,2155.795,2231.53,2325.505,2111.7720058151917,2131.437622812537,2161.0146468444746,2299.810620324447,49.66824323244779,47.6855878313732,85.024154589372,66.23821025994944,-41.51898734177215,41.110307704667825,-19.665616997345296,-20.01155099028349,0.3459339929381926,2221.0913963418297,2133.5875,2046.0836036581707,0.08202513029517612,0.48521494408721944,20.467680121307094,0.9604730230552367,16.75,94.14958476694167,8.780653385095832,440.0,100,0,0,0,11.581675642133359,64.28571428571429,7.142857142857143,-57.142857142857146,2073.25,2073.25,0.0079224311221473,0.007891213436285485,0.19824906551930202,0.12012261786030246,0.02785481731580841,0.0038864680249675043,-0.011366272326606364,33.6,0.5952380952380952,2.607170216546529,0.3672496025437202,0.32217573221757323,-5.917857142857194,-1.86298919567826,2073.25,2230.5,0.02709995307367433,0.04669169404035664
2111.25,2111.25,2111.25,2111.25,24,2023-08-24 00:00:00-04:00,2104.05,2095.575,2131.5625,2153.605,2228.805,2324.16,2111.6916972282393,2129.9422433449417,2159.0630920662597,2297.934395246592,46.13310055203308,45.50379780900609,86.83333333333336,79.5080515297907,-59.35828877005347,5.424850209360121,-18.25054611670248,-19.659350015567288,1.4088038988648073,2219.165849679112,2131.5625,2043.959150320888,0.08219636973263691,0.384065506202651,20.416417255499447,0.9670298285612525,19.75,94.14958476694167,7.206316887108713,416.0,100,0,0,0,10.944039494056856,57.142857142857146,0.0,-57.142857142857146,2074.405,2074.405,-0.009267949319568314,-0.009311163976607346,0.20066114733878676,0.1544114035751818,0.009925855058598332,-0.020187956839540555,-0.01882188915998606,33.5,0.7164179104477612,2.429972557441954,0.24165341812400637,0.21199442119944212,-5.950187969924835,-1.808727490996396,2073.25,2230.5,0.017998815867377147,0.056483126110124335
2108.75,2108.75,2108.75,2108.75,56,2023-08-25 00:00:00-04:00,2109.6,2094.925,2128.075,2150.905,2226.105,2322.93125,2111.2391284238947,2128.372447541613,2157.090029632289,2296.0519634530933,45.68979320188109,45.22875351639982,71.46200345423145,81.10649712564563,-61.30790190735695,11.571030489950278,-17.1333191177182,-19.15414383599747,2.0208247182792682,2213.451533661209,2128.075,2042.6984663387907,0.08023827511831973,0.3868248734676602,19.136673165820916,0.9074889468083422,2.5,94.14958476694167,5.907150420922292,360.0,100,0,0,0,10.420193554870446,50.0,0.0,-50.0,2075.5369,2075.5369,-0.001184132622853773,-0.0011848342618317861,0.19440985185484363,0.147087608134088,0.013334935127342629,-0.003072922822361379,-0.032017443194858886,34.1,1.6422287390029324,1.8166644999126698,0.22575516693163752,0.19804741980474197,-5.534962406015072,-1.693505402160863,2073.25,2230.5,0.016834617664493182,0.057735625370480145
2139.25,2139.25,2139.25,2139.25,0,2023-08-28 00:00:00-04:00,2120.9,2100.75,2123.5125,2149.135,2224.015,2321.67125,2115.548493281757,2129.17819216816,2156.390420627101,2294.4917449112713,51.77790820463378,49.16487099623142,71.46200345423145,76.58578008059878,-28.065395095367847,105.26595462033035,-13.62969888640282,-18.04925484607854,4.419555959675719,2195.1552726641307,2123.5125,2051.869727335869,0.06747572492663069,0.6098331305083576,19.948339368262282,0.9324921990539806,30.5,94.14958476694167,4.838659555580364,360.0,100,0,0,0,10.263352930293546,42.85714285714286,14.285714285714286,-28.571428571428573,2076.646162,2076.646162,0.014463544754001134,0.014359945437986093,0.18046169438696155,0.16679003813841278,0.027127595726803566,0.027991350312349894,-0.04091010984084287,33.05,0.0,1.3154021634426218,0.5269461077844312,0.3682008368200837,-3.758082706766942,-1.5327370948379202,2073.25,2198.5,0.0308519340890499,0.027696622648124343
2125.25,2125.25,2125.25,2125.25,45,2023-08-29 00:00:00-04:00,2123.1,2105.725,2119.85,2146.59,2222.1125,2320.64875,2117.0410327768714,2128.8872149705185,2155.169227661332,2292.8077474494676,49.05936527317494,47.51898379731932,69.32812367281069,70.75071019375791,-43.32425068119891,60.53075867890756,-11.84618219364711,-16.808640315592253,4.962458121945144,2182.738870239508,2119.85,2056.961129760492,0.05933332097979378,0.5429328749223397,19.523457984814975,0.9186428883573685,14.0,94.14958476694167,3.9616715147059125,315.0,100,0,0,0,9.7045653001028,35.714285714285715,7.142857142857143,-28.571428571428573,2079.15031552,2079.15031552,-0.006544349655252968,-0.00656585780069592,0.17545165082910447,0.15800422713281823,0.005202790587678807,0.023970127680077002,-0.03331817148055494,33.6,1.3392857142857142,1.5086894372503412,0.5265822784810127,0.30814814814814817,-2.549248120300807,-1.3357983193277263,2073.25,2172.0,0.024467709681213975,0.02199741206916833
2143.5,2171.0,2143.5,2165.25,45,2023-08-30 00:00:00-04:00,2129.95,2114.925,2120.5875,2145.545,2220.515,2319.7175,2124.457796965045,2131.580754602332,2155.56455206677,2291.5385161315626,56.14427931915701,52.30865788173277,81.6204709548577,74.13686602729999,-5.88235294117647,162.20677224153454,-7.122957637287072,-14.871503779931217,7.748546142644145,2185.2186215669194,2120.5875,2055.9563784330808,0.06095586394517492,0.8455185282043742,21.39678241447105,0.9881899279284633,45.75,120.33140294875986,11.573330236317062,360.0,0,0,0,0,10.288886147234573,28.571428571428573,100.0,71.42857142857143,2081.5543028991997,2081.5543028991997,0.018821315139395445,0.018646385713686008,0.1727024549678509,0.20087667397763512,0.016072266541529823,0.04437477390570366,0.00685887003022545,34.2,1.3157894736842104,3.0761398625531555,0.9316455696202531,0.5451851851851852,-1.4167293233083258,-1.1182352941176719,2073.25,2172.0,0.042489319939960746,0.0031174229303775544
2175.5,2175.5,2175.5,2175.5,20,2023-08-31 00:00:00-04:00,2142.8,2123.425,2120.95,2144.595,2219.0225,2318.22,2132.310443585807,2134.8340320391962,2156.346334338661,2290.383904030751,57.765298739249324,53.451696124276616,81.6204709548577,77.52302186084206,-0.0,166.42224259089522,-2.5235884533890385,-12.401920714622781,9.878332261233743,2186.7176972381144,2120.95,2055.1823027618852,0.06201720666504593,0.9147172722385256,20.60058367058026,0.9469355858690076,10.25,120.33140294875986,13.635069691856444,380.0,100,0,0,0,10.928205723831098,21.42857142857143,100.0,78.57142857142857,2086.9210447252476,2086.9210447252476,0.004733864449832481,0.004722694949580531,0.171022603686753,0.16773286874597845,0.03043220840734162,0.04066012915570427,0.003343710365502073,33.55,0.5961251862891208,2.8984386349257654,1.0,0.605925925925926,0.12030075187968713,-0.8580672268907448,2073.25,2175.5,0.047000689496667435,0.0
2189.5,2216.5,2189.5,2216.25,57,2023-09-01 00:00:00-04:00,2164.3,2136.95,2123.1625,2144.86,2218.2325,2316.9975,2145.224221495683,2140.8648444807372,2158.695497697929,2289.6462532443757,63.535840682352415,57.685258432371036,96.82969320203188,86.6902117039158,-0.17452006980802792,185.90734634304525,4.359377014945949,-9.049661168709035,13.409038183654983,2198.0023748996873,2123.1625,2048.3226251003125,0.0704984897761593,1.1219111143943727,22.057684836967383,0.9952706074209761,41.0,176.2758473932043,31.03946182036792,437.0,0,0,0,0,12.325348959760877,14.285714285714286,100.0,85.71428571428572,2094.0073611472276,2094.0073611472276,0.018731326131923742,0.018558055227682894,0.18322329296797402,0.17306383000308112,0.05097806757557799,0.06499279192695817,0.02037292817679548,35.4,1.6101694915254239,3.9315341172160876,1.0,0.8474074074074074,2.28778195488717,-0.546434573829522,2073.25,2216.5,0.06452340665538635,0.00011280315848843768
2173.5,2180.0,2172.5,2180.0,37,2023-09-05 00:00:00-04:00,2172.45,2146.675,2123.825,2145.095,2216.8725,2315.7125,2150.574341265578,2143.7637448895716,2159.5309683764417,2288.555245749407,56.182071343226944,53.16850636397405,86.57534246575342,88.34183554088104,-25.479930191972073,103.07903136275338,6.810596376006288,-5.8776096597659695,12.688206035772257,2200.4107525914665,2123.825,2047.2392474085332,0.07212058676347312,0.8667457594864669,23.60713592004114,1.0828961431211532,43.75,213.2758473932043,47.11039843472551,400.0,0,0,0,0,13.076942177128874,7.142857142857143,92.85714285714286,85.71428571428572,2106.256625032505,2106.256625032505,-0.016356457980823413,-0.0164917016052829,0.19315589373255845,0.2462743449794695,0.019048732032254323,0.04669307406073697,0.006115149417330157,36.45,1.0150891632373114,3.3650192050747925,0.7465034965034965,0.6325925925925926,3.787969924811957,-0.4064705882352922,2073.25,2216.5,0.04896788990825688,0.016743119266055047
2193.5,2199.5,2173.0,2175.5,86,2023-09-06 00:00:00-04:00,2182.5,2152.8,2125.95,2145.615,2214.97,2314.5275,2154.4090579939507,2146.1145786014554,2160.157204910699,2287.4303179310045,55.326000539542754,52.6313512294081,67.85388127853882,83.75297231544141,-30.25830258302583,95.67891794531947,8.294479392495305,-3.0431918493137147,11.33767124180902,2205.728067161362,2125.95,2046.1719328386375,0.07505168716231547,0.8105490127993349,23.813769068609634,1.0946342941213347,26.5,143.5022624875439,27.201422903823016,314.0,0,0,0,0,14.14657055187823,0.0,85.71428571428572,85.71428571428572,2117.2809625292543,2117.2809625292543,-0.0020642201834862872,-0.0020663536223999436,0.184098447242957,0.2361774065157651,0.02364427714386541,0.02897008395412093,0.019924988279418576,39.75,2.1635220125786163,3.4990227490457504,0.715034965034965,0.605925925925926,4.671052631578897,-0.3241416566626517,2073.25,2216.5,0.047000689496667435,0.018846242243162493
2173.5,2173.5,2168.5,2171.25,57,2023-09-07 00:00:00-04:00,2183.7,2156.825,2128.375,2145.64,2212.8925,2313.41875,2156.9999721487275,2147.976461668014,2160.5922164828285,2286.2742948670143,54.48164903300161,52.10928440524637,36.52159436834095,63.6502727042111,-33.39483394833948,61.74488567990339,9.023510480713412,-0.629851383308289,9.6533618640217,2210.529655984912,2128.375,2046.220344015088,0.0771994183214068,0.7609407798376887,22.612785563708947,1.0414639292439354,7.0,149.2022624875439,18.397621740833557,257.0,0,100,0,0,14.988998935937778,7.142857142857143,78.57142857142857,71.42857142857143,2127.2028662763287,2127.2028662763287,-0.0019535738910595457,-0.0019554846054201276,0.18317122423978527,0.20188923699716718,0.002771042604780005,0.018887846081651727,0.02284772111647637,41.6,1.3701923076923077,3.483777804250199,0.6853146853146853,0.5807407407407408,5.267669172932267,-0.2041056422568812,2073.25,2216.5,0.04513529073114565,0.020840529648819803
2154.75,2154.75,2154.75,2154.75,25,2023-09-08 00:00:00-04:00,2179.55,2161.175,2128.375,2145.77,2210.6625,2312.0525,2156.6538225873846,2148.478205248161,2160.3631099540903,2284.965595415601,51.2138090557071,50.08409467241488,16.521594368340946,40.29902333840694,-46.16822429906542,20.04270082732845,8.175617339223663,1.1312423611981015,7.044374978025562,2210.529655984912,2128.375,2046.220344015088,0.0771994183214068,0.6605204214161875,22.176158023444025,1.0291754506761353,16.5,149.2022624875439,13.123555652262098,232.0,100,0,0,0,15.308333566018126,0.0,71.42857142857143,71.42857142857143,2136.132579648696,2136.132579648696,-0.007599309153713318,-0.007628331027806085,0.1779899239765731,0.20501167432951575,-0.009538037232820096,0.020603907637655405,0.0,32.15,0.7776049766718507,0.06779107116756167,0.5699300699300699,0.482962962962963,6.060902255639096,-0.1762785114045751,2073.25,2216.5,0.03782341338902425,0.02865761689291101
2179.25,2179.25,2179.25,2179.25,20,2023-09-11 00:00:00-04:00,2172.15,2168.225,2131.575,2146.835,2208.1675,2311.05125,2160.130157573941,2150.757597452001,2161.103772308832,2283.913698943804,55.48351733259194,52.935850030575295,20.159256672873994,24.400815136518663,-34.570765661252906,66.44108195535081,9.372560121939841,2.7795059133464495,6.593054208593392,2216.3784639622995,2131.575,2046.7715360377001,0.07956882958591624,0.7810911121578396,22.342146736055163,1.0252218302652363,24.5,149.2022624875439,9.772932647640829,252.0,100,0,0,0,16.12187569954381,0.0,64.28571428571429,64.28571428571429,2144.169321683826,2144.169321683826,0.011370228564798746,0.01130607336417684,0.1682439293754091,0.16022810087517528,-0.016694867456288787,0.03343212803793727,0.030256470866327767,32.05,0.62402496099844,0.6984906882925203,0.7412587412587412,0.6281481481481481,6.580451127819508,-0.14591836734695202,2073.25,2216.5,0.04864058735803602,0.017093036595158886
2182.0,2192.25,2172.0,2192.25,75,2023-09-12 00:00:00-04:00,2174.6,2173.525,2137.1375,2148.385,2205.665,2309.86875,2165.0716717933346,2153.8311087518528,2162.3251930026036,2283.0016223373977,57.60378331963227,54.38770036677387,46.18249534450652,27.62111546190719,-22.505800464037126,73.26093799181557,11.240563041481892,4.471717338973538,6.7688457025083535,2222.5341444013043,2137.1375,2051.7408555986954,0.07991684615641667,0.8226853958160816,22.192707683479796,1.0123255871127743,20.25,224.2022624875439,31.37741117778296,327.0,0,0,0,0,17.133060538075206,21.42857142857143,57.142857142857146,35.714285714285715,2151.4023895154437,2151.4023895154437,0.005965355053344057,0.005947632767779608,0.15513599496339214,0.11883484993507482,0.005619266055045813,0.024775037980600656,0.05345987506006722,34.7,2.1613832853025934,1.5021149860086054,0.8321678321678322,0.7051851851851851,6.648684210526294,-0.11763505402161387,2073.25,2216.5,0.05428213023149732,0.011061694605998403
2198.5,2203.5,2188.25,2201.25,26,2023-09-13 00:00:00-04:00,2179.75,2181.125,2143.425,2150.155,2203.455,2308.915,2170.637568440514,2157.3436192146783,2163.851656022109,2282.188173358916,59.057654938191675,55.388093877825284,77.97736713937832,48.106373052252984,-14.153132250580049,93.02110788222775,13.293949225835604,6.236163716345952,7.057785509489652,2228.258380812018,2143.425,2058.5916191879824,0.07915684552715194,0.8408151334209711,21.696799991802667,0.9856581484067083,15.25,242.5301313400029,43.194709649734165,353.0,0,0,0,0,18.288854012602254,14.285714285714286,50.0,35.714285714285715,2157.9121505638996,2157.9121505638996,0.004105371193978691,0.0040969671509507866,0.153925404074321,0.11638903253589608,0.011836359457595869,0.03576049876485121,0.06058781016622494,34.85,0.746054519368723,1.669642719704622,0.8951048951048951,0.7585185185185185,6.591353383458605,-0.08051620648258061,2073.25,2216.5,0.05814877910278251,0.006927881885292447
2208.0,2208.0,2202.25,2202.25,24,2023-09-14 00:00:00-04:00,2185.95,2184.825,2149.875,2151.815,2201.61,2308.09,2175.5010194496654,2160.6700177913685,2165.357473433007,2281.3927686488773,59.22497014600442,55.501955302883864,89.46179200015065,71.20721816134521,-13.225058004640372,103.2818581293155,14.831001658296827,7.955131304736127,6.875870353560701,2231.9570473672443,2149.875,2067.7929526327557,0.07635983242490312,0.8190405312727421,20.62917142095962,0.936731589100221,6.75,218.5301313400029,36.46590360192016,377.0,0,0,0,0,19.449785400020918,7.142857142857143,42.85714285714286,35.714285714285715,2163.7709355075094,2163.7709355075094,0.00045428733674057753,0.00045418417948925565,0.1534815835781484,0.11191324482273511,0.014277489925158315,0.017088096062810365,0.06222115036778009,34.95,0.6866952789699571,1.7043952905635575,0.8964879852125693,0.7644444444444445,6.323684210526239,-0.033625450180081125,2081.0,2216.5,0.05505732773300034,0.006470655011919627
2166.75,2167.25,2160.0,2167.25,31,2023-09-15 00:00:00-04:00,2188.45,2184.0,2153.7125,2153.1,2199.53,2307.11625,2174.2316318420244,2161.1574238808967,2165.431690161124,2280.2570197070972,51.31997091120806,50.74252217681665,66.56355332851813,78.00090415601574,-53.97260273972603,-31.44985929905247,13.07420796112774,8.978946636014449,4.095261325113292,2231.390404676933,2153.7125,2076.034595323067,0.07213395908407733,0.5871386789866642,22.1735163194625,1.0231176061581497,42.25,249.5301313400029,40.26176443673083,346.0,100,100,0,0,19.01960487530589,0.0,35.714285714285715,35.714285714285715,2216.5,-2216.5,-0.015892836871381544,-0.01602048224115529,0.16604072854750532,0.16407371326164116,0.005801137022856562,-0.003792231670880275,0.03671370485529768,35.4,0.8757062146892656,1.0286714051897006,0.6377079482439926,0.557037037037037,5.6343984962405536,-0.11685474189676208,2081.0,2216.5,0.03979697773676318,0.022724651055485063
2202.0,2202.0,2202.0,2202.0,24,2023-09-18 00:00:00-04:00,2193.0,2182.575,2159.7625,2154.915,2198.2575,2306.3,2178.5036884817127,2164.1827998897193,2166.8657415273547,2279.4783428940914,57.39966152735103,54.78464028831964,63.935348200313,73.3202311763273,-15.89041095890411,98.76722262509045,14.32088859199348,10.047335027210256,4.273553564783224,2232.538607858289,2159.7625,2086.9863921417104,0.06739269513040382,0.7901879562056658,23.071836582358035,1.0477673288990934,34.75,249.5301313400029,38.1544561930869,370.0,100,0,0,0,19.37483582239434,7.142857142857143,28.571428571428573,21.42857142857143,2215.37,-2215.37,0.016034144653362503,0.015906955533875444,0.17149744260310432,0.18437130164431134,0.010439371343352155,-0.006429780033840982,0.0581451225372418,35.6,0.6741573033707865,1.504378224394916,0.8932584269662921,0.762962962962963,5.176127819548856,-0.10428571428571563,2082.75,2216.5,0.05415531335149864,0.0065849227974568575
2188.75,2188.75,2188.75,2188.75,20,2023-09-19 00:00:00-04:00,2192.3,2183.45,2165.0625,2156.38,2196.96,2304.94125,2180.080044099911,2166.0025924904808,2167.723947741968,2278.5755733130554,54.599610489233974,53.04200257048814,54.16666666666668,61.555189398499316,-38.013698630136986,32.91366906474801,14.077451609430227,10.85335834365425,3.224093265775977,2229.6060657133944,2165.0625,2100.5189342866056,0.05962281986168473,0.6835000881821769,22.370276826475315,1.0220571936710596,13.25,249.5301313400029,33.82378862131557,350.0,100,0,0,0,19.28203415367958,0.0,21.42857142857143,21.42857142857143,2214.2626,-2214.2626,-0.006017257039055424,-0.006035433682563685,0.1742868654864783,0.18826479775149824,-0.0015965332421028489,0.004013761467889898,0.05089425039010931,35.6,0.5617977528089887,1.36721424651626,0.7441860465116279,0.6844444444444444,4.374248120300723,-0.12120048019209066,2108.75,2216.5,0.036550542547115934,0.01267846944603084
2236.0,2236.0,2236.0,2236.0,55,2023-09-20 00:00:00-04:00,2199.25,2189.5,2171.15,2158.55,2196.205,2303.76,2188.683114238386,2171.187585639334,2170.401439987381,2278.151935767652,61.76289551227776,58.03961932047932,82.46527777777779,66.8557642149192,-0.0,204.9266587378815,17.49552859905225,12.18179239473385,5.313736204318399,2238.2892954982303,2171.15,2104.01070450177,0.061846759089174155,0.9829511504310418,24.147399910298507,1.0799373841815074,47.25,249.5301313400029,28.977262012744063,405.0,100,0,0,0,20.102205760947772,0.0,100.0,100.0,2160.0,2160.0,0.0215876641918904,0.02135795067492822,0.18182264117907337,0.24590749407989335,0.01578648495173196,0.02780969891978846,0.05758543218635448,37.35,1.4725568942436411,2.2520510813554298,1.0,0.9644444444444444,4.585338345864605,-0.0045858343337179825,2108.75,2236.0,0.056909660107334524,0.0
2188.75,2188.75,2188.75,2188.75,20,2023-09-21 00:00:00-04:00,2196.55,2191.25,2174.0375,2158.45,2194.495,2302.02875,2188.6934043555575,2172.4885052216055,2171.120991360425,2277.262364267476,52.79253578626081,52.20569777134154,65.90826023391814,67.51340155945424,-58.15384615384615,0.6905710491368848,16.20489913395204,12.986413742577488,3.2184853913745517,2238.9519196230767,2174.0375,2109.123080376923,0.059717847206478096,0.613322279436739,25.79758563099147,1.1786446890230255,47.25,249.5301313400029,24.360295489897197,385.0,100,0,0,0,19.528556225564223,35.714285714285715,92.85714285714286,57.142857142857146,2161.52,2161.52,-0.021131484794275512,-0.021357950674928194,0.19949472848050262,0.3025099336285614,-0.006130094221818649,0.008059873344847368,0.02709995307367441,37.35,0.535475234270415,1.6709727630269737,0.6286836935166994,0.6844444444444444,4.202819548872153,0.15267707082833998,2108.75,2236.0,0.036550542547115934,0.021587664191890347
2215.5,2215.5,2215.5,2215.5,20,2023-09-22 00:00:00-04:00,2206.2,2197.325,2179.25,2157.92,2192.7425,2300.56125,2192.817495993164,2175.674541871857,2172.8613446404083,2276.6478133792425,56.63271182993256,54.900453927590135,64.81423466072589,71.06259089080731,-25.23076923076923,112.23243253040611,17.142954121306957,13.817721818323381,3.3252323029835757,2239.7526858907872,2179.25,2118.7473141092128,0.05552615431069151,0.7995734773282173,25.86561522877779,1.1674843253792728,26.75,249.5301313400029,20.256964140560086,405.0,100,0,0,0,19.4993993398103,28.571428571428573,85.71428571428572,57.142857142857146,2163.0096,2163.0096,0.012221587664191791,0.012147507039482478,0.19881752190618926,0.2808740390755281,0.02226323682085596,0.028193525931082597,0.049378330373001766,37.15,0.5383580080753702,2.1378352999804493,0.8388998035363457,0.8740399385560675,3.8037593984962093,0.4915246098439443,2108.75,2236.0,0.04818325434439179,0.009252990295644324
2209.0,2209.0,2209.0,2209.0,27,2023-09-25 00:00:00-04:00,2207.6,2200.3,2184.2625,2157.4,2191.005,2299.08875,2195.3071119942156,2178.1430943257933,2174.2785468113725,2275.974700808305,55.45229806806721,54.12188842228852,45.76661561310684,58.82970350258367,-33.23076923076923,70.83718858161257,17.164017668422275,14.48698098834316,2.677036680079116,2236.636509537194,2184.2625,2131.8884904628057,0.04795578327897318,0.7361619839553484,24.482356998150806,1.1083004526098146,6.5,249.5301313400029,16.736786393962177,378.0,100,0,0,0,19.297490814596156,21.42857142857143,78.57142857142857,57.142857142857146,2164.469408,2164.469408,-0.0029338749717896517,-0.002938187219426997,0.19934238802741686,0.26372373270997834,0.0031789282470482405,0.013651485602845126,0.047540011855364606,35.7,0.7563025210084033,2.1249321026219397,0.7562076749435666,0.8341013824884793,3.1156015037593834,0.8004801920768261,2125.25,2236.0,0.03791308284291535,0.012222725215029425
2228.25,2228.25,2228.25,2228.25,68,2023-09-26 00:00:00-04:00,2215.5,2203.9,2188.7125,2157.825,2189.98,2297.80875,2200.37524861049,2181.854716968327,2176.395074387397,2275.499828163446,58.22908738866995,56.059603295164436,61.02292768959436,57.20125932114241,-9.538461538461538,120.66752246469814,18.52053164216295,15.293691119107118,3.2268405230558326,2240.147720180305,2188.7125,2137.277279819695,0.04700043535211216,0.884342672796988,24.108617212568607,1.0819529771151626,19.25,249.5301313400029,13.77518764363009,446.0,100,0,0,0,19.476072940976255,14.285714285714286,71.42857142857143,57.142857142857146,2165.90001984,2165.90001984,0.008714350384789515,0.008676599590709558,0.19573980829637502,0.26064427435778426,0.018046830382638435,0.016421484775915207,0.04160336566553702,39.1,1.7391304347826086,2.7175079287876267,0.9300225733634312,0.9523809523809523,3.033270676691708,1.0886554621848719,2125.25,2236.0,0.04622461572983283,0.003478065746662179
2215.0,2232.75,2215.0,2232.75,4,2023-09-27 00:00:00-04:00,2214.85,2207.05,2194.0875,2159.195,2189.3025,2296.49,2205.3559795934916,2185.624737933636,2178.605071470244,2275.0744567389343,58.8744383051815,56.510461746580496,75.48500881834217,60.758184040347835,-4.0,100.26480245736758,19.73124165985564,16.18120122725682,3.55004043259882,2240.048155728538,2194.0875,2148.1268442714622,0.04189500713033355,0.9206043123966312,23.65443026881371,1.0594303109982626,17.75,253.5301313400029,12.584062005436977,450.0,0,0,0,0,19.262564811410517,7.142857142857143,64.28571428571429,57.142857142857146,2167.3020194431997,2167.3020194431997,0.0020195220464489516,0.0020174855531686874,0.19305864473535514,0.2076295928527558,-0.0014534883720930258,0.014310051107325306,0.05058228443712509,37.05,0.10796221322537113,3.020081751459806,0.96,0.9800307219662059,2.6603383458646213,1.2806842737094912,2143.5,2236.0,0.03997312730937185,0.001455604075691412
2262.5,2271.75,2262.5,2271.75,37,2023-09-28 00:00:00-04:00,2231.45,2214.0,2199.4125,2161.885,2188.725,2295.5225,2215.570444271416,2192.0043869755887,2182.2578137655287,2275.0413775674024,64.05729814510617,60.22439760904397,94.53262786596122,77.01352145796596,-0.0,201.25024202694158,23.56605729582725,17.658172440970908,5.907884854856341,2254.5390079158988,2199.4125,2144.285992084101,0.050128393755967886,1.1561045015798785,24.75054239246987,1.0894923469778748,39.0,290.53013134000287,22.725504971136445,487.0,0,0,0,0,19.788656501053804,0.0,100.0,100.0,2168.6759790543356,2168.6759790543356,0.017467248908296984,0.017316450011460958,0.19159843869308735,0.12847946623505227,0.03792118789263288,0.03155863321602914,0.049186006234845925,36.65,1.009549795361528,2.8194107797939996,1.0,1.0,3.314473684210494,1.4917767106842734,2154.75,2271.75,0.05150214592274678,0.0
2339.0,2340.0,2329.5,2329.5,94,2023-09-29 00:00:00-04:00,2254.25,2230.225,2207.1125,2165.61,2188.8775,2295.12375,2233.0980682296595,2202.1892471996193,2188.0320171472727,2275.583254407528,70.07192247635358,64.88667623739288,97.32824427480917,89.11529365303757,-5.833333333333333,263.76811594202877,30.908821030040144,20.308302158784755,10.600518871255389,2285.0352943222997,2207.1125,2129.1897056777007,0.0706106229947948,1.285312571657711,27.857646507293452,1.1958637693622431,68.25,196.53013134000287,-5.1007688129988935,581.0,0,0,0,0,21.253170672181845,28.571428571428573,100.0,71.42857142857143,2172.7989398921623,2172.7989398921623,0.02542093100033016,0.025103192681395096,0.20818971119503066,0.18205511126727783,0.05145565335138791,0.07486445956857768,0.07078832452309824,40.35,2.329615861214374,5.114301004828385,1.0,1.0,4.795300751879603,1.8405282112845012,2154.75,2340.0,0.07501609787508048,0.004507405022537025
2310.25,2310.25,2310.25,2310.25,20,2023-10-02 00:00:00-04:00,2274.5,2241.05,2211.8125,2168.855,2188.6425,2294.38375,2244.967596194327,2210.193747407055,2192.824879219929,2275.9281971497417,66.10119116314857,62.32959905823991,89.39491094147583,93.75192769408211,-16.52777777777778,160.56535947712425,34.77384878727207,23.201411484482218,11.572437302789854,2301.78122720562,2211.8125,2121.84377279438,0.08135294217355211,1.0470650917125075,27.24281461391535,1.1792150033076658,19.25,196.53013134000287,-16.020538196236174,561.0,100,0,0,0,22.076579887840897,21.42857142857143,92.85714285714286,71.42857142857143,2182.8310034986325,2182.8310034986325,-0.008263575874651208,-0.008297908488701638,0.2040177226632914,0.2082157145312935,0.045835219556360274,0.049159854677565784,0.04241398759165249,38.5,0.5194805194805194,3.8813438978157073,0.8898426323319027,0.9248780487804878,6.412969924812006,2.137731092436982,2154.75,2340.0,0.06730873282112325,0.01287739422140461
2274.75,2287.0,2273.0,2287.0,5,2023-10-03 00:00:00-04:00,2286.25,2250.875,2217.1625,2171.52,2188.665,2293.66375,2251.4341198567386,2215.8830994509767,2196.518021211304,2276.0383643422815,61.563580353240575,59.362825534464335,75.2615776081425,87.32824427480921,-29.444444444444443,86.82655233501652,35.55102040576185,25.671333268738145,9.879687137023701,2311.54526789225,2217.1625,2122.7797321077496,0.0851383404619646,0.8699695482533862,27.95761357006425,1.2224579610871995,37.25,201.53013134000287,-17.44039492608448,556.0,0,0,0,0,21.88922414206859,14.285714285714286,85.71428571428572,71.42857142857143,2192.2611432887147,2192.2611432887147,-0.010063845904122903,-0.010114828745368641,0.19756472953045937,0.24894047828738589,0.026365982273084176,0.04488863506567675,0.04908256880733952,36.9,0.13550135501355015,4.43621361358556,0.7567954220314735,0.8341463414634146,6.9847744360901896,2.3787274909963934,2154.75,2340.0,0.05782684739833843,0.023174464363795364
2242.25,2242.25,2242.25,2242.25,20,2023-10-04 00:00:00-04:00,2288.15,2251.5,2220.5,2172.685,2188.9225,2292.96,2250.0211783403174,2217.836203195349,2198.311432144194,2275.70216171201,53.89490373292837,54.153560445138815,44.6,69.75216284987282,-54.30555555555556,12.201903539728102,32.184975144968575,26.974061643984232,5.2109135009843435,2313.4638370550533,2220.5,2127.5361629449467,0.08373234591763415,0.6169809717897058,29.15706974363109,1.300348745395522,44.75,201.53013134000287,-16.435754958651103,536.0,100,0,0,0,21.016275733855117,7.142857142857143,78.57142857142857,71.42857142857143,2201.125474691392,2201.125474691392,-0.019567118495846136,-0.019761089024668718,0.21212726619288522,0.30728359103728525,0.004254842682790194,0.002795169946332665,0.030682601700758427,33.6,0.5952380952380952,4.222394179448457,0.5007153075822603,0.6595121951219513,6.6853383458645625,2.5757142857142927,2154.75,2340.0,0.039023302486341845,0.04359460363474189
2224.5,2224.5,2224.5,2224.5,20,2023-10-05 00:00:00-04:00,2278.7,2255.075,2223.1625,2174.065,2188.785,2292.14,2246.0948432110376,2218.329817773471,2199.338434805206,2275.1926874661194,51.17207940966792,52.24417169655416,19.200000000000003,46.35385920271421,-76.36363636363636,-29.856298112609544,27.765025437566692,27.132254402700724,0.6327710348659679,2313.3401406599824,2223.1625,2132.9848593400175,0.08112555034549426,0.5074159181267737,28.34227904765744,1.2740966081212604,17.75,201.53013134000287,-14.530606339369143,516.0,100,0,0,0,19.826096197885658,0.0,71.42857142857143,71.42857142857143,2209.457946209908,2209.457946209908,-0.007916155647229361,-0.007947654752016012,0.2144935837202715,0.27244334293466066,-0.020798943545724646,0.01633352370074248,0.024525043177892947,31.75,0.6299212598425197,4.175424778294264,0.39914163090128757,0.5902439024390244,5.964849624060101,2.6555462184874012,2154.75,2340.0,0.031355360755225894,0.051921780175320294
2227.25,2227.25,2227.25,2227.25,24,2023-10-06 00:00:00-04:00,2258.25,2256.25,2226.7875,2175.575,2188.555,2291.455,2243.195636563186,2218.990572012473,2200.4330059893155,2274.71564579979,51.580223694510885,52.5165255152305,1.068999028182704,21.622999676060946,-74.54545454545455,-29.102950865148095,24.205064550712905,26.54681643230316,-2.3417518815902554,2311.3258455894565,2226.7875,2142.2491544105433,0.07592852536621177,0.5027354450620913,26.514259115681906,1.190448270992565,2.75,201.53013134000287,-12.43026314608386,540.0,100,0,0,0,18.775721674582456,21.42857142857143,64.28571428571429,42.85714285714286,2217.2904694373137,2217.2904694373137,0.0012362328613171325,0.001235469354656666,0.21190955469964143,0.11752954514686298,-0.043893539386134384,0.005303543218235118,0.03364659473256748,31.7,0.7570977917981073,4.395077095808707,0.3697996918335901,0.6009756097560975,4.943045112781916,2.726038415366131,2160.0,2340.0,0.030194185654955664,0.0506229655404647
2224.75,2224.75,2224.75,2224.75,20,2023-10-09 00:00:00-04:00,2241.15,2257.825,2229.0625,2176.5,2188.2025,2290.69375,2240.357846322696,2219.417196307845,2201.3866135975777,2274.2184751948166,51.16154473429475,52.232182949782555,1.2023323615160373,7.15711046323296,-76.19834710743802,-41.436715662167806,20.94065001485069,25.425583148812667,-4.484933133961977,2310.7625420746617,2229.0625,2147.3624579253383,0.07330439776781648,0.47360772473006185,24.798954893133196,1.1146850159853106,2.5,201.53013134000287,-10.441007917368609,520.0,100,0,0,0,17.741876721258713,14.285714285714286,57.142857142857146,42.85714285714286,2224.5,2224.5,-0.0011224604332696897,-0.0011230908637815083,0.20899993344519957,0.1302666911035946,-0.037008981711935895,0.007129923042100472,0.020878742686704088,31.7,0.6309148264984227,4.145223315847339,0.3543913713405239,0.5912195121951219,4.163345864661607,2.8489075630251897,2160.0,2340.0,0.029104393752106977,0.05180357343521744
2202.25,2202.25,2198.0,2198.0,23,2023-10-10 00:00:00-04:00,2223.35,2254.8,2229.35,2175.85,2187.225,2289.67375,2233.8412545807428,2217.8307373220787,2201.253805221202,2273.4600824068084,46.785537788340825,49.23708323043289,1.2023323615160373,1.1578879170716376,-93.88429752066116,-85.68954019106083,16.010517258664095,23.542569970782953,-7.532052712118858,2310.5689017409227,2229.35,2148.131098259077,0.07286330252398482,0.3070030539196274,24.938315257909398,1.1345912310240855,26.75,178.53013134000287,-15.99622096767888,497.0,0,0,0,0,16.78104271818659,7.142857142857143,50.0,42.85714285714286,2340.0,-2340.0,-0.012023822901449654,-0.012096693773404997,0.21317685561009203,0.1334146727907606,-0.03891560996939225,-0.013575675978907187,0.0026228760405975216,29.1,0.7903780068728522,3.421273760113193,0.18952234206471494,0.4868292682926829,3.1383458646616185,3.0317406962785176,2160.0,2340.0,0.017288444040036398,0.0646041856232939
2196.25,2196.25,2196.25,2196.25,20,2023-10-11 00:00:00-04:00,2214.15,2251.15,2229.1,2175.805,2186.32,2288.5475,2228.057984645244,2216.23216418711,2201.057577565469,2272.6918228803725,46.505294193248474,49.043903435936265,0.13333333333333566,0.8459993521218482,-100.0,-94.33446381155215,11.825820458133876,21.199220068253137,-9.373399610119261,2310.6932595255325,2229.1,2147.5067404744673,0.073207356803672,0.29869660685806837,23.282007025201583,1.0600800011474825,1.75,178.53013134000287,-16.81460621847137,477.0,100,0,0,0,15.928287340598953,0.0,42.85714285714286,42.85714285714286,2337.16,-2337.16,-0.0007961783439490722,-0.0007964954622597524,0.21270037799877853,0.08895511694413545,-0.020515107592819715,-0.016347553465457354,-0.0022714366837024436,28.8,0.6944444444444444,3.2986105421907657,0.17873651771956856,0.48,2.2218045112781213,3.1352100840336194,2160.0,2340.0,0.016505406943653957,0.06545247581104155
2185.5,2185.5,2185.5,2185.5,21,2023-10-12 00:00:00-04:00,2206.35,2242.525,2228.2625,2176.505,2185.175,2287.4075,2221.5106023921294,2213.9557075806574,2200.44747648447,2271.8242425532044,44.732719791875425,47.833415436089396,2.3314683517128287e-15,0.4452218982831699,-100.0,-107.0110701107016,7.554894811471968,18.470355016896903,-10.915460205424935,2311.2725106915173,2228.2625,2145.2524893084824,0.07450649166470956,0.24242564454717266,22.386863666258613,1.0243360176736953,10.75,178.53013134000287,-15.62079961938906,456.0,100,0,0,0,15.38635863458649,100.0,35.714285714285715,-64.28571428571429,2331.5236,-2331.5236,-0.004894706886738764,-0.004906725197937737,0.21338565486954225,0.08324434139976754,-0.017532029669588667,-0.03796632551997359,-0.007605857645589742,28.65,0.7329842931937173,3.184918801487478,0.11248073959938366,0.4380487804878049,1.1749999999999505,3.0960504201680497,2160.0,2340.0,0.011667810569663692,0.07069320521619767
2181.5,2181.5,2181.5,2181.5,20,2023-10-13 00:00:00-04:00,2197.2,2227.725,2228.975,2176.77,2184.085,2286.25875,2215.3551251010326,2211.551581093201,2199.7044381909614,2270.925493871083,44.05977328119338,47.3765589450606,2.3314683517128287e-15,0.04444444444449155,-100.0,-106.60206811772402,3.8035440078315332,15.53699281508383,-11.733448807252296,2310.101275028525,2228.975,2147.848724971475,0.07279244946984602,0.2074005925743102,21.073516261525857,0.9660103718324939,4.0,178.53013134000287,-13.712351499819988,436.0,100,0,0,0,14.978201352047964,100.0,28.571428571428573,-71.42857142857143,2322.762184,-2322.762184,-0.0018302447952414092,-0.0018319217397049648,0.20544374262604162,0.07460414557312321,-0.020541025928836,-0.06353294698433143,0.006575152843465215,28.1,0.7117437722419928,3.640991848595477,0.0,0.4224390243902439,-0.45639097744358653,3.087587034813919,2181.5,2340.0,0.0,0.07265642906257162
2169.25,2169.25,2169.25,2169.25,20,2023-10-16 00:00:00-04:00,2186.1,2213.625,2227.3375,2176.715,2183.2275,2285.125,2208.262028931643,2208.4181306418527,2198.510146497198,2269.9137974146543,41.97706660918382,45.96486739250379,2.3314683517128287e-15,4.7101211819722266e-14,-100.0,-112.21267239656235,-0.15610171020989583,12.398373910025084,-12.55447562023498,2311.8279247533465,2227.3375,2142.8470752466537,0.07586674651088697,0.15624802946857327,20.4432650999883,0.9424116676265206,12.25,178.53013134000287,-11.685045314558124,416.0,100,0,0,0,14.894048721807378,100.0,21.42857142857143,-78.57142857142857,2311.4612092800003,-2311.4612092800003,-0.005615402246160861,-0.005631227890065169,0.19783431457110065,0.06984703029885535,-0.024946623216091646,-0.0610323558056487,-0.01487284287011803,27.9,0.7168458781362007,3.1438643319915602,0.0,0.3746341463414634,-1.7355263157894418,3.0582112845137917,2169.25,2340.0,0.0,0.07871384118935115
2166.5,2166.5,2166.5,2166.5,20,2023-10-17 00:00:00-04:00,2179.8,2201.575,2226.225,2176.71,2182.5925,2283.825,2201.837101403698,2205.3130839276414,2197.254846634563,2268.884804405553,41.502776259911116,45.644278440147104,2.3314683517128287e-15,4.7101211819722266e-14,-100.0,-101.34917535168344,-3.4759825239434576,9.223502623231376,-12.699485147174833,2313.26592428279,2226.225,2139.18407571721,0.07819598134311671,0.1569142590561339,19.179460449989136,0.8852739649198771,2.75,178.53013134000287,-9.793415937445673,396.0,100,0,0,0,14.883188655023513,100.0,14.285714285714286,-85.71428571428572,2297.2400883520004,-2297.2400883520004,-0.0012677192578079977,-0.0012685234936349907,0.19684929116199962,0.03512646372114247,-0.014331210191082855,-0.052689112374289415,-0.010165619645916668,27.9,0.7168458781362007,3.2388550876165088,0.0,0.36390243902439023,-3.2139097744361367,3.0097719087635166,2166.5,2340.0,0.0,0.08008308331410108
2175.75,2175.75,2175.75,2175.75,20,2023-10-18 00:00:00-04:00,2175.7,2194.925,2223.2125,2177.565,2182.0175,2282.6525,2197.8237011877445,2203.123225858927,2196.4115193155603,2267.958089933856,43.80284214009379,46.95104411794858,16.2280701754386,5.409356725146246,-94.6685878962536,-76.93656825489694,-5.299524671182553,6.31889716434859,-11.618421835531143,2312.8242005474226,2223.2125,2133.6007994525776,0.08061460660861029,0.23517688142251617,18.470213274989913,0.8489124796042704,9.25,178.53013134000287,-8.129257016131874,416.0,100,0,0,0,14.561038161855787,92.85714285714286,7.142857142857143,-85.71428571428572,2281.55127774976,-2281.55127774976,0.004269559196861339,0.0042604704896590335,0.18002873413348577,0.06211142006277466,-0.00933409220261805,-0.0296577098896198,-0.026945438282647616,26.15,0.7648183556405355,2.1369247409997634,0.05674846625766871,0.4,-3.7806390977444355,2.900468187274926,2166.5,2340.0,0.0042514075606112835,0.07549120992761117
2184.0,2184.0,2184.0,2184.0,20,2023-10-19 00:00:00-04:00,2175.4,2190.875,2222.975,2178.79,2181.4075,2281.94625,2195.6969779280917,2201.7066906101177,2195.924793067891,2267.1226860539173,45.84795274039362,48.11909434328083,49.561403508771924,21.929824561403553,-87.82608695652173,-54.95261845386575,-6.00971268202602,3.8531751950736677,-9.862887877099688,2312.975124999918,2222.975,2132.9748750000817,0.0809726830035589,0.2834725229546329,17.74019804106206,0.8122801300852591,8.25,178.53013134000287,-6.70944136503698,436.0,100,0,0,0,13.983744750545268,85.71428571428572,0.0,-85.71428571428572,2267.745124419789,-2267.745124419789,0.0037917959324371697,0.00378462519517265,0.16470758829204288,0.06593726694762266,-0.0006863417982154729,-0.018206338503034436,-0.0021701884637349567,26.15,0.7648183556405355,2.6353903555340175,0.10736196319018405,0.4321951219512195,-4.884962406015064,2.781368547418963,2166.5,2340.0,0.008012820512820512,0.07142857142857142
2177.0,2177.0,2177.0,2177.0,20,2023-10-20 00:00:00-04:00,2174.5,2185.85,2221.05,2179.235,2180.9,2281.48125,2192.8205197853085,2199.8765653797386,2195.1826443201307,2266.2259429091023,44.37243483847885,47.193333678046564,69.56140350877193,45.116959064327524,-91.2863070539419,-63.473281235169495,-7.056045594430088,1.6713310371729162,-8.727376631603004,2313.2278986525343,2221.05,2128.872101347466,0.08300389334101813,0.2610598600970106,16.973041038129058,0.7796527808051933,7.0,178.53013134000287,-5.518658474585692,416.0,100,0,0,0,13.656317994393863,78.57142857142857,0.0,-78.57142857142857,2255.5957094894143,-2255.5957094894143,-0.0032051282051281937,-0.0032102756302482102,0.1584371464783653,0.06882926170071979,-0.0020628008251203367,-0.022561454708721507,-0.017377567140600347,26.15,0.7648183556405355,2.3268560381476178,0.06441717791411043,0.40487804878048783,-5.6597744360902515,2.7182833133253306,2166.5,2340.0,0.00482315112540193,0.07487367937528709
2174.25,2174.25,2174.25,2174.25,20,2023-10-23 00:00:00-04:00,2175.5,2180.8,2219.3125,2180.415,2180.0875,2281.03875,2189.963516741415,2197.9783012775356,2194.361756307577,2265.3107593975687,43.776383384665884,46.821753187751256,68.09523809523809,62.406015037594024,-89.76897689768977,-66.26766144680413,-8.014784536120715,-0.26589207748581,-7.748892458634905,2313.6188989080197,2219.3125,2125.0061010919803,0.0849870389213053,0.2610846107910926,15.957109535405554,0.7339132820699346,2.75,178.53013134000287,-4.529823794438755,396.0,100,0,0,0,13.436674094143779,71.42857142857143,0.0,-71.42857142857143,2244.9042243506847,-2244.9042243506847,-0.0012632062471290562,-0.0012640047646728515,0.15825365052437368,0.053245366293304314,0.002304944105105511,-0.022699179683110415,-0.01573110004526934,25.8,0.7751937984496123,2.380806537443357,0.04754601226993865,0.39414634146341465,-6.518609022556454,2.5498559423769436,2166.5,2340.0,0.0035644475106358514,0.07623318385650224
2184.0,2184.0,2184.0,2184.0,20,2023-10-24 00:00:00-04:00,2179.0,2179.4,2217.1,2182.475,2178.935,2280.5325,2189.046052627351,2196.9428715532736,2193.955412922966,2264.5016971150058,46.519369535496594,48.33608410303264,68.09523809523809,68.58395989974942,-71.19341563786008,-26.390352417750226,-7.8968189259226165,-1.7920774471731715,-6.104741478749445,2312.5334061008193,2217.1,2121.6665938991805,0.08608849948204358,0.3265806421860714,15.513744568590871,0.7103362897706443,9.75,178.53013134000287,-3.713498353066001,416.0,100,0,0,0,12.85807139944086,64.28571428571429,0.0,-64.28571428571429,2235.4957174286023,-2235.4957174286023,0.004484304932735439,0.004474280394921107,0.15558986903236888,0.05698027500068258,0.008077544426494443,-0.006369426751592355,-0.019858633456748542,23.4,0.8547008547008548,1.8779168099323786,0.10736196319018405,0.4321951219512195,-6.881954887218106,2.314825930372152,2166.5,2340.0,0.008012820512820512,0.07142857142857142
2213.25,2213.25,2213.25,2213.25,20,2023-10-25 00:00:00-04:00,2186.5,2181.1,2216.125,2185.23,2178.3725,2279.3825,2192.769736838528,2198.1508069937718,2194.712063396575,2263.991729979533,53.80121312443379,52.58890697388032,81.42857142857143,72.53968253968259,-23.045267489711932,97.80200206618926,-5.381070155243833,-2.5098759887873037,-2.8711941664565295,2311.297015319623,2216.125,2120.952984680377,0.0858904757805836,0.4848957700940519,16.49490567083438,0.745279822470773,29.25,178.53013134000287,-3.0419562767711454,436.0,100,0,0,0,12.55825908942509,57.142857142857146,7.142857142857143,-50.0,2227.21623133717,-2227.21623133717,0.013392857142857206,0.013303965626362886,0.16351160959414662,0.10243412177916779,0.017235436056532327,0.007740466704610149,-0.008733624454148492,24.2,0.8264462809917356,2.137695864603727,0.28680981595092025,0.5463414634146342,-6.689849624060184,2.1252581032412894,2166.5,2340.0,0.021122783237320683,0.05726872246696035
2193.5,2193.5,2193.5,2193.5,20,2023-10-26 00:00:00-04:00,2188.4,2181.9,2212.2125,2187.635,2177.9025,2278.025,2192.882085017216,2197.806302772011,2194.6645314986704,2263.29031973098,48.954337063744816,49.689020864472525,83.11965811965813,77.5478225478226,-53.648068669527895,31.247373194416312,-4.924217754794881,-2.992744341988819,-1.9314734128060622,2304.2995885357955,2212.2125,2120.1254114642047,0.08325338414442136,0.3983978085444285,16.727412408631924,0.7625900345854536,19.75,178.53013134000287,-2.490693038580389,416.0,100,0,0,0,11.726480690118654,50.0,0.0,-50.0,2219.93028357671,-2219.93028357671,-0.008923528747317278,-0.0089635818848898,0.151696430517319,0.1344543485696229,0.004349816849816834,0.0036604895904828183,-0.03444481126884558,23.35,0.8565310492505352,1.3129370800503932,0.1656441717791411,0.45271629778672035,-6.134774436090256,1.8704801920768275,2166.5,2340.0,0.012309095053567358,0.0667882379758377
2222.75,2222.75,2222.75,2222.75,25,2023-10-27 00:00:00-04:00,2197.55,2186.025,2206.875,2190.28,2178.0825,2276.6075,2197.477148860721,2199.6539840481582,2195.765922420291,2262.8869334650003,55.367399802398495,53.66247075074576,83.11965811965813,82.55596255596264,-0.0,186.84889696806601,-2.1768351874370637,-2.829562511078468,0.6527273236414044,2281.9550406233193,2206.875,2131.7949593766807,0.06804195128706364,0.6057205075290633,17.6218829508725,0.7927964436338996,29.25,178.53013134000287,-2.0387496194495895,441.0,100,0,0,0,11.711774531969938,42.85714285714286,0.0,-42.85714285714286,2166.5,2166.5,0.013334852974697942,0.013246726394979666,0.12710177176902193,0.1526985101461797,0.0210151584749656,0.01890900756360292,-0.04582528439579314,19.9,1.256281407035176,-0.7432591096131933,0.391304347826087,0.5704225352112676,-4.132330827067668,1.7152220888355256,2166.5,2310.25,0.025306489708694185,0.03936565065796873
2246.5,2266.0,2245.5,2263.75,99,2023-10-30 00:00:00-04:00,2215.45,2195.475,2204.55,2193.935,2178.6475,2275.17125,2207.6729721129177,2204.401837081628,2198.4319646783188,2262.895521191717,62.48253003152232,58.48781048920817,82.20502397331666,82.8147800708777,-2.2613065326633164,246.93207695327825,3.2711350312897594,-1.6094230026048226,4.880558033894582,2268.7766689156274,2204.55,2140.323331084373,0.058267373310314764,0.9608677438788644,19.45246274009589,0.8593026058573557,43.25,255.79842402292968,22.916843052894222,540.0,0,0,0,0,12.734727541295687,35.714285714285715,100.0,64.28571428571429,2167.625,2167.625,0.01844561916544829,0.018277562196374858,0.14466138040857354,0.171215357902443,0.041163619638955984,0.04356344358649311,-0.020127691808245807,23.85,4.150943396226415,1.2481287052592116,0.8070539419087137,0.7335359675785208,-1.687593984962443,1.6204681872749138,2166.5,2287.0,0.04295969077857537,0.010270568746548869
2257.0,2257.0,2251.5,2251.5,22,2023-10-31 00:00:00-04:00,2228.95,2203.975,2202.775,2197.31,2178.755,2273.41875,2214.4155917878534,2207.8905898903963,2200.5130641026985,2262.7821329211524,59.43391945799328,56.637516426618426,92.41869918699187,85.91446042665562,-14.57286432160804,162.9885885885879,6.525001897457059,0.017461977407553952,6.507539920049505,2259.288029471056,2202.775,2146.2619705289444,0.05131075981074389,0.9310952753378353,18.938001115803324,0.8411281863559104,12.25,233.79842402292968,24.042599777680863,518.0,0,0,0,0,13.684612478526741,28.571428571428573,92.85714285714286,64.28571428571429,2171.56,2171.56,-0.00541137493097732,-0.005426069455996761,0.141697490362736,0.19701959696278862,0.030906593406593297,0.03923378721440107,-0.015522518583296896,24.7,0.8906882591093118,1.179397686298325,0.8740359897172236,0.6466591166477916,0.28496240601499095,1.4836254501800612,2166.5,2266.0,0.03775260937153009,0.006440151010437486
2235.25,2235.25,2235.25,2235.25,20,2023-11-01 00:00:00-04:00,2233.35,2209.925,2202.425,2199.73,2178.565,2271.45375,2217.620885358953,2209.917212861478,2201.875296882985,2262.5081813497977,55.56119262794981,54.247179451597894,78.28076815250911,84.3014971042726,-30.90452261306533,89.96467105891385,7.703672497474599,1.5547040814209632,6.148968416053636,2258.035273331408,2202.425,2146.8147266685924,0.050499130123757056,0.7951343163193981,18.746001036103085,0.8386534408277859,16.25,233.79842402292968,22.317445730758976,498.0,100,0,0,0,13.966148449276572,21.42857142857143,85.71428571428572,64.28571428571429,2175.3376,2175.3376,-0.00721741061514547,-0.0072435821261989004,0.12583160768559493,0.20362413343928043,0.009940133288150799,0.02734689187636441,-0.0031218641989073648,24.7,0.8097165991902834,1.4263918439123384,0.7069408740359897,0.5730464326160816,1.3721804511277615,1.3694837935174196,2166.5,2266.0,0.030757185997092047,0.013756850464153899
2221.25,2221.25,2221.25,2221.25,20,2023-11-02 00:00:00-04:00,2238.9,2213.65,2202.2625,2201.535,2178.665,2269.34125,2218.1792106883445,2210.756678575443,2202.6350891620837,2262.097652182138,52.39366352832525,52.25226614160942,45.86206896551723,72.18717876833946,-44.97487437185929,46.69270349017438,7.422532112901536,2.7282696877170776,4.6942624251844585,2257.632274019805,2202.2625,2146.8927259801944,0.05028444521922831,0.6714608767701353,18.407000962095726,0.8286775897398189,14.0,233.79842402292968,19.58284219058558,478.0,100,0,0,0,13.737894871004354,14.285714285714286,78.57142857142857,64.28571428571429,2178.9640959999997,2178.9640959999997,-0.006263281512135066,-0.006282978146566316,0.1246053226438872,0.1953015585541145,0.01265101436061089,0.017055860805860856,-0.0014610024724657222,24.7,0.8097165991902834,1.4594493266142243,0.5629820051413882,0.5096262740656852,1.9896616541352747,1.2518007202881054,2166.5,2266.0,0.024648283624085537,0.020146314012380418
2246.0,2246.0,2246.0,2246.0,20,2023-11-03 00:00:00-04:00,2243.55,2220.55,2203.2,2204.23,2178.9175,2267.6225,2222.4593321209068,2213.367294977262,2204.3356739008254,2261.9374765385346,57.05483597735528,55.30337737251519,37.631156488794694,53.92466453560707,-20.100502512562816,90.87075690491204,9.092037143644575,4.001023178902577,5.091013964741998,2260.8195713278424,2203.2,2145.5804286721573,0.052305347973713286,0.8714015829489402,18.86007232194603,0.8397182690091733,24.75,233.79842402292968,16.683882361370507,498.0,100,0,0,0,14.16252027363845,7.142857142857143,71.42857142857143,64.28571428571429,2182.44553216,2182.44553216,0.011142374788970066,0.011080755829527294,0.13076446937934458,0.18818415612226091,0.01046001574626021,0.031694993109784075,0.008418453249523061,24.5,0.8163265306122449,1.6526272337220145,0.8174807197943444,0.6217440543601359,3.0090225563909896,1.1353181272509028,2166.5,2266.0,0.03539626001780944,0.008904719501335707
2271.75,2282.25,2271.75,2275.5,22,2023-11-06 00:00:00-05:00,2245.9,2230.675,2205.7375,2207.565,2179.235,2265.95625,2230.6194348715367,2217.969717571539,2207.1264317870678,2262.0724270207384,61.849538829060926,58.613189524009876,48.08056293311353,43.857929462475205,-6.25,138.55494839101397,12.64971729999752,5.730762003121566,6.918955296875954,2270.90525947503,2205.7375,2140.5697405249703,0.05908931545574205,1.0352531724428122,20.1022100132356,0.8834194688303934,36.25,227.5127097372154,11.981227671112492,520.0,0,0,0,0,15.337603139707669,0.0,100.0,100.0,2185.7877108735997,2185.7877108735997,0.013134461264470154,0.013048952158308126,0.1380769087877649,0.16100502558152627,0.005190502484815118,0.04656778199379086,0.022811551859759582,24.6,0.8943089430894309,1.9640345902057517,1.0,0.7356181150550796,4.382142857142861,1.0691836734693843,2166.5,2282.25,0.04790156009668205,0.002966381015161503
2250.75,2251.5,2250.75,2251.5,1,2023-11-07 00:00:00-05:00,2245.9,2237.425,2208.4125,2209.81,2179.4725,2263.96125,2233.8318295066847,2220.4534421958697,2208.8665717169865,2261.967228741925,56.33857918491053,55.126089924934206,64.61061757792227,50.107445666610225,-28.47222222222222,71.62380866750546,13.378387310815015,7.260287064660256,6.118100246154759,2276.4204544980134,2208.4125,2140.4045455019864,0.061589901794174354,0.816782796351114,20.434195012290196,0.9075813907301886,24.75,228.5127097372154,9.286393691360331,519.0,0,0,0,0,15.698595826130456,21.42857142857143,92.85714285714286,71.42857142857143,2191.5754482211837,2191.5754482211837,-0.010547132498352041,-0.010603147715070324,0.1362942358759206,0.17734317539614905,0.0,0.030906593406593297,0.024340309372156588,23.5,0.0425531914893617,2.2300353844407415,0.7798165137614679,0.6181150550795593,4.91372180451127,1.005258103241311,2166.5,2282.25,0.03775260937153009,0.013657561625582945
2251.25,2251.25,2251.25,2251.25,20,2023-11-08 00:00:00-05:00,2249.1,2241.225,2211.1625,2212.33,2179.46,2261.8925,2236.5115480441177,2222.7346686998794,2210.5286669437714,2261.8605896499653,56.282322229639625,55.09024218792512,62.56830601092896,58.41982884065498,-28.703703703703702,62.08981001727147,13.776879344238296,8.563605520575864,5.213273823662432,2281.392528299899,2211.1625,2140.932471700101,0.06352317235834001,0.7854014227989264,18.99246679712661,0.8436409460133975,0.25,228.5127097372154,7.339744000428993,499.0,100,0,0,0,16.0338033206659,14.285714285714286,85.71428571428572,71.42857142857143,2197.0159213279126,2197.0159213279126,-0.00011103708638682264,-0.00011104325146047137,0.13618026005593786,0.16579729977122162,0.007158036013868774,0.017169321134078874,0.025042686397268143,23.5,0.851063829787234,2.2437382095919864,0.7775229357798165,0.5522174535050072,5.33364661654133,0.8956782713085294,2166.5,2282.25,0.03764575235980011,0.01377012770682954
2232.0,2232.0,2232.0,2232.0,20,2023-11-09 00:00:00-05:00,2251.25,2245.075,2213.4875,2213.665,2179.605,2259.69875,2235.817463729638,2223.4209895369254,2211.3706800048,2261.563469354941,51.97836125159119,52.33851138073031,32.92349726775956,53.36747361887032,-46.52777777777777,6.944444444444445,12.396474192712503,9.330179255003191,3.066294937709312,2283.242513260696,2213.4875,2143.7324867393045,0.06302724841291917,0.6326965556641282,19.010862025903283,0.8517411301927994,19.25,228.5127097372154,5.8761378540998805,479.0,100,0,0,0,15.684535452367482,7.142857142857143,78.57142857142857,71.42857142857143,2202.1299660482377,2202.1299660482377,-0.008550805108273218,-0.008587572988964315,0.138966111409365,0.1731523444889941,0.0048396173325830905,0.017551857761568312,0.02127659574468077,23.45,0.8528784648187634,2.175510952048036,0.6009174311926605,0.44206008583690987,5.226127819548859,0.8266626650660379,2166.5,2282.25,0.029345878136200716,0.022513440860215055
2206.0,2206.0,2206.0,2206.0,20,2023-11-10 00:00:00-05:00,2243.25,2243.4,2214.7125,2214.275,2179.435,2257.44625,2231.230161617386,2222.1305458675233,2211.160065102651,2261.0105990131005,46.775502064919586,48.87624103912076,16.393442622950815,37.29508196721317,-77.60814249363867,-80.24308865586345,9.09961574986255,9.284066553975062,-0.1844508041125117,2283.0230546383586,2214.7125,2146.4019453616415,0.06168796594443617,0.4362287420580557,19.51008616691019,0.8844100710294739,26.0,228.5127097372154,4.743195534774344,459.0,100,0,0,0,14.56604413831795,0.0,71.42857142857143,71.42857142857143,2282.25,-2282.25,-0.011648745519713288,-0.011717123687753805,0.145899606436625,0.16454353637974656,-0.0178094390026714,-0.007535710268811169,0.011230804492321722,23.45,0.8528784648187634,1.9791409375585984,0.3623853211009174,0.2932761087267525,4.614097744360859,0.7151620648259106,2166.5,2282.25,0.017905711695376247,0.03456482320942883
2216.5,2216.5,2216.5,2216.5,20,2023-11-13 00:00:00-05:00,2231.45,2238.675,2217.075,2214.28,2179.57,2255.335,2228.963982907019,2221.7134683958548,2211.369474314312,2260.5677074806317,48.99587254973809,50.27117315533695,7.692307692307687,19.003082527672746,-74.08450704225352,-61.54326772883498,7.250514511164056,8.877356145412861,-1.6268416342488052,2282.123270538144,2217.075,2152.0267294618557,0.05867935955088949,0.495580205321042,18.86650858355946,0.8511846868287598,10.5,228.5127097372154,3.848519537343492,479.0,100,0,0,0,13.822979270978596,0.0,64.28571428571429,64.28571428571429,2280.725,-2280.725,0.004759746146872246,0.004748454371660515,0.1446818425635068,0.11405869988811836,-0.02592836739178206,-0.020872446162341296,0.021781721793246556,23.45,0.8528784648187634,2.1866439054192606,0.45871559633027525,0.35336194563662376,3.9218045112781517,0.7252340936374553,2166.5,2282.25,0.022558087074216106,0.02966388450259418
2202.0,2209.0,2191.25,2204.0,29,2023-11-14 00:00:00-05:00,2221.95,2233.925,2218.95,2214.76,2179.9275,2253.38,2225.123370152093,2220.4013596257914,2211.080475321594,2260.0048447196305,46.50844147346398,48.613137154437666,14.775641025641022,12.953797113633234,-85.98901098901099,-106.63077076478287,4.7220105263013465,8.046287021590558,-3.3242764952892117,2280.1042312518402,2218.95,2157.7957687481594,0.0551199722858473,0.37776806531641344,19.322472256162353,0.8767001931108145,25.25,241.17468156820132,7.1614595266769925,450.0,0,0,0,0,13.266210357429133,100.0,57.142857142857146,-42.85714285714286,2279.2305,-2279.2305,-0.005639521768553979,-0.005655483912303062,0.14645901026573627,0.10454148655750124,-0.021097046413502074,-0.021097046413502074,0.017309023771059362,23.9,1.2133891213389123,2.048452159287356,0.2938271604938272,0.28183118741058655,2.93646616541347,0.6170948379351849,2174.25,2282.25,0.013498185117967331,0.035503629764065334
2199.75,2199.75,2199.75,2199.75,26,2023-11-15 00:00:00-05:00,2211.65,2230.375,2220.15,2215.245,2180.43,2251.18375,2221.2197747440787,2218.87162928314,2210.636142956041,2259.405294025903,45.65967546164193,48.047402134870865,21.728606260814846,14.732184992921242,-90.65934065934066,-116.31986944104426,2.3481454609386674,6.90665870946018,-4.558513248521512,2278.7551192303085,2220.15,2161.5448807696916,0.052793837560803046,0.32595377103635387,18.2458670950079,0.8294518511198045,4.25,241.17468156820132,7.865711383524598,424.0,100,0,0,0,12.749210651990344,92.85714285714286,50.0,-42.85714285714286,2275.71128,-2275.71128,-0.0019283121597095665,-0.001930173747134945,0.1462192348350637,0.10074905965754143,-0.022876179900055527,-0.015881892405771203,0.011030679076180716,24.2,1.0743801652892562,1.91292485919768,0.2518518518518518,0.2575107296137339,1.9800751879698517,0.485630252100845,2174.25,2282.25,0.011592226389362428,0.037504261847937266
2179.75,2179.75,2179.75,2179.75,20,2023-11-16 00:00:00-05:00,2201.2,2226.225,2219.9375,2215.415,2180.5275,2249.04,2214.8398093988358,2215.9737308177223,2209.424921663647,2258.6127040355955,41.79424041811093,45.434770860048054,14.036298568507155,16.846848618321065,-100.00000000000001,-149.25648702594836,-1.1339214188865299,5.298542683790838,-6.4324641026773675,2279.0936228868027,2219.9375,2160.7813771131973,0.05329530483340425,0.16032679257141147,18.371162302507337,0.8428105196700234,20.0,241.17468156820132,7.438749744641854,404.0,100,0,0,0,12.822676987070455,100.0,42.85714285714286,-57.142857142857146,2272.3328288,-2272.3328288,-0.009091942266166608,-0.009133526217745696,0.14958912652031853,0.10214894184902197,-0.023409498207885293,-0.01868317388857621,-0.001945970695970689,24.2,0.8264462809917356,1.6552500952256044,0.05432098765432099,0.1430615164520744,0.8321428571428333,0.2943697478991442,2174.25,2282.25,0.0025232251404977636,0.04702374125473105
2177.5,2177.5,2177.5,2177.5,24,2023-11-17 00:00:00-05:00,2195.5,2219.375,2219.9625,2215.87,2180.82,2246.9,2209.0952233374765,2213.1238248312243,2208.1729639513474,2257.8056124531518,41.36992627086701,45.14479773861147,6.952965235173821,14.239290021498666,-99.99999999999999,-128.65809269594766,-4.0286014937478285,3.433113848283104,-7.461715342030932,2279.0463969178522,2219.9625,2160.878603082148,0.0532296351112707,0.14065928099632435,17.2196507094711,0.7907991140974099,2.25,241.17468156820132,6.5878336428587545,380.0,100,0,0,0,12.95181975506746,100.0,35.714285714285715,-64.28571428571429,2266.777859072,-2266.777859072,-0.0010322284665672532,-0.001032761581266536,0.14918058871951503,0.08266108851303547,-0.012919310970081588,-0.030498664292074817,0.0002296738631144546,24.4,0.9836065573770493,1.6945791761305542,0.03209876543209877,0.06748466257668712,-0.4520676691729765,0.056590636254493315,2174.25,2282.25,0.0014925373134328358,0.04810562571756601
2205.5,2208.0,2205.5,2208.0,24,2023-11-20 00:00:00-05:00,2193.8,2212.625,2221.65,2216.445,2181.64,2245.19,2208.9267274394033,2212.7442822511334,2208.1661810512946,2257.310034219787,48.937780651762225,49.71286909950466,32.27513227513227,17.754798692937808,-70.88305489260142,-41.155419222905074,-3.8175548117301332,1.9829801162804563,-5.80053492801059,2277.2396573114183,2221.65,2166.060342688582,0.050043577801560324,0.3772253629525762,18.168247087366023,0.8228372775075191,30.5,265.1746815682013,13.277201270051222,404.0,0,0,0,0,12.038524308668896,92.85714285714286,28.571428571428573,-64.28571428571429,2259.63563034624,-2259.63563034624,0.014006888633754322,0.013909698670328085,0.1570337741175597,0.14036342201705934,-0.0038348748026166835,-0.02966381015161501,0.015522593997930212,24.6,0.975609756097561,2.056008628283239,0.3112244897959184,0.254601226993865,-1.3447368421052945,-0.051608643457390455,2177.5,2282.25,0.01381340579710145,0.033627717391304345
2219.25,2219.25,2219.25,2219.25,20,2023-11-21 00:00:00-05:00,2196.85,2209.4,2223.4125,2216.985,2182.685,2243.7075,2210.5149232179565,2213.226187269568,2208.6008406179108,2256.9313274116303,51.428207687659956,51.28405710088555,65.60846560846561,34.94552103959062,-60.14319809069212,-3.439759649659144,-2.711264051611579,1.044131282702049,-3.755395334313628,2276.2843438774516,2223.4125,2170.540656122548,0.047559185600919075,0.4606359482218182,17.674086581125593,0.7963990799200448,11.25,265.1746815682013,14.80674245662533,424.0,100,0,0,0,11.508306125254013,85.71428571428572,21.42857142857143,-64.28571428571429,2253.064779918541,-2253.064779918541,0.005095108695652106,0.005082172551442726,0.15723781191751887,0.13739962664893773,0.00691923774954617,-0.014323784143904117,0.016140109890109944,24.6,0.8130081300813008,2.0682247035415724,0.4260204081632653,0.3236196319018405,-1.9734962406015315,-0.10426170468186834,2177.5,2282.25,0.018812661935338516,0.028387968908415006
2188.0,2188.0,2188.0,2188.0,20,2023-11-22 00:00:00-05:00,2194.5,2203.075,2222.15,2216.72,2183.4375,2242.055,2207.0510888767326,2211.3575808051555,2207.7929645152476,2256.2454435567884,44.88017472317552,47.000897610860534,73.99169914139974,57.29176567499926,-89.97613365155131,-83.34631636097556,-4.306491928422929,-0.025993359522946458,-4.280498568899983,2277.097338425052,2222.15,2167.2026615749483,0.0494542118444316,0.18924791465030935,18.643794682473764,0.8520929928004464,31.25,265.1746815682013,14.086396355076062,404.0,100,0,0,0,11.290286800273888,78.57142857142857,14.285714285714286,-64.28571428571429,2247.0195975250576,-2247.0195975250576,-0.014081333783936056,-0.014181416406556941,0.15840315267780528,0.17729714285183926,-0.005341516081372899,-0.028095502498611924,-0.011408562069355033,24.6,0.8130081300813008,1.5187408850057071,0.10714285714285714,0.13190184049079753,-2.6398496240602243,-0.21099639855942012,2177.5,2282.25,0.0047989031078610606,0.043075868372943325
2191.0,2200.25,2191.0,2200.25,22,2023-11-24 00:00:00-05:00,2198.6,2199.9,2222.4875,2216.68,2184.2475,2240.715,2206.0047675110814,2210.5347970418106,2207.497161985238,2255.6882749641836,47.691754259784055,48.76225405761751,59.88023952095807,66.49346809027453,-78.2816229116945,-50.807153694998085,-4.53002953072928,-0.9268005937642132,-3.603228936965067,2276.8061144428975,2222.4875,2168.168885557103,0.04888091783904057,0.29530497760231494,18.187095062297068,0.8265922082625641,12.25,287.1746815682013,19.511127826708076,426.0,0,0,0,0,10.699688141604227,71.42857142857143,7.142857142857143,-64.28571428571429,2241.458029723053,-2241.458029723053,0.005598720292504522,0.005583105712049238,0.1565697302016851,0.16544281521006773,0.009404748250946282,-0.014224910394265211,0.00307727376339173,24.7,0.8906882591093118,1.8203833063871522,0.23214285714285715,0.20705521472392638,-3.4050751879700396,-0.28518607442975835,2177.5,2282.25,0.0103397341211226,0.03726849221679355
2209.5,2209.5,2175.5,2184.75,25,2023-11-27 00:00:00-05:00,2200.05,2197.775,2220.5875,2217.03,2185.065,2239.20125,2202.734803278607,2208.6248120757505,2206.6051164171895,2254.9824214819528,44.59231684336173,46.70028029547834,33.594525235243786,55.82215463253393,-87.82894736842105,-66.95078828307172,-5.8900087971433095,-1.9194422344400326,-3.9705665627032767,2277.3403138068693,2220.5875,2163.834686193131,0.051115133996628544,0.18426675616511526,19.316588272132993,0.8841555451256662,34.0,275.77762274467193,16.330260364279297,401.0,0,0,-100,0,10.593985235323085,100.0,0.0,-100.0,2236.341387345209,-2236.341387345209,-0.007044654016589047,-0.007069584746267459,0.15048723949073536,0.17727890036762287,0.0033295063145808435,-0.009632819582955587,-0.017095939714317887,24.7,1.0121457489878543,1.3108956316049776,0.07397959183673469,0.11196319018404909,-3.940037593985004,-0.48136854741894863,2175.5,2282.25,0.0042338940382194755,0.04462753175420529
2188.5,2188.5,2188.5,2188.5,27,2023-11-28 00:00:00-05:00,2196.15,2194.975,2216.825,2216.76,2185.8375,2237.99875,2200.5448335434367,2207.1340852553244,2205.8951118518094,2254.3209048502918,45.5148917648308,47.26674494185295,35.11605360707156,42.8636061210912,-82.83828382838284,-65.82896270396293,-6.589251711887755,-2.853404129929577,-3.735847581958178,2271.5751369861355,2216.825,2162.074863013864,0.04939509161628515,0.24132484812620159,18.20468910983778,0.8318340922932501,3.75,275.77762274467193,13.544427278351236,428.0,100,0,0,100,10.495832536633454,92.85714285714286,0.0,-92.85714285714286,2230.2572486106883,-2230.2572486106883,0.001716443529007794,0.0017149721232962512,0.13275417725430222,0.13585702859806903,-0.008831521739130488,-0.012632528761561068,-0.033241303147432344,21.1,1.2796208530805686,-0.46887669049119285,0.11224489795918367,0.13496932515337423,-3.7169172932330916,-0.5853061224489762,2175.5,2282.25,0.005940141649531642,0.04283755997258396
2171.5,2171.5,2171.5,2171.5,26,2023-11-29 00:00:00-05:00,2186.6,2191.725,2212.825,2216.415,2186.3975,2236.91125,2196.0763976136773,2204.4945233845597,2204.546283936052,2253.4968162448163,42.09316320705148,44.990716187543825,16.952380952380935,28.554319931565487,-100.0,-131.19601815254097,-8.418125770882398,-3.966348458120141,-4.451777312762257,2268.5383511826635,2212.825,2157.111648817336,0.05035495457857147,0.12912839451615235,18.11863988770651,0.8343836006312002,17.0,275.77762274467193,11.173456717894226,402.0,100,0,0,0,10.892196083228503,100.0,0.0,-100.0,2224.7815237496193,-2224.7815237496193,-0.007767877541695278,-0.007798204656073517,0.13389699516729034,0.12535203597148814,-0.021516278021854185,-0.01474591651542645,-0.035531867643793014,21.3,1.220657276995305,-0.551791258093769,0.0,0.03067484662576687,-3.8169172932331428,-0.7603961584633916,2171.5,2282.25,0.0,0.05100161178908588
2160.25,2160.25,2160.25,2160.25,20,2023-11-30 00:00:00-05:00,2181.05,2187.775,2209.075,2214.9,2186.725,2235.8075,2190.56464413465,2201.2171512819996,2202.8091747620892,2252.5689872274547,39.95261255873404,43.534101986972615,9.904761904761887,20.657732154738188,-100.0,-159.57138719953795,-10.652507147349752,-5.303580195966063,-5.348926951383689,2268.235607671007,2209.075,2149.9143923289926,0.05356142971244277,0.08735210875861738,17.628022752870333,0.8160177179896,11.25,275.77762274467193,9.187745423353249,382.0,100,0,0,0,11.565217229583173,100.0,0.0,-100.0,2218.387740899665,-2218.387740899665,-0.005180750633202891,-0.005194217253367934,0.13299084039672254,0.09356273842103528,-0.012682815356489963,-0.017956585975679062,-0.03355329381500949,21.3,0.9389671361502347,-0.5110580584549175,0.0,0.0,-4.213909774436161,-0.8445858343337467,2160.25,2282.25,0.0,0.056474945029510476
2174.5,2174.5,2174.5,2174.5,20,2023-12-01 00:00:00-05:00,2175.9,2187.25,2206.7375,2214.615,2186.5325,2234.90625,2188.0931604216266,2199.2381030388883,2201.6990110459287,2251.7921813843955,43.847794844169975,45.86514481752085,9.644670050761404,12.167270969301471,-75.84745762711864,-78.84322678843327,-11.144942617261677,-6.471852680225186,-4.673089937036491,2267.4627984759804,2206.7375,2146.01220152402,0.055036268224906905,0.23456285264080137,17.386735413379593,0.7995739440505677,14.25,275.77762274467193,7.540159400736172,402.0,100,0,0,0,11.63266490133964,92.85714285714286,50.0,-42.85714285714286,2210.248457173712,-2210.248457173712,0.006596458743201028,0.006574797316184435,0.13492209987853843,0.09913005462783177,-0.01170321554368825,-0.002408533088656961,-0.02104670793472141,21.3,0.9389671361502347,-0.2538632533481956,0.12364425162689804,0.08419497784342689,-4.5156015037594175,-1.003685474189679,2160.25,2282.25,0.006553230627730513,0.04955162106231317
2148.75,2148.75,2148.75,2148.75,20,2023-12-04 00:00:00-05:00,2168.7,2184.375,2201.875,2213.28,2185.6,2233.8375,2182.0403665106073,2195.498243554526,2199.622579240206,2250.766886047237,38.93306834919932,42.533584601452674,9.644670050761404,9.731367335428295,-100.0,-167.76704240472498,-13.45787704391887,-7.869057552963922,-5.588819490954948,2264.781180141541,2201.875,2138.968819858459,0.0571387387036421,0.07774419078962508,17.98411145528105,0.8369569030962676,25.75,275.77762274467193,6.18067790050776,382.0,100,0,0,0,12.395787907321179,100.0,42.85714285714286,-57.142857142857146,2203.248673169392,-2203.248673169392,-0.011841802713267402,-0.011912475340634065,0.1320593533476121,0.1176123332659297,-0.016477857878475777,-0.01320321469575203,-0.04329919857524489,21.3,0.9389671361502347,-0.713546803392945,0.0,0.0,-4.724060150375961,-1.1564945978391528,2148.75,2282.25,0.0,0.06212914485165794
2126.0,2126.0,2126.0,2126.0,20,2023-12-05 00:00:00-05:00,2156.2,2176.175,2194.4,2211.62,2184.51,2232.74875,2173.4187716628217,2190.3502255134504,2196.735419270002,2249.5254244945286,35.18117262922999,39.84842835382445,9.644670050761404,9.644670050761468,-100.0,-202.5182239893968,-16.931453850628714,-9.68153681249688,-7.249917038131834,2256.051926166156,2194.4,2132.748073833844,0.05619023529543934,-0.054727193888943045,18.32453206561812,0.8619253088249351,22.75,275.77762274467193,5.062646568549951,362.0,100,0,0,0,13.639152293628035,100.0,35.714285714285715,-64.28571428571429,2194.5288854622895,-2194.5288854622895,-0.01058755090168706,-0.010643997795165805,0.12204380371029112,0.11701533548612732,-0.02855837331505595,-0.03713768115942029,-0.06569984618765101,21.2,0.9433962264150944,-1.2142559692450297,0.0,0.0,-4.645488721804552,-1.3723409363745553,2126.0,2251.5,0.0,0.0590310442144873
2109.75,2109.75,2109.75,2109.75,20,2023-12-06 00:00:00-05:00,2143.85,2165.225,2187.3125,2209.25,2183.5375,2231.24,2163.6235760223876,2184.37983843838,2193.3242263574525,2248.134624250802,32.753206635269045,38.04699103148959,-1.7763568394002505e-14,6.429780033840992,-100.0,-194.54335260115747,-20.756262415992296,-11.896481933195963,-8.859780482796333,2253.502165923001,2187.3125,2121.122834076999,0.06052145353990436,-0.0859109493786317,18.176351203788254,0.8615405239382985,16.25,275.77762274467193,4.145029517426281,342.0,100,0,0,0,15.139755619534439,100.0,28.571428571428573,-71.42857142857143,2182.1936860790775,-2182.1936860790775,-0.0076434619002822,-0.007672822863817296,0.12019839592852531,0.1168838514509501,-0.028436564586691193,-0.04934099357891175,-0.06295802798134575,22.15,0.9029345372460498,-1.3565780747523215,0.0,0.0,-4.953195488721877,-1.5713085234093582,2109.75,2251.25,0.0,0.0670695580045029
2092.5,2092.5,2092.5,2092.5,35,2023-12-07 00:00:00-05:00,2130.3,2155.675,2179.375,2206.445,2182.82,2229.895,2152.6814874035585,2177.5739244799815,2189.3703351277486,2246.586021024426,30.3580875295961,36.22182122800918,-1.7763568394002505e-14,3.214890016920519,-100.0,-173.95474740341888,-24.892437076422993,-14.495672961841368,-10.396764114581625,2250.854629965456,2179.375,2107.895370034544,0.06559644849138477,-0.10769061089141284,18.110183260660524,0.8654806815130478,17.25,275.77762274467193,3.3928198585642235,307.0,100,0,0,0,16.874540229688343,100.0,21.42857142857143,-78.57142857142857,2167.704948863262,-2167.704948863262,-0.008176324209029473,-0.008209933674445504,0.12084031126434841,0.11792476716830118,-0.031362110866797854,-0.04364716636197441,-0.07051637978900616,22.9,1.5283842794759825,-1.6405286803406165,0.0,0.0,-5.298120300751935,-1.7884633853541299,2092.5,2232.0,0.0,0.06666666666666667
2133.0,2133.0,2109.0,2109.0,25,2023-12-08 00:00:00-05:00,2117.2,2146.55,2173.225,2203.19,2182.5375,2228.74125,2145.961258572242,2172.4943745185014,2186.2185572796016,2245.2170058898546,35.236548179409645,39.15341191530405,9.777777777777759,3.259259259259304,-86.98224852071006,-95.65786716949533,-26.533115946259386,-16.90316155872497,-9.629954387534415,2246.673604479606,2173.225,2099.7763955203936,0.06759410965694419,0.06278951482439254,19.709455884899057,0.9345403454195855,40.5,250.77762274467193,-5.177885898112436,332.0,0,0,0,0,16.931325992796587,92.85714285714286,14.285714285714286,-78.57142857142857,2152.6639590906098,-2152.6639590906098,0.007885304659498216,0.007854378115144217,0.12592597877340037,0.12684338900927852,-0.03012186709588416,-0.04147255993637089,-0.05510752688172038,23.15,1.0799136069114472,-1.272379961687697,0.1301775147928994,0.06962025316455696,-5.472556390977511,-1.8578151260504383,2092.5,2219.25,0.007823613086770981,0.052275960170697015
2093.5,2093.5,2082.75,2093.25,24,2023-12-11 00:00:00-05:00,2106.1,2137.4,2167.5875,2198.465,2182.0375,2227.735,2137.8518341765125,2166.6244208504645,2182.5727315039308,2243.704896378513,32.869604658011895,37.42905943287174,16.742951907130994,8.840243228302974,-92.3076923076923,-123.30751094644572,-28.77258667395199,-19.277046581770374,-9.495540092181617,2247.160936993748,2167.5875,2088.0140630062524,0.07342119936911215,0.032900030409387764,20.176637607406267,0.9638904864400462,26.25,273.6613436749045,-0.9321828754868307,308.0,100,100,0,0,17.561682460768658,100.0,7.142857142857143,-92.85714285714286,2140.631167272488,-2140.631167272488,-0.0074679943100995905,-0.00749601939423337,0.12286696314307176,0.1177883383568556,-0.025828970331588152,-0.04188122210779266,-0.051110607434270205,23.35,1.0278372591006424,-1.2186369147358214,0.005917159763313609,0.003444316877152698,-6.097556390977477,-1.8071668667467153,2082.75,2219.25,0.005016123253314225,0.060193479039770695
2093.25,2093.25,2093.25,2093.25,20,2023-12-12 00:00:00-05:00,2099.55,2127.875,2161.425,2194.125,2181.49,2226.56625,2130.990013533972,2161.189278565245,2179.0698792880903,2242.2078327329555,32.869604658011895,37.429059432871746,23.70812603648423,16.742951907131058,-91.71597633136093,-99.2857939962052,-30.199265031272716,-21.461490271670844,-8.737774759601873,2243.9280453983224,2161.425,2078.921954601678,0.07634134462062965,0.0868334334153768,18.735449206877245,0.8950411659800428,0.0,273.6613436749045,0.8894395315406314,308.0,100,0,0,0,18.147013466742724,92.85714285714286,0.0,-92.85714285714286,2133.0,-2133.0,0.0,0.0,0.12022320678478876,0.11105818185377464,-0.015404515522107198,-0.04352296093214536,-0.05560568463794269,23.35,0.8565310492505352,-1.3138318376732663,0.005917159763313609,0.0038560411311053984,-6.3872180451128315,-1.7809723889555746,2082.75,2219.25,0.005016123253314225,0.060193479039770695
2094.5,2113.5,2094.5,2113.5,22,2023-12-13 00:00:00-05:00,2100.3,2122.075,2156.9,2190.655,2181.0875,2225.51625,2128.299242221053,2157.656739412264,2176.498511472871,2240.927157780389,38.98142314670828,41.10571267129214,34.328358208955216,24.926478717523548,-75.73964497041419,-62.71671435785261,-29.35749719121077,-23.04069165557883,-6.316805535631939,2239.4934924797267,2156.9,2074.3065075202735,0.07658537018844322,0.23726743659221664,18.843631406386013,0.8915841687431281,20.25,295.6613436749045,8.553790558820936,330.0,0,0,0,0,17.96492798877936,85.71428571428572,14.285714285714286,-71.42857142857143,2122.95,-2122.95,0.00967395198853449,0.009627458922303272,0.12754131338081653,0.13225789702176968,0.00177746178457161,-0.026709647708956896,-0.04106170598911074,23.0,0.9565217391304348,-0.9374587626374419,0.16568047337278108,0.11475409836065574,-6.399624060150424,-1.7432292917166874,2082.75,2219.25,0.014549325762952448,0.05003548616039744
2175.0,2175.0,2175.0,2175.0,21,2023-12-14 00:00:00-05:00,2116.8,2123.55,2155.6625,2189.31,2180.9975,2224.495,2135.483974187045,2158.941425381726,2176.439746317072,2240.2711661606836,52.982105235872524,50.399728886131115,60.696517412935314,39.57766721945832,-27.218934911242602,71.3421439060208,-23.457451194680743,-23.124043563399212,-0.3334076312815313,2236.37096842186,2155.6625,2074.9540315781396,0.07488043088550299,0.6197984572010689,21.89051487735844,1.0064604541314226,61.5,295.6613436749045,10.911589564633687,351.0,100,0,0,0,17.293188505127368,78.57142857142857,7.142857142857143,-71.42857142857143,2082.75,2082.75,0.02909865152590485,0.028683323515939822,0.1688424692294013,0.21752941385775404,0.03942652329749108,0.006827913435945021,-0.011251278554381128,22.75,0.9230769230769231,-0.2762509644409914,0.650887573964497,0.45081967213114754,-5.464473684210556,-1.6537094837935247,2082.75,2219.25,0.042413793103448276,0.020344827586206895
2207.5,2207.5,2207.5,2207.5,20,2023-12-15 00:00:00-05:00,2136.5,2126.85,2157.05,2188.97,2181.5175,2223.69625,2146.5633627736534,2162.538356834931,2177.6577954811087,2239.9450849053533,58.412626752249494,54.393257941940654,87.0646766169154,60.69651741293538,-0.0,128.23649337410845,-15.974994061277812,-21.69423366297493,5.719239601697119,2240.2818448672087,2157.05,2073.8181551327916,0.07717191986018734,0.8030690962124519,22.64833524326141,1.0259721514501206,32.5,295.6613436749045,10.88418101568135,371.0,100,0,0,0,17.36367377656203,71.42857142857143,0.0,-71.42857142857143,2084.595,2084.595,0.014942528735632177,0.014831988955330604,0.17411569395562632,0.22331875726627706,0.04670459933617832,0.015175902506323391,0.012730817754329715,22.75,0.8791208791208791,0.2044384555949843,0.9072978303747534,0.6284153005464481,-4.343609022556435,-1.524729891956797,2082.75,2219.25,0.0565118912797282,0.005322763306908267
2237.75,2237.75,2237.75,2237.75,21,2023-12-18 00:00:00-05:00,2165.4,2135.75,2160.0625,2189.18,2182.3775,2223.03625,2160.592076193091,2168.109589661973,2180.014352521065,2239.923243264504,62.7277274394074,57.7201417826067,99.99999999999999,82.58706467661698,-0.0,162.76053728578123,-7.5175134688820435,-18.858889624156355,11.341376155274311,2250.118576280286,2160.0625,2070.006423719714,0.08338284311707286,0.931328474484105,23.19131129731417,1.0363673912328977,30.25,295.6613436749045,9.883497426047995,392.0,100,0,0,0,17.991160642814584,64.28571428571429,100.0,35.714285714285715,2089.5112,2089.5112,0.013703284258210546,0.013610243272933158,0.17994218879474644,0.16693300956604595,0.0690314104860863,0.041419429901105254,0.027669345579793392,22.6,0.9292035398230087,0.5169809082150199,1.0,0.7937158469945356,-2.867857142857219,-1.3162064825930242,2082.75,2237.75,0.06926600379845828,0.0
2224.25,2224.25,2209.75,2211.25,23,2023-12-19 00:00:00-05:00,2189.0,2144.275,2160.225,2188.91,2182.705,2222.24875,2168.3856029326157,2171.305175612938,2181.2392798731803,2239.6379373613745,57.13484517831143,54.09069099739213,93.83362420011633,93.63276693901064,-17.096774193548388,109.35238095238162,-2.9195726803222897,-15.671026235389542,12.751453555067252,2250.637512961443,2160.225,2069.812487038557,0.08370657034470308,0.7821788618006889,23.53478906179173,1.0643205906971953,28.0,277.4199643645597,2.7715518655385267,369.0,0,0,0,0,17.78472600855191,57.142857142857146,92.85714285714286,35.714285714285715,2098.405528,2098.405528,-0.011842252262317055,-0.011912930277053299,0.17936535902217124,0.2346358812180318,0.05637167084676942,0.04009877704609588,0.0014719202898549888,22.55,1.0199556541019956,-0.09155622102837613,0.8175559380378657,0.6489071038251366,-1.3796992481203632,-1.1771668667467292,2082.75,2237.75,0.05811192764273601,0.011984171848501979
2187.75,2187.75,2187.75,2187.75,20,2023-12-20 00:00:00-05:00,2203.85,2152.075,2158.65,2188.705,2182.2775,2221.54375,2171.3647409429827,2172.5233107527206,2181.4946022310946,2239.121639477182,52.65158213499343,51.098866743365015,67.27319923331687,87.03560781114446,-32.25806451612903,59.66348340154648,-1.1585698097378554,-12.768534950259205,11.60996514052135,2245.9382294470206,2158.65,2071.3617705529796,0.08087298028584579,0.6666891411611351,23.532304128806608,1.0756395442261046,23.5,277.4199643645597,-0.38983966971892414,349.0,100,0,0,0,17.025839773727654,50.0,85.71428571428572,35.714285714285715,2106.76619632,2106.76619632,-0.010627473148671518,-0.010684348058054492,0.18225663756001556,0.28198052418982705,0.035131298793470656,0.03697120511909002,-0.014193984454207498,22.55,0.8869179600886917,-0.4060078579148486,0.6557659208261618,0.5204918032786885,-0.054511278195560585,-1.1576350540216074,2082.75,2237.75,0.04799451491258142,0.022854530910753058
2184.25,2184.25,2184.25,2184.25,20,2023-12-21 00:00:00-05:00,2205.7,2161.25,2158.4625,2188.465,2182.135,2220.8275,2173.3470884902163,2173.391954400667,2181.6026570455615,2238.5756530147223,51.9971604841046,50.660665184599196,33.93986589998354,65.01556311113897,-34.516129032258064,52.30547366540303,-0.04486591045088062,-10.22380114229754,10.17893523184666,2245.5135302925655,2158.4625,2071.4114697074347,0.0806602202193139,0.6481171441241533,22.101425262463277,1.0118541953743059,3.5,277.4199643645597,-1.6476962368952286,329.0,100,0,0,0,16.231743679306984,42.85714285714286,78.57142857142857,35.714285714285715,2114.6252245408,2114.6252245408,-0.0015998171637526815,-0.0016010982377364764,0.17531176648919394,0.20431488434546322,0.004252873563218351,0.043847072879330984,-0.0017138939670932052,22.55,0.8869179600886917,-0.15637752551118111,0.6316695352839932,0.5013661202185792,0.7746240601503139,-1.1496398559423835,2082.75,2237.75,0.046469039716149706,0.024493533249399107
2268.0,2268.0,2268.0,2268.0,21,2023-12-22 00:00:00-05:00,2217.8,2177.15,2161.85,2190.115,2183.31,2220.6375,2187.909074876337,2180.3999577783957,2184.990788141814,2238.8684325867152,63.642287687204536,59.406896779870046,40.10624169986719,47.10643561105592,-0.0,138.87512202448016,7.509117097941271,-6.677217494249779,14.186334592191049,2259.739912657037,2161.85,2063.9600873429627,0.09056124398736014,1.0421906972779846,26.504894886573044,1.1686461590199755,83.75,277.4199643645597,-2.012483356476821,350.0,100,0,0,0,17.04942337658213,35.714285714285715,100.0,64.28571428571429,2122.012711068352,2122.012711068352,0.03834268055396595,0.03762586566943876,0.22165504057009705,0.3327164543209197,0.027406568516421315,0.07539118065433859,0.03079195545960678,22.5,0.9333333333333333,0.5256469196870043,1.0,0.9590163934426229,2.9992481203007277,-0.9697599039615821,2082.75,2268.0,0.08167989417989419,0.0
2251.5,2251.5,2251.5,2251.5,0,2023-12-26 00:00:00-05:00,2220.55,2192.975,2165.1875,2191.515,2184.1425,2220.43625,2197.6922941261314,2185.6666275725884,2187.5989925284093,2238.9941198246584,60.526917377411934,57.3054796764756,60.09950248756218,44.715203362471016,-8.906882591093117,100.79205915122057,12.025666553543033,-2.9366406846912163,14.96230723823425,2270.260911836677,2165.1875,2060.114088163323,0.09705710183222213,0.910724742307604,25.790259537532112,1.1454701104833271,16.5,277.4199643645597,-1.9787614184441509,350.0,100,0,0,0,17.381935129003107,28.571428571428573,92.85714285714286,64.28571428571429,2133.691694182884,2133.691694182884,-0.007275132275132323,-0.007301725106016402,0.22177586051570744,0.3338401667187764,0.006144564853089118,0.07560014331780729,0.030552694816340598,21.25,0.0,0.7017632701017305,0.905982905982906,0.8688524590163934,4.641541353383424,-0.8464225690276141,2082.75,2268.0,0.07495003331112592,0.0073284477015323115
2327.5,2327.5,2327.5,2327.5,12,2023-12-27 00:00:00-05:00,2243.8,2216.4,2172.1375,2194.68,2185.6975,2220.57625,2217.662710414419,2196.172803307952,2193.085306546903,2239.874775348791,68.23901028462043,63.54254988948834,93.4328358208955,64.54619333610833,-0.0,161.23870553098175,21.489907106466944,1.9486688735404165,19.541238232926528,2298.6585926091093,2172.1375,2045.6164073908903,0.1164945521258295,1.1139786528717273,29.376669570565532,1.2621555132358984,76.0,277.4199643645597,-1.7850786784813408,362.0,100,0,0,0,18.744267845799715,21.42857142857143,100.0,78.57142857142857,2144.436358648253,2144.436358648253,0.03375527426160341,0.03319806940959583,0.24943816738542487,0.37437863982357367,0.05257207461842839,0.11190732115131974,0.06351382225268454,20.5,0.5853658536585366,1.060482585957761,1.0,1.0,7.328383458646594,-0.5809843937575193,2082.75,2327.5,0.10515574650912997,0.0
2317.0,2327.0,2313.0,2319.0,57,2023-12-28 00:00:00-05:00,2270.05,2236.95,2179.5125,2197.73,2187.22,2220.5875,2233.253062658355,2205.2711141740297,2198.0231376627107,2240.662091016962,66.67012039109103,62.4708321531964,91.45494169640453,81.66242666828744,-3.4729315628192037,129.4057735764982,27.98194848432513,7.15532479569736,20.82662368862777,2321.299882636827,2179.5125,2037.7251173631726,0.13010926309147322,0.9918896780727028,28.31405031552514,1.2209594788928477,14.5,269.2771072217025,-4.134474041361841,305.0,0,0,0,0,19.64607772162943,14.285714285714286,92.85714285714286,78.57142857142857,2162.742722783428,2162.742722783428,-0.0036519871106337476,-0.0036586718956905027,0.2474579784447906,0.3521728732908776,0.05999314364072683,0.09723207948899937,0.06792539719088198,22.05,2.585034013605442,1.0542841367357145,0.9638297872340426,0.9638297872340426,9.41635338345861,-0.3574789915966352,2082.75,2327.5,0.101875808538163,0.0036653730056058647
2332.5,2346.5,2332.25,2332.25,33,2023-12-29 00:00:00-05:00,2299.65,2252.675,2188.1125,2200.86,2189.2125,2221.03625,2248.483360710916,2214.676957568546,2203.2869361857415,2241.5734134944055,67.90871308896659,63.47902676828707,93.02210587550901,92.63662779760305,-5.402843601895734,125.52783109404992,33.80640314236962,12.48554046503181,21.320862677337807,2344.3154509164206,2188.1125,2031.9095490835798,0.1427741497902145,0.9613789277166843,28.255903864416204,1.2115298044556202,27.5,236.27710722170252,-15.219729049689136,338.0,100,0,0,0,20.734495402389975,7.142857142857143,100.0,92.85714285714286,2179.218450505085,2179.218450505085,0.005713669685209144,0.005697408585538769,0.24545811649503163,0.3380359754651895,0.0677578116058144,0.07229885057471264,0.0796204143039001,22.7,1.4537444933920705,1.346450249011674,1.0,1.0,11.29417293233078,-0.09478991596637454,2082.75,2346.5,0.10697823989709508,0.006109979633401222
2284.5,2284.5,2278.75,2278.75,23,2024-01-02 00:00:00-05:00,2301.8,2259.8,2193.325,2202.755,2190.7725,2221.26375,2253.13976675539,2219.423108859765,2206.246272021595,2241.9433297780433,58.46180710763185,56.98836687287381,69.25017605094762,84.57574120762042,-26.752221125370184,57.682151589241506,33.7166578956253,16.73176395115051,16.984893944474795,2354.2493688817935,2193.325,2032.4006311182063,0.14674010361601098,0.7654197142222403,30.059053588386472,1.31910273563956,53.5,213.27710722170252,-25.6891761849422,315.0,0,0,0,0,20.47905272447657,0.0,92.85714285714286,92.85714285714286,2199.292236444475,2199.292236444475,-0.022939221781541397,-0.02320641984819759,0.2629978544917842,0.33282176715464923,0.004739858906525507,0.03227633069082669,0.04794205564497589,22.85,1.0065645514223194,0.6869189731722014,0.7768508863399375,0.7768508863399375,12.37406015037594,0.04719087635053467,2082.75,2346.5,0.08601206801974767,0.02973121228743829
2251.0,2251.0,2251.0,2251.0,33,2024-01-03 00:00:00-05:00,2301.7,2261.125,2198.4375,2204.235,2191.735,2221.3725,2252.8105718699453,2221.7621378331155,2208.001320177611,2242.033445899655,54.24649564657855,53.98223545195858,37.89473684210527,66.72233958952067,-37.8968253968254,15.18304431599216,31.048434036829804,19.595097968286368,11.453336068543436,2359.868590174722,2198.4375,2037.0064098252778,0.14685984038638547,0.6628016633695216,29.89412118921601,1.3280373695786765,27.75,213.27710722170252,-27.636752178005537,282.0,100,0,0,0,19.669566092720977,0.0,85.71428571428572,85.71428571428572,2216.957168071138,2216.957168071138,-0.01217772901810199,-0.012252485086140512,0.2632429523520738,0.3422980260582474,-0.0002220741727737563,0.005921126131158472,0.047585805700989026,23.5,1.4042553191489362,0.5218899698401838,0.6611053180396246,0.6611053180396246,12.494172932330837,0.09763505402161002,2082.75,2346.5,0.07474455797423367,0.042425588627276765
2218.75,2218.75,2218.25,2218.25,22,2024-01-04 00:00:00-05:00,2279.85,2261.825,2203.05,2205.115,2192.765,2221.26125,2247.493560813031,2221.501979475107,2208.4032291902536,2241.7967946966733,49.692608839058046,50.670078240837704,9.561403508771932,38.90210546727497,-74.78134110787171,-44.10116199589906,25.99158133792389,20.874394642213872,5.117186695710018,2361.17642094222,2203.05,2044.9235790577802,0.14355227611013807,0.5480628092049022,30.098112532843434,1.3568404162219514,32.75,191.27710722170252,-32.921055795349105,260.0,0,0,0,0,18.294468853665588,0.0,78.57142857142857,78.57142857142857,2346.5,-2346.5,-0.014549089293647288,-0.014655965191285111,0.2662053889275757,0.17370241646005552,-0.04693877551020409,0.0031656302996043717,0.043391345249294444,23.6,0.9322033898305084,0.4135610234136846,0.5245046923879041,0.5245046923879041,11.63345864661655,0.05717887154861859,2082.75,2346.5,0.06108418798602502,0.057815845824411134
2203.0,2203.0,2203.0,2203.0,20,2024-01-05 00:00:00-05:00,2256.65,2263.35,2207.7125,2205.495,2193.985,2221.0575,2240.648397611026,2220.1314624769507,2208.191337849459,2241.4107569384973,47.68519315680322,49.19429472743467,1.1842378929335002e-15,15.818713450292435,-88.4437596302003,-74.17490566938913,20.51693513407554,20.802902740586205,-0.2859676065106669,2359.9492625608077,2207.7125,2055.4757374391925,0.13791357575844465,0.48452246382302766,29.037533066211758,1.3180904705497847,15.25,191.27710722170252,-32.08999311195794,240.0,100,0,0,0,17.234390609386715,0.0,71.42857142857143,71.42857142857143,2343.935,-2343.935,-0.00687478868477398,-0.006898528913103975,0.2658399094706352,0.16826411109009726,-0.05002156101768007,0.00697063192777958,0.04419954970968121,23.6,0.847457627118644,0.428934487723849,0.4608967674661105,0.4608967674661105,10.159586466165356,0.0004921968787556993,2082.75,2346.5,0.05458465728551975,0.06513844757149342
2168.5,2168.5,2168.5,2168.5,20,2024-01-08 00:00:00-05:00,2223.9,2261.775,2211.5125,2204.6,2194.915,2220.56875,2229.548644132407,2216.30690970088,2206.634814796539,2240.685276769955,43.41256680785925,46.01103803216291,1.1842378929335002e-15,3.1871345029240135,-100.0,-117.21050982498558,13.241734431526766,19.290669078774318,-6.0489346472475525,2355.634017737649,2211.5125,2067.3909822623505,0.13033751130744173,0.3507769669817892,29.42770927576806,1.357053690374363,34.5,191.27710722170252,-28.832740822210837,220.0,100,0,0,0,16.84217797376852,100.0,64.28571428571429,-35.714285714285715,2338.2976,-2338.2976,-0.01566046300499324,-0.015784383526922248,0.2710272725405713,0.09259360168362597,-0.07021116947154038,-0.007210713059402574,0.03632019115890084,22.85,0.87527352297593,0.40189657494001574,0.3148535564853556,0.3169968717413973,7.780263157894664,-0.06756302521007757,2082.75,2346.5,0.039543463223426334,0.08208439013142725
2180.25,2189.0,2180.25,2182.5,26,2024-01-09 00:00:00-05:00,2204.65,2253.225,2215.1875,2204.38,2196.0075,2219.98875,2222.31039118896,2213.8026941674816,2205.6883514711844,2240.1063187921445,45.544845593418295,47.45963719390768,5.6565656565656575,1.885521885521922,-92.13483146067415,-81.19774290539182,8.50769702147818,17.13407466731509,-8.62637764583691,2352.2406717071826,2215.1875,2078.1343282928174,0.12373956760516447,0.3807488378676941,28.790015756070343,1.3191301606446892,20.5,178.6485357931311,-28.89725208347693,246.0,0,0,0,0,16.06225900862079,92.85714285714286,57.142857142857146,-35.714285714285715,2328.109744,-2328.109744,0.006456075628314517,0.006435324438336358,0.2706574520616767,0.1436831921830172,-0.04223806911684036,-0.037698412698412676,0.034850640113798015,22.9,1.1353711790393013,0.3726219247887378,0.37343096234309625,0.3753910323253389,5.747180451127737,-0.14674669867947204,2082.75,2346.5,0.04570446735395189,0.07514318442153493
2181.75,2181.75,2178.5,2178.5,25,2024-01-10 00:00:00-05:00,2190.15,2245.925,2219.45,2203.495,2196.8875,2219.34125,2215.570331006043,2211.1876797847053,2204.6221416095696,2239.493320595208,45.022841948456765,47.080665216960035,12.290064827378261,5.982210161314676,-94.3820224719101,-79.50072387212896,4.38265122133771,14.583789978119615,-10.201138756781905,2345.9661649750874,2219.45,2092.9338350249122,0.11400677192555596,0.3381629730554063,27.019300344922463,1.2402708443847814,4.0,153.6485357931311,-34.25116559186063,221.0,0,0,0,0,15.370071164315119,85.71428571428572,50.0,-35.714285714285715,2318.53315936,-2318.53315936,-0.001832760595647187,-0.0018344421562604591,0.2688169583836374,0.1460293172307948,-0.03220790759662373,-0.03242282922496109,0.04072614355667015,22.95,1.0893246187363834,0.5060347733399483,0.35669456066945604,0.3587069864442127,3.2977443609021817,-0.16265306122448894,2093.25,2346.5,0.039132430571494146,0.07711728253385357
2179.75,2179.75,2179.75,2179.75,0,2024-01-11 00:00:00-05:00,2182.45,2231.15,2223.775,2201.815,2197.875,2218.53125,2210.059510851267,2208.858962763616,2203.6467635072336,2238.898859693763,45.23408350861341,47.21895814207079,23.159630044769568,13.70208684290453,-93.67977528089888,-77.65525246662774,1.2005480876509864,11.90714160002589,-10.706593512374903,2338.0616899511833,2223.775,2109.488310048817,0.10278619909944417,0.30739226930622865,25.17863603457086,1.1551157717431293,1.25,153.6485357931311,-33.32766060966662,221.0,100,0,0,100,14.727325308888428,78.57142857142857,42.85714285714286,-35.714285714285715,2309.5311697984,-2309.5311697984,0.0005737893045674181,0.0005736247504276614,0.2687642900439834,0.132283262834854,-0.017356023892708183,-0.06348012889366272,0.0413233010868268,21.95,0.0,0.5060347733399483,0.3028571428571429,0.36392075078206465,0.737969924811996,-0.07096038415366351,2094.5,2346.5,0.03910998967771533,0.07649959857781856
2167.5,2167.5,2167.5,2167.5,99,2024-01-12 00:00:00-05:00,2175.35,2216.0,2226.475,2200.135,2198.7225,2217.5175,2203.511893797226,2205.7953358922373,2202.229243369695,2238.1884232789,43.471255185644274,45.98246084624187,17.50306438820391,17.650919753450612,-100.0,-89.92740471869321,-2.283442095011196,9.069024861018473,-11.35246695602967,2332.463430972456,2226.475,2120.4865690275437,0.09520738474265929,0.22178567293195384,24.255162032101513,1.1190386173979936,12.25,153.6485357931311,-29.92007578879938,122.0,100,0,0,0,14.379584791353576,100.0,35.714285714285715,-64.28571428571429,2301.069299610496,-2301.069299610496,-0.005619910540199613,-0.005635761653227543,0.2685771210806333,0.13053545762748883,-0.016114389468906087,-0.06532988357050451,0.025550035486160416,25.8,3.837209302325581,-0.2631633138875722,0.0,0.31282586027111575,-1.8071428571428412,-0.03002400960382127,2167.5,2346.5,0.0,0.0825836216839677
2161.75,2161.75,2161.75,2161.75,177,2024-01-16 00:00:00-05:00,2174.0,2198.95,2225.8125,2198.665,2199.1975,2216.52625,2197.0869870591914,2202.532718418738,2200.6418220610794,2237.427841952742,42.63142683402511,45.39656446848587,10.869565217391306,17.177419883454963,-100.0,-83.97390088550557,-5.4457313595466985,6.166073616905439,-11.611804976452138,2333.2355974930474,2225.8125,2118.3894025069526,0.0965248397994417,0.201821575177786,22.933364744094263,1.0608703478244137,5.75,153.6485357931311,-25.80605692673558,-55.0,100,0,0,0,14.175668806195734,100.0,28.571428571428573,-71.42857142857143,2290.383755641656,-2290.383755641656,-0.0026528258362168433,-0.0026563508141573136,0.24800107805780897,0.07191788723716422,-0.0031127507493659,-0.0731053703505199,-0.006091954022988455,33.6,5.267857142857142,-1.3437851689419553,0.0,0.28884254431699685,-3.5445488721805263,-0.034345738295312574,2161.75,2346.5,0.0,0.08546316641609807
2148.75,2148.75,2148.75,2148.75,83,2024-01-17 00:00:00-05:00,2167.25,2185.95,2222.875,2197.215,2199.375,2215.4525,2189.6505275116233,2198.5488133506833,2198.6068486469194,2236.5454753661475,40.71621868508007,44.06373461145513,2.3684757858670005e-15,9.457543201865107,-100.0,-87.24940334128866,-8.898285839060009,3.153201725712349,-12.051487564772358,2335.239863280301,2222.875,2110.510136719699,0.10109867921525147,0.17015934591986004,22.22383869094467,1.0342682345989376,13.0,153.6485357931311,-21.777044035278976,-138.0,100,0,0,0,14.258425970535773,100.0,21.42857142857143,-78.57142857142857,2277.5203800774907,-2277.5203800774907,-0.006013646351335722,-0.006031801143480594,0.24212702194111071,0.043576507989982693,-0.015463917525773141,-0.05704882062534289,-0.026613816534541312,36.75,2.258503401360544,-2.141768390815464,0.0,0.2346193952033368,-4.934586466165441,-0.09648259303721246,2148.75,2346.5,0.0,0.0920302501454334
2136.5,2136.5,2136.5,2136.5,20,2024-01-18 00:00:00-05:00,2158.85,2174.5,2217.8125,2195.025,2199.6275,2214.21625,2181.473523279066,2193.9526049543365,2196.1712859548834,2235.54999799932,38.940926612137424,42.81985331916191,2.3684757858670005e-15,3.6231884057971375,-100.0,-95.39003556353255,-12.479081675270663,0.026745045515746302,-12.50582672078641,2336.0124233290817,2217.8125,2099.6125766709183,0.10659144840159543,0.15603827096563763,21.51142164159148,1.0068533415207808,12.25,153.6485357931311,-18.14908021283955,-158.0,100,0,0,0,14.588452786372036,100.0,14.285714285714286,-85.71428571428572,2262.0679344681917,-2262.0679344681917,-0.00570098894706228,-0.005717301612979405,0.2359634868485035,0.045066477318556133,-0.01927932063346338,-0.05086628165259888,-0.04524634119092841,36.7,0.544959128065395,-2.543557139179131,0.0,0.1835245046923879,-5.933646616541352,-0.1198679471788763,2136.5,2346.5,0.0,0.09829159840861222
2127.5,2127.5,2127.5,2127.5,20,2024-01-19 00:00:00-05:00,2148.4,2165.425,2213.625,2192.065,2199.815,2212.96,2173.1699043130557,2189.030189772534,2193.4782943488094,2234.474873641118,37.64234239435358,41.907249029330295,2.3684757858670005e-15,3.6316628716627346e-14,-100.0,-103.05286862173072,-15.860285459478291,-3.150661055483061,-12.70962440399523,2338.219291602789,2213.625,2089.030708397211,0.11257036905780236,0.154378226754683,20.617748667192085,0.969106870373306,9.0,153.6485357931311,-15.014996811583472,-178.0,100,0,0,0,15.08068510565079,100.0,7.142857142857143,-92.85714285714286,2244.4884236426446,-2244.4884236426446,-0.004212497074654764,-0.004221394636550395,0.23337213075976163,0.02231554238025477,-0.02397063883472872,-0.04091062774709797,-0.03787450537026571,36.55,0.5471956224350205,-2.355435278638934,0.0,0.145985401459854,-7.327443609022625,-0.08166866746698148,2127.5,2346.5,0.0,0.10293772032902468
2127.5,2127.5,2127.5,2127.5,20,2024-01-22 00:00:00-05:00,2140.4,2157.875,2210.6125,2189.585,2199.6975,2211.85625,2166.14376518797,2184.4723979375312,2190.890910256699,2233.4104470377238,37.64234239435358,41.907249029330295,2.3684757858670005e-15,3.6316628716627346e-14,-100.0,-107.71810931991675,-18.328632749561166,-6.186255394298682,-12.142377355262484,2340.370108158437,2210.6125,2080.8548918415636,0.1173951637009531,0.17973939571035333,19.14505233382122,0.8998849510609268,0.0,153.6485357931311,-12.367872073652933,-178.0,100,0,0,0,15.537757973552491,100.0,0.0,-100.0,2225.7702758598216,-2225.7702758598216,0.0,0.0,0.23109480903618235,0.03921105029139851,-0.018454440599769306,-0.034271448025419926,-0.027539709747457453,36.55,0.5471956224350205,-2.1428858156655037,0.0,0.145985401459854,-8.966353383458697,-0.08803121248499618,2127.5,2346.5,0.0,0.10293772032902468
2184.25,2184.25,2184.25,2184.25,20,2024-01-23 00:00:00-05:00,2144.9,2159.45,2210.6125,2188.245,2200.2875,2211.2,2168.9293397744364,2184.4559240162325,2190.630482403495,2232.9212883607315,49.86798561569065,49.40373516805861,33.333333333333336,11.111111111111148,-54.04858299595141,26.080282446849797,-15.526584241796172,-8.05432116379818,-7.472263077997992,2340.370108158437,2210.6125,2080.8548918415636,0.1173951637009531,0.39841636119012364,21.83112002426256,0.9994789984783135,56.75,153.6485357931311,-10.160605401440193,-158.0,100,0,0,0,14.541734997829337,92.85714285714286,0.0,-92.85714285714286,2210.0470317222503,-2210.0470317222503,0.02667450058754417,0.026324938730674884,0.25149518258148656,0.22094072325399722,0.010408234069619438,0.007263085081853804,0.0,36.55,0.5471956224350205,-1.5773994606395667,0.2771672771672772,0.38269030239833157,-9.759210526315801,0.05043217286914469,2127.5,2346.5,0.02598145816641868,0.07428179008813093
2186.25,2186.25,2186.25,2186.25,20,2024-01-24 00:00:00-05:00,2152.4,2159.825,2206.525,2187.33,2200.4975,2210.50625,2171.5940567322154,2184.5888185335484,2190.4586987798284,2232.456897431769,50.2382622233141,49.64419292373451,66.66666666666667,33.33333333333337,-35.61643835616439,52.57057393905461,-12.99476180133297,-9.042409291305137,-3.9523525100278327,2333.922988602641,2206.525,2079.127011397359,0.11547386827943568,0.4204265301894264,20.414611451100946,0.9337729651732851,2.0,153.6485357931311,-8.333941271767685,-138.0,100,0,0,0,13.667163519715846,85.71428571428572,0.0,-85.71428571428572,2196.83950664669,-2196.83950664669,0.0009156461027812757,0.0009152271546078436,0.20724364142864724,0.2100181386386879,0.017452006980802848,0.0017182130584192379,-0.03604497354497349,36.5,0.547945205479452,-2.364282830217226,0.2869352869352869,0.3910323253388947,-9.201127819548898,0.15289315726290245,2127.5,2346.5,0.026872498570611778,0.07329902801600915
2194.5,2194.5,2194.5,2194.5,20,2024-01-25 00:00:00-05:00,2164.0,2161.425,2203.675,2187.1,2200.6875,2209.855,2175.118048004182,2185.3229801236557,2190.6171811806194,2232.0792168603084,51.81912593778469,50.65982009890829,100.0,66.6666666666667,-11.258278145695364,90.72388383181587,-10.204932119473597,-9.274913856938829,-0.9300182625347677,2329.46103857342,2203.675,2077.8889614265804,0.11416024465805508,0.4635293387721848,19.545710633165164,0.890668062573031,8.25,153.6485357931311,-6.829038557650023,-118.0,100,0,0,0,13.070104154658804,78.57142857142857,0.0,-78.57142857142857,2127.5,2127.5,0.0037735849056603765,0.0037664827954768648,0.2070502404288171,0.1939216776937135,0.027147203369997763,0.007344503098462241,-0.025316455696202556,37.5,0.5333333333333333,-2.2888111321040183,0.32722832722832723,0.4254431699687174,-8.66278195488723,0.21548619447779646,2127.5,2346.5,0.030530872636135794,0.06926406926406926
2226.0,2226.0,2226.0,2226.0,20,2024-01-26 00:00:00-05:00,2183.7,2166.05,2198.6,2187.29,2200.785,2209.50875,2182.9460406189232,2188.3360927070885,2192.004742702948,2232.018727140305,57.38578557819041,54.35097414433611,100.0,88.88888888888891,-0.0,178.17158931083023,-5.390052088165248,-8.497941503184112,3.107889415018864,2311.525904911148,2198.6,2085.674095088852,0.10272528419098324,0.6213184876470943,20.39958844508194,0.9164235599767269,31.5,153.6485357931311,-5.592574851179165,-98.0,100,0,0,0,13.276304338073862,71.42857142857143,100.0,28.571428571428573,2128.84,2128.84,0.014354066985645897,0.014252022707201413,0.17211175287421793,0.18005904157023864,0.046298472385428946,0.021218029590549303,-0.043609022556390986,37.9,0.5277044854881267,-2.4067930835303413,0.4810744810744811,0.556830031282586,-6.388721804511331,0.37901560624251035,2127.5,2346.5,0.044249775381850855,0.0541329739442947
2219.5,2219.5,2219.5,2219.5,22,2024-01-29 00:00:00-05:00,2202.1,2171.25,2193.625,2187.6,2201.18,2209.02625,2188.5697266775505,2190.6445302843413,2193.082988087146,2231.894162691148,55.949297203391126,53.48405642093867,94.81037924151697,98.27012641383901,-6.598984771573604,128.12874146066613,-2.074803606790738,-7.213313923905437,5.138510317114699,2292.82876756958,2193.625,2094.42123243042,0.09044733495431546,0.6304133937345254,19.406760699004657,0.8743753412482387,6.5,153.6485357931311,-4.578332893879349,-120.0,100,0,0,0,13.26583883364155,64.28571428571429,92.85714285714286,28.571428571428573,2132.7264,2132.7264,-0.0029200359389038866,-0.0029243075614002302,0.17204782940323632,0.19030275742878972,0.043243243243243246,0.023990772779700187,-0.042906425183268704,36.15,0.6085753803596128,-2.262870608880103,0.44932844932844934,0.529718456725756,-4.1890977443609545,0.49572629051621536,2127.5,2346.5,0.04145077720207254,0.057220094615904486
2227.5,2227.5,2227.5,2227.5,23,2024-01-30 00:00:00-05:00,2210.75,2177.825,2188.3875,2188.155,2201.7,2208.335,2194.558999496389,2193.374565078094,2194.4326748288267,2231.8504396792955,57.36390648805034,54.42351430072884,94.81037924151697,96.54025282767799,-0.0,127.52832741417168,1.1844344182950408,-5.533764255465341,6.718198673760382,2266.6037826718457,2188.3875,2110.171217328154,0.0714830281856809,0.7500278628945812,18.59199207764718,0.8346573323298399,8.0,153.6485357931311,-3.7472036482676856,-97.0,100,0,0,0,13.450361153861037,57.142857142857146,100.0,42.85714285714286,2136.457344,2136.457344,0.003604415408875905,0.0035979350708744734,0.17093096307135328,0.1018939879916978,0.01980084697264517,0.03041517289233253,-0.04491370993675636,35.65,0.6451612903225806,-2.368520154087859,0.6611570247933884,0.5630865484880083,-1.5163533834587264,0.6193637454982055,2127.5,2284.5,0.04489337822671156,0.02558922558922559
2234.5,2243.0,2234.5,2235.5,49,2024-01-31 00:00:00-05:00,2220.6,2186.5,2186.225,2189.27,2202.3425,2207.6175,2200.857614958483,2196.4949676649017,2196.0431581688727,2231.8867537123374,58.789120961749774,55.36995221392762,89.65574006625924,93.09216618309773,-6.4935064935064934,125.45111067682883,4.362647293581176,-3.5544819456560375,7.917129239237214,2256.2958391558363,2186.225,2116.1541608441635,0.06410212961231021,0.8516084621907644,18.37113550067238,0.8217908969211531,15.5,116.17794755783697,-14.98900124554126,-48.0,0,0,0,0,13.990234858347709,50.0,100.0,50.0,2141.91990336,2141.91990336,0.0035914702581369973,0.0035850363290710193,0.15335906414200548,0.09859874083820881,0.022527158376214995,0.04037230948225723,-0.018979703784969826,36.95,1.3261163734776724,-1.6649360104636943,0.8744939271255061,0.5964546402502607,0.583458646616483,0.7101800720288053,2127.5,2251.0,0.04831133974502348,0.006933571907850593
2215.0,2215.0,2203.5,2209.25,335,2024-02-01 00:00:00-05:00,2223.55,2193.775,2184.1375,2189.905,2202.8875,2206.775,2202.148751118716,2197.439784874909,2196.561073534799,2231.6615123818665,52.57850013425529,51.673001956341366,66.36434816651443,83.61015582476357,-29.22077922077922,55.5062276482926,4.708966243807026,-1.9017923077634244,6.61075855157045,2248.6306149426146,2184.1375,2119.644385057385,0.05905591103363661,0.6946913249758909,19.344625822052926,0.8756195913569277,32.0,116.17794755783697,-18.2252819675585,-383.0,0,0,0,0,13.48327100109702,42.85714285714286,92.85714285714286,50.0,2150.0063110911997,2150.0063110911997,-0.011742339521359835,-0.011811825275921476,0.15294213944885293,0.15243890587261907,0.006721348826612017,0.034051018020126333,-0.018547312305641883,52.05,6.436119116234391,-5.196754692521873,0.7569444444444444,0.4869655891553702,1.9351503759398665,0.7283673469387961,2127.5,2243.0,0.037003507977820524,0.015276677605522235
2196.75,2196.75,2196.75,2196.75,3,2024-02-02 00:00:00-05:00,2217.7,2200.7,2183.0625,2189.68,2203.0625,2205.615,2201.318174023529,2197.3886896989898,2196.5684824157875,2231.314134149211,49.87641712928863,50.00367507368759,33.031014833181096,63.01703435531828,-40.04329004329004,25.762553634585146,3.9294843245393167,-0.7355369813028763,4.665021305842193,2245.9419233036415,2183.0625,2120.1830766963585,0.05760661758757845,0.6088392615649778,18.855723977620578,0.8583463743084364,12.5,116.17794755783697,-17.892371174969327,-386.0,100,0,0,0,12.809228013584498,35.714285714285715,85.71428571428572,50.0,2157.445806203904,2157.445806203904,-0.005658028742785981,-0.005674096022161222,0.145486445722797,0.10344721079310806,-0.013140161725067379,0.032549941245593406,-0.009692325030992932,51.1,0.05870841487279843,-4.893648814289991,0.6412037037037037,0.4348279457768509,2.6539473684209938,0.7887875150059804,2127.5,2243.0,0.03152384203937635,0.021053829520883124
2176.75,2176.75,2176.75,2176.75,0,2024-02-05 00:00:00-05:00,2209.15,2205.625,2181.75,2188.83,2202.9075,2204.28625,2197.538454942986,2195.859897869435,2195.791287026933,2230.7712074412584,45.81907632448867,47.42951438133633,4.852320675105493,34.74922789160036,-57.35930735930736,-19.48039819950982,1.6785570735510191,-0.2527181703320972,1.9312752438831162,2244.0027107843384,2181.75,2119.4972892156616,0.0570667682221505,0.4598411062184789,18.93745797921911,0.8699877330524457,20.0,116.17794755783697,-16.129601198458374,-386.0,100,0,0,0,12.18719841113412,28.571428571428573,78.57142857142857,50.0,2164.2901417075914,2164.2901417075914,-0.009104358711733207,-0.009146056667227537,0.1470002732405579,0.1133970479498033,-0.019261094841180437,0.023149236192714362,-0.011915569677712234,50.1,0.0,-4.756153040594511,0.45601851851851855,0.35140771637122004,2.8785714285714015,0.8307803121248554,2127.5,2243.0,0.022625473756747446,0.030435281957046055
2199.0,2199.0,2199.0,2199.0,2,2024-02-06 00:00:00-05:00,2203.45,2207.1,2183.275,2189.05,2202.885,2203.17,2197.7633080286805,2196.0924980272544,2195.9171189082294,2230.4550760239326,50.63066224022186,50.41149012607781,11.194968553459129,16.35943468724859,-38.095238095238095,23.254170200735782,1.6708100014261618,0.13198746401955458,1.5388225374066071,2245.6488526948488,2183.275,2120.9011473051514,0.057137880198187274,0.6260544228118412,19.174068123560605,0.8719448896571443,22.25,116.17794755783697,-13.94214064457131,-384.0,100,0,0,0,11.661535221361962,21.42857142857143,71.42857142857143,50.0,2170.586930370984,2170.586930370984,0.010221660732743665,0.010169772846036103,0.14029043599333163,0.14591402994062055,-0.012794612794612803,0.006752890008011825,0.014065021904542396,49.2,0.04065040650406504,-4.422500459029159,0.6620370370370371,0.44421272158498437,2.915789473684199,0.8526770708283394,2127.5,2243.0,0.03251477944520236,0.020009095043201454
2188.5,2188.5,2188.5,2188.5,0,2024-02-07 00:00:00-05:00,2194.05,2207.325,2183.575,2188.815,2202.7475,2202.17875,2196.3381837165757,2195.530090765976,2195.6262515000635,2230.0376125809084,48.44426929609286,49.03332256551185,21.434619969581135,12.493969732715271,-47.18614718614719,-12.374494408754973,0.80809295059953,0.26720856133554965,0.5408843892639803,2245.9887605020144,2183.575,2121.161239497985,0.05716658278466699,0.5394544404982713,18.554491829020566,0.8478177669189201,10.5,116.17794755783697,-11.779803086656486,-384.0,100,0,0,0,10.860668397220367,14.285714285714286,64.28571428571429,50.0,2176.3799759413055,2176.3799759413055,-0.004774897680764001,-0.004786333923811173,0.13988001621954946,0.13548769273547762,-0.021024379333482446,0.0010291595197255976,0.0027491408934707806,47.9,0.0,-4.590358425365337,0.5648148148148148,0.40041710114702816,2.9781954887217106,0.8788115246098374,2127.5,2243.0,0.02787297235549463,0.02490290153072881
2189.75,2189.75,2189.75,2189.75,0,2024-02-08 00:00:00-05:00,2190.15,2206.85,2184.1375,2188.915,2202.9725,2201.25125,2195.3246169909485,2195.1019358944222,2195.395810264767,2229.636740813934,48.728126027510925,49.20689759241437,40.91027540029274,24.513287974444353,-46.103896103896105,-26.395640005890694,0.22268109652623025,0.2583030683736858,-0.035621971847455525,2246.5609481185097,2184.1375,2121.71405188149,0.05716073106066802,0.5449550623136433,17.31845669837624,0.7908873934639225,1.25,116.17794755783697,-9.824319259631636,-384.0,100,0,0,0,10.154881258234141,7.142857142857143,57.142857142857146,50.0,2181.709577866001,2181.709577866001,0.0005711674663011479,0.00057100441224836,0.13968277255071485,0.11964413424115304,-0.00882652483874613,-0.0021645021645021467,0.005164103741106318,46.65,0.0,-4.544539410474157,0.5763888888888888,0.4056308654848801,2.9862781954886657,0.8710564225690356,2127.5,2243.0,0.028427902728621987,0.02431784450279712
2182.0,2182.0,2182.0,2182.0,0,2024-02-09 00:00:00-05:00,2187.2,2202.45,2184.25,2188.785,2202.7725,2200.515,2193.274675915418,2194.131422124465,2194.870484372031,2229.1627433928998,47.00030290817763,48.13960275300886,37.58047538615946,33.3084569186778,-92.0754716981132,-79.12256802542834,-0.8567462090472873,0.035293212889491166,-0.8920394219367784,2246.6495192289112,2184.25,2121.8504807710888,0.0571358765973778,0.48197101493886574,16.634995505635082,0.7623737628613695,7.75,116.17794755783697,-8.131228670427689,-384.0,100,0,0,0,9.607266247035028,0.0,50.0,50.0,2243.0,-2243.0,-0.0035392168055714546,-0.003545494650182274,0.14033498230852612,0.1161781357082969,-0.006714464549903321,-0.019766397124887702,0.0010322284665673642,46.65,0.0,-4.544539410474157,0.5046296296296297,0.3733055265901981,2.8864661654134918,0.8537695078031222,2127.5,2243.0,0.024977085242896425,0.027956003666361137
2191.25,2191.25,2191.25,2191.25,0,2024-02-12 00:00:00-05:00,2190.1,2199.625,2185.4375,2189.18,2202.7975,2199.87875,2192.963187313046,2193.917983448579,2194.7285045927356,2228.78550216511,49.31056745826473,49.511987950878336,45.47807887199824,41.322943219483506,-78.11320754716981,-44.15157684202951,-0.954796135532888,-0.16272465679498468,-0.7920714787379033,2247.4193269737125,2185.4375,2123.4556730262875,0.05672258023733233,0.5468887437156795,16.107495826661147,0.7350825248904117,9.25,116.17794755783697,-6.699398095714471,-384.0,100,0,0,0,9.052788927215703,64.28571428571429,42.85714285714286,-21.42857142857143,2241.78,-2241.78,0.004239230064161381,0.004230269842428187,0.13937642649214949,0.09691227840843529,0.006661306994372396,-0.012728091912592943,0.010957324106112942,41.7,0.0,-3.9881682669943954,0.5902777777777778,0.4118873826903024,2.721992481202943,0.8172388955582369,2127.5,2243.0,0.029092983456930975,0.023616657159155733
2186.0,2186.0,2186.0,2186.0,0,2024-02-13 00:00:00-05:00,2187.5,2195.475,2186.65,2189.695,2202.2975,2199.25125,2191.8919277264235,2193.3314661560917,2194.386210294981,2228.3597757754073,48.03085930422816,48.743279245698794,40.41683785570105,41.158464037952946,-86.0377358490566,-66.0742644041172,-1.4395384296681186,-0.4180874113696115,-1.021451018298507,2247.672209071787,2186.65,2125.627790928213,0.05581342150942041,0.49467407022879634,15.331960410471066,0.7013705585759865,5.25,116.17794755783697,-5.50461303372137,-384.0,100,0,0,0,8.457650215513121,57.142857142857146,35.714285714285715,-21.42857142857143,2240.5844,-2240.5844,-0.0023958927552766296,-0.0023987674989603453,0.13930031439581253,0.057457292976712315,-0.005911778080945895,-0.018630751964085257,0.01121776338614544,32.85,0.0,-3.518618093984014,0.5416666666666666,0.3899895724713243,2.356015037593898,0.7389075630252082,2127.5,2243.0,0.0267612076852699,0.02607502287282708
2202.0,2202.0,2202.0,2202.0,0,2024-02-14 00:00:00-05:00,2190.2,2192.125,2189.3125,2190.245,2202.43,2198.4625,2193.4470157685123,2193.973579774159,2194.6847902834133,2228.097489449284,52.10993466528503,51.16929921089006,65.88500264970854,50.59330645913597,-61.88679245283019,-1.203079004625914,-0.5265640056468328,-0.43978273022505576,-0.08678127542177705,2248.0934227130583,2189.3125,2130.5315772869417,0.053698065226465676,0.6079219193439221,15.379677524008846,0.6984413044509012,16.0,116.17794755783697,-4.515417959840434,-384.0,100,0,0,0,8.351408844785327,50.0,28.571428571428573,-21.42857142857143,2239.4127120000003,-2239.4127120000003,0.007319304666056681,0.007292648546141358,0.13895117148532304,0.07207677200690028,0.006168608636052175,-0.014985461865354543,0.024781849912739906,28.7,0.0,-3.019485446823149,0.6898148148148148,0.456725755995829,1.9768796992480733,0.730648259303716,2127.5,2243.0,0.03383287920072661,0.018619436875567667
2186.5,2186.5,2186.5,2186.5,0,2024-02-15 00:00:00-05:00,2189.55,2189.85,2191.8125,2191.0,2202.14,2197.44125,2192.3782441118183,2193.4199812723696,2194.3638181154365,2227.6835840816293,48.165803061363,48.81894686157576,55.24774774774775,53.84986275105248,-85.28301886792453,-61.31530770313939,-1.0417371605512926,-0.5601736162903032,-0.48156354426098946,2245.42170513306,2191.8125,2138.20329486694,0.04891769267039054,0.4504516063350113,15.388271986579642,0.7037855928003495,15.5,116.17794755783697,-3.7002547059945528,-384.0,100,0,0,0,7.820786974468279,42.85714285714286,21.42857142857143,-21.42857142857143,2238.2644577600004,-2238.2644577600004,-0.007039055404178041,-0.007063946429650006,0.13991815581898295,0.09356441845311993,-0.0014841876926590114,-0.010297612311870541,0.023402761525860072,27.7,0.0,-2.9054656678819035,0.5462962962962963,0.3920750782064651,1.1028195488720927,0.6202160864345746,2127.5,2243.0,0.026983764006402927,0.025840384175623142
2176.25,2176.25,2176.25,2176.25,0,2024-02-16 00:00:00-05:00,2188.4,2187.8,2194.25,2192.005,2201.8125,2196.40875,2189.896975786923,2192.1481308077496,2193.653472306988,2227.171807125593,45.70233945170277,47.31005396400505,40.833333333333336,53.9886945769299,-100.0,-99.93242101706235,-2.2511550208264453,-0.8983698971975316,-1.3527851236289137,2239.762635608131,2194.25,2148.737364391869,0.04148354618492054,0.3022527177399472,15.021252558966811,0.6902356144269644,10.25,116.17794755783697,-3.030392037967175,-384.0,100,0,0,0,7.681378922851051,100.0,14.285714285714286,-85.71428571428572,2237.1391686048005,-2237.1391686048005,-0.004687857306197141,-0.004698879770576512,0.14017171696812816,0.09639526281438765,-0.002635197066911066,-0.009331967679526598,0.02291421856639242,26.7,0.0,-2.8212157263888082,0.4513888888888889,0.34932221063607927,-0.13496240601504916,0.42632653061222014,2127.5,2243.0,0.022400919012062034,0.03067202757036186
2148.5,2148.5,2148.5,2148.5,0,2024-02-20 00:00:00-05:00,2179.85,2184.975,2195.3,2192.78,2201.015,2195.4975,2183.5282102812425,2188.9149359331013,2191.8827479027923,2226.3890030745924,39.7716550358022,43.4890430321294,7.500000000000004,34.52702702702705,-100.0,-215.22125427989414,-5.3867256518587965,-1.7960410481297848,-3.5906846037290117,2235.231065600587,2195.3,2155.3689343994133,0.036378686831491695,-0.08600990602304848,15.930448804754898,0.7414684107402791,27.75,116.17794755783697,-2.480867124868041,-384.0,100,0,0,0,8.406254474217134,100.0,7.142857142857143,-92.85714285714286,2234.7036018606086,-2234.7036018606086,-0.012751292360712263,-0.012833287867349028,0.1486358513871991,0.11691073896182987,-0.01950941243582427,-0.012978063626966851,0.00987074030552293,25.7,0.0,-2.8212157263888082,0.0,0.23357664233576642,-1.8424812030075985,0.12252100840337138,2148.5,2243.0,0.0,0.04398417500581801
2175.5,2175.5,2175.5,2175.5,0,2024-02-21 00:00:00-05:00,2177.75,2182.625,2194.8625,2194.44,2200.4425,2194.8725,2182.293101007205,2187.921236975094,2191.240287200722,2225.882644835044,46.98081834163265,47.79644123771185,16.82242990654206,21.718587746625158,-59.3984962406015,-69.22069417157778,-5.628135967888738,-2.5624600320815754,-3.065675935807163,2235.4545173802576,2194.8625,2154.270482619743,0.03698820985848307,0.26149867326602183,16.72113103298669,0.7686109415300708,27.0,116.17794755783697,-2.0305281036122125,-384.0,100,0,0,0,8.090462910960479,92.85714285714286,0.0,-92.85714285714286,2229.5313857489723,-2229.5313857489723,0.012566907144519357,0.012488598945684926,0.12172688962094091,0.16675825961619206,-0.004803293687099752,-0.010686675761709896,-0.004005951699668109,24.7,0.0,-3.3547057381396916,0.3103448275862069,0.34414225941422594,-2.2998120300752265,-0.16372148859544172,2148.5,2243.0,0.012410940013789933,0.031027350034474835
2144.25,2144.25,2144.25,2144.25,0,2024-02-22 00:00:00-05:00,2166.2,2178.2,2192.7625,2195.145,2199.1675,2193.94625,2176.440316236866,2184.6863305324946,2189.3975308399095,2225.0703797123074,40.881495155425334,43.74434428004312,16.82242990654206,13.714953271028065,-100.0,-200.65708418891364,-8.246014295628811,-3.6991708847910223,-4.546843410837789,2238.8880013522953,2192.7625,2146.6369986477043,0.042070676922188785,-0.025875042847480503,17.758907387773355,0.828210674491004,31.25,116.17794755783697,-1.6617050400428042,-384.0,100,0,0,0,8.673315009433939,100.0,0.0,-100.0,2224.669502604034,-2224.669502604034,-0.014364513904849496,-0.01446868229020396,0.13159847613453957,0.17029110031932304,-0.026226158038147096,-0.020219328307059636,-0.019210977701543785,23.7,0.0,-3.373018660195317,0.0,0.21338912133891214,-3.158834586466233,-0.4910564225690168,2144.25,2243.0,0.0,0.04605339862422759
2131.25,2131.25,2131.25,2131.25,0,2024-02-23 00:00:00-05:00,2155.15,2172.35,2189.6,2195.905,2197.185,2193.03125,2169.4879598927328,2180.7280838263837,2187.117235512854,2224.136843595767,38.634440138330405,42.18228677986001,16.82242990654206,16.822429906542084,-100.0,-195.20697167756032,-11.24012393365092,-5.207361494563002,-6.032762439087919,2242.9264474721936,2189.6,2136.2735525278063,0.04870884862275635,-0.04710188626783851,17.41898543150383,0.8173130994253998,13.0,116.17794755783697,-1.3597587831241498,-384.0,100,0,0,0,9.538352660831423,100.0,57.142857142857146,-42.85714285714286,2218.235942395711,-2218.235942395711,-0.0060627258948350304,-0.006081178838703963,0.13156067899170454,0.16978707550050848,-0.02526869426023326,-0.02671537846786165,-0.028822055137844638,22.7,0.0,-3.4484903583085247,0.0,0.1589958158995816,-4.0101503759398875,-0.8909363745498035,2131.25,2243.0,0.0,0.05243401759530792
2129.25,2129.25,2129.25,2129.25,0,2024-02-26 00:00:00-05:00,2145.75,2167.075,2184.7625,2196.625,2195.375,2192.00875,2163.29750452462,2176.914892431837,2184.847932159409,2223.1926958982967,38.2857852005788,41.94036041147734,4.736951571734001e-15,11.214953271028067,-100.0,-146.65316113783996,-13.617387907217108,-6.889366777093823,-6.728021130123285,2241.4505664249723,2184.7625,2128.0744335750273,0.0518940309758818,0.01036872925034882,16.317629329253556,0.7663557275685596,2.0,116.17794755783697,-1.1126208795552373,-384.0,100,0,0,0,10.391896989677504,100.0,50.0,-50.0,2209.53734815614,-2209.53734815614,-0.0009384164222874247,-0.0009388570106366951,0.11769689445582478,0.1723715520887907,-0.02159678345778293,-0.024175068744271333,-0.04346361185983827,21.7,0.0,-3.7355716980214426,0.0,0.072,-4.297556390977451,-1.2991716686674846,2129.25,2243.0,0.0,0.053422566631443
2131.75,2131.75,2131.75,2131.75,13,2024-02-27 00:00:00-05:00,2142.4,2161.125,2180.375,2196.99,2193.8225,2191.24375,2158.444042290063,2173.5693448442935,2182.7656603100204,2222.2828183271695,39.02651010488665,42.37414069955052,1.8018018018018065,6.20807723611465,-96.56357388316151,-108.75772906127122,-15.12530255423053,-8.536553932521164,-6.588748621709366,2239.17349062688,2180.375,2121.57650937312,0.05393429169466703,0.08651149475450129,15.330655805735445,0.7191582411509533,2.5,116.17794755783697,-0.9103716572265625,-371.0,100,0,0,0,11.081867579440075,92.85714285714286,42.85714285714286,-50.0,2199.9028663774034,-2199.9028663774034,0.0011741223435481896,0.0011734336009686988,0.11825746443609117,0.15708049377003583,-0.007796136839655521,-0.02715345122646895,-0.03953593151610724,21.25,0.611764705882353,-3.6560673168994304,0.023529411764705882,0.020757020757020756,-4.50639097744371,-1.6553901560624127,2129.25,2243.0,0.001172745396974317,0.0521871701653571
2132.0,2132.0,2128.0,2132.0,14,2024-02-28 00:00:00-05:00,2133.7,2155.725,2175.6,2196.13,2192.72,2190.82125,2154.3757280915916,2170.4901341150867,2180.7748501017845,2221.3844818264015,39.10522129495232,42.41931189942565,10.006930006930011,3.936243936243967,-94.5945945945946,-92.08445704538772,-16.11440602349512,-10.052124350715955,-6.062281672779166,2233.823148317507,2175.6,2117.376851682493,0.05352376201278444,0.12557847471389674,14.521323248182913,0.681112722710268,4.0,130.17794755783697,3.7096731752921386,-357.0,100,0,0,0,11.82958566195025,100.0,35.714285714285715,-64.28571428571429,2191.424522412115,-2191.424522412115,0.00011727453969734292,0.00011726766357610302,0.1167077292523379,0.10188592233802746,-0.0199954033555505,-0.02470265324794141,-0.042873176206509545,20.8,0.673076923076923,-3.7373270277478134,0.02588235294117647,0.02197802197802198,-4.453383458646661,-1.8621608643457241,2128.0,2243.0,0.001876172607879925,0.052063789868667915
2167.5,2167.5,2164.0,2167.5,59,2024-02-29 00:00:00-05:00,2138.35,2152.275,2172.2,2195.33,2192.15,2190.4675,2156.3948468467315,2170.2686426991545,2180.254267744852,2220.848317828129,49.144574728033895,48.44482606941475,43.34026334026334,18.382998382998412,-46.62162162162162,9.697948793264061,-13.873795852422973,-10.816458651057358,-3.0573372013656144,2223.5732907258584,2172.2,2120.826709274141,0.047300700419720676,0.45425638562769655,16.019800159026993,0.7390911261373468,35.5,189.17794755783697,24.035175772659585,-298.0,100,0,0,0,11.131071881146088,92.85714285714286,28.571428571428573,-64.28571428571429,2182.545089274419,-2182.545089274419,0.016651031894934443,0.016513923368961864,0.13327821484489566,0.1357117472205824,0.010842952081147272,-0.01566757493188009,-0.03041825095057038,21.3,2.7699530516431925,-2.9308981885953944,0.478125,0.19536019536019536,-3.623308270676709,-1.9016806722689263,2128.0,2215.0,0.018223760092272202,0.02191464821222607
2177.0,2188.5,2177.0,2188.5,9,2024-03-01 00:00:00-05:00,2149.8,2152.475,2171.1625,2194.345,2191.7625,2190.15875,2161.3341011780035,2171.6191136103284,2180.5776297940733,2220.526444018894,53.978118763894564,51.5912781254113,74.87179487179488,42.73966273966277,-18.243243243243242,61.48947547518299,-10.285012432324947,-10.710169407310875,0.42515697498592786,2220.2899554094206,2171.1625,2122.035044590579,0.04525451725462345,0.6764542846307835,16.375528719096494,0.7482535398262049,21.0,198.17794755783697,33.02877449224994,-289.0,0,0,0,0,10.865422164222094,85.71428571428572,21.42857142857143,-64.28571428571429,2128.0,2128.0,0.009688581314878819,0.009641947976253038,0.1331656521380066,0.12060957095022662,0.026862170087976533,0.0009147038646237782,-0.009392327713024784,5.0,1.8,1.0899827828940598,0.8144329896907216,0.2979242979242979,-2.805451127819605,-1.8138655462185016,2128.0,2202.0,0.027644505368974184,0.00616860863605209
2173.0,2174.75,2159.0,2174.75,58,2024-03-04 00:00:00-05:00,2158.9,2152.325,2170.0625,2193.615,2191.2625,2189.7325,2163.3980856121566,2171.8510311206746,2180.349095292345,2220.070957013731,50.58778730198523,49.51374783158006,92.42424242424244,70.21210021210025,-36.82432432432432,23.945041631222427,-8.452945508518042,-10.258724627552308,1.8057791190342662,2217.8149541254165,2170.0625,2122.3100458745835,0.04401021088140691,0.5490812470882522,17.312990953446747,0.7960910887893665,29.5,256.177947557837,52.15990356005963,-347.0,0,0,0,0,10.164791396934735,78.57142857142857,14.285714285714286,-64.28571428571429,2129.21,2129.21,-0.006282842129312294,-0.00630266224329987,0.133508504622453,0.1421728222312079,0.021369026652577228,-0.0006892590465249482,-0.01001479458290655,7.75,7.483870967741935,0.7425520256223047,0.6254295532646048,0.23076923076923078,-2.3501879699248316,-1.8185714285714392,2128.0,2202.0,0.02149672376135188,0.01253017588228532
2168.0,2176.5,2166.25,2166.25,27,2024-03-05 00:00:00-05:00,2165.8,2154.1,2169.5375,2193.185,2190.945,2189.085,2163.836841671825,2171.4361399265504,2179.796189594606,2219.5354251031467,48.5573916441861,48.25251134481605,80.16528925619836,82.48710885074526,-48.310810810810814,29.320262496961227,-7.599298254725454,-9.726839352986937,2.1275410982614833,2217.215134956019,2169.5375,2121.859865043981,0.043951888322759224,0.4655236674068197,16.80849159962912,0.7759257518582399,10.25,229.177947557837,46.653556036885476,-374.0,0,0,0,0,9.455107550609815,71.42857142857143,7.142857142857143,-64.28571428571429,2130.3958000000002,2130.3958000000002,-0.003908495229336673,-0.003916153357834269,0.13028652130459983,0.15328891165135597,0.016183886478245535,0.008261577845008139,-0.004823705064890271,9.1,2.967032967032967,0.6370226544302144,0.5085910652920962,0.18925518925518925,-2.299060150375938,-1.8973229291716567,2128.0,2202.0,0.017657241777264857,0.016503173687247547
2167.5,2200.0,2163.0,2189.75,134,2024-03-06 00:00:00-05:00,2177.35,2155.525,2169.075,2193.295,2190.88,2188.6,2167.8234814146213,2172.792722154213,2180.1865351007,2219.2390527140606,54.048593640059515,51.81551435000782,71.83195592286502,81.47382920110198,-14.236111111111112,84.01116427432133,-4.969240739591896,-8.77531963030793,3.8060788907160337,2215.769780222243,2169.075,2122.380219777757,0.04305501674422787,0.7213844877478581,18.250742199655612,0.833462367834484,37.0,288.9347043145938,59.173240469383614,-240.0,0,0,0,0,9.521285572206272,64.28571428571429,0.0,-64.28571428571429,2131.5578840000003,2131.5578840000003,0.010848240046162694,0.010789820013382495,0.13096909559134373,0.15830749982525247,0.027087242026266445,0.0065502183406114245,-0.004206457480673054,15.7,8.535031847133759,2.070243499150528,0.8316151202749141,0.304029304029304,-1.545112781954887,-1.927286914765918,2128.0,2202.0,0.028199566160520606,0.005594245918483845
2201.5,2201.5,2201.5,2201.5,0,2024-03-07 00:00:00-05:00,2184.15,2161.25,2169.725,2191.965,2191.04,2188.1075,2173.0044842739103,2174.919187179827,2181.022357253614,2219.062544726856,56.5462157490393,53.49652931903196,79.4077134986226,77.13498622589536,-0.0,132.10279864967836,-1.9147029059167835,-7.403196285429701,5.488493379512917,2217.8240904279996,2169.725,2121.625909572,0.04433657761052643,0.8303077014269592,17.78640347110878,0.8079220291214526,11.75,288.9347043145938,58.915544058188914,-240.0,100,0,0,0,9.628983504431096,57.142857142857146,100.0,42.85714285714286,2134.29556864,2134.29556864,0.005365909350382392,0.005351564152610089,0.1311952951354719,0.12442180808897949,0.015686274509803866,0.026699312113792617,0.005940141649531716,15.7,0.0,2.070243499150528,0.993127147766323,0.3614163614163614,-0.77518796992486,-1.725030012004827,2128.0,2202.0,0.033386327503974564,0.0002271178741766977
2200.0,2204.0,2193.5,2193.5,18,2024-03-08 00:00:00-05:00,2185.15,2167.475,2169.9125,2190.805,2191.16,2187.6225,2176.1576405394626,2176.295543685025,2181.5116765770017,2218.8081910479814,54.379029776965915,52.194763959306535,83.8888888888889,78.37618610345889,-13.81578947368421,106.45575141764817,-0.13790314556263183,-5.9501376574562865,5.812234511893655,2218.3504177401587,2169.9125,2121.474582259841,0.04464504236014937,0.7434817711047498,17.265946080315295,0.7871413758976656,10.5,270.9347043145938,47.72689152104664,-258.0,0,0,0,0,9.413016888898841,50.0,100.0,50.0,2138.3278345216,2138.3278345216,-0.0036338859868271234,-0.0036405045895398125,0.13193916989106655,0.1159196383866796,0.0022846698652043695,0.029208211143695095,0.0017125242607602953,16.6,1.0843373493975903,2.00483355138764,0.8831615120274914,0.32234432234432236,-0.11936090225566674,-1.5756182472989089,2128.0,2204.0,0.02986095281513563,0.004786870298609528
2210.5,2210.5,2210.5,2210.5,0,2024-03-11 00:00:00-04:00,2192.3,2175.6,2171.3375,2188.465,2191.5725,2187.4,2181.441080456468,2178.829207115764,2182.648473573982,2218.72552248034,58.05768160713106,54.65665534438472,92.22222222222223,85.17294153657797,-0.0,126.52863190325424,2.6118733407042782,-4.237735457824174,6.849608798528452,2222.7024381874317,2171.3375,2119.9725618125685,0.04731179578249034,0.8812182140382926,17.246949931721346,0.7802284520118229,17.0,270.9347043145938,38.81090716302964,-258.0,100,0,0,0,9.437205409297283,42.85714285714286,100.0,57.142857142857146,2143.581607759872,2143.581607759872,0.0077501709596534685,0.007720292660029175,0.13386004071528512,0.10681075366694562,0.016438671111622005,0.038158976165316494,0.013061411549037505,16.6,0.0,2.00483355138764,1.0,0.4053724053724054,0.6513157894737094,-1.19451380552221,2128.0,2210.5,0.03732187287943904,0.0
2216.5,2216.5,2216.5,2216.5,0,2024-03-12 00:00:00-04:00,2202.35,2184.075,2172.6,2186.415,2192.0725,2187.3325,2186.834760386242,2181.6196362183,2183.9759844142177,2218.7033779780477,59.3049300767651,55.505812992640536,92.22222222222223,89.4444444444445,-0.0,122.29239304431691,5.215124167942122,-2.3471635326709146,7.5622877006130365,2227.011487757636,2172.6,2118.1885122423637,0.050088822385746315,0.9034074586927562,16.44359636516982,0.7418721572375285,6.0,270.9347043145938,31.635194729019986,-258.0,100,0,0,0,9.668544758327133,35.714285714285715,100.0,64.28571428571429,2150.2734469838847,2150.2734469838847,0.002714318027595475,0.0027106409188102296,0.13343144653140498,0.08727478016672534,0.02319676860934794,0.03975606895742945,0.0115231032515688,16.6,0.0,2.00483355138764,1.0,0.4346764346764347,1.6109022556390418,-0.8088715486194432,2128.0,2216.5,0.03992781412136251,0.0
2207.5,2218.0,2202.25,2211.0,11,2024-03-13 00:00:00-04:00,2206.6,2191.975,2173.85,2183.99,2192.425,2187.22125,2190.5524895575895,2183.795959461389,2185.035749731307,2218.6267274509028,57.61362530829716,54.52303475131416,90.47619047619048,91.64021164021169,-7.777777777777778,90.78296804663796,6.7565300962005495,-0.5264248068966215,7.2829549030971705,2230.536506330867,2173.85,2117.163493669133,0.052153098264247216,0.8276793932506932,16.39405376765769,0.7414768777773718,15.75,272.156926536816,26.21263810135767,-269.0,0,0,0,0,9.267395886454693,28.571428571428573,100.0,71.42857142857143,2158.2206333458184,2158.2206333458184,-0.002481389578163795,-0.002484473327661945,0.1334573051564445,0.07805648826373221,0.009704304144308784,0.03705440900562862,0.011436413540713675,17.15,0.641399416909621,1.977538266027838,0.9369627507163324,0.5520661157024793,2.371052631578891,-0.3938775510204024,2128.0,2218.0,0.03753957485300769,0.003165988240615106
2193.0,2193.0,2193.0,2193.0,0,2024-03-14 00:00:00-04:00,2204.9,2194.525,2173.4,2182.275,2192.515,2186.96125,2190.9290296256527,2184.477740242027,2185.348073271256,2218.3717351379582,52.35157136441989,51.39591317579865,57.142857142857146,79.94708994708999,-27.77777777777778,40.08853230045635,6.451289383625863,0.8691180312078752,5.582171352417987,2229.3232509784298,2173.4,2117.4767490215704,0.051461535822609435,0.6752401698495666,16.508764212825,0.752793625755814,18.0,272.156926536816,21.611352380826958,-269.0,100,0,0,0,8.693421920565324,21.42857142857143,92.85714285714286,71.42857142857143,2166.589744677404,2166.589744677404,-0.008141112618724522,-0.008174432439558062,0.1344167091216572,0.09727496000359748,-0.0038610038610038533,0.0117647058823529,-0.004087193460490468,17.15,0.0,1.977538266027838,0.7306590257879656,0.5303643724696356,3.0890977443608216,-0.14061224489795596,2128.0,2218.0,0.029639762881896944,0.011399908800729594
2214.0,2214.0,2214.0,2214.0,0,2024-03-15 00:00:00-04:00,2209.0,2197.075,2174.775,2181.535,2192.885,2186.8925,2194.4784096832445,2186.664574298173,2186.4716782410105,2218.328235285839,57.256489393190414,54.58660461883643,51.80952380952382,66.47619047619052,-4.444444444444445,90.4259446039254,7.813835385071343,2.2580615019805688,5.555773883090774,2233.2146911353743,2174.775,2116.335308864626,0.05374320666310237,0.8356023897280367,16.829566769051784,0.7601430338325106,21.0,272.156926536816,17.76433982417103,-269.0,100,0,0,0,8.783119249105502,14.285714285714286,85.71428571428572,71.42857142857143,2173.7871804225674,2173.7871804225674,0.009575923392612928,0.009530364850694062,0.1360848273114399,0.11606495924018366,0.009345794392523255,0.011651816312542751,0.012577178138577727,17.15,0.0,1.977538266027838,0.9713467048710601,0.8009259259259259,3.8759398496240522,0.10234093637453728,2128.0,2218.0,0.03884372177055104,0.0018066847335140017
2213.5,2213.5,2213.5,2213.5,0,2024-03-18 00:00:00-04:00,2209.6,2200.95,2176.6375,2181.44,2193.2775,2186.6825,2197.404808193515,2188.6523836094198,2187.5316124276374,2218.2801931436916,57.10575981691831,54.49716582262523,55.333333333333336,54.76190476190481,-5.0,80.5304294370779,8.752424584095024,3.55693411840346,5.195490465691565,2237.4717985083603,2176.6375,2115.8032014916394,0.05589750108445753,0.8029746450921446,15.663169142690943,0.7076200199995908,0.5,272.156926536816,14.575621976068987,-269.0,100,0,0,0,8.844231088697226,7.142857142857143,78.57142857142857,71.42857142857143,2179.976975163408,2179.976975163408,-0.0002258355916892052,-0.00022586109638642653,0.13467354694869177,0.10383433704104418,0.0013571590137977374,0.01781814001609372,0.01711659965537038,17.15,0.0,1.977538266027838,0.9656160458452722,0.7962962962962963,4.452443609022505,0.2674669867947241,2128.0,2218.0,0.03862660944206009,0.0020329794443189517
2203.5,2203.5,2203.5,2203.5,1,2024-03-19 00:00:00-04:00,2207.0,2204.675,2179.3875,2181.45,2193.4725,2186.20375,2198.342530009897,2189.752207045759,2188.157823704985,2218.133126545247,54.04156510202589,52.68440204744973,69.33333333333333,58.825396825396865,-24.576271186440678,36.59713514951159,8.590322964138068,4.5636118875503815,4.026711076587686,2239.856805230057,2179.3875,2118.9181947699426,0.05549201803723039,0.6993780142525491,15.258657061070162,0.692473658319499,10.0,272.156926536816,11.946089949475493,-270.0,100,0,0,0,8.451947601331227,0.0,71.42857142857143,71.42857142857143,2185.300198640531,2185.300198640531,-0.004517732098486604,-0.004527967890154074,0.1265436853496981,0.1058631711163865,-0.0058651026392961825,0.017195614541257953,0.025599255294391332,17.2,0.05813953488372093,1.9730205339293514,0.8510028653295129,0.7037037037037037,4.391917293233047,0.37217286914765774,2128.0,2218.0,0.034263671431813025,0.006580440208758793
2212.75,2212.75,2212.75,2212.75,1,2024-03-20 00:00:00-04:00,2207.35,2206.975,2181.25,2182.335,2193.4675,2185.92,2200.559063854528,2191.4557472645915,2189.1222227753774,2218.0795630970356,56.37348374853705,54.16519294571505,72.68253968253968,65.78306878306881,-8.898305084745763,70.373665480427,9.10331658993664,5.471552828027633,3.6317637619090064,2243.397003145767,2181.25,2119.102996854233,0.05698292552047407,0.7534313676084761,14.829467270993721,0.6701826808719341,9.25,272.156926536816,9.784364125007698,-269.0,100,0,0,0,8.460682564574034,14.285714285714286,64.28571428571429,50.0,2189.8781708308566,2189.8781708308566,0.004197867029725355,0.004189080566944554,0.11997253029975252,0.11109346292162305,0.0007914970601536897,0.0105034821326635,0.017122500574580535,17.25,0.057971014492753624,1.9772184009590767,0.9570200573065902,0.7893518518518519,4.8071428571427735,0.4141056422569123,2128.0,2218.0,0.03830075697661281,0.0023726132640379616
2237.0,2237.0,2237.0,2237.0,0,2024-03-21 00:00:00-04:00,2216.15,2210.525,2185.8875,2183.425,2193.9025,2185.9025,2206.1653617230622,2194.8293956153625,2190.999782666539,2218.2678261507963,61.840006393496516,57.800614976485335,78.68253968253968,73.56613756613758,-0.0,162.8408091468786,11.335966107699733,6.644435483962053,4.6915306237376795,2250.106164537672,2185.8875,2121.6688354623275,0.058757520263666214,0.897956733980479,15.502362465922742,0.6929978750971275,24.25,272.156926536816,8.010534094542834,-269.0,100,0,0,0,9.333125353803684,7.142857142857143,100.0,92.85714285714286,2193.8152269145367,2193.8152269145367,0.010959213648175314,0.010899596641143252,0.11061517493577969,0.10348004429878106,0.02006383948928403,0.016125369066545492,0.04325521744199601,17.25,0.0,1.9772184009590767,1.0,1.0,5.019360902255544,0.5431332533013308,2128.0,2237.0,0.048725972284309346,0.0
2251.25,2251.25,2251.25,2251.25,0,2024-03-22 00:00:00-04:00,2223.6,2216.3,2191.8875,2184.88,2194.1875,2186.135,2213.101459919514,2199.008699643854,2193.362536287459,2218.5960069851167,64.64360837190792,59.76944347932296,98.01587301587301,83.12698412698415,-0.0,200.29277942631117,14.092760275660112,8.134100442301666,5.958659833358446,2256.983097969481,2191.8875,2126.7919020305185,0.05939684219147318,0.9559640117894839,15.412908004071117,0.6846377791924982,14.25,272.156926536816,6.556645982576072,-269.0,100,0,0,0,10.581153863290558,0.0,100.0,100.0,2200.7247906082107,2200.7247906082107,0.006370138578453366,0.006349935000036306,0.10713218296051277,0.0947256738505474,0.016824751580849062,0.026327786642352358,0.056304985337243485,17.25,0.0,1.9772184009590767,1.0,1.0,5.090413533834535,0.690660264105656,2128.0,2251.25,0.05474736257634647,0.0
2268.0,2268.0,2268.0,2268.0,0,2024-03-25 00:00:00-04:00,2234.5,2222.05,2198.825,2186.645,2194.23,2186.43875,2221.5473891626657,2204.119166336902,2196.2894956487353,2219.0875890051652,67.6520364919843,61.959890581064016,100.0,92.23280423280426,-0.0,220.19513925847178,17.428222825763896,9.992924918994111,7.435297906769785,2265.2994499789415,2198.825,2132.350550021058,0.06046361122776185,1.0203126917327934,15.508414575208894,0.6837925297711153,16.75,272.156926536816,5.365814847446416,-269.0,100,0,0,0,12.205939282684218,7.142857142857143,100.0,92.85714285714286,2209.8193282987327,2209.8193282987327,0.007440310938367611,0.007412768357476893,0.10741946743557802,0.09205665356578159,0.024621639936751816,0.026012214431124114,0.06516379006692508,17.25,0.0,1.9772184009590767,1.0,1.0,5.188721804511296,0.8736734693877845,2128.0,2268.0,0.06172839506172839,0.0
2246.0,2246.0,2246.0,2246.0,10,2024-03-26 00:00:00-04:00,2243.0,2225.0,2204.5375,2188.215,2194.175,2186.465,2225.3093292914864,2207.2214503119462,2198.2389271919224,2219.3553741891933,60.38446251060944,57.63235855197526,86.72699849170438,94.91429050252582,-29.333333333333332,99.45465627305782,18.087878979540164,11.611915731103322,6.475963248436843,2266.4536277455127,2204.5375,2142.621372254487,0.05617153506847833,0.8348279479816548,15.972099248408258,0.711135318272852,22.0,272.156926536816,4.3908553060345525,-279.0,100,0,0,0,12.648628578762004,0.0,92.85714285714286,92.85714285714286,2221.4554626389863,2221.4554626389863,-0.00970017636684306,-0.009747529549254227,0.11665502018145034,0.12637708090294453,0.01928749716360345,0.013309271373787457,0.05359446464172635,17.1,0.5847953216374269,1.8649530468245197,0.8382352941176471,0.8434163701067615,4.803571428571393,0.9664465786314413,2128.0,2268.0,0.05253784505788068,0.009795191451469279
2245.0,2247.0,2243.25,2247.0,74,2024-03-27 00:00:00-04:00,2249.85,2228.6,2210.2875,2189.92,2194.2925,2186.42875,2228.6463555543346,2210.1680095480983,2200.1511261255723,2219.6304450927832,60.5916952379234,57.77312049594489,64.14635333041406,83.62445060737282,-28.0,79.92656421189885,18.47834600623628,12.985201786129913,5.493144220106366,2265.1476118755777,2210.2875,2155.427388124422,0.049640702284727924,0.8346010311031055,15.099092159236239,0.6719667182570644,3.75,346.156926536816,27.13829410218119,-205.0,0,0,0,0,12.934147474092967,35.714285714285715,85.71428571428572,50.0,2230.7643701111892,2230.7643701111892,0.00044523597506684887,0.0004451368869407433,0.11656675204333769,0.12852264414682427,0.01547847700824767,0.016282225237449044,0.053939962476547754,20.1,3.6815920398009947,1.8962586654237037,0.7936117936117936,0.8505338078291815,4.264849624060143,1.0399519807923348,2159.0,2268.0,0.039163328882955054,0.009345794392523364
2284.25,2284.25,2284.25,2284.25,0,2024-03-28 00:00:00-04:00,2259.3,2237.725,2216.125,2192.63,2194.9225,2186.79375,2237.2007623921295,2215.6555643963875,2203.4491211794716,2220.273425738626,67.42704718008959,62.62933013499343,64.14635333041406,71.67323505084418,-0.0,163.02404980669763,21.545197995742,14.69720102805233,6.847996967689671,2276.1355199110894,2216.125,2156.1144800889106,0.05415806410837785,1.0676088134291524,16.681299862147934,0.730274701199428,37.25,346.156926536816,33.97694687313384,-205.0,100,0,0,0,14.259078257717428,28.571428571428573,100.0,71.42857142857143,2238.211496088951,2238.211496088951,0.0165776591010236,0.016441749693400804,0.1164501455775699,0.15385280541973642,0.021122038444345126,0.04160966712266312,0.0538638985005766,17.15,0.0,0.9138477836225717,1.0,1.0,4.645864661654076,1.1610804321728636,2159.0,2284.25,0.054832001751121816,0.0
2289.25,2289.25,2289.25,2289.25,0,2024-04-01 00:00:00-04:00,2266.9,2245.25,2221.1625,2195.685,2195.355,2187.13625,2245.208337408725,2221.107004070729,2206.8138615253747,2220.9597598108785,68.22376400823639,63.22538954021147,77.41935483870968,68.57068716651263,-0.0,142.40024840863208,24.10133333799604,16.578027490041073,7.5233058479549655,2287.6198688540544,2221.1625,2154.7051311459454,0.05984016824888273,1.01226448755085,15.846921300565938,0.6922320105085045,5.0,346.156926536816,33.68576420005678,-205.0,100,0,0,0,15.612140933861307,21.42857142857143,100.0,78.57142857142857,2243.25,2243.25,0.0021889022655139367,0.002186510109111654,0.1134438063296852,0.15304424393604338,0.01687951138256527,0.03398825654923221,0.0460360977838703,16.7,0.0,0.8266505517886623,1.0,1.0,5.254323308270606,1.2509603841536436,2159.0,2289.25,0.05689636343780714,0.0
2326.5,2326.5,2326.5,2326.5,0,2024-04-02 00:00:00-04:00,2278.6,2256.55,2228.75,2199.665,2195.865,2187.55,2257.714747038152,2228.9138926580827,2211.507435583203,2222.0099114545515,73.43657408361301,67.30472339955594,100.0,80.52190272304126,-0.0,183.65221918521442,28.800854380069268,19.02259286804671,9.778261512022556,2306.0460218898797,2228.75,2151.4539781101203,0.06936266686697004,1.1323093841702496,17.3757126362398,0.7468606334081153,37.25,346.156926536816,30.50430181561103,-205.0,100,0,0,0,17.667950602798076,14.285714285714286,100.0,85.71428571428572,2252.45,2252.45,0.016271704706781742,0.016140739296861727,0.11898689295587582,0.17849366961310223,0.025793650793650702,0.05105037271289814,0.06977813541786415,13.8,0.0,1.1910553952887755,1.0,1.0,6.026315789473613,1.3917767106842778,2163.0,2326.5,0.07027724049000644,0.0
2352.25,2372.0,2352.25,2372.0,7,2024-04-03 00:00:00-04:00,2303.8,2273.4,2239.0375,2204.555,2197.07,2188.27125,2275.297093647667,2239.5128635722986,2217.8012616387637,2223.502350146546,78.15137503770976,71.37694639169145,100.0,92.47311827956992,-0.0,196.56831973216234,35.78423007536867,22.374920309511104,13.409309765857564,2333.240508842626,2239.0375,2144.834491157374,0.08414598580204742,1.2057232122071877,19.38459030507982,0.8172255609224207,45.5,353.156926536816,28.656948856918632,-198.0,0,0,0,0,20.29420483488101,7.142857142857143,100.0,92.85714285714286,2267.2599999999998,2267.2599999999998,0.01955727487642389,0.019368488832912943,0.12862234469243597,0.14224441757596762,0.056099732858414963,0.0764692534604039,0.09497980380842463,12.8,0.546875,1.4334856906158329,1.0,1.0,7.085902255639015,1.6205402160864033,2163.0,2372.0,0.08811129848229342,0.0
2386.75,2386.75,2386.75,2386.75,7,2024-04-04 00:00:00-04:00,2331.75,2290.8,2248.8875,2208.605,2198.425,2188.9425,2292.4436946249493,2250.4193181224987,2224.4267023588122,2225.1267048714562,79.42622360275054,72.5410724987875,100.0,100.00000000000001,-0.0,176.4279158651736,42.02437650245065,26.304811548099014,15.719564954351636,2360.0813032221413,2248.8875,2137.6936967778583,0.09888783073598967,1.1199198876423913,19.053548140431264,0.7983051488606374,14.75,353.156926536816,25.29603638682454,-191.0,100,0,0,0,22.92589175498623,0.0,100.0,100.0,2288.2079999999996,2288.2079999999996,0.006218381112984783,0.0061991267605264536,0.1266639065463952,0.1192879986905537,0.062194036493101956,0.07863518246525825,0.08996460783194427,6.45,1.0852713178294573,0.02335019222092538,1.0,1.0,8.41785714285708,1.9995078031212516,2193.0,2386.75,0.0811773331936734,0.0
2395.25,2395.25,2395.25,2395.25,7,2024-04-05 00:00:00-04:00,2353.95,2306.625,2258.575,2212.785,2200.0575,2189.83125,2308.260049298034,2261.1475167800913,2231.1256552074865,2226.819473977213,80.14519514557425,73.20058878141606,100.0,100.00000000000001,-0.0,146.79836142169552,47.11253251794278,30.46635574206777,16.646176775875013,2384.3682927464906,2258.575,2132.781707253509,0.11139173394418234,1.043252334905642,18.2997232732576,0.7640005541491536,8.5,353.156926536816,21.621477977529253,-184.0,100,0,0,0,25.478285929027436,14.285714285714286,100.0,85.71428571428572,2307.9163999999996,2307.9163999999996,0.0035613281659159224,0.0035550016528400844,0.1266332743863013,0.12461135948560115,0.04859363029440744,0.07074206526598115,0.08800817624347035,6.8,1.0294117647058825,0.04827948938233684,1.0,1.0,9.760526315789406,2.3839255702280866,2193.0,2395.25,0.0844379501095919,0.0
2405.5,2405.5,2405.5,2405.5,7,2024-04-08 00:00:00-04:00,2377.2,2322.05,2269.175,2217.005,2202.0525,2190.74375,2323.220041713721,2271.8402933148996,2237.9638648071927,2228.5973896590317,81.00713657192189,73.99154199506054,100.0,100.00000000000001,-0.0,127.12578103776205,51.37974839882145,34.64903427341851,16.73071412540294,2406.4519190359288,2269.175,2131.8980809640716,0.12099280049879677,0.9965328511063115,17.72474303945349,0.736842362895593,10.25,353.156926536816,18.15266063031487,-177.0,100,0,0,0,27.978499254289353,7.142857142857143,100.0,92.85714285714286,2325.3831199999995,2325.3831199999995,0.004279302786765582,0.004270172608525783,0.12316145804918774,0.11750267047820347,0.05078082341378187,0.068517490283176,0.09664919079097323,6.25,1.12,0.14364455665258413,1.0,1.0,10.831954887217966,2.7925930372149157,2193.0,2405.5,0.08833922261484099,0.0
2401.5,2407.25,2400.75,2407.25,9,2024-04-09 00:00:00-04:00,2393.35,2335.975,2279.0125,2220.63,2203.96,2191.765,2336.1477276039177,2281.8706419582404,2244.6025367755383,2230.375027572872,81.15753686142915,74.1284257406711,100.0,100.00000000000001,-0.0,103.96635825348494,54.27708564567729,38.574644547870264,15.702441097807025,2425.921440759238,2279.0125,2132.1035592407616,0.12892333039791423,0.9364523334565533,16.922975679492527,0.7030003397857525,6.5,362.156926536816,17.946993476425916,-168.0,0,0,0,0,30.05344160870695,0.0,100.0,100.0,2341.4064959999996,2341.4064959999996,0.0007274994803574408,0.0007272349808848591,0.12334107048510912,0.11686400329285705,0.03470879002793903,0.061397707231040544,0.08900701198823802,6.7,1.3432835820895521,0.1501920519758011,1.0,1.0,11.878007518797006,3.2622569027611124,2193.0,2407.25,0.08900197320594039,0.0
2428.25,2428.25,2397.25,2397.25,1,2024-04-10 00:00:00-04:00,2398.4,2351.1,2288.05,2224.185,2205.8925,2192.91,2345.548077203315,2290.417261072445,2250.5887118039486,2232.0354750597094,77.38642308957147,71.85923442686334,75.1004016064257,91.70013386880858,-16.209150326797385,91.32446316326909,55.130816130870244,41.88587886447026,13.244937266399987,2440.595042528411,2288.05,2135.5049574715895,0.1333406547308063,0.8579270692446852,17.928477416671633,0.7478768345675935,31.0,361.156926536816,15.913130233796267,-169.0,0,0,-100,0,32.26544192253667,0.0,100.0,100.0,2354.5751967999995,2354.5751967999995,-0.0041541177692387965,-0.004162770086602804,0.12687199627532994,0.06391345022777238,0.010645025295109578,0.0673419412288514,0.08154748477329132,6.75,0.14814814814814814,0.1460379342065623,0.9533255542590432,0.9640287769784173,12.580075187969864,3.6750660264105632,2193.0,2428.25,0.08520179372197309,0.012931483992074251
2398.75,2398.75,2398.75,2398.75,0,2024-04-11 00:00:00-04:00,2400.8,2366.275,2297.4375,2227.61,2207.8825,2194.15625,2353.732988402805,2298.441908400412,2256.3989583998723,2233.69432605414,77.55489918165335,71.99425935537998,45.3024218084459,73.46760780495721,-15.945945945945946,70.87239583333357,55.291080002392846,44.566919092054775,10.724160910338071,2452.9400622779253,2297.4375,2141.9349377220747,0.1353704396989475,0.82575829785662,16.75501474405223,0.6984894109036885,1.5,361.156926536816,13.634447067829967,-169.0,100,0,0,100,34.319442213949976,0.0,92.85714285714286,92.85714285714286,2369.31015744,2369.31015744,0.0006257169673584695,0.0006255212881191413,0.12524955020235357,0.05270551017909278,0.005027757410704936,0.0675344904316868,0.08491632745364086,6.2,0.0,0.17333321956636405,0.9603267211201867,0.9694244604316546,12.944924812030058,4.0939255702281026,2193.0,2428.25,0.08577384054194893,0.012298071912454403
2436.25,2436.25,2436.25,2436.25,0,2024-04-12 00:00:00-04:00,2409.0,2381.475,2309.6,2231.625,2210.4475,2195.4875,2366.4279132639117,2308.649915185567,2263.4519404234065,2235.7098053968853,81.30482908551639,75.12707100804312,45.3024218084459,55.23508174110585,-0.0,98.22143466561671,57.77799807834481,47.20913488931278,10.56886318903203,2468.539249400525,2309.6,2150.660750599475,0.13763357239394278,0.89842266928304,18.236799405191356,0.7485602629119079,37.5,361.156926536816,11.462763311950084,-169.0,100,0,0,0,36.676117176166386,21.42857142857143,100.0,78.57142857142857,2381.098125952,2381.098125952,0.015633142261594513,0.015512203499860834,0.1228058037944866,0.11834870290497894,0.017117211147061884,0.06654262887162088,0.11092111263109894,6.2,0.0,0.17333321956636405,1.0,1.0,13.278947368421008,4.604165666266499,2203.5,2436.25,0.09553617239610056,0.0
2492.0,2560.5,2492.0,2521.25,43,2024-04-15 00:00:00-04:00,2432.15,2404.675,2324.9625,2237.865,2213.885,2197.3525,2390.2466958386944,2324.3980696162657,2273.5616682499394,2238.5510013630856,86.72053000486774,80.35677369977745,62.18772719538416,50.93085693742534,-12.371946414499606,170.35812822684215,65.84862622242872,50.937033155935964,14.911593066492756,2502.300966991789,2324.9625,2147.624033008211,0.15255167942862657,1.0534261780020016,25.809170876249116,1.0236656767971886,124.25,354.8795542740423,7.534932118030326,-126.0,0,0,0,0,39.71772396668559,14.285714285714286,100.0,85.71428571428572,2392.1285007615998,2392.1285007615998,0.034889687018984095,0.03429483844665096,0.16132362562192987,0.25404004093648885,0.04811889420078996,0.10134323468384832,0.1387759710930443,8.35,5.149700598802395,1.6735897613826802,1.0,1.0,14.793045112781893,5.230840336134442,2203.5,2560.5,0.12602875557759047,0.015567674764501735
2497.5,2515.75,2497.5,2515.75,9,2024-04-16 00:00:00-04:00,2453.85,2423.6,2340.075,2244.245,2216.9625,2199.30125,2409.5548964788954,2338.5722866817277,2283.0592498871965,2241.3092003544975,85.00461340227649,79.22503652696335,82.84839203675345,63.44618034686118,-14.105594956658788,142.49916617120303,70.9826097971677,54.94614848418231,16.036461312985388,2528.0392984718223,2340.075,2152.1107015281773,0.16064809757962675,0.9673094875682878,25.66208724223132,1.020057129771691,23.75,363.8795542740423,8.106734618878647,-135.0,0,0,0,0,42.54207312931056,7.142857142857143,92.85714285714286,85.71428571428572,2425.80280060928,2425.80280060928,-0.0021814576103122985,-0.002183840454978881,0.16256043801026482,0.2611407085158059,0.04507217779624062,0.08134536857941121,0.1365484526767562,8.8,1.0227272727272727,1.6539566428898695,0.982690794649882,0.985969387755102,15.758646616541286,5.783997599039614,2203.5,2560.5,0.12411805624565239,0.017787936003179967
2545.25,2591.0,2545.25,2590.5,26,2024-04-17 00:00:00-04:00,2492.5,2445.45,2359.425,2252.52,2220.675,2201.68,2437.3926047129116,2357.2335987793776,2295.11574989162,2244.7837356743535,88.3721171720518,82.70171110321235,82.76169936228443,75.9326061981407,-0.16299918500407498,188.78550300106318,80.15900593353399,59.98871997405264,20.170285959481348,2565.9313618874676,2359.425,2152.918638112533,0.17504804084678885,1.0594863952083005,29.204081010643367,1.1273530596658314,75.25,389.3112482631133,15.695580582213893,-109.0,0,0,0,0,45.46730167924089,0.0,100.0,100.0,2452.742240487424,2452.742240487424,0.02971280930140119,0.029279937441400398,0.176672523851009,0.2646311225655049,0.0806132026280113,0.09211635750421587,0.17562968005445878,10.05,2.587064676616915,2.4310074168247873,1.0,1.0,17.17969924812026,6.433421368547426,2212.75,2591.0,0.14582127002509168,0.00019301293186643504
2601.5,2601.5,2601.5,2601.5,26,2024-04-18 00:00:00-04:00,2533.05,2466.925,2378.8625,2260.57,2224.81,2204.12375,2462.6398962955404,2375.3274062772016,2307.130818523321,2248.3331512397826,88.77172113404563,83.13773517457855,90.77599236892047,85.46202792265281,-0.0,161.21763257712487,87.31249001833885,65.45347398290988,21.859016035428965,2599.205328054365,2378.8625,2158.5196719456353,0.18525057926161337,1.005207049319229,27.903789509883126,1.0726038635357726,11.0,389.3112482631133,17.37323751428613,-83.0,100,0,0,0,48.21869315658599,0.0,100.0,100.0,2480.3937923899393,2480.3937923899393,0.00424628450106157,0.0042372944755152174,0.17665812890648447,0.2525809303715485,0.08452318916102142,0.08997590866240701,0.17568636312281094,11.3,2.3008849557522124,2.5372129468226623,1.0,1.0,18.321992481202944,7.123481392557018,2237.0,2601.5,0.14011147414952912,0.0
2681.75,2682.0,2680.0,2680.0,6,2024-04-19 00:00:00-04:00,2581.8,2495.4,2401.0125,2270.4,2229.6075,2206.9275,2496.0799122500725,2397.8957465529643,2321.7531393655436,2252.62834376476,91.11766639436819,85.81661630061352,99.56243013254853,91.03337395458449,-0.5625879043600562,172.9443655608629,98.18416569710826,71.99961232574955,26.184553371358703,2647.386680617615,2401.0125,2154.6383193823845,0.20522523778415597,1.0661865608251424,31.660661687748618,1.181367973423456,80.5,383.3112482631133,14.571075576107773,-77.0,0,0,0,0,50.99928749380492,0.0,100.0,100.0,2504.6150339119513,2504.6150339119513,0.030174899096675034,0.029728592774544198,0.19306843580093547,0.2700734270486127,0.10005130836326326,0.11888111888111896,0.1980330800178811,11.6,0.5172413793103449,2.7182623414027125,1.0,1.0,20.384022556390878,7.933877551020408,2243.25,2682.0,0.16296641791044778,0.0007462686567164179
2660.75,2673.25,2660.75,2660.75,16,2024-04-22 00:00:00-04:00,2609.7,2520.925,2421.4875,2279.82,2234.3675,2209.71625,2521.4137719039077,2417.3664319934855,2335.0471339002283,2256.6892557671003,86.35304807486773,82.44414896291048,95.8099177483003,95.38278008325643,-6.444275966641396,128.69040970858612,104.04733991042212,78.40915784268407,25.638182067738057,2682.313662175106,2421.4875,2160.6613378248944,0.21542639569694721,0.9586627698784503,30.77418585290943,1.156598171677513,19.25,367.3112482631133,7.009184276297731,-93.0,100,0,0,0,52.93474320831962,0.0,92.85714285714286,92.85714285714286,2540.092027129561,2540.092027129561,-0.007182835820895517,-0.007208756583748677,0.20146250704911917,0.2826168907595216,0.05532969757064943,0.10611099563500304,0.1818989450305386,12.4,1.2903225806451613,2.6033369682683842,0.9556451612903226,0.9650476622787109,21.72988721804508,8.654837935174077,2243.25,2682.0,0.15691064549469136,0.007986469980268722
2572.0,2572.0,2572.0,2572.0,1,2024-04-23 00:00:00-04:00,2620.95,2537.4,2436.6875,2287.62,2238.2025,2212.02,2529.196268534076,2428.8207703643384,2344.339403159043,2259.826676107726,68.55452503141154,69.26679056721234,68.99699879644167,88.12311555909685,-37.25656223539373,53.792807300053994,100.37549816973751,82.80242590809476,17.57307226164275,2695.3866435528907,2436.6875,2177.9883564471093,0.21233674285511847,0.7615248317827066,34.915315434844466,1.357516152210127,88.75,367.3112482631133,3.278484719439348,-94.0,100,0,0,0,52.26869634199893,0.0,85.71428571428572,85.71428571428572,2568.473621703649,2568.473621703649,-0.03335525697641639,-0.03392423156364364,0.2503350350879179,0.42478915786446525,0.022359137434164733,0.0684390902482086,0.13403880070546736,12.45,0.08032128514056225,2.569981711291968,0.7511520737327189,0.8039037675896504,21.456578947368406,9.10276110444177,2243.25,2682.0,0.12781881804043546,0.042768273716951785
2601.75,2601.75,2599.75,2600.75,3,2024-04-24 00:00:00-04:00,2623.0,2557.75,2454.425,2295.81,2242.495,2214.44625,2540.2045349134487,2441.556268855869,2354.3947206822177,2263.2189479872513,70.66394102298632,70.85147879458303,44.72666386821201,69.84452680431801,-28.334786399302526,65.10819080323178,98.6482660575798,85.97159393799177,12.676672119588034,2706.9675261218304,2454.425,2201.88247387817,0.2057854903872232,0.7897036832707742,34.54636433235557,1.3283231503356945,29.75,367.3112482631133,1.4542453807755464,-91.0,100,0,0,0,51.91338251095343,0.0,78.57142857142857,78.57142857142857,2572.0,2572.0,0.011178071539657886,0.011116058593494628,0.24336905194512481,0.37335040178948886,0.003956765103261928,0.08488893523829377,0.15794746215494215,12.1,0.24793388429752067,2.700517689579372,0.8169745958429562,0.8561053109396278,20.789473684210467,9.603529411764708,2243.25,2682.0,0.13746034797654522,0.03124098817648755
2593.75,2593.75,2526.0,2526.0,6,2024-04-25 00:00:00-04:00,2607.9,2570.475,2468.375,2302.61,2246.1525,2216.43875,2538.0192218498414,2447.8113600517304,2361.1243394789935,2265.8336848231993,59.49000648402346,62.10867331779074,15.232535593595932,42.98539941941655,-54.78489903424056,20.07070478696103,90.20786179811103,86.81884751001562,3.38901428809541,2703.7871651487008,2468.375,2232.9628348512992,0.1907426263421893,0.6223917208433144,37.41805259433017,1.4813164130772039,74.75,361.3112482631133,-1.333329383293858,-97.0,0,0,0,0,50.02088796561202,0.0,71.42857142857143,71.42857142857143,2682.0,-2682.0,-0.02874170912236851,-0.029162841040568144,0.27459321529060726,0.42519865463372575,-0.02902171823947719,0.05304846274101105,0.12416555407209606,8.7,0.6896551724137931,2.4951199726902145,0.6108654453569172,0.7203812982296868,18.536842105263112,9.876230492196877,2284.25,2682.0,0.0957046714172605,0.06175771971496437
2554.75,2554.75,2554.75,2554.75,5,2024-04-26 00:00:00-04:00,2582.85,2582.325,2481.9,2309.665,2249.955,2218.24375,2540.5931877190965,2455.732740788639,2368.71750263668,2268.708474028939,61.98018026759618,63.907284960146086,15.220327210989359,25.05984222426578,-44.6883230904302,18.179890814650182,84.86044693045733,86.42716739410396,-1.5667204636466323,2704.158655624478,2481.9,2259.6413443755223,0.1791036348156475,0.6638856308999846,36.79890598044944,1.440411233210664,28.75,361.3112482631133,-2.3524891155682326,-92.0,100,0,0,100,48.26357160208071,14.285714285714286,64.28571428571429,50.0,2678.88,-2678.88,0.011381631037213014,0.011317347581882053,0.27255320496210383,0.33751434496075455,-0.04673507462686566,0.04864032837352483,0.11841961256429911,8.95,0.558659217877095,2.5520281278762798,0.6794625719769674,0.7725828415796641,16.863533834586438,10.223109243697468,2289.25,2682.0,0.10392406301986495,0.04980917898033076
2566.0,2566.0,2566.0,2566.0,0,2024-04-29 00:00:00-04:00,2563.9,2586.8,2495.7375,2317.255,2254.1275,2219.86375,2544.501928070005,2463.9006859154065,2376.4540711607315,2271.6665986654666,62.940177917159886,64.59773554726085,24.109966174885752,18.187609659823693,-40.73748902546093,20.813209277025237,80.60124215459837,85.26198234620284,-4.660740191604475,2702.195151529306,2495.7375,2289.2798484706946,0.16544821042221436,0.6701620150174633,34.97398412470305,1.3629767780476638,11.25,361.3112482631133,-2.555555450083375,-92.0,100,0,0,0,46.76816653919282,7.142857142857143,57.142857142857146,50.0,2675.8224,-2675.8224,0.004403561992367244,0.00439389468326338,0.27228248970103375,0.3519047374190599,-0.035610260264962834,0.017749132374814014,0.12089112154635795,8.95,0.0,2.5520281278762793,0.6775106082036775,0.7930095324557421,15.023120300751861,10.524621848739484,2326.5,2682.0,0.09333593141075604,0.04520654715510522
2561.25,2561.25,2561.25,2561.25,0,2024-04-30 00:00:00-04:00,2561.75,2591.35,2507.475,2324.955,2258.48,2221.495,2547.078554520773,2471.111746217969,2383.700970330899,2274.548025544417,62.225753887127766,64.0544939204467,39.62151733000126,26.31727023862547,-42.63018534863195,5.634941161256791,75.96680830280411,83.40294753752309,-7.436139234718979,2700.3578595287904,2507.475,2314.5921404712094,0.15384628722423196,0.6393980785316318,32.815128115795694,1.28121534859134,4.75,361.3112482631133,-2.4063048187410914,-92.0,100,0,0,0,45.27491874503635,0.0,50.0,50.0,2672.825952,-2672.825952,-0.0018511301636788824,-0.0018528456224722314,0.27068787534557026,0.2633398481179371,-0.004179626749611143,0.01808605783563544,0.10090264345583488,8.95,0.0,2.5520281278762793,0.614448051948052,0.784384929641398,13.286842105263137,10.7534093637455,2352.25,2682.0,0.08160078086871644,0.04714494875549048
2537.75,2537.75,2537.75,2537.75,0,2024-05-01 00:00:00-04:00,2549.15,2586.075,2515.7625,2332.74,2262.76,2223.14875,2545.643392286808,2476.047913164786,2389.7421087492953,2277.1669506633784,58.677161470163774,61.37335590889704,38.89436914171123,34.208617548866094,-58.69786368260427,-45.843757565975054,69.59547912202197,80.64145385442286,-11.045974732400893,2698.633183476068,2515.7625,2332.8918165239315,0.14537992634524785,0.5601176185872286,32.14976182181029,1.266860873679846,23.5,361.3112482631133,-2.1264927587609463,-92.0,100,0,0,0,43.36898181712444,0.0,42.85714285714286,42.85714285714286,2669.8894329600002,-2669.8894329600002,-0.00917520741825284,-0.009217558888569082,0.26934259732404636,0.2443326551073918,-0.024223781601461103,-0.020362864311908924,0.06987774030354132,8.6,0.0,2.4151272037413123,0.514919011082694,0.7417158420335905,11.580263157894702,10.821968787514992,2386.75,2682.0,0.05950152694315831,0.05684169047384494
2491.75,2491.75,2491.75,2491.75,0,2024-05-02 00:00:00-04:00,2542.3,2575.1,2521.0125,2339.065,2266.7525,2224.78625,2537.352101165761,2477.2110307081352,2393.742418210107,2279.3021053831458,52.38024242306256,56.51166919687712,21.292608965693624,33.269498479135386,-100.0,-135.82777387640442,60.141070457625574,76.5413771750634,-16.40030671743783,2694.5576292171636,2521.0125,2347.467370782836,0.13767891211738442,0.41569195824740635,33.13906454882384,1.32995142164438,46.0,361.3112482631133,-1.8187066652453723,-92.0,100,0,0,0,40.67961152995628,0.0,35.714285714285715,35.714285714285715,2667.0116443008,-2667.0116443008,-0.018126292976061498,-0.018292586816974883,0.279768013281034,0.18262046840971569,-0.013558986539984219,-0.04218719969248508,0.04399287734366819,8.25,0.0,2.371598535950419,0.3388937664618086,0.6581933726736269,9.200187969924697,10.811032412965192,2395.25,2682.0,0.038727801745761015,0.07635196147286044
2512.25,2512.25,2512.25,2512.25,0,2024-05-03 00:00:00-04:00,2533.8,2558.325,2526.8625,2346.425,2270.785,2226.66125,2533.4902394479514,2479.80650991494,2398.3897743587304,2281.6199948818207,54.712712268057786,58.06605267672508,14.98420034705398,25.05705948481962,-89.22470433639947,-97.14855634004934,53.6837295330115,71.96984764665302,-18.28611811364152,2690.670732012302,2526.8625,2363.0542679876985,0.12965345919083582,0.4553975407081409,32.23627422390785,1.2831634679632937,20.5,361.3112482631133,-1.5274572028757802,-92.0,100,0,0,0,38.515830220579325,92.85714285714286,28.571428571428573,-64.28571428571429,2660.001178528768,-2660.001178528768,0.008227149593659,0.0081934910815024,0.28053568137671797,0.16812299218993326,-0.01663567863783144,-0.0625932835820896,0.048846675712347354,7.9,0.0,2.3466692387890076,0.40671971706454463,0.6954153427144802,7.089285714285687,10.741428571428575,2397.25,2682.0,0.04577569907453478,0.06756891232958503
2554.25,2554.25,2554.25,2554.25,0,2024-05-06 00:00:00-04:00,2531.45,2547.675,2534.3,2354.885,2275.395,2228.71625,2536.684048763651,2485.320842513833,2404.5019400701526,2284.332731251156,59.12961374860404,61.060140543919516,39.17916172112816,25.151990344625265,-67.1484888304862,-33.86004514672688,51.36320624981772,67.84851936728596,-16.485313117468237,2688.6247063823375,2534.3,2379.975293617663,0.12178882246169541,0.5646364424325356,32.93368320791443,1.289368041809315,42.0,361.3112482631133,-1.2694499498267078,-92.0,100,0,0,0,37.13708824721743,85.71428571428572,21.42857142857143,-64.28571428571429,2653.271131387617,-2653.271131387617,0.01671808140113451,0.01657987254246503,0.28500022557278865,0.21878812700587916,-0.004579111457521434,-0.04002630837169974,0.06183745583038869,7.55,0.0,2.3167141192816483,0.5552608311229,0.7716749886518384,5.564285714285661,10.703469387755117,2397.25,2682.0,0.0614661838112949,0.05001468141333072
2527.0,2527.0,2527.0,2527.0,1,2024-05-07 00:00:00-04:00,2524.6,2543.175,2540.2875,2362.84,2279.7325,2230.61125,2535.1941951077047,2488.4081875128086,2409.3057855575976,2286.7473309401994,55.35721547802227,58.2278607992077,57.97916172112816,37.38084126310344,-81.47174770039422,-72.91826127524958,46.78600759489609,63.63601701280798,-16.85000941791189,2683.308588916995,2540.2875,2397.2664110830046,0.11260228530589177,0.4535470604348722,32.52770583592054,1.287206404270698,27.25,361.3112482631133,-1.0484969872314878,-93.0,100,0,0,0,35.30852228939916,78.57142857142857,14.285714285714286,-64.28571428571429,2646.810286132112,-2646.810286132112,-0.010668493686992297,-0.010725810083338845,0.2891298247019707,0.23001814486861946,-0.013372376769155703,-0.01749611197511669,0.04974556028663413,7.15,0.13986013986013984,2.299498130271439,0.4588859416445623,0.7209302325581395,3.4539473684209785,10.555870348139267,2397.25,2682.0,0.05134546893549664,0.06133755441234666
2503.75,2503.75,2503.75,2503.75,0,2024-05-08 00:00:00-04:00,2517.8,2533.475,2545.6125,2370.28,2283.635,2232.36125,2530.356626629596,2489.5446180674153,2413.0094802416133,2288.906561478108,52.29181417155814,55.9047351957611,55.17601918465229,50.77811420896955,-93.69250985545335,-101.02860816457718,40.812008562180836,59.071215322682555,-18.25920676050172,2674.1296656822483,2545.6125,2417.095334317752,0.10097150739340578,0.3371326515887263,31.865012561926218,1.2726914652791301,23.25,361.3112482631133,-0.8627892309668823,-93.0,100,0,0,0,33.1655329132977,71.42857142857143,7.142857142857143,-64.28571428571429,2640.607874686828,-2640.607874686828,-0.009200633161852045,-0.009243220408166263,0.2912377788782594,0.230063965683825,-0.013397694808393257,-0.03729693357685282,0.04442590468244867,7.1,0.0,2.3036522480406774,0.37333333333333335,0.6783759124087592,0.6734962406014663,10.321488595438167,2398.75,2682.0,0.04193709435846231,0.07119321018472291
2510.5,2510.5,2510.5,2510.5,0,2024-05-09 00:00:00-04:00,2521.55,2531.925,2551.2,2377.85,2286.99,2233.99375,2527.3017609942735,2491.0968685809403,2416.832637879197,2291.111471314147,53.10374083130821,56.434586263282874,29.655445544554464,47.60354215011164,-89.6694214876033,-84.17483044461238,36.204892413333255,54.4979507408127,-18.293058327479443,2662.2163951855787,2551.2,2440.183604814421,0.08703072686232273,0.3166937418028919,30.0710830932172,1.1978125111817248,6.75,361.3112482631133,-0.7083824914980141,-93.0,100,0,0,0,31.29171635129674,64.28571428571429,0.0,-64.28571428571429,2634.653559699355,-2634.653559699355,0.0026959560659012283,0.002692328494732259,0.2911692933178316,0.18458780534901986,0.007524831945419974,-0.006136183689627872,0.046586763939551856,7.1,0.0,2.3036522480406774,0.3046153846153846,0.67007299270073,-2.1469924812029793,10.067875150060022,2436.25,2682.0,0.029575781716789484,0.06831308504282016
2488.25,2488.25,2488.25,2488.25,0,2024-05-10 00:00:00-04:00,2516.75,2525.275,2553.8,2384.265,2289.7975,2235.6575,2521.293797764385,2490.8859894267966,2419.6333187466794,2293.0730487140063,50.07832799152885,54.18124793477068,10.855445544554463,31.895636757920414,-100.0,-119.6433707218858,30.40780833758845,49.67992226016785,-19.2721139225794,2656.012719365028,2553.8,2451.5872806349726,0.08004755216933794,0.17934519105247335,29.512434300844543,1.1860719100108326,22.25,361.3112482631133,-0.5808176897610338,-93.0,100,0,0,0,29.11306011966438,100.0,0.0,-100.0,2628.9374173113806,-2628.9374173113806,-0.0088627763393746,-0.00890228434858723,0.2894248709705129,0.18553746825094508,-0.009553189372076831,-0.02602994422154814,0.021344279117496257,7.1,0.0,2.3036522480406774,0.0,0.6267639902676398,-4.861278195488753,9.812496998799512,2488.25,2682.0,0.0,0.07786597005927862
2493.75,2493.75,2493.75,2493.75,0,2024-05-13 00:00:00-04:00,2504.65,2518.05,2552.425,2390.37,2292.3575,2237.3675,2517.0562904160183,2491.098138358145,2422.5398552664174,2295.0698342989417,50.82413911981553,54.651216353158624,9.186628340253387,16.565839809787445,-95.15418502202643,-90.56736096500356,25.95815205787312,44.935568219708905,-18.977416161835784,2657.0633175514336,2552.425,2447.786682448567,0.08199129655244199,0.21962947525814633,27.79726042221279,1.1146771096626682,5.5,361.3112482631133,-0.4758304808902949,-93.0,100,0,0,0,27.19673684686349,92.85714285714286,7.142857142857143,-85.71428571428572,2620.4961722726975,-2620.4961722726975,0.0022103888274891403,0.0022079495120005963,0.26082696356522533,0.10519175435684466,-0.02368601350690025,-0.0281566640685893,-0.010907288051561714,4.95,0.0,0.8033957062243617,0.028683181225554105,0.6374695863746959,-6.233082706766947,9.590684273709472,2488.25,2682.0,0.002205513784461153,0.07548872180451127
2491.5,2491.5,2491.5,2491.5,1,2024-05-14 00:00:00-04:00,2497.55,2511.075,2551.2125,2396.705,2295.16,2238.9325,2513.1245534289387,2491.1279058871714,2425.244174667734,2297.0243633108926,50.49181243982244,54.41148484176394,9.600096653376836,9.880723512728236,-96.91943127962085,-85.76308026703784,21.996647541767288,40.34778408412058,-18.351136542353295,2658.0612570119533,2551.2125,2444.363742988047,0.0837631181345758,0.22057466240192192,25.97245610634045,1.0424425489199458,2.25,361.3112482631133,-0.38962385172590075,-94.0,100,0,0,0,25.369141884135882,85.71428571428572,0.0,-85.71428571428572,2612.5614019363356,-2612.5614019363356,-0.0009022556390977376,-0.0009026629167143254,0.26075188816960354,0.09277954581413148,-0.014048278591214824,-0.027232796486090782,-0.009639272582728786,4.55,0.21978021978021978,0.8221265690780747,0.01694915254237288,0.6330900243309002,-7.682518796992556,9.300588235294118,2488.25,2682.0,0.0013044350792695164,0.07645996387718242
2533.5,2533.5,2533.5,2533.5,1,2024-05-15 00:00:00-04:00,2503.5,2510.65,2548.3625,2404.05,2298.6175,2240.4475,2516.259237516794,2494.2665795251587,2429.489501151352,2299.3773547207343,56.24342887097744,58.02072894414134,42.933429986710166,20.573384993446805,-41.80064308681672,27.765621201069425,21.992657991635497,36.67675886562357,-14.684100873988072,2653.9002272590014,2548.3625,2442.824772740999,0.08282787653561945,0.42958679144413464,27.117280670173272,1.0703485561544612,42.0,361.3112482631133,-0.31893715327453265,-93.0,100,0,0,0,24.494275092405854,78.57142857142857,0.0,-78.57142857142857,2605.1027178201557,-2605.1027178201557,0.01685731487055997,0.016716807194505266,0.24458163620226503,0.14783175796407455,0.011882176734897554,-0.001674711851049171,-0.0220034742327736,3.3,0.30303030303030304,0.06645084211220376,0.23598435462842243,0.7011728709841918,-7.315225563909866,9.058079231692686,2488.25,2682.0,0.017860667061377542,0.0586145648312611
2529.0,2529.0,2529.0,2529.0,1,2024-05-16 00:00:00-04:00,2507.2,2514.375,2544.7375,2410.835,2302.065,2242.1,2518.219354821903,2496.8394254862583,2433.391873655221,2301.662157161324,55.49946880996631,57.508521912540424,68.22066339727276,40.25139667911993,-47.58842443729904,22.187171398527674,21.379929335644647,33.617392959627786,-12.237463623983139,2647.6739458051406,2544.7375,2441.8010541948597,0.08090142563242021,0.42355720135416663,25.501760622303753,1.0083732946739326,4.5,361.3112482631133,-0.26102558088302885,-94.0,100,0,0,0,23.574279860187097,71.42857142857143,7.142857142857143,-64.28571428571429,2598.091554750946,-2598.091554750946,-0.001776198934280604,-0.001777778245999272,0.24380172228652958,0.15064963944704018,0.007369049990041843,0.014949332798234183,-0.027868537382279457,2.05,0.48780487804878053,-0.04572875384967767,0.21251629726205998,0.6899383983572895,-6.752819548872213,8.827262905162073,2488.25,2682.0,0.016113088177145116,0.060498220640569395
2533.5,2533.5,2533.5,2533.5,8,2024-05-17 00:00:00-04:00,2516.25,2516.5,2537.4125,2417.475,2304.72,2244.015,2520.570223310841,2499.5550235983874,2437.3176825314868,2303.969001368674,56.12447574175744,57.898775035026596,96.68508287292819,69.27972541897039,-38.013698630136986,47.10017574692379,21.015199712453523,31.096954310192935,-10.081754597739412,2619.5547965043124,2537.4125,2455.2702034956874,0.06474492933593771,0.4761846200648012,24.00163486356777,0.9473706281258247,4.5,361.3112482631133,-0.21360488482434903,-86.0,100,0,0,0,22.80927294049389,64.28571428571429,0.0,-64.28571428571429,2591.5010614658895,-2591.5010614658895,0.001779359430605032,0.0017777782459993572,0.2142220718078935,0.12041896813677372,0.01818547171707019,0.008458553089859766,-0.05466417910447763,2.15,3.7209302325581395,-0.21254327298488762,0.26231884057971017,0.6991786447638604,-4.777631578947438,8.603229291716689,2488.25,2673.25,0.017860667061377542,0.05516084468127097
2557.5,2557.5,2557.5,2557.5,0,2024-05-20 00:00:00-04:00,2529.0,2516.825,2532.25,2424.755,2307.78,2245.96125,2526.2517274168654,2503.847244072581,2442.0307145890756,2306.491697872468,59.39963894493939,59.95820087552818,96.68508287292819,87.19694304770972,-0.0,128.40605520926093,22.404483344284472,29.35846011701124,-6.953976772726769,2592.904966820521,2532.25,2471.595033179479,0.04790598623399835,0.7081445372372808,24.001518087598644,0.9384757805512666,24.0,361.3112482631133,-0.17478688327094005,-86.0,100,0,0,0,22.566441566814635,57.142857142857146,0.0,-57.142857142857146,2585.305997777936,-2585.305997777936,0.009473060982830184,0.009428472909817198,0.21774896829789644,0.12592322890912433,0.02556390977443601,0.0012723891553294564,-0.03880484825707042,1.35,0.0,-0.09761789985055935,0.6155555555555555,0.7484599589322382,-2.5432330827068554,8.384189675870338,2488.25,2601.75,0.0270772238514174,0.017302052785923755
2651.0,2651.0,2651.0,2651.0,0,2024-05-21 00:00:00-04:00,2560.9,2529.225,2536.2,2433.565,2311.015,2248.35625,2545.443769352732,2514.7474482153525,2450.225588526759,2309.9196411772195,69.08243801663633,66.6345377199065,100.0,97.7900552486188,-0.0,293.82402707275793,30.696321137379527,29.6260323210849,1.070288816294628,2614.4362767519187,2536.2,2457.963723248081,0.06169566812705538,1.233674995577959,28.965695367055883,1.0926327939289282,93.5,361.3112482631133,-0.14301707506535877,-86.0,100,0,0,0,23.720402768765233,50.0,100.0,50.0,2488.25,2488.25,0.03655913978494629,0.03590670846324405,0.2250403175783589,0.24149372746720366,0.06401766004415022,0.04907004352987743,0.030715396578538057,1.3,0.0,-0.06426264287414296,1.0,0.9404517453798767,-0.21917293233085472,8.391824729891956,2488.25,2651.0,0.06139192757450019,0.0
2568.0,2568.0,2568.0,2568.0,0,2024-05-22 00:00:00-04:00,2567.8,2535.65,2534.5625,2440.595,2313.505,2250.3625,2548.913958683081,2518.692081680882,2454.844192898259,2312.4876049466006,56.25636144292112,57.671741825548665,77.3224043715847,91.3358290815043,-50.99846390168971,81.69946123213886,30.221877002199108,29.74520125730774,0.47667574489136655,2608.5834218734863,2534.5625,2460.5415781265137,0.058409229895483944,0.7258651956344863,32.82528855512332,1.2782433237976372,83.0,361.3112482631133,-0.11701878306621438,-86.0,100,0,0,0,22.945071879753016,42.85714285714286,92.85714285714286,50.0,2491.505,2491.505,-0.03130894002263296,-0.03180954147917374,0.25020663165425694,0.3863663151889482,0.013617525162818334,0.025661507738392375,-0.012592521388061106,1.15,0.0,-0.09779685749311662,0.49001536098310294,0.7700205338809035,1.2543233082706005,8.176554621848727,2488.25,2651.0,0.031055295950155763,0.0323208722741433
2550.25,2550.25,2550.25,2550.25,0,2024-05-23 00:00:00-04:00,2572.05,2539.625,2535.775,2447.38,2315.685,2252.44875,2549.1195035010687,2521.029705260076,2458.585597098327,2314.8533999222564,53.949515105917925,55.98093561605392,48.740844087896754,75.35441615316049,-61.904761904761905,34.368025968756335,28.089798240992877,29.41412065404477,-1.3243224130518918,2609.989368554864,2535.775,2461.560631445136,0.0585338750913342,0.5975215465809633,31.74848222975737,1.2449164681798792,17.75,361.3112482631133,-0.09574504696968233,-86.0,100,0,0,0,21.89330065848233,35.714285714285715,85.71428571428572,50.0,2494.6949,2494.6949,-0.0069119937694703815,-0.006935992247223487,0.22861088566855184,0.39199951426559243,0.008402530644523454,0.015833499302927656,0.009600158353127553,0.85,0.0,0.07465339724109443,0.38095238095238093,0.7335728952772074,1.3432330827066574,7.872292917166873,2488.25,2651.0,0.024311342025291637,0.03950593079109891
2588.25,2588.25,2588.25,2588.25,0,2024-05-24 00:00:00-04:00,2583.0,2549.625,2537.45,2455.285,2318.78,2254.77625,2555.1395798855197,2526.008986351922,2463.6704756434906,2317.573764102134,57.92709949857796,58.70256145603027,27.97988461725986,51.347711025580445,-38.556067588325654,104.11525867714435,29.130593533597676,29.35741522995535,-0.2268216963576748,2614.7498382922017,2537.45,2460.150161707798,0.06092718145555728,0.8285905968390942,32.19501921334613,1.2438914020417706,38.0,361.3112482631133,-0.07833805975110408,-86.0,100,0,0,0,21.484836391883878,28.571428571428573,78.57142857142857,50.0,2497.821002,2497.821002,0.014900499950985191,0.014790578083594196,0.23114405407171842,0.40263045686982973,0.02161042036708105,0.040188887772530935,0.013112829043937735,0.6,0.0,0.017745242055029364,0.6144393241167435,0.8074501573976915,2.3924812030074594,7.580780312124847,2488.25,2651.0,0.038636144112817544,0.024244180430793006
2654.75,2654.75,2654.75,2654.75,0,2024-05-28 00:00:00-04:00,2602.45,2565.725,2541.8875,2464.1,2322.8175,2257.27625,2570.464259903132,2535.545357733261,2471.163790324138,2320.9287515240035,63.8170529675111,62.915693945631624,50.65748024567515,42.459402983610595,-0.0,174.1010150823981,34.91890216987122,30.469712617938523,4.449189551932694,2634.0033882875414,2541.8875,2449.7716117124583,0.07247833610853475,1.112611472885642,34.645374983821405,1.305033430033766,66.5,361.3112482631133,-0.06409537772969998,-86.0,100,0,0,0,21.946227739540404,21.42857142857143,100.0,78.57142857142857,2500.88458196,2500.88458196,0.02569303583502358,0.025368516637732368,0.24738745683671123,0.43063658594084003,0.03802541544477034,0.06456140350877182,0.034586905689789615,0.6,0.0,0.017745242055029364,1.0,0.94700944386149,4.51898496240599,7.459207683073231,2488.25,2654.75,0.0627177700348432,0.0
2703.5,2703.5,2703.5,2703.5,30,2024-05-29 00:00:00-04:00,2612.95,2586.925,2549.0,2473.9,2327.67,2260.2175,2590.931296841112,2547.986442345612,2480.2750142329955,2324.735430613317,67.41806028932062,65.61581369887068,79.2390405293631,52.62546846409938,-0.0,184.39835667970135,42.94485449549984,32.96474099345079,9.98011350204905,2664.8953191462083,2549.0,2433.1046808537917,0.09093394989894726,1.1665497844873691,35.652848199262735,1.3187663473002675,48.75,361.3112482631133,-0.05244197347280988,-56.0,100,0,0,0,22.88824221281914,14.285714285714286,100.0,85.71428571428572,2507.0391986816003,2507.0391986816003,0.018363311046237785,0.018196741538104518,0.2537372121312892,0.36900958072377377,0.01980384760467757,0.0850893036323499,0.055539287457296194,2.1,14.285714285714285,0.5686445734421629,1.0,1.0,7.133458646616432,7.408787515006004,2488.25,2703.5,0.07961901239134456,0.0
2648.0,2648.0,2648.0,2648.0,14,2024-05-30 00:00:00-04:00,2628.95,2598.375,2554.5125,2482.79,2332.12,2263.0525,2599.7110973270946,2555.3948540237147,2486.852464655231,2327.9519934927866,60.086445661061326,60.362117028579775,87.92822185970635,72.60824754491487,-25.783972125435543,92.02267511664279,44.316243303379906,35.235041455436615,9.08120184794329,2677.9833948497753,2554.5125,2431.0416051502243,0.09666885157130804,0.8785811227566809,37.070501899315396,1.3999434252007326,55.5,361.3112482631133,-0.04290721959739585,-70.0,100,0,0,0,22.710804716878876,7.142857142857143,92.85714285714286,85.71428571428572,2518.8268467607045,2518.8268467607045,-0.020528943961531376,-0.02074259176516074,0.263859075075345,0.3063750072965739,0.031152647975077885,0.045194395105585095,0.04344399566545176,2.8,5.0,0.28123935798072364,0.7421602787456446,0.8869077941925624,8.37011278195482,7.156230492196899,2488.25,2703.5,0.0603285498489426,0.020959214501510573
2591.5,2591.5,2591.5,2591.5,11,2024-05-31 00:00:00-04:00,2637.2,2604.625,2559.5,2490.365,2336.35,2265.6325,2598.447851584465,2558.0693092812176,2490.956289570712,2330.574361716739,53.685810958623456,55.60327173968378,55.53487406505704,74.23404548470883,-52.83018867924528,16.931832880610273,40.378542303247286,36.26374162499875,4.114800678248535,2680.460117394129,2559.5,2438.539882605871,0.09451855236892295,0.6322750038995627,38.45832319222144,1.4840178735180953,56.5,361.3112482631133,-0.035105982139612024,-81.0,100,0,0,0,21.627976452447776,0.0,85.71428571428572,85.71428571428572,2529.9072359550623,2529.9072359550623,-0.021336858006042347,-0.02156777942713764,0.26737172108141233,0.3582900047771555,0.01617488481521412,0.0247133254250691,0.0400321059496338,3.35,3.2835820895522385,0.046533919914257815,0.4796747967479675,0.759914255091104,7.907518796992421,6.750696278511438,2488.25,2703.5,0.03984179046884044,0.043218213389928616
2601.75,2601.75,2601.75,2601.75,0,2024-06-03 00:00:00-04:00,2639.9,2611.45,2563.975,2497.66,2340.5425,2268.275,2598.9558744176243,2561.3049160011274,2495.301140960096,2333.272626774284,54.630035039052416,56.26014141695739,25.25213596981894,56.23841063152745,-47.99528301886792,21.959042684431555,37.650958416496906,36.54118498329838,1.1097734331985265,2684.2320060329225,2563.975,2443.7179939670773,0.09380513151097232,0.6570594564347397,36.44344296420562,1.4007280854888295,10.25,361.3112482631133,-0.028723113894102426,-81.0,100,0,0,0,20.757398393434233,7.142857142857143,78.57142857142857,71.42857142857143,2540.3228017977585,2540.3228017977585,0.003955238278988915,0.003947436888207454,0.26650168586098605,0.3443462255926737,0.005215879455230388,0.026939017169923085,0.03562543536670315,3.35,0.0,0.046533919914257815,0.5272938443670151,0.7775956284153005,7.765037593984974,6.392292917166879,2488.25,2703.5,0.04362448352070722,0.039108292495435765
2599.5,2599.5,2599.5,2599.5,5,2024-06-04 00:00:00-04:00,2628.85,2615.65,2566.2375,2504.625,2344.7525,2270.82,2599.039586045682,2564.1341814825255,2499.3873707263665,2335.9216553635947,54.36800700571071,56.068936736210816,6.371533157731627,29.052847730869214,-59.59885386819484,9.313136170554028,34.90540456315648,36.21402889927,-1.3086243361135175,2687.3769315447953,2566.2375,2445.098068455205,0.09441014835516597,0.6372901439928746,34.001054181048076,1.3079843885765754,2.25,361.3112482631133,-0.02350074834885163,-86.0,100,0,0,0,19.911433333368993,0.0,71.42857142857143,71.42857142857143,2550.113433689893,2550.113433689893,-0.000864802536754139,-0.0008651766941983515,0.2607689508339178,0.2688107384109881,-0.020811752519069637,0.016422287390029267,0.017715572085739373,3.6,1.3888888888888888,0.04220990723048712,0.5168408826945412,0.7726775956284153,8.118984962405964,6.02846338535414,2488.25,2703.5,0.04279669167147528,0.04000769378726678
2563.0,2563.0,2558.25,2558.25,80,2024-06-05 00:00:00-04:00,2599.8,2606.375,2567.8,2510.43,2348.5375,2273.20625,2592.764265115577,2563.6983161875237,2501.6957091292543,2338.1338776982852,49.664829745778505,52.62600183908367,5.431547619047607,12.351738915532735,-83.2378223495702,-58.163236968535095,29.06594892805333,34.78441290502666,-5.718463976973332,2687.6742674638563,2567.8,2447.925732536144,0.09336729298532291,0.4601665970435246,34.51883602525893,1.34931441513765,41.25,281.3112482631133,-25.47377334895765,-166.0,0,0,0,0,18.52672515036658,7.142857142857143,64.28571428571429,57.142857142857146,2703.5,-2703.5,-0.015868436237738037,-0.01599568785690567,0.26448346734158823,0.18575702456102583,-0.05372665063806181,-0.03498679743493016,0.012366442421844148,7.55,10.596026490066226,-1.2165964981015636,0.3252032520325203,0.6825136612021858,7.385338345864609,5.575150060023992,2488.25,2703.5,0.02736245480308805,0.0567770937164077
2592.75,2592.75,2592.75,2592.75,20,2024-06-06 00:00:00-04:00,2588.75,2608.85,2572.25,2517.365,2352.79,2275.75625,2592.762070482411,2565.8502927662257,2505.2664656339894,2340.6673714525314,53.30326208365758,55.049938259099484,28.817733990147772,13.54027158897568,-65.14705882352942,-13.075290566268114,26.911777716185497,33.20988586725843,-6.298108151072931,2688.846097704848,2572.25,2455.653902295152,0.09065689392932105,0.5879103177702131,34.51749059488329,1.3313080935255344,34.5,281.3112482631133,-33.56945092657418,-146.0,100,0,0,0,17.618711633198938,0.0,57.142857142857146,57.142857142857146,2700.595,-2700.595,0.013485781295807575,0.013395657502978699,0.2654250749181849,0.227318172418293,-0.02086480362537768,0.009637850467289821,0.035546679980029916,8.55,2.3391812865497075,-0.9468808721854121,0.48548199767711964,0.7573932092004381,6.730451127819534,5.121260504201679,2488.25,2703.5,0.04030469578632726,0.04271526371613152
2507.75,2507.75,2507.75,2507.75,0,2024-06-07 00:00:00-04:00,2572.0,2604.6,2572.1125,2522.58,2356.25,2277.72375,2579.683290408194,2561.546567376135,2505.363859138539,2342.3298851694217,44.72535941104943,48.615049452497445,26.436781609195393,20.228687739463602,-100.0,-156.56565656565644,18.136723032058853,30.195253300218514,-12.058530268159661,2689.005664363859,2572.1125,2455.2193356361413,0.09089273067477327,0.2246951934689013,38.1233841238202,1.5202226746613579,85.0,281.3112482631133,-33.829550760456016,-146.0,100,0,0,0,17.1732660865921,100.0,50.0,-50.0,2697.7481,-2697.7481,-0.03278372384533801,-0.03333315170624912,0.29247918421780095,0.2882725708045964,-0.032317190816129604,-0.016665032839917604,-0.0010953993228440817,8.55,0.0,-0.9468808721854121,0.09059233449477352,0.5330948121645797,4.834022556390954,4.4365186074429745,2488.25,2703.5,0.00777589472634832,0.07805802013757353
2499.5,2499.5,2499.5,2499.5,0,2024-06-10 00:00:00-04:00,2551.55,2595.725,2572.675,2526.885,2359.7575,2279.56625,2567.347399576164,2556.950525348273,2505.133903878204,2343.8937669090296,43.985487663595485,48.04273299125441,26.436781609195393,27.2304324028462,-100.0,-149.85575237941134,10.396874227891203,26.23557748575305,-15.838703257861848,2688.046909492729,2572.675,2457.3030905072715,0.08969023253440774,0.1828734120734475,35.989570972118756,1.4398708130473596,8.25,281.3112482631133,-30.860541532457205,-146.0,100,0,0,0,16.865369318286035,100.0,42.85714285714286,-57.142857142857146,2690.1481759999997,-2690.1481759999997,-0.0032898016149934817,-0.0032952249099694473,0.2908770459051163,0.27618779435579943,-0.03930047083693666,-0.034289577900125545,0.004521249874409827,8.55,0.0,-0.9468808721854121,0.03773584905660377,0.5075437537718769,2.4725563909774246,3.7985474189675803,2491.5,2703.5,0.003200640128025605,0.08161632326465293
2459.25,2459.25,2459.25,2459.25,0,2024-06-11 00:00:00-04:00,2523.5,2576.175,2570.95,2530.285,2362.985,2281.30625,2550.7170304106003,2549.713449396549,2503.3345350986665,2345.0415901238653,40.46816108244463,45.31021598685851,-9.473903143468002e-15,17.62452107279694,-100.0,-167.47471183250963,1.0035810140511785,21.189178191412676,-20.185597177361498,2691.887959301477,2570.95,2450.0120406985225,0.09408036663605077,0.03819296834027479,36.29388733125313,1.4758112160721004,40.25,281.3112482631133,-26.840443072597907,-146.0,100,0,0,0,17.08163467575787,100.0,35.714285714285715,-64.28571428571429,2678.70928544,-2678.70928544,-0.016103220644128835,-0.016234286460757735,0.2965614837872344,0.2730273420417411,-0.05395268320830926,-0.07364158583670777,-0.013834586466165422,8.55,0.0,-0.9468808721854121,0.0,0.3521220159151194,-0.3939849624060828,3.057442977190867,2459.25,2703.5,0.0,0.09931889803801972
2496.75,2496.75,2496.75,2496.75,0,2024-06-12 00:00:00-04:00,2511.2,2555.5,2571.2125,2533.69,2366.6775,2283.24625,2542.414410347431,2545.7902309227306,2503.0763180359736,2346.551126540543,44.889819436493696,48.19278740879734,9.363295880149805,11.933359163115078,-84.64687819856705,-96.874475230898,-3.375820575299713,16.276178438070197,-19.65199901336991,2691.4804586381892,2571.2125,2450.944541361811,0.09354960637301596,0.19043084773721386,36.38003823616362,1.4570957539266496,37.5,281.3112482631133,-22.755817059691992,-146.0,100,0,0,0,16.64111842915897,92.85714285714286,28.571428571428573,-64.28571428571429,2661.1525426047997,-2661.1525426047997,0.015248551387618159,0.015133460730376674,0.3017881773576398,0.322352621434833,-0.024039871005570257,-0.07647493989273169,0.0021071643588199684,8.5,0.0,-0.9459786165463143,0.1535312180143296,0.37631975867269984,-2.708458646616591,2.479471788715502,2459.25,2703.5,0.015019525382997898,0.08280764994492841
2477.0,2477.0,2477.0,2477.0,0,2024-06-13 00:00:00-04:00,2488.05,2538.4,2568.3875,2535.79,2370.1725,2284.935,2532.3506549093645,2540.6946582617875,2502.0537173286807,2347.8491252814333,43.07520743731521,46.827879067374674,21.562608594926434,10.308634825025425,-92.73285568065506,-103.35166496579284,-8.344003352422988,11.35214207997156,-19.696145432394548,2694.574709633159,2568.3875,2442.200290366841,0.09826181573704046,0.1378892113326145,35.192178362151935,1.4207581090897026,19.75,281.3112482631133,-19.01612304898572,-146.0,100,0,0,0,16.49133765270944,85.71428571428572,21.42857142857143,-64.28571428571429,2645.0003391964156,-2645.0003391964156,-0.007910283368378845,-0.00794173563388441,0.2965000782094917,0.27926302062745134,-0.04464371805997491,-0.06457703927492442,-0.022301164397079187,8.45,0.0,-0.9628359314168743,0.07267144319344933,0.2849250197316496,-4.649812030075269,1.950108043217314,2459.25,2703.5,0.007165926524020993,0.09144125958821155
2440.75,2440.75,2440.75,2440.75,0,2024-06-14 00:00:00-04:00,2474.65,2523.325,2563.975,2536.87,2372.7375,2286.5125,2518.25824646177,2533.2913502423958,2499.649649982458,2348.7735120945536,39.88804454530312,44.40419687809342,21.562608594926434,17.49617102333424,-100.0,-116.43607128858139,-15.03310378062588,6.075092907852072,-21.108196688477953,2701.0637395083986,2563.975,2426.886260491601,0.10693453680975727,0.05056483690095289,35.26773705056966,1.4449549134720745,36.25,281.3112482631133,-15.757509767425347,-146.0,100,0,0,0,16.80721440605425,100.0,14.285714285714286,-85.71428571428572,2630.1403120607024,-2630.1403120607024,-0.01463463867581749,-0.014742781383578665,0.3004555514724909,0.2003170619727606,-0.02671717675206864,-0.0581709434690334,-0.034895215500197696,8.4,0.0,-0.9610597324825937,0.0,0.14760746147607462,-7.095112781954942,1.3614885954381502,2440.75,2703.5,0.0,0.1076513366792994
2425.5,2425.5,2425.5,2425.5,0,2024-06-17 00:00:00-04:00,2459.85,2505.7,2558.575,2537.475,2375.13,2287.81375,2503.987747006113,2525.306805779996,2496.741820571381,2349.536959735404,38.594305662246974,43.41170009186522,12.199312714776623,18.441509968209846,-100.0,-110.82688208235113,-21.31905877388317,0.5962625715050232,-21.915321345388193,2707.993882675534,2558.575,2409.1561173244654,0.11679851688970182,0.05469149006764293,33.83789868981468,1.3950896182154064,15.25,281.3112482631133,-12.991939809748374,-146.0,100,0,0,0,17.285053757442068,100.0,7.142857142857143,-92.85714285714286,2611.2012808546324,-2611.2012808546324,-0.0062480794837652676,-0.006267680420509666,0.3006077069699793,0.19951087664887354,-0.029605921184236883,-0.06774286537907181,-0.04262877442273538,8.0,0.0,-0.9752946079274339,0.0,0.09224489795918367,-9.554511278195536,0.7526170468187291,2425.5,2703.5,0.0,0.11461554318697176
2416.5,2416.5,2416.5,2416.5,0,2024-06-18 00:00:00-04:00,2451.3,2487.4,2551.525,2537.695,2377.35,2289.01875,2490.5280936205572,2517.2470423888853,2493.5950825097584,2350.2032586435093,37.814793374313325,42.8186383525929,-9.473903143468002e-15,11.253973769901036,-100.0,-108.15909012101629,-26.71894876832812,-4.866779696461605,-21.852169071866513,2713.2779675152738,2551.525,2389.7720324847264,0.12678924761879556,0.08261971302860259,32.06376306911363,1.3268679109916668,9.0,281.3112482631133,-10.679484844357944,-146.0,100,0,0,0,17.83990063412035,100.0,0.0,-100.0,2588.9171271520763,-2588.9171271520763,-0.0037105751391465214,-0.00371747640013242,0.29755798242131437,0.17792966009732364,-0.017383348581884728,-0.07039815349105594,-0.055131964809384204,8.0,0.0,-0.9752946079274339,0.0,0.06285714285714286,-11.601127819548918,0.14476590636254147,2416.5,2703.5,0.0,0.11876681150424168
2441.75,2441.75,2441.75,2441.75,0,2024-06-20 00:00:00-04:00,2440.3,2475.75,2541.0625,2538.385,2379.5075,2290.14625,2483.023771525087,2511.6546688785975,2491.5619420191797,2351.1141714928276,41.39134924281145,45.030818816791985,13.911845730027538,8.703719481601404,-86.3697705802969,-75.9887212717399,-28.63089735351059,-9.619603227871401,-19.01129412563919,2702.7944445100466,2541.0625,2379.3305554899534,0.12729473951155987,0.19297191009216225,31.57706570703408,1.2932145267547488,25.25,281.3112482631133,-8.762618281756602,-146.0,100,0,0,0,17.83800260740391,92.85714285714286,0.0,-92.85714285714286,2564.778729350786,-2564.778729350786,0.01044899648251607,0.010394783042447687,0.2645070564699202,0.14666806594587253,-0.022028637228396875,-0.04553894263656799,-0.07893247831007166,8.0,0.0,-0.9752946079274339,0.08797909407665505,0.14530612244897959,-11.598684210526338,-0.40044417767105017,2416.5,2703.5,0.010340943995085491,0.10719770656291594
2432.25,2432.25,2432.25,2432.25,0,2024-06-21 00:00:00-04:00,2431.35,2459.7,2534.275,2539.085,2381.635,2291.4075,2475.212422059689,2505.772841554257,2489.2359835086236,2351.921493169516,40.44874394160073,44.35295855285483,34.70392493794833,16.205256889325305,-91.49797570850203,-78.39035374446104,-30.560419494568123,-13.807766481210745,-16.752653013357378,2702.1911918934456,2534.275,2366.3588081065545,0.13251615700225552,0.1962026149784828,30.00013244224593,1.2334312855276361,9.5,281.3112482631133,-7.1818439350781205,-146.0,100,0,0,0,17.97078605572678,85.71428571428572,7.142857142857143,-78.57142857142857,2544.019707241676,-2544.019707241676,-0.0038906521961707963,-0.003898240472049389,0.2440339905955715,0.14336498653143914,-0.018066209123940302,-0.06190338443737342,-0.05286214953271029,8.0,0.0,-0.9752946079274339,0.054878048780487805,0.10992616899097621,-12.727819548872173,-0.9958103241296443,2416.5,2703.5,0.0064754856614246065,0.11152225305786823
2423.0,2423.0,2423.0,2423.0,0,2024-06-24 00:00:00-04:00,2427.8,2451.225,2527.9125,2539.57,2383.59,2292.645,2467.179741742814,2499.6415199576454,2486.638493959266,2352.6287419937,39.505379837047215,43.680713701650475,43.284783023756916,30.63351789724428,-96.44808743169399,-80.09938529187365,-32.46177821483161,-17.538568827934917,-14.923209386896694,2702.438449001865,2527.9125,2353.3865509981347,0.13807910598318987,0.1994358128404199,28.51798012494265,1.1769698772159574,9.25,281.3112482631133,-5.88226861733898,-146.0,100,0,0,0,18.22869891815198,78.57142857142857,0.0,-78.57142857142857,2526.166948227841,-2526.166948227841,-0.0038030630075033267,-0.0038103130390112956,0.24355433562164946,0.10684709487651042,-0.007272354808972703,-0.03379523477220614,-0.04989706891481227,8.0,0.0,-0.9752946079274339,0.02264808362369338,0.02264808362369338,-14.065225563909829,-1.6126290516206665,2416.5,2703.5,0.002682624845233182,0.11576557985967809
2421.25,2421.25,2421.25,2421.25,1,2024-06-25 00:00:00-04:00,2426.95,2443.4,2519.5625,2539.27,2385.4475,2293.895,2460.1136276285347,2493.8347407015235,2484.0742392941966,2353.311540580827,39.31854718917978,43.54959199431653,35.64356435643563,37.87742410604698,-97.30496453900709,-75.44531723613063,-33.72111307298883,-20.7750776769457,-12.94603539604313,2697.6851315632016,2519.5625,2341.4398684367984,0.14139171508005982,0.2240314183065595,26.605981544589604,1.09885313555352,1.75,281.3112482631133,-4.815872476687616,-147.0,100,0,0,0,18.494844860459015,71.42857142857143,0.0,-71.42857142857143,2510.8135754759433,-2510.8135754759433,-0.0007222451506396776,-0.000722506095320074,0.23496009345916233,0.09802080202894316,-0.0017522160379302987,-0.031306261252250445,-0.06452236066840533,8.05,0.12422360248447203,-0.9760168530780736,0.016550522648083623,0.016550522648083623,-14.63627819548879,-2.144057623049204,2416.5,2703.5,0.0019617965926690757,0.1165720185854414
2434.5,2434.5,2434.5,2434.5,296,2024-06-26 00:00:00-04:00,2430.55,2440.925,2508.55,2537.535,2387.7,2295.29375,2456.173069531837,2489.439574723633,2482.130151478738,2354.119385948182,41.571658256032734,44.865351773379786,36.39620059566931,38.44151599195397,-89.7872340425532,-48.75338753387525,-33.266505191796114,-23.273363179915783,-9.99314201188033,2678.9453197714,2508.55,2338.1546802286002,0.1358516431973849,0.2827111680668675,25.6519828628332,1.0536858846922654,13.25,281.3112482631133,-3.94181292126774,149.0,100,0,0,0,18.41659670007441,64.28571428571429,7.142857142857143,-57.142857142857146,2497.6096749093113,-2497.6096749093113,0.005472379969024166,0.005457460901549864,0.21177114271010355,0.09976478311510711,0.007448789571694592,-0.010064043915828047,-0.082964497598644,22.85,12.954048140043763,0.6438076177530795,0.0627177700348432,0.0627177700348432,-13.716917293233148,-2.4347058823529415,2416.5,2703.5,0.0073937153419593345,0.11049496816594784
2434.75,2436.0,2434.75,2436.0,2,2024-06-27 00:00:00-04:00,2429.4,2434.85,2495.175,2535.94,2390.0925,2296.5775,2453.069520373093,2485.4810877070677,2480.321125930552,2354.9341184263094,41.834956976515315,45.01768590303439,61.14867584319406,44.39614693176636,-78.63013698630137,-38.16039042686833,-32.411567333974745,-25.101004010727575,-7.31056332324717,2642.72364452105,2495.175,2347.6263554789502,0.11826717125736666,0.2994729121636966,23.926841229773686,0.9822184412879181,1.5,283.3112482631133,-2.5895328375715962,151.0,0,0,0,0,18.305923161568153,57.142857142857146,0.0,-57.142857142857146,2486.254320422008,-2486.254320422008,0.0006161429451632117,0.0006159532070319814,0.19538808347926664,0.061155644013133316,-0.002354868434524371,-0.024331631120456554,-0.09894581098575916,21.45,0.09324009324009325,0.09414057225627237,0.08423326133909287,0.06794425087108014,-11.675187969924833,-2.7269627851140643,2416.5,2648.0,0.008004926108374385,0.08702791461412152
2457.25,2457.25,2457.25,2457.25,0,2024-06-28 00:00:00-04:00,2434.4,2432.875,2485.6375,2533.275,2392.8975,2297.9025,2453.7126710849248,2483.3898960250626,2479.41637589406,2355.9521868996794,45.576606980268046,47.18819011633849,88.21138211382113,61.91875285089486,-50.90361445783133,30.499199834805367,-29.677224940137876,-26.016248196609634,-3.6609767435282414,2616.1109144375946,2485.6375,2355.164085562405,0.10498185229149044,0.3912134701066725,23.73563828478985,0.9659431594176355,21.25,283.3112482631133,-1.8009152726439197,151.0,100,0,0,0,17.663165199842553,50.0,0.0,-50.0,2476.4887155629267,-2476.4887155629267,0.008723316912972123,0.008685488616951125,0.1923649185552156,0.07946979530645405,0.010278548668927856,-0.0079733548647557,-0.07203549848942603,20.75,0.0,0.38154578771771164,0.21997300944669365,0.14198606271777003,-9.803947368421191,-2.778499399759901,2416.5,2601.75,0.016583579204395158,0.05880557533828467
2457.25,2457.25,2439.75,2444.25,22,2024-07-01 00:00:00-04:00,2438.65,2433.225,2478.275,2530.13,2395.35,2299.1175,2452.2568755333978,2480.490644467651,2478.037302329587,2356.8307721046576,43.72356289133528,46.02119450572866,87.96296296296298,79.10767363999275,-65.42056074766356,14.092329052414199,-28.23376893425302,-26.459752344138312,-1.7740165901147087,2600.3720822747127,2478.275,2356.1779177252874,0.09853392563352545,0.3606641560711277,23.290235550162006,0.9528581589510895,17.5,272.625533977399,-4.71457942584226,129.0,0,0,-80,0,17.41779966619054,42.85714285714286,0.0,-42.85714285714286,2468.090295384117,-2468.090295384117,-0.005290466985451214,-0.005304511060958113,0.1808998349509784,0.08674826029639633,0.008770119686339228,0.0014339854552902764,-0.056820374300598164,21.3,1.0328638497652582,0.49986095210425074,0.14979757085020243,0.09668989547038327,-8.723684210526333,-2.820888355342143,2416.5,2601.75,0.011353175820803928,0.06443694384780607
2450.0,2450.0,2450.0,2450.0,0,2024-07-02 00:00:00-04:00,2444.4,2435.675,2470.6875,2525.53,2397.965,2300.35625,2451.909663912875,2478.2320782107877,2476.9378002774465,2357.757829098641,44.79273874222687,46.63412792931248,77.34025234025235,84.50486580567885,-58.25545171339564,29.45882025598329,-26.322414297912474,-26.432284734893145,0.10987043698067112,2579.2605025144408,2470.6875,2362.1144974855592,0.08788889935650766,0.4047299995353428,22.037361582293293,0.8994841462160529,5.75,272.625533977399,-5.477934813437685,129.0,100,0,0,100,17.1899602420851,35.714285714285715,7.142857142857143,-28.571428571428573,2460.8676540303404,-2460.8676540303404,0.0023524598547610687,0.002349697152991949,0.18018720187345494,0.08390558205979781,0.011874032008260205,0.010101010101010166,-0.058326126645527054,21.3,0.0,0.49986095210425074,0.1830601092896175,0.11672473867595819,-7.178007518797135,-2.642400960384149,2416.5,2599.5,0.013673469387755101,0.06102040816326531
2483.75,2483.75,2483.75,2483.75,2,2024-07-03 00:00:00-04:00,2454.25,2442.4,2464.9,2521.99,2400.905,2301.93875,2456.8081771570482,2478.6408131581366,2477.2049453646055,2359.0114825404457,50.7118399839135,50.12450603717875,77.34025234025235,80.88115588115592,-0.0,184.83824964347662,-21.832636001088304,-25.512354988132177,3.6797189870438736,2556.386119165681,2464.9,2373.413880834319,0.07423109997621077,0.6030210931008159,22.873978612129488,0.9209452888627876,33.75,272.625533977399,-5.292222488959624,131.0,100,0,0,0,16.095388525613156,28.571428571428573,0.0,-28.571428571428573,2416.5,2416.5,0.013775510204081742,0.013681490327254043,0.18966673318141009,0.11728396279043916,0.02023002669952767,0.027829505483136785,-0.04452779380650129,21.15,0.09456264775413713,0.5317359851961849,0.38156028368794326,0.2343205574912892,-4.957518796992539,-2.409555822328964,2416.5,2592.75,0.02707599396074484,0.04388525415198792
2457.5,2457.5,2457.5,2457.5,3,2024-07-05 00:00:00-04:00,2458.55,2443.975,2459.8625,2519.7,2403.66,2303.21625,2456.9146114405794,2477.0748269982746,2476.4322024091307,2359.9914677887996,46.5329550561144,47.582920174167114,69.49092574092576,74.72381014047686,-39.03345724907063,83.84637936089176,-20.16021555769521,-24.441927102044783,4.281711544349573,2540.709960535238,2459.8625,2379.015039464762,0.06573331682989439,0.4853891514689539,23.115122996977384,0.9405950354822943,26.25,272.625533977399,-4.7351381299496325,128.0,100,0,0,0,15.661594985821907,21.42857142857143,92.85714285714286,71.42857142857143,2417.845,2417.845,-0.010568696527428312,-0.010624941844705015,0.1854905744425187,0.15773177687227952,0.008825944170771649,0.0064502917989146535,-0.039382390305873205,17.3,0.17341040462427745,1.769504794632943,0.2326241134751773,0.14285714285714285,-3.589285714285771,-2.4388235294117764,2416.5,2592.75,0.016683621566632757,0.05503560528992879
2457.0,2458.0,2456.25,2456.25,7,2024-07-08 00:00:00-04:00,2458.35,2446.375,2453.0375,2516.81,2406.31,2304.55375,2456.8123635266443,2475.5322472206244,2475.6407434911257,2360.9492641292095,46.33714019032381,47.4625895652515,59.28030303030304,68.70382703716042,-40.89219330855018,69.04472368598903,-18.719883693980137,-23.297518420431853,4.577634726451716,2506.148533458248,2453.0375,2399.926466541752,0.04330225971535138,0.5302432450549612,21.58904278290757,0.8789432176247357,1.75,265.625533977399,-6.304045607631906,121.0,0,0,0,0,15.286063906351421,14.285714285714286,85.71428571428572,71.42857142857143,2419.1630999999998,2419.1630999999998,-0.0005086469989826758,-0.0005087764037502211,0.17648631696653536,0.14532597235813446,-0.0004069589988808797,0.009867406722170902,-0.052646803586925084,16.65,0.42042042042042044,1.4962286397239128,0.43561643835616437,0.13850174216027875,-1.5426691729323856,-2.3896278511404576,2416.5,2507.75,0.01618320610687023,0.020966921119592877
2419.25,2420.25,2419.25,2420.25,1,2024-07-09 00:00:00-04:00,2453.55,2446.1,2448.6625,2514.695,2408.6525,2305.475,2451.187384522545,2471.437265945023,2473.468557471866,2361.5393212025506,40.98761926435323,44.090840918295214,26.463765562602784,51.744998111277226,-94.42379182156134,-94.18574059458044,-20.249881422477756,-22.687991020841032,2.438109598363276,2497.2478051344037,2448.6625,2400.077194865596,0.039683137332649006,0.2076019187138882,22.689825441271314,0.9374992435191122,37.0,266.625533977399,-6.054594520535375,120.0,0,0,0,0,15.700000568685352,7.142857142857143,78.57142857142857,71.42857142857143,2483.75,-2483.75,-0.014656488549618318,-0.014764956017390467,0.14420058360562907,0.17812247542896623,-0.009818962872046644,-0.0011349566652909537,-0.0348918353105373,16.7,0.059880239520958084,1.4815721511742943,0.045180722891566265,0.013066202090592335,-1.1471804511278898,-2.5943217286914755,2416.5,2499.5,0.0015494267121165168,0.03274455118272906
2409.0,2410.0,2400.0,2400.0,6,2024-07-10 00:00:00-04:00,2443.55,2443.975,2443.6875,2511.6,2410.6325,2306.53125,2443.312402288307,2466.145616615762,2470.5874375710086,2361.9220145239183,38.30852321198721,42.31536934231907,13.016795865633085,32.92028815284633,-100.0,-153.7394749876166,-22.833214327454698,-22.717035682163765,-0.11617864529093325,2490.785768280259,2443.6875,2396.589231719741,0.03854688316755654,0.03620906250696224,22.51555219546622,0.9381480081444259,20.25,260.625533977399,-7.311219573947255,114.0,0,0,0,0,16.437194158244512,100.0,71.42857142857143,-28.571428571428573,2482.46,-2482.46,-0.008366904245429185,-0.008402103264143902,0.14604108072886696,0.1781759757916335,-0.020408163265306145,-0.008776458440887924,-0.039807961592318475,17.0,0.35294117647058826,1.4313707257017194,0.0,0.0,-1.0396616541353878,-2.7660984393757664,2400.0,2496.75,0.0,0.0403125
2390.25,2390.25,2390.25,2390.25,0,2024-07-11 00:00:00-04:00,2424.85,2439.55,2440.2375,2508.085,2412.67,2307.405,2435.148955782414,2460.5237190886683,2467.436949823126,2362.203885026168,37.052724565397575,41.47110235290229,0.5167958656330853,13.332452431289683,-100.0,-162.9337398009499,-25.37476330625441,-23.248581206981893,-2.1261820992725156,2492.134627810669,2440.2375,2388.3403721893314,0.04253448921317596,0.01839820324580643,21.603727038647204,0.9038270908334778,9.75,260.625533977399,-7.160637134529566,114.0,100,0,0,0,17.296179339312456,100.0,64.28571428571429,-35.714285714285715,2479.1616,-2479.1616,-0.004062499999999969,-0.004070774370481473,0.13655274733313583,0.08766667191352692,-0.037644690488173094,-0.018176216882316742,-0.02805733455321746,17.0,0.0,1.4313707257017194,0.0,0.0,-1.5573308270677098,-2.91840336134453,2390.25,2496.75,0.0,0.044556008785691874
2388.25,2388.25,2388.25,2388.25,0,2024-07-12 00:00:00-04:00,2411.0,2434.775,2434.8125,2504.625,2414.79,2308.30125,2427.9337318158887,2455.1701102672855,2464.3315792418266,2362.4630503492904,36.78633257878538,41.2936508697572,1.0436096431476471e-14,4.511197243755426,-100.0,-136.31748961698207,-27.23637845139683,-24.046140655864882,-3.1902377955319494,2484.585955526028,2434.8125,2385.039044473972,0.040884836533431716,0.03225570228240424,20.203460821600974,0.8459525100638952,2.0,260.625533977399,-6.448068215265096,114.0,100,0,0,0,18.130803319556872,100.0,57.142857142857146,-42.85714285714286,2473.826904,-2473.826904,-0.0008367325593556796,-0.0008370828154376974,0.12169102865879125,0.09412025136469676,-0.028179043743641885,-0.019601806239737285,-0.04345649344147395,17.0,0.0,1.4313707257017194,0.0,0.0,-1.407706766917303,-3.0701680672268883,2388.25,2483.75,0.0,0.039987438500994454
2362.0,2362.0,2362.0,2362.0,6,2024-07-15 00:00:00-04:00,2392.15,2425.25,2429.0625,2501.11,2416.925,2308.97,2417.7900807672904,2448.268620617857,2460.318576134304,2362.458442883128,33.39290059656565,38.99420727429626,1.0436096431476471e-14,0.1722652885444008,-100.0,-165.1349654739477,-30.47853985056645,-25.332620494805195,-5.145919355761254,2484.284976175933,2429.0625,2373.840023824067,0.04546813939611107,-0.1072029420262313,20.635356477200904,0.873639139593603,26.25,260.625533977399,-5.570374728723721,108.0,100,0,0,0,19.37674140367963,100.0,50.0,-50.0,2466.98075168,-2466.98075168,-0.01099131162985445,-0.011052162392810089,0.12407956166355309,0.08693804487105068,-0.03837150127226463,-0.03876284464340218,-0.046427129592248706,17.3,0.3468208092485549,1.3654228559225925,0.0,0.0,-1.7817669172933286,-3.3246338535414024,2362.0,2483.75,0.0,0.05154530059271804
2314.5,2314.5,2314.5,2314.5,0,2024-07-16 00:00:00-04:00,2371.0,2412.275,2422.75,2497.565,2418.315,2309.37875,2401.8992991107843,2438.359833905423,2454.600200599625,2361.98124444648,28.304739995017293,35.26328775073024,1.0436096431476471e-14,4.2484534408989326e-14,-100.0,-199.1878027928178,-36.460534794638534,-27.558203354771862,-8.902331439866671,2496.829180611029,2422.75,2348.670819388971,0.06115297130205691,-0.23063713115560117,22.554259585972268,0.9744765429238396,47.5,260.625533977399,-4.7049205998001185,108.0,100,0,0,0,21.238662293541275,100.0,42.85714285714286,-57.142857142857146,2456.482676512,-2456.482676512,-0.020110076206604544,-0.020315036285982364,0.13250834385583715,0.11739028499960119,-0.043693833281685746,-0.0530837680270021,-0.05172590392297449,17.3,0.0,1.3654228559225925,0.0,0.0,-3.233834586466217,-3.78663865546218,2314.5,2483.75,0.0,0.07312594512853748
2313.25,2313.25,2313.25,2313.25,0,2024-07-17 00:00:00-04:00,2353.65,2398.6,2417.1375,2493.585,2420.005,2309.58625,2388.2609454014328,2429.0924388013173,2449.057055478071,2361.4963564420377,28.18303859666272,35.17030601799574,1.0436096431476471e-14,4.2484534408989326e-14,-100.0,-152.17747280595705,-40.831493399884494,-30.21286136379439,-10.618632036090105,2505.218496105877,2417.1375,2329.0565038941227,0.07288041835094375,-0.08972709547427558,21.03252675840282,0.9092197885400549,1.25,260.625533977399,-3.9231511288950287,108.0,100,0,0,0,22.984434155568007,100.0,35.714285714285715,-64.28571428571429,2439.44475533056,-2439.44475533056,-0.0005400734499891868,-0.0005402193421855778,0.13198287969732114,0.13178598766718655,-0.03614583333333332,-0.05581632653061219,-0.04627911770768911,17.3,0.0,1.3654228559225925,0.0,0.0,-4.754699248120427,-4.184357743097253,2313.25,2483.75,0.0,0.07370582513779315
2292.75,2292.75,2292.75,2292.75,0,2024-07-18 00:00:00-04:00,2334.15,2379.5,2410.95,2488.355,2421.62,2309.4025,2373.5669538012125,2418.9929988901085,2442.927367027951,2360.812313094356,26.193899784251514,33.642742180651844,1.0436096431476471e-14,4.2484534408989326e-14,-100.0,-144.5451291001038,-45.42604508889599,-33.255498108814706,-12.170546980081284,2514.3883391204913,2410.95,2307.5116608795083,0.08580712094443393,-0.0713548815894705,20.994489132802617,0.915690290385023,20.5,260.625533977399,-3.246686242716123,108.0,100,0,0,0,24.88072436748473,100.0,28.571428571428573,-71.42857142857143,2421.7774895842817,-2421.7774895842817,-0.008861990705717027,-0.008901491690086015,0.1339478442994942,0.12870804982633488,-0.0407907122685911,-0.07689984901862101,-0.051210428305400346,17.3,0.0,1.3654228559225925,0.0,0.0,-6.541729323308333,-4.508343337334919,2292.75,2483.75,0.0,0.0833060734925308
2263.5,2263.5,2263.5,2263.5,0,2024-07-19 00:00:00-04:00,2309.2,2360.1,2402.0375,2483.085,2422.9625,2309.16875,2356.6335762933336,2407.4749989723227,2435.8909996935213,2359.844031372024,23.631082814662285,31.587336569461254,1.0436096431476471e-14,4.2484534408989326e-14,-100.0,-146.73618580933098,-50.84142267898915,-36.77268302284959,-14.068739656139556,2522.6207984911266,2402.0375,2281.454201508873,0.1004008459411035,-0.07444729798212643,21.58416848045957,0.9535749273452429,29.25,260.625533977399,-2.6747973126687157,108.0,100,0,0,0,26.99584824205787,100.0,21.42857142857143,-78.57142857142857,2401.1330912507965,-2401.1330912507965,-0.012757605495583912,-0.012839682563040305,0.12923019195221638,0.11209783027841218,-0.05223490003140374,-0.078942014242116,-0.07300092147025694,17.3,0.0,1.3654228559225925,0.0,0.0,-8.161842105263176,-4.942773109243693,2263.5,2483.75,0.0,0.09730505853766291
2210.5,2210.5,2210.5,2210.5,0,2024-07-22 00:00:00-04:00,2278.9,2335.525,2390.95,2477.22,2423.75,2308.78625,2334.1514876328206,2392.884258307706,2427.052136960442,2358.3580211096155,19.842707174702863,28.29804832750133,1.0436096431476471e-14,4.2484534408989326e-14,-100.0,-158.6212660682351,-58.732770674885614,-41.16470055325679,-17.56807012162882,2536.5637527845697,2390.95,2245.33624721543,0.12180409693600444,-0.11961867113942475,23.82815644614103,1.0779532434354684,53.0,260.625533977399,-2.1976793583158383,108.0,100,0,0,0,29.482962980797172,100.0,14.285714285714286,-85.71428571428572,2376.359134825653,-2376.359134825653,-0.02341506516456815,-0.02369355360971539,0.14688677948040277,0.1444851928861045,-0.0641405588484335,-0.10005089058524175,-0.09117072669339088,17.3,0.0,1.3654228559225925,0.0,0.0,-10.421052631579016,-5.533541416566628,2210.5,2483.75,0.0,0.12361456684008143
2211.5,2211.5,2211.5,2211.5,0,2024-07-23 00:00:00-04:00,2258.3,2314.65,2380.375,2471.24,2424.545,2308.6325,2315.282027997002,2379.44838732195,2418.5991119816013,2356.8967472677286,20.10296804232323,28.445665981167302,0.32441200324413044,0.10813733441474915,-99.63403476669717,-127.88778126754362,-64.16635932494819,-45.76503230759507,-18.40132701735312,2544.664569054155,2380.375,2216.085430945845,0.1380367119081279,-0.013955331955169709,22.19757384284524,1.003733838699762,1.0,260.625533977399,-1.8027057080518034,108.0,100,0,0,0,31.754757285968754,92.85714285714286,7.142857142857143,-85.71428571428572,2343.1873078605227,-2343.1873078605227,0.00045238633793265315,0.00045228404208361264,0.14801439399415503,0.15530423810404728,-0.04450205227910997,-0.0862514203078194,-0.08728848534874123,17.3,0.0,1.3654228559225925,0.0036596523330283625,0.002028397565922921,-12.478571428571515,-6.077262905162058,2210.5,2483.75,0.0004521817770743839,0.12310648880850102
2219.0,2219.0,2219.0,2219.0,0,2024-07-24 00:00:00-04:00,2239.45,2296.55,2370.2625,2465.855,2425.06,2308.605,2300.4694083051554,2367.563321594398,2410.77169582546,2355.5246403297415,22.144705656673356,29.58725338682372,3.769194171430554,1.3645353915582639,-96.56565656565657,-103.63746669831978,-67.09391328924266,-50.03080850392459,-17.063104785318075,2547.621562004176,2370.2625,2192.9034379958234,0.1496535189703051,0.07356985797422086,21.147747139784865,0.9530305155378489,7.5,260.625533977399,-1.4772432413027445,108.0,100,0,0,0,33.56879759083019,85.71428571428572,0.0,-85.71428571428572,2316.6498462884183,-2316.6498462884183,0.0033913633280577837,0.0033856256242123747,0.15011767994889172,0.17059084941899855,-0.04074354263482116,-0.07541666666666669,-0.08353123386680439,17.25,0.0,1.3661451010732324,0.03110704483074108,0.017241379310344827,-14.138533834586513,-6.629111644657839,2210.5,2483.75,0.0038305543037404238,0.11931050022532673
2188.0,2188.0,2188.0,2188.0,0,2024-07-25 00:00:00-04:00,2218.5,2276.325,2357.9375,2459.74,2425.055,2308.40875,2283.1664224120545,2354.2623348096276,2402.0355508911284,2353.8577284856647,19.88299894539937,27.671268731922332,3.769194171430554,2.6209334487017784,-100.0,-115.38045135712109,-71.0959123975731,-54.24382928265429,-16.852083114918813,2549.424436564872,2357.9375,2166.450563435128,0.1624190094647309,0.056268685873439264,21.851479486943088,0.9986965030595562,31.0,260.625533977399,-1.2098046647869296,108.0,100,0,0,0,35.566882439840214,100.0,7.142857142857143,-92.85714285714286,2295.419877030735,-2295.419877030735,-0.013970256872465114,-0.014068759390722135,0.14917633822086543,0.17555028850910592,-0.04568749318503984,-0.08461458006484679,-0.10125282398849866,2.45,0.0,-0.2536793697579208,0.0,0.0,-15.728007518797073,-7.214573829531805,2188.0,2483.75,0.0,0.1351691042047532
2212.0,2212.0,2212.0,2212.0,0,2024-07-26 00:00:00-04:00,2208.2,2258.7,2346.7375,2454.15,2425.4275,2308.345,2272.2177420409694,2343.7243840829888,2394.5831763463784,2352.44620879924,26.16986581215519,31.288336813655192,29.251233781089663,12.263207374650287,-89.66630785791175,-81.85399379766982,-71.5066420420194,-57.69639183452731,-13.810250207492082,2544.7432748526503,2346.7375,2148.73172514735,0.16874982809338507,0.15976371118401034,22.004945237875724,0.9947986093072209,24.0,260.625533977399,-0.9904157321407752,108.0,100,0,0,0,36.514047460998505,92.85714285714286,0.0,-92.85714285714286,2273.935901624588,-2273.935901624588,0.010968921389396646,0.01090919910035353,0.15881941080685047,0.2207572320076606,-0.022752374641042628,-0.07379880665759442,-0.09195402298850575,2.35,0.0,-0.25491165564824725,0.08114961961115807,0.04655674102812803,-16.580263157894816,-7.71971188475389,2188.0,2483.75,0.0108499095840868,0.12285262206148283
2163.5,2163.5,2163.5,2163.5,11,2024-07-29 00:00:00-04:00,2198.8,2238.85,2332.05,2446.75,2425.4,2308.1725,2255.491935573128,2330.374429706471,2385.5210909994616,2350.566147020143,22.352596972432433,28.2867638996062,25.806451612903242,19.608959855141183,-100.0,-109.95873759339835,-74.88249413334279,-61.13361229429041,-13.74888183905238,2538.4864066728505,2332.05,2125.61359332715,0.17704286500962702,0.09176289997357533,23.89744914945603,1.1045735682669762,48.5,260.625533977399,-0.810627920409047,97.0,100,0,0,0,37.9281034769093,100.0,0.0,-100.0,2256.7487212996703,-2256.7487212996703,-0.02192585895117538,-0.022169802977285914,0.16153842529805074,0.21283569549546458,-0.021262157882831922,-0.08403895004233697,-0.11954420592125348,2.9,3.793103448275862,-0.49609610411117644,0.0,0.0,-17.453007518797037,-8.209267707082851,2163.5,2483.75,0.0,0.1480240351282644
2125.0,2125.0,2125.0,2125.0,33,2024-07-30 00:00:00-04:00,2181.5,2219.9,2316.0875,2438.67,2424.7525,2307.81625,2235.416253177262,2315.161508987473,2375.3045776269337,2348.321707746311,19.874333382754234,26.19240955279244,25.806451612903242,26.95471233563208,-100.0,-127.571189279732,-79.74525581021089,-64.8559409974745,-14.889314812736387,2534.3830722752987,2316.0875,2097.7919277247015,0.18850373509230423,0.06231934068040931,24.940488495923457,1.1736700468669863,38.5,260.625533977399,-0.663384913754328,64.0,100,0,0,0,39.58794264881176,100.0,0.0,-100.0,2238.0989770397364,-2238.0989770397364,-0.01779523919574766,-0.0179554783064223,0.16652730043820205,0.22659627924300818,-0.03911372371693422,-0.08187513501836252,-0.13061266237087044,3.45,9.565217391304348,-0.9669487238909225,0.0,0.0,-18.63928571428576,-8.764897959183672,2125.0,2483.75,0.0,0.1688235294117647
2189.0,2189.0,2189.0,2189.0,140,2024-07-31 00:00:00-04:00,2175.5,2207.475,2303.0375,2431.78,2424.6275,2307.83375,2228.275291149991,2305.816212025438,2367.998515759211,2346.7364171219697,33.144097229446864,34.63921859418868,24.521072796934877,25.377992007580485,-75.68850902184236,-59.16758342500916,-77.54092087544677,-67.39293697306896,-10.147983902377817,2518.9436876718737,2303.0375,2087.131312328126,0.18749689283988977,0.2359096067841514,27.730453603357496,1.266809209838168,64.0,260.625533977399,-0.542841418872456,204.0,100,0,0,0,39.21906565842824,92.85714285714286,0.0,-92.85714285714286,2215.4791816317893,-2215.4791816317893,0.030117647058823582,0.029673016164345787,0.2104162107357099,0.35391570705388375,-0.013519603424966165,-0.0537123095212364,-0.1065306122448979,10.45,13.397129186602871,3.249521864344379,0.178397212543554,0.11063094209161625,-18.340413533834596,-9.120120048019201,2125.0,2483.75,0.02923709456372773,0.13465052535404295
2176.25,2176.25,2176.25,2176.25,64,2024-08-01 00:00:00-04:00,2173.15,2195.825,2287.6625,2424.155,2424.455,2307.8075,2220.2714002038388,2296.218714838368,2360.478966121595,2345.0400348620497,32.00686395974403,33.829367749086906,44.15708812260538,31.494870844147858,-78.37552742616033,-66.32967234961612,-75.94731463452945,-69.10381250536105,-6.8435021291683995,2493.462237305467,2287.6625,2081.8627626945326,0.17992141524850563,0.22931816760623208,26.660421203117675,1.2250624332276934,12.75,260.625533977399,-0.4441789510688068,140.0,100,0,0,0,39.037551988423225,85.71428571428572,0.0,-85.71428571428572,2197.3833453054312,-2197.3833453054312,-0.005824577432617661,-0.0058416064404641695,0.19767790657057804,0.3418324449027228,-0.005370201096892124,-0.05081234325591544,-0.12380473074987419,13.55,4.723247232472325,2.849197888248685,0.15413533834586465,0.08859118409680207,-17.298308270676756,-9.413481392557005,2125.0,2458.0,0.023549684089603676,0.12946582423894312
2155.0,2155.0,2155.0,2155.0,0,2024-08-02 00:00:00-04:00,2161.75,2184.975,2272.5375,2414.235,2423.9,2307.73625,2210.229646326325,2285.7580692947854,2352.42096745016,2343.149089241532,30.150064340425907,32.499667001050994,59.78208812260538,42.82008301404857,-84.1688654353562,-90.1097263361835,-75.52842296846029,-70.3887345979809,-5.139688370479391,2470.500582101186,2272.5375,2074.574417898814,0.17422205979103628,0.20313277922213227,26.273962545752124,1.2192093988748085,21.25,260.625533977399,-0.363437127779207,140.0,100,0,0,0,39.13185266309999,78.57142857142857,0.0,-78.57142857142857,2189.0,-2189.0,-0.009764503159103932,-0.009812488544550604,0.19747958892554746,0.3279176332137813,-0.025768535262206127,-0.04793461453501213,-0.12309257375381488,13.4,0.0,2.88090397783097,0.09056603773584905,0.05185825410544512,-16.511842105263177,-9.491248499399736,2125.0,2458.0,0.013921113689095127,0.14060324825986079
2134.75,2134.75,2134.75,2134.75,3,2024-08-05 00:00:00-04:00,2156.0,2177.4,2256.4625,2405.57,2423.0825,2307.5775,2198.617393045352,2274.5722863840606,2343.8848510795656,2341.075466463009,28.455938729080277,31.269848011993652,40.33914032567051,48.09277219029378,-94.8207171314741,-109.13705583756314,-75.95489333870864,-71.50196634612645,-4.452926992582192,2444.0865439682393,2256.4625,2068.838456031761,0.16629927948568984,0.1756479142390635,25.843679506769828,1.2106185504986453,20.25,260.625533977399,-0.29736664299900895,137.0,100,0,0,0,39.45918920179256,71.42857142857143,0.0,-71.42857142857143,2176.25,-2176.25,-0.009396751740139209,-0.00944117975013263,0.19643673202067044,0.2979633821110684,-0.01328865264617518,-0.03426826509839398,-0.13089058524173025,13.2,0.2272727272727273,2.856274251603431,0.03302286198137172,0.016853932584269662,-15.579511278195492,-9.772292917166876,2125.0,2420.25,0.004567279540929851,0.13373931373697154
2181.0,2181.0,2181.0,2181.0,49,2024-08-06 00:00:00-04:00,2167.2,2174.35,2244.5,2398.185,2422.7825,2307.60375,2195.9070248845287,2267.641005911167,2337.497209860759,2339.482675751934,37.143167348488454,36.98807075665201,49.120943740399404,49.747390729558454,-66.61698956780924,-25.777189369422256,-71.7339810266385,-71.54836928222886,-0.18561174440964123,2418.8674998386987,2244.5,2070.1325001613013,0.15537313418462792,0.31791331509959814,27.30127382771484,1.2517778004454305,46.25,260.625533977399,-0.24330447713447256,186.0,100,0,0,0,38.51487577918836,64.28571428571429,0.0,-64.28571428571429,2125.0,2125.0,0.021665300386462194,0.021433943413913605,0.21852602680774127,0.30228445677969623,0.02635294117647069,-0.013791544200768668,-0.09885342423303378,15.6,3.141025641025641,3.932530459089697,0.20363636363636364,0.09680207433016422,-14.071428571428623,-9.94637454981991,2125.0,2410.0,0.02567629527739569,0.10499770747363595
2177.25,2177.25,2177.25,2177.25,49,2024-08-07 00:00:00-04:00,2164.85,2170.175,2233.3625,2389.965,2422.625,2307.57,2193.036713363832,2260.9453758436734,2331.213005552494,2337.8684202718155,36.7534852957656,36.72792366727571,64.12657437103003,51.19555281236668,-62.27436823104693,-21.842854016195943,-67.9086624798415,-70.82042792175139,2.9117654419098926,2394.5341844703094,2233.3625,2072.190815529691,0.14433096684511285,0.3259232067207899,25.619039982878068,1.1766696512976493,3.75,260.625533977399,-0.19906954772312702,137.0,100,0,0,0,37.69336776155033,57.142857142857146,0.0,-57.142857142857146,2126.12,2126.12,-0.0017193947730398396,-0.0017208746287800422,0.21848238970784753,0.20771227197582387,-0.005367747830059333,-0.01881478143307791,-0.09281249999999996,17.75,2.76056338028169,3.8984815406833198,0.19698397737983034,0.09031979256698358,-12.576879699248222,-10.000756302521001,2125.0,2390.25,0.02399816282007119,0.09782983120909404
2167.0,2167.0,2167.0,2167.0,49,2024-08-08 00:00:00-04:00,2163.0,2168.075,2222.2,2380.21,2422.155,2307.52,2189.0310651540117,2253.9864591145124,2324.773279844553,2336.168236985529,35.652457652117434,36.00122155058726,82.29169261427329,65.17973690856759,-55.319148936170215,-36.66933546837529,-64.95539396050071,-69.64742112950125,4.692027169000539,2368.61026261845,2222.2,2075.7897373815495,0.13177055406214597,0.31148862445574355,24.52125141267249,1.131575976588486,10.25,260.625533977399,-0.16287620862539143,88.0,100,0,0,0,37.08693109891249,50.0,0.0,-50.0,2127.2176,2127.2176,-0.004707773567573792,-0.004718890036489932,0.21846672779943563,0.2062267480275978,-0.004250430786904125,-0.009597806215722149,-0.09340027193808176,20.2,2.4257425742574257,3.667800635872204,0.15954415954415954,0.07260155574762317,-11.047744360902312,-9.876926770708277,2125.0,2388.25,0.019381633594831565,0.10209967697277342
2181.75,2182.25,2181.75,2182.25,14,2024-08-09 00:00:00-04:00,2168.45,2165.1,2211.9,2369.785,2421.8425,2307.56,2187.987824361087,2248.6726473282524,2319.184131615355,2334.636712239404,38.59960286905356,37.92009515122602,87.20720720720722,77.8751580641702,-39.09574468085107,15.931331432087724,-60.68482296716547,-67.85490149703409,7.1700785298686185,2337.662812468552,2211.9,2086.137187531448,0.11371473617121212,0.38211936653605655,23.859019168910173,1.0933219919308133,15.25,274.625533977399,4.321282539971378,102.0,0,0,0,0,36.1005682595886,42.85714285714286,14.285714285714286,-28.571428571428573,2128.293248,2128.293248,0.007037378864789945,0.007012732079099999,0.22211926862896153,0.19428540458695312,0.012645011600928013,-0.013449367088607556,-0.08625562650476293,20.9,0.6698564593301436,3.766323939979263,0.24156118143459915,0.10946462715105162,-8.996616541353438,-9.55098439375748,2125.0,2362.0,0.026234391110092795,0.0823691144460992
2199.0,2199.0,2199.0,2199.0,14,2024-08-12 00:00:00-04:00,2181.3,2168.65,2203.75,2360.805,2421.7975,2307.635,2189.682005228612,2244.993191970604,2314.4710284147527,2333.2870932121464,41.755026505262215,39.994991708954984,89.90990990990993,86.46960324379683,-21.27659574468085,77.4116689911669,-55.31118674199206,-65.34615854602569,10.034971804033631,2309.0014845501005,2203.75,2098.4985154498995,0.09552034899612069,0.4774349976140291,23.35123208541659,1.0619023231203542,16.75,274.625533977399,5.762867251672731,116.0,100,0,0,0,34.731565366161256,35.714285714285715,7.142857142857143,-28.571428571428573,2130.45151808,2130.45151808,0.007675564211249819,0.007646256939302009,0.22464937722818198,0.16334750928367342,0.03009720107740943,0.01640859718049459,-0.06900931414055889,21.3,0.6572769953051643,3.9397297087158876,0.39050131926121373,0.15521761929732564,-6.8109022556391166,-9.271488595438155,2125.0,2314.5,0.03365165984538426,0.05252387448840382
2211.0,2211.0,2211.0,2211.0,14,2024-08-13 00:00:00-04:00,2187.3,2177.25,2198.575,2353.195,2421.78,2307.62375,2192.9616967319025,2242.4751777505594,2310.4133410259387,2332.0703062150105,43.97633623623335,41.46664186958988,100.00000000000001,92.3723723723724,-1.1494252873563218,123.02803516274624,-49.513481018656876,-62.17962304055193,12.666142021895055,2290.92299672976,2198.575,2106.2270032702395,0.08400713801417767,0.5672727099666259,22.540429793601117,1.0194676523564503,12.0,274.625533977399,5.828709429034859,130.0,100,0,0,0,33.141422409465285,28.571428571428573,0.0,-28.571428571428573,2134.5644269952,2134.5644269952,0.005457025920873049,0.005442190302685036,0.21776383041600295,0.088941403732391,0.01375515818431916,0.040470588235294036,-0.044718081659105624,22.0,0.6363636363636364,4.01612807160811,0.45683930942895085,0.18038804404824332,-4.958646616541409,-9.059003601440573,2125.0,2313.25,0.03889642695612845,0.04624604251469923
2211.0,2211.0,2211.0,2211.0,14,2024-08-14 00:00:00-04:00,2194.05,2179.45,2193.4625,2345.38,2421.52,2307.71125,2195.73682031161,2240.14368310237,2306.514778632765,2330.8656265511795,43.97633623623335,41.46664186958988,100.00000000000001,96.63663663663665,-1.1494252873563218,109.46837407838616,-44.40686279075999,-58.62507099059354,14.218208199833555,2269.780301822376,2193.4625,2117.1446981776244,0.06958660275466365,0.6148978323616894,20.930399094058178,0.9466485343309895,0.0,274.625533977399,5.325762189861621,130.0,100,0,0,0,31.66486109253331,21.42857142857143,7.142857142857143,-14.285714285714286,2140.679272835584,2140.679272835584,0.0,0.0,0.2178267187698406,0.08421174073508267,0.01550120564932822,0.01005025125628145,-0.04420188047119855,22.7,0.6167400881057269,4.01612807160811,0.5126676602086438,0.18124341412012646,-2.9704887218045664,-8.784873949579813,2125.0,2292.75,0.03889642695612845,0.036974219810040704
2237.0,2237.0,2237.0,2237.0,14,2024-08-15 00:00:00-04:00,2208.05,2185.525,2190.675,2338.13,2421.3775,2307.7825,2202.0850018021315,2239.910817687379,2303.7887088824605,2329.9316402173367,48.87569819537276,44.706048095790024,100.00000000000001,100.00000000000001,-0.0,173.26909350464013,-37.82581588524772,-54.46521996952438,16.639404084276656,2255.4887909707254,2190.675,2125.861209029275,0.05917243860520179,0.8573699308911252,21.29251344448259,0.951833412806553,26.0,274.625533977399,4.6358508474851305,144.0,100,0,0,0,29.590447404755473,14.285714285714286,100.0,85.71428571428572,2146.304931008737,2146.304931008737,0.011759384893713198,0.01169078063268326,0.22168719178143267,0.06763198228585657,0.03230272265805256,0.02791499138426201,-0.02431577799585649,23.4,0.5982905982905983,4.180759460120095,0.8086642599277978,0.23944414751469803,-0.7808270676692108,-8.41755102040816,2125.0,2263.5,0.05006705409029951,0.011846222619579794
2235.5,2235.5,2235.5,2235.5,3,2024-08-16 00:00:00-04:00,2218.7,2193.575,2189.275,2331.675,2421.0525,2307.64125,2207.2257707556496,2239.584090451277,2301.1107202988346,2328.9920219067167,48.611572723839295,44.55667171786631,98.6842105263158,99.56140350877195,-1.3392857142857142,135.30814215024756,-32.358319695627415,-50.043839914744986,17.68552021911757,2248.7236963691985,2189.275,2129.8263036308017,0.054309025927942706,0.8887806026302542,19.878762484162404,0.8892311556324046,1.5,274.625533977399,3.932173403105253,141.0,100,0,0,0,27.701835010950784,7.142857142857143,92.85714285714286,85.71428571428572,2155.3744379078635,2155.3744379078635,-0.0006705409029951204,-0.0006707658160943237,0.21739449866480343,0.08328089766887849,0.024401420552182307,0.03735498839907203,-0.012370223105809597,23.55,0.12738853503184713,4.17874783741111,0.9866071428571429,0.23623730625334047,1.0093984962405496,-8.119963985594229,2125.0,2237.0,0.049429657794676805,0.0006709908297919928
2308.75,2308.75,2308.75,2308.75,3,2024-08-19 00:00:00-04:00,2240.65,2210.975,2194.1875,2325.995,2421.68,2307.9275,2222.844882947088,2244.7074911585896,2301.410299894959,2328.790608753416,59.98397696671892,52.666153628465665,98.6842105263158,99.12280701754388,-0.0,238.83961162213478,-21.862608211501538,-44.407593574096296,22.54498536259476,2272.9426387212243,2194.1875,2115.4323612787757,0.07178524052408856,1.2273334912501763,23.69099373529366,1.0261394146310194,73.25,274.625533977399,3.2868350483038853,144.0,100,0,0,0,27.130059252588772,0.0,100.0,100.0,2163.536994117077,2163.536994117077,0.03276671885484239,0.032241335839414464,0.23006574162956941,0.2182129207053803,0.049909049567985475,0.08150837334582506,0.04444695770187734,23.7,0.12658227848101267,4.2770479939756365,1.0,0.4800783801436969,3.0513157894736396,-7.534537815126066,2125.0,2308.75,0.07958852192744992,0.0
2357.0,2357.0,2357.0,2357.0,3,2024-08-20 00:00:00-04:00,2269.85,2228.575,2201.4625,2322.98,2422.78,2308.53625,2243.484131724459,2253.025454776472,2303.5902881343723,2329.071299213581,65.41356775147165,57.01468781846406,98.6842105263158,98.6842105263158,-0.0,226.8976250261562,-9.541323052013013,-37.43433946967964,27.89301641766663,2307.4450781673477,2201.4625,2095.4799218326525,0.09628379149528786,1.2337880559689942,25.44520846848697,1.079559120427958,48.25,274.625533977399,2.724029807857505,147.0,100,0,0,0,27.377980985298684,21.42857142857143,100.0,78.57142857142857,2180.962554823028,2180.962554823028,0.020898754737411984,0.02068337142268136,0.23918349650572596,0.22597129755315323,0.06603346901854357,0.0806969280146721,0.06579244856432287,23.85,0.12578616352201258,4.3397442581878725,1.0,0.6194926568758344,5.650563909774361,-7.016470588235311,2125.0,2357.0,0.09843020789138736,0.0
2346.75,2346.75,2346.75,2346.75,3,2024-08-21 00:00:00-04:00,2297.0,2245.525,2207.85,2319.925,2423.405,2309.16375,2259.371188382235,2259.968013681919,2305.282825854593,2329.2472066840924,63.44415817666913,55.86979710391018,97.18792866941016,98.18544990734726,-4.611923509561304,154.9558943571107,-0.596825299684042,-30.066836635680524,29.47001133599648,2331.2569892672213,2207.85,2084.4430107327785,0.11178928755777923,1.062772014878471,24.359836435023617,1.038024350059598,10.25,274.625533977399,2.2461522269605894,144.0,100,0,0,0,27.327135194173593,14.285714285714286,92.85714285714286,78.57142857142857,2205.607797147804,2205.607797147804,-0.004348748408994463,-0.004358231719029882,0.2407165677320934,0.24313062031633723,0.061397557666214464,0.07785049948329315,0.05757097791798116,24.0,0.125,4.32669801296089,0.9558189655172413,0.5965030262273033,8.003007518796935,-6.528247298919579,2125.0,2357.0,0.09449238308298712,0.0043677426227761796
2350.25,2350.25,2350.25,2350.25,3,2024-08-22 00:00:00-04:00,2319.65,2263.85,2215.9625,2317.745,2424.015,2309.685,2273.3525440157373,2266.655568223999,2307.04624444853,2329.4561897021613,63.8444457373096,56.185247533303325,95.33607681755831,97.06940533776144,-3.0371203599550056,126.8584116589988,6.6969757917381685,-22.714074150196787,29.411049941934955,2353.5952790717,2215.9625,2078.3297209283,0.12421941171991858,0.9878470844872013,22.869848118236213,0.9730815069986689,3.5,274.625533977399,1.8464611959608987,147.0,100,0,0,0,27.337319553220258,7.142857142857143,85.71428571428572,78.57142857142857,2226.8027055471116,2226.8027055471116,0.001491424310216205,0.0014903132415589992,0.2324497829951508,0.2546418321470829,0.050625838176128646,0.08456391324411627,0.07415447897623406,24.15,0.12422360248447206,4.3311722858915385,0.9709051724137931,0.6059179556153329,9.723872180451064,-6.115690276110422,2125.0,2357.0,0.09584086799276673,0.0028720348899053294
2419.5,2419.5,2419.5,2419.5,3,2024-08-23 00:00:00-04:00,2356.45,2287.575,2226.3375,2316.2,2424.945,2310.405,2295.836768013316,2277.9773779851844,2311.456195646627,2330.3521480135823,70.6843656617281,61.85056602382502,95.33607681755831,95.95336076817561,-0.0,151.87821507388495,17.859390028131656,-14.599381314531097,32.45877134266276,2390.028006367963,2226.3375,2062.6469936320373,0.14704913910668335,1.0900235275886632,26.182716109790768,1.0821540032978205,69.25,274.625533977399,1.5150911200100268,150.0,100,0,0,0,28.327431945761393,0.0,100.0,100.0,2245.030326770516,2245.030326770516,0.029464950537176904,0.02903920177471299,0.24883226576946046,0.2645596356994183,0.08230820845448439,0.1087180662160614,0.09380650994575035,24.3,0.12345679012345678,4.419567137503069,1.0,0.8209059233449477,12.568984962405976,-5.437887154861921,2125.0,2419.5,0.12171936350485638,0.0
2412.5,2412.5,2412.5,2412.5,3,2024-08-26 00:00:00-04:00,2377.2,2308.925,2238.7875,2314.91,2425.35,2311.21,2313.784957549729,2287.9420166529485,2315.4186977781314,2331.1695395756365,69.25807076203886,61.013238045513404,94.94081710576556,95.20432358029409,-2.7722772277227725,116.70635426854336,25.84294089678042,-6.510916872268792,32.35385776904921,2418.5544515650836,2238.7875,2059.0205484349162,0.16059313495817149,0.9831602763678963,24.81252210194857,1.028498325469371,7.0,274.625533977399,1.24179507802927,147.0,100,0,0,0,29.04319598221099,14.285714285714286,92.85714285714286,78.57142857142857,2272.9454744872332,2272.9454744872332,-0.0028931597437487078,-0.0028973530202322513,0.23040217478340824,0.2428825236121899,0.044937736870600986,0.09708958617553431,0.11509128726600415,23.9,0.12552301255230125,4.652072106734752,0.9762308998302207,0.8013937282229965,14.23627819548864,-4.817503001200478,2125.0,2419.5,0.11917098445595854,0.002901554404145078
2418.25,2418.25,2418.25,2418.25,3,2024-08-27 00:00:00-04:00,2389.45,2329.65,2253.45,2314.46,2425.665,2312.045,2329.8565025420785,2297.594459863841,2319.4512978652638,2332.036011818665,69.79719362644897,61.46321114535531,96.21993127147766,95.49894173160054,-0.49504950495049505,102.52284324196033,32.26204267823732,1.243675037832431,31.01836764040489,2441.3543373634648,2253.45,2065.545662636535,0.16677036309966048,0.9385210110430451,23.450913380380815,0.9697472709761528,5.75,274.625533977399,1.0171016901253438,150.0,100,0,0,0,29.78510468628485,7.142857142857143,85.71428571428572,78.57142857142857,2296.394198569276,2296.394198569276,0.0023834196891192594,0.002380583849515479,0.2138083133997295,0.21984193192383758,0.025986423419601223,0.09373586612392582,0.1379999999999999,22.4,0.13392857142857142,5.246465259261782,0.9956101843722563,0.8174216027874565,15.00338345864655,-4.266170468187269,2134.75,2419.5,0.11723353664840278,0.0005169027189083015
2363.0,2363.0,2363.0,2363.0,14,2024-08-28 00:00:00-04:00,2392.7,2344.85,2262.15,2313.21,2425.3425,2312.7,2334.9555021509896,2302.439314688742,2321.1590901058416,2332.344111203554,59.07654960573626,55.05257987346298,69.0237820536678,86.7281768103037,-23.764458464773924,50.64839824576687,32.51618746224767,7.498177522715479,25.01800993953219,2453.3952875236355,2262.15,2070.9047124763647,0.16908276420541113,0.7636666275699373,25.722276710353615,1.0885432378482276,55.25,274.625533977399,0.832717877789662,136.0,100,0,0,0,28.94358866471214,0.0,78.57142857142857,78.57142857142857,2316.091126798192,2316.091126798192,-0.02284710017574687,-0.02311213987574849,0.2190348838043496,0.29644321815846514,0.006924470011718364,0.06874717322478507,0.07948835084513473,16.1,0.8695652173913043,0.7101352685660245,0.8015803336259877,0.6634146341463415,15.550751879699241,-3.8800240096038294,2134.75,2419.5,0.09659331358442658,0.023910283537875582
2344.75,2344.75,2344.75,2344.75,148,2024-08-29 00:00:00-04:00,2391.6,2355.625,2270.575,2311.775,2424.735,2313.39375,2336.4623479739143,2305.5734395266127,2322.084223827181,2332.4675528831203,56.01592746733631,53.13059435411359,38.89777976271706,68.04716436262085,-33.900226757369616,28.068767629607898,30.888908447301674,12.176323707632719,18.712584739668955,2460.7844306284555,2270.575,2080.365569371544,0.1675429621381859,0.694982445809665,25.18854265961407,1.0742528056131386,18.25,274.625533977399,0.6815865111260564,-12.0,100,0,0,0,27.72530783267461,0.0,71.42857142857143,71.42857142857143,2332.6365465104814,2332.6365465104814,-0.007723233178163369,-0.0077532117978599815,0.22025564724261384,0.30362989121089956,-0.0023401765769599514,0.048167188198480204,0.07742676622630662,20.3,7.29064039408867,-0.06013028611462379,0.7374890254609306,0.6125435540069687,15.374436090225483,-3.552857142857154,2134.75,2419.5,0.08956178697089241,0.03187973131463909
2367.5,2367.5,2342.5,2342.5,61,2024-08-30 00:00:00-04:00,2376.2,2366.325,2279.95,2309.79,2424.0875,2314.02375,2337.391217516389,2308.308740302419,2322.884842500625,2332.5673782275667,55.6332495920122,52.89155592453704,6.137184115523472,38.019581977302785,-36.930455635491604,26.946444070046518,29.082477213969923,15.55755440890016,13.524922805069764,2464.858599042882,2279.95,2095.0414009571177,0.16220408258328656,0.6691376180549998,25.17507532678449,1.074709725796563,25.0,213.62553397739902,-18.851293276247787,-73.0,0,0,-100,0,27.003482399642024,0.0,64.28571428571429,64.28571428571429,2419.5,-2419.5,-0.0009595905746880851,-0.0009600512764705722,0.21520933631882422,0.1570096728238813,-0.031824757181235785,0.04786401252516215,0.08700696055684465,23.35,2.6124197002141325,-0.11866531117059698,0.7295873573309921,0.6062717770034843,14.577067669172926,-3.162256902761115,2134.75,2419.5,0.08868729989327641,0.03287086446104589
2294.5,2294.5,2294.5,2294.5,0,2024-09-03 00:00:00-04:00,2352.6,2364.9,2287.9375,2307.035,2423.06,2314.47625,2330.792568667714,2307.285870650388,2321.771711422169,2332.1885983447055,48.086072623104855,48.049194689098414,7.105427357601002e-15,15.011654626080189,-59.95203836930456,-46.95572788119042,23.506698017326016,17.147383130585332,6.359314886740684,2460.4533597781688,2287.9375,2115.4216402218312,0.15080469617563308,0.5190199904183838,26.80542708915703,1.1682469857989553,48.0,213.62553397739902,-25.128262891423674,-73.0,100,0,0,0,25.251281051127627,7.142857142857143,57.142857142857146,50.0,2417.96,-2417.96,-0.020490928495197402,-0.020703780277689023,0.22778686407815787,0.18018493446875852,-0.048911917098445556,-0.006172171088251188,0.07483311863215825,23.2,0.0,-0.09047505595017935,0.504950495049505,0.47247386759581883,12.49229323308263,-2.898331332532996,2167.0,2419.5,0.05556766179995642,0.05447809980387884
2288.0,2309.25,2279.25,2293.0,87,2024-09-04 00:00:00-04:00,2327.55,2358.5,2293.5375,2304.435,2422.0025,2314.9425,2324.9783273342196,2306.2276580096186,2320.6434090134567,2331.7986620427682,47.867535170962924,47.90528382541016,5.19357884796979,3.7769209878310996,-68.75,-64.33942995079362,18.75066932460095,17.468040369388454,1.2826289552124948,2458.9287992723603,2293.5375,2128.1462007276396,0.14422375851483601,0.49837506567042933,27.033610868502954,1.1789625324248998,30.0,206.37553397739902,-27.718544743866204,-160.0,0,0,0,0,23.579897918664074,0.0,50.0,50.0,2413.0216,-2413.0216,-0.0006537371976464978,-0.0006539509769837052,0.21802360237161728,0.16798915761212668,-0.05179365243461176,-0.027153160797624087,0.051352590554791355,25.1,3.4661354581673303,-1.2089499110820723,0.499009900990099,0.4682926829268293,10.876127819548842,-2.647358943577416,2167.0,2419.5,0.054949847361535104,0.055167902311382466
2269.5,2269.5,2269.5,2269.5,87,2024-09-05 00:00:00-04:00,2308.85,2350.775,2298.15,2301.4,2420.335,2315.39125,2316.443200052032,2303.507090749647,2318.637785130576,2331.1787748582633,44.45856431675211,45.655866882558186,5.19357884796979,3.4623858986465392,-81.52173913043478,-110.33336643824255,12.93610930238492,16.561654155987746,-3.6255448536028254,2455.2492838939716,2298.15,2141.0507161060286,0.13671804181099706,0.40881562509433084,26.781210092181315,1.1800489135131664,23.5,206.37553397739902,-26.258337797695788,-247.0,100,0,0,0,22.22585574714385,7.142857142857143,42.85714285714286,35.714285714285715,2404.995304,-2404.995304,-0.01024858264282602,-0.010301460961384169,0.22232241857280058,0.12913348750345727,-0.03956834532374098,-0.032917865132630286,0.042369962108163906,27.0,3.2222222222222223,-2.0163262571289837,0.40594059405940597,0.402787456445993,8.696616541353347,-2.4434813925570116,2167.0,2419.5,0.04516413306895792,0.06609385327164574
2269.25,2289.5,2258.0,2258.0,78,2024-09-06 00:00:00-04:00,2291.5,2341.55,2302.7,2297.87,2417.7025,2315.79375,2307.4519385055655,2300.136195138562,2316.259832772514,2330.4506278447484,42.85032382363407,44.580272463838476,5.19357884796979,5.1935788479698,-100.0,-124.36530500274252,7.315743367003506,14.712471998190898,-7.396728631187392,2449.259595387008,2302.7,2156.1404046129915,0.12729369469493063,0.34750230825227085,27.118266514168365,1.2009861166593607,31.5,128.37553397739902,-48.09204061083551,-325.0,0,0,0,0,20.74683915845586,0.0,35.714285714285715,35.714285714285715,2394.15567968,-2394.15567968,-0.005067195417492787,-0.005080077186912921,0.2224734927492334,0.13087673934525773,-0.03699754771297581,-0.03925114349537284,0.041993539455468465,28.45,2.741652021089631,-2.1808865948823053,0.3192834562697576,0.37073170731707317,6.052255639097695,-2.2196398559423556,2181.75,2419.5,0.03376882196634189,0.07152347209920283
2257.5,2257.5,2257.5,2257.5,78,2024-09-09 00:00:00-04:00,2274.5,2325.35,2306.4625,2294.3,2415.12,2316.04125,2299.7670248893246,2296.9779584616317,2313.9555256049644,2329.7247509507706,42.777868292384035,44.53237756147298,7.105427357601002e-15,3.4623858986465392,-100.0,-122.20608099497869,2.7890664276928874,12.327790884091296,-9.538724456398409,2444.0490432191605,2306.4625,2168.8759567808397,0.11930525054637599,0.3220665377063505,25.21696176315634,1.1170304214022744,0.5,128.37553397739902,-52.65200625158943,-403.0,100,0,0,0,19.362021820837146,100.0,28.571428571428573,-71.42857142857143,2380.540111712,-2380.540111712,-0.00022143489813997164,-0.0002214594184668663,0.22185039363574366,0.1332779161803997,-0.036286019210245435,-0.06695598264104152,0.034482758620689724,31.65,2.4644549763033177,-2.2966818210442823,0.2653061224489796,0.3693379790940767,3.504699248120252,-1.9763505402160693,2199.0,2419.5,0.025913621262458473,0.07176079734219269
2259.5,2259.5,2259.5,2259.5,78,2024-09-10 00:00:00-04:00,2267.5,2310.05,2309.4875,2290.345,2411.81,2316.2425,2293.5720979832745,2294.2018133904,2311.8200147969264,2329.025997209967,43.19165283700939,44.78153861895212,1.2882447665056433,2.1606078714918238,-98.76543209876543,-97.00875099443071,-0.6297154071253317,9.73628962584797,-10.366005032973302,2439.9670458108076,2309.4875,2179.007954189193,0.11299437283016893,0.30844698803412063,23.558607351502314,1.0426469285904985,2.0,128.37553397739902,-49.730900718117,-325.0,100,0,0,0,18.123699037445146,92.85714285714286,21.42857142857143,-71.42857142857143,2365.77529830656,-2365.77529830656,0.0008859357696566761,0.000885543560193865,0.2207672742499143,0.07323058211958394,-0.015253867945086097,-0.06341968911917095,0.02751250568440211,34.85,2.2381635581061694,-2.335036729968559,0.23261390887290168,0.3749128919860627,1.1370300751878915,-1.659171668667455,2211.0,2419.5,0.02146492586855499,0.07081212657667625
2297.5,2300.0,2297.5,2300.0,66,2024-09-11 00:00:00-04:00,2268.9,2298.225,2313.9375,2287.46,2408.795,2316.8025,2294.5610059858477,2294.631308694815,2311.35648480489,2328.7371813173304,50.92981210851322,49.59571906789286,34.62157809983898,11.969940955448218,-73.76543209876543,-38.44633096871695,-0.07030270896711954,7.774971158884952,-7.845273867852072,2436.5088950112313,2313.9375,2191.3661049887687,0.10594183724602008,0.4431453807035365,24.768706826395004,1.0769002967997827,40.5,194.37553397739902,-23.014912025504003,-259.0,0,0,0,0,17.872123168523647,85.71428571428572,14.285714285714286,-71.42857142857143,2352.782262509773,-2352.782262509773,0.01792431953972118,0.017765573065906686,0.22808352520766081,0.16850221825525036,0.0030527692978630228,-0.04889899720872537,0.040253279059249136,37.45,1.7623497997329771,-1.228430003239184,0.42685851318944845,0.4878048780487805,-0.553571428571544,-1.259543817527029,2211.0,2419.5,0.03869565217391304,0.051956521739130436
2334.5,2334.5,2334.5,2334.5,66,2024-09-12 00:00:00-04:00,2281.9,2295.375,2320.1125,2285.15,2405.34,2317.47375,2300.7054666034096,2297.5845450877914,2312.264073636071,2328.79452279676,56.380540544504996,53.241978463422356,67.95491143317231,34.621578099838985,-52.46913580246913,9.242964724534831,3.1209215156181926,6.844161230231601,-3.723239714613408,2433.4110519545457,2320.1125,2206.8139480454547,0.09766642949817775,0.5634937505899104,25.46379919593822,1.0907602996760857,34.5,194.37553397739902,-9.993379194389234,-193.0,100,0,0,0,18.281141666480746,78.57142857142857,7.142857142857143,-71.42857142857143,2341.3483910086,-2341.3483910086,0.014999999999999902,0.014888612493750559,0.23244879987698341,0.16073576093359734,0.0286406697510464,-0.012060939483707123,0.05585707824513797,40.05,1.647940074906367,-0.2384300032391904,0.5380434782608695,0.5839721254355401,-1.8851503759398278,-0.7508043217286904,2235.5,2419.5,0.04240736774469908,0.0364103662454487
2380.0,2380.0,2380.0,2380.0,66,2024-09-13 00:00:00-04:00,2306.3,2298.9,2327.2625,2283.075,2402.5325,2318.45,2312.9046255875005,2303.689393599807,2314.920384473872,2329.304030032613,62.32446448403424,57.49949041427313,100.0,67.52549651100377,-23.79471228615863,77.99059139784984,9.215231987693642,7.3183753817240085,1.8968566059696332,2436.6601090918025,2327.2625,2217.864890908197,0.09401398346065619,0.741035889348115,26.894956396228345,1.1300401847154766,45.5,194.37553397739902,-3.7578994730796182,-127.0,100,0,0,0,19.371225316934183,71.42857142857143,0.0,-71.42857142857143,2257.5,2257.5,0.019490254872563728,0.019302752254528675,0.23794578001041072,0.15133067997860947,0.054030115146147084,0.015033585670114036,0.06392489941886459,42.65,1.5474794841735053,0.8832954298380309,0.7853260869565217,0.7669172932330827,-2.341917293233117,-0.04126050420167212,2235.5,2419.5,0.060714285714285714,0.016596638655462185
2437.25,2437.5,2432.0,2437.5,4,2024-09-16 00:00:00-04:00,2342.3,2308.4,2337.3625,2282.675,2401.1875,2319.695,2332.073144727885,2313.6012903701917,2319.727428219995,2330.3806068482086,68.21845120532507,62.08094138347743,100.0,89.31830381105745,-0.0,148.99764629494373,18.471854357693246,9.549071176917856,8.92278318077539,2448.2957541440883,2337.3625,2226.429245855912,0.09492173690994708,0.9513412176205254,29.081030939354893,1.193067935973534,57.5,198.37553397739902,0.40733309228156145,-123.0,100,0,0,0,21.09775915340845,64.28571428571429,100.0,35.714285714285715,2259.95,2259.95,0.024159663865546133,0.02387243620648178,0.24865892634659298,0.13988715807272917,0.07973421926910307,0.04055496264674496,0.09036009841198833,42.7,0.09367681498829039,0.9819457080092008,1.0,0.9433962264150944,-2.2159774436091024,0.7492557022809048,2257.5,2437.5,0.07384615384615385,0.0
2430.25,2430.25,2430.25,2430.25,16,2024-09-17 00:00:00-04:00,2376.45,2321.975,2343.4375,2282.155,2399.4825,2320.98875,2347.1772763082104,2322.2419355279553,2324.0616467211717,2331.3743321532015,66.79946699957291,61.207422182303695,98.27380952380952,99.42460317460319,-4.027777777777778,138.02345058626528,24.935340780255046,12.626325097585294,12.309015682669752,2460.5718112627487,2343.4375,2226.3031887372513,0.09996794133639043,0.8705681924626993,27.521671586543828,1.1324625691407808,7.25,198.37553397739902,2.0742615879037203,-139.0,100,0,0,0,22.650648891126252,57.142857142857146,92.85714285714286,35.714285714285715,2267.0519999999997,2267.0519999999997,-0.002974358974358937,-0.00297879117082384,0.22601079282955328,0.16560143805539682,0.07556981633104676,0.059163216387012385,0.05262587980508937,43.35,0.3690888119953864,0.8360558078549306,0.9597222222222223,0.9768,-1.3407894736843085,1.5215726290516234,2257.5,2437.5,0.07108322189075197,0.0029832321777594896
2437.5,2437.5,2418.5,2437.5,10,2024-09-18 00:00:00-04:00,2403.95,2336.425,2347.4625,2282.5,2398.5975,2322.375,2361.073079953101,2330.779569933292,2328.5102095948514,2332.430308947697,67.52688548567902,61.77220658097986,98.27380952380952,98.84920634920637,-0.0,120.89508863702441,30.29351001980922,16.159762082030078,14.133747937779141,2471.512517634015,2347.4625,2223.4124823659854,0.10568860429848373,0.8629080499836684,26.912980758933553,1.104122287545992,19.0,208.37553397739902,5.7494358281215625,-129.0,100,0,0,0,23.742958051292536,50.0,100.0,50.0,2273.8699199999996,2273.8699199999996,0.0029832321777594206,0.0029787911708238084,0.2155436698856562,0.18067238739198638,0.059782608695652106,0.06301788050588741,0.034153585065761494,43.7,0.22883295194508008,0.8031918654202889,1.0,1.0,0.21710526315781384,2.2252821128451434,2257.5,2437.5,0.07384615384615385,0.0
2463.25,2463.25,2463.25,2463.25,4,2024-09-19 00:00:00-04:00,2429.7,2355.8,2353.2875,2283.765,2397.6825,2323.81875,2376.7926061141625,2340.5921943826775,2333.794122944073,2333.731997415879,70.03782645674211,63.740906483604,98.27380952380952,98.27380952380953,-0.0,127.87292132042734,36.20041173148502,20.167892011921065,16.032519719563954,2487.205130934099,2353.2875,2219.3698690659007,0.1138132344085448,0.9105602049296728,26.82991070472401,1.0892077825930788,25.75,208.37553397739902,6.730240214745095,-125.0,100,0,0,0,25.08893940222877,42.85714285714286,100.0,57.142857142857146,2280.4151231999995,2280.4151231999995,0.010564102564102562,0.010508692330581696,0.21642929941439604,0.1783467019198746,0.05515099593060602,0.08537122714254242,0.04964312346862676,43.75,0.09142857142857143,0.8584945209036825,1.0,1.0,1.8599624060149762,2.9383313325330227,2257.5,2463.25,0.08352785953516695,0.0
2402.25,2402.25,2402.25,2402.25,4,2024-09-20 00:00:00-04:00,2434.15,2370.225,2355.8875,2284.005,2396.045,2325.08625,2380.7091282504452,2345.15943924322,2336.478667142345,2334.4137685858705,58.498186765394756,56.50298922124685,66.66666666666666,87.73809523809526,-29.64763061968408,56.73204897850496,35.549689007225425,23.24425141098194,12.305437596243486,2491.4769976574644,2355.8875,2220.2980023425353,0.1151069375404934,0.670966412594596,29.270631368672294,1.218467327242056,61.0,208.37553397739902,6.519638353386995,-129.0,100,0,0,0,24.706152113866885,35.714285714285715,92.85714285714286,57.142857142857146,2291.3852158079994,2291.3852158079994,-0.024764031259514874,-0.025075818045206727,0.23714806231384963,0.2868873984269705,0.009348739495798286,0.06388396811337471,0.022125305818530006,43.8,0.09132420091324202,0.7549641229349744,0.7035236938031592,0.819660014781966,2.5114661654135264,3.477899159663873,2257.5,2463.25,0.06025600999063378,0.02539286085961078
2408.0,2408.0,2408.0,2408.0,4,2024-09-23 00:00:00-04:00,2428.25,2385.275,2355.3125,2284.4,2394.5125,2326.49625,2384.907723904223,2349.814295595574,2339.2834252936254,2335.1459698934736,59.180911418606605,56.9864133739402,36.475409836065566,67.13862867551394,-26.852976913730252,53.639780781039136,35.09342830864898,25.614086790515348,9.479341518133634,2489.911986904674,2355.3125,2220.713013095326,0.11429437656758837,0.6957195425169574,27.590586270909988,1.1457884663999165,5.75,208.37553397739902,5.840788650705321,-125.0,100,0,0,0,24.442513427611658,28.571428571428573,85.71428571428572,57.142857142857146,2301.6971028595194,2301.6971028595194,0.0023935893433240096,0.002390729271334483,0.21254767069615882,0.21305239950389898,-0.01210256410256405,0.06666666666666665,-0.004753048150444306,43.85,0.09122006841505131,0.6761436286967397,0.7314702308626975,0.8366592756836659,4.260338345864677,4.024945978391345,2257.5,2463.25,0.0625,0.02294435215946844
2484.5,2484.5,2484.5,2484.5,4,2024-09-24 00:00:00-04:00,2439.1,2407.775,2358.9125,2286.85,2393.98,2328.37,2400.229612534343,2359.7910144403463,2344.9781929291694,2336.6320796457776,66.96678911848585,62.76709146542896,36.475409836065566,46.53916211293264,-0.0,109.04076794892875,40.43859809399646,28.578989051211572,11.85960904278489,2502.957568902058,2358.9125,2214.867431097942,0.12212836966361247,0.9359312712238416,31.084115822987847,1.25112158675741,76.5,208.37553397739902,5.032096622271439,-121.0,100,0,0,0,25.250498504788634,21.42857142857143,100.0,78.57142857142857,2311.3902766879482,2311.3902766879482,0.03176910299003333,0.03127490461366371,0.2404070269545918,0.32177304504354,0.022322806295648645,0.0995795529984509,0.029844559585492147,43.9,0.09111617312072894,0.8118995198881191,1.0,1.0,7.008834586466145,4.685810324129657,2257.5,2484.5,0.09136647212718857,0.0
2451.75,2465.0,2451.75,2451.75,5,2024-09-25 00:00:00-04:00,2441.95,2422.95,2360.5875,2289.595,2393.58,2330.16625,2408.155825990598,2366.602791148469,2349.1653226182216,2337.7775315896006,61.55383961950693,59.19131559479756,56.5362001096218,43.16233992725102,-14.427312775330396,75.12166739396923,41.55303484212891,31.173798209395038,10.379236632733871,2508.0911673272785,2360.5875,2213.0838326727217,0.1249719972907409,0.8090177405478679,31.203107549917288,1.2726871642670456,32.75,203.37553397739902,2.652895644978372,-126.0,100,0,0,0,25.232622757590068,14.285714285714286,92.85714285714286,78.57142857142857,2325.2390545529124,2325.2390545529124,-0.013181726705574603,-0.01326937676994562,0.24600109410735016,0.3463794434373784,0.005846153846153834,0.06597826086956515,0.013852992866742575,44.0,0.11363636363636363,0.7388406272928884,0.8557268722466961,0.9089012517385258,9.271992481202966,5.141524609843929,2257.5,2484.5,0.07922912205567452,0.013357805649026206
2543.0,2543.0,2543.0,2543.0,10,2024-09-26 00:00:00-04:00,2457.9,2443.8,2369.5875,2294.19,2393.8875,2332.33625,2428.9010835305057,2379.669251063397,2356.766682515546,2339.8195462006493,69.05837583725864,65.02113229114369,86.7274569402229,59.913022295303456,-0.0,144.9221439599023,49.23183246710869,34.78540506093777,14.446427406170919,2537.1793610046316,2369.5875,2201.9956389953686,0.14145235067675827,1.0173655181119075,35.49217129635177,1.3956811363095467,91.25,203.37553397739902,1.4384138229059147,-116.0,100,0,0,0,26.12068782835095,7.142857142857143,100.0,92.85714285714286,2337.9799301886796,2337.9799301886796,0.037218313449576934,0.036542431149690045,0.26133348244568166,0.4320987412384851,0.032375926113873854,0.08931248661383595,0.07617435463393996,43.8,0.22831050228310504,1.430883164249114,1.0,1.0,11.915977443608938,5.795702280912354,2257.5,2543.0,0.11226897365316556,0.0
2579.0,2579.0,2579.0,2579.0,244,2024-09-27 00:00:00-04:00,2493.25,2463.7,2381.3,2299.915,2394.135,2334.765,2451.9932245258124,2394.4344917253675,2365.48171457376,2342.199451213578,71.42793131452679,66.97546263275946,86.7274569402229,76.66370466335592,-0.0,163.69427315897642,57.558732800444886,39.34007060883919,18.218662191605695,2571.5252349190214,2381.3,2191.074765080979,0.15976587151473665,1.019647143777114,35.528444775183786,1.377605458518177,36.0,203.37553397739902,0.8108154572484523,128.0,100,0,0,0,27.290101706239543,0.0,100.0,100.0,2358.4819371698118,2358.4819371698118,0.01415650806134483,0.014057240459225104,0.2600694786261924,0.32987867932539755,0.07357685503174105,0.08361344537815119,0.09990404094253114,48.6,5.020576131687243,6.028109641585431,1.0,1.0,14.515413533834574,6.462316926770712,2257.5,2579.0,0.12466072120977123,0.0
2534.25,2534.25,2534.25,2534.25,0,2024-09-30 00:00:00-04:00,2518.5,2473.375,2390.8875,2305.33,2394.2075,2336.97,2464.648113060303,2404.791196042007,2372.1000787081225,2344.110401947771,64.78619720480098,62.42329003496373,88.2776686313032,87.24419417058304,-15.896980461811724,105.27433491640562,59.85691701829592,43.44343989073054,16.41347712756538,2591.3759332698555,2390.8875,2190.399066730144,0.16771047008264145,0.8575330947073527,36.187127291242085,1.4279225526779948,44.75,203.37553397739902,0.48036017518418817,128.0,100,0,0,0,27.420009001748177,0.0,92.85714285714286,92.85714285714286,2384.944104709434,2384.944104709434,-0.01735168670027143,-0.017503991618835764,0.2712365799288467,0.3981425989916191,0.05242940199335555,0.03969230769230769,0.08185699039487737,45.55,0.0,6.086644666641405,0.8608087091757387,0.901431718061674,16.087781954887184,6.924513805522196,2257.5,2579.0,0.10920390648120745,0.0176580842458321
2564.75,2564.75,2564.75,2564.75,0,2024-10-01 00:00:00-04:00,2534.55,2486.825,2404.4,2312.415,2394.8175,2339.22625,2480.0484033587177,2416.6399963351914,2379.6549775823137,2346.305820833863,67.0360016952033,64.16626509637275,84.5448592010478,86.516661590858,-5.828220858895706,119.89029684383455,63.40840702352625,47.43643331728968,15.971973706236568,2613.332489096359,2404.4,2195.467510903641,0.17379178929991593,0.8837363942140349,35.78090391329622,1.3951029891138014,30.5,203.37553397739902,0.3015048165956955,128.0,100,0,0,0,27.86721429728473,0.0,85.71428571428572,85.71428571428572,2408.230812144302,2408.230812144302,0.012035118871460915,0.01196327270531304,0.25632019697862657,0.3539979134041532,0.03230026162205668,0.0553441004011932,0.11778165177598598,45.55,0.0,6.086644666641405,0.9556765163297045,0.9686123348017621,17.04962406015033,7.302677070828336,2257.5,2579.0,0.1197972511940735,0.005556097085485915
2580.5,2580.5,2580.5,2580.5,2,2024-10-02 00:00:00-04:00,2560.3,2501.125,2418.775,2319.795,2395.5175,2341.25375,2495.5024951496844,2428.7777743844367,2387.5312529712423,2348.6361111738247,68.167032364079,65.04538272660038,84.5448592010478,85.78912901113297,-0.0,114.46202080661227,66.72472076524764,51.29409080688127,15.430629958366367,2634.5213151481394,2418.775,2203.028684851861,0.17839304205487427,0.8748036203745905,34.35012506234649,1.3311422229159657,15.75,203.37553397739902,0.20092718657352293,130.0,100,0,0,0,28.44649523537573,0.0,100.0,100.0,2428.723114686986,2428.723114686986,0.006140949410273988,0.006122170620959794,0.25521660299405796,0.30988797873431356,0.052513510757622006,0.058666666666666645,0.12538159616223288,41.3,0.04842615012106538,6.1558017016571975,1.0,1.0,17.806390977443595,7.68632653061224,2257.5,2580.5,0.12516954078666925,0.0
2551.25,2551.25,2551.25,2551.25,2,2024-10-03 00:00:00-04:00,2561.95,2509.925,2432.8625,2326.44,2396.1475,2342.9725,2504.0790343574254,2437.8497910967008,2393.951595991978,2350.65216976911,63.7896478372617,62.075692839285054,75.18610948866352,81.42527596358643,-16.40953716690042,69.2153966461031,66.22924326072462,54.28112129764994,11.948121963074676,2644.5366880225256,2432.8625,2221.1883119774748,0.17401245489420417,0.77964557489504,33.98583041503603,1.3321246610499178,29.25,203.37553397739902,0.1415156846032346,128.0,100,0,0,0,28.35536775134016,0.0,92.85714285714286,92.85714285714286,2449.9718786308076,2449.9718786308076,-0.01133501259445846,-0.011399743464727313,0.25616394847434826,0.22587967778307827,0.0032441997640582088,0.035725159849791854,0.12414628772857461,37.05,0.05398110661268556,7.024758366394144,0.9094427244582043,0.9357848518111965,17.34191729323307,7.984081632653063,2257.5,2580.5,0.11513963743263106,0.011464968152866241
2583.75,2583.75,2583.75,2583.75,5,2024-10-04 00:00:00-04:00,2562.9,2528.075,2449.15,2334.355,2397.0475,2344.7025,2516.3361059947447,2448.6572139784266,2401.3946706589595,2352.971551164442,66.3734806054828,63.99357290394849,78.91891891891892,79.54996253621012,-0.0,89.85900041944983,67.67889201631806,56.960675441383565,10.718216574934495,2654.534663497544,2449.15,2243.765336502456,0.16771913806630373,0.8276778258606674,33.87969967110488,1.311260751663469,32.5,203.37553397739902,0.10434591701510953,133.0,100,0,0,0,28.644893603295277,28.571428571428573,100.0,71.42857142857143,2468.245815622495,2468.245815622495,0.01273885350318471,0.012658396871923465,0.2537550550114879,0.22073619938502254,0.0018417991469561468,0.07555416796753045,0.1442648361381753,33.4,0.14970059880239522,7.483693876474505,1.0,1.0,16.736466165413542,8.250480192076829,2257.5,2583.75,0.1262699564586357,0.0
2590.5,2590.5,2590.5,2590.5,0,2024-10-07 00:00:00-04:00,2574.15,2546.325,2465.8,2341.925,2398.0375,2346.59875,2527.7459358417073,2459.164087017062,2408.8105659272355,2355.3350183170346,66.90173363337735,64.3863355372113,78.91891891891892,77.67464910883382,-0.0,85.15020187428267,68.58184882464548,59.284910118035945,9.29693870660953,2660.0266459577533,2465.8,2271.573354042247,0.1575364149223401,0.8210167157680407,31.941863980311673,1.2330385632237666,6.75,203.37553397739902,0.07965411054587435,133.0,100,0,0,0,28.99017503330341,21.42857142857143,100.0,78.57142857142857,2486.7264851228956,2486.7264851228956,0.002612481857764859,0.0026090752588649483,0.2529008930020999,0.155059260701859,0.022195915951464862,0.07578903654485059,0.14750830564784057,29.5,0.0,7.500965798529423,1.0,1.0,15.72969924812019,8.553529411764702,2259.5,2590.5,0.12777456089558,0.0
2496.25,2496.25,2496.25,2496.25,0,2024-10-08 00:00:00-04:00,2560.45,2547.5,2477.6375,2348.58,2397.665,2348.14125,2522.9004072506755,2461.9111916824645,2412.2395633418537,2356.7371574382582,54.11784825036633,55.509038983444114,66.66666666666667,74.83483483483487,-50.066401062417,-24.694775695627097,60.989215568210966,59.62577120807095,1.363444360140015,2647.452066144972,2477.6375,2307.8229338550277,0.13707781396186658,0.5548024248523844,36.392445124575126,1.4578846319309013,94.25,203.37553397739902,0.062311634213386924,133.0,100,0,0,0,27.477474046623367,14.285714285714286,92.85714285714286,78.57142857142857,2590.5,-2590.5,-0.03638293765682299,-0.03706130152481799,0.29585010630769426,0.30959953295637715,-0.026708256165318245,0.004729321795129859,0.1047798185439257,25.6,0.0,7.431862808496202,0.6755593803786575,0.7975295381310419,12.90733082706761,8.479687875150054,2297.5,2590.5,0.07961942914371557,0.03775663495242864
2463.0,2463.0,2463.0,2463.0,0,2024-10-09 00:00:00-04:00,2536.95,2548.625,2485.7875,2355.34,2397.005,2349.535,2513.684959981341,2461.99184415043,2414.2301687009967,2357.7944991552904,50.4549547507395,52.81181092298765,33.333333333333336,59.63963963963968,-67.72908366533865,-64.30077443944363,51.693115830910756,58.03924013263891,-6.346124301728153,2635.12983115564,2485.7875,2336.4451688443596,0.12015695722634401,0.4237071638574751,36.16798475853405,1.4684524871511997,33.25,203.37553397739902,0.04955229078524326,133.0,100,0,0,0,25.548538199799516,7.142857142857143,85.71428571428572,78.57142857142857,2590.5,-2590.5,-0.013319979969954931,-0.013409486609487058,0.29874458987664443,0.29499186147883627,-0.04553381127688427,0.004588559192413522,0.0708695652173914,22.3,0.0,6.248857718874605,0.501953125,0.7202413603949533,9.893421052631544,8.201368547418966,2334.5,2590.5,0.05217214778725132,0.05176613885505481
2520.75,2520.75,2520.75,2520.75,0,2024-10-10 00:00:00-04:00,2530.85,2546.4,2495.1,2361.975,2396.8775,2350.79875,2514.7718892149805,2466.344300139287,2418.407416987232,2359.4159469248893,56.02244964977934,56.65297529459732,15.098039215686276,38.366013071895466,-38.21917808219178,-6.709319998038958,48.427589075693504,56.11690992124983,-7.689320845556324,2627.8521562913447,2495.1,2362.347843708655,0.10641028919990768,0.5966086002539471,37.70955727578161,1.4959657750979516,57.75,203.37553397739902,0.03982780567508826,133.0,100,0,0,0,24.560413506385135,0.0,78.57142857142857,78.57142857142857,2585.4,-2585.4,0.023447015834348273,0.02317635715278674,0.3044704855966646,0.3719705885173469,-0.011954924056834848,-0.008749508454581223,0.07978153780252728,19.0,0.0,5.258857718874611,0.668646080760095,0.8469555677454745,8.004135338345792,8.183205282112853,2380.0,2590.5,0.05583655658038282,0.02767033620946147
2569.75,2569.75,2569.75,2569.75,0,2024-10-11 00:00:00-04:00,2528.05,2545.475,2504.5875,2369.845,2397.0,2352.39,2523.2300601049837,2474.003981610451,2424.3424202426345,2361.5088230748906,60.11759834971011,59.58397999817445,43.00653594771242,30.47930283224405,-14.954954954954955,57.34957318342748,49.226078494532885,54.73874363590644,-5.512665141373553,2629.9988506625186,2504.5875,2379.1761493374815,0.10014531387904678,0.7597950650230694,38.51601747036864,1.4988235225359914,49.0,203.37553397739902,0.03222889761411807,133.0,100,0,0,0,24.23285892866658,0.0,71.42857142857143,71.42857142857143,2580.504,-2580.504,0.019438659129227487,0.0192521416197067,0.30443576796767047,0.39143242734008554,-0.005418480890179045,-0.003586661496704169,0.07972689075630246,15.7,0.0,3.9725008972854052,0.8897742363877822,0.9544706527701591,7.2531954887217225,8.217250900360135,2402.25,2590.5,0.06518143788306255,0.008074715439245064
2533.75,2533.75,2533.75,2533.75,0,2024-10-14 00:00:00-04:00,2516.7,2545.425,2509.4,2377.42,2395.8275,2353.42125,2524.8485123965247,2478.429612602269,2428.6329135664528,2363.222665631359,55.9922762004173,56.63005201883916,65.0986514824509,41.06774221528324,-40.9009009009009,-13.150457190357217,46.418899794255594,53.07477486757627,-6.655875073320672,2631.487304827319,2509.4,2387.3126951726813,0.09730398089369474,0.599723718344183,38.33630193677088,1.5130262234542036,36.0,203.37553397739902,0.026190353624258478,133.0,100,0,0,0,23.33806099396501,7.142857142857143,64.28571428571429,57.142857142857146,2575.80384,-2575.80384,-0.014009144858449285,-0.014108199126821592,0.30107132608551807,0.39988894359925925,-0.021906967766840424,-0.0001972970306797217,0.03948717948717939,15.5,0.0,3.8758622418232207,0.6985391766268261,0.8754799780581459,6.610526315789424,8.076758703481376,2402.25,2590.5,0.051899358658115444,0.022397631968426247
2508.0,2515.5,2500.0,2515.5,5,2024-10-15 00:00:00-04:00,2520.55,2540.5,2513.6625,2385.035,2395.3025,2354.40375,2523.4102797201363,2481.1755672243235,2432.0394659756116,2364.737862988261,53.97038934651308,55.17407303653334,66.39405488971546,58.16641410662631,-58.82352941176471,-75.91337850405172,42.2347124958128,50.90676239322357,-8.672049897410773,2630.226353209323,2513.6625,2397.098646790677,0.09274423532142684,0.5078819460296167,38.008708941287246,1.5109802799160106,33.75,208.37553397739902,1.6122481898443937,128.0,0,0,0,0,21.988079295113085,0.0,57.142857142857146,57.142857142857146,2571.2916864,-2571.2916864,-0.00720276270350273,-0.007228827834836575,0.3023894644449392,0.2904671303830998,0.007711567351026627,-0.019202651330539,0.03507869560744781,14.95,0.33444816053511706,3.8874381718954503,0.601593625498008,0.8229043683589138,5.447932330826991,7.807358943577447,2402.25,2590.5,0.04502087060226595,0.02981514609421586
2525.25,2525.25,2525.25,2525.25,0,2024-10-16 00:00:00-04:00,2533.0,2534.975,2518.05,2391.92,2395.0525,2355.36875,2523.693313609346,2484.440340022522,2435.6947810353918,2366.33499867992,54.9072222697905,55.811381397831084,50.552463772982016,60.681723381716175,-51.1764705882353,-38.16988466195171,39.25297358682428,48.57600463194372,-9.323031045119436,2629.301247184003,2518.05,2406.7987528159974,0.08836301676615059,0.5323591877945039,35.9902297311953,1.4252145225698565,9.75,208.37553397739902,2.1145220146758845,128.0,100,0,0,0,20.86994111928232,64.28571428571429,50.0,-14.285714285714286,2566.960018944,-2566.960018944,0.003875968992248069,0.003868476777920332,0.3024485751718761,0.25844572476845445,0.025274056029232606,-0.021410579345088165,0.03600000000000003,14.45,0.0,3.8576058501178556,0.6533864541832669,0.845926800472255,4.410902255639027,7.637599039615847,2402.25,2590.5,0.04870804870804871,0.02583902583902584
2503.75,2503.75,2503.75,2503.75,0,2024-10-17 00:00:00-04:00,2529.6,2530.225,2520.075,2398.45,2394.2075,2356.49375,2520.6251115156006,2485.8706852060386,2438.363613151651,2367.702312125891,52.37574748924359,54.03269212128193,30.25246293358403,49.06632719876055,-68.03921568627452,-73.9407407407412,34.75442630956195,45.81168896746736,-11.057262657905412,2628.706153450577,2520.075,2411.4438465494227,0.08621263529901066,0.4248604130516434,34.95521332182421,1.3961143613309719,21.5,208.37553397739902,2.1277683962273386,128.0,100,0,0,0,19.489938415738,57.142857142857146,42.85714285714286,-14.285714285714286,2562.80161818624,-2562.80161818624,-0.00851400851400852,-0.008550459729265554,0.3028166078155468,0.21079170058260757,-0.0067440245958544365,-0.018618324350808457,0.016441692885415637,14.25,0.0,3.8153494398614454,0.5391766268260292,0.795159386068477,3.341353383458567,7.375006002400966,2402.25,2590.5,0.04053919121318023,0.034648027958062905
2566.25,2566.25,2566.25,2566.25,11,2024-10-18 00:00:00-04:00,2528.9,2528.475,2528.275,2406.435,2393.3225,2358.07,2527.644325128585,2491.8247085241096,2443.3787655770766,2369.67791101021,58.38258003841397,58.10781906499105,47.19235364396655,42.66576011684424,-19.019607843137255,54.028900318393006,35.819616604475414,43.81327449486897,-7.993657890393557,2624.0959136879687,2528.275,2432.4540863120314,0.07579943929198259,0.6981561150818377,36.92269808455105,1.4387802468407618,62.5,208.37553397739902,1.939753879932283,139.0,100,0,0,0,19.076717684839572,50.0,35.714285714285715,-14.285714285714286,2463.0,2463.0,0.02496255616575138,0.024656081353115325,0.29813660738990583,0.2457498827098605,-0.0013620001945714444,-0.006773101112723778,0.06826933083567499,14.6,0.7534246575342466,4.188993682722771,0.8671232876712329,0.9406001224739743,2.1406015037593793,7.203013205282093,2408.0,2590.5,0.061665854846566004,0.00944958597174866
2541.5,2541.5,2541.5,2541.5,0,2024-10-21 00:00:00-04:00,2530.45,2523.575,2534.95,2413.62,2391.7025,2359.68625,2529.775967416495,2495.504359744546,2447.2266571230734,2371.387583537472,55.40250874872568,56.042009624834144,56.00595117332792,44.48358925029288,-38.43137254901961,6.8796385930940325,34.271607671948914,41.90494113028496,-7.633333458336047,2613.3412622681976,2534.95,2456.558737731802,0.06184836960744615,0.541777615326507,36.05321964994026,1.4185803521518892,24.75,208.37553397739902,1.6864975887268372,139.0,100,0,0,0,18.286772656521265,42.85714285714286,28.571428571428573,-14.285714285714286,2465.065,2465.065,-0.00964442279590838,-0.009691231446186083,0.3017557625657371,0.23183263604951104,0.003058707449432596,-0.0189152673229106,0.055440199335548224,14.4,0.0,4.179419325349475,0.6468468468468469,0.8748403575989783,0.4304511278194632,6.971788715486189,2451.75,2590.5,0.03531379106826677,0.019279952783789103
2574.5,2574.5,2574.5,2574.5,0,2024-10-22 00:00:00-04:00,2542.25,2531.4,2539.45,2421.13,2390.9675,2361.54375,2536.6565878139572,2501.3558886523574,2452.2177686084433,2373.4086026067507,58.448008925514074,58.12614837130723,87.54716981132076,63.581824876205125,-12.549019607843139,80.48956083513298,35.30069916159982,40.58409273654793,-5.283393574948107,2616.0528067371038,2539.45,2462.847193262896,0.060330234292546775,0.728777518037228,35.835132532087385,1.391925909189644,33.0,208.37553397739902,1.4295747797130787,139.0,100,0,0,0,17.993512997005716,35.714285714285715,21.42857142857143,-14.285714285714286,2467.0887000000002,2467.0887000000002,0.01298445799724579,0.012900882599238921,0.28478745502885977,0.2327997423848968,0.023454581594116508,0.03134702053079619,0.03622459247333465,14.2,0.0,4.0523429133893405,0.8846846846846846,0.9578392621870883,0.19887218045099894,6.824729891956776,2451.75,2590.5,0.04767916100213634,0.006214798990095164
2612.25,2612.25,2612.25,2612.25,0,2024-10-23 00:00:00-04:00,2559.65,2546.325,2547.475,2429.155,2391.175,2363.7625,2548.286343534887,2509.570267270701,2458.4935423885045,2375.7851339240965,61.6723987307318,60.382310264958726,87.54716981132076,77.03343026532319,-0.0,134.16295861652972,38.71607626418563,40.21048944207547,-1.4944131778898395,2619.113659256046,2547.475,2475.8363407439538,0.056242875204699665,0.9520952839756924,35.971908779795434,1.3770469434317325,37.75,208.37553397739902,1.1945086505971858,139.0,100,0,0,0,18.188641571265606,28.571428571428573,100.0,71.42857142857143,2471.3851520000003,2471.3851520000003,0.014663041367255714,0.014556578428024148,0.2823272936153835,0.24268411768709708,0.034452034452034486,0.06059683313032882,0.06546344447843366,13.95,0.0,4.1182515469172145,1.0,1.0,-0.14586466165420844,6.759819927971191,2463.0,2612.25,0.05713465403387884,0.0
2597.25,2597.25,2597.25,2597.25,0,2024-10-24 00:00:00-04:00,2578.35,2553.975,2550.1875,2436.88,2391.13,2365.83625,2555.8192137602887,2516.065062287686,2463.9349720987593,2377.9887644323144,59.690330191711695,59.05477528517133,92.93286219081271,89.34240060448478,-10.050251256281408,100.38232459674242,39.75415147260264,40.119221848180906,-0.36507037557826294,2624.9816968002865,2550.1875,2475.3933031997135,0.05865780206379845,0.8146133123513917,34.47391529552433,1.3273237191461866,15.0,208.37553397739902,0.9897535386318452,139.0,100,0,0,0,18.097338795452334,21.42857142857143,92.85714285714286,71.42857142857143,2479.8370428800004,2479.8370428800004,-0.005742176284811995,-0.005758725963579279,0.2536529945611748,0.2321698305290693,0.037343984023963994,0.030348110681344798,0.021333071175776652,13.45,0.0,3.7460684124214447,0.8994974874371859,0.960185799601858,0.4945488721804434,6.621080432172867,2463.0,2612.25,0.0516892867455963,0.005775339301183945
2629.0,2629.0,2629.0,2629.0,0,2024-10-25 00:00:00-04:00,2590.9,2559.9,2552.6875,2444.72,2391.425,2368.08875,2567.077796258706,2524.430613229339,2470.4081104478278,2380.4863886668186,62.44182951603315,60.96226677666223,92.93286219081271,91.13763139764876,-0.0,141.83843930216014,42.647183029366715,40.62481408441807,2.0223689449486457,2634.206957033275,2552.6875,2471.168042966725,0.06386951558565246,0.9680631028298575,34.27934991727259,1.3038931121062225,31.75,208.37553397739902,0.8160124893158809,139.0,100,0,0,0,18.411338384838782,14.285714285714286,100.0,85.71428571428572,2487.7818203072,2487.7818203072,0.01222446818750611,0.01215035277924027,0.2524315960928781,0.1842946578924335,0.02445202143205072,0.023056717579531094,0.019387359441644048,1.25,0.0,0.29188044545330616,1.0,1.0,2.0753759398495473,6.583625450180066,2463.0,2629.0,0.06314187904146062,0.0
2590.5,2590.5,2590.5,2590.5,6,2024-10-28 00:00:00-04:00,2600.7,2565.575,2555.5,2451.82,2391.7475,2370.1425,2570.681212218905,2529.3246418790177,2475.117596312619,2382.5760763417757,57.33143244058753,57.54875369012724,69.38546157919191,85.0837286536058,-23.192771084337352,65.18837901652769,41.356570339887185,40.771165335511895,0.5854050043752892,2638.1544009717572,2555.5,2472.8455990282428,0.0646874591835314,0.7117249631508393,34.58082492318169,1.3349092809566372,38.5,208.37553397739902,0.6707536519306245,133.0,100,0,0,0,17.997120289371175,7.142857142857143,92.85714285714286,85.71428571428572,2499.079274682624,2499.079274682624,-0.014644351464435101,-0.014752638475038183,0.24998060786436962,0.2106786583167006,0.019279952783789023,0.022397631968426257,0.022195915951464862,1.55,3.8709677419354835,0.20401433666669555,0.7680722891566265,0.8963660834454913,2.324436090225481,6.414261704681882,2463.0,2629.0,0.04921829762594094,0.014861995753715499
2606.0,2606.0,2606.0,2606.0,62,2024-10-29 00:00:00-04:00,2607.0,2574.625,2557.5625,2457.765,2391.88,2372.335,2576.114871877535,2535.0042980361277,2480.250239594477,2384.7991999602655,58.793607181144736,58.530345994075525,56.539179474959276,72.95250108165466,-17.829457364341085,83.02362927276855,41.11057384140713,40.83904703669094,0.2715268047161885,2643.04742191609,2557.5625,2472.07757808391,0.06684874517521282,0.7833101961977871,33.21790885724014,1.2746703322041495,15.5,208.37553397739902,0.5503519773702408,195.0,100,0,0,0,17.823419557071183,0.0,85.71428571428572,85.71428571428572,2509.472932708014,2509.472932708014,0.005983400887859425,0.005965571429947383,0.24741672821435104,0.19707757927045053,0.012235385511749852,0.03597694295368714,0.016083438931669747,4.65,13.333333333333332,0.5749851917139799,0.8614457831325302,0.9380888290713324,3.1919172932330526,6.426662665066024,2463.0,2629.0,0.05487336914811972,0.008825786646201074
2594.5,2594.5,2563.0,2563.0,15,2024-10-30 00:00:00-04:00,2597.15,2578.4,2556.6875,2461.885,2392.4325,2374.34125,2574.097199280991,2537.078053737155,2483.495328237831,2386.572342249218,53.33336802497691,54.83683706483898,23.205846141625944,49.71016239859241,-51.16279069767442,14.504949599145725,37.01914554383575,40.0750667381199,-3.055921194284153,2641.5715201392463,2556.6875,2471.8034798607537,0.06640156072202515,0.5371830881103697,33.91662965315156,1.3233175830336152,43.0,193.37553397739902,-4.321662523801763,180.0,0,0,0,0,16.90517615538458,21.42857142857143,78.57142857142857,57.142857142857146,2519.0350980913727,2519.0350980913727,-0.016500383729854184,-0.01663803132071932,0.2540370583446033,0.20003606901030807,-0.018853478801799217,0.014949014949015016,-0.006781631466770022,5.3,2.8301886792452833,0.31519753694561914,0.6024096385542169,0.8223418573351279,3.6317669172931644,6.427503001200474,2463.0,2629.0,0.03901677721420211,0.02575107296137339
2560.5,2560.5,2560.5,2560.5,0,2024-10-31 00:00:00-04:00,2589.8,2584.075,2557.15,2466.16,2393.0425,2376.4,2572.0053224685307,2538.813012719588,2486.5151192873277,2388.302965709425,53.02503590684468,54.626400357725466,13.419913419913408,31.054979678832908,-53.10077519379845,-11.66101208106725,33.192309748942534,38.69851534028443,-5.506205591341896,2642.0112691396885,2557.15,2472.2887308603117,0.06637175694792122,0.5197380974498834,31.672584677926448,1.2369687435237824,2.5,193.37553397739902,-5.921880953935585,180.0,100,0,0,0,16.009719330579312,14.285714285714286,71.42857142857143,57.142857142857146,2527.8322902440627,2527.8322902440627,-0.0009754194303550623,-0.0009758954614661246,0.25066343373017425,0.199886390072286,-0.01414958128790067,0.022666000998502245,0.0036256736893680586,5.2,0.0,0.33786756213453606,0.5873493975903614,0.8156123822341858,3.600375939849496,6.3775750300120375,2463.0,2629.0,0.038078500292911543,0.026752587385276312
2535.25,2546.25,2524.5,2546.25,33,2024-11-01 00:00:00-04:00,2573.25,2582.075,2555.275,2470.08,2393.9125,2378.44875,2568.04296516568,2539.363900666285,2488.8576636290013,2389.874577990923,51.20778341791515,53.399938595524596,8.895705521472381,15.173821694337276,-64.14728682170542,-58.59588823117586,28.679064499394826,36.69462517210651,-8.015560672711686,2639.356047210407,2555.275,2471.1939527895934,0.06580978345611077,0.446331543793599,31.981685772360272,1.256030859984694,36.0,226.37553397739902,4.4618370477310805,147.0,0,0,0,0,15.160411888611824,7.142857142857143,64.28571428571429,57.142857142857146,2629.0,-2629.0,-0.005565319273579394,-0.005580863361589436,0.2470101064975824,0.1492205247269381,-0.03147584632940281,-0.007793472966390658,-0.014513788098693747,6.6,5.0,0.09051775859049249,0.5015060240963856,0.7772543741588156,3.86466165413525,6.2821608643457205,2463.0,2629.0,0.03269513991163476,0.032498772704958274
2543.75,2560.75,2542.75,2560.75,54,2024-11-04 00:00:00-05:00,2567.3,2584.0,2553.7875,2472.905,2394.5525,2380.615,2566.9209705248063,2540.9480561724863,2491.676970937668,2391.5748309462374,52.973867536469534,54.49159380610267,23.72188139059304,15.345833443992973,-54.49101796407186,-35.289115646258196,25.972914352320004,34.55028300814921,-8.577368655829204,2636.3623561912304,2553.7875,2471.2126438087694,0.06466854128719053,0.5421587170789376,30.9829939314774,1.2099187320698,18.0,280.375533977399,25.48591831680099,201.0,0,0,0,0,14.118348633208305,0.0,57.142857142857146,57.142857142857146,2626.91,-2626.91,0.0056946489936180456,0.005678495775628388,0.24778539105416061,0.1477679472203601,-0.011484269446052853,0.007574267165060045,-0.011484269446052853,9.3,5.806451612903225,0.39802880424586695,0.588855421686747,0.8162853297442799,4.4990601503758505,6.371632653061232,2463.0,2629.0,0.03817241042663282,0.026652347944938006
2616.75,2616.75,2616.75,2616.75,0,2024-11-05 00:00:00-05:00,2569.45,2588.225,2559.8125,2476.99,2395.95,2383.06125,2574.5869750594516,2546.5630149745243,2496.581795606779,2393.815379892046,59.12707137209693,58.439684850133325,57.055214723926376,29.89093387866396,-9.780439121756487,97.21154432851358,28.02396008492724,33.24501842350482,-5.221058338577578,2642.2997528030937,2559.8125,2477.3252471969063,0.06444788655660813,0.845129083980504,32.76992293637187,1.2523138601842694,56.0,280.375533977399,31.76977717080223,201.0,100,0,0,0,13.960792693222716,7.142857142857143,50.0,42.85714285714286,2624.8617999999997,-2624.8617999999997,0.0218685931855902,0.02163290541834925,0.22055935075552305,0.2260043497266896,0.004125095932463463,0.016410953583219978,0.04827240861291937,9.3,0.0,0.39802880424586695,0.9262048192771084,0.9670255720053835,4.490037593984928,6.562160864345724,2463.0,2629.0,0.058756090570364,0.004681379573898921
2548.75,2548.75,2548.75,2548.75,0,2024-11-06 00:00:00-05:00,2566.6,2581.875,2564.1,2479.6,2397.03,2384.88375,2570.6120558195357,2546.7250138653003,2498.627607543768,2395.3570179030708,50.488191707507944,52.61931106889184,56.92193015999689,45.8996754248388,-76.79425837320575,-81.14293452501833,23.88704195423543,31.373423129650938,-7.486381175415509,2633.961004859667,2564.1,2494.238995140333,0.05449163828217854,0.3901389979228458,35.286357012345306,1.3844573619360592,68.0,280.375533977399,31.452285141002534,201.0,100,0,0,0,13.229071520539353,0.0,42.85714285714286,42.85714285714286,2622.8545639999998,-2622.8545639999998,-0.02598643355307151,-0.026330046846328205,0.23657345721088993,0.27643476479606816,-0.005559890753023766,-0.024308546272370557,0.03481526593585049,9.3,0.0,0.39802880424586695,0.3592814371257485,0.7839838492597577,2.8033834586466067,6.587154861944787,2500.0,2629.0,0.019127023050514957,0.03148602256007847
2654.5,2654.5,2652.0,2654.5,12,2024-11-07 00:00:00-05:00,2585.4,2587.6,2570.7875,2485.43,2399.32,2387.225,2583.517893385761,2554.7083461715742,2504.740250385189,2397.9355550383634,60.22177235598094,59.24701628497232,75.42908762420957,63.13541083604431,-0.0,153.9320551631347,28.80954721418675,30.8606479465581,-2.0511007323713493,2647.99019992041,2570.7875,2493.58480007959,0.0600615180526667,1.0421604431341214,40.31947436860636,1.5189103171447111,105.75,292.375533977399,32.281285206902425,213.0,100,0,0,0,13.422957206699232,71.42857142857143,100.0,28.571428571428573,2524.5,2524.5,0.041490926924963256,0.04065327013506128,0.26537117578926644,0.4091454368298252,0.036711579769576286,0.022042544999518743,0.053059605276207567,9.9,1.2121212121212122,0.895919927345426,1.0,1.0,3.4103383458646177,6.713133253301299,2500.0,2654.5,0.05820305142211339,0.0
2561.75,2561.75,2561.75,2561.75,79,2024-11-08 00:00:00-05:00,2588.5,2580.875,2570.3875,2489.77,2400.7725,2389.06125,2580.1689867110285,2555.229950158865,2506.975926840672,2399.565549515594,50.790604932992544,52.485777294906775,47.763166669698,60.038061484634845,-71.34615384615384,-60.04527447651348,24.939036552163543,29.676325667679187,-4.737289115515644,2647.6903904698997,2570.3875,2493.0846095301,0.060148822284499845,0.444132101998417,44.06451191370591,1.7200941510180896,92.75,292.375533977399,29.685759305961312,134.0,100,0,0,0,12.554095261660503,64.28571428571429,92.85714285714286,28.571428571428573,2527.1,2527.1,-0.034940666792239616,-0.035565694343898904,0.28907653316179155,0.5091670440191141,0.006087383406971014,-0.025580068467097705,-0.003113143301877619,13.85,5.703971119133574,-1.8643927492415036,0.38474295190713104,0.7663727959697733,3.2648496240600924,6.548187274909963,2500.0,2654.5,0.02410461598516639,0.036205718746950326
2502.5,2502.5,2502.5,2502.5,18,2024-11-11 00:00:00-05:00,2576.85,2572.075,2568.825,2492.97,2401.38,2390.44375,2568.219911832409,2551.324027924875,2506.8004002979005,2400.589772903498,45.85071621629302,48.75385573631035,39.000745712155094,54.06433333535424,-100.0,-159.42132950741203,16.89588390753397,27.120237315650144,-10.224353408116173,2650.1837887078054,2568.825,2487.466211292194,0.06334319286662628,0.09239191577567972,45.14918963415549,1.8041634219442753,59.25,292.375533977399,25.925247864125254,116.0,100,0,0,0,12.416894714588421,100.0,85.71428571428572,-14.285714285714286,2654.5,-2654.5,-0.023128720601151564,-0.02340038649045165,0.296651907966573,0.5351114856920923,-0.02274724201893974,-0.03397027600849256,-0.012333497779970393,14.75,1.2203389830508475,-2.280709720062232,0.0,0.6171284634760705,1.716541353383355,6.217478991596634,2500.0,2654.5,0.000999000999000999,0.06073926073926074
2471.0,2473.0,2471.0,2471.0,18,2024-11-12 00:00:00-05:00,2547.7,2558.575,2566.6,2496.5,2401.7675,2391.70125,2553.2630023197307,2545.3740999304396,2505.396463031316,2401.2903721780904,43.43218160399684,46.892597380156644,5.667412378821761,30.810441586891642,-100.0,-177.13563871782713,7.888902389291161,23.273970330378347,-15.385067941087186,2655.7329624774266,2566.6,2477.4670375225733,0.06945606052943712,-0.03627747436427389,44.174247517430096,1.7877073054403114,31.5,274.375533977399,16.302743377544573,98.0,100,0,0,0,12.618582531261868,100.0,78.57142857142857,-21.42857142857143,2651.46,-2651.46,-0.012587412587412583,-0.012667305200765573,0.2988837985866341,0.482978297070384,-0.055698863093532,-0.05180353031465845,-0.01769032001590143,15.4,1.1688311688311688,-2.471269333118145,0.0,0.5377833753148614,-0.5229323308270825,5.679735894357729,2471.0,2654.5,0.0,0.07426143261837313
2462.0,2465.0,2452.25,2452.25,14,2024-11-13 00:00:00-05:00,2528.4,2547.5,2562.95,2499.685,2402.06,2392.825,2537.7225404243877,2538.4760184541105,2503.31228801048,2401.797433151443,42.01164866143716,45.79979595396649,-1.4210854715202004e-14,14.889386030325637,-100.0,-164.43133973516058,-0.7534780297228281,18.46848065835811,-19.22195868808094,2663.769715333886,2562.95,2462.1302846661138,0.07867474225707569,-0.04899976474538284,42.358229837613656,1.727321025083644,18.75,260.375533977399,6.42965123507571,84.0,0,0,0,0,12.999541953077678,100.0,71.42857142857143,-28.571428571428573,2644.2416,-2644.2416,-0.007588021044111715,-0.007616956544185069,0.2993135445734103,0.46438947096922967,-0.0378616969102501,-0.04321108076472879,-0.028908028908028904,16.1,0.8695652173913043,-2.5775016277357086,0.0,0.4905541561712846,-2.8093984962406484,5.0772509003601325,2452.25,2654.5,0.0,0.08247527780609644
2428.5,2428.5,2428.5,2428.5,0,2024-11-14 00:00:00-05:00,2483.2,2534.3,2559.1875,2502.865,2402.1325,2393.79,2520.91907266679,2530.329646716769,2500.378472794383,2402.0631303340156,40.21732861155919,44.422917257495904,-1.4210854715202004e-14,1.889137459607267,-100.00000000000001,-163.70359968169214,-9.410574049979004,12.892669716690687,-22.30324376666969,2673.303326575458,2559.1875,2445.071673424542,0.08918129412202737,-0.07260900578757228,41.029070563498394,1.6894820079678154,23.75,260.375533977399,1.806145246331539,84.0,100,0,0,0,13.598341132967038,100.0,64.28571428571429,-35.714285714285715,2632.722104,-2632.722104,-0.009684983178713469,-0.009732187658625553,0.2997165975710674,0.18087149429159724,-0.0851384441514409,-0.05155243116578789,-0.030054917623564603,16.1,0.0,-2.5775016277357086,0.0,0.43073047858942065,-5.6648496240602135,4.346038415366173,2428.5,2654.5,0.0,0.0930615606341363
2566.75,2566.75,2566.75,2566.75,0,2024-11-15 00:00:00-05:00,2484.2,2536.35,2559.2125,2509.04,2403.455,2395.5775,2527.9699845642067,2533.0274506636747,2502.981277782839,2403.701805654075,52.84318532643611,53.049909308613316,33.33333333333332,11.111111111111121,-38.82743362831859,29.63349717036117,-5.057466099468002,9.302642553458949,-14.36010865292695,2673.3347234054227,2559.2125,2445.0902765945775,0.0891854220041693,0.5330238045451617,47.97342266610565,1.8690337066759772,138.25,260.375533977399,-0.24948404418478276,84.0,100,0,0,0,12.900348839730542,92.85714285714286,57.142857142857146,-35.714285714285715,2616.38433568,-2616.38433568,0.05692814494543952,0.05536672439327457,0.3535828320998754,0.5071444512546167,0.0019517907680297597,0.008051055473735858,0.000194836824159772,15.55,0.0,-2.852089745558974,0.6117256637168141,0.7789672544080605,-5.445300751879753,3.896686674669845,2428.5,2654.5,0.053861887601051914,0.03418720171423006
2535.5,2535.5,2535.5,2535.5,0,2024-11-18 00:00:00-05:00,2490.8,2533.825,2558.9125,2514.6,2404.45,2397.27125,2529.1284484774055,2533.2106024663653,2504.2565217913548,2405.0132304734375,50.25930959823427,51.164914809282195,59.13200723327304,30.821780188868804,-52.654867256637175,-7.841859870983496,-4.082153988959817,6.625683244975195,-10.707837233935013,2673.250734528082,2558.9125,2444.574265471918,0.0893647082720351,0.39761736265811554,46.77889247566953,1.8449573052916397,31.25,260.375533977399,-1.0677429317428846,84.0,100,0,0,0,12.062465768524195,85.71428571428572,50.0,-35.714285714285715,2601.3535888255997,-2601.3535888255997,-0.012174929385409539,-0.012249650944000354,0.3546338401060164,0.479826755655737,0.01318681318681314,-0.009860392463145518,-0.0023608105449537398,15.55,0.0,-2.852089745558974,0.47345132743362833,0.6987341772151898,-6.06372180451132,3.3429291716686795,2428.5,2654.5,0.042200749359100766,0.046933543679747586
2574.25,2575.25,2548.0,2575.25,13,2024-11-19 00:00:00-05:00,2511.65,2529.675,2558.95,2520.915,2405.63,2399.26375,2536.224071788574,2536.3246319133013,2507.040579760321,2406.707128677682,53.3818594150451,53.377487393867455,92.46534056660637,61.6435603777376,-35.06637168141593,39.41130166595689,-0.10056012472750808,5.280434571034655,-5.380994695762163,2673.309149174888,2558.95,2444.590850825112,0.0893797449538975,0.5712667072009814,46.27682872740742,1.796983932721383,39.75,273.375533977399,2.8309459716872425,97.0,0,0,0,0,11.564203300482896,78.57142857142857,42.85714285714286,-35.714285714285715,2587.525301719552,-2587.525301719552,0.01567738118714268,0.015555760528729127,0.3560558587429229,0.4637478943087723,0.04218939700526092,-0.01585936753606576,0.0002913187026607478,16.2,0.8024691358024691,-2.648283790126119,0.6493362831858407,0.7764456981664316,-5.584210526315861,2.8609003601440453,2428.5,2654.5,0.05698475876128531,0.030773711290166005
2573.25,2573.25,2573.25,2573.25,2,2024-11-20 00:00:00-05:00,2535.85,2532.125,2557.0,2526.38,2406.92,2401.135,2541.9203684364857,2539.059844364168,2509.6370276128578,2408.3642716759136,53.20089463953666,53.25002925002757,92.01105322986588,81.20280034324846,-35.95132743362832,47.92696842906076,2.8605240723177303,4.7964524712912695,-1.9359283989735392,2668.9621587858974,2557.0,2445.0378412141026,0.0875730612326143,0.572569161653423,43.11419810402118,1.675476463772318,2.0,273.375533977399,4.168505434755332,95.0,100,0,0,0,11.10153100873026,71.42857142857143,35.714285714285715,-35.714285714285715,2575.25,-2575.25,-0.0007766236287739536,-0.0007769253571340358,0.3519611864811219,0.45108782993692514,0.049342440615760985,0.009612555174104864,-0.014929658340511076,16.3,0.12269938650306748,-2.6498370373836666,0.6404867256637168,0.74609375,-4.538345864661708,2.4430252100840333,2428.5,2654.5,0.056251821626348,0.03157485669872729
2570.5,2570.5,2570.5,2570.5,1,2024-11-21 00:00:00-05:00,2564.25,2523.725,2555.6625,2531.1,2408.125,2403.045,2546.3172348308726,2541.388744781637,2512.023810843726,2409.9775625050092,52.935169867110965,53.06708167165068,95.56248415172911,93.34629264940048,-37.16814159292036,39.32293591544115,4.928490049235734,4.822859986880163,0.10563006235557104,2666.3006800058265,2555.6625,2445.0243199941733,0.086582778442636,0.567054157973399,40.23104109659109,1.5651056641350358,2.75,273.375533977399,4.336733811941826,94.0,100,0,0,0,10.634844269564878,64.28571428571429,28.571428571428573,-35.714285714285715,2575.25,-2575.25,-0.001068687457495332,-0.0010692589111093885,0.3514322935665515,0.4311120749783874,0.058472308009059004,-0.031644377472217045,-0.010299355087111328,16.35,0.061162079510703356,-2.650905724841162,0.6283185840707964,0.6939890710382514,-3.7099624060150855,2.0769267707082717,2428.5,2654.5,0.055242170783894186,0.032678467224275434
2556.0,2556.0,2556.0,2556.0,0,2024-11-22 00:00:00-05:00,2562.1,2523.15,2552.0125,2534.62,2408.8475,2404.87625,2547.8068910107386,2542.4710599829973,2513.748367281227,2411.430522082074,51.47524167777178,52.076538225284274,79.41992649973749,88.99782129377752,-43.58407079646018,18.1616873650608,5.335831027741278,4.925454195052386,0.41037683268889236,2657.4253164646266,2552.0125,2446.599683535373,0.08261152048794962,0.5189137342769807,38.393109589691726,1.5020778399722898,14.5,273.375533977399,4.011305983341515,94.0,100,0,0,0,9.99779004294911,57.142857142857146,21.42857142857143,-35.714285714285715,2573.25,-2573.25,-0.005640925889904724,-0.00565689599813396,0.3487071317278065,0.16351520618856957,-0.004188175708580877,-0.0022445593832340904,-0.027767211867630315,16.35,0.0,-2.650905724841162,0.5641592920353983,0.6095143706640238,-2.5471804511278404,1.765474189675863,2428.5,2654.5,0.04988262910798122,0.03853677621283255
2580.75,2580.75,2580.75,2580.75,0,2024-11-25 00:00:00-05:00,2571.15,2530.975,2551.525,2537.485,2410.08,2406.87,2552.875061624471,2545.306537021294,2516.375882289806,2413.1152930066305,53.81658505141673,53.62786025564762,79.87421383647798,84.95220816264822,-32.63274336283186,60.083411812188906,7.5685246031771385,5.4540682766773365,2.114456326499802,2656.3096482076353,2551.525,2446.740351792365,0.08213491790802378,0.6394526798529176,37.41860176185661,1.4499119156003724,24.75,273.375533977399,3.5135122367922236,94.0,100,0,0,0,9.741380805144285,50.0,14.285714285714286,-35.714285714285715,2428.5,2428.5,0.009683098591549255,0.009636517848273992,0.34693733084293166,0.13957165097781837,0.017846578584105766,0.0312687312687312,-0.0037637521713954625,16.05,0.0,-2.563039616054551,0.6736725663716814,0.707631318136769,-1.5289473684211017,1.6361704681872773,2428.5,2654.5,0.05899447834931706,0.028576964060835028
2555.25,2555.25,2555.25,2555.25,14,2024-11-26 00:00:00-05:00,2567.15,2539.4,2548.9875,2539.985,2411.07,2408.69,2553.240436759168,2546.043089834531,2517.9003574941275,2414.5295686981067,51.08183356083498,51.81338915720749,50.52410901467505,69.93941645029686,-43.915929203539825,20.80463936208763,7.197346924636804,5.80272400626923,1.394622918367574,2650.787975809278,2548.9875,2447.1870241907222,0.07987522560175594,0.530758697099474,36.56727306458114,1.431064399357446,25.5,273.375533977399,2.990459137131893,80.0,100,0,0,0,9.120942928525775,42.85714285714286,7.142857142857143,-35.714285714285715,2431.545,2431.545,-0.009880848590525959,-0.009929988136513765,0.3478987839269908,0.11588122125107905,-0.007766236287739092,0.03409550789154192,-0.019474290099769753,13.65,1.0256410256410255,-3.072342351369199,0.5608407079646017,0.6065411298315163,-0.6156015037594365,1.4153541416566606,2428.5,2654.5,0.04960375697094218,0.03884160062616182
2556.5,2556.5,2556.5,2556.5,0,2024-11-27 00:00:00-05:00,2563.8,2549.825,2548.6625,2542.365,2412.4325,2410.5425,2553.7419080269883,2546.817675772714,2519.414068964946,2415.9422098055884,51.212710442467035,51.89715933584517,34.96732026143791,55.12188103753035,-15.92775041050903,37.04321304372599,6.924232254274102,6.0270256558702044,0.8972065984038977,2650.3233669793917,2548.6625,2447.001633020608,0.07977585653603944,0.5385472809394242,34.044610702825345,1.3316882731400488,1.25,273.375533977399,2.504622947531516,80.0,100,0,0,0,8.563540703550364,35.714285714285715,0.0,-35.714285714285715,2434.5291,2434.5291,0.0004891889247626846,0.0004890693108682344,0.3428932617169044,0.11674953681606233,-0.006509278150199194,0.04251197879498414,-0.0025360905189231175,12.9,0.0,-2.8248365954213863,0.5663716814159292,0.6114965312190287,-0.2870300751880094,1.2032292917166918,2428.5,2654.5,0.0500684529630354,0.03833365929982398
2526.0,2575.5,2526.0,2562.0,12,2024-11-29 00:00:00-05:00,2562.1,2563.175,2548.7375,2544.34,2414.0525,2412.3425,2555.012383715144,2547.9422923821426,2521.084105476125,2417.3955211508064,51.82346357344743,52.28042647859713,23.55179514728266,36.347741474465245,-12.31527093596059,34.818069555727384,7.070091333001528,6.235638791296469,0.8344525417050592,2650.435395135521,2548.7375,2447.0396048644793,0.07980256510175791,0.5652053810077703,35.14856708119496,1.3719190898202562,49.5,278.83007943194445,3.8137159739112008,92.0,0,0,0,0,8.328656529569185,28.571428571428573,78.57142857142857,50.0,2437.4535180000003,2437.4535180000003,0.0021513788382554466,0.0021490679366256427,0.34294383236296544,0.1193325332443814,-0.0033067496595993173,0.054972205064854895,0.0005858230814295151,13.5,0.8888888888888888,-2.799020049362321,0.5907079646017699,0.6333002973240832,0.09041353383452075,1.0556782713085082,2428.5,2654.5,0.052107728337236536,0.03610460577673692
2559.0,2559.0,2559.0,2559.0,0,2024-12-02 00:00:00-05:00,2562.7,2562.4,2549.375,2547.475,2415.74,2414.205,2555.6258631435835,2548.761381835317,2522.5710033005907,2418.804520940351,51.445154519153476,52.04293909411162,43.6431193481959,34.05407825230552,-14.285714285714286,37.91479340612248,6.864481308266477,6.361407294690471,0.5030740135760059,2651.1623395860283,2549.375,2447.5876604139717,0.07985277927808059,0.5472799467946855,32.85224086110961,1.283792139941759,3.0,278.83007943194445,4.002552577983693,92.0,100,0,0,-100,8.110549796586662,21.42857142857143,71.42857142857143,50.0,2440.3194476400004,2440.3194476400004,-0.0011709601873536313,-0.0011716462968907467,0.3423100174292038,0.1114919836670785,0.0011737089201877549,-0.003019382487581601,0.00500736377025035,11.85,0.0,-2.615364513334201,0.577433628318584,0.6125760649087221,0.19774436090218342,0.7421968787515276,2428.5,2654.5,0.050996483001172335,0.03731926533802266
2590.5,2590.5,2590.5,2590.5,0,2024-12-03 00:00:00-05:00,2564.65,2567.9,2550.8625,2551.125,2417.7625,2416.27625,2560.9911149676477,2551.8531313289973,2525.234885524097,2420.5129336673126,55.14753146503264,54.3301670170459,75.34246575342466,47.51246008296778,-0.0,94.08520211916668,9.13798363865044,6.916722563482464,2.221261075167975,2654.1300499612385,2550.8625,2447.594950038762,0.08096677101273649,0.6919165314509633,32.75565222817321,1.2644528943514075,31.5,278.83007943194445,3.7159354998330514,92.0,100,0,0,0,7.698114910685091,14.285714285714286,100.0,85.71428571428572,2443.1280586872003,2443.1280586872003,0.01230949589683461,0.012234350095054084,0.3444483046961464,0.1260885849470209,0.0037779715199071084,0.021691973969631295,0.011617690129844815,9.15,0.0,-2.9228755589895754,0.7168141592920354,0.7168141592920354,0.9648496240600669,0.5018607442976888,2428.5,2654.5,0.06253618992472496,0.024705655278903685
2625.25,2625.25,2625.25,2625.25,0,2024-12-04 00:00:00-05:00,2578.65,2572.9,2551.2875,2553.94,2420.395,2418.66,2570.8770972803172,2557.2899364157383,2529.1570468760933,2422.5501184069412,58.87318191046232,56.72109608856351,86.7579908675799,68.58119198973353,-0.0,189.4799054373521,13.587160864578891,8.25081022370175,5.336350640877141,2655.699816682476,2551.2875,2446.875183317524,0.08185068651218344,0.8541847473077546,32.89810564044655,1.2531418204150673,34.75,278.83007943194445,3.260870740604787,92.0,100,0,0,0,7.866957743645865,7.142857142857143,100.0,92.85714285714286,2449.0229363397125,2449.0229363397125,0.013414398764717284,0.013325222331259812,0.3388510557391702,0.10935316810088562,0.02739457978671367,0.01941559071934762,0.003248304194134022,9.15,0.0,-2.9228755589895754,0.870575221238938,0.870575221238938,3.067857142857108,0.513109243697491,2428.5,2654.5,0.07494524331016093,0.011141796019426721
2614.25,2614.25,2614.25,2614.25,0,2024-12-05 00:00:00-05:00,2590.2,2577.0,2554.5625,2557.19,2423.3925,2420.85375,2577.549851544884,2561.5092003849427,2532.494025429972,2424.45757991533,57.252010061932424,55.75099483439282,96.3056255247691,86.13536071525793,-11.083123425692694,158.28822840502417,16.040651159941262,9.808778410949653,6.231872748991609,2662.5004306592487,2554.5625,2446.6245693407513,0.08450600105438692,0.7764899217330219,31.333955237557515,1.1985829678706135,11.0,278.83007943194445,2.7782650899564487,92.0,100,0,0,0,7.817313091847272,0.0,92.85714285714286,92.85714285714286,2459.59656015933,2459.59656015933,-0.0041900771355108946,-0.004198880107404601,0.32490622827463833,0.12641131425171817,0.022589477801681968,0.015933158457204,0.025698871996076456,9.15,0.0,-2.9228755589895754,0.8219026548672567,0.8219026548672567,3.9272556390976625,0.4047539015606199,2428.5,2654.5,0.07105288323610978,0.015396385196519077
2549.0,2549.0,2549.0,2549.0,0,2024-12-06 00:00:00-05:00,2587.6,2574.85,2549.2875,2557.31,2425.75,2422.8775,2573.1575666918247,2560.582592949021,2533.1413185503657,2425.696807975874,48.68751659817789,50.383876618800016,62.97229219143577,82.01196952792829,-76.82619647355163,-76.00674678473581,12.57497374280365,10.362017477320453,2.2129562654831965,2647.0012752571374,2549.2875,2451.5737247428624,0.07665967471863218,0.49852886658383966,33.75652986344626,1.3243048200645846,65.25,278.83007943194445,2.3282659519679214,92.0,100,0,0,0,7.846261774788753,64.28571428571429,85.71428571428572,21.42857142857143,2469.53576654977,2469.53576654977,-0.02495935736827004,-0.02527612410258268,0.30107998634060085,0.2470949676276229,-0.0050741608118657355,-0.008364131491927607,-0.039743831229986815,8.55,0.0,-3.4207666820891345,0.6124523506988564,0.5331858407079646,5.425751879699203,0.3507322929171756,2428.5,2625.25,0.047273440564927424,0.029913691643781874
2524.5,2524.5,2524.5,2524.5,3,2024-12-09 00:00:00-05:00,2580.7,2571.7,2547.425,2556.22,2428.0675,2424.84375,2565.671787200775,2557.9098082861306,2532.8024433130963,2426.6799243144224,45.91041110963384,48.54150741338311,29.638958858102438,62.9722921914358,-100.0,-154.4767222076831,7.76197891464426,9.842009764785214,-2.080030850140954,2645.5368112155447,2547.425,2449.3131887844556,0.0770282235712883,0.38316901035678763,33.09534915891438,1.3109664947084325,24.5,278.83007943194445,1.9325148544300532,89.0,100,0,0,0,8.233010663462059,100.0,78.57142857142857,-21.42857142857143,2478.878620556784,2478.878620556784,-0.009611612397018465,-0.00965810207714508,0.27659415838543305,0.25478284389141037,-0.01348182883939042,-0.01232394366197187,-0.014540841221820977,4.75,0.631578947368421,-0.6892888426932605,0.48792884371029227,0.4247787610619469,5.26842105263155,0.32665066026410106,2428.5,2625.25,0.038027332144979206,0.03990889285006932
2518.25,2518.25,2518.25,2518.25,0,2024-12-10 00:00:00-05:00,2566.25,2565.45,2548.2125,2555.9,2430.615,2426.78875,2558.376127631425,2554.97204470938,2532.2317592616023,2427.5910693461196,45.202087268963375,48.070672653668886,4.736951571734001e-15,30.870417016512764,-100.0,-142.6751592356688,3.404082922044836,8.554424396237138,-5.150341474192302,2645.114676833131,2548.2125,2451.3103231668692,0.07605502039812681,0.3453982099308428,31.177824218991926,1.2380750211056062,6.25,278.83007943194445,1.5949335095800166,89.0,100,0,0,0,8.68418403062322,100.0,71.42857142857143,-28.571428571428573,2487.6609033233767,2487.6609033233767,-0.002475737769855435,-0.002478807476179904,0.2636878788186206,0.21941414057255434,-0.02789036865469985,-0.024217766153249998,0.0062937062937062915,3.85,0.0,-0.27297187187253236,0.45616264294790343,0.3971238938053097,4.142293233082663,0.1835054021608525,2428.5,2625.25,0.03563982924650055,0.042489824282736025
2535.0,2535.0,2535.0,2535.0,0,2024-12-11 00:00:00-05:00,2548.2,2563.425,2551.4125,2555.305,2433.86,2428.805,2554.779800303513,2553.4926339901667,2532.3403177219316,2428.659814924765,47.538146166946596,49.45041176076456,5.815972222222228,11.818310360108251,-84.34579439252336,-81.31660301873104,1.2871663133464608,7.100972779659003,-5.813806466312542,2641.920134346506,2551.4125,2460.9048656534937,0.07094708076134781,0.40933085303519773,30.147265346206787,1.1892412365367568,16.75,278.83007943194445,1.311838094906875,89.0,100,0,0,0,8.766709448915536,92.85714285714286,64.28571428571429,-28.571428571428573,2495.916249123974,2495.916249123974,0.006651444455475053,0.006629421202493055,0.25989522603700543,0.18513569489513318,-0.03437767831635086,-0.00792486058115649,0.02590044516390133,2.95,0.0,-0.04639844529910586,0.5412960609911055,0.47123893805309736,2.7343984962405306,0.15600240096038803,2428.5,2625.25,0.042011834319526625,0.03560157790927022
2535.5,2535.5,2535.5,2535.5,0,2024-12-12 00:00:00-05:00,2532.45,2561.325,2555.575,2554.405,2437.1,2430.8225,2551.813677179896,2552.1598462871916,2532.4642268308753,2429.7229013434244,47.60994353343761,49.492473271886425,24.515159214092147,10.110377145438155,-83.8785046728972,-71.4448967930865,-0.34616910729573647,5.611544402268055,-5.957713509563791,2634.355248159044,2555.575,2476.7947518409555,0.06165363815113568,0.3725886217096466,28.029603535763446,1.1054862368670262,0.5,278.83007943194445,1.0767683257308818,89.0,100,0,0,0,8.832983637081952,85.71428571428572,57.142857142857146,-28.571428571428573,2503.6762741765356,2503.6762741765356,0.00019723865877718794,0.00019721920979028253,0.2577832793297269,0.19171029547055735,-0.030123362341015536,-0.008214355564247988,0.03394841472117438,2.25,0.0,0.05983384931845814,0.5438373570520966,0.47345132743362833,0.9413533834586113,0.1711044417767182,2428.5,2625.25,0.042200749359100766,0.03539735752317097
2521.25,2521.25,2521.25,2521.25,0,2024-12-13 00:00:00-05:00,2526.9,2557.25,2560.2125,2553.805,2440.1225,2432.59125,2547.1115729983735,2549.870228043696,2532.0244532296647,2430.6336187429924,45.69073328926394,48.29004543440228,30.31226066336751,20.214464033227326,-97.19626168224299,-98.26542960871309,-2.7586550453224845,3.9375045127499466,-6.696159558072431,2616.1261108205904,2560.2125,2504.29888917941,0.043678882765075394,0.15158304545007065,27.04534614035177,1.0726959302073087,14.25,278.83007943194445,0.8827153905469345,89.0,100,0,0,0,9.14568480223986,78.57142857142857,50.0,-28.571428571428573,2510.9706977259434,2510.9706977259434,-0.0056201932557681245,-0.005636045966652257,0.2557787403382392,0.09746889321661653,-0.0108866222047862,-0.015905542544886853,0.038192299773522675,2.25,0.0,0.05983384931845814,0.028037383177570093,0.4103982300884956,-1.555451127819582,0.08536614645856813,2518.25,2625.25,0.0011898859692612792,0.041249380267724345
2488.75,2488.75,2488.75,2488.75,0,2024-12-16 00:00:00-05:00,2519.75,2550.225,2556.3125,2551.905,2443.13,2434.0925,2538.132869460162,2545.342803744163,2530.327415848109,2431.2118911933107,41.57445583620867,45.63497828812014,24.496288441145285,26.441236106201675,-100.0,-154.0469973890341,-7.209934284001065,1.7080167533997441,-8.917951037400808,2620.174240306685,2556.3125,2492.450759693315,0.04996395417749988,-0.02897477954360981,27.434964273183787,1.1023591872700669,32.5,278.83007943194445,0.7230832451947435,89.0,100,0,0,0,9.977166617720064,100.0,42.85714285714286,-57.142857142857146,2625.25,-2625.25,-0.012890431333663854,-0.012974233890015478,0.15845593399820904,0.11452357027618311,-0.014161220043573008,-0.02745212973817901,-0.03038862374598228,2.25,0.0,0.05983384931845814,0.0,0.2665929203539823,-2.473120300751883,0.005630252100845294,2488.75,2625.25,0.0,0.05484681064791562
2464.0,2464.0,2464.0,2464.0,4,2024-12-17 00:00:00-05:00,2508.9,2537.575,2552.7375,2549.375,2445.65,2435.53875,2526.7278126201372,2539.317410874225,2527.7263407168107,2431.5381410321834,38.71408686676532,43.713164591257495,5.797101449275367,20.201883517929414,-100.0,-164.6273235877998,-12.589598254087832,-1.1515062480977711,-11.438092005990061,2627.8699621917594,2552.7375,2477.605037808241,0.05886422884590308,-0.09054034309109306,27.243181110813516,1.1056485840427563,24.75,278.83007943194445,0.5920443452602058,85.0,100,0,0,0,11.12724140736062,100.0,35.714285714285715,-64.28571428571429,2622.52,-2622.52,-0.009944751381215422,-0.009994530724995601,0.15664962431646712,0.124884727513106,-0.021542738012508722,-0.04883227176220806,-0.02819956616052066,2.45,1.6326530612244896,0.020054843793596455,0.0,0.1570796460176991,-4.120488721804518,-0.10668667466986882,2464.0,2625.25,0.0,0.06544237012987013
2467.0,2467.0,2467.0,2467.0,60,2024-12-18 00:00:00-05:00,2495.3,2521.75,2547.325,2548.79,2448.685,2437.0425,2517.5389183708853,2533.9605656242825,2525.3449155906615,2431.890995350271,39.25959832709798,44.013242553532834,1.398601398601402,10.563997096340712,-98.13953488372093,-130.23931387467164,-16.42164725339717,-4.205534449157651,-12.216112804239518,2630.370334005009,2547.325,2464.2796659949904,0.06520199346766464,0.01637860836856587,25.51152531718398,1.0341112816045392,3.0,278.83007943194445,0.48461530935429664,145.0,100,0,0,0,12.117315159790184,92.85714285714286,28.571428571428573,-64.28571428571429,2616.1792,-2616.1792,0.0012175324675325339,0.0012167918759463684,0.14363104982320213,0.09783459924512142,-0.026824457593688344,-0.06027997333587276,-0.042034753907387645,4.8,12.5,-0.11069916358730636,0.018604651162790697,0.17035398230088494,-4.989849624060251,-0.4306122448979737,2464.0,2625.25,0.0012160518848804217,0.06414673692744224
2448.25,2448.25,2448.25,2448.25,12,2024-12-19 00:00:00-05:00,2477.85,2505.15,2541.075,2548.495,2451.9175,2438.335,2506.8790847753644,2527.6116348372984,2522.3215855674985,2432.0537715159403,37.040460407262735,42.5254396613187,1.398601398601402,2.864768082159418,-100.0,-134.72101763515477,-20.732550061934035,-7.510937571712928,-13.221612490221107,2633.6440418012608,2541.075,2448.505958198739,0.07285817364797256,-0.001382525916647192,25.028559223099414,1.02230406302867,18.75,278.83007943194445,0.3966111301787123,133.0,100,0,0,0,13.331291766549834,100.0,21.42857142857143,-78.57142857142857,2610.092032,-2610.092032,-0.007600324280502613,-0.007629353928452815,0.14483085282133024,0.08443223784755292,-0.03441135870636958,-0.06349813522042647,-0.048576702613426614,5.3,2.2641509433962264,-0.2003498076957898,0.0,0.08738938053097345,-5.995864661654234,-0.8772749099639949,2448.25,2625.25,0.0,0.0722965383437149
2481.0,2481.0,2481.0,2481.0,10,2024-12-20 00:00:00-05:00,2469.8,2498.35,2536.6,2547.7,2454.8375,2439.7325,2502.897687117616,2524.1589211456467,2520.701131231518,2432.5407986650353,43.09125193247992,45.88060770022974,28.353333908889464,10.383512235364117,-81.49717514124293,-71.22389509470644,-21.261234028030685,-10.26099686297648,-11.000237165054205,2631.666082279656,2536.6,2441.5339177203437,0.07495551705405366,0.2075718349450797,25.58009070716374,1.0310395287047054,32.75,278.83007943194445,0.32455386322703816,143.0,100,0,0,0,13.594075119652544,92.85714285714286,14.285714285714286,-78.57142857142857,2600.38151008,-2600.38151008,0.01337690186868179,0.013288221090897221,0.15534940380113835,0.16894649654143537,-0.015964303420922143,-0.026677128285602203,-0.034818128768722034,5.75,1.7391304347826086,-0.06551210155147658,0.1850282485875706,0.2323008849557522,-6.389473684210558,-1.1040336134454165,2448.25,2625.25,0.013200322450624748,0.05814187827488916
2477.25,2477.25,2477.25,2477.25,10,2024-12-23 00:00:00-05:00,2467.5,2493.625,2532.6625,2545.85,2457.8475,2441.15125,2498.9518890995214,2520.684186245969,2518.99716530087,2432.98566634001,42.586558287256956,45.56083633698577,56.47127195049162,28.741069085994187,-83.61581920903954,-67.4516293279025,-21.732297146447763,-12.555256919670736,-9.177040226777027,2630.6663615310686,2532.6625,2434.6586384689313,0.07739196322531616,0.21729430282482626,24.020798513794904,0.9696558084083118,3.75,278.83007943194445,0.2655709937262145,133.0,100,0,0,0,13.905824803832589,85.71428571428572,7.142857142857143,-78.57142857142857,2591.2536194752,-2591.2536194752,-0.0015114873035066978,-0.0015126307527923261,0.15465872133918285,0.1453600032234523,-0.0046207935710698145,-0.018716577540106916,-0.03080985915492962,6.25,1.6,-0.08062697458654355,0.1638418079096045,0.2157079646017699,-6.931015037594041,-1.2157983193277284,2448.25,2625.25,0.01170652941770108,0.059743667373095166
2520.25,2532.0,2520.25,2532.0,3,2024-12-24 00:00:00-05:00,2481.1,2495.0,2530.225,2545.815,2461.6175,2442.75875,2504.036213853441,2521.5223946721935,2519.5070803871104,2433.9708835903584,51.51513882073206,50.81589244338598,89.80460528382496,58.20973704773538,-49.54819277108434,33.63394784919529,-17.486180818752473,-13.541441699487084,-3.944739119265389,2625.716347775617,2530.225,2434.7336522243827,0.07548051874882053,0.5092940357495578,26.215741477095268,1.0353768355882806,54.75,281.83007943194445,1.1718442749552764,136.0,0,0,0,0,12.913033944662695,78.57142857142857,0.0,-78.57142857142857,2582.6734023066883,-2582.6734023066883,0.022101120193763313,0.021860430325058144,0.17190726089809202,0.19061978412453068,0.02759740259740262,0.005460140970912297,-0.018889857599534987,6.4,0.46875,-0.014323614005253615,0.4731638418079096,0.4579646017699115,-6.181203007518832,-1.2780192076830899,2448.25,2625.25,0.03307661927330174,0.03682859399684044
2507.0,2507.0,2507.0,2507.0,3,2024-12-26 00:00:00-05:00,2489.1,2492.2,2527.8125,2545.645,2465.34,2444.21125,2504.4921809529114,2520.4466617335124,2519.0166066464394,2434.697541465081,47.8554762097727,48.568070299248156,86.2329573506513,77.50294486165599,-41.687344913151364,9.184198079256891,-15.954480780600989,-14.024049515709866,-1.9304312648911228,2623.0907602433444,2527.8125,2432.5342397566556,0.07538396162163487,0.3907804364456065,26.128902800159892,1.0422378460374908,25.0,281.83007943194445,1.436061137734896,133.0,100,0,0,0,12.262912571370562,71.42857142857143,0.0,-71.42857142857143,2574.607998168287,-2574.607998168287,-0.009873617693522907,-0.009922685105773415,0.17190225098196518,0.22032675243441646,0.016214025131738863,-0.01104536489151875,-0.018882692495841846,5.85,0.5128205128205129,0.09438741318154109,0.3319209039548023,0.3473451327433628,-6.1178571428572095,-1.4435894357742785,2448.25,2625.25,0.023434383725568407,0.047167929796569606
2530.0,2530.0,2530.0,2530.0,0,2024-12-27 00:00:00-05:00,2505.45,2491.65,2526.4875,2545.74,2468.83,2445.80625,2508.4164608063097,2521.154316419919,2519.4473279544222,2435.645824634583,51.284318186857625,50.675728553481136,88.83209523160451,88.28988595536028,-6.303724928366762,71.08964036500367,-12.7378556136091,-13.766810735289713,1.0289551216806139,2620.8659237789266,2526.4875,2432.109076221074,0.07471117413319986,0.5186085964321017,25.905409743005613,1.023929238853977,23.0,281.83007943194445,1.4135988418051966,133.0,100,0,0,0,11.60871072484108,64.28571428571429,0.0,-64.28571428571429,2567.0265182781895,-2567.0265182781895,0.00917431192660545,0.009132483563272474,0.17555675295272838,0.199223529275423,0.03339119779434285,-0.002169197396963085,-0.010365734402503435,5.85,0.0,0.09438741318154109,0.461864406779661,0.4491150442477876,-5.63364661654135,-1.5303481392556983,2448.25,2625.25,0.03231225296442688,0.037648221343873516
2528.25,2545.25,2528.25,2545.25,4,2024-12-30 00:00:00-05:00,2518.3,2494.05,2525.65,2546.57,2472.51,2447.5675,2514.0831591438005,2522.939181870295,2520.4591974464056,2436.736413444189,53.46909441046618,52.04390617447613,88.83209523160451,87.96571593795346,-0.0,89.43863579785986,-8.856022726494757,-12.784653133530721,3.928630407035964,2619.045181888576,2525.65,2432.2548181114244,0.07395734316993703,0.6049304664526672,25.26930904707664,0.9928026342039736,17.0,285.83007943194445,2.5486280078516756,137.0,0,0,0,0,11.31550287384405,57.142857142857146,100.0,42.85714285714286,2559.8999271814982,-2559.8999271814982,0.006027667984189744,0.006009574265739214,0.17685669115395608,0.19022680515409598,0.02589681580008052,0.009519087754090272,-0.006537861046057802,5.45,0.7339449541284403,0.09268153905923471,0.5480225988700564,0.5165929203539823,-4.8048872180450966,-1.6343337334933892,2448.25,2625.25,0.03811020528435321,0.0314310971417346
